eclipse_degree,degree_label,sign,degree_in_sign,eclipse_kind,eclipse_type,centrality,phase_jd_ut,phase_utc,greatest_eclipse_jd_ut,greatest_eclipse_utc,magnitude,secondary_magnitude
0.1408663554,00°08'27" Aries,Aries,0.1408663554,solar,annular,central,2470981.799690432,2053-03-20T07:11:33Z,2470981.796577935,2053-03-20T07:07:04Z,0.996281,
0.4868723841,00°29'13" Aries,Aries,0.4868723841,lunar,penumbral,,2388989.086686043,1828-09-23T14:04:49Z,2388989.096824704,1828-09-23T14:19:25Z,0.000000,0.142276
0.9005682568,00°54'02" Aries,Aries,0.9005682568,lunar,partial,,2395929.101059387,1847-09-24T14:25:31Z,2395929.106647146,1847-09-24T14:33:34Z,0.418140,1.370592
1.2309072706,01°13'51" Aries,Aries,1.2309072706,lunar,penumbral,,2416748.242837265,1904-09-24T17:49:41Z,2416748.232435640,1904-09-24T17:34:42Z,0.000000,0.544189
1.2760802813,01°16'34" Aries,Aries,1.2760802813,lunar,total,,2402869.087221823,1866-09-24T14:05:35Z,2402869.088268504,1866-09-24T14:07:06Z,1.606930,2.589852
1.4143681900,01°24'52" Aries,Aries,1.4143681900,lunar,partial,,2409808.829683173,1885-09-24T07:54:44Z,2409808.825216826,1885-09-24T07:48:18Z,0.787079,1.828882
2.5152129317,02°30'55" Aries,Aries,2.5152129317,lunar,total,,2433550.681551875,1950-09-26T04:21:26Z,2433550.678246098,1950-09-26T04:16:40Z,1.078424,2.133441
2.5803691803,02°34'49" Aries,Aries,2.5803691803,lunar,penumbral,,2440490.347807624,1969-09-25T20:20:50Z,2440490.339970741,1969-09-25T20:09:33Z,0.000000,0.900508
2.7497247458,02°44'59" Aries,Aries,2.7497247458,lunar,total,,2426611.322806192,1931-09-26T19:44:50Z,2426611.325060883,1931-09-26T19:48:05Z,1.320180,2.405869
2.9655184865,02°57'56" Aries,Aries,2.9655184865,lunar,penumbral,,2412732.349410865,1893-09-25T20:23:09Z,2412732.360584445,1893-09-25T20:39:14Z,0.000000,0.018857
2.9984080275,02°59'54" Aries,Aries,2.9984080275,lunar,partial,,2419671.981875796,1912-09-26T11:33:54Z,2419671.989343551,1912-09-26T11:44:39Z,0.118073,1.177903
3.4789359498,03°28'44" Aries,Aries,3.4789359498,solar,partial,noncentral,2389536.118734500,1830-03-24T14:50:58Z,2389536.110080923,1830-03-24T14:38:30Z,0.514376,
4.1148897574,04°06'54" Aries,Aries,4.1148897574,lunar,penumbral,,2443413.845422879,1977-09-27T08:17:24Z,2443413.853643643,1977-09-27T08:29:14Z,0.000000,0.900983
4.2792935406,04°16'45" Aries,Aries,4.2792935406,lunar,total,,2450353.618599708,1996-09-27T02:50:47Z,2450353.621083623,1996-09-27T02:54:21Z,1.239821,2.218643
4.6731716249,04°40'23" Aries,Aries,4.6731716249,lunar,total,,2457293.618428339,2015-09-28T02:50:32Z,2457293.616098194,2015-09-28T02:47:10Z,1.277329,2.229818
4.8080481526,04°48'29" Aries,Aries,4.8080481526,solar,total,central,2392459.405944292,1838-03-25T21:44:33Z,2392459.411230428,1838-03-25T21:52:10Z,1.024687,
5.0721147477,05°04'20" Aries,Aries,5.0721147477,lunar,partial,,2464233.622797797,2034-09-28T02:56:49Z,2464233.615633475,2034-09-28T02:46:30Z,0.015478,0.991499
5.2323904082,05°13'57" Aries,Aries,5.2323904082,solar,total,central,2399399.436492119,1857-03-25T22:28:32Z,2399399.437129181,1857-03-25T22:29:27Z,1.027167,
5.5171521594,05°31'02" Aries,Aries,5.5171521594,solar,partial,noncentral,2413278.933983377,1895-03-26T10:24:56Z,2413278.923295609,1895-03-26T10:09:32Z,0.353204,
5.5343228031,05°32'04" Aries,Aries,5.5343228031,solar,hybrid,central,2406339.341480632,1876-03-25T20:11:43Z,2406339.336876481,1876-03-25T20:05:06Z,0.999703,
6.4251421067,06°25'31" Aries,Aries,6.4251421067,lunar,penumbral,,2467156.940497668,2042-09-29T10:34:18Z,2467156.947646506,2042-09-29T10:44:36Z,0.000000,0.951838
6.6469086881,06°38'49" Aries,Aries,6.6469086881,solar,partial,noncentral,2437020.817573219,1960-03-27T07:37:18Z,2437020.808789458,1960-03-27T07:24:39Z,0.705264,
6.7685191855,06°46'07" Aries,Aries,6.7685191855,solar,annular,central,2430081.342859329,1941-03-27T20:13:43Z,2430081.338704964,1941-03-27T20:07:44Z,0.967959,
6.7774481931,06°46'39" Aries,Aries,6.7774481931,lunar,total,,2474096.897798565,2061-09-29T09:32:49Z,2474096.900645727,2061-09-29T09:36:55Z,1.161848,2.155055
6.9775582742,06°58'39" Aries,Aries,6.9775582742,solar,partial,noncentral,2409262.741320652,1884-03-27T05:47:30Z,2409262.751471633,1884-03-27T06:02:07Z,0.143564,
7.0699449783,07°04'12" Aries,Aries,7.0699449783,solar,annular,central,2423142.043769558,1922-03-28T13:03:01Z,2423142.045185905,1922-03-28T13:05:04Z,0.969420,
7.1908273311,07°11'27" Aries,Aries,7.1908273311,solar,annular,central,2416202.559703058,1903-03-29T01:25:58Z,2416202.566166238,1903-03-29T01:35:16Z,0.987739,
8.2973750998,08°17'51" Aries,Aries,8.2973750998,solar,hybrid,central,2446884.031614807,1987-03-29T12:45:31Z,2446884.033918380,1987-03-29T12:48:50Z,1.001036,
8.3171563563,08°19'02" Aries,Aries,8.3171563563,solar,partial,noncentral,2439944.449995797,1968-03-28T22:47:59Z,2439944.458285745,1968-03-28T22:59:55Z,0.899520,
8.5838962709,08°35'02" Aries,Aries,8.5838962709,solar,total,central,2453823.927285316,2006-03-29T10:15:17Z,2453823.924540112,2006-03-29T10:11:20Z,1.025977,
9.0015326536,09°00'06" Aries,Aries,9.0015326536,solar,partial,noncentral,2460763.956843130,2025-03-29T10:57:51Z,2460763.949613581,2025-03-29T10:47:26Z,0.937807,
9.9388807465,09°56'20" Aries,Aries,9.9388807465,lunar,partial,,2392651.115691972,1838-10-03T14:46:35Z,2392651.112033193,1838-10-03T14:41:19Z,0.929564,1.884889
10.3422817540,10°20'32" Aries,Aries,10.3422817540,solar,total,central,2463687.244208258,2033-03-30T17:51:39Z,2463687.251002357,2033-03-30T18:01:26Z,1.021892,
10.3452522591,10°20'43" Aries,Aries,10.3452522591,lunar,penumbral,,2399591.131124505,1857-10-03T15:08:49Z,2399591.122807688,1857-10-03T14:56:50Z,0.000000,0.658658
10.7574189708,10°45'27" Aries,Aries,10.7574189708,solar,total,central,2470627.268934865,2052-03-30T18:27:15Z,2470627.271265712,2052-03-30T18:30:37Z,1.023687,
11.2905822533,11°17'26" Aries,Aries,11.2905822533,lunar,penumbral,,2395574.421178698,1846-10-04T22:06:29Z,2395574.431517915,1846-10-04T22:21:23Z,0.000000,0.077560
11.6977583067,11°41'52" Aries,Aries,11.6977583067,lunar,partial,,2402514.438483521,1865-10-04T22:31:24Z,2402514.444362263,1865-10-04T22:39:52Z,0.340601,1.296305
11.9904975107,11°59'26" Aries,Aries,11.9904975107,lunar,penumbral,,2423333.540263961,1922-10-06T00:57:58Z,2423333.530209912,1922-10-06T00:43:30Z,0.000000,0.635974
12.0701053620,12°04'12" Aries,Aries,12.0701053620,lunar,total,,2409454.416674977,1884-10-04T22:00:00Z,2409454.418043388,1884-10-04T22:01:58Z,1.525677,2.514358
12.1910545120,12°11'28" Aries,Aries,12.1910545120,lunar,partial,,2416394.141306848,1903-10-06T15:23:28Z,2416394.137162551,1903-10-06T15:17:30Z,0.865614,1.913706
13.2812673694,13°16'53" Aries,Aries,13.2812673694,lunar,total,,2440135.990340936,1968-10-06T11:46:05Z,2440135.987440276,1968-10-06T11:41:54Z,1.169227,2.224649
13.3645415875,13°21'52" Aries,Aries,13.3645415875,lunar,penumbral,,2447075.675174810,1987-10-07T04:12:15Z,2447075.667690078,1987-10-07T04:01:28Z,0.000000,0.986161
13.5069367605,13°30'25" Aries,Aries,13.5069367605,lunar,total,,2433196.619834667,1949-10-07T02:52:33Z,2433196.622524364,1949-10-07T02:56:26Z,1.223054,2.311897
13.7783963394,13°46'42" Aries,Aries,13.7783963394,lunar,partial,,2426257.288533438,1930-10-07T18:55:29Z,2426257.296415428,1930-10-07T19:06:50Z,0.025083,1.090814
13.8990609431,13°53'57" Aries,Aries,13.8990609431,solar,total,central,2389181.433641122,1829-04-03T22:24:26Z,2389181.429488905,1829-04-03T22:18:27Z,1.023879,
14.3128572358,14°18'46" Aries,Aries,14.3128572358,solar,partial,noncentral,2396121.459072200,1848-04-03T23:01:03Z,2396121.450647566,1848-04-03T22:48:55Z,0.583183,
14.8935595272,14°53'37" Aries,Aries,14.8935595272,lunar,penumbral,,2449999.161018075,1995-10-08T15:51:51Z,2449999.169509641,1995-10-08T16:04:05Z,0.000000,0.825471
15.0843491171,15°05'04" Aries,Aries,15.0843491171,lunar,total,,2456938.951811950,2014-10-08T10:50:36Z,2456938.954579196,2014-10-08T10:54:35Z,1.166125,2.145324
15.3025689197,15°18'09" Aries,Aries,15.3025689197,solar,partial,noncentral,2392104.805613265,1837-04-05T07:20:04Z,2392104.816342800,1837-04-05T07:35:32Z,0.065302,
15.4824875768,15°28'57" Aries,Aries,15.4824875768,lunar,total,,2463878.957059085,2033-10-08T10:58:09Z,2463878.955016423,2033-10-08T10:55:13Z,1.350940,2.306218
15.6397055902,15°38'23" Aries,Aries,15.6397055902,solar,total,central,2399044.745050563,1856-04-05T05:52:52Z,2399044.750587306,1856-04-05T06:00:50Z,1.026391,
15.8734374865,15°52'24" Aries,Aries,15.8734374865,lunar,partial,,2470818.954687528,2052-10-08T10:54:45Z,2470818.947757813,2052-10-08T10:44:46Z,0.083018,1.064546
16.0592654767,16°03'33" Aries,Aries,16.0592654767,solar,total,central,2405984.775076324,1875-04-06T06:36:06Z,2405984.776001042,1875-04-06T06:37:26Z,1.027786,
16.3200150162,16°19'12" Aries,Aries,16.3200150162,solar,partial,noncentral,2419864.241494952,1913-04-06T17:47:45Z,2419864.231092551,1913-04-06T17:32:46Z,0.424484,
16.3390582344,16°20'21" Aries,Aries,16.3390582344,solar,hybrid,central,2412924.666641957,1894-04-06T03:59:57Z,2412924.662322723,1894-04-06T03:53:44Z,0.999809,
17.2394748466,17°14'22" Aries,Aries,17.2394748466,lunar,penumbral,,2473742.278873706,2060-10-09T18:41:34Z,2473742.286310731,2060-10-09T18:52:17Z,0.000000,0.878636
17.4440748433,17°26'39" Aries,Aries,17.4440748433,solar,partial,noncentral,2443606.135521670,1978-04-07T15:15:09Z,2443606.127113144,1978-04-07T15:03:02Z,0.788015,
17.5598992610,17°33'36" Aries,Aries,17.5598992610,solar,annular,central,2436666.645155905,1959-04-08T03:29:01Z,2436666.641405552,1959-04-08T03:23:37Z,0.970337,
17.7949445792,17°47'42" Aries,Aries,17.7949445792,solar,partial,noncentral,2415848.076327511,1902-04-08T13:49:54Z,2415848.086767743,1902-04-08T14:04:56Z,0.064148,
17.8584906324,17°51'31" Aries,Aries,17.8584906324,solar,annular,central,2429727.346069143,1940-04-07T20:18:20Z,2429727.347883445,1940-04-07T20:20:57Z,0.970024,
17.9888081870,17°59'20" Aries,Aries,17.9888081870,solar,annular,central,2422787.878297728,1921-04-08T09:04:44Z,2422787.885123353,1921-04-08T09:14:34Z,0.986840,
19.0984988744,19°05'55" Aries,Aries,19.0984988744,solar,hybrid,central,2453469.355562882,2005-04-08T20:32:00Z,2453469.358170477,2005-04-08T20:35:45Z,1.004072,
19.1008371286,19°06'03" Aries,Aries,19.1008371286,solar,partial,noncentral,2446529.755658103,1986-04-09T06:08:08Z,2446529.764255711,1986-04-09T06:20:31Z,0.824297,
19.4004862804,19°24'02" Aries,Aries,19.4004862804,solar,total,central,2460409.264525366,2024-04-08T18:20:54Z,2460409.262079681,2024-04-08T18:17:23Z,1.028463,
19.8296226535,19°49'47" Aries,Aries,19.8296226535,solar,total,noncentral,2467349.296283223,2043-04-09T19:06:38Z,2467349.289297227,2043-04-09T18:56:35Z,1.009554,
20.4118725852,20°24'43" Aries,Aries,20.4118725852,lunar,total,,2392296.468749404,1837-10-13T23:14:59Z,2392296.470119726,1837-10-13T23:16:58Z,1.519392,2.507227
20.7938674935,20°47'38" Aries,Aries,20.7938674935,lunar,partial,,2399236.457822452,1856-10-13T22:59:15Z,2399236.454426168,1856-10-13T22:54:22Z,0.997143,1.954915
21.1557458344,21°09'21" Aries,Aries,21.1557458344,solar,partial,noncentral,2470272.582814881,2051-04-11T01:59:15Z,2470272.589859505,2051-04-11T02:09:23Z,0.985498,
21.1988595514,21°11'56" Aries,Aries,21.1988595514,lunar,penumbral,,2406176.468543626,1875-10-14T23:14:42Z,2406176.460422201,1875-10-14T23:03:00Z,0.000000,0.723309
22.1522793131,22°09'08" Aries,Aries,22.1522793131,lunar,penumbral,,2402159.760689469,1864-10-15T06:15:23Z,2402159.771197186,1864-10-15T06:30:31Z,0.000000,0.022257
22.5694733069,22°34'10" Aries,Aries,22.5694733069,lunar,partial,,2409099.781602668,1883-10-16T06:45:30Z,2409099.787727559,1883-10-16T06:54:19Z,0.275284,1.234317
22.8173556574,22°49'02" Aries,Aries,22.8173556574,lunar,penumbral,,2429918.843698489,1940-10-16T08:14:55Z,2429918.833949386,1940-10-16T08:00:53Z,0.000000,0.715883
22.9322615645,22°55'56" Aries,Aries,22.9322615645,lunar,total,,2416039.750710377,1902-10-17T06:01:01Z,2416039.752355305,1902-10-17T06:03:23Z,1.456199,2.450643
23.0371237129,23°02'14" Aries,Aries,23.0371237129,lunar,partial,,2422979.457780485,1921-10-16T22:59:12Z,2422979.453910561,1921-10-16T22:53:37Z,0.931827,1.986238
24.1245000885,24°07'28" Aries,Aries,24.1245000885,lunar,total,,2446721.306695216,1986-10-17T19:21:38Z,2446721.304134126,1986-10-17T19:17:57Z,1.245322,2.301016
24.2240793514,24°13'27" Aries,Aries,24.2240793514,lunar,partial,,2453661.009468144,2005-10-17T12:13:38Z,2453661.002282355,2005-10-17T12:03:17Z,0.062935,1.058495
24.3434005332,24°20'36" Aries,Aries,24.3434005332,lunar,total,,2439781.924139868,1967-10-18T10:10:45Z,2439781.927191779,1967-10-18T10:15:09Z,1.141888,2.233698
24.3889571323,24°23'20" Aries,Aries,24.3889571323,solar,hybrid,central,2388826.887362533,1828-04-14T09:17:48Z,2388826.888499250,1828-04-14T09:19:26Z,1.001759,
24.6168150865,24°37'01" Aries,Aries,24.6168150865,lunar,penumbral,,2432842.599561391,1948-10-18T02:23:22Z,2432842.607813133,1948-10-18T02:35:15Z,0.000000,1.014254
24.6550331420,24°39'18" Aries,Aries,24.6550331420,solar,total,central,2395766.765007284,1847-04-15T06:21:36Z,2395766.761196004,1847-04-15T06:16:07Z,1.026759,
25.0783663118,25°04'42" Aries,Aries,25.0783663118,solar,partial,noncentral,2402706.793944804,1866-04-15T07:03:16Z,2402706.785787935,1866-04-15T06:51:32Z,0.663783,
25.7528566306,25°45'10" Aries,Aries,25.7528566306,lunar,penumbral,,2456584.484494739,2013-10-18T23:37:40Z,2456584.493194753,2013-10-18T23:50:12Z,0.000000,0.765021
25.9496151436,25°56'59" Aries,Aries,25.9496151436,lunar,total,,2463524.290396398,2032-10-18T18:58:10Z,2463524.293405797,2032-10-18T19:02:30Z,1.102602,2.082326
26.3578581193,26°21'28" Aries,Aries,26.3578581193,lunar,total,,2470464.300827964,2051-10-19T19:13:11Z,2470464.299029393,2051-10-19T19:10:36Z,1.413111,2.371365
26.3883687720,26°23'18" Aries,Aries,26.3883687720,solar,total,central,2405630.078144654,1874-04-16T13:52:31Z,2405630.083983942,1874-04-16T14:00:56Z,1.027809,
26.8101850176,26°48'37" Aries,Aries,26.8101850176,solar,total,central,2412570.107262515,1893-04-16T14:34:27Z,2412570.108527236,1893-04-16T14:36:16Z,1.028259,
27.0420397898,27°02'31" Aries,Aries,27.0420397898,solar,partial,noncentral,2426449.541354968,1931-04-18T00:59:33Z,2426449.531306881,1931-04-18T00:45:04Z,0.510711,
27.0885711452,27°05'19" Aries,Aries,27.0885711452,solar,hybrid,central,2419509.986007352,1912-04-17T11:39:51Z,2419509.982018253,1912-04-17T11:34:06Z,0.999889,
28.1941559026,28°11'39" Aries,Aries,28.1941559026,solar,partial,noncentral,2450191.450532736,1996-04-17T22:48:46Z,2450191.442529276,1996-04-17T22:37:14Z,0.879620,
28.2754730910,28°16'32" Aries,Aries,28.2754730910,solar,annular,central,2443251.941276735,1977-04-18T10:35:26Z,2443251.937993778,1977-04-18T10:30:42Z,0.972782,
28.5731618440,28°34'23" Aries,Aries,28.5731618440,solar,annular,central,2436312.641281655,1958-04-19T03:23:26Z,2436312.643560200,1958-04-19T03:26:43Z,0.970598,
28.7249377835,28°43'30" Aries,Aries,28.7249377835,solar,annular,central,2429373.190956418,1939-04-19T16:34:58Z,2429373.198191529,1939-04-19T16:45:23Z,0.985641,
29.6145236333,29°36'52" Aries,Aries,29.6145236333,lunar,penumbral,,2389018.539596391,1828-10-23T00:57:01Z,2389018.530858380,1828-10-23T00:44:26Z,0.000000,0.679282
29.8173693634,29°49'03" Aries,Aries,29.8173693634,solar,partial,noncentral,2453115.056394052,2004-04-19T13:21:12Z,2453115.065340622,2004-04-19T13:34:05Z,0.737469,
29.8363949593,29°50'11" Aries,Aries,29.8363949593,solar,hybrid,central,2460054.675368002,2023-04-20T04:12:31Z,2460054.678318632,2023-04-20T04:16:46Z,1.006986,
30.1490357821,00°08'57" Taurus,Taurus,0.1490357821,solar,total,central,2466994.596798305,2042-04-20T02:19:23Z,2466994.594695837,2042-04-20T02:16:21Z,1.030862,
30.5688528821,00°34'08" Taurus,Taurus,0.5688528821,solar,total,central,2473934.628583000,2061-04-20T03:05:09Z,2473934.621896041,2061-04-20T02:55:31Z,1.021927,
31.1753799146,01°10'31" Taurus,Taurus,1.1753799146,lunar,partial,,2391942.044442640,1836-10-24T13:03:59Z,2391942.051737794,1836-10-24T13:14:30Z,0.096576,1.143616
31.3358124174,01°20'09" Taurus,Taurus,1.3358124174,lunar,total,,2398881.810534603,1855-10-25T07:27:10Z,2398881.812119912,1855-10-25T07:29:27Z,1.464303,2.452359
31.7279327197,01°43'41" Taurus,Taurus,1.7279327197,lunar,total,,2405821.806255136,1874-10-25T07:21:00Z,2405821.803068830,1874-10-25T07:16:25Z,1.050944,2.011288
32.1240574410,02°07'27" Taurus,Taurus,2.1240574410,lunar,penumbral,,2412761.811035991,1893-10-25T07:27:53Z,2412761.803067150,1893-10-25T07:16:25Z,0.000000,0.775718
33.5043803221,03°30'16" Taurus,Taurus,3.5043803221,lunar,partial,,2415685.129319571,1901-10-27T15:06:13Z,2415685.135653326,1901-10-27T15:15:20Z,0.220208,1.182698
33.7170449449,03°43'01" Taurus,Taurus,3.7170449449,lunar,penumbral,,2436504.153450193,1958-10-27T15:40:58Z,2436504.143956535,1958-10-27T15:27:17Z,0.000000,0.782603
33.8614214326,03°51'41" Taurus,Taurus,3.8614214326,lunar,total,,2422625.089282387,1920-10-27T14:08:33Z,2422625.091159608,1920-10-27T14:11:16Z,1.398100,2.398342
33.9435272566,03°56'37" Taurus,Taurus,3.9435272566,lunar,partial,,2429564.778865496,1939-10-28T06:41:33Z,2429564.775228949,1939-10-28T06:36:19Z,0.987696,2.048110
35.0384238293,05°02'18" Taurus,Taurus,5.0384238293,lunar,total,,2453306.630115270,2004-10-28T03:07:21Z,2453306.627834130,2004-10-28T03:04:04Z,1.308018,2.363944
35.0679778241,05°04'05" Taurus,Taurus,5.0679778241,solar,hybrid,central,2395412.200094849,1846-04-25T16:48:08Z,2395412.201633677,1846-04-25T16:50:21Z,1.004623,
35.0944410217,05°05'40" Taurus,Taurus,5.0944410217,solar,annular,central,2388472.625220184,1827-04-26T03:00:19Z,2388472.632686283,1827-04-26T03:11:04Z,0.972116,
35.1512780715,05°09'05" Taurus,Taurus,5.1512780715,lunar,partial,,2460246.350027269,2023-10-28T20:24:02Z,2460246.343091110,2023-10-28T20:14:03Z,0.122683,1.118281
35.2449187262,05°14'42" Taurus,Taurus,5.2449187262,lunar,total,,2446367.234380214,1985-10-28T17:37:30Z,2446367.237738284,1985-10-28T17:42:20Z,1.072975,2.167469
35.3582236132,05°21'30" Taurus,Taurus,5.3582236132,solar,total,central,2402352.092665009,1865-04-25T14:13:26Z,2402352.089226025,1865-04-25T14:08:29Z,1.029553,
35.5325196648,05°31'57" Taurus,Taurus,5.5325196648,lunar,penumbral,,2439427.916664314,1966-10-29T09:59:59Z,2439427.925223728,1966-10-29T10:12:19Z,0.000000,0.952034
35.7755371693,05°46'32" Taurus,Taurus,5.7755371693,solar,partial,noncentral,2409292.123358512,1884-04-25T14:57:38Z,2409292.115510766,1884-04-25T14:46:20Z,0.756703,
36.6767104773,06°40'36" Taurus,Taurus,6.6767104773,lunar,penumbral,,2463169.814387610,2031-10-30T07:32:43Z,2463169.823248334,2031-10-30T07:45:28Z,0.000000,0.716101
36.8974552831,06°53'51" Taurus,Taurus,6.8974552831,lunar,total,,2470109.636048048,2050-10-30T03:15:54Z,2470109.639241909,2050-10-30T03:20:30Z,1.053649,2.033898
37.0850998671,07°05'06" Taurus,Taurus,7.0850998671,solar,total,central,2412215.407310840,1892-04-26T21:46:31Z,2412215.413482361,1892-04-26T21:55:24Z,1.028751,
37.4990099339,07°29'56" Taurus,Taurus,7.4990099339,solar,total,central,2419155.433872484,1911-04-28T22:24:46Z,2419155.435520678,1911-04-28T22:27:08Z,1.028534,
37.7005882189,07°42'02" Taurus,Taurus,7.7005882189,solar,partial,noncentral,2433034.834859782,1949-04-28T08:02:11Z,2433034.825224577,1949-04-28T07:48:19Z,0.609100,
37.7522446633,07°45'08" Taurus,Taurus,7.7522446633,solar,hybrid,central,2426095.297446403,1930-04-28T19:08:19Z,2426095.293857090,1930-04-28T19:03:09Z,0.999854,
38.8629226781,08°51'47" Taurus,Taurus,8.8629226781,solar,annular,noncentral,2456776.759961765,2014-04-29T06:14:20Z,2456776.752420123,2014-04-29T06:03:29Z,0.986655,
38.9394240084,08°56'22" Taurus,Taurus,8.9394240084,solar,annular,central,2449837.233563498,1995-04-29T17:36:19Z,2449837.230787851,1995-04-29T17:32:20Z,0.975219,
39.2227688598,09°13'22" Taurus,Taurus,9.2227688598,solar,annular,central,2442897.930186179,1976-04-29T10:19:28Z,2442897.932985670,1976-04-29T10:23:29Z,0.971046,
39.3795331109,09°22'46" Taurus,Taurus,9.3795331109,solar,annular,noncentral,2435958.495651942,1957-04-29T23:53:44Z,2435958.503360753,1957-04-30T00:04:50Z,0.979663,
40.4731343512,10°28'23" Taurus,Taurus,10.4731343512,solar,partial,noncentral,2459700.352847262,2022-04-30T20:28:06Z,2459700.362175887,2022-04-30T20:41:31Z,0.640280,
40.5061362529,10°30'22" Taurus,Taurus,10.5061362529,solar,total,central,2466639.990516540,2041-04-30T11:46:20Z,2466639.993852674,2041-04-30T11:51:08Z,1.009838,
40.5289098518,10°31'44" Taurus,Taurus,10.5289098518,lunar,partial,,2388664.206700736,1827-11-03T16:57:38Z,2388664.202543427,1827-11-03T16:51:39Z,0.880584,1.946158
40.5997908183,10°35'59" Taurus,Taurus,10.5997908183,lunar,penumbral,,2395603.882925096,1846-11-03T09:11:24Z,2395603.874401220,1846-11-03T08:59:08Z,0.000000,0.728925
40.8333519522,10°50'00" Taurus,Taurus,10.8333519522,solar,total,central,2473579.924475781,2060-04-30T10:11:14Z,2473579.922756427,2060-04-30T10:08:46Z,1.033094,
42.1508003155,12°09'03" Taurus,Taurus,12.1508003155,lunar,partial,,2398527.376258370,1854-11-04T21:01:48Z,2398527.383704220,1854-11-04T21:12:32Z,0.053683,1.100494
42.3309371975,12°19'51" Taurus,Taurus,12.3309371975,lunar,total,,2405467.158689587,1873-11-04T15:48:30Z,2405467.160440026,1873-11-04T15:51:02Z,1.421616,2.409919
42.7222200166,12°43'20" Taurus,Taurus,12.7222200166,lunar,total,,2412407.159260236,1892-11-04T15:49:20Z,2412407.156243788,1892-11-04T15:44:59Z,1.094304,2.057136
43.1188383502,13°07'08" Taurus,Taurus,13.1188383502,lunar,penumbral,,2419347.158255936,1911-11-06T15:47:53Z,2419347.150396822,1911-11-06T15:36:34Z,0.000000,0.816070
44.0543484123,14°03'16" Taurus,Taurus,14.0543484123,solar,partial,noncentral,2392134.292636741,1837-05-04T19:01:23Z,2392134.283633396,1837-05-04T18:48:25Z,0.637768,
44.5143422316,14°30'52" Taurus,Taurus,14.5143422316,lunar,partial,,2422270.482491366,1919-11-07T23:34:47Z,2422270.488989883,1919-11-07T23:44:08Z,0.177321,1.143146
44.6766751269,14°40'36" Taurus,Taurus,14.6766751269,lunar,penumbral,,2443089.468439602,1976-11-06T23:14:33Z,2443089.459161137,1976-11-06T23:01:11Z,0.000000,0.838520
44.8571398759,14°51'26" Taurus,Taurus,14.8571398759,lunar,total,,2429210.432880600,1938-11-07T22:23:20Z,2429210.434943612,1938-11-07T22:26:19Z,1.351916,2.357709
44.9246757730,14°55'29" Taurus,Taurus,14.9246757730,lunar,total,,2436150.105518496,1957-11-07T14:31:56Z,2436150.102061443,1957-11-07T14:26:58Z,1.030382,2.096591
45.6969117632,15°41'49" Taurus,Taurus,15.6969117632,solar,hybrid,central,2401997.509578713,1864-05-06T00:13:47Z,2401997.511548208,1864-05-06T00:16:37Z,1.007340,
45.6970974303,15°41'50" Taurus,Taurus,15.6970974303,solar,annular,central,2395057.914941098,1845-05-06T09:57:30Z,2395057.922860267,1845-05-06T10:08:55Z,0.972420,
45.9920838772,15°59'32" Taurus,Taurus,15.9920838772,solar,total,central,2408937.415463161,1883-05-06T21:58:16Z,2408937.412440192,1883-05-06T21:53:54Z,1.032108,
46.0148034664,16°00'53" Taurus,Taurus,16.0148034664,lunar,total,,2459891.959810290,2022-11-08T11:02:07Z,2459891.957755950,2022-11-08T10:59:10Z,1.358876,2.414666
46.1497122168,16°08'59" Taurus,Taurus,16.1497122168,lunar,partial,,2466831.696853954,2041-11-08T04:43:28Z,2466831.690119309,2041-11-08T04:33:46Z,0.170265,1.165868
46.2126736903,16°12'46" Taurus,Taurus,16.2126736903,lunar,total,,2452952.550929600,2003-11-09T01:13:20Z,2452952.554533633,2003-11-09T01:18:31Z,1.017288,2.114099
46.4156609672,16°24'56" Taurus,Taurus,16.4156609672,solar,partial,noncentral,2415877.447942043,1902-05-07T22:45:02Z,2415877.440438726,1902-05-07T22:34:13Z,0.859830,
46.5036336243,16°30'13" Taurus,Taurus,16.5036336243,lunar,penumbral,,2446013.237892708,1984-11-08T17:42:33Z,2446013.246716912,1984-11-08T17:55:16Z,0.000000,0.899683
46.5245583512,16°31'28" Taurus,Taurus,16.5245583512,lunar,penumbral,,2473771.679067057,2060-11-08T04:17:51Z,2473771.668713080,2060-11-08T04:02:56Z,0.000000,0.027215
47.6753902222,17°40'31" Taurus,Taurus,17.6753902222,lunar,penumbral,,2469755.151326527,2049-11-09T15:37:54Z,2469755.160292502,2049-11-09T15:50:49Z,0.000000,0.680798
47.7102297835,17°42'37" Taurus,Taurus,17.7102297835,solar,total,central,2418800.730989228,1910-05-09T05:32:37Z,2418800.737534070,1910-05-09T05:42:02Z,1.028981,
48.1226822196,18°07'22" Taurus,Taurus,18.1226822196,solar,total,central,2425740.754996606,1929-05-09T06:07:11Z,2425740.757073986,1929-05-09T06:10:11Z,1.028558,
48.2921727718,18°17'32" Taurus,Taurus,18.2921727718,solar,partial,noncentral,2439620.121731759,1967-05-09T14:55:17Z,2439620.112570359,1967-05-09T14:42:06Z,0.720034,
48.3720702505,18°22'19" Taurus,Taurus,18.3720702505,solar,hybrid,central,2432680.604241835,1948-05-09T02:30:06Z,2432680.601091028,1948-05-09T02:25:34Z,0.999689,
49.4840263743,19°29'02" Taurus,Taurus,19.4840263743,solar,annular,central,2463362.066486519,2032-05-09T13:35:44Z,2463362.059436516,2032-05-09T13:25:35Z,0.997345,
49.5239820093,19°31'26" Taurus,Taurus,19.5239820093,solar,annular,central,2456422.519712328,2013-05-10T00:28:23Z,2456422.517508665,2013-05-10T00:25:12Z,0.977587,
49.8068165738,19°48'25" Taurus,Taurus,19.8068165738,solar,annular,central,2449483.212885144,1994-05-10T17:06:33Z,2449483.216262076,1994-05-10T17:11:25Z,0.971375,
49.9844050079,19°59'04" Taurus,Taurus,19.9844050079,solar,partial,noncentral,2442543.795033139,1975-05-11T07:04:50Z,2442543.803254603,1975-05-11T07:16:41Z,0.863531,
51.0609169780,21°03'39" Taurus,Taurus,21.0609169780,solar,partial,noncentral,2466285.644362748,2040-05-11T03:27:52Z,2466285.654110941,2040-05-11T03:41:55Z,0.531241,
51.1248030928,21°07'29" Taurus,Taurus,21.1248030928,solar,total,central,2473225.302476307,2059-05-11T19:15:33Z,2473225.306227156,2059-05-11T19:20:58Z,1.012454,
51.5550213795,21°33'18" Taurus,Taurus,21.5550213795,lunar,partial,,2395249.538341079,1845-11-14T00:55:12Z,2395249.534375527,1845-11-14T00:49:30Z,0.922290,1.987771
51.6412575160,21°38'29" Taurus,Taurus,21.6412575160,lunar,penumbral,,2402189.231375463,1864-11-13T17:33:10Z,2402189.223027835,1864-11-13T17:21:09Z,0.000000,0.768649
51.7935998991,21°47'37" Taurus,Taurus,21.7935998991,lunar,total,,2388310.162320474,1826-11-14T15:53:44Z,2388310.163867281,1826-11-14T15:55:58Z,1.470121,2.570755
53.1891441602,23°11'21" Taurus,Taurus,23.1891441602,lunar,partial,,2405112.714347576,1872-11-15T05:08:39Z,2405112.721894523,1872-11-15T05:19:31Z,0.022766,1.069085
53.3768042390,23°22'36" Taurus,Taurus,23.3768042390,lunar,total,,2412052.511183585,1891-11-16T00:16:06Z,2412052.513064659,1891-11-16T00:18:48Z,1.387651,2.375937
53.7847981055,23°47'05" Taurus,Taurus,23.7847981055,lunar,total,,2418992.517258833,1910-11-17T00:24:51Z,2418992.514367007,1910-11-17T00:20:41Z,1.125943,2.091140
54.1721280699,24°10'20" Taurus,Taurus,24.1721280699,lunar,penumbral,,2425932.509794754,1929-11-17T00:14:06Z,2425932.502010739,1929-11-17T00:02:53Z,0.000000,0.846560
54.6244790265,24°37'28" Taurus,Taurus,24.6244790265,solar,partial,noncentral,2398719.592554218,1855-05-16T02:13:16Z,2398719.584085974,1855-05-16T02:01:05Z,0.762177,
54.7080623483,24°42'29" Taurus,Taurus,24.7080623483,solar,annular,central,2391780.088242610,1836-05-15T14:07:04Z,2391780.084391164,1836-05-15T14:01:31Z,0.975003,
55.5781711663,25°34'41" Taurus,Taurus,25.5781711663,lunar,partial,,2428855.839958093,1937-11-18T08:09:32Z,2428855.846588181,1937-11-18T08:19:05Z,0.143629,1.112671
55.7045049147,25°42'16" Taurus,Taurus,25.7045049147,lunar,penumbral,,2449674.789581438,1994-11-18T06:56:59Z,2449674.780469172,1994-11-18T06:43:52Z,0.000000,0.881703
55.9160907865,25°54'58" Taurus,Taurus,25.9160907865,lunar,total,,2435795.780948950,1956-11-18T06:44:33Z,2435795.783154098,1956-11-18T06:47:44Z,1.316778,2.327925
55.9607770025,25°57'39" Taurus,Taurus,25.9607770025,lunar,total,,2442735.436255861,1975-11-18T22:28:12Z,2442735.432940428,1975-11-18T22:23:26Z,1.063959,2.135451
56.2414303051,26°14'29" Taurus,Taurus,26.2414303051,solar,partial,noncentral,2401643.200383503,1863-05-17T16:48:33Z,2401643.208788250,1863-05-17T17:00:39Z,0.861136,
56.2564024013,26°15'23" Taurus,Taurus,26.2564024013,solar,total,central,2408582.814577056,1882-05-17T07:32:59Z,2408582.817020313,1882-05-17T07:36:30Z,1.009812,
56.5735129973,26°34'25" Taurus,Taurus,26.5735129973,solar,total,central,2415522.734408786,1901-05-18T05:37:32Z,2415522.731834341,1901-05-18T05:33:50Z,1.034442,
56.9944135825,26°59'40" Taurus,Taurus,26.9944135825,solar,partial,noncentral,2422462.767217525,1920-05-18T06:24:47Z,2422462.760098756,1920-05-18T06:14:32Z,0.974190,
57.0571162518,27°03'26" Taurus,Taurus,27.0571162518,lunar,total,,2466477.295934607,2040-11-18T19:06:08Z,2466477.294051826,2040-11-18T19:03:26Z,1.397314,2.452766
57.1996518203,27°11'59" Taurus,Taurus,27.1996518203,lunar,partial,,2473417.048383343,2059-11-19T13:09:40Z,2473417.041813995,2059-11-19T13:00:12Z,0.208760,1.204135
57.2411948439,27°14'28" Taurus,Taurus,27.2411948439,lunar,partial,,2459537.873221361,2021-11-19T08:57:26Z,2459537.877017024,2021-11-19T09:02:54Z,0.973545,2.072173
57.5464244522,27°32'47" Taurus,Taurus,27.5464244522,lunar,penumbral,,2452598.565026691,2002-11-20T01:33:38Z,2452598.574056414,2002-11-20T01:46:38Z,0.000000,0.860638
58.2902680848,28°17'25" Taurus,Taurus,28.2902680848,solar,total,noncentral,2425386.051350762,1928-05-19T13:13:56Z,2425386.058294492,1928-05-19T13:23:56Z,1.014023,
58.6998970672,28°42'00" Taurus,Taurus,28.6998970672,solar,total,central,2432326.071988439,1947-05-20T13:43:39Z,2432326.074529625,1947-05-20T13:47:19Z,1.028289,
58.8357145334,28°50'09" Taurus,Taurus,28.8357145334,solar,partial,noncentral,2446205.403529980,1985-05-19T21:41:04Z,2446205.394891842,1985-05-19T21:28:38Z,0.840541,
58.9240033516,28°55'26" Taurus,Taurus,28.9240033516,solar,annular,central,2439265.904318031,1966-05-20T09:42:13Z,2439265.901663315,1966-05-20T09:38:23Z,0.999293,
60.0401788052,00°02'25" Gemini,Gemini,0.0401788052,solar,hybrid,central,2469947.368748737,2050-05-20T20:50:59Z,2469947.362233918,2050-05-20T20:41:37Z,1.001577,
60.0730628167,00°04'23" Gemini,Gemini,0.0730628167,solar,annular,central,2463007.803632007,2031-05-21T07:17:13Z,2463007.802025387,2031-05-21T07:14:54Z,0.979796,
60.3418563651,00°20'31" Gemini,Gemini,0.3418563651,solar,annular,central,2456068.490965580,2012-05-20T23:46:59Z,2456068.494961703,2012-05-20T23:52:44Z,0.971588,
60.5244433005,00°31'28" Gemini,Gemini,0.5244433005,solar,partial,noncentral,2449129.087835595,1993-05-21T14:06:28Z,2449129.096620996,1993-05-21T14:19:08Z,0.735159,
61.6038367826,01°36'14" Gemini,Gemini,1.6038367826,solar,partial,noncentral,2472870.933034846,2058-05-22T10:23:34Z,2472870.943219901,2058-05-22T10:38:14Z,0.414676,
62.6437723159,02°38'38" Gemini,Gemini,2.6437723159,lunar,partial,,2401834.876027945,1863-11-25T09:01:28Z,2401834.872203849,1863-11-25T08:55:58Z,0.952614,2.017582
62.7418906148,02°44'31" Gemini,Gemini,2.7418906148,lunar,penumbral,,2408774.585273547,1882-11-25T02:02:47Z,2408774.577061699,1882-11-25T01:50:58Z,0.000000,0.797624
62.8641661164,02°51'51" Gemini,Gemini,2.8641661164,lunar,total,,2394895.487663300,1844-11-24T23:42:14Z,2394895.489365794,1844-11-24T23:44:41Z,1.435049,2.537575
63.1609324647,03°09'39" Gemini,Gemini,3.1609324647,lunar,partial,,2387956.166024856,1825-11-25T15:59:04Z,2387956.173059806,1825-11-25T16:09:12Z,0.231097,1.314235
64.2805468546,04°16'50" Gemini,Gemini,4.2805468546,lunar,partial,,2411698.057511202,1890-11-26T13:22:48Z,2411698.065119547,1890-11-26T13:33:46Z,0.001613,1.047004
64.4895334635,04°29'22" Gemini,Gemini,4.4895334635,lunar,total,,2418637.869193838,1909-11-27T08:51:38Z,2418637.871157933,1909-11-27T08:54:28Z,1.365786,2.353875
64.8923334006,04°53'32" Gemini,Gemini,4.8923334006,lunar,total,,2425577.878771867,1928-11-27T09:05:25Z,2425577.875975123,1928-11-27T09:01:24Z,1.149996,2.117348
65.1388363742,05°08'20" Gemini,Gemini,5.1388363742,solar,partial,noncentral,2405304.889139332,1873-05-26T09:20:21Z,2405304.881241566,1873-05-26T09:08:59Z,0.897123,
65.2096372045,05°12'35" Gemini,Gemini,5.2096372045,solar,annular,central,2398365.366180099,1854-05-26T20:47:17Z,2398365.362976327,1854-05-26T20:42:41Z,0.977156,
65.2732688945,05°16'24" Gemini,Gemini,5.2732688945,lunar,penumbral,,2432517.864748911,1947-11-28T08:45:14Z,2432517.857010556,1947-11-28T08:34:05Z,0.000000,0.868807
65.4886419218,05°29'19" Gemini,Gemini,5.4886419218,solar,annular,central,2391426.063994762,1835-05-27T13:32:09Z,2391426.066345592,1835-05-27T13:35:32Z,0.974673,
66.6941701659,06°41'39" Gemini,Gemini,6.6941701659,lunar,partial,,2435441.201278212,1955-11-29T16:49:50Z,2435441.208009670,1955-11-29T16:59:32Z,0.118384,1.090370
66.7436892271,06°44'37" Gemini,Gemini,6.7436892271,solar,partial,noncentral,2408228.483315448,1881-05-27T23:35:58Z,2408228.492222721,1881-05-27T23:48:48Z,0.737392,
66.7810680056,06°46'52" Gemini,Gemini,6.7810680056,lunar,penumbral,,2456260.115199889,2012-11-28T14:45:53Z,2456260.106220153,2012-11-28T14:32:57Z,0.000000,0.915800
66.7845171227,06°47'04" Gemini,Gemini,6.7845171227,solar,total,central,2415168.117851509,1900-05-28T14:49:42Z,2415168.120781855,1900-05-28T14:53:55Z,1.012107,
67.0181436407,07°01'05" Gemini,Gemini,7.0181436407,lunar,total,,2442381.131967310,1974-11-29T15:10:01Z,2442381.134285204,1974-11-29T15:13:22Z,1.289200,2.305246
67.0546853464,07°03'17" Gemini,Gemini,7.0546853464,lunar,total,,2449320.771343674,1993-11-29T06:30:44Z,2449320.768125785,1993-11-29T06:26:06Z,1.087126,2.163419
67.1054583294,07°06'20" Gemini,Gemini,7.1054583294,solar,total,central,2422108.049718805,1919-05-29T13:11:35Z,2422108.047624278,1919-05-29T13:08:34Z,1.036369,
67.5301122359,07°31'48" Gemini,Gemini,7.5301122359,solar,total,central,2429048.083022529,1938-05-29T13:59:33Z,2429048.076316791,1938-05-29T13:49:53Z,1.027090,
68.1502630930,08°09'01" Gemini,Gemini,8.1502630930,lunar,total,,2473062.637141194,2058-11-30T03:17:28Z,2473062.635386189,2058-11-30T03:14:57Z,1.426019,2.480593
68.3281364032,08°19'41" Gemini,Gemini,8.3281364032,lunar,partial,,2466123.201078570,2039-11-30T16:49:33Z,2466123.205010646,2039-11-30T16:55:12Z,0.941974,2.041878
68.6336923260,08°38'01" Gemini,Gemini,8.6336923260,lunar,penumbral,,2459183.895590058,2020-11-30T09:29:38Z,2459183.904790390,2020-11-30T09:42:53Z,0.000000,0.829156
68.8130425705,08°48'47" Gemini,Gemini,8.8130425705,solar,partial,noncentral,2431971.367613019,1946-05-30T20:49:21Z,2431971.374988281,1946-05-30T20:59:58Z,0.886444,
69.2183504707,09°13'06" Gemini,Gemini,9.2183504707,solar,total,central,2438911.383719270,1965-05-30T21:12:33Z,2438911.386767399,1965-05-30T21:16:56Z,1.027648,
69.3303429450,09°19'49" Gemini,Gemini,9.3303429450,solar,annular,central,2452790.680455453,2003-05-31T04:19:51Z,2452790.672392573,2003-05-31T04:08:14Z,0.968101,
69.4371222506,09°26'14" Gemini,Gemini,9.4371222506,solar,annular,central,2445851.199888075,1984-05-30T16:47:50Z,2445851.197768176,1984-05-30T16:44:47Z,0.998737,
70.5647090967,10°33'53" Gemini,Gemini,10.5647090967,solar,annular,central,2469593.083403561,2049-05-31T14:00:06Z,2469593.082438766,2049-05-31T13:58:42Z,0.981800,
70.8321015419,10°49'56" Gemini,Gemini,10.8321015419,solar,annular,central,2462653.764816998,2030-06-01T06:21:20Z,2462653.769468519,2030-06-01T06:28:02Z,0.971693,
71.0312065240,11°01'52" Gemini,Gemini,11.0312065240,solar,partial,noncentral,2455714.376790048,2011-06-01T21:02:34Z,2455714.386163301,2011-06-01T21:16:04Z,0.601136,
72.4175425270,12°25'03" Gemini,Gemini,12.4175425270,lunar,penumbral,,2391617.733181148,1835-12-05T05:35:46Z,2391617.722325028,1835-12-05T05:20:08Z,0.000000,0.471839
73.7729651897,13°46'23" Gemini,Gemini,13.7729651897,lunar,partial,,2408420.217983743,1881-12-05T17:13:53Z,2408420.214267134,1881-12-05T17:08:32Z,0.975357,2.039234
73.8873433633,13°53'14" Gemini,Gemini,13.8873433633,lunar,penumbral,,2415359.943095340,1900-12-06T10:38:03Z,2415359.934989399,1900-12-06T10:26:23Z,0.000000,0.818617
73.9875227159,13°59'15" Gemini,Gemini,13.9875227159,lunar,total,,2401480.817750962,1862-12-06T07:37:33Z,2401480.819562108,1862-12-06T07:40:10Z,1.410434,2.514180
74.2778947465,14°16'40" Gemini,Gemini,14.2778947465,lunar,partial,,2394541.500758369,1843-12-07T00:01:05Z,2394541.507928087,1843-12-07T00:11:24Z,0.203124,1.290234
74.3214438441,14°19'17" Gemini,Gemini,14.3214438441,lunar,penumbral,,2387601.928221873,1824-12-06T10:16:38Z,2387601.939286161,1824-12-06T10:32:34Z,0.000000,0.124077
74.4512774800,14°27'05" Gemini,Gemini,14.4512774800,solar,partial,noncentral,2388148.244752919,1826-06-05T17:52:26Z,2388148.235252450,1826-06-05T17:38:45Z,0.640745,
75.4233779715,15°25'24" Gemini,Gemini,15.4233779715,lunar,penumbral,,2418283.405493190,1908-12-07T21:43:54Z,2418283.413122851,1908-12-07T21:54:53Z,0.000000,1.034386
75.6309581258,15°37'51" Gemini,Gemini,15.6309581258,solar,annular,central,2411890.184882714,1891-06-06T16:26:13Z,2411890.177568205,1891-06-06T16:15:41Z,0.998180,
75.6385683815,15°38'19" Gemini,Gemini,15.6385683815,lunar,total,,2425223.230435715,1927-12-08T17:31:49Z,2425223.232457079,1927-12-08T17:34:44Z,1.350596,2.338102
75.6705502025,15°40'14" Gemini,Gemini,15.6705502025,solar,annular,central,2404950.641438411,1872-06-06T03:23:40Z,2404950.638913625,1872-06-06T03:20:02Z,0.979147,
75.9436035251,15°56'37" Gemini,Gemini,15.9436035251,solar,annular,central,2398011.335264044,1853-06-06T20:02:46Z,2398011.338309158,1853-06-06T20:07:09Z,0.974690,
76.0519683597,16°03'07" Gemini,Gemini,16.0519683597,lunar,total,,2432163.244422259,1946-12-08T17:51:58Z,2432163.241684918,1946-12-08T17:48:01Z,1.164921,2.134118
76.1059668865,16°06'21" Gemini,Gemini,16.1059668865,solar,partial,noncentral,2391071.914590989,1834-06-07T09:57:00Z,2391071.922525822,1834-06-07T10:08:26Z,0.929629,
76.4213098677,16°25'17" Gemini,Gemini,16.4213098677,lunar,penumbral,,2439103.223032616,1965-12-08T17:21:10Z,2439103.215309380,1965-12-08T17:10:02Z,0.000000,0.882358
77.2109073062,17°12'39" Gemini,Gemini,17.2109073062,solar,partial,noncentral,2414813.764073723,1899-06-08T06:20:15Z,2414813.773492325,1899-06-08T06:33:49Z,0.607957,
77.2670814252,17°16'01" Gemini,Gemini,17.2670814252,solar,total,central,2421753.418335056,1918-06-08T22:02:24Z,2421753.421777461,1918-06-08T22:07:21Z,1.014119,
77.6049912507,17°36'18" Gemini,Gemini,17.6049912507,solar,total,central,2428693.363154711,1937-06-08T20:42:56Z,2428693.361559647,1937-06-08T20:40:38Z,1.037949,
77.8521517749,17°51'08" Gemini,Gemini,17.8521517749,lunar,partial,,2442026.565720333,1973-12-10T01:34:38Z,2442026.572527637,1973-12-10T01:44:26Z,0.100244,1.074857
77.8998675156,17°54'00" Gemini,Gemini,17.8998675156,lunar,penumbral,,2462845.444749294,2030-12-09T22:40:26Z,2462845.435873196,2030-12-09T22:27:39Z,0.000000,0.941946
78.0257677474,18°01'33" Gemini,Gemini,18.0257677474,solar,total,central,2435633.395217625,1956-06-08T21:29:06Z,2435633.388955302,1956-06-08T21:20:05Z,1.028657,
78.1709610511,18°10'15" Gemini,Gemini,18.1709610511,lunar,total,,2448966.486568749,1992-12-09T23:40:39Z,2448966.488963251,1992-12-09T23:44:06Z,1.270670,2.291258
78.1783401115,18°10'42" Gemini,Gemini,18.1783401115,lunar,total,,2455906.108584745,2011-12-10T14:36:21Z,2455906.105444371,2011-12-10T14:31:50Z,1.105632,2.186108
79.3125712424,19°18'45" Gemini,Gemini,19.3125712424,solar,partial,noncentral,2438556.682148247,1964-06-10T04:22:17Z,2438556.689964403,1964-06-10T04:33:32Z,0.754494,
79.4499629319,19°27'00" Gemini,Gemini,19.4499629319,lunar,partial,,2472708.532289441,2057-12-11T00:46:29Z,2472708.536326217,2057-12-11T00:52:18Z,0.917401,2.017854
79.7122520773,19°42'44" Gemini,Gemini,19.7122520773,solar,total,central,2445496.692732896,1983-06-11T04:37:32Z,2445496.696306573,1983-06-11T04:42:40Z,1.026619,
79.7626522831,19°45'46" Gemini,Gemini,19.7626522831,lunar,penumbral,,2465769.229458271,2038-12-11T17:30:25Z,2465769.238792193,2038-12-11T17:43:51Z,0.000000,0.805383
79.7850281461,19°47'06" Gemini,Gemini,19.7850281461,solar,annular,central,2459375.953216527,2021-06-10T10:52:37Z,2459375.945775278,2021-06-10T10:41:54Z,0.971167,
79.9054379265,19°54'20" Gemini,Gemini,19.9054379265,solar,annular,central,2452436.490634858,2002-06-10T23:46:30Z,2452436.489093968,2002-06-10T23:44:17Z,0.997895,
81.2806799444,21°16'50" Gemini,Gemini,21.2806799444,solar,annular,central,2469239.034679194,2048-06-11T12:49:56Z,2469239.040019030,2048-06-11T12:57:37Z,0.971647,
81.4849792948,21°29'06" Gemini,Gemini,21.4849792948,solar,partial,noncentral,2462299.660098926,2029-06-12T03:50:32Z,2462299.670100045,2029-06-12T04:04:56Z,0.457615,
83.5676174935,23°34'03" Gemini,Gemini,23.5676174935,lunar,penumbral,,2398203.065316915,1853-12-15T13:34:03Z,2398203.054527363,1853-12-15T13:18:31Z,0.000000,0.491767
83.8237047170,23°49'25" Gemini,Gemini,23.8237047170,lunar,partial,,2391263.704999020,1834-12-16T04:55:11Z,2391263.700012044,1834-12-16T04:48:01Z,0.674141,1.748700
84.8971205939,24°53'50" Gemini,Gemini,24.8971205939,solar,partial,noncentral,2394733.518058312,1844-06-16T00:26:00Z,2394733.509143917,1844-06-16T00:13:10Z,0.777673,
84.9339102274,24°56'02" Gemini,Gemini,24.9339102274,lunar,partial,,2415005.563172481,1899-12-17T01:30:58Z,2415005.559537765,1899-12-17T01:25:44Z,0.992376,2.054636
84.9740271830,24°58'26" Gemini,Gemini,24.9740271830,solar,hybrid,central,2387794.015982247,1825-06-16T12:23:00Z,2387794.013066665,1825-06-16T12:18:48Z,1.002211,
85.0624852547,25°03'45" Gemini,Gemini,25.0624852547,lunar,penumbral,,2421945.303534498,1918-12-17T19:17:05Z,2421945.295515864,1918-12-17T19:05:32Z,0.000000,0.834387
85.1341632529,25°08'03" Gemini,Gemini,25.1341632529,lunar,total,,2408066.150257239,1880-12-16T15:36:22Z,2408066.152156278,1880-12-16T15:39:06Z,1.390511,2.494783
85.4423029049,25°26'32" Gemini,Gemini,25.4423029049,lunar,partial,,2401126.838988199,1861-12-17T08:08:08Z,2401126.846253366,1861-12-17T08:18:36Z,0.184116,1.274508
85.4960838227,25°29'46" Gemini,Gemini,25.4960838227,lunar,penumbral,,2394187.282230837,1842-12-17T18:46:24Z,2394187.293406394,1842-12-17T19:02:30Z,0.000000,0.108368
86.0775646373,26°04'39" Gemini,Gemini,26.0775646373,solar,hybrid,central,2418475.477864795,1909-06-17T23:28:07Z,2418475.471161789,1909-06-17T23:18:28Z,1.002894,
86.1051213259,26°06'18" Gemini,Gemini,26.1051213259,solar,annular,central,2411535.915130802,1890-06-17T09:57:47Z,2411535.913302811,1890-06-17T09:55:09Z,0.980960,
86.3643003930,26°21'51" Gemini,Gemini,26.3643003930,solar,partial,noncentral,2425415.362485484,1928-06-17T20:41:58Z,2425415.352193099,1928-06-17T20:27:09Z,0.037761,
86.3728473858,26°22'22" Gemini,Gemini,26.3728473858,solar,annular,central,2404596.603873406,1871-06-18T02:29:34Z,2404596.607633862,1871-06-18T02:34:59Z,0.974409,
86.5531981953,26°33'12" Gemini,Gemini,26.5531981953,solar,partial,noncentral,2397657.199480860,1852-06-17T16:47:15Z,2397657.208055106,1852-06-17T16:59:35Z,0.783123,
86.5890399534,26°35'21" Gemini,Gemini,26.5890399534,lunar,penumbral,,2424868.755994773,1926-12-19T06:08:37Z,2424868.763628387,1926-12-19T06:19:37Z,0.000000,1.025542
86.8285083714,26°49'43" Gemini,Gemini,26.8285083714,lunar,total,,2431808.595372706,1945-12-19T02:17:20Z,2431808.597424615,1945-12-19T02:20:17Z,1.342376,2.328916
87.2370149685,27°14'13" Gemini,Gemini,27.2370149685,lunar,total,,2438748.611958851,1964-12-19T02:41:13Z,2438748.609264239,1964-12-19T02:37:20Z,1.175683,2.146350
87.6035365919,27°36'13" Gemini,Gemini,27.6035365919,lunar,penumbral,,2445688.583535917,1983-12-20T02:00:17Z,2445688.575803857,1983-12-20T01:49:09Z,0.000000,0.889212
87.6452296550,27°38'43" Gemini,Gemini,27.6452296550,solar,partial,noncentral,2421399.042910357,1917-06-19T13:01:47Z,2421399.052847348,1917-06-19T13:16:06Z,0.473126,
87.7282447866,27°43'42" Gemini,Gemini,27.7282447866,solar,total,central,2428338.718319808,1936-06-19T05:14:22Z,2428338.722279623,1936-06-19T05:20:04Z,1.015918,
88.0777356480,28°04'40" Gemini,Gemini,28.0777356480,solar,total,central,2435278.674809792,1955-06-20T04:11:43Z,2435278.673729573,1955-06-20T04:10:10Z,1.039083,
88.5003786053,28°30'01" Gemini,Gemini,28.5003786053,solar,total,central,2442218.705299529,1974-06-20T04:55:37Z,2442218.699498283,1974-06-20T04:47:16Z,1.029395,
89.0452820133,29°02'43" Gemini,Gemini,29.0452820133,lunar,partial,,2448611.932776835,1991-12-21T10:23:11Z,2448611.939640556,1991-12-21T10:33:04Z,0.087618,1.064458
89.0505591209,29°03'02" Gemini,Gemini,29.0505591209,lunar,penumbral,,2469430.777207593,2048-12-20T06:39:10Z,2469430.768414848,2048-12-20T06:26:31Z,0.000000,0.962156
89.3442560727,29°20'39" Gemini,Gemini,29.3442560727,lunar,total,,2462491.448966643,2029-12-20T22:46:30Z,2462491.445871554,2029-12-20T22:42:03Z,1.116765,2.200745
89.3461001153,29°20'46" Gemini,Gemini,29.3461001153,lunar,total,,2455551.842671250,2010-12-21T08:13:26Z,2455551.845127793,2010-12-21T08:16:59Z,1.255993,2.280542
89.7804190651,29°46'50" Gemini,Gemini,29.7804190651,solar,partial,noncentral,2445141.994282699,1982-06-21T11:51:46Z,2445142.002554581,1982-06-21T12:03:40Z,0.616809,
89.9409171087,29°56'27" Gemini,Gemini,29.9409171087,solar,partial,noncentral,2472900.524496197,2058-06-21T00:35:16Z,2472900.512761248,2058-06-21T00:18:22Z,0.126019,
90.1724232734,00°10'21" Cancer,Cancer,0.1724232734,solar,total,central,2452081.998470015,2001-06-21T11:57:47Z,2452082.002594321,2001-06-21T12:03:44Z,1.025112,
90.2148422839,00°12'53" Cancer,Cancer,0.2148422839,solar,annular,central,2465961.223236157,2039-06-21T17:21:27Z,2465961.216448559,2039-06-21T17:11:41Z,0.972455,
90.3564918035,00°21'23" Cancer,Cancer,0.3564918035,solar,annular,central,2459021.778783612,2020-06-21T06:41:26Z,2459021.777844864,2020-06-21T06:40:05Z,0.996886,
90.9206078662,00°55'14" Cancer,Cancer,0.9206078662,lunar,penumbral,,2472354.565350704,2056-12-22T01:34:06Z,2472354.574793180,2056-12-22T01:47:42Z,0.000000,0.786534
91.9306806060,01°55'50" Cancer,Cancer,1.9306806060,solar,partial,noncentral,2468884.941567229,2047-06-23T10:35:51Z,2468884.952200928,2047-06-23T10:51:10Z,0.313085,
94.7372161081,04°44'14" Cancer,Cancer,4.7372161081,lunar,penumbral,,2404788.399287234,1871-12-26T21:34:58Z,2404788.388552262,1871-12-26T21:19:30Z,0.000000,0.507191
94.9653010163,04°57'55" Cancer,Cancer,4.9653010163,lunar,total,,2390909.397040624,1833-12-26T21:31:44Z,2390909.397761818,1833-12-26T21:32:46Z,1.674947,2.691999
95.0078395752,05°00'28" Cancer,Cancer,5.0078395752,lunar,partial,,2397849.048709423,1852-12-26T13:10:08Z,2397849.043738631,1852-12-26T13:02:59Z,0.680792,1.758624
95.1958751081,05°11'45" Cancer,Cancer,5.1958751081,solar,total,central,2387439.487643241,1824-06-26T23:42:12Z,2387439.490496314,1824-06-26T23:46:18Z,1.028395,
95.3094314659,05°18'34" Cancer,Cancer,5.3094314659,solar,partial,noncentral,2401318.787544194,1862-06-27T06:54:03Z,2401318.779260972,1862-06-27T06:42:08Z,0.922185,
95.4170778634,05°25'01" Cancer,Cancer,5.4170778634,solar,hybrid,central,2394379.305770199,1843-06-27T19:20:18Z,2394379.303434459,1843-06-27T19:16:56Z,1.000933,
96.1162323211,06°06'58" Cancer,Cancer,6.1162323211,lunar,total,,2421590.910609520,1917-12-28T09:51:16Z,2421590.907040246,1917-12-28T09:46:08Z,1.005844,2.065779
96.2636353119,06°15'49" Cancer,Cancer,6.2636353119,lunar,penumbral,,2428530.666707211,1936-12-28T04:00:03Z,2428530.658758419,1936-12-28T03:48:36Z,0.000000,0.845349
96.3105271808,06°18'38" Cancer,Cancer,6.3105271808,lunar,total,,2414651.485476701,1898-12-27T23:39:05Z,2414651.487435778,1898-12-27T23:41:54Z,1.376881,2.480894
96.5251315545,06°31'30" Cancer,Cancer,6.5251315545,solar,total,central,2425060.772100497,1927-06-29T06:31:49Z,2425060.766002740,1927-06-29T06:23:02Z,1.006256,
96.5264108063,06°31'35" Cancer,Cancer,6.5264108063,solar,annular,central,2418121.188420488,1908-06-28T16:31:19Z,2418121.187293026,1908-06-28T16:29:42Z,0.982595,
96.6162830257,06°36'59" Cancer,Cancer,6.6162830257,lunar,partial,,2407712.177695537,1879-12-28T16:15:52Z,2407712.185049257,1879-12-28T16:26:28Z,0.166523,1.259458
96.6910818816,06°41'28" Cancer,Cancer,6.6910818816,lunar,penumbral,,2400772.637292836,1860-12-28T03:17:42Z,2400772.648566125,1860-12-28T03:33:56Z,0.000000,0.095641
96.7853060775,06°47'07" Cancer,Cancer,6.7853060775,solar,annular,central,2411181.870557033,1889-06-28T08:53:36Z,2411181.875044048,1889-06-28T09:00:03Z,0.973882,
96.8114744626,06°48'41" Cancer,Cancer,6.8114744626,solar,partial,noncentral,2432000.670641744,1946-06-29T04:05:43Z,2432000.660833823,1946-06-29T03:51:36Z,0.180363,
96.9801327531,06°58'48" Cancer,Cancer,6.9801327531,solar,partial,noncentral,2404242.481460472,1870-06-28T23:33:18Z,2404242.490689265,1870-06-28T23:46:35Z,0.633609,
97.7844058227,07°47'04" Cancer,Cancer,7.7844058227,lunar,penumbral,,2431454.109770599,1944-12-29T14:38:04Z,2431454.117384801,1944-12-29T14:49:02Z,0.000000,1.022048
98.0236676923,08°01'25" Cancer,Cancer,8.0236676923,lunar,total,,2438393.960980012,1963-12-30T11:03:48Z,2438393.963059832,1963-12-30T11:06:48Z,1.335004,2.320146
98.0724268572,08°04'21" Cancer,Cancer,8.0724268572,solar,partial,noncentral,2427984.322512543,1935-06-30T19:44:25Z,2427984.332955398,1935-06-30T19:59:27Z,0.337622,
98.1694258684,08°10'10" Cancer,Cancer,8.1694258684,solar,total,central,2434924.017817423,1954-06-30T12:25:39Z,2434924.022298854,1954-06-30T12:32:06Z,1.017274,
98.4428821347,08°26'34" Cancer,Cancer,8.4428821347,lunar,total,,2445333.980979879,1982-12-30T11:32:36Z,2445333.978312884,1982-12-30T11:28:46Z,1.182712,2.154446
98.5307991404,08°31'51" Cancer,Cancer,8.5307991404,solar,total,central,2441863.985224696,1973-06-30T11:38:43Z,2441863.984670638,1973-06-30T11:37:55Z,1.039823,
98.7992825487,08°47'57" Cancer,Cancer,8.7992825487,lunar,penumbral,,2452273.944855411,2001-12-30T10:40:35Z,2452273.937106180,2001-12-30T10:29:25Z,0.000000,0.893314
98.9455061266,08°56'44" Cancer,Cancer,8.9455061266,solar,total,central,2448804.012510496,1992-06-30T12:18:00Z,2448804.007197255,1992-06-30T12:10:21Z,1.029584,
99.2065181006,09°12'23" Cancer,Cancer,9.2065181006,solar,partial,noncentral,2455743.870785525,2011-07-01T08:53:55Z,2455743.859893706,2011-07-01T08:38:14Z,0.097217,
100.2354187379,10°14'08" Cancer,Cancer,10.2354187379,solar,partial,noncentral,2451727.305506539,2000-07-01T19:19:55Z,2451727.314237927,2000-07-01T19:32:30Z,0.476853,
100.2479489467,10°14'53" Cancer,Cancer,10.2479489467,lunar,partial,,2455197.300539459,2009-12-31T19:12:46Z,2455197.307454531,2009-12-31T19:22:44Z,0.076561,1.055188
100.5193109177,10°31'10" Cancer,Cancer,10.5193109177,lunar,total,,2469076.789653555,2048-01-01T06:57:06Z,2469076.786600506,2048-01-01T06:52:42Z,1.127223,2.213983
100.5470088065,10°32'49" Cancer,Cancer,10.5470088065,lunar,total,,2462137.200370668,2028-12-31T16:48:32Z,2462137.202869204,2028-12-31T16:52:07Z,1.246393,2.274369
100.6260319307,10°37'34" Cancer,Cancer,10.6260319307,solar,total,central,2458667.302931026,2019-07-02T19:16:13Z,2458667.307614818,2019-07-02T19:22:57Z,1.023188,
100.6318341882,10°37'55" Cancer,Cancer,10.6318341882,solar,annular,central,2472546.491488262,2057-07-01T23:47:44Z,2472546.485376878,2057-07-01T23:38:56Z,0.972927,
100.7871088889,10°47'14" Cancer,Cancer,10.7871088889,solar,annular,central,2465607.064030103,2038-07-02T13:32:12Z,2465607.063719972,2038-07-02T13:31:45Z,0.995580,
102.3497581435,12°20'59" Cancer,Cancer,12.3497581435,solar,partial,noncentral,2475470.219561088,2065-07-03T17:16:10Z,2475470.230846888,2065-07-03T17:32:25Z,0.163944,
104.4301407787,14°25'49" Cancer,Cancer,14.4301407787,lunar,penumbral,,2387631.489516386,1825-01-04T23:44:54Z,2387631.480383075,1825-01-04T23:31:45Z,0.000000,0.493345
105.2397990362,15°14'23" Cancer,Cancer,15.2397990362,solar,partial,noncentral,2387084.781337979,1823-07-08T06:45:07Z,2387084.789013952,1823-07-08T06:56:10Z,0.796168,
105.6378693030,15°38'16" Cancer,Cancer,15.6378693030,solar,total,central,2394024.792657822,1842-07-08T07:01:25Z,2394024.796069231,1842-07-08T07:06:20Z,1.026593,
105.7238068338,15°43'26" Cancer,Cancer,15.7238068338,solar,annular,central,2407904.056597113,1880-07-07T13:21:29Z,2407904.048959339,1880-07-07T13:10:30Z,0.971405,
105.8363523731,15°50'11" Cancer,Cancer,15.8363523731,solar,annular,central,2400964.592214880,1861-07-08T02:12:47Z,2400964.590490490,1861-07-08T02:10:18Z,0.999318,
105.8419925877,15°50'31" Cancer,Cancer,15.8419925877,lunar,partial,,2390554.827684822,1833-01-06T07:51:51Z,2390554.833089942,1833-01-06T07:59:38Z,0.473793,1.448994
105.9159625290,15°54'57" Cancer,Cancer,15.9159625290,lunar,penumbral,,2411373.733939813,1890-01-06T05:36:52Z,2411373.723259741,1890-01-06T05:21:29Z,0.000000,0.521198
106.1678772308,16°10'04" Cancer,Cancer,16.1678772308,lunar,total,,2397494.756610708,1852-01-07T06:09:31Z,2397494.757363237,1852-01-07T06:10:36Z,1.666598,2.686530
106.1879635964,16°11'17" Cancer,Cancer,16.1879635964,lunar,partial,,2404434.391551924,1871-01-06T21:23:50Z,2404434.386602649,1871-01-06T21:16:42Z,0.688685,1.768967
106.9478062843,16°56'52" Cancer,Cancer,16.9478062843,solar,annular,central,2424706.462683748,1926-07-09T23:06:15Z,2424706.462248632,1926-07-09T23:05:38Z,0.984015,
106.9530826193,16°57'11" Cancer,Cancer,16.9530826193,solar,total,central,2431646.066115621,1945-07-09T13:35:12Z,2431646.060631463,1945-07-09T13:27:18Z,1.008728,
107.1975693498,17°11'51" Cancer,Cancer,17.1975693498,solar,annular,central,2417767.136739423,1907-07-10T15:16:54Z,2417767.141950531,1907-07-10T15:24:24Z,0.973006,
107.2644706135,17°15'52" Cancer,Cancer,17.2644706135,solar,partial,noncentral,2438585.979714918,1964-07-09T11:30:47Z,2438585.970388687,1964-07-09T11:17:21Z,0.322325,
107.3124922799,17°18'45" Cancer,Cancer,17.3124922799,lunar,total,,2428176.260116204,1936-01-08T18:14:34Z,2428176.256602908,1936-01-08T18:09:30Z,1.017290,2.074324
107.4000218730,17°24'00" Cancer,Cancer,17.4000218730,solar,partial,noncentral,2410827.761531740,1888-07-09T06:16:36Z,2410827.771420798,1888-07-09T06:30:50Z,0.483271,
107.4681819903,17°28'05" Cancer,Cancer,17.4681819903,lunar,penumbral,,2435116.030585533,1955-01-08T12:44:02Z,2435116.022705218,1955-01-08T12:32:41Z,0.000000,0.855538
107.4850593100,17°29'06" Cancer,Cancer,17.4850593100,lunar,total,,2421236.820541166,1917-01-08T07:41:34Z,2421236.822561091,1917-01-08T07:44:29Z,1.363244,2.466195
107.8018926175,17°48'07" Cancer,Cancer,17.8018926175,lunar,partial,,2414297.516802768,1898-01-08T00:24:11Z,2414297.524232009,1898-01-08T00:34:53Z,0.151734,1.246404
107.8848505550,17°53'05" Cancer,Cancer,17.8848505550,lunar,penumbral,,2407357.991675090,1879-01-08T11:48:00Z,2407358.003047935,1879-01-08T12:04:23Z,0.000000,0.081715
108.4930533656,18°29'35" Cancer,Cancer,18.4930533656,solar,partial,noncentral,2434569.602848074,1953-07-11T02:28:06Z,2434569.613784269,1953-07-11T02:43:50Z,0.201574,
108.6137394038,18°36'49" Cancer,Cancer,18.6137394038,solar,total,central,2441509.318537379,1972-07-10T19:38:41Z,2441509.323528466,1972-07-10T19:45:52Z,1.018218,
108.9776672816,18°58'40" Cancer,Cancer,18.9776672816,lunar,penumbral,,2438039.463957535,1963-01-09T23:08:05Z,2438039.471552018,1963-01-09T23:19:02Z,0.000000,1.018001
108.9832053961,18°59'00" Cancer,Cancer,18.9832053961,solar,total,central,2448449.295877490,1991-07-11T19:06:03Z,2448449.295844882,1991-07-11T19:06:00Z,1.040139,
109.2382382855,19°14'18" Cancer,Cancer,19.2382382855,lunar,total,,2444979.328346210,1982-01-09T19:52:49Z,2444979.330439861,1982-01-09T19:55:50Z,1.331434,2.314701
109.3970958877,19°23'50" Cancer,Cancer,19.3970958877,solar,total,central,2455389.319760416,2010-07-11T19:40:27Z,2455389.314936558,2010-07-11T19:33:30Z,1.029184,
109.6291614696,19°37'45" Cancer,Cancer,19.6291614696,solar,partial,noncentral,2462329.160481426,2029-07-11T15:51:05Z,2462329.150027762,2029-07-11T15:36:02Z,0.230621,
109.6522575332,19°39'08" Cancer,Cancer,19.6522575332,lunar,total,,2451919.350299503,2001-01-09T20:24:25Z,2451919.347656685,2001-01-09T20:20:37Z,1.189056,2.161412
110.0037354851,20°00'13" Cancer,Cancer,20.0037354851,lunar,penumbral,,2458859.306478987,2020-01-10T19:21:19Z,2458859.298706186,2020-01-10T19:10:08Z,0.000000,0.895464
110.6872355786,20°41'14" Cancer,Cancer,20.6872355786,solar,partial,noncentral,2458312.616572958,2018-07-13T02:47:51Z,2458312.625762193,2018-07-13T03:01:05Z,0.336664,
111.0656123163,21°03'56" Cancer,Cancer,21.0656123163,solar,total,central,2465252.605464107,2037-07-13T02:31:52Z,2465252.610721600,2037-07-13T02:39:26Z,1.020701,
111.2113382951,21°12'41" Cancer,Cancer,21.2113382951,solar,annular,central,2472192.347403888,2056-07-12T20:20:15Z,2472192.347739692,2056-07-12T20:20:44Z,0.994060,
111.4588099200,21°27'32" Cancer,Cancer,21.4588099200,lunar,partial,,2461782.668827457,2028-01-12T04:03:06Z,2461782.675790331,2028-01-12T04:13:08Z,0.066720,1.046712
111.7021626400,21°42'08" Cancer,Cancer,21.7021626400,lunar,total,,2475662.130445225,2066-01-11T15:07:50Z,2475662.127430762,2066-01-11T15:03:30Z,1.136961,2.225735
111.7349104666,21°44'06" Cancer,Cancer,21.7349104666,lunar,total,,2468722.556524767,2047-01-12T01:21:23Z,2468722.559076860,2047-01-12T01:25:04Z,1.234304,2.265133
114.3927995992,24°23'34" Cancer,Cancer,24.3927995992,solar,total,central,2390746.803015863,1833-07-17T07:16:20Z,2390746.797141838,1833-07-17T07:07:53Z,1.029451,
115.2603534889,25°15'37" Cancer,Cancer,25.2603534889,lunar,partial,,2387276.874947181,1824-01-16T08:59:55Z,2387276.870750788,1824-01-16T08:53:52Z,0.782615,1.752936
115.6309107411,25°37'51" Cancer,Cancer,25.6309107411,lunar,penumbral,,2394216.852471808,1843-01-16T08:27:33Z,2394216.843314283,1843-01-16T08:14:22Z,0.000000,0.494961
115.6922687415,25°41'32" Cancer,Cancer,25.6922687415,solar,partial,noncentral,2393670.092615447,1841-07-18T14:13:21Z,2393670.100757318,1841-07-18T14:25:05Z,0.655996,
115.8564499096,25°51'23" Cancer,Cancer,25.8564499096,solar,partial,noncentral,2421428.624733904,1917-07-19T02:59:37Z,2421428.612828754,1917-07-19T02:42:28Z,0.086645,
116.0899144137,26°05'24" Cancer,Cancer,26.0899144137,solar,total,central,2400610.097596897,1860-07-18T14:20:32Z,2400610.101563519,1860-07-18T14:26:15Z,1.024378,
116.1315024898,26°07'53" Cancer,Cancer,26.1315024898,solar,annular,central,2414489.324290135,1898-07-18T19:46:58Z,2414489.317318195,1898-07-18T19:36:56Z,0.972127,
116.2779990328,26°16'41" Cancer,Cancer,26.2779990328,solar,annular,central,2407549.879324299,1879-07-19T09:06:13Z,2407549.878205992,1879-07-19T09:04:36Z,0.997430,
116.6277016737,26°37'40" Cancer,Cancer,26.6277016737,lunar,penumbral,,2390200.169500452,1832-01-17T16:04:04Z,2390200.179173077,1832-01-17T16:18:00Z,0.000000,0.252891
117.0511508365,27°03'04" Cancer,Cancer,27.0511508365,lunar,partial,,2397140.196404074,1851-01-17T16:42:49Z,2397140.201849976,1851-01-17T16:50:39Z,0.465104,1.440882
117.0806687539,27°04'50" Cancer,Cancer,27.0806687539,lunar,penumbral,,2417959.067191926,1908-01-18T13:36:45Z,2417959.056582626,1908-01-18T13:21:28Z,0.000000,0.537416
117.3600059895,27°21'36" Cancer,Cancer,27.3600059895,lunar,total,,2404080.114872959,1870-01-17T14:45:25Z,2404080.115663830,1870-01-17T14:46:33Z,1.656896,2.679107
117.3646649277,27°21'53" Cancer,Cancer,27.3646649277,solar,annular,central,2431291.737789468,1944-07-20T05:42:25Z,2431291.738041080,1944-07-20T05:42:46Z,0.985206,
117.3711368284,27°22'16" Cancer,Cancer,27.3711368284,lunar,partial,,2411019.733952026,1889-01-17T05:36:53Z,2411019.729024224,1889-01-17T05:29:47Z,0.696481,1.778596
117.4026082630,27°24'09" Cancer,Cancer,27.4026082630,solar,total,central,2438231.362963653,1963-07-20T20:42:40Z,2438231.358073927,1963-07-20T20:35:37Z,1.010785,
117.6089420135,27°36'32" Cancer,Cancer,27.6089420135,solar,annular,central,2424352.402625611,1925-07-20T21:39:46Z,2424352.408556388,1925-07-20T21:48:19Z,0.971814,
117.7193038491,27°43'09" Cancer,Cancer,27.7193038491,solar,partial,noncentral,2445171.289336877,1982-07-20T18:56:38Z,2445171.280492628,1982-07-20T18:43:54Z,0.464370,
117.8284056057,27°49'42" Cancer,Cancer,27.8284056057,solar,partial,noncentral,2417413.040915017,1906-07-21T12:58:55Z,2417413.051457841,1906-07-21T13:14:05Z,0.335319,
118.4920564605,28°29'31" Cancer,Cancer,28.4920564605,lunar,total,,2434761.608858289,1954-01-19T02:36:45Z,2434761.605414698,1954-01-19T02:31:47Z,1.032197,2.085560
118.6547163413,28°39'17" Cancer,Cancer,28.6547163413,lunar,total,,2427822.155689751,1935-01-19T15:44:11Z,2427822.157773503,1935-01-19T15:47:11Z,1.349121,2.450220
118.6716403635,28°40'18" Cancer,Cancer,28.6716403635,lunar,penumbral,,2441701.394684788,1973-01-18T21:28:20Z,2441701.386872545,1973-01-18T21:17:05Z,0.000000,0.865346
118.9256772568,28°55'32" Cancer,Cancer,28.9256772568,solar,partial,noncentral,2441154.885377185,1971-07-22T09:14:56Z,2441154.896779091,1971-07-22T09:31:21Z,0.068937,
118.9650197981,28°57'54" Cancer,Cancer,28.9650197981,lunar,partial,,2420882.853211800,1916-01-20T08:28:37Z,2420882.860733856,1916-01-20T08:39:27Z,0.132774,1.228498
119.0664963907,29°03'59" Cancer,Cancer,29.0664963907,solar,total,central,2448094.621001719,1990-07-22T02:54:14Z,2448094.626487108,1990-07-22T03:02:08Z,1.018574,
119.0746160803,29°04'29" Cancer,Cancer,29.0746160803,lunar,penumbral,,2413943.345046757,1897-01-18T20:16:52Z,2413943.356520754,1897-01-18T20:33:23Z,0.000000,0.066601
119.4420459301,29°26'31" Cancer,Cancer,29.4420459301,solar,total,central,2455034.607349621,2009-07-22T02:34:35Z,2455034.607841550,2009-07-22T02:35:17Z,1.040080,
119.8459329167,29°50'45" Cancer,Cancer,29.8459329167,solar,total,central,2461974.626201757,2028-07-22T03:01:43Z,2461974.621877881,2028-07-22T02:55:30Z,1.028288,
120.0755318572,00°04'32" Leo,Leo,0.0755318572,solar,partial,noncentral,2468914.450962418,2047-07-22T22:49:23Z,2468914.440947295,2047-07-22T22:34:57Z,0.360582,
120.1716642797,00°10'18" Leo,Leo,0.1716642797,lunar,penumbral,,2444624.818714998,1981-01-20T07:38:56Z,2444624.826288012,1981-01-20T07:49:51Z,0.000000,1.013749
120.4361986891,00°26'10" Leo,Leo,0.4361986891,lunar,total,,2451564.694745132,2000-01-21T04:40:25Z,2451564.696863476,2000-01-21T04:43:29Z,1.325262,2.306216
120.8595762778,00°51'34" Leo,Leo,0.8595762778,lunar,total,,2458504.719505882,2019-01-21T05:16:05Z,2458504.716885658,2019-01-21T05:12:18Z,1.195192,2.167774
121.1505446726,01°09'02" Leo,Leo,1.1505446726,solar,partial,noncentral,2464897.928486820,2036-07-23T10:17:01Z,2464897.938123262,2036-07-23T10:30:53Z,0.199288,
121.1948797225,01°11'42" Leo,Leo,1.1948797225,lunar,penumbral,,2465444.666689786,2038-01-21T04:00:01Z,2465444.658901635,2038-01-21T03:48:49Z,0.000000,0.899276
121.5229434608,01°31'23" Leo,Leo,1.5229434608,solar,total,central,2471837.908453677,2055-07-24T09:48:10Z,2471837.914275921,2055-07-24T09:56:33Z,1.017804,
122.6531591075,02°39'11" Leo,Leo,2.6531591075,lunar,partial,,2468368.035668799,2046-01-22T12:51:21Z,2468368.042690644,2046-01-22T13:01:28Z,0.054103,1.035003
122.9281258907,02°55'41" Leo,Leo,2.9281258907,lunar,total,,2475307.912468832,2065-01-22T09:53:57Z,2475307.915070629,2065-01-22T09:57:42Z,1.223396,2.256488
124.4463228420,04°26'47" Leo,Leo,4.4463228420,solar,total,central,2390392.084628824,1832-07-27T14:01:51Z,2390392.083977487,1832-07-27T14:00:55Z,1.038940,
124.8617529227,04°51'42" Leo,Leo,4.8617529227,solar,total,central,2397332.112012487,1851-07-28T14:41:17Z,2397332.106606594,1851-07-28T14:33:30Z,1.028439,
125.1190765643,05°07'09" Leo,Leo,5.1190765643,solar,partial,noncentral,2404271.970941408,1870-07-28T11:18:09Z,2404271.959968221,1870-07-28T11:02:21Z,0.074308,
126.0317680092,06°01'54" Leo,Leo,6.0317680092,lunar,total,,2386922.224887589,1823-01-26T17:23:50Z,2386922.225409788,1823-01-26T17:24:35Z,1.732187,2.717201
126.1716197514,06°10'18" Leo,Leo,6.1716197514,solar,partial,noncentral,2400255.405818298,1859-07-29T21:44:22Z,2400255.414406259,1859-07-29T21:56:44Z,0.521122,
126.2921547090,06°17'32" Leo,Leo,6.2921547090,solar,partial,noncentral,2428013.897478884,1935-07-30T09:32:22Z,2428013.886217263,1935-07-30T09:16:09Z,0.231868,
126.4516132500,06°27'06" Leo,Leo,6.4516132500,lunar,partial,,2393862.243242953,1842-01-26T17:50:16Z,2393862.239083335,1842-01-26T17:44:16Z,0.792436,1.762202
126.5620747668,06°33'43" Leo,Leo,6.5620747668,solar,total,central,2407195.403325295,1878-07-29T21:40:47Z,2407195.407839397,1878-07-29T21:47:17Z,1.021737,
126.5675667618,06°34'03" Leo,Leo,6.5675667618,solar,annular,central,2421074.593709333,1916-07-30T02:14:56Z,2421074.587393428,1916-07-30T02:05:50Z,0.972207,
126.7197973218,06°43'11" Leo,Leo,6.7197973218,solar,annular,central,2414135.165130605,1897-07-29T15:57:47Z,2414135.164631511,1897-07-29T15:57:04Z,0.995268,
126.8117623521,06°48'42" Leo,Leo,6.8117623521,lunar,penumbral,,2400802.213350980,1861-01-26T17:07:13Z,2400802.204180734,1861-01-26T16:54:01Z,0.000000,0.499381
127.8103699462,07°48'37" Leo,Leo,7.8103699462,solar,annular,central,2437877.016446717,1962-07-31T12:23:40Z,2437877.017350986,1962-07-31T12:24:59Z,0.986107,
127.8137187955,07°48'49" Leo,Leo,7.8137187955,lunar,penumbral,,2396785.536055945,1850-01-28T00:51:55Z,2396785.545737704,1850-01-28T01:05:51Z,0.000000,0.244780
127.8539535269,07°51'14" Leo,Leo,7.8539535269,solar,total,central,2444816.661081376,1981-07-31T03:51:57Z,2444816.656780241,1981-07-31T03:45:45Z,1.012561,
128.0475267614,08°02'51" Leo,Leo,8.0475267614,solar,annular,central,2430937.671029957,1943-08-01T04:06:16Z,2430937.677650313,1943-08-01T04:15:48Z,0.970284,
128.1920380039,08°11'31" Leo,Leo,8.1920380039,solar,partial,noncentral,2451756.600814624,2000-07-31T02:25:10Z,2451756.592443366,2000-07-31T02:13:07Z,0.603366,
128.2327204887,08°13'58" Leo,Leo,8.2327204887,lunar,partial,,2403725.562852329,1869-01-28T01:30:30Z,2403725.568357583,1869-01-28T01:38:26Z,0.451731,1.427712
128.2337406408,08°14'01" Leo,Leo,8.2337406408,lunar,penumbral,,2424544.399428962,1926-01-28T21:35:10Z,2424544.388904270,1926-01-28T21:20:01Z,0.000000,0.555517
128.2747006823,08°16'29" Leo,Leo,8.2747006823,solar,partial,noncentral,2423998.320649597,1924-07-31T19:41:44Z,2423998.331830858,1924-07-31T19:57:50Z,0.191721,
128.5231150753,08°31'23" Leo,Leo,8.5231150753,lunar,partial,,2417605.072897322,1907-01-29T13:44:58Z,2417605.068017872,1907-01-29T13:37:56Z,0.710457,1.793630
128.5393392148,08°32'22" Leo,Leo,8.5393392148,lunar,total,,2410665.471458235,1888-01-28T23:18:53Z,2410665.472295438,1888-01-28T23:20:06Z,1.645523,2.669534
129.5303001506,09°31'49" Leo,Leo,9.5303001506,solar,total,central,2454679.925359034,2008-08-01T10:12:31Z,2454679.931323769,2008-08-01T10:21:06Z,1.018449,
129.6579420285,09°39'29" Leo,Leo,9.6579420285,lunar,total,,2441346.957075007,1972-01-30T10:58:11Z,2441346.953711346,1972-01-30T10:53:20Z,1.049699,2.098885
129.8000366146,09°48'00" Leo,Leo,9.8000366146,lunar,total,,2434407.489026782,1953-01-29T23:44:11Z,2434407.491195022,1953-01-29T23:47:19Z,1.330558,2.429040
129.8435534208,09°50'37" Leo,Leo,9.8435534208,lunar,penumbral,,2448286.756722774,1991-01-30T06:09:40Z,2448286.748999435,1991-01-30T05:58:33Z,0.000000,0.880391
129.9173499338,09°55'02" Leo,Leo,9.9173499338,solar,total,central,2461619.920292957,2027-08-02T10:05:13Z,2461619.921294524,2027-08-02T10:06:39Z,1.039650,
130.1174638978,10°07'03" Leo,Leo,10.1174638978,lunar,partial,,2427468.188472057,1934-01-30T16:31:23Z,2427468.196093088,1934-01-30T16:42:22Z,0.112237,1.208192
130.2355418287,10°14'08" Leo,Leo,10.2355418287,lunar,penumbral,,2420528.695078903,1915-01-31T04:40:54Z,2420528.706673498,1915-01-31T04:57:36Z,0.000000,0.045700
130.3258782706,10°19'33" Leo,Leo,10.3258782706,solar,total,central,2468559.934391425,2046-08-02T10:25:31Z,2468559.930552283,2046-08-02T10:19:59Z,1.026919,
130.5285142978,10°31'43" Leo,Leo,10.5285142978,solar,partial,noncentral,2475499.740711809,2065-08-02T05:46:37Z,2475499.731149256,2065-08-02T05:32:51Z,0.490589,
131.3296040095,11°19'47" Leo,Leo,11.3296040095,lunar,penumbral,,2451210.171208232,1999-01-31T16:06:32Z,2451210.178783368,1999-01-31T16:17:26Z,0.000000,1.002871
131.6176828567,11°37'04" Leo,Leo,11.6176828567,lunar,total,,2458150.060219816,2018-01-31T13:26:42Z,2458150.062373698,2018-01-31T13:29:49Z,1.316491,2.294667
131.6346570758,11°38'05" Leo,Leo,11.6346570758,solar,partial,noncentral,2471483.241798982,2054-08-03T17:48:11Z,2471483.251869558,2054-08-03T18:02:41Z,0.065930,
132.0362792035,12°02'11" Leo,Leo,12.0362792035,lunar,total,,2465090.086252666,2037-01-31T14:04:12Z,2465090.083676312,2037-01-31T14:00:29Z,1.207066,2.179401
132.3713399829,12°22'17" Leo,Leo,12.3713399829,lunar,penumbral,,2472030.025118039,2056-02-01T12:36:10Z,2472030.017323291,2056-02-01T12:24:56Z,0.000000,0.905118
133.2359601179,13°14'09" Leo,Leo,13.2359601179,solar,partial,noncentral,2387114.082737650,1823-08-06T13:59:08Z,2387114.073247368,1823-08-06T13:45:28Z,0.274955,
133.8324084663,13°49'57" Leo,Leo,13.8324084663,lunar,partial,,2474953.401035467,2064-02-02T21:37:29Z,2474953.408127264,2064-02-02T21:47:42Z,0.038795,1.020176
134.5783624624,14°34'42" Leo,Leo,14.5783624624,solar,total,central,2390037.422779558,1831-08-07T22:08:48Z,2390037.427647552,1831-08-07T22:15:48Z,1.017568,
134.9398992292,14°56'24" Leo,Leo,14.9398992292,solar,total,central,2396977.398590215,1850-08-07T21:33:58Z,2396977.398436926,1850-08-07T21:33:44Z,1.038763,
135.3544391031,15°21'16" Leo,Leo,15.3544391031,solar,total,central,2403917.422324745,1869-08-07T22:08:08Z,2403917.417377833,1869-08-07T22:01:01Z,1.027152,
135.5931032228,15°35'35" Leo,Leo,15.5931032228,solar,partial,noncentral,2410857.264547348,1888-08-07T18:20:56Z,2410857.253969974,1888-08-07T18:05:43Z,0.198601,
136.6688669333,16°40'08" Leo,Leo,16.6688669333,solar,partial,noncentral,2406840.720387810,1877-08-09T05:17:21Z,2406840.729411187,1877-08-09T05:30:21Z,0.389290,
136.7554629721,16°45'20" Leo,Leo,16.7554629721,solar,partial,noncentral,2434599.173569445,1953-08-09T16:09:56Z,2434599.162938907,1953-08-09T15:54:37Z,0.373237,
137.0264997195,17°01'35" Leo,Leo,17.0264997195,solar,annular,central,2427659.864953873,1934-08-10T08:45:32Z,2427659.859287219,1934-08-10T08:37:22Z,0.971817,
137.0524478226,17°03'09" Leo,Leo,17.0524478226,solar,total,central,2413780.709566937,1896-08-09T05:01:46Z,2413780.714621217,1896-08-09T05:09:03Z,1.018688,
137.1900244699,17°11'24" Leo,Leo,17.1900244699,lunar,total,,2393507.587628923,1841-02-06T02:06:11Z,2393507.588208378,1841-02-06T02:07:01Z,1.719015,2.700600
137.2014994771,17°12'05" Leo,Leo,17.2014994771,solar,annular,central,2420720.452769501,1915-08-10T22:51:59Z,2420720.452867524,1915-08-10T22:52:07Z,0.992937,
137.5986021925,17°35'55" Leo,Leo,17.5986021925,lunar,partial,,2400447.607970648,1860-02-07T02:35:28Z,2400447.603876218,1860-02-07T02:29:34Z,0.809951,1.778806
137.9553009771,17°57'19" Leo,Leo,17.9553009771,lunar,penumbral,,2407387.570767698,1879-02-07T01:41:54Z,2407387.561609018,1879-02-07T01:28:43Z,0.000000,0.510258
138.2781913034,18°16'41" Leo,Leo,18.2781913034,solar,annular,central,2444462.298127274,1980-08-10T19:09:18Z,2444462.299655408,1980-08-10T19:11:30Z,0.986717,
138.3533403018,18°21'12" Leo,Leo,18.3533403018,solar,total,central,2451401.964239964,1999-08-11T11:08:30Z,2451401.960487323,1999-08-11T11:03:06Z,1.014107,
138.5095252638,18°30'34" Leo,Leo,18.5095252638,solar,annular,central,2437522.941501328,1961-08-11T10:35:45Z,2437522.948782916,1961-08-11T10:46:14Z,0.968383,
138.6949515091,18°41'42" Leo,Leo,18.6949515091,solar,partial,noncentral,2458341.915103146,2018-08-11T09:57:44Z,2458341.907187744,2018-08-11T09:46:21Z,0.736744,
138.7565363653,18°45'24" Leo,Leo,18.7565363653,solar,partial,noncentral,2430583.602539075,1942-08-12T02:27:39Z,2430583.614330674,1942-08-12T02:44:38Z,0.055834,
138.9589684342,18°57'32" Leo,Leo,18.9589684342,lunar,penumbral,,2403370.899662955,1868-02-08T09:35:30Z,2403370.909378197,1868-02-08T09:49:30Z,0.000000,0.229402
139.3516863869,19°21'06" Leo,Leo,19.3516863869,lunar,penumbral,,2431129.728822611,1944-02-09T05:29:30Z,2431129.718413827,1944-02-09T05:14:30Z,0.000000,0.579583
139.3819400150,19°22'55" Leo,Leo,19.3819400150,lunar,partial,,2410310.926477973,1887-02-08T10:14:07Z,2410310.932064336,1887-02-08T10:22:10Z,0.432845,1.408626
139.6504788916,19°39'02" Leo,Leo,19.6504788916,lunar,partial,,2424190.409008102,1925-02-08T21:48:58Z,2424190.404200671,1925-02-08T21:42:02Z,0.729725,1.813342
139.6702053846,19°40'13" Leo,Leo,19.6702053846,lunar,total,,2417250.823306889,1906-02-09T07:45:33Z,2417250.824227942,1906-02-09T07:46:53Z,1.625537,2.650814
140.0328953980,20°01'58" Leo,Leo,20.0328953980,solar,total,central,2461265.233837509,2026-08-12T17:36:43Z,2461265.240248149,2026-08-12T17:45:57Z,1.017753,
140.4225610679,20°25'21" Leo,Leo,20.4225610679,solar,total,central,2468205.235612199,2045-08-12T17:39:16Z,2468205.237103055,2045-08-12T17:41:25Z,1.038841,
140.7831854337,20°46'59" Leo,Leo,20.7831854337,lunar,total,,2447932.302595738,1990-02-09T19:15:44Z,2447932.299343248,1990-02-09T19:11:03Z,1.074840,2.119156
140.8187113270,20°49'07" Leo,Leo,20.8187113270,solar,total,central,2475145.242788520,2064-08-12T17:49:36Z,2475145.239434828,2064-08-12T17:44:47Z,1.025116,
140.9193761711,20°55'10" Leo,Leo,20.9193761711,lunar,total,,2440992.820419339,1971-02-10T07:41:24Z,2440992.822692946,1971-02-10T07:44:40Z,1.307423,2.402596
140.9933173591,20°59'36" Leo,Leo,20.9933173591,lunar,penumbral,,2454872.117451607,2009-02-09T14:49:07Z,2454872.109830359,2009-02-09T14:38:09Z,0.000000,0.898827
141.2274123293,21°13'39" Leo,Leo,21.2274123293,lunar,partial,,2434053.519588279,1952-02-11T00:28:12Z,2434053.527343192,1952-02-11T00:39:22Z,0.083449,1.179025
141.3641209982,21°21'51" Leo,Leo,21.3641209982,lunar,penumbral,,2427114.041981679,1933-02-10T13:00:27Z,2427114.053716256,1933-02-10T13:17:21Z,0.000000,0.018861
142.4684607847,22°28'06" Leo,Leo,22.4684607847,lunar,penumbral,,2457795.522849543,2017-02-11T00:32:54Z,2457795.530436885,2017-02-11T00:43:49Z,0.000000,0.988758
142.7573788645,22°45'27" Leo,Leo,22.7573788645,lunar,total,,2464735.422715816,2036-02-11T22:08:42Z,2464735.424933413,2036-02-11T22:11:54Z,1.300591,2.275649
143.1825643222,23°10'57" Leo,Leo,23.1825643222,lunar,total,,2471675.450454684,2055-02-11T22:48:39Z,2471675.447941334,2055-02-11T22:45:02Z,1.224044,2.195860
143.4464453879,23°26'47" Leo,Leo,23.4464453879,solar,total,central,2386759.473421840,1822-08-16T23:21:43Z,2386759.468280663,1822-08-16T23:14:19Z,1.008624,
143.7598877562,23°45'36" Leo,Leo,23.7598877562,solar,partial,noncentral,2393699.398161357,1841-08-16T21:33:21Z,2393699.389113657,1841-08-16T21:20:19Z,0.405660,
144.9723119536,24°58'20" Leo,Leo,24.9723119536,solar,partial,noncentral,2389682.998180830,1830-08-18T11:57:22Z,2389683.009430719,1830-08-18T12:13:34Z,0.117447,
145.1036222623,25°06'13" Leo,Leo,25.1036222623,solar,total,central,2396622.731274707,1849-08-18T05:33:02Z,2396622.736591283,1849-08-18T05:40:41Z,1.017435,
145.4806077081,25°28'50" Leo,Leo,25.4806077081,solar,total,central,2403562.716405247,1868-08-18T05:11:37Z,2403562.716717237,1868-08-18T05:12:04Z,1.038212,
145.8892217823,25°53'21" Leo,Leo,25.8892217823,solar,total,central,2410502.735156543,1887-08-19T05:38:37Z,2410502.730647814,1887-08-19T05:32:07Z,1.025600,
146.1135042495,26°06'49" Leo,Leo,26.1135042495,solar,partial,noncentral,2417442.560614082,1906-08-20T01:27:17Z,2417442.550416861,1906-08-20T01:12:36Z,0.315177,
146.5257658862,26°31'33" Leo,Leo,26.5257658862,lunar,penumbral,,2390229.648330575,1832-02-16T03:33:35Z,2390229.639194291,1832-02-16T03:20:26Z,0.000000,0.507471
147.2168364663,27°13'01" Leo,Leo,27.2168364663,solar,partial,noncentral,2413426.038668370,1895-08-20T12:55:40Z,2413426.048096627,1895-08-20T13:09:15Z,0.266939,
147.2551621286,27°15'19" Leo,Leo,27.2551621286,solar,partial,noncentral,2441184.453719869,1971-08-20T22:53:21Z,2441184.443697452,1971-08-20T22:38:55Z,0.508447,
147.5219189499,27°31'19" Leo,Leo,27.5219189499,solar,annular,central,2434245.139117346,1952-08-20T15:20:19Z,2434245.134080552,1952-08-20T15:13:04Z,0.971128,
147.5872253249,27°35'14" Leo,Leo,27.5872253249,solar,total,central,2420366.018123622,1914-08-21T12:26:05Z,2420366.023692242,1914-08-21T12:34:07Z,1.015299,
147.7072661594,27°42'26" Leo,Leo,27.7072661594,solar,annular,central,2427305.741525730,1933-08-21T05:47:47Z,2427305.742214725,1933-08-21T05:48:47Z,0.990363,
148.0365046366,28°02'11" Leo,Leo,28.0365046366,lunar,partial,,2393153.078926284,1840-02-17T13:53:39Z,2393153.085000438,1840-02-17T14:02:24Z,0.362097,1.392262
148.2905090259,28°17'26" Leo,Leo,28.2905090259,lunar,total,,2400092.946031689,1859-02-17T10:42:17Z,2400092.946709172,1859-02-17T10:43:15Z,1.695646,2.673400
148.7122705242,28°42'44" Leo,Leo,28.7122705242,lunar,partial,,2407032.970045867,1878-02-17T11:16:51Z,2407032.966037219,1878-02-17T11:11:05Z,0.833093,1.800728
148.7980172810,28°47'53" Leo,Leo,28.7980172810,solar,annular,central,2451047.585488912,1998-08-22T02:03:06Z,2451047.587589860,1998-08-22T02:06:07Z,0.987069,
148.8822366529,28°52'56" Leo,Leo,28.8822366529,solar,total,central,2457987.270971446,2017-08-21T18:30:11Z,2457987.267740425,2017-08-21T18:25:32Z,1.015323,
149.0117154715,29°00'42" Leo,Leo,29.0117154715,solar,annular,central,2444108.215587788,1979-08-22T17:10:26Z,2444108.223489157,1979-08-22T17:21:49Z,0.965764,
149.0583380452,29°03'30" Leo,Leo,29.0583380452,lunar,penumbral,,2413972.924336519,1897-02-17T10:11:02Z,2413972.915214123,1897-02-17T09:57:54Z,0.000000,0.527581
149.2390461135,29°14'21" Leo,Leo,29.2390461135,solar,partial,noncentral,2464927.232908703,2036-08-21T17:35:23Z,2464927.225424930,2036-08-21T17:24:36Z,0.862253,
150.0654625325,00°03'56" Virgo,Virgo,0.0654625325,lunar,penumbral,,2409956.260376380,1886-02-18T18:14:56Z,2409956.270147926,1886-02-18T18:29:00Z,0.000000,0.207027
150.4223267013,00°25'20" Virgo,Virgo,0.4223267013,lunar,penumbral,,2437715.054109244,1962-02-19T13:17:55Z,2437715.043858388,1962-02-19T13:03:09Z,0.000000,0.612379
150.4833379698,00°29'00" Virgo,Virgo,0.4833379698,lunar,partial,,2416896.285969245,1905-02-19T18:51:47Z,2416896.291667761,1905-02-19T19:00:00Z,0.405988,1.381307
150.5698848754,00°34'12" Virgo,Virgo,0.5698848754,solar,total,central,2467850.545834189,2044-08-23T01:06:00Z,2467850.552663157,2044-08-23T01:15:50Z,1.016378,
150.7169808141,00°43'01" Virgo,Virgo,0.7169808141,lunar,partial,,2430775.739421146,1943-02-20T05:44:45Z,2430775.734738211,1943-02-20T05:38:01Z,0.760891,1.844350
150.7667306919,00°46'00" Virgo,Virgo,0.7667306919,lunar,total,,2423836.171565092,1924-02-20T16:07:03Z,2423836.172596464,1924-02-20T16:08:32Z,1.599495,2.625700
150.9698067331,00°58'11" Virgo,Virgo,0.9698067331,solar,total,central,2474790.554182497,2063-08-24T01:18:01Z,2474790.556135141,2063-08-24T01:20:50Z,1.037686,
151.8765327015,01°52'36" Virgo,Virgo,1.8765327015,lunar,total,,2454517.646193668,2008-02-21T03:30:31Z,2454517.643076370,2008-02-21T03:26:01Z,1.105945,2.144966
151.9813965722,01°58'53" Virgo,Virgo,1.9813965722,lunar,total,,2447578.147143955,1989-02-20T15:31:53Z,2447578.149569243,1989-02-20T15:35:22Z,1.273967,2.365131
152.0930915331,02°05'35" Virgo,Virgo,2.0930915331,lunar,penumbral,,2461457.474747530,2027-02-20T23:23:38Z,2461457.467260514,2027-02-20T23:12:51Z,0.000000,0.925799
152.2927500893,02°17'34" Virgo,Virgo,2.2927500893,lunar,partial,,2440638.846339588,1970-02-21T08:18:43Z,2440638.854262790,1970-02-21T08:30:08Z,0.046535,1.141036
153.5537575067,03°33'14" Virgo,Virgo,3.5537575067,lunar,penumbral,,2464380.870803778,2035-02-22T08:53:57Z,2464380.878436579,2035-02-22T09:04:56Z,0.000000,0.965492
153.8597820507,03°51'35" Virgo,Virgo,3.8597820507,lunar,total,,2471320.782527051,2054-02-22T06:46:50Z,2471320.784832977,2054-02-22T06:50:09Z,1.278432,2.250031
154.0038684986,04°00'14" Virgo,Virgo,4.0038684986,solar,total,central,2393344.780624349,1840-08-27T06:44:05Z,2393344.775998457,1840-08-27T06:37:26Z,1.009800,
154.3417374791,04°20'30" Virgo,Virgo,4.3417374791,solar,partial,noncentral,2400284.718275066,1859-08-28T05:14:18Z,2400284.709635989,1859-08-28T05:01:52Z,0.525727,
155.5307247153,05°31'51" Virgo,Virgo,5.5307247153,solar,partial,noncentral,2396268.292821812,1848-08-28T19:01:39Z,2396268.304447089,1848-08-28T19:18:24Z,0.009481,
155.6839660120,05°41'02" Virgo,Virgo,5.6839660120,solar,total,central,2403208.044989372,1867-08-29T13:04:47Z,2403208.050711693,1867-08-29T13:13:01Z,1.017000,
156.0669164652,06°04'01" Virgo,Virgo,6.0669164652,solar,total,central,2410148.037735615,1886-08-29T12:54:20Z,2410148.038482971,1886-08-29T12:55:24Z,1.037210,
156.4705541382,06°28'14" Virgo,Virgo,6.4705541382,solar,total,central,2417088.050850253,1905-08-30T13:13:13Z,2417088.046753144,1905-08-30T13:07:19Z,1.023773,
156.6735295868,06°40'25" Virgo,Virgo,6.6735295868,solar,partial,noncentral,2424027.858785038,1924-08-30T08:36:39Z,2424027.848956415,1924-08-30T08:22:29Z,0.425169,
157.4012666781,07°24'05" Virgo,Virgo,7.4012666781,lunar,partial,,2389875.210572970,1831-02-26T17:03:13Z,2389875.205666716,1831-02-26T16:56:09Z,0.689269,1.734381
157.5819962181,07°34'55" Virgo,Virgo,7.5819962181,lunar,penumbral,,2396815.000625886,1850-02-26T12:00:54Z,2396814.991654347,1850-02-26T11:47:58Z,0.000000,0.541048
157.8038859600,07°48'14" Virgo,Virgo,7.8038859600,solar,partial,noncentral,2420011.359508014,1913-08-31T20:37:41Z,2420011.369320702,1913-08-31T20:51:49Z,0.151444,
157.8052812502,07°48'19" Virgo,Virgo,7.8052812502,solar,partial,noncentral,2447769.739266659,1989-08-31T05:44:32Z,2447769.729816656,1989-08-31T05:30:56Z,0.634771,
158.0679005627,08°04'04" Virgo,Virgo,8.0679005627,solar,annular,central,2440830.417513819,1970-08-31T22:01:13Z,2440830.413072759,1970-08-31T21:54:49Z,0.970158,
158.1652312178,08°09'55" Virgo,Virgo,8.1652312178,solar,total,central,2426951.329529467,1932-08-31T19:54:31Z,2426951.335586888,1932-08-31T20:03:14Z,1.011599,
158.2742969650,08°16'27" Virgo,Virgo,8.2742969650,solar,annular,central,2433891.034420585,1951-09-01T12:49:33Z,2433891.035659283,1951-09-01T12:51:20Z,0.987691,
159.0682514094,09°04'06" Virgo,Virgo,9.0682514094,lunar,partial,,2399738.420308612,1858-02-27T22:05:14Z,2399738.426484119,1858-02-27T22:14:08Z,0.332116,1.356560
159.1149374150,09°06'54" Virgo,Virgo,9.1149374150,lunar,penumbral,,2392798.858206171,1839-02-28T08:35:49Z,2392798.870480578,1839-02-28T08:53:29Z,0.000000,0.023519
159.3518031002,09°21'06" Virgo,Virgo,9.3518031002,lunar,total,,2406678.301689145,1877-02-27T19:14:25Z,2406678.302489516,1877-02-27T19:15:35Z,1.665792,2.639468
159.3529688395,09°21'11" Virgo,Virgo,9.3529688395,solar,annular,central,2457632.877173376,2016-09-01T09:03:07Z,2457632.879808869,2016-09-01T09:06:55Z,0.987175,
159.4653307590,09°27'55" Virgo,Virgo,9.4653307590,solar,total,central,2464572.583031743,2035-09-02T01:59:33Z,2464572.580279689,2035-09-02T01:55:36Z,1.016259,
159.5611749289,09°33'40" Virgo,Virgo,9.5611749289,solar,partial,noncentral,2450693.494159969,1997-09-01T23:51:35Z,2450693.502633909,1997-09-02T00:03:47Z,0.898631,
159.7665926786,09°46'00" Virgo,Virgo,9.7665926786,lunar,partial,,2413618.327300127,1896-02-28T19:51:18Z,2413618.323416315,1896-02-28T19:45:43Z,0.866660,1.832853
159.8300910970,09°49'48" Virgo,Virgo,9.8300910970,solar,partial,noncentral,2471512.554508425,2054-09-02T01:18:29Z,2471512.547430147,2054-09-02T01:08:17Z,0.979272,
160.1050063570,10°06'18" Virgo,Virgo,10.1050063570,lunar,penumbral,,2420558.272464715,1915-03-01T18:32:20Z,2420558.263414463,1915-03-01T18:19:19Z,0.000000,0.554590
161.1171611726,11°07'02" Virgo,Virgo,11.1171611726,lunar,penumbral,,2416541.616809280,1904-03-02T02:48:12Z,2416541.626667523,1904-03-02T03:02:24Z,0.000000,0.175563
161.1635635243,11°09'49" Virgo,Virgo,11.1635635243,solar,partial,noncentral,2474435.863057233,2062-09-03T08:42:48Z,2474435.870261896,2062-09-03T08:53:10Z,0.975640,
161.4397664669,11°26'23" Virgo,Virgo,11.4397664669,lunar,penumbral,,2444300.374777033,1980-03-01T20:59:40Z,2444300.364730591,1980-03-01T20:45:12Z,0.000000,0.654961
161.5360958204,11°32'10" Virgo,Virgo,11.5360958204,lunar,partial,,2423481.641241984,1923-03-03T03:23:23Z,2423481.647084489,1923-03-03T03:31:48Z,0.370971,1.345592
161.7445545592,11°44'40" Virgo,Virgo,11.7445545592,lunar,partial,,2437361.065739320,1961-03-02T13:34:39Z,2437361.061216146,1961-03-02T13:28:09Z,0.799866,1.882678
161.7942476858,11°47'39" Virgo,Virgo,11.7942476858,lunar,total,,2430421.513731033,1942-03-03T00:19:46Z,2430421.514926330,1942-03-03T00:21:29Z,1.561082,2.587821
162.8981604837,12°53'53" Virgo,Virgo,12.8981604837,lunar,total,,2461102.984671542,2026-03-03T11:37:55Z,2461102.981744393,2026-03-03T11:33:42Z,1.150455,2.183695
162.9959496139,12°59'45" Virgo,Virgo,12.9959496139,lunar,total,,2454163.470247306,2007-03-03T23:17:09Z,2454163.472860836,2007-03-03T23:20:55Z,1.232160,2.318832
163.1405136903,13°08'26" Virgo,Virgo,13.1405136903,lunar,penumbral,,2468042.828233962,2045-03-03T07:52:39Z,2468042.820912758,2045-03-03T07:42:06Z,0.000000,0.961313
163.2991651296,13°17'57" Virgo,Virgo,13.2991651296,lunar,penumbral,,2447224.167436999,1988-03-03T16:01:06Z,2447224.175575349,1988-03-03T16:12:49Z,0.000000,1.091479
164.5629460885,14°33'47" Virgo,Virgo,14.5629460885,solar,annular,central,2392990.431816557,1839-09-07T22:21:48Z,2392990.432875386,1839-09-07T22:23:20Z,0.983395,
164.5870428567,14°35'13" Virgo,Virgo,14.5870428567,lunar,penumbral,,2470966.215096048,2053-03-04T17:09:44Z,2470966.222807903,2053-03-04T17:20:50Z,0.000000,0.932798
164.6270745422,14°37'37" Virgo,Virgo,14.6270745422,solar,total,central,2399930.093988474,1858-09-07T14:15:20Z,2399930.089826577,1858-09-07T14:09:21Z,1.010587,
164.9669471528,14°58'01" Virgo,Virgo,14.9669471528,solar,partial,noncentral,2406870.042113253,1877-09-07T13:00:38Z,2406870.033859017,1877-09-07T12:48:45Z,0.638218,
166.3123955600,16°18'45" Virgo,Virgo,16.3123955600,solar,total,central,2409793.363337471,1885-09-08T20:43:12Z,2409793.369429279,1885-09-08T20:51:58Z,1.016135,
166.7046091279,16°42'17" Virgo,Virgo,16.7046091279,solar,total,central,2416733.362917416,1904-09-09T20:42:36Z,2416733.364066280,1904-09-09T20:44:15Z,1.035930,
167.1031933053,17°06'11" Virgo,Virgo,17.1031933053,solar,total,central,2423673.369734380,1923-09-10T20:52:25Z,2423673.366021796,1923-09-10T20:47:04Z,1.021669,
167.2995722630,17°17'58" Virgo,Virgo,17.2995722630,solar,partial,noncentral,2430613.161571010,1942-09-10T15:52:39Z,2430613.152078550,1942-09-10T15:38:59Z,0.523665,
168.3832005491,18°23'00" Virgo,Virgo,18.3832005491,lunar,partial,,2396460.543313404,1849-03-09T01:02:22Z,2396460.538634372,1849-03-09T00:55:38Z,0.740844,1.779908
168.4110936404,18°24'40" Virgo,Virgo,18.4110936404,solar,partial,noncentral,2454355.030735923,2007-09-11T12:44:15Z,2454355.021817179,2007-09-11T12:31:25Z,0.751095,
168.4502654958,18°27'01" Virgo,Virgo,18.4502654958,solar,partial,noncentral,2426596.684913064,1931-09-12T04:26:16Z,2426596.695076831,1931-09-12T04:40:54Z,0.047018,
168.5208873095,18°31'15" Virgo,Virgo,18.5208873095,lunar,total,,2389521.070696282,1830-03-09T13:41:48Z,2389521.071381138,1830-03-09T13:42:47Z,1.662522,2.750953
168.5802686119,18°34'49" Virgo,Virgo,18.5802686119,lunar,penumbral,,2403400.348809393,1868-03-08T20:22:17Z,2403400.340036253,1868-03-08T20:09:39Z,0.000000,0.584066
168.6703709804,18°40'13" Virgo,Virgo,18.6703709804,solar,annular,central,2447415.700779872,1988-09-11T04:49:07Z,2447415.696893665,1988-09-11T04:43:31Z,0.969041,
168.8052527277,18°48'19" Virgo,Virgo,18.8052527277,solar,total,central,2433536.645026393,1950-09-12T03:28:50Z,2433536.651534691,1950-09-12T03:38:12Z,1.007656,
168.8895133295,18°53'22" Virgo,Virgo,18.8895133295,solar,annular,central,2440476.330398992,1969-09-11T19:55:46Z,2440476.332157967,1969-09-11T19:58:18Z,0.984855,
169.9810737321,19°58'52" Virgo,Virgo,19.9810737321,solar,annular,central,2464218.176280994,2034-09-12T16:13:50Z,2464218.179383424,2034-09-12T16:18:18Z,0.987155,
170.0527910586,20°03'10" Virgo,Virgo,20.0527910586,lunar,partial,,2406323.758612536,1876-03-10T06:12:24Z,2406323.764918745,1876-03-10T06:21:28Z,0.294395,1.312893
170.1006633105,20°06'02" Virgo,Virgo,20.1006633105,solar,total,central,2471157.900170907,2053-09-12T09:36:14Z,2471157.897857138,2053-09-12T09:32:54Z,1.016802,
170.1725410020,20°10'21" Virgo,Virgo,20.1725410020,solar,partial,noncentral,2457278.778665502,2015-09-13T06:41:16Z,2457278.787652380,2015-09-13T06:54:13Z,0.787334,
170.3325256782,20°19'57" Virgo,Virgo,20.3325256782,lunar,total,,2413263.651253526,1895-03-11T03:37:48Z,2413263.652232571,1895-03-11T03:39:12Z,1.621558,2.590980
170.7597199526,20°45'35" Virgo,Virgo,20.7597199526,lunar,partial,,2420203.679294645,1914-03-12T04:18:11Z,2420203.675575261,1914-03-12T04:12:49Z,0.910747,1.875373
171.0874330822,21°05'15" Virgo,Virgo,21.0874330822,lunar,penumbral,,2427143.615008742,1933-03-12T02:45:36Z,2427143.606070747,1933-03-12T02:32:44Z,0.000000,0.592173
172.1019922286,22°06'07" Virgo,Virgo,22.1019922286,lunar,penumbral,,2423126.968038069,1922-03-13T11:13:58Z,2423126.978021299,1922-03-13T11:28:21Z,0.000000,0.132547
172.3963470819,22°23'47" Virgo,Virgo,22.3963470819,lunar,penumbral,,2450885.690390540,1998-03-13T04:34:09Z,2450885.680601385,1998-03-13T04:20:03Z,0.000000,0.709010
172.5163837442,22°30'59" Virgo,Virgo,22.5163837442,lunar,partial,,2430066.990783477,1941-03-13T11:46:43Z,2430066.996818813,1941-03-13T11:55:25Z,0.323323,1.297106
172.6978055502,22°41'52" Virgo,Virgo,22.6978055502,lunar,partial,,2443946.384912477,1979-03-13T21:14:16Z,2443946.380613190,1979-03-13T21:08:04Z,0.853138,1.934910
172.7759586787,22°46'33" Virgo,Virgo,22.7759586787,lunar,total,,2437006.851236615,1960-03-13T08:25:46Z,2437006.852631606,1960-03-13T08:27:47Z,1.514499,2.541556
173.6668370377,23°40'01" Virgo,Virgo,23.6668370377,solar,partial,noncentral,2389712.599541742,1830-09-17T02:23:20Z,2389712.588982550,1830-09-17T02:08:08Z,0.393231,
173.8768531401,23°52'37" Virgo,Virgo,23.8768531401,lunar,total,,2467688.320280337,2044-03-13T19:41:12Z,2467688.317573652,2044-03-13T19:37:18Z,1.202629,2.229847
173.9423193933,23°56'32" Virgo,Virgo,23.9423193933,lunar,total,,2460748.787970647,2025-03-14T06:54:40Z,2460748.790826636,2025-03-14T06:58:47Z,1.177883,2.259555
174.1210525239,24°07'16" Virgo,Virgo,24.1210525239,lunar,partial,,2474628.176867527,2063-03-14T16:14:41Z,2474628.169752269,2063-03-14T16:04:26Z,0.033973,1.007865
174.2452797476,24°14'43" Virgo,Virgo,24.2452797476,lunar,penumbral,,2453809.482962748,2006-03-14T23:35:27Z,2453809.491361032,2006-03-14T23:47:33Z,0.000000,1.030673
175.2282875674,25°13'42" Virgo,Virgo,25.2282875674,solar,annular,central,2399575.731753835,1857-09-18T05:33:43Z,2399575.733277217,1857-09-18T05:35:55Z,0.983310,
175.3069975180,25°18'25" Virgo,Virgo,25.3069975180,solar,total,central,2406515.412979070,1876-09-17T21:54:41Z,2406515.409237047,1876-09-17T21:49:18Z,1.011108,
175.4561627536,25°27'22" Virgo,Virgo,25.4561627536,solar,annular,central,2392636.364792563,1838-09-18T20:45:18Z,2392636.372098053,1838-09-18T20:55:49Z,0.963208,
175.6669641992,25°40'01" Virgo,Virgo,25.6669641992,solar,partial,noncentral,2413455.371864520,1895-09-18T20:55:29Z,2413455.363950452,1895-09-18T20:44:05Z,0.736923,
177.0130852617,27°00'47" Virgo,Virgo,27.0130852617,solar,total,central,2416378.687913399,1903-09-21T04:30:35Z,2416378.694322764,1903-09-21T04:39:49Z,1.015027,
177.4083494666,27°24'30" Virgo,Virgo,27.4083494666,solar,total,central,2423318.693028498,1922-09-21T04:37:57Z,2423318.694535676,1922-09-21T04:40:07Z,1.034369,
177.8012249719,27°48'04" Virgo,Virgo,27.8012249719,solar,total,central,2430258.693373626,1941-09-21T04:38:27Z,2430258.690005725,1941-09-21T04:33:36Z,1.019254,
177.9701150555,27°58'12" Virgo,Virgo,27.9701150555,solar,partial,noncentral,2437198.466993109,1960-09-20T23:12:28Z,2437198.457818601,1960-09-20T22:59:15Z,0.614639,
179.0859101539,29°05'09" Virgo,Virgo,29.0859101539,solar,partial,noncentral,2460940.329276947,2025-09-21T19:54:09Z,2460940.320838094,2025-09-21T19:42:00Z,0.855278,
179.3035062308,29°18'13" Virgo,Virgo,29.3035062308,lunar,partial,,2403045.871679467,1867-03-20T08:55:13Z,2403045.867271897,1867-03-20T08:48:52Z,0.803280,1.836108
179.3350729528,29°20'06" Virgo,Virgo,29.3350729528,solar,annular,central,2454000.989625236,2006-09-22T11:45:03Z,2454000.986244883,2006-09-22T11:40:11Z,0.967800,
179.4166960260,29°25'00" Virgo,Virgo,29.4166960260,lunar,total,,2396106.382402048,1848-03-19T21:10:39Z,2396106.383381870,1848-03-19T21:12:04Z,1.598861,2.682468
179.4980890870,29°29'53" Virgo,Virgo,29.4980890870,solar,total,central,2440121.963946076,1968-09-22T11:08:04Z,2440121.970874117,1968-09-22T11:18:03Z,1.003320,
179.5110147194,29°30'40" Virgo,Virgo,29.5110147194,lunar,penumbral,,2409985.692076517,1886-03-20T04:36:35Z,2409985.683542779,1886-03-20T04:24:18Z,0.000000,0.638446
179.5669069387,29°34'01" Virgo,Virgo,29.5669069387,solar,annular,central,2447061.630696629,1987-09-23T03:08:12Z,2447061.632932176,1987-09-23T03:11:25Z,0.982018,
179.7224298305,29°43'21" Virgo,Virgo,29.7224298305,lunar,partial,,2389167.082426821,1829-03-20T13:58:41Z,2389167.088942441,1829-03-20T14:08:04Z,0.367963,1.453193
180.6641026106,00°39'51" Libra,Libra,0.6641026106,solar,annular,central,2470803.481159412,2052-09-22T23:32:52Z,2470803.484677025,2052-09-22T23:37:56Z,0.986971,
180.8484768329,00°50'55" Libra,Libra,0.8484768329,solar,partial,noncentral,2463864.069300411,2033-09-23T13:39:47Z,2463864.078738154,2033-09-23T13:53:22Z,0.688777,
180.9585331949,00°57'31" Libra,Libra,0.9585331949,lunar,partial,,2412909.091065589,1894-03-21T14:11:08Z,2412909.097554301,1894-03-21T14:20:28Z,0.243009,1.255309
181.2658353909,01°15'57" Libra,Libra,1.2658353909,lunar,total,,2419848.997095867,1913-03-22T11:55:49Z,2419848.998283258,1913-03-22T11:57:31Z,1.569453,2.534552
181.6833300429,01°41'00" Libra,Libra,1.6833300429,lunar,partial,,2426789.025902072,1932-03-22T12:37:17Z,2426789.022391353,1932-03-22T12:32:14Z,0.966475,1.929527
182.0007601769,02°00'03" Libra,Libra,2.0007601769,lunar,penumbral,,2433728.951224708,1951-03-23T10:49:45Z,2433728.942444139,1951-03-23T10:37:07Z,0.000000,0.641887
183.0230035381,03°01'23" Libra,Libra,3.0230035381,lunar,penumbral,,2429712.314742755,1940-03-23T19:33:13Z,2429712.324885977,1940-03-23T19:47:50Z,0.000000,0.079067
183.2873920512,03°17'15" Libra,Libra,3.2873920512,lunar,penumbral,,2457471.000581628,2016-03-23T12:00:50Z,2457470.991105468,2016-03-23T11:47:11Z,0.000000,0.775190
183.4350685117,03°26'06" Libra,Libra,3.4350685117,lunar,partial,,2436652.335006770,1959-03-24T20:02:24Z,2436652.341276885,1959-03-24T20:11:26Z,0.264830,1.237763
183.5895481496,03°35'22" Libra,Libra,3.5895481496,lunar,partial,,2450531.698088226,1997-03-24T04:45:14Z,2450531.694069574,1997-03-24T04:39:27Z,0.918868,1.999276
183.6684556108,03°40'06" Libra,Libra,3.6684556108,lunar,total,,2443592.180536293,1978-03-24T16:19:58Z,2443592.182201892,1978-03-24T16:22:22Z,1.451516,2.478749
184.3875038628,04°23'15" Libra,Libra,4.3875038628,solar,partial,noncentral,2396297.899899864,1848-09-27T09:35:51Z,2396297.889771314,1848-09-27T09:21:16Z,0.487595,
184.6570062882,04°39'25" Libra,Libra,4.6570062882,solar,annular,central,2389358.579250291,1829-09-28T01:54:07Z,2389358.574072628,1829-09-28T01:46:39Z,0.965939,
184.7744342179,04°46'28" Libra,Libra,4.7744342179,lunar,total,,2474273.650015404,2062-03-25T03:36:01Z,2474273.647587432,2062-03-25T03:32:31Z,1.269220,2.290178
184.8356946982,04°50'09" Libra,Libra,4.8356946982,lunar,total,,2467334.101613570,2043-03-25T14:26:19Z,2467334.104752736,2043-03-25T14:30:50Z,1.113905,2.190297
185.1206600568,05°07'14" Libra,Libra,5.1206600568,lunar,penumbral,,2460394.791902308,2024-03-25T07:00:20Z,2460394.800615769,2024-03-25T07:12:53Z,0.000000,0.956191
185.9594488538,05°57'34" Libra,Libra,5.9594488538,solar,annular,central,2406161.038485799,1875-09-29T12:55:25Z,2406161.040413735,1875-09-29T12:58:11Z,0.983166,
186.0646085629,06°03'53" Libra,Libra,6.0646085629,solar,total,central,2413100.738872616,1894-09-29T05:43:58Z,2413100.735492849,1894-09-29T05:39:06Z,1.011400,
186.1755501408,06°10'32" Libra,Libra,6.1755501408,solar,annular,central,2399221.658615789,1856-09-29T03:48:24Z,2399221.666366659,1856-09-29T03:59:34Z,0.960877,
186.4238459057,06°25'26" Libra,Libra,6.4238459057,solar,partial,noncentral,2420040.705898510,1913-09-30T04:56:29Z,2420040.698292396,1913-09-30T04:45:32Z,0.825662,
187.7779200536,07°46'41" Libra,Libra,7.7779200536,solar,total,central,2422964.018062123,1921-10-01T12:26:00Z,2422964.024744223,1921-10-01T12:35:37Z,1.013648,
188.1783554933,08°10'42" Libra,Libra,8.1783554933,solar,total,central,2429904.028521565,1940-10-01T12:41:04Z,2429904.030343663,1940-10-01T12:43:41Z,1.032654,
188.5640007695,08°33'50" Libra,Libra,8.5640007695,solar,total,central,2436844.021398012,1959-10-02T12:30:48Z,2436844.018336249,1959-10-02T12:26:24Z,1.016609,
188.7103863112,08°42'37" Libra,Libra,8.7103863112,lunar,penumbral,,2392828.596551207,1839-03-30T02:19:02Z,2392828.585328904,1839-03-30T02:02:52Z,0.000000,0.360003
188.7216135662,08°43'18" Libra,Libra,8.7216135662,solar,partial,noncentral,2443783.778213225,1978-10-02T06:40:37Z,2443783.769309143,1978-10-02T06:27:48Z,0.691341,
189.8150262068,09°48'54" Libra,Libra,9.8150262068,solar,annular,noncentral,2467525.633462901,2043-10-03T03:12:11Z,2467525.625463066,2043-10-03T03:00:40Z,0.949839,
190.0634161536,10°03'48" Libra,Libra,10.0634161536,solar,annular,central,2460586.284222601,2024-10-02T18:49:16Z,2460586.281297341,2024-10-02T18:45:04Z,0.966506,
190.1471813911,10°08'50" Libra,Libra,10.1471813911,lunar,partial,,2409631.194472609,1885-03-30T16:40:02Z,2409631.190393479,1885-03-30T16:34:09Z,0.879827,1.906180
190.2455457656,10°14'44" Libra,Libra,10.2455457656,lunar,total,,2402691.688584269,1866-03-31T04:31:33Z,2402691.689912453,1866-03-31T04:33:28Z,1.522894,2.601383
190.2657319460,10°15'57" Libra,Libra,10.2657319460,solar,hybrid,central,2446707.288015909,1986-10-03T18:54:44Z,2446707.295316765,1986-10-03T19:05:15Z,0.998083,
190.3117778268,10°18'42" Libra,Libra,10.3117778268,solar,annular,central,2453646.936020183,2005-10-03T10:27:52Z,2453646.938682612,2005-10-03T10:31:42Z,0.979130,
190.3798807121,10°22'48" Libra,Libra,10.3798807121,lunar,penumbral,,2416571.030718836,1904-03-31T12:44:14Z,2416571.022459215,1904-03-31T12:32:20Z,0.000000,0.702754
190.5371702964,10°32'14" Libra,Libra,10.5371702964,lunar,partial,,2395752.386814972,1847-03-31T21:17:00Z,2395752.393699666,1847-03-31T21:26:55Z,0.285630,1.368912
190.6889840689,10°41'20" Libra,Libra,10.6889840689,lunar,penumbral,,2388812.932418494,1828-03-31T10:22:40Z,2388812.943518580,1828-03-31T10:38:40Z,0.000000,0.191736
191.5873348015,11°35'14" Libra,Libra,11.5873348015,solar,partial,noncentral,2470449.365886506,2051-10-04T20:46:52Z,2470449.375716654,2051-10-04T21:01:01Z,0.602309,
191.8113206919,11°48'41" Libra,Libra,11.8113206919,lunar,partial,,2419494.419664966,1912-04-01T22:04:19Z,2419494.426368418,1912-04-01T22:13:58Z,0.182698,1.188731
192.1179095199,12°07'04" Libra,Libra,12.1179095199,lunar,total,,2426434.337081587,1931-04-02T20:05:23Z,2426434.338531629,1931-04-02T20:07:29Z,1.503048,2.463901
192.5411702721,12°32'28" Libra,Libra,12.5411702721,lunar,total,,2433374.367204499,1950-04-02T20:48:46Z,2433374.363943833,1950-04-02T20:44:04Z,1.033013,1.994568
192.8458691823,12°50'45" Libra,Libra,12.8458691823,lunar,penumbral,,2440314.281155016,1969-04-02T18:44:51Z,2440314.272577587,1969-04-02T18:32:30Z,0.000000,0.703417
193.8737192824,13°52'25" Libra,Libra,13.8737192824,lunar,penumbral,,2436297.656075620,1958-04-04T03:44:44Z,2436297.666418166,1958-04-04T03:59:38Z,0.000000,0.013616
194.1056219367,14°06'20" Libra,Libra,14.1056219367,lunar,penumbral,,2464056.304785506,2034-04-03T19:18:53Z,2464056.295682799,2034-04-03T19:05:46Z,0.000000,0.854978
194.2775346341,14°16'39" Libra,Libra,14.2775346341,lunar,partial,,2443237.672843308,1977-04-04T04:08:53Z,2443237.679398763,1977-04-04T04:18:20Z,0.193184,1.165316
194.4025753209,14°24'09" Libra,Libra,14.4025753209,lunar,total,,2457117.003867608,2015-04-04T12:05:34Z,2457117.000200811,2015-04-04T12:00:17Z,1.000209,2.079105
194.5110872604,14°30'40" Libra,Libra,14.5110872604,lunar,total,,2450177.504798594,1996-04-04T00:06:54Z,2450177.506775531,1996-04-04T00:09:45Z,1.379268,2.406642
195.1791436508,15°10'45" Libra,Libra,15.1791436508,solar,partial,noncentral,2402883.207214068,1866-10-08T16:58:23Z,2402883.197464269,1866-10-08T16:44:20Z,0.569468,
195.4539897667,15°27'14" Libra,Libra,15.4539897667,solar,annular,central,2395943.879950670,1847-10-09T09:07:07Z,2395943.875148071,1847-10-09T09:00:12Z,0.964664,
195.6408234657,15°38'27" Libra,Libra,15.6408234657,lunar,total,,2473919.408152882,2061-04-04T21:47:44Z,2473919.411643031,2061-04-04T21:52:45Z,1.033836,2.104676
195.6727396682,15°40'22" Libra,Libra,15.6727396682,solar,annular,central,2389004.504351662,1828-10-09T00:06:15Z,2389004.505266583,1828-10-09T00:07:35Z,0.981513,
195.9266787081,15°55'36" Libra,Libra,15.9266787081,lunar,penumbral,,2466980.094396756,2042-04-05T14:15:55Z,2466980.103477480,2042-04-05T14:29:00Z,0.000000,0.868674
196.7629981845,16°45'47" Libra,Libra,16.7629981845,solar,annular,central,2412746.352216050,1893-10-09T20:27:11Z,2412746.354485101,1893-10-09T20:30:27Z,0.983000,
196.8775251049,16°52'39" Libra,Libra,16.8775251049,solar,total,central,2419686.069715167,1912-10-10T13:40:23Z,2419686.066656923,1912-10-10T13:35:59Z,1.011519,
196.9724458438,16°58'21" Libra,Libra,16.9724458438,solar,annular,central,2405806.959639661,1874-10-10T11:01:52Z,2405806.967766895,1874-10-10T11:13:35Z,0.957997,
197.2517700752,17°15'06" Libra,Libra,17.2517700752,solar,partial,noncentral,2426626.045732431,1931-10-11T13:05:51Z,2426626.038390819,1931-10-11T12:55:16Z,0.901264,
198.6086634375,18°36'31" Libra,Libra,18.6086634375,solar,total,central,2429549.354214941,1939-10-12T20:30:04Z,2429549.361126238,1939-10-12T20:40:01Z,1.012156,
199.0202173512,19°01'13" Libra,Libra,19.0202173512,solar,total,central,2436489.369359007,1958-10-12T20:51:52Z,2436489.371450472,1958-10-12T20:54:53Z,1.030746,
199.4002571088,19°24'01" Libra,Libra,19.4002571088,solar,total,central,2443429.354628141,1977-10-12T20:30:39Z,2443429.351823635,1977-10-12T20:26:37Z,1.013844,
199.4739247900,19°28'26" Libra,Libra,19.4739247900,lunar,penumbral,,2399413.894889329,1857-04-09T09:28:38Z,2399413.884073669,1857-04-09T09:13:03Z,0.000000,0.450667
199.5294291979,19°31'46" Libra,Libra,19.5294291979,solar,partial,noncentral,2450369.093339537,1996-10-12T14:14:24Z,2450369.084675494,1996-10-12T14:01:55Z,0.758433,
199.7590744425,19°45'33" Libra,Libra,19.7590744425,lunar,partial,,2392474.587796175,1838-04-10T02:06:25Z,2392474.582420682,1838-04-10T01:58:41Z,0.607051,1.678657
200.6273261292,20°37'38" Libra,Libra,20.6273261292,solar,annular,central,2474110.945763386,2061-10-13T10:41:53Z,2474110.938136649,2061-10-13T10:30:55Z,0.971713,
200.8656966779,20°51'57" Libra,Libra,20.8656966779,solar,annular,central,2467171.585501254,2042-10-14T02:03:07Z,2467171.582969737,2042-10-14T01:59:28Z,0.965201,
200.9275495481,20°55'39" Libra,Libra,20.9275495481,lunar,partial,,2416216.512670347,1903-04-12T00:18:14Z,2416216.508963663,1903-04-12T00:12:54Z,0.967395,1.987370
201.0015070703,21°00'05" Libra,Libra,21.0015070703,lunar,total,,2409276.988993892,1884-04-10T11:44:09Z,2409276.990727642,1884-04-10T11:46:38Z,1.433438,2.506716
201.0998526503,21°05'59" Libra,Libra,21.0998526503,solar,partial,noncentral,2453292.616837833,2004-10-14T02:48:14Z,2453292.624469741,2004-10-14T02:59:14Z,0.928229,
201.1260804697,21°07'34" Libra,Libra,21.1260804697,solar,annular,central,2460232.246630752,2023-10-14T17:55:08Z,2460232.249665733,2023-10-14T17:59:31Z,0.976357,
201.1683511924,21°10'06" Libra,Libra,21.1683511924,lunar,penumbral,,2423156.363360146,1922-04-11T20:43:14Z,2423156.355423087,1922-04-11T20:31:48Z,0.000000,0.780679
201.2972943533,21°17'50" Libra,Libra,21.2972943533,lunar,partial,,2402337.685787209,1865-04-11T04:27:32Z,2402337.693083264,1865-04-11T04:38:02Z,0.193123,1.274251
201.4498669458,21°27'00" Libra,Libra,21.4498669458,lunar,penumbral,,2395398.246528813,1846-04-11T17:55:00Z,2395398.258013022,1846-04-11T18:11:32Z,0.000000,0.099740
202.5752406809,22°34'31" Libra,Libra,22.5752406809,lunar,partial,,2426079.741945481,1930-04-13T05:48:24Z,2426079.748920470,1930-04-13T05:58:26Z,0.106818,1.106625
202.9066483535,22°54'24" Libra,Libra,22.9066483535,lunar,total,,2433019.672509258,1949-04-13T04:08:24Z,2433019.674261642,1949-04-13T04:10:56Z,1.426030,2.382733
203.3263943943,23°19'35" Libra,Libra,23.3263943943,lunar,total,,2439959.702539497,1968-04-13T04:51:39Z,2439959.699577331,1968-04-13T04:47:23Z,1.112050,2.072241
203.6256714168,23°37'32" Libra,Libra,23.6256714168,lunar,penumbral,,2446899.604812893,1987-04-14T02:30:55Z,2446899.596485382,1987-04-14T02:18:56Z,0.000000,0.777066
204.8594278721,24°51'34" Libra,Libra,24.8594278721,lunar,penumbral,,2470641.603671970,2052-04-14T02:29:17Z,2470641.594997406,2052-04-14T02:16:47Z,0.000000,0.946931
205.0631899674,25°03'47" Libra,Libra,25.0631899674,lunar,partial,,2449823.005683186,1995-04-15T12:08:11Z,2449823.012561538,1995-04-15T12:18:05Z,0.111720,1.083229
205.1548763333,25°09'18" Libra,Libra,25.1548763333,lunar,total,,2463702.303735789,2033-04-14T19:17:22Z,2463702.300477352,2033-04-14T19:12:41Z,1.093726,2.170973
205.2661299308,25°15'58" Libra,Libra,25.2661299308,lunar,total,,2456762.821022219,2014-04-15T07:42:16Z,2456762.823382939,2014-04-15T07:45:40Z,1.290338,2.317938
206.0443292045,26°02'40" Libra,Libra,26.0443292045,solar,partial,noncentral,2409468.521823160,1884-10-19T00:31:25Z,2409468.512398322,1884-10-19T00:17:51Z,0.638612,
206.3104612876,26°18'38" Libra,Libra,26.3104612876,solar,annular,central,2402529.185762883,1865-10-19T16:27:29Z,2402529.181288377,1865-10-19T16:21:03Z,0.963350,
206.4802241988,26°28'49" Libra,Libra,26.4802241988,solar,hybrid,central,2388650.147978076,1827-10-20T15:33:05Z,2388650.154062899,1827-10-20T15:41:51Z,1.002846,
206.5522640998,26°33'08" Libra,Libra,26.5522640998,solar,annular,central,2395589.822430849,1846-10-20T07:44:18Z,2395589.823644073,1846-10-20T07:46:02Z,0.978667,
206.6629574850,26°39'47" Libra,Libra,26.6629574850,lunar,penumbral,,2473565.390349637,2060-04-15T21:22:06Z,2473565.399849097,2060-04-15T21:35:46Z,0.000000,0.768068
207.6412860525,27°38'29" Libra,Libra,27.6412860525,solar,annular,central,2419331.673019816,1911-10-22T04:09:08Z,2419331.675564589,1911-10-22T04:12:48Z,0.982871,
207.7735766526,27°46'25" Libra,Libra,27.7735766526,solar,total,central,2426271.408003372,1930-10-21T21:47:31Z,2426271.405205512,1930-10-21T21:43:29Z,1.011541,
207.8353424458,27°50'07" Libra,Libra,27.8353424458,solar,partial,noncentral,2412392.266685558,1892-10-20T18:24:01Z,2412392.275128334,1892-10-20T18:36:11Z,0.905557,
208.1459951296,28°08'46" Libra,Libra,28.1459951296,solar,partial,noncentral,2433211.390851540,1949-10-21T21:22:49Z,2433211.383733527,1949-10-21T21:12:34Z,0.964721,
209.5150280662,29°30'54" Libra,Libra,29.5150280662,solar,total,noncentral,2436134.696769929,1957-10-23T04:43:20Z,2436134.703862037,1957-10-23T04:53:33Z,1.001192,
209.9250131447,29°55'30" Libra,Libra,29.9250131447,solar,total,central,2443074.715021790,1976-10-23T05:09:37Z,2443074.717342265,1976-10-23T05:12:58Z,1.028747,
210.1699369769,00°10'12" Scorpio,Scorpio,0.1699369769,lunar,penumbral,,2405999.187656085,1875-04-20T16:30:13Z,2405999.177304721,1875-04-20T16:15:19Z,0.000000,0.554293
210.2938303116,00°17'38" Scorpio,Scorpio,0.2938303116,solar,total,central,2450014.691801942,1995-10-24T04:36:11Z,2450014.689219758,1995-10-24T04:32:28Z,1.011066,
210.4147203906,00°24'53" Scorpio,Scorpio,0.4147203906,solar,partial,noncentral,2456954.414333625,2014-10-23T21:56:38Z,2456954.405861688,2014-10-23T21:44:26Z,0.812271,
210.4599552002,00°27'36" Scorpio,Scorpio,0.4599552002,lunar,partial,,2399059.884528424,1856-04-20T09:13:43Z,2399059.879585776,1856-04-20T09:06:36Z,0.708983,1.779463
210.5265184243,00°31'35" Scorpio,Scorpio,0.5265184243,lunar,total,,2392120.360733231,1837-04-20T20:39:27Z,2392120.361534816,1837-04-20T20:40:36Z,1.659417,2.676809
211.6359322965,01°38'09" Scorpio,Scorpio,1.6359322965,lunar,total,,2422801.825685921,1921-04-22T07:48:59Z,2422801.822402204,1921-04-22T07:44:15Z,1.067750,2.081322
211.6956967000,01°41'45" Scorpio,Scorpio,1.6956967000,lunar,total,,2415862.284353633,1902-04-22T18:49:28Z,2415862.286539986,1902-04-22T18:52:37Z,1.332484,2.400491
211.7375926548,01°44'15" Scorpio,Scorpio,1.7375926548,solar,annular,central,2473756.893053007,2060-10-24T09:25:59Z,2473756.890857587,2060-10-24T09:22:50Z,0.963950,
211.8998716199,01°54'00" Scorpio,Scorpio,1.8998716199,lunar,penumbral,,2429741.692285202,1940-04-22T04:36:53Z,2429741.684702521,1940-04-22T04:25:58Z,0.000000,0.867855
211.9777517026,01°58'40" Scorpio,Scorpio,1.9777517026,lunar,partial,,2408922.977348235,1883-04-22T11:27:22Z,2408922.985117571,1883-04-22T11:38:34Z,0.085641,1.164687
212.0016915236,02°00'06" Scorpio,Scorpio,2.0016915236,solar,partial,noncentral,2459877.950474555,2022-10-25T10:48:41Z,2459877.958393811,2022-10-25T11:00:05Z,0.861726,
212.0121555780,02°00'44" Scorpio,Scorpio,2.0121555780,solar,annular,central,2466817.562719032,2041-10-25T01:30:18Z,2466817.566072548,2041-10-25T01:35:08Z,0.973672,
213.2916544292,03°17'30" Scorpio,Scorpio,3.2916544292,lunar,partial,,2432665.061321319,1948-04-23T13:28:18Z,2432665.068592099,1948-04-23T13:38:46Z,0.023542,1.017268
213.6202968954,03°37'13" Scorpio,Scorpio,3.6202968954,lunar,total,,2439605.002374478,1967-04-24T12:03:25Z,2439605.004477070,1967-04-24T12:06:26Z,1.336116,2.288997
214.0443124260,04°02'40" Scorpio,Scorpio,4.0443124260,lunar,total,,2446545.032195752,1986-04-24T12:46:21Z,2446545.029577941,1986-04-24T12:42:35Z,1.202731,2.161882
214.3255612810,04°19'32" Scorpio,Scorpio,4.3255612810,lunar,penumbral,,2453484.921158857,2005-04-24T10:06:28Z,2453484.913139021,2005-04-24T09:54:55Z,0.000000,0.865226
215.7623317926,05°45'44" Scorpio,Scorpio,5.7623317926,lunar,partial,,2456408.331349992,2013-04-25T19:57:08Z,2456408.338609696,2013-04-25T20:07:35Z,0.014874,0.986021
215.8354808676,05°50'08" Scorpio,Scorpio,5.8354808676,lunar,total,,2470287.596679972,2051-04-26T02:19:13Z,2470287.593895492,2051-04-26T02:15:12Z,1.201350,2.276969
215.8673446471,05°52'02" Scorpio,Scorpio,5.8673446471,solar,partial,noncentral,2392311.981511958,1837-10-29T11:33:22Z,2392311.971634815,1837-10-29T11:19:09Z,0.454768,
215.9671957786,05°58'02" Scorpio,Scorpio,5.9671957786,lunar,total,,2463348.131708142,2032-04-25T15:09:39Z,2463348.134497900,2032-04-25T15:13:40Z,1.191142,2.219049
216.9757993778,06°58'33" Scorpio,Scorpio,6.9757993778,solar,partial,noncentral,2416053.842699670,1902-10-31T08:13:29Z,2416053.833550964,1902-10-31T08:00:18Z,0.696287,
217.1059902256,07°06'22" Scorpio,Scorpio,7.1059902256,solar,partial,noncentral,2388295.545821679,1826-10-31T01:05:58Z,2388295.555827868,1826-10-31T01:20:23Z,0.121589,
217.2375095539,07°14'15" Scorpio,Scorpio,7.2375095539,solar,annular,central,2409114.497923371,1883-10-30T23:57:00Z,2409114.493720277,1883-10-30T23:50:57Z,0.962162,
217.4384374862,07°26'18" Scorpio,Scorpio,7.4384374862,solar,hybrid,central,2395235.487984362,1845-10-30T23:42:41Z,2395235.494302383,1845-10-30T23:51:47Z,0.999582,
217.4894334676,07°29'22" Scorpio,Scorpio,7.4894334676,solar,annular,central,2402175.144616362,1864-10-30T15:28:14Z,2402175.146084819,1864-10-30T15:30:21Z,0.975877,
218.5876106236,08°35'15" Scorpio,Scorpio,8.5876106236,solar,annular,central,2425917.000531589,1929-11-01T12:00:45Z,2425917.003296446,1929-11-01T12:04:44Z,0.982838,
218.7291668306,08°43'45" Scorpio,Scorpio,8.7291668306,solar,total,central,2432856.751783671,1948-11-01T06:02:34Z,2432856.749202453,1948-11-01T05:58:51Z,1.011496,
218.7737339734,08°46'25" Scorpio,Scorpio,8.7737339734,solar,partial,noncentral,2418977.580437876,1910-11-02T01:55:49Z,2418977.589130001,1910-11-02T02:08:20Z,0.851644,
219.1163514805,09°06'59" Scorpio,Scorpio,9.1163514805,solar,total,noncentral,2439796.741910972,1967-11-02T05:48:21Z,2439796.734967147,1967-11-02T05:38:21Z,1.013535,
219.5389128738,09°32'20" Scorpio,Scorpio,9.5389128738,lunar,penumbral,,2388842.445675774,1828-04-29T22:41:46Z,2388842.436502262,1828-04-29T22:28:33Z,0.000000,0.531881
220.4876883707,10°29'16" Scorpio,Scorpio,10.4876883707,solar,partial,noncentral,2442720.044958658,1975-11-03T13:04:44Z,2442720.052191387,1975-11-03T13:15:09Z,0.958542,
220.7952054805,10°47'43" Scorpio,Scorpio,10.7952054805,lunar,penumbral,,2412584.474389227,1893-04-30T23:23:07Z,2412584.464561488,1893-04-30T23:08:58Z,0.000000,0.671443
220.9040837778,10°54'15" Scorpio,Scorpio,10.9040837778,solar,total,central,2449660.066305636,1994-11-03T13:35:28Z,2449660.068807222,1994-11-03T13:39:04Z,1.026744,
220.9365162032,10°56'11" Scorpio,Scorpio,10.9365162032,lunar,partial,,2391765.832071584,1836-05-01T07:58:10Z,2391765.838014357,1836-05-01T08:06:44Z,0.353026,1.316830
221.0789823733,11°04'44" Scorpio,Scorpio,11.0789823733,lunar,partial,,2405645.173394225,1874-05-01T16:09:41Z,2405645.168960515,1874-05-01T16:03:18Z,0.827363,1.896759
221.1726953572,11°10'22" Scorpio,Scorpio,11.1726953572,lunar,total,,2398705.669004432,1855-05-02T04:03:21Z,2398705.670267090,1855-05-02T04:05:11Z,1.550743,2.568785
221.2640832267,11°15'51" Scorpio,Scorpio,11.2640832267,solar,hybrid,central,2456600.034712675,2013-11-03T12:49:59Z,2456600.032300476,2013-11-03T12:46:30Z,1.008345,
221.3583961173,11°21'30" Scorpio,Scorpio,11.3583961173,solar,partial,noncentral,2463539.739539637,2032-11-03T05:44:56Z,2463539.731224541,2032-11-03T05:32:57Z,0.856344,
222.2925582164,12°17'33" Scorpio,Scorpio,12.2925582164,lunar,total,,2429387.135650240,1939-05-03T15:15:20Z,2429387.132821288,1939-05-03T15:11:15Z,1.176403,2.183883
222.3210140317,12°19'16" Scorpio,Scorpio,12.3210140317,lunar,total,,2422447.574228749,1920-05-03T01:46:53Z,2422447.576917337,1920-05-03T01:50:45Z,1.219141,2.281924
222.5612122491,12°33'40" Scorpio,Scorpio,12.5612122491,lunar,partial,,2436327.016151999,1958-05-03T12:23:15Z,2436327.008966878,1958-05-03T12:12:54Z,0.009704,0.967248
222.5991480757,12°35'57" Scorpio,Scorpio,12.5991480757,lunar,penumbral,,2415508.262986816,1901-05-03T18:18:42Z,2415508.271273738,1901-05-03T18:30:38Z,0.000000,1.043878
222.9562929541,12°57'23" Scorpio,Scorpio,12.9562929541,solar,annular,central,2473402.883131226,2059-11-05T09:11:42Z,2473402.886758065,2059-11-05T09:16:55Z,0.971178,
222.9703856589,12°58'13" Scorpio,Scorpio,12.9703856589,solar,partial,noncentral,2466463.288897332,2040-11-04T18:56:00Z,2466463.297060488,2040-11-04T19:07:46Z,0.807360,
223.9308999935,13°55'51" Scorpio,Scorpio,13.9308999935,lunar,penumbral,,2439250.375333537,1966-05-04T21:00:28Z,2439250.382943320,1966-05-04T21:11:26Z,0.000000,0.915472
224.2807364882,14°16'51" Scorpio,Scorpio,14.2807364882,lunar,total,,2446190.328352359,1985-05-04T19:52:49Z,2446190.330837069,1985-05-04T19:56:24Z,1.237417,2.186751
224.6980604419,14°41'53" Scorpio,Scorpio,14.6980604419,lunar,total,,2453130.356569164,2004-05-04T20:33:27Z,2453130.354339055,2004-05-04T20:30:14Z,1.304244,2.262662
224.9699153063,14°58'12" Scorpio,Scorpio,14.9699153063,lunar,penumbral,,2460070.231970023,2023-05-05T17:34:02Z,2460070.224300735,2023-05-05T17:22:59Z,0.000000,0.963891
226.4150981244,16°24'54" Scorpio,Scorpio,16.4150981244,lunar,penumbral,,2462993.652704710,2031-05-07T03:39:53Z,2462993.660377125,2031-05-07T03:50:56Z,0.000000,0.880822
226.5897029939,16°35'23" Scorpio,Scorpio,16.5897029939,lunar,total,,2469933.434759436,2050-05-06T22:26:03Z,2469933.438044963,2050-05-06T22:30:47Z,1.076634,2.105168
226.7281826278,16°43'41" Scorpio,Scorpio,16.7281826278,solar,total,central,2391957.565906081,1836-11-09T01:34:54Z,2391957.562023714,1836-11-09T01:29:18Z,1.009044,
226.8679644905,16°52'05" Scorpio,Scorpio,16.8679644905,solar,partial,noncentral,2398897.313650924,1855-11-09T19:31:39Z,2398897.303867889,1855-11-09T19:17:34Z,0.489715,
227.9742251851,17°58'27" Scorpio,Scorpio,17.9742251851,solar,partial,noncentral,2422639.169996406,1920-11-10T16:04:47Z,2422639.161073597,1920-11-10T15:51:56Z,0.742376,
228.1368158099,18°08'13" Scorpio,Scorpio,18.1368158099,solar,partial,noncentral,2394880.900661767,1844-11-10T09:36:57Z,2394880.910814705,1844-11-10T09:51:34Z,0.084081,
228.2260992171,18°13'34" Scorpio,Scorpio,18.2260992171,solar,annular,central,2415699.815312424,1901-11-11T07:34:02Z,2415699.811331398,1901-11-11T07:28:19Z,0.961077,
228.4667247217,18°28'00" Scorpio,Scorpio,18.4667247217,solar,annular,central,2401820.832970877,1863-11-11T07:59:28Z,2401820.839475485,1863-11-11T08:08:50Z,0.996672,
228.4968975941,18°29'49" Scorpio,Scorpio,18.4968975941,solar,annular,central,2408760.472240328,1882-11-10T23:20:01Z,2408760.473908481,1882-11-10T23:22:25Z,0.973306,
229.5923093224,19°35'32" Scorpio,Scorpio,19.5923093224,solar,annular,central,2432502.333967602,1947-11-12T20:00:54Z,2432502.336903204,1947-11-12T20:05:08Z,0.982923,
229.7550072754,19°45'18" Scorpio,Scorpio,19.7550072754,solar,total,central,2439442.101625307,1966-11-12T14:26:20Z,2439442.099209570,1966-11-12T14:22:51Z,1.011522,
229.7671124906,19°46'02" Scorpio,Scorpio,19.7671124906,solar,partial,noncentral,2425562.899460107,1928-11-12T09:35:13Z,2425562.908351945,1928-11-12T09:48:01Z,0.807894,
229.8369531783,19°50'13" Scorpio,Scorpio,19.8369531783,lunar,partial,,2388487.848449938,1827-05-11T08:21:46Z,2388487.844974811,1827-05-11T08:16:45Z,0.980552,1.933226
230.1336658798,20°08'01" Scorpio,Scorpio,20.1336658798,lunar,penumbral,,2395427.754436008,1846-05-11T06:06:23Z,2395427.745614019,1846-05-11T05:53:41Z,0.000000,0.635581
230.1456367333,20°08'44" Scorpio,Scorpio,20.1456367333,solar,total,central,2446382.097490814,1985-11-12T14:20:23Z,2446382.090686047,1985-11-12T14:10:35Z,1.017818,
231.1312849512,21°07'53" Scorpio,Scorpio,21.1312849512,lunar,penumbral,,2391411.134687555,1835-05-12T15:13:57Z,2391411.144867835,1835-05-12T15:28:36Z,0.000000,0.048656
231.3667839991,21°22'00" Scorpio,Scorpio,21.3667839991,lunar,penumbral,,2419169.756558696,1911-05-13T06:09:26Z,2419169.747301424,1911-05-13T05:56:06Z,0.000000,0.799010
231.5280672380,21°31'41" Scorpio,Scorpio,21.5280672380,solar,partial,noncentral,2449305.398839768,1993-11-13T21:34:19Z,2449305.406170642,1993-11-13T21:44:53Z,0.927681,
231.5381081036,21°32'17" Scorpio,Scorpio,21.5381081036,lunar,partial,,2398351.150598386,1854-05-12T15:36:51Z,2398351.156987745,1854-05-12T15:46:03Z,0.239214,1.202988
231.6553472561,21°39'19" Scorpio,Scorpio,21.6553472561,lunar,partial,,2412230.457655543,1892-05-11T22:59:01Z,2412230.453773541,1892-05-11T22:53:26Z,0.954399,2.022939
231.7524322352,21°45'09" Scorpio,Scorpio,21.7524322352,lunar,total,,2405290.970737651,1873-05-12T11:17:51Z,2405290.972518099,1873-05-12T11:20:25Z,1.429285,2.448224
231.9419478634,21°56'31" Scorpio,Scorpio,21.9419478634,solar,total,central,2456245.422243579,2012-11-13T22:08:01Z,2456245.424887904,2012-11-13T22:11:50Z,1.024836,
232.2919011137,22°17'31" Scorpio,Scorpio,22.2919011137,solar,hybrid,central,2463185.381702556,2031-11-14T21:09:39Z,2463185.379423764,2031-11-14T21:06:22Z,1.005705,
232.3763672162,22°22'35" Scorpio,Scorpio,22.3763672162,solar,partial,noncentral,2470125.070405234,2050-11-14T13:41:23Z,2470125.062197805,2050-11-14T13:29:33Z,0.887955,
232.8743371678,22°52'28" Scorpio,Scorpio,22.8743371678,lunar,total,,2435972.440449299,1957-05-13T22:34:14Z,2435972.438126981,1957-05-13T22:30:54Z,1.298355,2.299933
232.8918740112,22°53'31" Scorpio,Scorpio,22.8918740112,lunar,total,,2429032.860360100,1938-05-14T08:38:55Z,2429032.863586205,1938-05-14T08:43:33Z,1.096318,2.154075
233.1555910569,23°09'20" Scorpio,Scorpio,23.1555910569,lunar,penumbral,,2422093.542303818,1919-05-15T01:00:55Z,2422093.551155796,1919-05-15T01:13:39Z,0.000000,0.910985
233.1668820521,23°10'01" Scorpio,Scorpio,23.1668820521,lunar,partial,,2442912.336151953,1976-05-13T20:04:03Z,2442912.329396543,1976-05-13T19:54:19Z,0.122344,1.075871
234.0015240732,24°00'05" Scorpio,Scorpio,24.0015240732,solar,partial,noncentral,2473048.631730944,2058-11-16T03:09:41Z,2473048.640096147,2058-11-16T03:21:44Z,0.764473,
234.5252005948,24°31'31" Scorpio,Scorpio,24.5252005948,lunar,penumbral,,2445835.686534932,1984-05-15T04:28:36Z,2445835.694504737,1984-05-15T04:40:05Z,0.000000,0.806858
234.8806212098,24°52'50" Scorpio,Scorpio,24.8806212098,lunar,total,,2452775.649972805,2003-05-16T03:35:57Z,2452775.652878422,2003-05-16T03:40:08Z,1.127996,2.074257
235.2999299401,25°18'00" Scorpio,Scorpio,25.2999299401,lunar,total,,2459715.676492258,2022-05-16T04:14:08Z,2459715.674685641,2022-05-16T04:11:32Z,1.414430,2.372609
235.5484709265,25°32'54" Scorpio,Scorpio,25.5484709265,lunar,partial,,2466655.536381446,2041-05-16T00:52:23Z,2466655.529114251,2041-05-16T00:41:55Z,0.064869,1.074829
236.9980267526,26°59'53" Scorpio,Scorpio,26.9980267526,lunar,penumbral,,2469578.967911148,2049-05-17T11:13:47Z,2469578.976044187,2049-05-17T11:25:30Z,0.000000,0.763261
237.4270190571,27°25'37" Scorpio,Scorpio,27.4270190571,solar,total,central,2391602.937636283,1835-11-20T10:30:11Z,2391602.938810346,1835-11-20T10:31:53Z,1.025875,
237.8033874001,27°48'12" Scorpio,Scorpio,27.8033874001,solar,hybrid,central,2398542.918239382,1854-11-20T10:02:15Z,2398542.914449231,1854-11-20T09:56:48Z,1.006622,
237.9327278251,27°55'58" Scorpio,Scorpio,27.9327278251,solar,partial,noncentral,2405482.650545279,1873-11-20T03:36:47Z,2405482.640817702,1873-11-20T03:22:46Z,0.514238,
239.0302054736,29°01'49" Scorpio,Scorpio,29.0302054736,solar,partial,noncentral,2429224.503229995,1938-11-22T00:04:39Z,2429224.494490163,1938-11-21T23:52:03Z,0.778534,
239.2326322817,29°13'57" Scorpio,Scorpio,29.2326322817,solar,partial,noncentral,2401466.260260696,1862-11-21T18:14:46Z,2401466.270525533,1862-11-21T18:29:33Z,0.057548,
239.2796807281,29°16'47" Scorpio,Scorpio,29.2796807281,solar,annular,central,2422285.138403502,1919-11-22T15:19:18Z,2422285.134592899,1919-11-22T15:13:48Z,0.960211,
239.5472837709,29°32'50" Scorpio,Scorpio,29.5472837709,solar,annular,central,2408406.181662421,1881-11-21T16:21:35Z,2408406.188317979,1881-11-21T16:31:10Z,0.994157,
239.5569951338,29°33'25" Scorpio,Scorpio,29.5569951338,solar,annular,central,2415345.803544017,1900-11-22T07:17:06Z,2415345.805371326,1900-11-22T07:19:44Z,0.970931,
239.9679582268,29°58'05" Scorpio,Scorpio,29.9679582268,lunar,total,,2388133.133889883,1826-05-21T15:12:48Z,2388133.135576841,1826-05-21T15:15:13Z,1.446875,2.393686
240.3957353508,00°23'45" Sagittarius,Sagittarius,0.3957353508,lunar,total,,2395073.165799914,1845-05-21T15:58:45Z,2395073.162763623,1845-05-21T15:54:22Z,1.096214,2.048578
240.6605198325,00°39'38" Sagittarius,Sagittarius,0.6605198325,solar,annular,central,2439087.673495071,1965-11-23T04:09:49Z,2439087.676548983,1965-11-23T04:14:13Z,0.983205,
240.6838061606,00°41'02" Sagittarius,Sagittarius,0.6838061606,lunar,penumbral,,2402013.058419372,1864-05-21T13:24:07Z,2402013.049985213,1864-05-21T13:11:58Z,0.000000,0.747776
240.8269250871,00°49'37" Sagittarius,Sagittarius,0.8269250871,solar,partial,noncentral,2432148.224842303,1946-11-23T17:23:46Z,2432148.233875295,1946-11-23T17:36:46Z,0.776095,
240.8328036505,00°49'58" Sagittarius,Sagittarius,0.8328036505,solar,total,central,2446027.456045594,1984-11-22T22:56:42Z,2446027.453758068,1984-11-22T22:53:24Z,1.011588,
241.2325656348,01°13'57" Sagittarius,Sagittarius,1.2325656348,solar,total,central,2452967.457648745,2003-11-23T22:59:00Z,2452967.450946143,2003-11-23T22:49:21Z,1.017644,
241.8832618414,01°53'00" Sagittarius,Sagittarius,1.8832618414,lunar,penumbral,,2425755.034512427,1929-05-23T12:49:41Z,2425755.025872399,1929-05-23T12:37:15Z,0.000000,0.937068
242.0854909671,02°05'08" Sagittarius,Sagittarius,2.0854909671,lunar,partial,,2404936.464290548,1872-05-22T23:08:34Z,2404936.471164686,1872-05-22T23:18:28Z,0.115357,1.079587
242.1674311629,02°10'03" Sagittarius,Sagittarius,2.1674311629,lunar,total,,2418815.735268978,1910-05-24T05:38:47Z,2418815.731999755,1910-05-24T05:34:04Z,1.094113,2.162014
242.2940418108,02°17'39" Sagittarius,Sagittarius,2.2940418108,lunar,total,,2411876.267988519,1891-05-23T18:25:54Z,2411876.270323021,1891-05-23T18:29:15Z,1.299814,2.320079
242.6134411735,02°36'48" Sagittarius,Sagittarius,2.6134411735,solar,partial,noncentral,2455890.756721362,2011-11-25T06:09:40Z,2455890.764124621,2011-11-25T06:20:20Z,0.904064,
243.0346833630,03°02'05" Sagittarius,Sagittarius,3.0346833630,solar,total,central,2462830.782301612,2030-11-25T06:46:30Z,2462830.785054536,2030-11-25T06:50:28Z,1.023096,
243.3812946055,03°22'53" Sagittarius,Sagittarius,3.3812946055,solar,hybrid,central,2469770.733152949,2049-11-25T05:35:44Z,2469770.730963751,2049-11-25T05:32:35Z,1.003254,
243.4115920889,03°24'42" Sagittarius,Sagittarius,3.4115920889,lunar,partial,,2435618.142942912,1956-05-24T15:25:50Z,2435618.146738449,1956-05-24T15:31:18Z,0.964532,2.017478
243.4214452550,03°25'17" Sagittarius,Sagittarius,3.4214452550,lunar,total,,2442557.743441957,1975-05-25T05:50:33Z,2442557.741644703,1975-05-25T05:47:58Z,1.425550,2.421706
243.6692466014,03°40'09" Sagittarius,Sagittarius,3.6692466014,lunar,penumbral,,2428678.817756773,1937-05-25T07:37:34Z,2428678.827200631,1937-05-25T07:51:10Z,0.000000,0.770325
243.7178703889,03°43'04" Sagittarius,Sagittarius,3.7178703889,lunar,partial,,2449497.652345660,1994-05-25T03:39:22Z,2449497.646053385,1994-05-25T03:30:19Z,0.244060,1.194043
244.1348813930,04°08'06" Sagittarius,Sagittarius,4.1348813930,lunar,penumbral,,2456437.684022263,2013-05-25T04:24:59Z,2456437.673685580,2013-05-25T04:10:06Z,0.000000,0.015578
245.0594144200,05°03'34" Sagittarius,Sagittarius,5.0594144200,lunar,penumbral,,2452420.993933057,2002-05-26T11:51:15Z,2452421.002293163,2002-05-26T12:03:18Z,0.000000,0.688862
245.4294059554,05°25'46" Sagittarius,Sagittarius,5.4294059554,lunar,total,,2459360.967991381,2021-05-26T11:13:54Z,2459360.971349009,2021-05-26T11:18:44Z,1.009813,1.953476
245.8399079629,05°50'24" Sagittarius,Sagittarius,5.8399079629,lunar,total,,2466300.991074186,2040-05-26T11:47:08Z,2466300.989735809,2040-05-26T11:45:13Z,1.535472,2.493820
246.0865296576,06°05'12" Sagittarius,Sagittarius,6.0865296576,lunar,partial,,2473240.836228496,2059-05-27T08:04:10Z,2473240.829402084,2059-05-27T07:54:20Z,0.183109,1.194496
246.7741568252,06°46'27" Sagittarius,Sagittarius,6.7741568252,solar,partial,noncentral,2388324.976163629,1826-11-29T11:25:40Z,2388324.968045631,1826-11-29T11:13:59Z,0.677809,
248.1492359415,08°08'57" Sagittarius,Sagittarius,8.1492359415,solar,total,central,2391248.283179202,1834-11-30T18:47:46Z,2391248.289233417,1834-11-30T18:56:29Z,1.011312,
248.5610456554,08°33'40" Sagittarius,Sagittarius,8.5610456554,solar,total,central,2398188.301189509,1853-11-30T19:13:42Z,2398188.302445142,1853-11-30T19:15:31Z,1.024608,
248.9294036520,08°55'46" Sagittarius,Sagittarius,8.9294036520,solar,hybrid,central,2405128.274274519,1872-11-30T18:34:57Z,2405128.270541163,1872-11-30T18:29:34Z,1.004385,
249.0326373108,09°01'57" Sagittarius,Sagittarius,9.0326373108,solar,partial,noncentral,2412067.989645605,1891-12-01T11:45:05Z,2412067.979952660,1891-12-01T11:31:07Z,0.532873,
250.1413596334,10°08'29" Sagittarius,Sagittarius,10.1413596334,lunar,partial,,2387778.496870642,1825-05-31T23:55:29Z,2387778.504157831,1825-06-01T00:05:59Z,0.015079,0.997902
250.1424271101,10°08'33" Sagittarius,Sagittarius,10.1424271101,solar,partial,noncentral,2435809.842007061,1956-12-02T08:12:29Z,2435809.833407962,1956-12-02T08:00:06Z,0.805038,
250.3654995558,10°21'56" Sagittarius,Sagittarius,10.3654995558,solar,partial,noncentral,2408051.622626453,1880-12-02T02:56:34Z,2408051.632986524,1880-12-02T03:11:30Z,0.036410,
250.3772385351,10°22'38" Sagittarius,Sagittarius,10.3772385351,solar,annular,central,2428870.465707366,1937-12-02T23:10:37Z,2428870.462029547,1937-12-02T23:05:19Z,0.959555,
250.4945738386,10°29'40" Sagittarius,Sagittarius,10.4945738386,lunar,total,,2394718.449622495,1844-05-31T22:47:27Z,2394718.451775617,1844-05-31T22:50:33Z,1.326137,2.270302
250.6645523757,10°39'52" Sagittarius,Sagittarius,10.6645523757,solar,annular,central,2421931.138113994,1918-12-03T15:18:53Z,2421931.140063493,1918-12-03T15:21:41Z,0.968915,
250.6712194353,10°40'16" Sagittarius,Sagittarius,10.6712194353,solar,annular,central,2414991.533131307,1899-12-03T00:47:42Z,2414991.539908757,1899-12-03T00:57:28Z,0.991995,
250.9081457089,10°54'29" Sagittarius,Sagittarius,10.9081457089,lunar,total,,2401658.479020020,1863-06-01T23:29:47Z,2401658.476456463,1863-06-01T23:26:05Z,1.219966,2.172594
251.1776091611,11°10'39" Sagittarius,Sagittarius,11.1776091611,lunar,penumbral,,2408598.356706208,1882-06-01T20:33:39Z,2408598.348708429,1882-06-01T20:22:08Z,0.000000,0.871578
251.7787059704,11°46'43" Sagittarius,Sagittarius,11.7787059704,solar,annular,central,2445673.017939115,1983-12-04T12:25:49Z,2445673.021068024,1983-12-04T12:30:20Z,0.983681,
251.9287790445,11°55'44" Sagittarius,Sagittarius,11.9287790445,solar,partial,noncentral,2438733.554290948,1964-12-04T01:18:10Z,2438733.563426403,1964-12-04T01:31:20Z,0.752019,
251.9681917099,11°58'05" Sagittarius,Sagittarius,11.9681917099,solar,total,central,2452612.815539140,2002-12-04T07:34:22Z,2452612.813337879,2002-12-04T07:31:12Z,1.011864,
252.3654887423,12°21'56" Sagittarius,Sagittarius,12.3654887423,lunar,partial,,2432340.310202669,1947-06-03T19:26:41Z,2432340.302212163,1947-06-03T19:15:11Z,0.020185,1.082148
252.3672992125,12°22'02" Sagittarius,Sagittarius,12.3672992125,solar,total,central,2459552.821600762,2021-12-04T07:43:06Z,2459552.814969700,2021-12-04T07:33:33Z,1.017436,
252.5907168829,12°35'27" Sagittarius,Sagittarius,12.5907168829,lunar,penumbral,,2411521.773783973,1890-06-03T06:34:14Z,2411521.781172791,1890-06-03T06:44:53Z,0.000000,0.948769
252.6453708518,12°38'43" Sagittarius,Sagittarius,12.6453708518,lunar,total,,2425401.009262992,1928-06-03T12:13:20Z,2425401.006644280,1928-06-03T12:09:34Z,1.241166,2.308691
252.7748877533,12°46'30" Sagittarius,Sagittarius,12.7748877533,lunar,total,,2418461.558658448,1909-06-04T01:24:28Z,2418461.561601243,1909-06-04T01:28:42Z,1.158170,2.180159
253.7576325617,13°45'27" Sagittarius,Sagittarius,13.7576325617,solar,partial,noncentral,2462476.119549628,2029-12-05T14:52:09Z,2462476.126989368,2029-12-05T15:02:51Z,0.890630,
253.8955812254,13°53'44" Sagittarius,Sagittarius,13.8955812254,lunar,partial,,2442203.423343809,1974-06-04T22:09:36Z,2442203.427726510,1974-06-04T22:15:55Z,0.826735,1.875236
253.9147850552,13°54'53" Sagittarius,Sagittarius,13.9147850552,lunar,total,,2449143.043182521,1993-06-04T13:02:10Z,2449143.041945309,1993-06-04T13:00:24Z,1.562122,2.553211
254.1395992290,14°08'23" Sagittarius,Sagittarius,14.1395992290,lunar,penumbral,,2435264.089163377,1955-06-05T14:08:23Z,2435264.099222629,1955-06-05T14:22:52Z,0.000000,0.622469
254.1744325402,14°10'28" Sagittarius,Sagittarius,14.1744325402,solar,total,central,2469416.145965162,2048-12-05T15:30:11Z,2469416.148795847,2048-12-05T15:34:15Z,1.021576,
254.2328709290,14°13'58" Sagittarius,Sagittarius,14.2328709290,lunar,partial,,2456082.966382505,2012-06-04T11:11:35Z,2456082.960574269,2012-06-04T11:03:13Z,0.371287,1.318268
254.6563099021,14°39'23" Sagittarius,Sagittarius,14.6563099021,lunar,penumbral,,2463022.999005144,2031-06-05T11:58:34Z,2463022.989033205,2031-06-05T11:44:12Z,0.000000,0.129016
255.5673813130,15°34'03" Sagittarius,Sagittarius,15.5673813130,lunar,penumbral,,2459006.300262164,2020-06-05T19:12:22Z,2459006.309018263,2020-06-05T19:24:59Z,0.000000,0.567830
255.9384653931,15°56'18" Sagittarius,Sagittarius,15.9384653931,lunar,partial,,2465946.283158371,2039-06-06T18:47:44Z,2465946.286990678,2039-06-06T18:53:15Z,0.884983,1.826641
256.3495623319,16°20'58" Sagittarius,Sagittarius,16.3495623319,lunar,total,,2472886.302603253,2058-06-06T19:15:44Z,2472886.301756531,2058-06-06T19:14:31Z,1.661657,2.620811
257.5594617676,17°33'34" Sagittarius,Sagittarius,17.5594617676,solar,total,central,2387970.352162102,1825-12-09T20:27:06Z,2387970.348281099,1825-12-09T20:21:31Z,1.007749,
257.9399755893,17°56'24" Sagittarius,Sagittarius,17.9399755893,solar,partial,noncentral,2394910.342479372,1844-12-09T20:13:10Z,2394910.334415731,1844-12-09T20:01:33Z,0.693042,
259.2566675010,19°15'24" Sagittarius,Sagittarius,19.2566675010,lunar,partial,,2391440.448426508,1835-06-10T22:45:44Z,2391440.441475205,1835-06-10T22:35:43Z,0.068641,1.017981
259.3213055962,19°19'17" Sagittarius,Sagittarius,19.3213055962,solar,total,central,2397833.647115797,1852-12-11T03:31:50Z,2397833.653194820,1852-12-11T03:40:36Z,1.011549,
259.7346675547,19°44'05" Sagittarius,Sagittarius,19.7346675547,solar,total,central,2404773.667905341,1871-12-12T04:01:47Z,2404773.669213692,1871-12-12T04:03:40Z,1.023586,
260.0909091624,20°05'27" Sagittarius,Sagittarius,20.0909091624,solar,hybrid,central,2411713.632562116,1890-12-12T03:10:53Z,2411713.628861753,1890-12-12T03:05:33Z,1.002404,
260.1855277857,20°11'08" Sagittarius,Sagittarius,20.1855277857,solar,partial,noncentral,2418653.332292719,1909-12-12T19:58:30Z,2418653.322600233,1909-12-12T19:44:32Z,0.542681,
260.6227611830,20°37'22" Sagittarius,Sagittarius,20.6227611830,lunar,penumbral,,2394363.799253115,1843-06-12T07:10:55Z,2394363.806972935,1843-06-12T07:22:02Z,0.000000,0.871517
260.9725138254,20°58'21" Sagittarius,Sagittarius,20.9725138254,lunar,total,,2401303.761852586,1862-06-12T06:17:04Z,2401303.764503891,1862-06-12T06:20:53Z,1.196284,2.138410
261.2826565623,21°16'58" Sagittarius,Sagittarius,21.2826565623,solar,partial,noncentral,2442395.183830473,1974-12-13T16:24:42Z,2442395.175353507,1974-12-13T16:12:30Z,0.827172,
261.3902967913,21°23'25" Sagittarius,Sagittarius,21.3902967913,lunar,total,,2408243.789423234,1881-06-12T06:56:46Z,2408243.787357051,1881-06-12T06:53:47Z,1.349266,2.302727
261.5127053018,21°30'46" Sagittarius,Sagittarius,21.5127053018,solar,annular,central,2435455.796552775,1955-12-14T07:07:02Z,2435455.792977271,1955-12-14T07:01:53Z,0.959175,
261.5450286813,21°32'42" Sagittarius,Sagittarius,21.5450286813,solar,partial,noncentral,2414636.988296223,1898-12-13T11:43:08Z,2414636.998725873,1898-12-13T11:58:09Z,0.023049,
261.6491686199,21°38'57" Sagittarius,Sagittarius,21.6491686199,lunar,penumbral,,2415183.651804776,1900-06-13T03:38:35Z,2415183.644269723,1900-06-13T03:27:44Z,0.000000,1.000635
261.8096119374,21°48'35" Sagittarius,Sagittarius,21.8096119374,solar,annular,central,2428516.475603642,1936-12-13T23:24:52Z,2428516.477645562,1936-12-13T23:27:48Z,0.967180,
261.8333260795,21°50'00" Sagittarius,Sagittarius,21.8333260795,solar,annular,central,2421576.886857242,1917-12-14T09:17:04Z,2421576.893731039,1917-12-14T09:26:58Z,0.989719,
262.7488267440,22°44'56" Sagittarius,Sagittarius,22.7488267440,lunar,penumbral,,2445865.112345945,1984-06-13T14:41:46Z,2445865.101101620,1984-06-13T14:25:35Z,0.000000,0.064646
262.8044360801,22°48'16" Sagittarius,Sagittarius,22.8044360801,lunar,partial,,2438925.582828352,1965-06-14T01:59:16Z,2438925.575524022,1965-06-14T01:48:45Z,0.176907,1.235517
262.9337199104,22°56'01" Sagittarius,Sagittarius,22.9337199104,solar,annular,central,2452258.366221685,2001-12-14T20:47:21Z,2452258.369397206,2001-12-14T20:51:55Z,0.984455,
263.0663653755,23°03'59" Sagittarius,Sagittarius,23.0663653755,lunar,penumbral,,2418107.079912952,1908-06-14T13:55:04Z,2418107.087836576,1908-06-14T14:06:29Z,0.000000,0.813076
263.0701130474,23°04'12" Sagittarius,Sagittarius,23.0701130474,solar,partial,noncentral,2445318.887532446,1982-12-15T09:18:02Z,2445318.896733149,1982-12-15T09:31:17Z,0.735265,
263.0793111622,23°04'46" Sagittarius,Sagittarius,23.0793111622,lunar,total,,2431986.278888293,1946-06-14T18:41:35Z,2431986.276966140,1946-06-14T18:38:49Z,1.397382,2.464891
263.1374217629,23°08'15" Sagittarius,Sagittarius,23.1374217629,solar,total,central,2459198.178194978,2020-12-14T16:16:36Z,2459198.176057143,2020-12-14T16:13:31Z,1.012320,
263.2387776659,23°14'20" Sagittarius,Sagittarius,23.2387776659,lunar,total,,2425046.846668375,1927-06-15T08:19:12Z,2425046.850238197,1927-06-15T08:24:20Z,1.012624,2.036831
263.5460334916,23°32'46" Sagittarius,Sagittarius,23.5460334916,solar,total,central,2466138.188971214,2039-12-15T16:32:07Z,2466138.182381287,2039-12-15T16:22:37Z,1.017295,
264.3376288311,24°20'15" Sagittarius,Sagittarius,24.3376288311,lunar,partial,,2448788.701196799,1992-06-15T04:49:43Z,2448788.706188003,1992-06-15T04:56:54Z,0.681888,1.726242
264.3911878572,24°23'28" Sagittarius,Sagittarius,24.3911878572,lunar,total,,2455728.342740585,2011-06-15T20:13:32Z,2455728.342066032,2011-06-15T20:12:34Z,1.700331,2.686893
264.5755983906,24°34'32" Sagittarius,Sagittarius,24.5755983906,lunar,penumbral,,2441849.357346680,1973-06-15T20:34:34Z,2441849.368036726,1973-06-15T20:49:58Z,0.000000,0.469012
264.7174134369,24°43'03" Sagittarius,Sagittarius,24.7174134369,lunar,partial,,2462668.278486335,2030-06-15T18:41:01Z,2462668.273180424,2030-06-15T18:33:22Z,0.503304,1.447880
264.9305620353,24°55'50" Sagittarius,Sagittarius,24.9305620353,solar,partial,noncentral,2469061.484913190,2047-12-16T23:38:16Z,2469061.492374771,2047-12-16T23:49:01Z,0.881442,
265.1343481122,25°08'04" Sagittarius,Sagittarius,25.1343481122,lunar,penumbral,,2469608.310305664,2049-06-15T19:26:50Z,2469608.300728631,2049-06-15T19:13:02Z,0.000000,0.250722
266.0375503934,26°02'15" Sagittarius,Sagittarius,26.0375503934,lunar,penumbral,,2465591.604562523,2038-06-17T02:30:34Z,2465591.613727981,2038-06-17T02:43:46Z,0.000000,0.441736
266.4208876108,26°25'15" Sagittarius,Sagittarius,26.4208876108,lunar,partial,,2472531.596428240,2057-06-17T02:18:51Z,2472531.600748383,2057-06-17T02:25:04Z,0.756013,1.696249
268.5838735495,28°35'02" Sagittarius,Sagittarius,28.5838735495,solar,annular,central,2387615.943342075,1824-12-20T10:38:24Z,2387615.944669269,1824-12-20T10:40:19Z,0.980290,
268.7411243954,28°44'28" Sagittarius,Sagittarius,28.7411243954,solar,total,central,2394555.714467364,1843-12-21T05:08:49Z,2394555.710646933,1843-12-21T05:03:19Z,1.008598,
269.1407644029,29°08'27" Sagittarius,Sagittarius,29.1407644029,solar,partial,noncentral,2401495.711430227,1862-12-21T05:04:27Z,2401495.703398694,1862-12-21T04:52:53Z,0.701888,
269.4113574411,29°24'41" Sagittarius,Sagittarius,29.4113574411,lunar,total,,2391085.848896321,1834-06-21T08:22:24Z,2391085.846936933,1834-06-21T08:19:35Z,1.387389,2.380512
269.7145740076,29°42'52" Sagittarius,Sagittarius,29.7145740076,lunar,partial,,2398025.757549703,1853-06-21T06:10:52Z,2398025.751118138,1853-06-21T06:01:36Z,0.206178,1.153073
270.5137262938,00°30'49" Capricorn,Capricorn,0.5137262938,solar,total,central,2404419.013046510,1870-12-22T12:18:47Z,2404419.019137828,1870-12-22T12:27:33Z,1.012073,
270.9347057330,00°56'05" Capricorn,Capricorn,0.9347057330,solar,total,central,2411359.036376227,1889-12-22T12:52:22Z,2411359.037722333,1889-12-22T12:54:19Z,1.022768,
271.0658276807,01°03'57" Capricorn,Capricorn,1.0658276807,lunar,penumbral,,2400949.099469783,1861-06-22T14:23:14Z,2400949.107637786,1861-06-22T14:34:59Z,0.000000,0.739378
271.2855282229,01°17'08" Capricorn,Capricorn,1.2855282229,solar,hybrid,central,2418298.992810030,1908-12-23T11:49:38Z,2418298.989118472,1908-12-23T11:44:19Z,1.000684,
271.3551203401,01°21'18" Capricorn,Capricorn,1.3551203401,solar,partial,noncentral,2425238.675820377,1927-12-24T04:13:10Z,2425238.666117633,1927-12-24T03:59:12Z,0.549311,
271.4395520137,01°26'22" Capricorn,Capricorn,1.4395520137,lunar,total,,2407889.073542861,1880-06-22T13:45:54Z,2407889.076696028,1880-06-22T13:50:26Z,1.064737,2.005401
271.8503588999,01°51'01" Capricorn,Capricorn,1.8503588999,lunar,total,,2414829.097328031,1899-06-23T14:20:09Z,2414829.095777280,1899-06-23T14:17:55Z,1.482289,2.437178
272.0915955171,02°05'30" Capricorn,Capricorn,2.0915955171,lunar,partial,,2421768.943006853,1918-06-24T10:37:55Z,2421768.935969782,1918-06-24T10:27:47Z,0.129676,1.137190
272.4622886067,02°27'44" Capricorn,Capricorn,2.4622886067,solar,partial,noncentral,2448980.529738630,1992-12-24T00:42:49Z,2448980.521354675,1992-12-24T00:30:45Z,0.842654,
272.6745295056,02°40'28" Capricorn,Capricorn,2.6745295056,solar,annular,central,2442041.129862237,1973-12-24T15:07:00Z,2442041.126367777,1973-12-24T15:01:58Z,0.959088,
272.7408638314,02°44'27" Capricorn,Capricorn,2.7408638314,solar,partial,noncentral,2421222.354732191,1916-12-24T20:30:48Z,2421222.365225597,1916-12-24T20:45:55Z,0.011424,
272.9787094346,02°58'43" Capricorn,Capricorn,2.9787094346,solar,annular,central,2435101.814695278,1954-12-25T07:33:09Z,2435101.816810806,1954-12-25T07:36:12Z,0.965861,
273.0241039782,03°01'27" Capricorn,Capricorn,3.0241039782,solar,annular,central,2428162.242649232,1935-12-25T17:49:24Z,2428162.249600653,1935-12-25T17:59:25Z,0.987315,
273.1911697109,03°11'28" Capricorn,Capricorn,3.1911697109,lunar,penumbral,,2452450.404401599,2002-06-24T21:42:20Z,2452450.393748786,2002-06-24T21:26:59Z,0.000000,0.209474
273.2338914014,03°14'02" Capricorn,Capricorn,3.2338914014,lunar,partial,,2445510.855375400,1983-06-25T08:31:44Z,2445510.848765713,1983-06-25T08:22:13Z,0.335007,1.390602
273.5039293759,03°30'14" Capricorn,Capricorn,3.5039293759,lunar,total,,2438571.547212245,1964-06-25T01:07:59Z,2438571.546000334,1964-06-25T01:06:14Z,1.555610,2.623426
273.5244421317,03°31'28" Capricorn,Capricorn,3.5244421317,lunar,penumbral,,2424692.383757301,1926-06-25T21:12:36Z,2424692.392227587,1926-06-25T21:24:48Z,0.000000,0.674628
273.6658490912,03°39'57" Capricorn,Capricorn,3.6658490912,lunar,partial,,2431632.130466407,1945-06-25T15:07:52Z,2431632.134697550,1945-06-25T15:13:57Z,0.859542,1.886429
274.1143314546,04°06'52" Capricorn,Capricorn,4.1143314546,solar,annular,central,2458843.717430078,2019-12-26T05:13:05Z,2458843.720630613,2019-12-26T05:17:42Z,0.985446,
274.2348301944,04°14'05" Capricorn,Capricorn,4.2348301944,solar,partial,noncentral,2451904.223333210,2000-12-25T17:21:35Z,2451904.232575216,2000-12-25T17:34:54Z,0.723041,
274.3301177506,04°19'48" Capricorn,Capricorn,4.3301177506,solar,total,central,2465783.543072368,2038-12-26T01:02:01Z,2465783.540980876,2038-12-26T00:59:00Z,1.013072,
274.7401594456,04°44'25" Capricorn,Capricorn,4.7401594456,solar,total,central,2472723.557489963,2057-12-26T01:22:47Z,2472723.550930903,2057-12-26T01:13:20Z,1.017371,
274.7698390094,04°46'11" Capricorn,Capricorn,4.7698390094,lunar,partial,,2455373.979396368,2010-06-26T11:30:19Z,2455373.984989548,2010-06-26T11:38:23Z,0.536277,1.576962
274.8308646642,04°49'51" Capricorn,Capricorn,4.8308646642,lunar,total,,2462313.640516673,2029-06-26T03:22:20Z,2462313.640410380,2029-06-26T03:22:11Z,1.844258,2.826827
274.9933449924,04°59'36" Capricorn,Capricorn,4.9933449924,lunar,penumbral,,2448434.623924732,1991-06-27T02:58:27Z,2448434.635246900,1991-06-27T03:14:45Z,0.000000,0.313075
275.1756491067,05°10'32" Capricorn,Capricorn,5.1756491067,lunar,partial,,2469253.588982921,2048-06-26T02:08:08Z,2469253.584195847,2048-06-26T02:01:14Z,0.639477,1.582269
276.1322849661,06°07'56" Capricorn,Capricorn,6.1322849661,solar,partial,noncentral,2475646.852688959,2065-12-27T08:27:52Z,2475646.860156209,2065-12-27T08:38:37Z,0.876987,
276.4903116413,06°29'25" Capricorn,Capricorn,6.4903116413,lunar,penumbral,,2472176.908336739,2056-06-27T09:48:00Z,2472176.917911676,2056-06-27T10:01:47Z,0.000000,0.314018
279.7746122875,09°46'29" Capricorn,Capricorn,9.7746122875,solar,annular,central,2394201.293263466,1842-12-31T19:02:17Z,2394201.294617701,1842-12-31T19:04:14Z,0.981507,
279.8246403388,09°49'29" Capricorn,Capricorn,9.8246403388,lunar,partial,,2390731.525714008,1833-07-02T00:37:01Z,2390731.529970577,1833-07-02T00:43:09Z,0.856595,1.903166
279.8507600483,09°51'03" Capricorn,Capricorn,9.8507600483,lunar,total,,2397671.144423753,1852-07-01T15:27:58Z,2397671.143064112,1852-07-01T15:26:00Z,1.533119,2.522489
279.9393173355,09°56'22" Capricorn,Capricorn,9.9393173355,solar,annular,central,2387261.840578749,1824-01-01T08:10:26Z,2387261.847852967,1824-01-01T08:20:54Z,0.956408,
279.9533251167,09°57'12" Capricorn,Capricorn,9.9533251167,solar,total,central,2401141.079446904,1861-12-31T13:54:24Z,2401141.075665487,1861-12-31T13:48:57Z,1.009673,
280.1665999262,10°10'00" Capricorn,Capricorn,10.1665999262,lunar,partial,,2404611.066855313,1871-07-02T13:36:16Z,2404611.060944285,1871-07-02T13:27:45Z,0.343629,1.288826
280.3476569277,10°20'52" Capricorn,Capricorn,10.3476569277,solar,partial,noncentral,2408081.080961029,1880-12-31T13:56:35Z,2408081.072957952,1880-12-31T13:45:03Z,0.709820,
280.5862340478,10°35'10" Capricorn,Capricorn,10.5862340478,lunar,penumbral,,2411551.099463277,1890-07-02T14:23:13Z,2411551.089418805,1890-07-02T14:08:45Z,0.000000,0.102034
281.5165361931,11°31'00" Capricorn,Capricorn,11.5165361931,lunar,penumbral,,2407534.401382187,1879-07-03T21:37:59Z,2407534.409982708,1879-07-03T21:50:22Z,0.000000,0.610081
281.7262686219,11°43'35" Capricorn,Capricorn,11.7262686219,solar,total,central,2411004.380641498,1889-01-01T21:08:07Z,2411004.386733484,1889-01-01T21:16:53Z,1.012784,
281.8819195463,11°52'55" Capricorn,Capricorn,11.8819195463,lunar,partial,,2414474.383396192,1898-07-03T21:12:05Z,2414474.387065985,1898-07-03T21:17:22Z,0.928533,1.868447
282.1405024443,12°08'26" Capricorn,Capricorn,12.1405024443,solar,total,central,2417944.405056470,1908-01-03T21:43:16Z,2417944.406435793,1908-01-03T21:45:16Z,1.022212,
282.2932012788,12°17'36" Capricorn,Capricorn,12.2932012788,lunar,total,,2421414.402924547,1917-07-04T21:40:12Z,2421414.401907206,1917-07-04T21:38:44Z,1.618882,2.575873
282.4813069593,12°28'53" Capricorn,Capricorn,12.4813069593,solar,hybrid,central,2424884.352645730,1927-01-03T20:27:48Z,2424884.348962604,1927-01-03T20:22:30Z,0.999252,
282.5224063705,12°31'21" Capricorn,Capricorn,12.5224063705,lunar,partial,,2428354.232265215,1936-07-04T17:34:27Z,2428354.225748092,1936-07-04T17:25:04Z,0.266669,1.277440
282.5453365448,12°32'43" Capricorn,Capricorn,12.5453365448,solar,partial,noncentral,2431824.020587340,1946-01-03T12:29:38Z,2431824.010864983,1946-01-03T12:15:38Z,0.553081,
283.6299505178,13°37'48" Capricorn,Capricorn,13.6299505178,lunar,penumbral,,2459035.697480022,2020-07-05T04:44:22Z,2459035.687420316,2020-07-05T04:29:53Z,0.000000,0.354649
283.6461019457,13°38'46" Capricorn,Capricorn,13.6461019457,solar,partial,noncentral,2455565.876784569,2011-01-04T09:02:34Z,2455565.868494536,2011-01-04T08:50:37Z,0.858164,
283.6477551231,13°38'52" Capricorn,Capricorn,13.6477551231,lunar,partial,,2452096.127595197,2001-07-05T15:03:44Z,2452096.121691046,2001-07-05T14:55:14Z,0.495157,1.548203
283.8536226635,13°51'13" Capricorn,Capricorn,13.8536226635,solar,annular,central,2448626.464979117,1992-01-04T23:09:34Z,2448626.461554142,1992-01-04T23:04:38Z,0.959320,
283.9125980747,13°54'45" Capricorn,Capricorn,13.9125980747,lunar,total,,2445156.813614266,1982-07-06T07:31:36Z,2445156.813132302,1982-07-06T07:30:54Z,1.717180,2.785708
283.9503472560,13°57'01" Capricorn,Capricorn,13.9503472560,solar,partial,noncentral,2427807.722262784,1935-01-05T05:20:03Z,2427807.732813641,1935-01-05T05:35:15Z,0.001497,
283.9613852746,13°57'41" Capricorn,Capricorn,13.9613852746,lunar,penumbral,,2431277.685194995,1944-07-06T04:26:40Z,2431277.694227161,1944-07-06T04:39:41Z,0.000000,0.532499
284.0984942751,14°05'55" Capricorn,Capricorn,14.0984942751,lunar,partial,,2438217.413477567,1963-07-06T21:55:24Z,2438217.418372092,1963-07-06T22:02:27Z,0.706369,1.736371
284.1623854854,14°09'45" Capricorn,Capricorn,14.1623854854,solar,annular,central,2441687.154515991,1973-01-04T15:42:30Z,2441687.156692736,1973-01-04T15:45:38Z,0.964877,
284.2182816973,14°13'06" Capricorn,Capricorn,14.2182816973,solar,annular,central,2434747.598145129,1954-01-05T02:21:19Z,2434747.605171775,1954-01-05T02:31:26Z,0.985269,
285.1856374830,15°11'08" Capricorn,Capricorn,15.1856374830,lunar,partial,,2461959.257497748,2028-07-06T18:10:47Z,2461959.263691264,2028-07-06T18:19:42Z,0.388660,1.426066
285.2801829506,15°16'49" Capricorn,Capricorn,15.2801829506,lunar,total,,2468898.940167357,2047-07-07T10:33:50Z,2468898.940634312,2047-07-07T10:34:30Z,1.751433,2.730599
285.3077059857,15°18'28" Capricorn,Capricorn,15.3077059857,solar,annular,central,2465429.070387633,2038-01-05T13:41:21Z,2465429.073602156,2038-01-05T13:45:59Z,0.986786,
285.4023863362,15°24'09" Capricorn,Capricorn,15.4023863362,lunar,penumbral,,2455019.889873248,2009-07-07T09:21:25Z,2455019.901820688,2009-07-07T09:38:37Z,0.000000,0.156341
285.4172484994,15°25'02" Capricorn,Capricorn,15.4172484994,solar,partial,noncentral,2458489.561235069,2019-01-06T01:28:10Z,2458489.570497232,2019-01-06T01:41:30Z,0.714630,
285.5376781656,15°32'16" Capricorn,Capricorn,15.5376781656,solar,total,central,2472368.909429878,2057-01-05T09:49:34Z,2472368.907373576,2057-01-05T09:46:37Z,1.014061,
288.6748136316,18°40'29" Capricorn,Capricorn,18.6748136316,lunar,penumbral,,2394393.212509142,1843-07-11T17:06:00Z,2394393.201107105,1843-07-11T16:49:35Z,0.000000,0.022626
288.7304955843,18°43'50" Capricorn,Capricorn,18.7304955843,lunar,partial,,2387453.684331539,1824-07-11T04:25:26Z,2387453.676840015,1824-07-11T04:14:38Z,0.133846,1.191805
289.3046141316,19°18'17" Capricorn,Capricorn,19.3046141316,solar,partial,noncentral,2390923.465340561,1834-01-09T23:10:05Z,2390923.455171240,1834-01-09T22:55:26Z,0.442067,
290.2436647234,20°14'37" Capricorn,Capricorn,20.2436647234,lunar,partial,,2397316.801682166,1851-07-13T07:14:25Z,2397316.806570627,1851-07-13T07:21:27Z,0.706490,1.750482
290.2905930167,20°17'26" Capricorn,Capricorn,20.2905930167,lunar,total,,2404256.441285623,1870-07-12T22:35:27Z,2404256.440514819,1870-07-12T22:34:20Z,1.676989,2.663281
290.4820471856,20°28'55" Capricorn,Capricorn,20.4820471856,lunar,penumbral,,2390377.458737543,1832-07-12T23:00:34Z,2390377.469327454,1832-07-12T23:15:49Z,0.000000,0.493005
290.6152611979,20°36'55" Capricorn,Capricorn,20.6152611979,lunar,partial,,2411196.376164518,1889-07-12T21:01:40Z,2411196.370775698,1889-07-12T20:53:55Z,0.481217,1.425273
290.9679546515,20°58'05" Capricorn,Capricorn,20.9679546515,solar,annular,central,2400786.643911482,1861-01-11T03:27:13Z,2400786.645290649,1861-01-11T03:29:13Z,0.983082,
291.0372491172,21°02'14" Capricorn,Capricorn,21.0372491172,lunar,penumbral,,2418136.408137049,1908-07-13T21:47:43Z,2418136.398495464,1908-07-13T21:33:50Z,0.000000,0.228817
291.1201248376,21°07'12" Capricorn,Capricorn,21.1201248376,solar,annular,central,2393847.177119814,1842-01-11T16:15:03Z,2393847.184428316,1842-01-11T16:25:34Z,0.956637,
291.1579412257,21°09'29" Capricorn,Capricorn,21.1579412257,solar,total,central,2407726.444325465,1880-01-11T22:39:49Z,2407726.440590591,1880-01-11T22:34:27Z,1.010983,
291.4325214511,21°25'57" Capricorn,Capricorn,21.4325214511,solar,partial,noncentral,2386907.876500465,1823-01-12T09:02:09Z,2386907.888808857,1823-01-12T09:19:53Z,0.048565,
291.5637884234,21°33'50" Capricorn,Capricorn,21.5637884234,solar,partial,noncentral,2414666.451066752,1899-01-11T22:49:32Z,2414666.443084306,1899-01-11T22:38:02Z,0.715591,
291.9523908777,21°57'09" Capricorn,Capricorn,21.9523908777,lunar,penumbral,,2414119.702975047,1897-07-14T04:52:17Z,2414119.712009023,1897-07-14T05:05:17Z,0.000000,0.478992
292.3395544195,22°20'22" Capricorn,Capricorn,22.3395544195,lunar,partial,,2421059.694270607,1916-07-15T04:39:44Z,2421059.698444400,1916-07-15T04:45:45Z,0.794982,1.734740
292.7428360797,22°44'34" Capricorn,Capricorn,22.7428360797,lunar,total,,2427999.708592500,1935-07-16T05:00:22Z,2427999.708109913,1935-07-16T04:59:40Z,1.754545,2.714232
292.8445578460,22°50'40" Capricorn,Capricorn,22.8445578460,lunar,penumbral,,2441878.997155280,1973-07-15T11:55:54Z,2441878.985161603,1973-07-15T11:38:37Z,0.000000,0.104273
292.9316706667,22°55'54" Capricorn,Capricorn,22.9316706667,solar,total,central,2417589.747788174,1907-01-14T05:56:48Z,2417589.753885339,1907-01-14T06:05:35Z,1.013761,
292.9521461123,22°57'08" Capricorn,Capricorn,22.9521461123,lunar,partial,,2434939.520155543,1954-07-16T00:29:01Z,2434939.514174223,1954-07-16T00:20:24Z,0.405264,1.419953
293.3529356182,23°21'11" Capricorn,Capricorn,23.3529356182,solar,total,central,2424529.773992837,1926-01-14T06:34:32Z,2424529.775401089,1926-01-14T06:36:34Z,1.021887,
293.6862819193,23°41'11" Capricorn,Capricorn,23.6862819193,solar,annular,central,2431469.712905493,1945-01-14T05:06:35Z,2431469.709222886,1945-01-14T05:01:16Z,0.998101,
293.7210383068,23°43'16" Capricorn,Capricorn,23.7210383068,solar,partial,noncentral,2438409.363536468,1964-01-14T20:43:29Z,2438409.353808010,1964-01-14T20:29:29Z,0.559356,
294.0690526351,24°04'09" Capricorn,Capricorn,24.0690526351,lunar,penumbral,,2465620.991848694,2038-07-16T11:48:15Z,2465620.982380802,2038-07-16T11:34:37Z,0.000000,0.499785
294.0691946897,24°04'09" Capricorn,Capricorn,24.0691946897,lunar,partial,,2458681.401519657,2019-07-16T21:38:11Z,2458681.396315358,2019-07-16T21:30:41Z,0.653662,1.704467
294.3235868934,24°19'25" Capricorn,Capricorn,24.3235868934,lunar,total,,2451742.080019559,2000-07-16T13:55:13Z,2451742.080271754,2000-07-16T13:55:35Z,1.768370,2.837957
294.4090635386,24°24'33" Capricorn,Capricorn,24.4090635386,lunar,penumbral,,2437862.986485906,1962-07-17T11:40:32Z,2437862.996074336,1962-07-17T11:54:20Z,0.000000,0.392241
294.5130239730,24°30'47" Capricorn,Capricorn,24.5130239730,lunar,partial,,2444802.693638258,1981-07-17T04:38:50Z,2444802.699216498,1981-07-17T04:46:52Z,0.548786,1.582454
294.8392466687,24°50'21" Capricorn,Capricorn,24.8392466687,solar,partial,noncentral,2462151.225347395,2029-01-14T17:24:30Z,2462151.217143438,2029-01-14T17:12:41Z,0.871868,
295.0232836845,25°01'24" Capricorn,Capricorn,25.0232836845,solar,annular,central,2455211.799557267,2010-01-15T07:11:21Z,2455211.796211793,2010-01-15T07:06:32Z,0.959884,
295.3338999583,25°20'02" Capricorn,Capricorn,25.3338999583,solar,annular,central,2448272.492835197,1991-01-15T23:49:40Z,2448272.495085069,1991-01-15T23:52:55Z,0.964285,
295.4119880576,25°24'43" Capricorn,Capricorn,25.4119880576,solar,annular,central,2441332.953050682,1972-01-16T10:52:23Z,2441332.960152830,1972-01-16T11:02:37Z,0.983510,
295.6182374010,25°37'06" Capricorn,Capricorn,25.6182374010,lunar,partial,,2468544.538223225,2046-07-18T00:55:02Z,2468544.544987730,2046-07-18T01:04:46Z,0.245652,1.280266
295.7206346326,25°43'14" Capricorn,Capricorn,25.7206346326,lunar,total,,2475484.240173453,2065-07-17T17:45:50Z,2475484.241200063,2065-07-17T17:47:19Z,1.612391,2.588758
295.8126138866,25°48'45" Capricorn,Capricorn,25.8126138866,lunar,penumbral,,2461605.156206315,2027-07-18T15:44:56Z,2461605.168760760,2027-07-18T16:03:00Z,0.000000,0.001364
296.5039189673,26°30'14" Capricorn,Capricorn,26.5039189673,solar,annular,central,2472014.424189420,2056-01-16T22:10:49Z,2472014.427413361,2056-01-16T22:15:28Z,0.988356,
296.5914600812,26°35'29" Capricorn,Capricorn,26.5914600812,solar,partial,noncentral,2465074.898892182,2037-01-16T09:34:24Z,2465074.908177058,2037-01-16T09:47:46Z,0.704999,
299.1091380474,29°06'33" Capricorn,Capricorn,29.1091380474,lunar,penumbral,,2400978.504093775,1861-07-22T00:05:53Z,2400978.493285047,1861-07-21T23:50:19Z,0.000000,0.169596
299.1512802892,29°09'05" Capricorn,Capricorn,29.1512802892,lunar,partial,,2394038.956411545,1842-07-22T10:57:13Z,2394038.949617605,1842-07-22T10:47:26Z,0.292553,1.349107
299.4258338840,29°25'33" Capricorn,Capricorn,29.4258338840,lunar,total,,2387099.648725943,1823-07-23T03:34:09Z,2387099.647319187,1823-07-23T03:32:08Z,1.512035,2.580558
300.4811545599,00°28'52" Aquarius,Aquarius,0.4811545599,solar,partial,noncentral,2397508.810205066,1852-01-21T07:26:41Z,2397508.800141383,1852-01-21T07:12:12Z,0.457744,
300.6721016658,00°40'20" Aquarius,Aquarius,0.6721016658,lunar,partial,,2403902.079669702,1869-07-23T13:54:43Z,2403902.085167654,1869-07-23T14:02:38Z,0.559514,1.601361
300.7035579670,00°42'13" Aquarius,Aquarius,0.7035579670,solar,annular,central,2390569.419879585,1833-01-20T22:04:37Z,2390569.414430131,1833-01-20T21:56:46Z,0.957391,
300.7373393630,00°44'14" Aquarius,Aquarius,0.7373393630,lunar,total,,2410841.739659818,1888-07-23T05:45:06Z,2410841.739458711,1888-07-23T05:44:49Z,1.818923,2.802590
300.8959332046,00°53'45" Aquarius,Aquarius,0.8959332046,lunar,penumbral,,2396962.724958759,1850-07-24T05:23:56Z,2396962.736194064,1850-07-24T05:40:07Z,0.000000,0.337100
301.0816654322,01°04'54" Aquarius,Aquarius,1.0816654322,lunar,partial,,2417781.687031710,1907-07-25T04:29:19Z,2417781.682153299,1907-07-25T04:22:18Z,0.615286,1.558893
301.5040315546,01°30'15" Aquarius,Aquarius,1.5040315546,lunar,penumbral,,2424721.717466677,1926-07-25T05:13:09Z,2424721.708225626,1926-07-25T04:59:50Z,0.000000,0.353819
302.1435047131,02°08'37" Aquarius,Aquarius,2.1435047131,solar,annular,central,2407371.993830072,1879-01-22T11:51:06Z,2407371.995248049,1879-01-22T11:53:09Z,0.984977,
302.2754169255,02°16'32" Aquarius,Aquarius,2.2754169255,solar,annular,central,2400432.511669601,1860-01-23T00:16:48Z,2400432.519029674,1860-01-23T00:27:24Z,0.957227,
302.3544666262,02°21'16" Aquarius,Aquarius,2.3544666262,solar,total,central,2414311.808713107,1898-01-22T07:24:32Z,2414311.805029402,1898-01-22T07:19:14Z,1.012569,
302.4165090761,02°24'59" Aquarius,Aquarius,2.4165090761,lunar,penumbral,,2420705.007388379,1915-07-26T12:10:38Z,2420705.016827751,1915-07-26T12:24:13Z,0.000000,0.354383
302.5999269594,02°36'00" Aquarius,Aquarius,2.5999269594,solar,partial,noncentral,2393493.212654995,1841-01-22T17:06:13Z,2393493.225057608,1841-01-22T17:24:04Z,0.031756,
302.7580220713,02°45'29" Aquarius,Aquarius,2.7580220713,solar,partial,noncentral,2421251.819166950,1917-01-23T07:39:36Z,2421251.811217797,1917-01-23T07:28:09Z,0.725184,
302.8025912432,02°48'09" Aquarius,Aquarius,2.8025912432,lunar,partial,,2427645.005878178,1934-07-26T12:08:27Z,2427645.010552100,1934-07-26T12:15:11Z,0.661777,1.602095
303.2019786430,03°12'07" Aquarius,Aquarius,3.2019786430,lunar,total,,2434585.014289791,1953-07-26T12:20:34Z,2434585.014388641,1953-07-26T12:20:43Z,1.863235,2.826279
303.2711673702,03°16'16" Aquarius,Aquarius,3.2711673702,lunar,penumbral,,2448464.266933453,1991-07-26T18:24:23Z,2448464.255498662,1991-07-26T18:07:55Z,0.000000,0.253871
303.3956223945,03°23'44" Aquarius,Aquarius,3.3956223945,lunar,partial,,2441524.808010509,1972-07-26T07:23:32Z,2441524.802568915,1972-07-26T07:15:41Z,0.542582,1.561560
304.1305903787,04°07'50" Aquarius,Aquarius,4.1305903787,solar,total,central,2424175.114476956,1925-01-24T14:44:50Z,2424175.120585036,1925-01-24T14:53:38Z,1.014908,
304.4977151300,04°29'52" Aquarius,Aquarius,4.4977151300,lunar,partial,,2465266.677191721,2037-07-27T04:15:09Z,2465266.672679048,2037-07-27T04:08:39Z,0.810075,1.859190
304.5168561708,04°31'01" Aquarius,Aquarius,4.5168561708,lunar,penumbral,,2472206.288072026,2056-07-26T18:54:49Z,2472206.279189216,2056-07-26T18:42:01Z,0.000000,0.643265
304.5490211677,04°32'56" Aquarius,Aquarius,4.5490211677,solar,total,central,2431115.141789524,1944-01-25T15:24:10Z,2431115.143235321,1944-01-25T15:26:15Z,1.021806,
304.7480759892,04°44'53" Aquarius,Aquarius,4.7480759892,lunar,total,,2458327.347479622,2018-07-27T20:20:22Z,2458327.348452801,2018-07-27T20:21:46Z,1.608371,2.679401
304.8624350318,04°51'45" Aquarius,Aquarius,4.8624350318,lunar,penumbral,,2444448.287254513,1980-07-27T18:53:38Z,2444448.297396045,1980-07-27T19:08:15Z,0.000000,0.253244
304.8677725829,04°52'04" Aquarius,Aquarius,4.8677725829,solar,annular,central,2438055.070762256,1963-01-25T13:41:53Z,2438055.067096299,1963-01-25T13:36:37Z,0.997230,
304.8936614042,04°53'37" Aquarius,Aquarius,4.8936614042,solar,partial,noncentral,2444994.705525206,1982-01-25T04:55:57Z,2444994.695797085,1982-01-25T04:41:56Z,0.566458,
304.9607914760,04°57'39" Aquarius,Aquarius,4.9607914760,lunar,partial,,2451387.975561419,1999-07-28T11:24:48Z,2451387.981800257,1999-07-28T11:33:47Z,0.396871,1.434589
306.0026572523,06°00'10" Aquarius,Aquarius,6.0026572523,solar,partial,noncentral,2468736.572067371,2047-01-26T01:43:46Z,2468736.563974031,2047-01-26T01:32:07Z,0.891206,
306.0487471174,06°02'55" Aquarius,Aquarius,6.0487471174,lunar,partial,,2475129.820050704,2064-07-28T07:40:52Z,2475129.827373213,2064-07-28T07:51:25Z,0.103384,1.135667
306.1837459429,06°11'01" Aquarius,Aquarius,6.1837459429,solar,annular,central,2461797.133701729,2028-01-26T15:12:31Z,2461797.130445386,2028-01-26T15:07:50Z,0.960764,
306.4976000888,06°29'51" Aquarius,Aquarius,6.4976000888,solar,annular,central,2454857.830078399,2009-01-26T07:55:18Z,2454857.832409259,2009-01-26T07:58:40Z,0.963999,
306.5839904996,06°35'02" Aquarius,Aquarius,6.5839904996,solar,annular,central,2447918.305582101,1990-01-26T19:20:02Z,2447918.312775844,1990-01-26T19:30:23Z,0.982090,
307.7513804100,07°45'05" Aquarius,Aquarius,7.7513804100,solar,partial,noncentral,2471660.235752043,2055-01-27T17:39:28Z,2471660.245065091,2055-01-27T17:52:53Z,0.693453,
309.5828366447,09°34'58" Aquarius,Aquarius,9.5828366447,lunar,penumbral,,2407563.800248715,1879-08-02T07:12:21Z,2407563.790006800,1879-08-02T06:57:36Z,0.000000,0.309596
309.5991288594,09°35'57" Aquarius,Aquarius,9.5991288594,lunar,partial,,2400624.231706388,1860-08-01T17:33:39Z,2400624.225588471,1860-08-01T17:24:50Z,0.445716,1.501260
309.8625496766,09°51'45" Aquarius,Aquarius,9.8625496766,lunar,total,,2393684.917869008,1841-08-02T10:01:43Z,2393684.917168129,1841-08-02T10:00:43Z,1.667606,2.738392
310.0495914550,10°02'59" Aquarius,Aquarius,10.0495914550,lunar,partial,,2386745.516074263,1822-08-03T00:23:08Z,2386745.520767034,1822-08-03T00:29:54Z,0.752840,1.784788
311.1289084350,11°07'44" Aquarius,Aquarius,11.1289084350,lunar,partial,,2410487.361218233,1887-08-03T20:40:09Z,2410487.367289095,1887-08-03T20:48:53Z,0.419173,1.459324
311.2137122898,11°12'49" Aquarius,Aquarius,11.2137122898,lunar,total,,2417427.041353344,1906-08-04T12:59:32Z,2417427.041700825,1906-08-04T13:00:02Z,1.779875,2.761599
311.3460163866,11°20'46" Aquarius,Aquarius,11.3460163866,lunar,penumbral,,2403547.994509903,1868-08-03T11:52:05Z,2403548.006347815,1868-08-03T12:09:08Z,0.000000,0.189329
311.5625297129,11°33'45" Aquarius,Aquarius,11.5625297129,lunar,partial,,2424366.999189426,1925-08-04T11:58:49Z,2424366.994813420,1925-08-04T11:52:31Z,0.746861,1.690627
311.6288056727,11°37'44" Aquarius,Aquarius,11.6288056727,solar,partial,noncentral,2404094.153324275,1870-01-31T15:40:47Z,2404094.143387904,1870-01-31T15:26:28Z,0.478086,
311.8443167805,11°50'40" Aquarius,Aquarius,11.8443167805,solar,annular,central,2397154.751387465,1851-02-01T06:01:59Z,2397154.746040327,1851-02-01T05:54:17Z,0.958392,
311.9805957384,11°58'50" Aquarius,Aquarius,11.9805957384,lunar,penumbral,,2431307.027225451,1944-08-04T12:39:12Z,2431307.018386255,1944-08-04T12:26:28Z,0.000000,0.478116
312.1462287843,12°08'46" Aquarius,Aquarius,12.1462287843,solar,annular,central,2390215.437283449,1832-02-01T22:29:41Z,2390215.437574827,1832-02-01T22:30:06Z,0.967472,
312.8884512532,12°53'18" Aquarius,Aquarius,12.8884512532,lunar,penumbral,,2427290.313506072,1933-08-05T19:31:26Z,2427290.323338804,1933-08-05T19:45:36Z,0.000000,0.231943
313.2898699026,13°17'24" Aquarius,Aquarius,13.2898699026,lunar,partial,,2434230.319419106,1952-08-05T19:39:57Z,2434230.324577185,1952-08-05T19:47:23Z,0.532296,1.473740
313.2981958060,13°17'54" Aquarius,Aquarius,13.2981958060,solar,annular,central,2413957.342481697,1897-02-01T20:13:10Z,2413957.343954307,1897-02-01T20:15:17Z,0.987186,
313.4149237996,13°24'54" Aquarius,Aquarius,13.4149237996,solar,annular,central,2407017.845320711,1878-02-02T08:17:15Z,2407017.852740941,1878-02-02T08:27:56Z,0.958169,
313.5144396037,13°30'52" Aquarius,Aquarius,13.5144396037,solar,total,central,2420897.170299022,1916-02-03T16:05:13Z,2420897.166691784,1916-02-03T16:00:02Z,1.014354,
313.6844526851,13°41'04" Aquarius,Aquarius,13.6844526851,lunar,total,,2441170.321046456,1971-08-06T19:42:18Z,2441170.321629398,1971-08-06T19:43:08Z,1.728636,2.695533
313.7187865116,13°43'08" Aquarius,Aquarius,13.7187865116,lunar,penumbral,,2455049.538109908,2009-08-06T00:54:52Z,2455049.527238718,2009-08-06T00:39:13Z,0.000000,0.401785
313.7266014447,13°43'36" Aquarius,Aquarius,13.7266014447,solar,partial,noncentral,2400078.544770190,1859-02-03T01:04:28Z,2400078.557292744,1859-02-03T01:22:30Z,0.007797,
313.8651249335,13°51'54" Aquarius,Aquarius,13.8651249335,lunar,partial,,2448110.096818806,1990-08-06T14:19:25Z,2448110.091911785,1990-08-06T14:12:21Z,0.676377,1.700214
313.9282426144,13°55'42" Aquarius,Aquarius,13.9282426144,solar,partial,noncentral,2427837.185607656,1935-02-03T16:27:16Z,2427837.177704461,1935-02-03T16:15:53Z,0.738583,
314.9576519743,14°57'28" Aquarius,Aquarius,14.9576519743,lunar,partial,,2471851.956640818,2055-08-07T10:57:33Z,2471851.952790691,2055-08-07T10:52:01Z,0.959798,2.007508
315.1995807366,15°11'58" Aquarius,Aquarius,15.1995807366,lunar,total,,2464912.617327972,2036-08-07T02:48:57Z,2464912.618999437,2036-08-07T02:51:21Z,1.453777,2.526577
315.2879708628,15°17'17" Aquarius,Aquarius,15.2879708628,solar,total,central,2430760.478403347,1943-02-04T23:28:54Z,2430760.484549051,1943-02-04T23:37:45Z,1.016211,
315.3524743158,15°21'09" Aquarius,Aquarius,15.3524743158,lunar,penumbral,,2451033.590019589,1998-08-08T02:09:37Z,2451033.600692531,1998-08-08T02:24:59Z,0.000000,0.120473
315.4195326499,15°25'10" Aquarius,Aquarius,15.4195326499,lunar,partial,,2457973.257383522,2017-08-07T18:10:37Z,2457973.264277078,2017-08-07T18:20:33Z,0.246509,1.288777
315.7132278309,15°42'48" Aquarius,Aquarius,15.7132278309,solar,total,central,2437700.506853521,1962-02-05T00:09:52Z,2437700.508359617,1962-02-05T00:12:02Z,1.021900,
316.0272271045,16°01'38" Aquarius,Aquarius,16.0272271045,solar,annular,central,2444640.426230172,1981-02-04T22:13:46Z,2444640.422597060,1981-02-04T22:08:32Z,0.996677,
316.0305147237,16°01'50" Aquarius,Aquarius,16.0305147237,solar,partial,noncentral,2451580.043948903,2000-02-05T13:03:17Z,2451580.034250307,2000-02-05T12:49:19Z,0.579546,
317.1547590949,17°09'17" Aquarius,Aquarius,17.1547590949,solar,partial,noncentral,2475321.918507404,2065-02-05T10:02:39Z,2475321.910532420,2065-02-05T09:51:10Z,0.912535,
317.3096433616,17°18'35" Aquarius,Aquarius,17.3096433616,solar,annular,central,2468382.465090755,2046-02-05T23:09:43Z,2468382.461953873,2046-02-05T23:05:12Z,0.961962,
317.6271369059,17°37'38" Aquarius,Aquarius,17.6271369059,solar,annular,central,2461443.163995279,2027-02-06T15:56:09Z,2461443.166438873,2027-02-06T15:59:40Z,0.964032,
317.7356264885,17°44'08" Aquarius,Aquarius,17.7356264885,solar,annular,central,2454503.655911059,2008-02-07T03:44:30Z,2454503.663211821,2008-02-07T03:55:01Z,0.980886,
318.8379886922,18°50'17" Aquarius,Aquarius,18.8379886922,lunar,penumbral,,2390407.105786777,1832-08-11T14:32:19Z,2390407.093624538,1832-08-11T14:14:49Z,0.000000,0.066317
320.0746854906,20°04'29" Aquarius,Aquarius,20.0746854906,lunar,penumbral,,2414149.098969156,1897-08-12T14:22:30Z,2414149.089283764,1897-08-12T14:08:34Z,0.000000,0.446957
320.0838990831,20°05'02" Aquarius,Aquarius,20.0838990831,lunar,partial,,2407209.511295617,1878-08-13T00:16:15Z,2407209.505824234,1878-08-13T00:08:23Z,0.591690,1.646594
320.3428947323,20°20'34" Aquarius,Aquarius,20.3428947323,lunar,total,,2400270.190499813,1859-08-13T16:34:19Z,2400270.190542504,1859-08-13T16:34:22Z,1.814429,2.887825
320.5334616955,20°32'00" Aquarius,Aquarius,20.5334616955,lunar,partial,,2393330.802364325,1840-08-13T07:15:24Z,2393330.807687903,1840-08-13T07:23:04Z,0.607370,1.644340
321.6205345044,21°37'14" Aquarius,Aquarius,21.6205345044,lunar,partial,,2417072.646742884,1905-08-15T03:31:18Z,2417072.653344432,1905-08-15T03:40:48Z,0.286888,1.325747
321.6538038708,21°39'14" Aquarius,Aquarius,21.6538038708,solar,partial,noncentral,2386937.638140772,1823-02-11T03:18:55Z,2386937.626852532,1823-02-11T03:02:40Z,0.185709,
321.7209834653,21°43'16" Aquarius,Aquarius,21.7209834653,lunar,total,,2424012.346422169,1924-08-14T20:18:50Z,2424012.347283348,1924-08-14T20:20:05Z,1.652393,2.632607
321.8255503640,21°49'32" Aquarius,Aquarius,21.8255503640,lunar,penumbral,,2410133.266849266,1886-08-14T18:24:15Z,2410133.279252238,1886-08-14T18:42:07Z,0.000000,0.048762
322.0870436047,22°05'13" Aquarius,Aquarius,22.0870436047,lunar,partial,,2430952.315219040,1943-08-15T19:33:54Z,2430952.311315326,1943-08-15T19:28:17Z,0.870107,1.814664
322.5000801342,22°30'00" Aquarius,Aquarius,22.5000801342,lunar,penumbral,,2437892.339692760,1962-08-15T20:09:09Z,2437892.331237139,1962-08-15T19:56:58Z,0.000000,0.596085
322.7501373895,22°45'00" Aquarius,Aquarius,22.7501373895,solar,partial,noncentral,2410679.494805198,1888-02-11T23:52:31Z,2410679.485014384,1888-02-11T23:38:25Z,0.502631,
322.9416809083,22°56'30" Aquarius,Aquarius,22.9416809083,solar,annular,central,2403740.079237618,1869-02-11T13:54:06Z,2403740.074031910,1869-02-11T13:46:36Z,0.959752,
323.2477553652,23°14'52" Aquarius,Aquarius,23.2477553652,solar,annular,central,2396800.770064879,1850-02-12T06:28:53Z,2396800.770478721,1850-02-12T06:29:29Z,0.967549,
323.3066930252,23°18'24" Aquarius,Aquarius,23.3066930252,solar,annular,central,2389861.217762568,1831-02-12T17:13:34Z,2389861.223307873,1831-02-12T17:21:33Z,0.990303,
323.4124685003,23°24'45" Aquarius,Aquarius,23.4124685003,lunar,penumbral,,2433875.624585999,1951-08-17T02:59:24Z,2433875.634774179,1951-08-17T03:14:04Z,0.000000,0.119424
323.8121159004,23°48'44" Aquarius,Aquarius,23.8121159004,lunar,partial,,2440815.635627092,1970-08-17T03:15:18Z,2440815.641246942,1970-08-17T03:23:23Z,0.408320,1.351547
324.1968461464,24°11'49" Aquarius,Aquarius,24.1968461464,lunar,penumbral,,2461634.811604918,2027-08-17T07:28:42Z,2461634.801292325,2027-08-17T07:13:51Z,0.000000,0.545747
324.1993837387,24°11'58" Aquarius,Aquarius,24.1993837387,lunar,total,,2447755.629571337,1989-08-17T03:06:34Z,2447755.630667754,1989-08-17T03:08:09Z,1.598665,2.570057
324.3564929015,24°21'23" Aquarius,Aquarius,24.3564929015,lunar,partial,,2454695.386434849,2008-08-16T21:16:27Z,2454695.382059965,2008-08-16T21:10:09Z,0.807517,1.836557
324.4105763439,24°24'38" Aquarius,Aquarius,24.4105763439,solar,annular,central,2420542.688033556,1915-02-14T04:30:46Z,2420542.689592183,1915-02-14T04:33:00Z,0.989625,
324.5098879128,24°30'36" Aquarius,Aquarius,24.5098879128,solar,annular,central,2413603.175364253,1896-02-13T16:12:31Z,2413603.182878470,1896-02-13T16:23:20Z,0.959383,
324.6449708750,24°38'42" Aquarius,Aquarius,24.6449708750,solar,total,central,2427482.530093928,1934-02-14T00:43:20Z,2427482.526581944,1934-02-14T00:38:16Z,1.016401,
325.0564433354,25°03'23" Aquarius,Aquarius,25.0564433354,solar,partial,noncentral,2434422.548763271,1953-02-14T01:10:13Z,2434422.540930488,1953-02-14T00:58:56Z,0.759278,
325.6859266595,25°41'09" Aquarius,Aquarius,25.6859266595,lunar,total,,2471497.890201362,2054-08-18T09:21:53Z,2471497.892540912,2054-08-18T09:25:15Z,1.305582,2.380418
325.9211680303,25°55'16" Aquarius,Aquarius,25.9211680303,lunar,partial,,2464558.541893867,2035-08-19T01:00:19Z,2464558.549410404,2035-08-19T01:11:09Z,0.103675,1.150755
326.4203962875,26°25'13" Aquarius,Aquarius,26.4203962875,solar,total,central,2437345.840474321,1961-02-15T08:10:16Z,2437345.846673559,1961-02-15T08:19:12Z,1.017590,
326.8376703878,26°50'16" Aquarius,Aquarius,26.8376703878,solar,total,central,2444285.868662352,1980-02-16T08:50:52Z,2444285.870254370,1980-02-16T08:53:09Z,1.022146,
327.1304734695,27°07'50" Aquarius,Aquarius,27.1304734695,solar,partial,noncentral,2458165.378630817,2018-02-15T21:05:13Z,2458165.368993964,2018-02-15T20:51:21Z,0.599265,
327.1337583668,27°08'02" Aquarius,Aquarius,27.1337583668,solar,annular,central,2451225.776887234,1999-02-16T06:38:43Z,2451225.773326372,1999-02-16T06:33:35Z,0.996336,
328.4038325771,28°24'14" Aquarius,Aquarius,28.4038325771,solar,annular,central,2474967.794020323,2064-02-17T07:03:23Z,2474967.791030833,2064-02-17T06:59:05Z,0.963467,
328.7161868806,28°42'58" Aquarius,Aquarius,28.7161868806,solar,annular,central,2468028.493873218,2045-02-16T23:51:10Z,2468028.496463936,2045-02-16T23:54:54Z,0.964306,
328.8288966890,28°49'44" Aquarius,Aquarius,28.8288966890,solar,annular,central,2461089.000811091,2026-02-17T12:01:10Z,2461089.008263744,2026-02-17T12:11:53Z,0.979739,
329.3502739213,29°21'01" Aquarius,Aquarius,29.3502739213,lunar,penumbral,,2396992.383163746,1850-08-22T21:11:45Z,2396992.371483091,1850-08-22T20:54:56Z,0.000000,0.199837
329.4839143421,29°29'02" Aquarius,Aquarius,29.4839143421,lunar,partial,,2390052.922247600,1831-08-23T10:08:02Z,2390052.916566314,1831-08-23T09:59:51Z,0.483485,1.506789
330.6022126090,00°36'08" Pisces,Pisces,0.6022126090,lunar,partial,,2413794.794692272,1896-08-23T07:04:21Z,2413794.789839382,1896-08-23T06:57:22Z,0.731021,1.785619
330.6192915510,00°37'09" Pisces,Pisces,0.6192915510,lunar,penumbral,,2420734.402808252,1915-08-24T21:40:02Z,2420734.393642070,1915-08-24T21:26:50Z,0.000000,0.574716
330.8544001341,00°51'16" Pisces,Pisces,0.8544001341,lunar,total,,2406855.465802869,1877-08-23T23:10:45Z,2406855.466421192,1877-08-23T23:11:38Z,1.684263,2.760512
330.9748552294,00°58'29" Pisces,Pisces,0.9748552294,lunar,penumbral,,2392976.401372095,1839-08-24T21:37:58Z,2392976.411250713,1839-08-24T21:52:12Z,0.000000,0.328087
331.0680883738,01°04'05" Pisces,Pisces,1.0680883738,lunar,partial,,2399916.091776276,1858-08-24T14:12:09Z,2399916.097694683,1858-08-24T14:20:40Z,0.470734,1.513133
332.1545624043,02°09'16" Pisces,Pisces,2.1545624043,lunar,partial,,2423657.936948319,1923-08-26T10:29:12Z,2423657.944036946,1923-08-26T10:39:24Z,0.163336,1.201231
332.2819504754,02°16'55" Pisces,Pisces,2.2819504754,lunar,total,,2430597.656975104,1942-08-26T03:46:02Z,2430597.658303061,1942-08-26T03:47:57Z,1.535082,2.514375
332.6480496274,02°38'53" Pisces,Pisces,2.6480496274,lunar,partial,,2437537.634187401,1961-08-26T03:13:13Z,2437537.630732514,1961-08-26T03:08:15Z,0.986851,1.932728
332.7225039980,02°43'21" Pisces,Pisces,2.7225039980,solar,partial,noncentral,2393522.972125737,1841-02-21T11:19:51Z,2393522.960906064,1841-02-21T11:03:42Z,0.209619,
333.0544122260,03°03'16" Pisces,Pisces,3.0544122260,lunar,penumbral,,2444477.654315665,1980-08-26T03:42:12Z,2444477.646228444,1980-08-26T03:30:34Z,0.000000,0.708836
333.8076371928,03°48'27" Pisces,Pisces,3.8076371928,solar,partial,noncentral,2417264.831355907,1906-02-23T07:57:09Z,2417264.821757951,1906-02-23T07:43:19Z,0.538358,
333.9713691512,03°58'17" Pisces,Pisces,3.9713691512,lunar,penumbral,,2440460.939153633,1969-08-27T10:32:22Z,2440460.949673768,1969-08-27T10:47:31Z,0.000000,0.013041
333.9910028545,03°59'28" Pisces,Pisces,3.9910028545,solar,annular,central,2410325.403048612,1887-02-22T21:40:23Z,2410325.398026151,1887-02-22T21:33:09Z,0.961470,
334.1238459608,04°07'26" Pisces,Pisces,4.1238459608,solar,partial,noncentral,2389506.701534754,1830-02-23T04:50:12Z,2389506.711062397,1830-02-23T05:03:55Z,0.310766,
334.2963216090,04°17'47" Pisces,Pisces,4.2963216090,solar,annular,central,2403386.097647685,1868-02-23T14:20:36Z,2403386.098230540,1868-02-23T14:21:27Z,0.967769,
334.3729589969,04°22'23" Pisces,Pisces,4.3729589969,solar,annular,central,2396446.562347228,1849-02-23T01:29:46Z,2396446.568049715,1849-02-23T01:37:59Z,0.989708,
334.3812169614,04°22'52" Pisces,Pisces,4.3812169614,lunar,partial,,2447400.955427066,1988-08-27T10:55:48Z,2447400.961479352,1988-08-27T11:04:31Z,0.291970,1.237468
334.7193878345,04°43'10" Pisces,Pisces,4.7193878345,lunar,penumbral,,2468220.088679956,2045-08-27T14:07:41Z,2468220.078906312,2045-08-27T13:53:37Z,0.000000,0.682676
334.7594569459,04°45'34" Pisces,Pisces,4.7594569459,lunar,total,,2454340.941013886,2007-08-28T10:35:03Z,2454340.942598179,2007-08-28T10:37:20Z,1.475974,2.452256
334.9019677294,04°54'07" Pisces,Pisces,4.9019677294,lunar,partial,,2461280.679545905,2026-08-28T04:18:32Z,2461280.675675220,2026-08-28T04:12:58Z,0.929957,1.964622
335.4751566435,05°28'31" Pisces,Pisces,5.4751566435,solar,annular,central,2427128.030419676,1933-02-24T12:43:48Z,2427128.032098902,1933-02-24T12:46:13Z,0.992317,
335.5557328802,05°33'21" Pisces,Pisces,5.5557328802,solar,annular,central,2420188.501249232,1914-02-25T00:01:47Z,2420188.508892010,1914-02-25T00:12:48Z,0.960770,
335.7219597496,05°43'19" Pisces,Pisces,5.7219597496,solar,total,central,2434067.886077187,1952-02-25T09:15:57Z,2434067.882696959,1952-02-25T09:11:05Z,1.018605,
336.1434112414,06°08'36" Pisces,Pisces,6.1434112414,solar,partial,noncentral,2441007.908674593,1971-02-25T09:48:29Z,2441007.900934748,1971-02-25T09:37:20Z,0.786727,
336.4586989417,06°27'31" Pisces,Pisces,6.4586989417,lunar,penumbral,,2471143.828448842,2053-08-29T07:52:57Z,2471143.836563035,2053-08-29T08:04:39Z,0.000000,1.019167
337.4915710287,07°29'30" Pisces,Pisces,7.4915710287,solar,total,central,2443931.198057639,1979-02-26T16:45:12Z,2443931.204347961,1979-02-26T16:54:15Z,1.018961,
337.9110897025,07°54'40" Pisces,Pisces,7.9110897025,solar,total,central,2450871.226329438,1998-02-26T17:25:54Z,2450871.228042971,1998-02-26T17:28:22Z,1.022484,
338.1738787661,08°10'26" Pisces,Pisces,8.1738787661,solar,partial,noncentral,2464750.707854782,2036-02-27T04:59:18Z,2464750.698326547,2036-02-27T04:45:35Z,0.628839,
338.2018423970,08°12'07" Pisces,Pisces,8.2018423970,solar,annular,central,2457811.123889688,2017-02-26T14:58:24Z,2457811.120428727,2017-02-26T14:53:25Z,0.996233,
339.7469804204,09°44'49" Pisces,Pisces,9.7469804204,solar,annular,central,2474613.818195194,2063-02-28T07:38:12Z,2474613.820983312,2063-02-28T07:42:12Z,0.964775,
339.8854481179,09°53'08" Pisces,Pisces,9.8854481179,solar,annular,central,2467674.341934524,2044-02-28T20:12:23Z,2467674.349566494,2044-02-28T20:23:22Z,0.978107,
339.8917212077,09°53'30" Pisces,Pisces,9.8917212077,lunar,total,,2389698.442589128,1830-09-02T22:37:19Z,2389698.442863259,1830-09-02T22:37:43Z,1.803636,2.775674
339.9185285075,09°55'07" Pisces,Pisces,9.9185285075,lunar,penumbral,,2403577.665013604,1868-09-02T03:57:37Z,2403577.653790174,1868-09-02T03:41:27Z,0.000000,0.324431
340.0668326597,10°04'01" Pisces,Pisces,10.0668326597,lunar,partial,,2396638.220656489,1849-09-02T17:17:44Z,2396638.215414878,1849-09-02T17:10:11Z,0.594736,1.624040
341.1792072899,11°10'45" Pisces,Pisces,11.1792072899,lunar,partial,,2420380.083899837,1914-09-04T14:00:48Z,2420380.079615209,1914-09-04T13:54:38Z,0.858776,1.913332
341.2055596687,11°12'20" Pisces,Pisces,11.2055596687,lunar,penumbral,,2427319.711329412,1933-09-04T05:04:18Z,2427319.702653585,1933-09-04T04:51:49Z,0.000000,0.695281
341.4307459302,11°25'51" Pisces,Pisces,11.4307459302,lunar,total,,2413440.746691037,1895-09-04T05:55:14Z,2413440.747901745,1895-09-04T05:56:58Z,1.552474,2.631795
341.5785211039,11°34'43" Pisces,Pisces,11.5785211039,lunar,penumbral,,2399561.713413120,1857-09-04T05:07:18Z,2399561.723758256,1857-09-04T05:22:12Z,0.000000,0.214874
341.6494376586,11°38'58" Pisces,Pisces,11.6494376586,lunar,partial,,2406501.384246041,1876-09-03T21:13:18Z,2406501.390726213,1876-09-03T21:22:38Z,0.342231,1.390272
342.7443875987,12°44'40" Pisces,Pisces,12.7443875987,lunar,partial,,2430243.233284721,1941-09-05T17:35:55Z,2430243.240807126,1941-09-05T17:46:45Z,0.051060,1.088366
342.8803547805,12°52'49" Pisces,Pisces,12.8803547805,lunar,total,,2437182.971333404,1960-09-05T11:18:43Z,2437182.973098223,1960-09-05T11:21:15Z,1.424385,2.403139
343.2613243760,13°15'41" Pisces,Pisces,13.2613243760,lunar,total,,2444122.957342920,1979-09-06T10:58:34Z,2444122.954302467,1979-09-06T10:54:11Z,1.094262,2.041946
343.6700611127,13°40'12" Pisces,Pisces,13.6700611127,lunar,penumbral,,2451062.973155822,1998-09-06T11:21:20Z,2451062.965406661,1998-09-06T11:10:11Z,0.000000,0.812145
343.7015800391,13°42'06" Pisces,Pisces,13.7015800391,solar,hybrid,central,2393168.670427217,1840-03-04T04:05:24Z,2393168.665419746,1840-03-04T03:58:12Z,0.999602,
343.7173822789,13°43'03" Pisces,Pisces,13.7173822789,solar,partial,noncentral,2400108.298981957,1859-03-04T19:10:32Z,2400108.287888015,1859-03-04T18:54:33Z,0.246258,
344.8229201607,14°49'23" Pisces,Pisces,14.8229201607,solar,partial,noncentral,2423850.164962350,1924-03-05T15:57:32Z,2423850.155586923,1924-03-05T15:44:02Z,0.581592,
344.9817070076,14°58'54" Pisces,Pisces,14.9817070076,solar,annular,central,2416910.721706843,1905-03-06T05:19:15Z,2416910.716918292,1905-03-06T05:12:21Z,0.963457,
345.0020408873,15°00'07" Pisces,Pisces,15.0020408873,lunar,partial,,2453986.279185240,2006-09-07T18:42:01Z,2453986.285638456,2006-09-07T18:51:19Z,0.183938,1.132214
345.1411521814,15°08'28" Pisces,Pisces,15.1411521814,solar,partial,noncentral,2396092.053718835,1848-03-05T13:17:21Z,2396092.063413924,1848-03-05T13:31:18Z,0.266735,
345.2880094587,15°17'17" Pisces,Pisces,15.2880094587,solar,annular,central,2409971.419696141,1886-03-05T22:04:21Z,2409971.420498233,1886-03-05T22:05:31Z,0.968219,
345.2958722261,15°17'45" Pisces,Pisces,15.2958722261,lunar,penumbral,,2474805.370303595,2063-09-07T20:53:14Z,2474805.361039450,2063-09-07T20:39:53Z,0.000000,0.810475
345.3752200383,15°22'31" Pisces,Pisces,15.3752200383,lunar,total,,2460926.256161577,2025-09-07T18:08:52Z,2460926.258201588,2025-09-07T18:11:48Z,1.361961,2.343618
345.3821859923,15°22'56" Pisces,Pisces,15.3821859923,solar,annular,central,2403031.901485396,1867-03-06T09:38:08Z,2403031.907387642,1867-03-06T09:46:38Z,0.989124,
345.4903531196,15°29'25" Pisces,Pisces,15.4903531196,lunar,total,,2467865.975299872,2044-09-07T11:24:25Z,2467865.971912287,2044-09-07T11:19:33Z,1.045644,2.086152
346.4766288640,16°28'36" Pisces,Pisces,16.4766288640,solar,annular,central,2433713.368407159,1951-03-07T20:50:30Z,2433713.370252125,1951-03-07T20:53:09Z,0.995114,
346.5395847487,16°32'23" Pisces,Pisces,16.5395847487,solar,annular,central,2426773.822389307,1932-03-07T07:44:14Z,2426773.830205026,1932-03-07T07:55:29Z,0.962121,
346.7409273732,16°44'27" Pisces,Pisces,16.7409273732,solar,total,central,2440653.237814774,1970-03-07T17:42:27Z,2440653.234604796,1970-03-07T17:37:49Z,1.020999,
347.1585470306,17°09'31" Pisces,Pisces,17.1585470306,solar,partial,noncentral,2447593.262948030,1989-03-07T18:18:38Z,2447593.255342752,1989-03-07T18:07:41Z,0.826542,
348.5106239137,18°30'38" Pisces,Pisces,18.5106239137,solar,total,central,2450516.551778426,1997-03-09T01:14:33Z,2450516.558193949,1997-03-09T01:23:47Z,1.020242,
348.9282283163,18°55'42" Pisces,Pisces,18.9282283163,solar,total,central,2457456.579516598,2016-03-09T01:54:30Z,2457456.581388730,2016-03-09T01:57:11Z,1.022919,
349.1649804048,19°09'54" Pisces,Pisces,19.1649804048,solar,partial,noncentral,2471336.031849653,2054-03-09T12:45:51Z,2471336.022475874,2054-03-09T12:32:21Z,0.668004,
349.2047385273,19°12'17" Pisces,Pisces,19.2047385273,solar,annular,central,2464396.464914720,2035-03-09T23:09:28Z,2464396.461601992,2035-03-09T23:04:42Z,0.996207,
350.1588776474,20°09'32" Pisces,Pisces,20.1588776474,lunar,partial,,2389343.767859383,1829-09-13T06:25:43Z,2389343.773122376,1829-09-13T06:33:17Z,0.504779,1.454285
350.5459647961,20°32'45" Pisces,Pisces,20.5459647961,lunar,penumbral,,2410162.951654375,1886-09-13T10:50:22Z,2410162.940857413,1886-09-13T10:34:50Z,0.000000,0.439162
350.5515028245,20°33'05" Pisces,Pisces,20.5515028245,lunar,total,,2396283.762681982,1848-09-13T06:18:15Z,2396283.763362709,1848-09-13T06:19:14Z,1.699793,2.677141
350.7109532226,20°42'39" Pisces,Pisces,20.7109532226,lunar,partial,,2403223.523167263,1867-09-14T00:33:21Z,2403223.518330683,1867-09-14T00:26:23Z,0.695867,1.731285
350.8673372436,20°52'02" Pisces,Pisces,20.8673372436,solar,partial,noncentral,2474259.676081493,2062-03-11T04:13:33Z,2474259.683948558,2062-03-11T04:24:53Z,0.933098,
351.8119257543,21°48'43" Pisces,Pisces,21.8119257543,lunar,partial,,2426965.379159586,1932-09-14T21:05:59Z,2426965.375394732,1932-09-14T21:00:34Z,0.975463,2.030212
351.8623643166,21°51'45" Pisces,Pisces,21.8623643166,lunar,penumbral,,2433905.026635584,1951-09-15T12:38:21Z,2433905.018399979,1951-09-15T12:26:29Z,0.000000,0.803073
352.0564073209,22°03'23" Pisces,Pisces,22.0564073209,lunar,total,,2420026.031620672,1913-09-15T12:45:32Z,2420026.033383495,1913-09-15T12:48:04Z,1.429713,2.512216
352.2393677652,22°14'22" Pisces,Pisces,22.2393677652,lunar,penumbral,,2406147.029236011,1875-09-15T12:42:05Z,2406147.040014587,1875-09-15T12:57:37Z,0.000000,0.111273
352.2998192211,22°17'59" Pisces,Pisces,22.2998192211,lunar,partial,,2413086.681596694,1894-09-15T04:21:29Z,2413086.688587596,1894-09-15T04:31:33Z,0.226019,1.279904
353.3943897895,23°23'40" Pisces,Pisces,23.3943897895,lunar,penumbral,,2436828.535848319,1959-09-17T00:51:37Z,2436828.543750409,1959-09-17T01:03:00Z,0.000000,0.987613
353.5527344228,23°33'10" Pisces,Pisces,23.5527344228,lunar,total,,2443768.292417422,1978-09-16T19:01:04Z,2443768.294561584,1978-09-16T19:04:10Z,1.327393,2.306051
353.9324379109,23°55'57" Pisces,Pisces,23.9324379109,lunar,total,,2450708.285067133,1997-09-16T18:50:29Z,2450708.282404800,1997-09-16T18:46:39Z,1.191909,2.141824
354.3323058743,24°19'56" Pisces,Pisces,24.3323058743,lunar,penumbral,,2457648.295221497,2016-09-16T19:05:07Z,2457648.287786783,2016-09-16T18:54:24Z,0.000000,0.908239
354.3366787046,24°20'12" Pisces,Pisces,24.3366787046,solar,total,central,2392814.092366141,1839-03-15T14:13:00Z,2392814.092762652,1839-03-15T14:13:34Z,1.026469,
354.6447428505,24°38'41" Pisces,Pisces,24.6447428505,solar,hybrid,central,2399754.008498856,1858-03-15T12:12:14Z,2399754.003673243,1858-03-15T12:05:17Z,0.999632,
354.6612732857,24°39'41" Pisces,Pisces,24.6612732857,solar,partial,noncentral,2406693.620707486,1877-03-15T02:53:49Z,2406693.609781600,1877-03-15T02:38:05Z,0.291910,
355.6791801974,25°40'45" Pisces,Pisces,25.6791801974,lunar,partial,,2460571.607269166,2024-09-18T02:34:28Z,2460571.614090285,2024-09-18T02:44:17Z,0.084889,1.036344
355.7595895205,25°45'35" Pisces,Pisces,25.7595895205,solar,partial,noncentral,2430435.492969838,1942-03-16T23:49:52Z,2430435.483873877,1942-03-16T23:36:46Z,0.638973,
355.9145026771,25°54'52" Pisces,Pisces,25.9145026771,solar,annular,central,2423496.035485215,1923-03-17T12:51:05Z,2423496.030979574,1923-03-17T12:44:36Z,0.965642,
356.0386906448,26°02'19" Pisces,Pisces,26.0386906448,lunar,total,,2467511.574360716,2043-09-19T01:47:04Z,2467511.576829055,2043-09-19T01:50:38Z,1.255459,2.242746
356.0964795370,26°05'47" Pisces,Pisces,26.0964795370,solar,partial,noncentral,2402677.400629606,1866-03-16T21:36:54Z,2402677.410529665,1866-03-16T21:51:09Z,0.211806,
356.1452875214,26°08'43" Pisces,Pisces,26.1452875214,lunar,total,,2474451.275680509,2062-09-18T18:36:58Z,2474451.272733317,2062-09-18T18:32:44Z,1.149696,2.196247
356.2178589333,26°13'04" Pisces,Pisces,26.2178589333,solar,annular,central,2416556.735507389,1904-03-17T05:39:07Z,2416556.736582362,1904-03-17T05:40:40Z,0.968752,
356.3201915828,26°19'13" Pisces,Pisces,26.3201915828,solar,annular,central,2409617.233943500,1885-03-16T17:36:52Z,2409617.240100224,1885-03-16T17:45:44Z,0.988517,
357.4201415636,27°25'13" Pisces,Pisces,27.4201415636,solar,annular,central,2440298.702318097,1969-03-18T04:51:20Z,2440298.704369524,1969-03-18T04:54:17Z,0.998074,
357.4630639077,27°27'47" Pisces,Pisces,27.4630639077,solar,annular,noncentral,2433359.138911942,1950-03-18T15:20:01Z,2433359.146940731,1950-03-18T15:31:35Z,0.961760,
357.6961370086,27°41'46" Pisces,Pisces,27.6961370086,solar,total,central,2447238.584943580,1988-03-18T02:02:19Z,2447238.581944868,1988-03-18T01:58:00Z,1.023450,
358.1183075406,28°07'06" Pisces,Pisces,28.1183075406,solar,partial,noncentral,2454178.612889473,2007-03-19T02:42:33Z,2454178.605449326,2007-03-19T02:31:50Z,0.875484,
359.4553371580,29°27'19" Pisces,Pisces,29.4553371580,solar,total,central,2457101.900136367,2015-03-20T09:36:11Z,2457101.906723627,2015-03-20T09:45:40Z,1.021276,
359.5584475332,29°33'30" Pisces,Pisces,29.5584475332,lunar,penumbral,,2393005.798526027,1839-09-23T07:09:52Z,2393005.789976352,1839-09-23T06:57:33Z,0.000000,0.583086
359.8737295611,29°52'25" Pisces,Pisces,29.8737295611,solar,total,central,2464041.926803031,2034-03-20T10:14:35Z,2464041.928883785,2034-03-20T10:17:35Z,1.023332,
