physical_degree,directional_degree_after,navigation_cell_after,lane_before,lane_after,jd_ut
193.52902156443943,553.5290215644394,553,direct,retrograde,2297439.7121119313
183.6013260015073,183.6013260015073,183,retrograde,direct,2297562.941657883
223.5814618149685,583.5814618149685,583,direct,retrograde,2297835.5476837466
213.700964304783,213.700964304783,213,retrograde,direct,2297959.0713270903
254.60044903578003,614.60044903578,614,direct,retrograde,2298232.89145083
244.7532996601582,244.7532996601582,244,retrograde,direct,2298355.8450967213
287.32265855992136,647.3226585599214,647,direct,retrograde,2298632.595346353
277.48861596551194,277.48861596551194,277,retrograde,direct,2298754.1738239555
322.1023273353756,682.1023273353755,682,direct,retrograde,2299034.4639838273
312.2502127648836,312.2502127648836,312,retrograde,direct,2299154.2110234816
358.5600651026631,718.5600651026631,718,direct,retrograde,2299437.7011892023
348.64636799288854,348.64636799288854,348,retrograde,direct,2299555.8724397374
35.475379074425604,395.47537907442563,395,direct,retrograde,2299840.542272727
25.479031762223258,25.479031762223258,25,retrograde,direct,2299958.0420434372
71.37064049483023,431.37064049483024,431,direct,retrograde,2300241.433602256
61.3106317252581,61.3106317252581,61,retrograde,direct,2300359.456203616
105.34152641618556,465.34152641618556,465,direct,retrograde,2300640.0100161396
95.2715520767902,95.2715520767902,95,retrograde,direct,2300759.3315073047
137.3364856158761,497.3364856158761,497,direct,retrograde,2301036.45595977
127.30088416565792,127.30088416565792,127,retrograde,direct,2301157.403498145
167.892307994427,527.892307994427,527,direct,retrograde,2301431.819124151
157.91376294331496,157.91376294331496,157,retrograde,direct,2301554.198036853
197.81481457442285,557.8148145744228,557,direct,retrograde,2301826.9823421054
187.8925114985996,187.8925114985996,187,retrograde,direct,2301950.2692980627
227.98190380273272,587.9819038027327,587,direct,retrograde,2302222.955951282
218.10777725952028,218.10777725952028,218,retrograde,direct,2302346.428965601
259.24556114870325,619.2455611487032,619,direct,retrograde,2302620.727313268
249.40195742495757,249.40195742495757,249,retrograde,direct,2302743.4970722217
292.28982096983975,652.2898209698398,652,direct,retrograde,2303020.702015727
282.45718275287743,282.45718275287743,282,retrograde,direct,2303142.0265523316
327.36660402260304,687.366604022603,687,direct,retrograde,2303422.9202845516
317.5076301471537,317.5076301471537,317,retrograde,direct,2303542.428936418
3.954981052211837,363.95498105221185,363,direct,retrograde,2303826.168907064
354.0312723864437,354.0312723864437,354,retrograde,direct,2303944.16772459
40.76974794346506,400.76974794346506,400,direct,retrograde,2304228.713321544
30.76246120066101,30.76246120066101,30,retrograde,direct,2304346.2658752445
76.39448957837163,436.39448957837163,436,direct,retrograde,2304629.3250466352
66.33133037225623,66.33133037225623,66,retrograde,direct,2304747.5050866157
110.05543999071692,470.05543999071693,470,direct,retrograde,2305027.4636498503
99.9899469605399,99.9899469605399,99,retrograde,direct,2305147.019013333
141.80842462818728,501.80842462818725,501,direct,retrograde,2305423.7920464873
131.78148189015081,131.78148189015081,131,retrograde,direct,2305544.955025319
172.23956225520865,532.2395622552086,532,direct,retrograde,2305819.0133807287
162.26902772575684,162.26902772575684,162,retrograde,direct,2305941.5472966842
202.16603810177193,562.166038101772,562,direct,retrograde,2306214.2827626113
192.25309775358144,192.25309775358144,192,retrograde,direct,2306337.648044926
232.46666938793126,592.4666693879312,592,direct,retrograde,2306610.5049997177
222.59777243907143,222.59777243907143,222,retrograde,direct,2306733.9113561306
263.964008647427,623.964008647427,623,direct,retrograde,2307008.5268312003
254.12533038362764,254.12533038362764,254,retrograde,direct,2307131.154234078
297.28499453940196,657.284994539402,657,direct,retrograde,2307408.877803467
287.4496347169318,287.4496347169318,287,retrograde,direct,2307529.9901629966
332.57842181197634,692.5784218119763,692,direct,retrograde,2307811.278796114
322.71232407269355,322.71232407269355,322,retrograde,direct,2307930.540994699
9.221800777016709,369.2218007770167,369,direct,retrograde,2308214.400667902
359.2843831448191,359.2843831448191,359,retrograde,direct,2308332.349947055
45.891894665859,405.891894665859,405,direct,retrograde,2308616.774839783
35.87349985665299,35.87349985665299,35,retrograde,direct,2308734.387935796
81.24918656669672,441.2491865666967,441,direct,retrograde,2309016.9778510854
71.18353039705721,71.18353039705721,71,retrograde,direct,2309135.292217048
114.64475169900744,474.64475169900743,474,direct,retrograde,2309414.9073175257
104.5826016674308,104.5826016674308,104,retrograde,direct,2309534.6801219564
146.20839572273422,506.2083957227342,506,direct,retrograde,2309810.9989487454
136.18986705713678,136.18986705713678,136,retrograde,direct,2309932.34511311
176.55762028809625,536.5576202880962,536,direct,retrograde,2310206.2772238646
166.59663542984072,166.59663542984072,166,retrograde,direct,2310328.951473873
206.51223194045068,566.5122319404506,566,direct,retrograde,2310601.57734691
196.60587084543343,196.60587084543343,196,retrograde,direct,2310724.9867173843
236.9368692138768,596.9368692138768,596,direct,retrograde,2310998.020876443
227.07459059724218,227.07459059724218,227,retrograde,direct,2311121.407488236
268.6430116668334,628.6430116668334,628,direct,retrograde,2311396.3322824044
258.80499944633647,258.80499944633647,258,retrograde,direct,2311518.809054548
302.2197450479643,662.2197450479644,662,direct,retrograde,2311796.996903114
292.38404800706985,292.38404800706985,292,retrograde,direct,2311917.8440139676
337.7433669812979,697.7433669812979,697,direct,retrograde,2312199.5057582846
327.8689364628759,327.8689364628759,327,retrograde,direct,2312318.5844432544
14.481435589677236,374.48143558967723,374,direct,retrograde,2312602.73911169
4.533051552110956,4.533051552110956,4,retrograde,direct,2312720.5603598235
51.06121602741475,411.06121602741473,411,direct,retrograde,2313004.818821769
41.03442657533701,41.03442657533701,41,retrograde,direct,2313122.4171716273
86.20117428883373,446.2011742888337,446,direct,retrograde,2313404.754522887
76.13250009477703,76.13250009477703,76,retrograde,direct,2313523.2630405836
119.34905740972853,479.3490574097285,479,direct,retrograde,2313802.4099443154
109.29339343347739,109.29339343347739,109,retrograde,direct,2313922.363643214
150.71097670451488,510.7109767045149,510,direct,retrograde,2314198.369182879
140.6998697666129,140.6998697666129,140,retrograde,direct,2314319.9330982678
180.92627266697392,540.9262726669739,540,direct,retrograde,2314593.469610812
170.97293330289008,170.97293330289008,170,retrograde,direct,2314716.3254875345
210.83039411167346,570.8303941116735,570,direct,retrograde,2314988.873152773
200.93022371072095,200.93022371072095,200,retrograde,direct,2315112.4093978303
241.3048706667626,601.3048706667626,601,direct,retrograde,2315385.396665195
231.44388087110113,231.44388087110113,231,retrograde,direct,2315508.7613947615
273.1641741722902,633.1641741722901,633,direct,retrograde,2315783.9972285572
263.3271459289076,263.3271459289076,263,retrograde,direct,2315906.3287998475
306.9814317474185,666.9814317474186,666,direct,retrograde,2316184.894722973
297.1406340187013,297.1406340187013,297,retrograde,direct,2316305.5028418684
342.75747289617027,702.7574728961703,702,direct,retrograde,2316587.715282362
332.875529001126,332.875529001126,332,retrograde,direct,2316706.527152892
19.647958978354296,379.64795897835427,379,direct,retrograde,2316990.9347221963
9.68971360226809,9.68971360226809,9,retrograde,direct,2317108.5569779063
56.20006765385439,416.2000676538544,416,direct,retrograde,2317392.8636579886
46.164122563887645,46.164122563887645,46,retrograde,direct,2317510.5071106153
91.152088584347,451.152088584347,451,direct,retrograde,2317792.5709161432
81.08251092059463,81.08251092059463,81,retrograde,direct,2317911.181232784
124.05266351238457,484.0526635123846,484,direct,retrograde,2318189.915645861
113.99866493505934,113.99866493505934,113,retrograde,direct,2318310.1107876524
155.19658164713567,515.1965816471356,515,direct,retrograde,2318585.6720120916
145.19324484167265,145.19324484167265,145,retrograde,direct,2318707.445122225
185.2940517591008,545.2940517591007,545,direct,retrograde,2318980.777316017
175.34782853549098,175.34782853549098,175,retrograde,direct,2319103.7777207233
215.20729821811958,575.2072982181196,575,direct,retrograde,2319376.1826448394
205.31365352541422,205.31365352541422,205,retrograde,direct,2319499.739749592
245.82127871584208,605.821278715842,605,direct,retrograde,2319773.0366308047
235.96547128966125,235.96547128966125,235,retrograde,direct,2319896.29872704
277.9346662629657,637.9346662629657,637,direct,retrograde,2320171.8850046806
268.09817996577624,268.09817996577624,268,retrograde,direct,2320293.9749513613
312.0626774097598,672.0626774097598,672,direct,retrograde,2320573.1914530788
302.21943286896817,302.21943286896817,302,retrograde,direct,2320693.5259383293
348.0928457658509,708.0928457658508,708,direct,retrograde,2320976.1403010115
338.20308766113584,338.20308766113584,338,retrograde,direct,2321094.7064381633
25.044569146519613,385.0445691465196,385,direct,retrograde,2321379.288702485
15.073146569448165,15.073146569448165,15,retrograde,direct,2321496.8887167927
61.4134439453421,421.4134439453421,421,direct,retrograde,2321780.974191838
51.369272499746124,51.369272499746124,51,retrograde,direct,2321898.6924940813
96.04137711523195,456.04137711523197,456,direct,retrograde,2322180.2096558176
85.96843445776561,85.96843445776561,85,retrograde,direct,2322299.0878798673
128.6176176251233,488.61761762512333,488,direct,retrograde,2322577.3124605827
118.5690878335403,118.5690878335403,118,retrograde,direct,2322697.7409597
159.5392165659046,519.5392165659046,519,direct,retrograde,2322972.863347221
149.541463689981,149.541463689981,149,retrograde,direct,2323094.8454842065
189.55362091427304,549.5536209142731,549,direct,retrograde,2323367.9378859233
179.6159208580159,179.6159208580159,179,retrograde,direct,2323491.0367218656
219.53632235381562,579.5363223538156,579,direct,retrograde,2323763.599156538
209.6487232625698,209.6487232625698,209,retrograde,direct,2323887.117750909
250.3606600001511,610.3606600001511,610,direct,retrograde,2324160.6495139394
240.50973911065333,240.50973911065333,240,retrograde,direct,2324283.734887019
282.788829625556,642.788829625556,642,direct,retrograde,2324559.9881501608
272.95520989465723,272.95520989465723,272,retrograde,direct,2324681.80898878
317.24769648869494,677.2476964886949,677,direct,retrograde,2324961.513542345
307.40220033194066,307.40220033194066,307,retrograde,direct,2325081.567283313
353.488342107213,713.4883421072129,713,direct,retrograde,2325364.646464276
343.5873546886153,343.5873546886153,343,retrograde,direct,2325483.036836315
30.415607440061915,390.41560744006193,390,direct,retrograde,2325767.63975315
20.43383411167959,20.43383411167959,20,retrograde,direct,2325885.1728221
66.5509814787904,426.5509814787904,426,direct,retrograde,2326168.9050960653
56.49969504683304,56.49969504683304,56,retrograde,direct,2326286.7879947033
100.86019530570925,460.8601953057092,460,direct,retrograde,2326567.868362393
90.78947049879619,90.78947049879619,90,retrograde,direct,2326686.9359394647
133.15823437829474,493.15823437829476,493,direct,retrograde,2326964.602070067
123.11548490534976,123.11548490534976,123,retrograde,direct,2327085.2773361616
163.90608119982045,523.9060811998204,523,direct,retrograde,2327360.1009536255
153.91783325125732,153.91783325125732,153,retrograde,direct,2327482.2611068645
193.87864041252564,553.8786404125257,553,direct,retrograde,2327755.217830831
183.9470412516887,183.9470412516887,183,retrograde,direct,2327878.3903126344
223.94982108811908,583.949821088119,583,direct,retrograde,2328150.9935558215
214.06924046198054,214.06924046198054,214,retrograde,direct,2328274.4881108813
254.98123815316907,614.9812381531691,614,direct,retrograde,2328548.4292173525
245.134349981991,245.134349981991,245,retrograde,direct,2328671.371677027
287.6857186320665,647.6857186320665,647,direct,retrograde,2328947.9866878157
277.85339414004756,277.85339414004756,277,retrograde,direct,2329069.607100901
322.4033114750006,682.4033114750006,682,direct,retrograde,2329349.8513028277
312.5510042370025,312.5510042370025,312,retrograde,direct,2329469.7006380595
358.76482119992374,718.7648211999237,718,direct,retrograde,2329752.9986046106
348.8537312882578,348.8537312882578,348,retrograde,direct,2329871.22218528
35.607681819367684,395.6076818193677,395,direct,retrograde,2330155.723006092
25.613688238541997,25.613688238541997,25,retrograde,direct,2330273.310324925
71.49851948768655,431.49851948768656,431,direct,retrograde,2330556.7445570687
61.442201374180044,61.442201374180044,61,retrograde,direct,2330674.753664177
105.52467762193366,465.5246776219337,465,direct,retrograde,2330955.3015209883
95.45698381517471,95.45698381517471,95,retrograde,direct,2331074.565421624
137.6016875556121,497.6016875556121,497,direct,retrograde,2331351.926918786
127.5673644650689,127.5673644650689,127,retrograde,direct,2331472.792261485
168.234623706031,528.234623706031,528,direct,retrograde,2331747.277884381
158.2551498263251,158.2551498263251,158,retrograde,direct,2331869.579632082
198.2040571572262,558.2040571572262,558,direct,retrograde,2332142.4945718506
188.28256977011492,188.28256977011492,188,retrograde,direct,2332265.7511148704
228.37787069608314,588.3778706960832,588,direct,retrograde,2332538.463787984
218.50225043492838,218.50225043492838,218,retrograde,direct,2332661.9272717955
259.59680903885726,619.5968090388573,619,direct,retrograde,2332936.096851052
249.7537062752288,249.7537062752288,249,retrograde,direct,2333058.93680072
292.5504493685011,652.5504493685012,652,direct,retrograde,2333336.021568518
282.7156550466002,282.7156550466002,282,retrograde,direct,2333457.4467828767
327.5111700648703,687.5111700648704,687,direct,retrograde,2333738.1216136003
317.6535986550485,317.6535986550485,317,retrograde,direct,2333857.685650035
4.01253557184682,364.0125355718468,364,direct,retrograde,2334141.2393789124
354.0890209298969,354.0890209298969,354,retrograde,direct,2334259.3490135483
40.81456363786399,400.814563637864,400,direct,retrograde,2334543.915971834
30.808917155646924,30.808917155646924,30,retrograde,direct,2334661.4742623083
76.50795223271773,436.50795223271774,436,direct,retrograde,2334944.560036462
66.44685799371241,66.44685799371241,66,retrograde,direct,2335062.6625961997
110.28407520617085,470.2840752061709,470,direct,retrograde,2335342.8982080435
100.21826052794884,100.21826052794884,100,retrograde,direct,2335462.3827202143
142.1430344588172,502.14303445881717,502,direct,retrograde,2335739.2517844774
132.11697012430602,132.11697012430602,132,retrograde,direct,2335860.328362521
172.62896063257764,532.6289606325777,532,direct,retrograde,2336134.584056926
162.6586400501592,162.6586400501592,162,retrograde,direct,2336257.0935432715
202.53198908429235,562.5319890842924,562,direct,retrograde,2336529.7169532273
192.6165733858419,192.6165733858419,192,retrograde,direct,2336653.109680726
232.72833624896575,592.7283362489658,592,direct,retrograde,2336925.818460865
222.85888310039,222.85888310039,222,retrograde,direct,2337049.344530279
264.0706551228965,624.0706551228965,624,direct,retrograde,2337323.6726454236
254.22804776309755,254.22804776309755,254,retrograde,direct,2337446.4251400614
297.23219272221786,657.2321927222179,657,direct,retrograde,2337723.865407422
287.39748972588694,287.39748972588694,287,retrograde,direct,2337845.06982198
332.44082470812725,692.4408247081273,692,direct,retrograde,2338126.154056929
322.5761743885369,322.5761743885369,322,retrograde,direct,2338245.4998763297
9.124938823712096,369.1249388237121,369,direct,retrograde,2338529.4870655127
359.1927232736553,359.1927232736553,359,retrograde,direct,2338647.3933917694
45.95090268381113,405.95090268381114,405,direct,retrograde,2338931.976239318
35.93726138598715,35.93726138598715,35,retrograde,direct,2339049.4516433915
81.50541099399798,441.505410993998,441,direct,retrograde,2339332.405279369
71.43962428179069,71.43962428179069,71,retrograde,direct,2339450.653716455
115.05124241667158,475.0512424166716,475,direct,retrograde,2339730.461372461
104.98836920013667,104.98836920013667,104,retrograde,direct,2339850.12620747
146.68456312739133,506.68456312739136,506,direct,retrograde,2340126.6361461384
136.66247552367946,136.66247552367946,136,retrograde,direct,2340247.9610704556
177.01705664199585,537.0170566419959,537,direct,retrograde,2340521.7792195575
167.0531105682354,167.0531105682354,167,retrograde,direct,2340644.476420873
206.88368246896442,566.8836824689645,566,direct,retrograde,2340917.048170861
196.97467392198507,196.97467392198507,196,retrograde,direct,2341040.5447770897
237.1743052515108,597.1743052515108,597,direct,retrograde,2341313.2796762874
227.30739116122234,227.30739116122234,227,retrograde,direct,2341436.750770729
268.7298116870341,628.729811687034,628,direct,retrograde,2341711.480223722
258.88980061044504,258.88980061044504,258,retrograde,direct,2341834.0524432333
302.19033207374576,662.1903320737458,662,direct,retrograde,2342111.9894433357
292.35202614647653,292.35202614647653,292,retrograde,direct,2342232.911005201
337.68370816775416,697.6837081677542,697,direct,retrograde,2342514.597984108
327.8127525547148,327.8127525547148,327,retrograde,direct,2342633.6697131274
14.503881929371762,374.50388192937174,374,direct,retrograde,2342917.8837802783
4.5610220757950595,4.5610220757950595,4,retrograde,direct,2343035.6226286683
51.229255806880175,411.2292558068802,411,direct,retrograde,2343320.1432694215
41.204319831518255,41.204319831518255,41,retrograde,direct,2343437.71133441
86.49237178458488,446.49237178458486,446,direct,retrograde,2343720.23249011
76.42418076348804,76.42418076348804,76,retrograde,direct,2343838.643378729
119.70386013555142,479.7038601355514,479,direct,retrograde,2344117.8979645325
109.6431006605226,109.6431006605226,109,retrograde,direct,2344237.8499655854
151.07323736401426,511.0732373640143,511,direct,retrograde,2344513.847282582
141.06000417251434,141.06000417251434,141,retrograde,direct,2344635.386627407
181.2753590780832,541.2753590780832,541,direct,retrograde,2344908.9865216045
171.31906983320542,171.31906983320542,171,retrograde,direct,2345031.8240057603
211.1602253169508,571.1602253169508,571,direct,retrograde,2345304.2649460714
201.25862158098488,201.25862158098488,201,retrograde,direct,2345427.770362165
241.61758060776398,601.617580607764,601,direct,retrograde,2345700.8570317663
231.7572926794184,231.7572926794184,231,retrograde,direct,2345824.203940712
273.46489941071087,633.4648994107108,633,direct,retrograde,2346099.353712865
263.6275871230049,263.6275871230049,263,retrograde,direct,2346221.658726614
307.27042210544494,667.2704221054449,667,direct,retrograde,2346500.30121499
297.43192199766037,297.43192199766037,297,retrograde,direct,2346620.925285507
343.0374398874556,703.0374398874555,703,direct,retrograde,2346903.0338577144
333.15857032683624,333.15857032683624,333,retrograde,direct,2347021.872625067
19.921766143805087,379.9217661438051,379,direct,retrograde,2347306.27953016
9.964391530917297,9.964391530917297,9,retrograde,direct,2347423.9847944137
56.465789474831084,416.46578947483107,416,direct,retrograde,2347708.2740368927
46.432352964698374,46.432352964698374,46,retrograde,direct,2347825.904928526
91.41612113268373,451.4161211326837,451,direct,retrograde,2348107.9132644953
81.34465069203024,81.34465069203024,81,retrograde,direct,2348226.5673335698
124.31717397093443,484.31717397093445,484,direct,retrograde,2348505.3480340512
114.26208409547425,114.26208409547425,114,retrograde,direct,2348625.5027925307
155.4692582459449,515.469258245945,515,direct,retrograde,2348901.0794120403
145.46174032293231,145.46174032293231,145,retrograde,direct,2349022.825505143
185.57895395412592,545.578953954126,545,direct,retrograde,2349296.1722295554
175.63115013955405,175.63115013955405,175,retrograde,direct,2349419.1198069267
215.5100337732642,575.5100337732642,575,direct,retrograde,2349691.677644925
205.6143956556086,205.6143956556086,205,retrograde,direct,2349815.1725567495
246.14064848818225,606.1406484881823,606,direct,retrograde,2350088.4276636997
236.28551758988456,236.28551758988456,236,retrograde,direct,2350211.645453627
278.25583071485295,638.2558307148529,638,direct,retrograde,2350487.3645865135
268.42182315024155,268.42182315024155,268,retrograde,direct,2350609.4486149345
312.34821605770213,672.3482160577021,672,direct,retrograde,2350888.495640015
302.50754735782806,302.50754735782806,302,retrograde,direct,2351008.8821545923
348.302910673619,708.302910673619,708,direct,retrograde,2351291.4362935824
338.4140134292653,338.4140134292653,338,retrograde,direct,2351410.106166969
25.17208842647064,385.1720884264706,385,direct,retrograde,2351694.5217109704
15.204847250186685,15.204847250186685,15,retrograde,direct,2351812.1390892044
61.51087874268698,421.510878742687,421,direct,retrograde,2352096.1421968155
51.46974821442795,51.46974821442795,51,retrograde,direct,2352213.9106128626
96.17298495238015,456.17298495238015,456,direct,retrograde,2352495.5387514597
86.1033501456976,86.1033501456976,86,retrograde,direct,2352614.3447665293
128.82182820400553,488.82182820400556,488,direct,retrograde,2352892.6187761314
118.77305573137563,118.77305573137563,118,retrograde,direct,2353012.9863870554
159.81941796831023,519.8194179683103,519,direct,retrograde,2353288.312309066
149.82266988574952,149.82266988574952,149,retrograde,direct,2353410.2051697187
189.89179777418346,549.8917977741835,549,direct,retrograde,2353683.434202414
179.95161574689266,179.95161574689266,179,retrograde,direct,2353806.451774272
219.89221786110727,579.8922178611073,579,direct,retrograde,2354079.0194400623
210.00416281917825,210.00416281917825,210,retrograde,direct,2354202.5175143518
250.68857568458753,610.6885756845875,610,direct,retrograde,2354476.098745833
240.83619000710723,240.83619000710723,240,retrograde,direct,2354599.2130862055
283.0373768417205,643.0373768417205,643,direct,retrograde,2354875.2200438194
273.20301039559297,273.20301039559297,273,retrograde,direct,2354997.140254792
317.38165400121375,677.3816540012137,677,direct,retrograde,2355276.71244438
307.53455894518055,307.53455894518055,307,retrograde,direct,2355396.894600138
353.51275728429613,713.5127572842962,713,direct,retrograde,2355679.7404012205
343.6141134695238,343.6141134695238,343,retrograde,direct,2355798.188587497
30.393722714936565,390.3937227149366,390,direct,retrograde,2356082.6729241787
20.413045289373258,20.413045289373258,20,retrograde,direct,2356200.2852193564
66.56954804880024,426.56954804880024,426,direct,retrograde,2356484.119959983
56.520792679433804,56.520792679433804,56,retrograde,direct,2356601.960903328
100.98383706717755,460.98383706717755,460,direct,retrograde,2356883.121431295
90.91454108553178,90.91454108553178,90,retrograde,direct,2357002.1028597467
133.40308271895518,493.40308271895515,493,direct,retrograde,2357280.0731032286
123.36176958981925,123.36176958981925,123,retrograde,direct,2357400.6440965384
164.241096984383,524.241096984383,524,direct,retrograde,2357675.5579364
154.25346484573623,154.25346484573623,154,retrograde,direct,2357797.6447071536
194.23376691487877,554.2337669148787,554,direct,retrograde,2358070.693514129
184.30393833013852,184.30393833013852,184,retrograde,direct,2358193.870208144
224.24221771017218,584.2422177101722,584,direct,retrograde,2358466.375047845
214.35960287225276,214.35960287225276,214,retrograde,direct,2358589.9205705617
255.13341409040112,615.1334140904012,615,direct,retrograde,2358863.5690093525
245.285830907752,245.285830907752,245,retrograde,direct,2358986.650082769
287.66360339557184,647.6636033955718,647,direct,retrograde,2359262.9998567766
277.8283704869792,277.8283704869792,277,retrograde,direct,2359384.770702523
322.23737079964576,682.2373707996458,682,direct,retrograde,2359664.732037816
312.3874336943734,312.3874336943734,312,retrograde,direct,2359784.632154109
358.5669862846047,718.5669862846047,718,direct,retrograde,2360067.836130319
348.65869010978173,348.65869010978173,348,retrograde,direct,2360186.1132989125
35.51341453743417,395.5134145374342,395,direct,retrograde,2360470.8379499046
25.52331139249747,25.52331139249747,25,retrograde,direct,2360588.3288641404
71.5903947625782,431.59039476257817,431,direct,retrograde,2360871.9740069704
61.536055469078114,61.536055469078114,61,retrograde,direct,2360989.839934841
105.79910025170872,465.79910025170875,465,direct,retrograde,2361270.771631524
95.72880099634132,95.72880099634132,95,retrograde,direct,2361389.9563637143
137.9885595585993,497.98855955859926,497,direct,retrograde,2361667.413564902
127.9510547663612,127.9510547663612,127,retrograde,direct,2361788.2181837345
168.64913858071296,528.6491385807129,528,direct,retrograde,2362062.8506761994
158.66661574392995,158.66661574392995,158,retrograde,direct,2362185.1643498708
198.5660608701156,558.5660608701156,558,direct,retrograde,2362457.9064525794
188.6402081646456,188.6402081646456,188,retrograde,direct,2362581.2178465025
228.6213916768122,588.6213916768122,588,direct,retrograde,2362853.758648903
218.74417485400926,218.74417485400926,218,retrograde,direct,2362977.345196236
259.68854000926035,619.6885400092604,619,direct,retrograde,2363251.2418537214
249.8414529754487,249.8414529754487,249,retrograde,direct,2363374.1921543293
292.49227996878255,652.4922799687826,652,direct,retrograde,2363651.008619398
282.6576280480226,282.6576280480226,282,retrograde,direct,2363772.524091852
327.3686803739549,687.3686803739549,687,direct,retrograde,2364053.0123101966
317.5121753596074,317.5121753596074,317,retrograde,direct,2364172.6560175233
3.8988504749070003,363.898850474907,363,direct,retrograde,2364456.3090806417
353.9820484986217,353.9820484986217,353,retrograde,direct,2364574.377782655
40.830547579150476,400.83054757915045,400,direct,retrograde,2364859.070329692
30.83071070744013,30.83071070744013,30,retrograde,direct,2364976.5261804424
76.67559830649469,436.6755983064947,436,direct,retrograde,2365259.8927930277
66.61518184471613,66.61518184471613,66,retrograde,direct,2365377.962442319
110.55203769485989,470.5520376948599,470,direct,retrograde,2365658.301267784
100.48508779512223,100.48508779512223,100,retrograde,direct,2365777.71458767
142.44827009599442,502.4482700959944,502,direct,retrograde,2366054.7121566767
132.4169739946793,132.4169739946793,132,retrograde,direct,2366175.7884420594
172.9270579345244,532.9270579345244,532,direct,retrograde,2366449.9393097498
162.95323425849995,162.95323425849995,162,retrograde,direct,2366572.4455856485
202.80730287629433,562.8073028762943,562,direct,retrograde,2366845.1272766413
192.88961562236946,192.88961562236946,192,retrograde,direct,2366968.5314133065
232.97961498609558,592.9796149860956,592,direct,retrograde,2367241.1350785904
223.1068658420438,223.1068658420438,223,retrograde,direct,2367364.6434838613
264.2982382893463,624.2982382893463,624,direct,retrograde,2367638.998541847
254.456105161155,254.456105161155,254,retrograde,direct,2367761.7527994476
297.44341937974366,657.4434193797437,657,direct,retrograde,2368039.1360322637
287.60744641477135,287.60744641477135,287,retrograde,direct,2368160.340204425
332.6389848317467,692.6389848317467,692,direct,retrograde,2368441.476533671
322.7769813350182,322.7769813350182,322,retrograde,direct,2368560.8355833087
9.317492112348491,369.3174921123485,369,direct,retrograde,2368844.73895327
359.38779220427193,359.38779220427193,359,retrograde,direct,2368962.658324019
46.143303702593535,406.1433037025935,406,direct,retrograde,2369247.271725375
36.13004438606472,36.13004438606472,36,retrograde,direct,2369364.8174496703
81.69747214508975,441.69747214508976,441,direct,retrograde,2369647.750369791
71.63344233062459,71.63344233062459,71,retrograde,direct,2369765.9674187666
115.24797086730719,475.2479708673072,475,direct,retrograde,2370045.7873841934
105.18258203318933,105.18258203318933,105,retrograde,direct,2370165.4740550295
146.88562452441923,506.8856245244192,506,direct,retrograde,2370441.9713317445
136.86290264840227,136.86290264840227,136,retrograde,direct,2370563.2539637005
177.22998690886368,537.2299869088637,537,direct,retrograde,2370837.1825708253
167.26353561055285,167.26353561055285,167,retrograde,direct,2370959.8347356394
207.11151364823758,567.1115136482376,567,direct,retrograde,2371232.364930804
197.20127410919943,197.20127410919943,197,retrograde,direct,2371355.800830206
237.41853174476475,597.4185317447648,597,direct,retrograde,2371628.6888458375
227.55306700727644,227.55306700727644,227,retrograde,direct,2371752.118697569
268.9870674755349,628.9870674755349,628,direct,retrograde,2372026.8088039253
259.1486710470982,259.1486710470982,259,retrograde,direct,2372149.342283384
302.433985611926,662.433985611926,662,direct,retrograde,2372427.3578997506
292.5992241985226,292.5992241985226,292,retrograde,direct,2372548.2919007232
337.8724849223704,697.8724849223704,697,direct,retrograde,2372829.784395816
328.00413187021013,328.00413187021013,328,retrograde,direct,2372948.9407125413
14.614617402738752,374.61461740273876,374,direct,retrograde,2373233.05080048
4.672398998985036,4.672398998985036,4,retrograde,direct,2373350.912971149
51.28456819573394,411.2845681957339,411,direct,retrograde,2373635.3168549817
41.26347821757932,41.26347821757932,41,retrograde,direct,2373752.8900224064
86.55583747844102,446.55583747844105,446,direct,retrograde,2374035.3875940563
76.48848701405889,76.48848701405889,76,retrograde,direct,2374153.821860198
119.8222514871054,479.8222514871054,479,direct,retrograde,2374433.2064277846
109.76279430603614,109.76279430603614,109,retrograde,direct,2374553.0568066845
151.2651712700177,511.26517127001773,511,direct,retrograde,2374829.1899464615
141.2490255525123,141.2490255525123,141,retrograde,direct,2374950.649142418
181.52771613491956,541.5277161349195,541,direct,retrograde,2375224.357367426
171.57076299319093,171.57076299319093,171,retrograde,direct,2375347.109672216
211.4450263131019,571.4450263131018,571,direct,retrograde,2375619.7317387275
201.54103444533217,201.54103444533217,201,retrograde,direct,2375743.17738555
241.89104168735906,601.8910416873591,601,direct,retrograde,2376016.1751026902
232.029346892824,232.029346892824,232,retrograde,direct,2376139.517669175
273.6773286314777,633.6773286314776,633,direct,retrograde,2376414.6836264357
263.8398084795732,263.8398084795732,263,retrograde,direct,2376537.0498056
307.37786022617956,667.3778602261796,667,direct,retrograde,2376815.395441273
297.5393308214609,297.5393308214609,297,retrograde,direct,2376936.1256858874
343.02813815710107,703.028138157101,703,direct,retrograde,2377218.110106119
333.1501163796902,333.1501163796902,333,retrograde,direct,2377337.0690328563
19.836124756914543,379.83612475691456,379,direct,retrograde,2377621.3051128183
9.883436231645101,9.883436231645101,9,retrograde,direct,2377739.0158071322
56.390068401935906,416.3900684019359,416,direct,retrograde,2378023.2879523765
46.35914208738843,46.35914208738843,46,retrograde,direct,2378140.9483052595
91.42830771719147,451.4283077171915,451,direct,retrograde,2378423.1489234986
81.36019475470837,81.36019475470837,81,retrograde,direct,2378541.698060166
124.45437130768428,484.45437130768426,484,direct,retrograde,2378820.615337532
114.39996854690382,114.39996854690382,114,retrograde,direct,2378940.672186289
155.71864105365506,515.7186410536551,515,direct,retrograde,2379216.5172255524
145.71407432248603,145.71407432248603,145,retrograde,direct,2379338.1466863584
185.89080592368802,545.890805923688,545,direct,retrograde,2379611.638662452
175.94291323723525,175.94291323723525,175,retrograde,direct,2379734.510983024
215.79970036154012,575.7997003615401,575,direct,retrograde,2380007.0159091447
205.9046292869641,205.9046292869641,205,retrograde,direct,2380130.5319244787
246.32094089705473,606.3209408970547,606,direct,retrograde,2380403.689802043
236.46355245301066,236.46355245301066,236,retrograde,direct,2380526.9977717167
278.2608325451024,638.2608325451024,638,direct,retrograde,2380802.3098928435
268.42436285847606,268.42436285847606,268,retrograde,direct,2380924.557486466
312.1707133424202,672.1707133424202,672,direct,retrograde,2381203.362376673
302.3277765373144,302.3277765373144,302,retrograde,direct,2381323.90767939
348.01744767372014,708.0174476737202,708,direct,retrograde,2381606.21091762
338.1318950682142,338.1318950682142,338,retrograde,direct,2381724.908955387
24.920230764433462,384.9202307644335,384,direct,retrograde,2382009.3521080324
14.95555421962268,14.95555421962268,14,retrograde,direct,2382126.9884481244
61.41354782332612,421.4135478233261,421,direct,retrograde,2382411.2724591307
51.37473979963852,51.37473979963852,51,retrograde,direct,2382528.9162162794
96.26999093920676,456.26999093920676,456,direct,retrograde,2382810.773733495
86.19946825993839,86.19946825993839,86,retrograde,direct,2382929.458295362
129.07419641466765,489.07419641466765,489,direct,retrograde,2383208.087480692
119.02264135400078,119.02264135400078,119,retrograde,direct,2383328.359314639
160.148833713516,520.1488337135161,520,direct,retrograde,2383603.7452013213
150.14818383602542,150.14818383602542,150,retrograde,direct,2383725.597494277
190.212336181963,550.212336181963,550,direct,retrograde,2383998.8678992502
180.2711005577729,180.2711005577729,180,retrograde,direct,2384121.9178182855
220.1306679823952,580.1306679823952,580,direct,retrograde,2384394.348673947
210.23937353630973,210.23937353630973,210,retrograde,direct,2384517.903342602
250.78641988018776,610.7864198801877,610,direct,retrograde,2384791.200102248
240.93373045748856,240.93373045748856,240,retrograde,direct,2384914.4352419768
282.97446925054976,642.9744692505498,642,direct,retrograde,2385190.214809521
273.13828443599607,273.13828443599607,273,retrograde,direct,2385312.2644998357
317.1860145517317,677.1860145517317,677,direct,retrograde,2385591.555664367
307.34188064082343,307.34188064082343,307,retrograde,direct,2385711.7971764375
353.28358279934264,713.2835827993426,713,direct,retrograde,2385994.5565506946
343.389366397202,343.389366397202,343,retrograde,direct,2386113.0578028373
30.25271628175875,390.25271628175875,390,direct,retrograde,2386397.7412389424
20.279254361454676,20.279254361454676,20,retrograde,direct,2386515.266155322
66.58194670793274,426.58194670793273,426,direct,retrograde,2386799.252230148
56.53664375230537,56.53664375230537,56,retrograde,direct,2386916.9845351456
101.1305552693607,461.1305552693607,461,direct,retrograde,2387198.437631199
91.05923918021439,91.05923918021439,91,retrograde,direct,2387317.381804833
133.6168383321728,493.6168383321728,493,direct,retrograde,2387595.3642233703
123.57100027876099,123.57100027876099,123,retrograde,direct,2387715.9068004293
164.46302507227958,524.4630250722796,524,direct,retrograde,2387990.9271273036
154.46997209695465,154.46997209695465,154,retrograde,direct,2388113.0291409222
194.43377544174996,554.43377544175,554,direct,retrograde,2388385.9523593495
184.49794227536768,184.49794227536768,184,retrograde,direct,2388509.1396156847
224.4084069665195,584.4084069665195,584,direct,retrograde,2388781.625549525
214.52325998918639,214.52325998918639,214,retrograde,direct,2388905.207799188
255.26930145122483,615.2693014512248,615,direct,retrograde,2389178.801043437
245.41802504401215,245.41802504401215,245,retrograde,direct,2389301.8878150396
287.77393305876996,647.7739330587699,647,direct,retrograde,2389578.186401804
277.9395331705056,277.9395331705056,277,retrograde,direct,2389699.9610237386
322.335043191662,682.335043191662,682,direct,retrograde,2389979.886964064
312.48479899420283,312.48479899420283,312,retrograde,direct,2390099.8314451696
358.66200734329755,718.6620073432975,718,direct,retrograde,2390383.075580526
348.7576570203267,348.7576570203267,348,retrograde,direct,2390501.359082386
35.61660820394035,395.61660820394036,395,direct,retrograde,2390786.0141607486
25.629632507529276,25.629632507529276,25,retrograde,direct,2390903.518034447
71.70591317624076,431.70591317624076,431,direct,retrograde,2391187.225995279
61.652538878939,61.652538878939,61,retrograde,direct,2391305.1399885137
105.92301495399177,465.92301495399175,465,direct,retrograde,2391586.0198929636
95.85443133708648,95.85443133708648,95,retrograde,direct,2391705.1747422516
138.12163460312283,498.12163460312286,498,direct,retrograde,2391982.7159367073
128.08241713728304,128.08241713728304,128,retrograde,direct,2392103.520273377
168.7894556166757,528.7894556166757,528,direct,retrograde,2392378.0729124853
158.80609125344978,158.80609125344978,158,retrograde,direct,2392500.3585258713
198.71670205547608,558.716702055476,558,direct,retrograde,2392773.219504363
188.79036948474067,188.79036948474067,188,retrograde,direct,2392896.508999304
228.78555707482727,588.7855570748272,588,direct,retrograde,2393169.0088352337
218.90669391048723,218.90669391048723,218,retrograde,direct,2393292.5439283466
259.8631749742131,619.863174974213,619,direct,retrograde,2393566.5176079776
250.01910875422982,250.01910875422982,250,retrograde,direct,2393689.4537457293
292.6683170009786,652.6683170009786,652,direct,retrograde,2393966.2499372633
282.83485283512914,282.83485283512914,282,retrograde,direct,2394087.7557853125
327.5106339340643,687.5106339340643,687,direct,retrograde,2394368.2428461937
317.6571775353202,317.6571775353202,317,retrograde,direct,2394487.927611542
3.972763380772357,363.97276338077234,363,direct,retrograde,2394771.391726638
354.0572815511715,354.0572815511715,354,retrograde,direct,2394889.5460825805
40.83819783318192,400.83819783318194,400,direct,retrograde,2395174.1525498144
30.838495400480014,30.838495400480014,30,retrograde,direct,2395291.716083681
76.66135007074138,436.6613500707414,436,direct,retrograde,2395575.0129404627
66.60358166053949,66.60358166053949,66,retrograde,direct,2395693.056128094
110.57476046037547,470.5747604603755,470,direct,retrograde,2395973.4645251613
100.5064734653887,100.5064734653887,100,retrograde,direct,2396092.8672467815
142.5345050518477,502.5345050518477,502,direct,retrograde,2396369.9529554034
132.5029763454787,132.5029763454787,132,retrograde,direct,2396490.932958388
173.079861547539,533.0798615475389,533,direct,retrograde,2396765.293711587
163.10350676812962,163.10350676812962,163,retrograde,direct,2396887.7163101835
203.00559849369427,563.0055984936943,563,direct,retrograde,2397160.4212111067
193.08636913054403,193.08636913054403,193,retrograde,direct,2397283.7519876175
233.18605344393708,593.1860534439371,593,direct,retrograde,2397556.496959855
223.31325527035398,223.31325527035398,223,retrograde,direct,2397679.9897577576
264.4676586775345,624.4676586775345,624,direct,retrograde,2397954.215676289
254.6247655526845,254.6247655526845,254,retrograde,direct,2398076.9910904504
297.52625660608925,657.5262566060892,657,direct,retrograde,2398354.322397433
287.6920656992274,287.6920656992274,287,retrograde,direct,2398475.5918713333
332.606555208648,692.6065552086479,692,direct,retrograde,2398756.4278249023
322.74641993680797,322.74641993680797,322,retrograde,direct,2398875.899763234
9.189626439019086,369.1896264390191,369,direct,retrograde,2399159.6961208796
359.26265160813074,359.26265160813074,359,retrograde,direct,2399277.723077815
45.98897313048969,405.9889731304897,405,direct,retrograde,2399562.242469907
35.98101231216584,35.98101231216584,35,retrograde,direct,2399679.7549249334
81.60394753844595,441.60394753844594,441,direct,retrograde,2399962.7733326964
71.54150963813727,71.54150963813727,71,retrograde,direct,2400080.9816276357
115.2671721056267,475.2671721056267,475,direct,retrograde,2400361.017772846
105.20408732089302,105.20408732089302,105,retrograde,direct,2400480.5596278124
147.02772633164838,507.0277263316484,507,direct,retrograde,2400757.279050611
137.00376605688277,137.00376605688277,137,retrograde,direct,2400878.44248436
177.45907704780532,537.4590770478053,537,direct,retrograde,2401152.5333237676
167.4943886665381,167.4943886665381,167,retrograde,direct,2401275.0788287604
207.36145929660296,567.361459296603,567,direct,retrograde,2401547.7744970387
197.45022822545616,197.45022822545616,197,retrograde,direct,2401671.1712614717
237.59822881725376,597.5982288172538,597,direct,retrograde,2401943.8728386546
227.73042714504749,227.73042714504749,227,retrograde,direct,2402067.351241165
269.0115714944241,629.0115714944241,629,direct,retrograde,2402341.8924936503
259.17064678335885,259.17064678335885,259,retrograde,direct,2402464.561914603
302.26004346873015,662.2600434687301,662,direct,retrograde,2402742.1150305877
292.42254244657335,292.42254244657335,292,retrograde,direct,2402863.2292567156
337.53478838423644,697.5347883842364,697,direct,retrograde,2403144.5223080497
327.6664227350516,327.6664227350516,327,retrograde,direct,2403263.8070126586
14.232360792654049,374.23236079265405,374,direct,retrograde,2403547.78169642
4.2954983734078285,4.2954983734078285,4,retrograde,direct,2403665.6151098767
51.0058274219802,411.0058274219802,411,direct,retrograde,2403950.164978396
40.987380024458915,40.987380024458915,40,retrograde,direct,2404067.7083894555
86.4644165416447,446.4644165416447,446,direct,retrograde,2404350.544489572
76.39933169741619,76.39933169741619,76,retrograde,direct,2404468.8194881985
119.9176058579081,479.9176058579081,479,direct,retrograde,2404748.4460665807
109.85595965673507,109.85595965673507,109,retrograde,direct,2404868.183922818
151.48412220560755,511.48412220560755,511,direct,retrograde,2405144.5974036558
141.46694440688853,141.46694440688853,141,retrograde,direct,2405265.954622064
181.78949329010217,541.7894932901022,541,direct,retrograde,2405539.761363904
171.829693300115,171.829693300115,171,retrograde,direct,2405662.4655516148
211.66509486411186,571.6650948641119,571,direct,retrograde,2405935.004383277
201.76085879898207,201.76085879898207,201,retrograde,direct,2406058.479724954
241.9988982338713,601.9988982338713,601,direct,retrograde,2406331.3783337288
232.1355584263634,232.1355584263634,232,retrograde,direct,2406454.7922431286
273.6250376337196,633.6250376337196,633,direct,retrograde,2406729.590693405
263.7868639184171,263.7868639184171,263,retrograde,direct,2406852.0831482867
307.164227854454,667.164227854454,667,direct,retrograde,2407130.2316794014
297.3252748783325,297.3252748783325,297,retrograde,direct,2407251.099061204
342.71613175462886,702.7161317546288,702,direct,retrograde,2407532.8486782424
332.8427494117993,332.8427494117993,332,retrograde,direct,2407651.8241130607
19.55100211170921,379.5510021117092,379,direct,retrograde,2407936.0837338194
9.603414522820106,9.603414522820106,9,retrograde,direct,2408053.8227915373
56.23614634572532,416.23614634572533,416,direct,retrograde,2408338.343019654
46.20988707070522,46.20988707070522,46,retrograde,direct,2408455.8925381945
91.42450898203035,451.4245089820304,451,direct,retrograde,2408738.2489590636
81.3559567379146,81.3559567379146,81,retrograde,direct,2408856.716666715
124.55070558030846,484.55070558030843,484,direct,retrograde,2409135.891043227
114.49217289364613,114.49217289364613,114,retrograde,direct,2409255.9044415522
155.84726002878304,515.847260028783,515,direct,retrograde,2409531.7221056633
145.83527400146448,145.83527400146448,145,retrograde,direct,2409653.3446728364
186.00275965587292,546.002759655873,546,direct,retrograde,2409926.8656856883
176.0503059276724,176.0503059276724,176,retrograde,direct,2410049.7606803197
215.878027594413,575.878027594413,575,direct,retrograde,2410322.2110463306
205.9772045236117,205.9772045236117,205,retrograde,direct,2410445.7251468366
246.36088588107677,606.3608858810768,606,direct,retrograde,2410718.7796155503
236.50182016665,236.50182016665,236,retrograde,direct,2410842.109424456
278.27277211641496,638.2727721164149,638,direct,retrograde,2411117.442837339
268.43501619785195,268.43501619785195,268,retrograde,direct,2411239.7080344325
312.16728091381566,672.1672809138156,672,direct,retrograde,2411518.424798087
302.3274364304472,302.3274364304472,302,retrograde,direct,2411638.9720688043
348.01881540545,708.01881540545,708,direct,retrograde,2411921.2689220114
338.13576202628457,338.13576202628457,338,retrograde,direct,2412040.0283587435
24.940836571344107,384.9408365713441,384,direct,retrograde,2412324.5367888436
14.98138375569688,14.98138375569688,14,retrograde,direct,2412442.164092323
61.458092409584204,421.4580924095842,421,direct,retrograde,2412726.393475705
51.42215501036408,51.42215501036408,51,retrograde,direct,2412844.039314016
96.33343825539963,456.33343825539964,456,direct,retrograde,2413125.9851585533
86.26369260687702,86.26369260687702,86,retrograde,direct,2413244.6914756503
129.1464264624715,489.1464264624715,489,direct,retrograde,2413523.2346841507
119.0946609907544,119.0946609907544,119,retrograde,direct,2413643.49078512
160.22394702077565,520.2239470207757,520,direct,retrograde,2413918.9796528053
150.22157130787315,150.22157130787315,150,retrograde,direct,2414040.8304677466
190.28890762673032,550.2889076267303,550,direct,retrograde,2414314.011811694
180.34424587539593,180.34424587539593,180,retrograde,direct,2414437.0458944216
220.20813636257932,580.2081363625794,580,direct,retrograde,2414709.5215962976
210.31590272396852,210.31590272396852,210,retrograde,direct,2414833.0793544455
250.86932378018128,610.8693237801813,610,direct,retrograde,2415106.3877758645
241.0141603464995,241.0141603464995,241,retrograde,direct,2415229.599646249
283.05840156560953,643.0584015656095,643,direct,retrograde,2415505.3620137004
273.2247746832024,273.2247746832024,273,retrograde,direct,2415627.407311608
317.25778523046273,677.2577852304628,677,direct,retrograde,2415906.688365873
307.4135630893025,307.4135630893025,307,retrograde,direct,2416026.9675741317
353.3080252989802,713.3080252989803,713,direct,retrograde,2416309.6809092304
343.4161371433621,343.4161371433621,343,retrograde,direct,2416428.230322402
30.213730171511774,390.21373017151177,390,direct,retrograde,2416712.727623094
20.240880813708987,20.240880813708987,20,retrograde,direct,2416830.3316499256
66.50619840790297,426.50619840790296,426,direct,retrograde,2417114.305382843
56.461058023056125,56.461058023056125,56,retrograde,direct,2417232.1004600357
101.06813015789301,461.068130157893,461,direct,retrograde,2417513.5107747624
90.99890978420486,90.99890978420486,90,retrograde,direct,2417632.4027113095
133.61051712648978,493.61051712648975,493,direct,retrograde,2417910.5558359465
123.5636296189444,123.5636296189444,123,retrograde,direct,2418031.052637174
164.52259655389904,524.522596553899,524,direct,retrograde,2418306.0987113025
154.52900405653622,154.52900405653622,154,retrograde,direct,2418428.1190542094
194.54948769225794,554.5494876922579,554,direct,retrograde,2418701.2572366334
184.61399538303013,184.61399538303013,184,retrograde,direct,2418824.38502686
224.55272476245923,584.5527247624592,584,direct,retrograde,2419096.8674844652
214.6665245320454,214.6665245320454,214,retrograde,direct,2419220.3960684184
255.39706330819035,615.3970633081904,615,direct,retrograde,2419494.008313467
245.54804354806714,245.54804354806714,245,retrograde,direct,2419617.122508675
287.8394188104638,647.8394188104638,647,direct,retrograde,2419893.2927639475
278.0050497309018,278.0050497309018,278,retrograde,direct,2420015.122207312
322.2947289634592,682.2947289634592,682,direct,retrograde,2420294.914095979
312.4474304997571,312.4474304997571,312,retrograde,direct,2420414.933782625
358.51190238451636,718.5119023845164,718,direct,retrograde,2420697.908977855
348.61050146062325,348.61050146062325,348,retrograde,direct,2420816.312418896
35.40898479813856,395.4089847981386,395,direct,retrograde,2421100.899025131
25.4245668887139,25.4245668887139,25,retrograde,direct,2421218.4839276485
71.51986070326497,431.51986070326495,431,direct,retrograde,2421502.170233596
61.46983232582993,61.46983232582993,61,retrograde,direct,2421620.033080425
105.82834407706933,465.82834407706935,465,direct,retrograde,2421901.0775071243
95.75866322953885,95.75866322953885,95,retrograde,direct,2422020.191257042
138.14252267709688,498.14252267709685,498,direct,retrograde,2422297.9002897013
128.103369103852,128.103369103852,128,retrograde,direct,2422418.5670340713
168.91448617638522,528.9144861763853,528,direct,retrograde,2422693.400352441
158.92916594924824,158.92916594924824,158,retrograde,direct,2422815.5746760387
198.89572911810743,558.8957291181074,558,direct,retrograde,2423088.479046844
188.9687537679627,188.9687537679627,188,retrograde,direct,2423211.7009099256
228.93919833559534,588.9391983355954,588,direct,retrograde,2423484.2845657207
219.05958298248154,219.05958298248154,219,retrograde,direct,2423607.847688821
259.90174317409657,619.9017431740965,619,direct,retrograde,2423881.5607177364
250.054091203748,250.054091203748,250,retrograde,direct,2424004.59073829
292.5189328808525,652.5189328808525,652,direct,retrograde,2424281.145514097
282.68432400780733,282.68432400780733,282,retrograde,direct,2424402.803567064
327.16735956994523,687.1673595699452,687,direct,retrograde,2424682.8576556137
317.3135850413267,317.3135850413267,317,retrograde,direct,2424802.700186884
3.520535237509748,363.52053523750976,363,direct,retrograde,2425086.04824574
353.60880820916657,353.60880820916657,353,retrograde,direct,2425204.283663446
40.422156156996095,400.4221561569961,400,direct,retrograde,2425488.8879393097
30.429567460603632,30.429567460603632,30,retrograde,direct,2425606.35608689
76.40574076590491,436.4057407659049,436,direct,retrograde,2425889.913781993
66.35025071377534,66.35025071377534,66,retrograde,direct,2426007.886812927
110.51536153656369,470.51536153656366,470,direct,retrograde,2426288.639499088
100.44909830409578,100.44909830409578,100,retrograde,direct,2426407.8612281494
142.63728045444117,502.63728045444117,502,direct,retrograde,2426685.228816634
132.6027774596268,132.6027774596268,132,retrograde,direct,2426806.090114761
173.2672503703829,533.267250370383,533,direct,retrograde,2427080.5985325677
163.2901943430566,163.2901943430566,163,retrograde,direct,2427202.9312288743
203.1956552729927,563.1956552729927,563,direct,retrograde,2427475.762893237
193.27443301334333,193.27443301334333,193,retrograde,direct,2427599.070114296
233.2970362876984,593.2970362876983,593,direct,retrograde,2427871.616193789
223.42221407671448,223.42221407671448,223,retrograde,direct,2427995.1520779384
264.4330063611722,624.4330063611721,624,direct,retrograde,2428269.2422255687
254.5888506116919,254.5888506116919,254,retrograde,direct,2428392.1242812555
297.31705975880044,657.3170597588005,657,direct,retrograde,2428669.0433143824
287.4810502104696,287.4810502104696,287,retrograde,direct,2428790.4708814966
332.25238326356845,692.2523832635684,692,direct,retrograde,2429071.1457998175
322.39282020152814,322.39282020152814,322,retrograde,direct,2429190.7401478104
8.792096052168578,368.7920960521686,368,direct,retrograde,2429474.3756755833
358.87104286475557,358.87104286475557,358,retrograde,direct,2429592.3867480773
45.67987507683658,405.6798750768366,405,direct,retrograde,2429877.0415869644
35.67594591228928,35.67594591228928,35,retrograde,direct,2429994.5555478744
81.44605833343928,441.4460583334393,441,direct,retrograde,2430277.8336514756
71.38596388705753,71.38596388705753,71,retrograde,direct,2430395.9177858345
115.23850361685496,475.2385036168549,475,direct,retrograde,2430676.100722459
105.17190637662769,105.17190637662769,105,retrograde,direct,2430795.591186338
147.06189774456038,507.0618977445604,507,direct,retrograde,2431072.475948668
137.03381173415713,137.03381173415713,137,retrograde,direct,2431193.5906418236
177.49698949618647,537.4969894961864,537,direct,retrograde,2431467.702159836
167.52511492350789,167.52511492350789,167,retrograde,direct,2431590.227041414
207.36653934428438,567.3665393442843,567,direct,retrograde,2431862.8516052132
197.4520468411331,197.4520468411331,197,retrograde,direct,2431986.2537139077
237.5630957754375,597.5630957754374,597,direct,retrograde,2432258.9835243234
227.69226097242873,227.69226097242873,227,retrograde,direct,2432382.453590052
268.9414534012451,628.9414534012451,628,direct,retrograde,2432656.8571302053
259.10020762880754,259.10020762880754,259,retrograde,direct,2432779.5276947394
302.1725182899071,662.1725182899071,662,direct,retrograde,2433057.148536958
292.336594003837,292.336594003837,292,retrograde,direct,2433178.282854665
337.4520178059284,697.4520178059283,697,direct,retrograde,2433459.5096626785
327.58849603889456,327.58849603889456,327,retrograde,direct,2433578.773725194
14.179527092546708,374.1795270925467,374,direct,retrograde,2433862.787233483
4.246161787406054,4.246161787406054,4,retrograde,direct,2433980.672339607
50.99051389783679,410.99051389783676,410,direct,retrograde,2434265.3192496337
40.97608348709489,40.97608348709489,40,retrograde,direct,2434382.82753227
86.47779025816338,446.4777902581634,446,direct,retrograde,2434665.622379088
76.41303832787,76.41303832787,76,retrograde,direct,2434783.8934494266
119.94310014490833,479.9431001449083,479,direct,retrograde,2435063.6264554374
109.88059015824759,109.88059015824759,109,retrograde,direct,2435183.359878701
151.50674317278532,511.5067431727853,511,direct,retrograde,2435459.687784858
141.48573540758167,141.48573540758167,141,retrograde,direct,2435581.041275466
181.799697760116,541.799697760116,541,direct,retrograde,2435854.8901371295
171.83726821699932,171.83726821699932,171,retrograde,direct,2435977.5970695606
211.66495229460654,571.6649522946066,571,direct,retrograde,2436250.124012531
201.7555100313844,201.7555100313844,201,retrograde,direct,2436373.571912896
241.99012834503463,601.9901283450347,601,direct,retrograde,2436646.4232650585
232.12480035255717,232.12480035255717,232,retrograde,direct,2436769.83289377
273.61568291920827,633.6156829192082,633,direct,retrograde,2437044.7051350297
263.7762205997309,263.7762205997309,263,retrograde,direct,2437167.1947042486
307.15390517284675,667.1539051728467,667,direct,retrograde,2437445.274550412
297.3177421553513,297.3177421553513,297,retrograde,direct,2437566.143946545
342.6899997635817,702.6899997635817,702,direct,retrograde,2437847.8738859873
332.81693066808174,332.81693066808174,332,retrograde,direct,2437966.9386256225
19.482554084515066,379.4825540845151,379,direct,retrograde,2438251.1428140495
9.53766415272844,9.53766415272844,9,retrograde,direct,2438368.9239057302
56.12886702154382,416.12886702154384,416,direct,retrograde,2438653.2922441056
46.10374936943723,46.10374936943723,46,retrograde,direct,2438770.8979806695
91.31638313972711,451.3163831397271,451,direct,retrograde,2439053.313969286
81.24890386340732,81.24890386340732,81,retrograde,direct,2439171.7893851316
124.48241269657403,484.48241269657404,484,direct,retrograde,2439450.9322571857
114.4252322548727,114.4252322548727,114,retrograde,direct,2439570.885711981
155.8412041543614,515.8412041543614,515,direct,retrograde,2439846.918114964
145.82954686135938,145.82954686135938,145,retrograde,direct,2439968.4766176883
186.0570517481573,546.0570517481573,546,direct,retrograde,2440242.020235787
176.1033678071469,176.1033678071469,176,retrograde,direct,2440364.8469407856
215.97011114515175,575.9701111451518,575,direct,retrograde,2440637.4155624984
206.07083629533372,206.07083629533372,206,retrograde,direct,2440760.9055779483
246.45696011538058,606.4569601153805,606,direct,retrograde,2441033.9813039014
236.59680318709667,236.59680318709667,236,retrograde,direct,2441157.2977748625
278.3233872000384,638.3233872000384,638,direct,retrograde,2441432.5128299305
268.4879076360067,268.4879076360067,268,retrograde,direct,2441554.8339158706
312.1295938875164,672.1295938875164,672,direct,retrograde,2441833.4235938005
302.28941311257086,302.28941311257086,302,retrograde,direct,2441954.0598953245
347.8670203842828,707.8670203842828,707,direct,retrograde,2442236.1756667364
337.98703813699905,337.98703813699905,337,retrograde,direct,2442355.00868944
24.70371070524171,384.7037107052417,384,direct,retrograde,2442639.313589534
14.746694069320117,14.746694069320117,14,retrograde,direct,2442757.027338854
61.20804241351197,421.208042413512,421,direct,retrograde,2443041.27718259
51.17341813355241,51.17341813355241,51,retrograde,direct,2443158.9554596944
96.14185263785913,456.14185263785913,456,direct,retrograde,2443440.9260026626
86.07314987240679,86.07314987240679,86,retrograde,direct,2443559.558155182
129.05961302098814,489.05961302098814,489,direct,retrograde,2443838.354350579
119.00560028892382,119.00560028892382,119,retrograde,direct,2443958.5383997066
160.24467981345856,520.2446798134586,520,direct,retrograde,2444234.1240132526
150.2410431518254,150.2410431518254,150,retrograde,direct,2444355.866033742
190.3892035328829,550.3892035328829,550,direct,retrograde,2444629.307373668
180.44490213823264,180.44490213823264,180,retrograde,direct,2444752.2682248764
220.32966721690832,580.3296672169083,580,direct,retrograde,2445024.737256394
210.43635166446106,210.43635166446106,210,retrograde,direct,2445148.2612115527
250.9236872606277,610.9236872606277,610,direct,retrograde,2445421.4969102126
241.0692340145536,241.0692340145536,241,retrograde,direct,2445544.7941651754
282.9622609867021,642.9622609867022,642,direct,retrograde,2445820.275753117
273.1261620061104,273.1261620061104,273,retrograde,direct,2445942.4595162757
316.96385658707885,676.9638565870789,676,direct,retrograde,2446221.433472721
307.1212325836863,307.1212325836863,307,retrograde,direct,2446341.845035105
352.857186694206,712.857186694206,712,direct,retrograde,2446624.208849231
342.96843311337307,342.96843311337307,342,retrograde,direct,2446742.893982188
29.73086969704527,389.73086969704525,389,direct,retrograde,2447027.3797812834
19.763863006504295,19.763863006504295,19,retrograde,direct,2447145.0154439257
66.13003775256821,426.1300377525682,426,direct,retrograde,2447429.0818329267
56.09102549510788,56.09102549510788,56,retrograde,direct,2447546.758571822
100.87708433808952,460.8770843380895,460,direct,retrograde,2447828.502243026
90.80809468572967,90.80809468572967,90,retrograde,direct,2447947.301701012
133.59607301722096,493.596073017221,493,direct,retrograde,2448225.7103898935
123.54906010025475,123.54906010025475,123,retrograde,direct,2448346.0522173075
164.62924064720457,524.6292406472046,524,direct,retrograde,2448621.3981533116
154.63181455478937,154.63181455478937,154,retrograde,direct,2448743.3184836386
194.69582536429502,554.695825364295,554,direct,retrograde,2449016.4642839124
184.75752817694058,184.75752817694058,184,retrograde,direct,2449139.5481616957
224.6562116736878,584.6562116736878,584,direct,retrograde,2449412.0764735164
214.76805170517179,214.76805170517179,214,retrograde,direct,2449535.648171258
255.3835298987996,615.3835298987996,615,direct,retrograde,2449809.002187554
245.53037823132271,245.53037823132271,245,retrograde,direct,2449932.1969366604
287.6552234778221,647.6552234778221,647,direct,retrograde,2450208.1505549112
277.8199019252704,277.8199019252704,277,retrograde,direct,2450330.108922121
321.9407405816973,681.9407405816974,681,direct,retrograde,2450609.516420585
312.0923098472722,312.0923098472722,312,retrograde,direct,2450729.692420155
358.05973939439565,718.0597393943956,718,direct,retrograde,2451012.575339851
348.16121668764214,348.16121668764214,348,retrograde,direct,2451131.0432277946
34.98678416719117,394.98678416719116,394,direct,retrograde,2451415.6094632624
25.009683727820097,25.009683727820097,25,retrograde,direct,2451533.116962674
71.23470780879721,431.2347078087972,431,direct,retrograde,2451817.036005494
61.18765020226948,61.18765020226948,61,retrograde,direct,2451934.859608082
105.69157492564315,465.6915749256432,465,direct,retrograde,2452216.1490901373
95.62344371105198,95.62344371105198,95,retrograde,direct,2452335.135133866
138.1045190888597,498.10451908885966,498,direct,retrograde,2452613.0151180094
128.06076859924238,128.06076859924238,128,retrograde,direct,2452733.62769429
168.90368771105835,528.9036877110584,528,direct,retrograde,2453008.498031266
158.91465012833737,158.91465012833737,158,retrograde,direct,2453130.6297773495
198.86256802056985,558.8625680205698,558,direct,retrograde,2453403.6014639353
188.93062953650244,188.93062953650244,188,retrograde,direct,2453526.8060142146
228.86164369031752,588.8616436903176,588,direct,retrograde,2453799.2515718183
218.97852406117815,218.97852406117815,218,retrograde,direct,2453922.8046087436
259.77882934360514,619.7788293436051,619,direct,retrograde,2454196.5572015457
249.93005494162324,249.93005494162324,249,retrograde,direct,2454319.586483338
292.368379079739,652.368379079739,652,direct,retrograde,2454596.0076780766
282.5334822213959,282.5334822213959,282,retrograde,direct,2454717.677827333
327.0175139113725,687.0175139113725,687,direct,retrograde,2454997.826308191
317.1662686556644,317.1662686556644,317,retrograde,direct,2455117.6905110385
3.4019493649793926,363.4019493649794,363,direct,retrograde,2455401.001981889
353.49464691728997,353.49464691728997,353,retrograde,direct,2455519.2038718034
40.35542803933739,400.35542803933737,400,direct,retrograde,2455803.88685136
30.36449654770668,30.36449654770668,30,retrograde,direct,2455921.4220986646
76.38147207238676,436.38147207238677,436,direct,retrograde,2456205.0543741314
66.32727216906703,66.32727216906703,66,retrograde,direct,2456322.984172685
110.51087043403273,470.5108704340327,470,direct,retrograde,2456603.7105211103
100.4418293054874,100.4418293054874,100,retrograde,direct,2456722.9458648376
142.6270284934826,502.6270284934826,502,direct,retrograde,2457000.361854489
132.59049361399767,132.59049361399767,132,retrograde,direct,2457121.205988222
173.23791874200063,533.2379187420006,533,direct,retrograde,2457395.6945541296
163.25525630277374,163.25525630277374,163,retrograde,direct,2457518.0099314265
203.1403459674909,563.1403459674909,563,direct,retrograde,2457790.786360409
193.21616656140958,193.21616656140958,193,retrograde,direct,2457914.085164021
233.22263270704318,593.2226327070432,593,direct,retrograde,2458186.6981888795
223.34433396404717,223.34433396404717,223,retrograde,direct,2458310.2100430476
264.3502219685593,624.3502219685593,624,direct,retrograde,2458584.208895373
254.50500943066484,254.50500943066484,254,retrograde,direct,2458707.0675914427
297.2403193172296,657.2403193172296,657,direct,retrograde,2458984.1055632476
287.40652862632,287.40652862632,287,retrograde,direct,2459105.5282963933
332.18439691155766,692.1843969115577,692,direct,retrograde,2459386.1284506368
322.3293745016802,322.3293745016802,322,retrograde,direct,2459505.729184279
8.717680279714545,368.71768027971456,368,direct,retrograde,2459789.3594939318
358.79841228324847,358.79841228324847,358,retrograde,direct,2459907.459885641
45.58189425690507,405.58189425690506,405,direct,retrograde,2460192.0909210853
35.581028324438826,35.581028324438826,35,retrograde,direct,2460309.6112779705
81.33773409968575,441.33773409968575,441,direct,retrograde,2460592.7948810654
71.27835930648746,71.27835930648746,71,retrograde,direct,2460710.903047841
115.15254954698183,475.15254954698185,475,direct,retrograde,2460991.195427101
105.08728158321912,105.08728158321912,105,retrograde,direct,2461110.645729225
147.02460985705173,507.0246098570517,507,direct,retrograde,2461387.539356075
136.9954583138125,136.9954583138125,136,retrograde,direct,2461508.5912619866
177.51214641529276,537.5121464152928,537,direct,retrograde,2461782.8705482734
167.54033169713048,167.54033169713048,167,retrograde,direct,2461905.3334807483
207.42390571060025,567.4239057106003,567,direct,retrograde,2462178.046606686
197.50692695607898,197.50692695607898,197,retrograde,direct,2462301.379532826
237.6333763884681,597.6333763884682,597,direct,retrograde,2462574.1065005492
227.76246505335695,227.76246505335695,227,retrograde,direct,2462697.55999012
268.9860620069535,628.9860620069535,628,direct,retrograde,2462972.002735298
259.1433465251763,259.1433465251763,259,retrograde,direct,2463094.7073502243
302.14503392738357,662.1450339273836,662,direct,retrograde,2463372.116430668
292.31023915386356,292.31023915386356,292,retrograde,direct,2463493.328078718
337.3228078057783,697.3228078057783,697,direct,retrograde,2463774.411269229
327.4585698976638,327.4585698976638,327,retrograde,direct,2463893.805008732
13.950712943458672,373.95071294345865,373,direct,retrograde,2464177.653875664
4.020808572076473,4.020808572076473,4,retrograde,direct,2464295.6003100965
50.71815045540924,410.7181504554092,410,direct,retrograde,2464580.093382937
40.70567614369136,40.70567614369136,40,retrograde,direct,2464697.6657886673
86.23559006088134,446.23559006088135,446,direct,retrograde,2464980.5678485166
76.1715016744318,76.1715016744318,76,retrograde,direct,2465098.820559201
119.78392616447152,479.7839261644715,479,direct,retrograde,2465378.5951136835
109.72134849234614,109.72134849234614,109,retrograde,direct,2465498.2444218807
151.4530875474695,511.4530875474695,511,direct,retrograde,2465774.8607650734
141.43160178769742,141.43160178769742,141,retrograde,direct,2465896.1189937657
181.84084879117827,541.8408487911782,541,direct,retrograde,2466170.054049994
171.87748312629822,171.87748312629822,171,retrograde,direct,2466292.664779108
211.7594238183467,571.7594238183467,571,direct,retrograde,2466565.3484100513
201.85301174056815,201.85301174056815,201,retrograde,direct,2466688.759685967
242.07016891359058,602.0701689135906,602,direct,retrograde,2466961.61588363
232.20472418338036,232.20472418338036,232,retrograde,direct,2467085.033491101
273.5899285002422,633.5899285002422,633,direct,retrograde,2467359.668343831
263.7517495925441,263.7517495925441,263,retrograde,direct,2467482.2742928956
306.9533432760338,666.9533432760338,666,direct,retrograde,2467760.0850639334
297.1159629376564,297.1159629376564,297,retrograde,direct,2467881.1202383693
342.3056601868298,702.3056601868298,702,direct,retrograde,2468162.525843244
332.4362390940512,332.4362390940512,332,retrograde,direct,2468281.6915360726
19.002032407577726,379.0020324075777,379,direct,retrograde,2468565.6760350876
9.061787344391565,9.061787344391565,9,retrograde,direct,2468683.5468589608
55.691619149913436,415.69161914991344,415,direct,retrograde,2468968.0252320673
45.67112077176144,45.67112077176144,45,retrograde,direct,2469085.5961305313
91.02534481166884,451.02534481166884,451,direct,retrograde,2469368.1652473425
80.96034189742768,80.96034189742768,80,retrograde,direct,2469486.5169496164
124.36749377755235,484.36749377755234,484,direct,retrograde,2469766.0282565746
114.30808822073563,114.30808822073563,114,retrograde,direct,2469885.8799625505
155.86626058106611,515.8662605810662,515,direct,retrograde,2470162.0533943214
145.85128219491887,145.85128219491887,145,retrograde,direct,2470283.505867135
186.15488321375426,546.1548832137543,546,direct,retrograde,2470557.2906001024
176.19773235387234,176.19773235387234,176,retrograde,direct,2470680.0673913024
216.06385210195714,576.0638521019571,576,direct,retrograde,2470952.580313023
206.16016260981394,206.16016260981394,206,retrograde,direct,2471076.0649208836
246.4676153190677,606.4676153190677,606,direct,retrograde,2471349.0345425755
236.60588828348438,236.60588828348438,236,retrograde,direct,2471472.443655948
278.1898233812035,638.1898233812035,638,direct,retrograde,2471747.4062852655
268.350486274983,268.350486274983,268,retrograde,direct,2471869.845799353
311.82247952811707,671.8224795281171,671,direct,retrograde,2472148.155512288
301.9831866725494,301.9831866725494,301,retrograde,direct,2472268.9080957985
347.42796673628476,707.4279667362848,707,direct,retrograde,2472550.733129304
337.549657572464,337.549657572464,337,retrograde,direct,2472669.6856355174
24.24188119123971,384.2418811912397,384,direct,retrograde,2472954.00356475
14.290994906591738,14.290994906591738,14,retrograde,direct,2473071.732674551
60.84651810452676,420.84651810452675,420,direct,retrograde,2473356.0643267827
50.81959428331108,50.81959428331108,50,retrograde,direct,2473473.632190926
95.93745125180521,455.9374512518052,455,direct,retrograde,2473755.8975173878
85.87042079249878,85.87042079249878,85,retrograde,direct,2473874.4680348374
128.9778650943114,488.97786509431137,488,direct,retrograde,2474153.4207894653
118.92430904301855,118.92430904301855,118,retrograde,direct,2474273.5080192415
160.21929934740305,520.2192993474031,520,direct,retrograde,2474549.270119015
150.21105212044927,150.21105212044927,150,retrograde,direct,2474670.9728971394
190.352620531911,550.352620531911,550,direct,retrograde,2474944.318302894
180.4031508733768,180.4031508733768,180,retrograde,direct,2475067.269289952
220.24273691127212,580.2427369112721,580,direct,retrograde,2475339.7595142853
210.34569942635028,210.34569942635028,210,retrograde,direct,2475463.3125496944
250.7786815553717,610.7786815553717,610,direct,retrograde,2475736.3945942856
240.91935132164855,240.91935132164855,240,retrograde,direct,2475859.699183115
282.76975192152787,642.7697519215278,642,direct,retrograde,2476135.166484546
272.933149305846,272.933149305846,272,retrograde,direct,2476257.3555238144
316.76004821477267,676.7600482147727,676,direct,retrograde,2476536.2362527363
306.9169158768755,306.9169158768755,306,retrograde,direct,2476656.6856195563
352.6836788058704,712.6836788058704,712,direct,retrograde,2476939.1799508743
342.7972827836406,342.7972827836406,342,retrograde,direct,2477057.8627588814
29.619210026579307,389.6192100265793,389,direct,retrograde,2477342.3571911193
19.655653516820088,19.655653516820088,19,retrograde,direct,2477459.9443242364
66.08497119879841,426.0849711987984,426,direct,retrograde,2477744.1408693064
56.04531669458435,56.04531669458435,56,retrograde,direct,2477861.8637479953
100.86785398777174,460.86785398777175,460,direct,retrograde,2478143.648927982
90.7985262456433,90.7985262456433,90,retrograde,direct,2478262.406786573
133.5907778705649,493.5907778705649,493,direct,retrograde,2478540.828716079
123.53968290107265,123.53968290107265,123,retrograde,direct,2478661.181850221
164.60005482128832,524.6000548212883,524,direct,retrograde,2478936.472176402
154.60047134560014,154.60047134560014,154,retrograde,direct,2479058.3760110484
194.63289870289182,554.6328987028918,554,direct,retrograde,2479331.5673200134
184.69060885435164,184.69060885435164,184,retrograde,direct,2479454.6350242365
224.56040110573332,584.5604011057333,584,direct,retrograde,2479727.0413209368
214.6694085561261,214.6694085561261,214,retrograde,direct,2479850.593956898
255.26728630668904,615.267286306689,615,direct,retrograde,2480124.024627965
245.41371464589363,245.41371464589363,245,retrograde,direct,2480247.2018382316
287.5413308310444,647.5413308310444,647,direct,retrograde,2480523.087506745
277.7067740838607,277.7067740838607,277,retrograde,direct,2480645.0181516213
321.84933976320605,681.849339763206,681,direct,retrograde,2480924.557642136
312.00566966088275,312.00566966088275,312,retrograde,direct,2481044.726225774
357.9924135915931,717.992413591593,717,direct,retrograde,2481327.565894287
348.0985788769621,348.0985788769621,348,retrograde,direct,2481446.0272381827
34.92637379154252,394.9263737915425,394,direct,retrograde,2481730.6024368666
24.950427709012505,24.950427709012505,24,retrograde,direct,2481848.203113151
71.16626981378647,431.16626981378647,431,direct,retrograde,2482132.109851029
61.12087941883757,61.12087941883757,61,retrograde,direct,2482249.9188921675
105.62932463117015,465.62932463117016,465,direct,retrograde,2482531.1693919254
95.55956041418062,95.55956041418062,95,retrograde,direct,2482650.1573115867
138.0691777437498,498.06917774374983,498,direct,retrograde,2482928.1414577337
128.0256361513314,128.0256361513314,128,retrograde,direct,2483048.687294133
168.9087091533239,528.9087091533239,528,direct,retrograde,2483323.647945905
158.9162301644326,158.9162301644326,158,retrograde,direct,2483445.70421998
198.9015104198315,558.9015104198315,558,direct,retrograde,2483718.7372379927
188.96815318262588,188.96815318262588,188,retrograde,direct,2483841.8799029356
228.919430889527,588.919430889527,588,direct,retrograde,2484114.471805405
219.03420280058774,219.03420280058774,219,retrograde,direct,2484237.9771028263
259.82573199563996,619.8257319956399,619,direct,retrograde,2484511.641974414
249.97557428230266,249.97557428230266,249,retrograde,direct,2484634.665700023
292.3659661400282,652.3659661400281,652,direct,retrograde,2484911.10566923
282.5310902413385,282.5310902413385,282,retrograde,direct,2485032.835049268
326.9320361958706,686.9320361958705,686,direct,retrograde,2485312.7405800764
317.08247369273,317.08247369273,317,retrograde,direct,2485432.6918539116
3.22494493853662,363.2249449385366,363,direct,retrograde,2485715.8744726162
353.31857525501596,353.31857525501596,353,retrograde,direct,2485834.213958419
40.11683888849672,400.1168388884967,400,direct,retrograde,2486118.7880579494
30.130530826205018,30.130530826205018,30,retrograde,direct,2486236.335280724
76.14707861783273,436.14707861783273,436,direct,retrograde,2486519.9057792826
66.09450946506837,66.09450946506837,66,retrograde,direct,2486637.8578626476
110.33749343698639,470.3374934369864,470,direct,retrograde,2486918.7481845925
100.26945849738082,100.26945849738082,100,retrograde,direct,2487037.908260854
142.5465426420257,502.5465426420257,502,direct,retrograde,2487315.4086457957
132.50893179764725,132.50893179764725,132,retrograde,direct,2487436.1570274066
173.25194985195574,533.2519498519557,533,direct,retrograde,2487710.890389066
163.2704434050997,163.2704434050997,163,retrograde,direct,2487833.099647538
203.22801800723903,563.228018007239,563,direct,retrograde,2488106.0321118953
193.3034753640073,193.3034753640073,193,retrograde,direct,2488229.230508011
233.33039625322175,593.3303962532218,593,direct,retrograde,2488501.861021528
223.4544824191222,223.4544824191222,223,retrograde,direct,2488625.3476784406
264.40108599122135,624.4010859912214,624,direct,retrograde,2488899.3517931513
254.55533466700828,254.55533466700828,254,retrograde,direct,2489022.269154709
297.14895137763307,657.148951377633,657,direct,retrograde,2489298.9597856216
287.3150719302172,287.3150719302172,287,retrograde,direct,2489420.5262587816
331.9097115028532,691.9097115028533,691,direct,retrograde,2489700.8728410434
322.0535834489331,322.0535834489331,322,retrograde,direct,2489820.637743191
8.299270140867586,368.2992701408676,368,direct,retrograde,2490104.00417924
358.3843390743999,358.3843390743999,358,retrograde,direct,2490222.1642196886
45.140593995459895,405.1405939954599,405,direct,retrograde,2490506.7046437077
35.14346603202577,35.14346603202577,35,retrograde,direct,2490624.2649927177
80.99533624347671,440.9953362434767,440,direct,retrograde,2490907.6603104267
70.93826219455455,70.93826219455455,70,retrograde,direct,2491025.6847944083
114.96669771285903,474.96669771285906,474,direct,retrograde,2491306.14267115
104.90054838872902,104.90054838872902,104,retrograde,direct,2491425.4750506617
146.98855292598074,506.98855292598074,506,direct,retrograde,2491702.7280284353
136.95698024059806,136.95698024059806,136,retrograde,direct,2491823.674303227
177.57614203838028,537.5761420383803,537,direct,retrograde,2492098.0434979238
167.59980804495171,167.59980804495171,167,retrograde,direct,2492220.4332007514
207.51703690754564,567.5170369075456,567,direct,retrograde,2492493.2524834024
197.59880089665717,197.59880089665717,197,retrograde,direct,2492616.576409529
237.685358788659,597.685358788659,597,direct,retrograde,2492889.2683426533
227.8114503852668,227.8114503852668,227,retrograde,direct,2493012.7458621887
268.9258717411702,628.9258717411702,628,direct,retrograde,2493286.9384042546
259.082938331649,259.082938331649,259,retrograde,direct,2493409.7483961005
301.9298015753522,661.9298015753523,661,direct,retrograde,2493686.9357862407
292.0936687017589,292.0936687017589,292,retrograde,direct,2493808.291187374
336.9585186127515,696.9585186127515,696,direct,retrograde,2494089.092105965
327.09800879895715,327.09800879895715,327,retrograde,direct,2494208.562334528
13.519596159859345,373.51959615985936,373,direct,retrograde,2494492.2409404824
3.5941444365832087,3.5941444365832087,3,retrograde,direct,2494610.2744397204
50.34237571758265,410.3423757175826,410,direct,retrograde,2494894.9003613386
40.336940343058124,40.336940343058124,40,retrograde,direct,2495012.425916828
86.00051028855353,446.0005102885535,446,direct,retrograde,2495295.4576606564
75.94170962020546,75.94170962020546,75,retrograde,direct,2495413.6032810993
119.68986636455354,479.68986636455355,479,direct,retrograde,2495693.6869687224
109.62685325761592,109.62685325761592,109,retrograde,direct,2495813.2743364386
151.4365372789426,511.43653727894264,511,direct,retrograde,2496089.915977191
141.41218069945288,141.41218069945288,141,retrograde,direct,2496211.138027383
181.82924139062405,541.829241390624,541,direct,retrograde,2496485.179324287
171.86085545368235,171.86085545368235,171,retrograde,direct,2496607.799177788
211.6977881413177,571.6977881413177,571,direct,retrograde,2496880.3346006963
201.78397774325492,201.78397774325492,201,retrograde,direct,2497003.7693883926
241.9328892622295,601.9328892622295,601,direct,retrograde,2497276.5172351394
232.06351150164002,232.06351150164002,232,retrograde,direct,2497400.005520342
273.38709177784494,633.387091777845,633,direct,retrograde,2497674.5341519276
263.54364786352374,263.54364786352374,263,retrograde,direct,2497797.170662881
306.7165824207445,666.7165824207445,666,direct,retrograde,2498074.9299853453
296.879799250193,296.879799250193,296,retrograde,direct,2498195.958791591
342.0920903880831,702.0920903880831,702,direct,retrograde,2498477.357033765
332.2234165826826,332.2234165826826,332,retrograde,direct,2498596.548173596
18.86143689034833,378.86143689034833,378,direct,retrograde,2498880.707522964
8.924197756994761,8.924197756994761,8,retrograde,direct,2498998.542092505
55.641502054514426,415.64150205451443,415,direct,retrograde,2499283.0838771723
45.62396019806624,45.62396019806624,45,retrograde,direct,2499400.595720675
91.04397467873753,451.0439746787375,451,direct,retrograde,2499683.3208872853
80.97775289661175,80.97775289661175,80,retrograde,direct,2499801.694464458
124.40716399637888,484.40716399637887,484,direct,retrograde,2500081.1803091075
114.3474802670123,114.3474802670123,114,retrograde,direct,2500201.01127073
155.89087229010258,515.8908722901026,515,direct,retrograde,2500477.238396922
145.87298491200704,145.87298491200704,145,retrograde,direct,2500598.697775361
186.13884371076554,546.1388437107655,546,direct,retrograde,2500872.332419196
176.17911964240292,176.17911964240292,176,retrograde,direct,2500995.112144866
215.99955892691224,575.9995589269122,575,direct,retrograde,2501267.6408301024
206.09418134670256,206.09418134670256,206,retrograde,direct,2501391.146187878
246.3663324238837,606.3663324238837,606,direct,retrograde,2501663.997582676
236.5014042516603,236.5014042516603,236,retrograde,direct,2501787.396716971
278.071542224543,638.071542224543,638,direct,retrograde,2502062.38331436
268.23335088389234,268.23335088389234,268,retrograde,direct,2502184.8065586304
311.722855317815,671.722855317815,671,direct,retrograde,2502463.092216935
301.88498964078934,301.88498964078934,301,retrograde,direct,2502583.8421263015
347.3706866178603,707.3706866178603,707,direct,retrograde,2502865.8078167215
337.4966193441066,337.4966193441066,337,retrograde,direct,2502984.7605730332
24.221367158384734,384.22136715838474,384,direct,retrograde,2503269.0403215187
14.272721430327008,14.272721430327008,14,retrograde,direct,2503386.760744905
60.83975974805796,420.839759748058,420,direct,retrograde,2503671.1288143955
50.811022067166235,50.811022067166235,50,retrograde,direct,2503788.790416045
95.92891196053809,455.9289119605381,455,direct,retrograde,2504071.023615705
85.86110274546726,85.86110274546726,85,retrograde,direct,2504189.567703885
128.97984647369927,488.97984647369924,488,direct,retrograde,2504468.554905858
118.9225066748281,118.9225066748281,118,retrograde,direct,2504588.628167958
160.24226236476792,520.242262364768,520,direct,retrograde,2504864.4145721775
150.23272720065108,150.23272720065108,150,retrograde,direct,2504986.0510508185
190.40277273722126,550.4027727372213,550,direct,retrograde,2505259.5554830553
180.45017409139714,180.45017409139714,180,retrograde,direct,2505382.437436656
220.3120215537347,580.3120215537347,580,direct,retrograde,2505654.9071657183
210.41299354044386,210.41299354044386,210,retrograde,direct,2505778.4037892297
250.8489024031739,610.848902403174,610,direct,retrograde,2506051.605963843
240.98986777611114,240.98986777611114,240,retrograde,direct,2506174.8960651373
282.81447493918665,642.8144749391867,642,direct,retrograde,2506450.2557053966
272.9773069268953,272.9773069268953,272,retrograde,direct,2506572.4561779154
316.74646103393326,676.7464610339332,676,direct,retrograde,2506851.3280793605
306.90625108892937,306.90625108892937,306,retrograde,direct,2506971.8294223202
352.5938824251148,712.5938824251148,712,direct,retrograde,2507254.107775474
342.71127412844527,342.71127412844527,342,retrograde,direct,2507372.8637106987
29.4669049090059,389.4669049090059,389,direct,retrograde,2507657.2756265597
19.50614391117325,19.50614391117325,19,retrograde,direct,2507774.966064711
65.9140505161223,425.9140505161223,425,direct,retrograde,2508059.1199695338
55.87927349563785,55.87927349563785,55,retrograde,direct,2508176.81267575
100.7340939035824,460.7340939035824,460,direct,retrograde,2508458.623496172
90.66492947094994,90.66492947094994,90,retrograde,direct,2508577.364780781
133.52781438155847,493.52781438155847,493,direct,retrograde,2508855.9506095946
123.47761618623238,123.47761618623238,123,retrograde,direct,2508976.1961096246
164.62302925889628,524.6230292588963,524,direct,retrograde,2509251.657138994
154.62103276976597,154.62103276976597,154,retrograde,direct,2509373.445612354
194.7291469380357,554.7291469380357,554,direct,retrograde,2509646.776195688
184.7872276092686,184.7872276092686,184,retrograde,direct,2509769.74294251
224.6986097858249,584.6986097858249,584,direct,retrograde,2510042.3441057615
214.8076505971453,214.8076505971453,214,retrograde,direct,2510165.826533325
255.38723869991327,615.3872386999133,615,direct,retrograde,2510439.1681579696
245.53327745186832,245.53327745186832,245,retrograde,direct,2510562.345805566
287.5617780380923,647.5617780380924,647,direct,retrograde,2510838.169133993
277.72582701564687,277.72582701564687,277,retrograde,direct,2510960.2084292667
321.7044719500656,681.7044719500657,681,direct,retrograde,2511239.3525840603
311.8598073898425,311.8598073898425,311,retrograde,direct,2511359.684193219
357.68503702430974,717.6850370243097,717,direct,retrograde,2511642.2881239597
347.7910971239306,347.7910971239306,347,retrograde,direct,2511760.91464819
34.540371068533936,394.54037106853394,394,direct,retrograde,2512045.338371439
24.569514919860467,24.569514919860467,24,retrograde,direct,2512162.9463727875
70.82692912604436,430.8269291260444,430,direct,retrograde,2512446.872036021
60.78409173088744,60.78409173088744,60,retrograde,direct,2512564.6755999057
105.41981572241264,465.41981572241264,465,direct,retrograde,2512846.194754107
95.35142389027176,95.35142389027176,95,retrograde,direct,2512965.0597396195
138.00827848966833,498.0082784896683,498,direct,retrograde,2513243.223812598
127.96264969912635,127.96264969912635,127,retrograde,direct,2513363.657415591
168.9648213412239,528.9648213412239,528,direct,retrograde,2513638.89247722
158.971771295825,158.971771295825,158,retrograde,direct,2513760.847460877
199.0199006698712,559.0199006698712,559,direct,retrograde,2514034.010446433
189.08344156946558,189.08344156946558,189,retrograde,direct,2514157.0790118044
229.03028444065131,589.0302844406513,589,direct,retrograde,2514429.6352388225
219.14527833781662,219.14527833781662,219,retrograde,direct,2514553.1352579137
259.8625633553851,619.8625633553851,619,direct,retrograde,2514826.7878286056
250.01148149097713,250.01148149097713,250,retrograde,direct,2514949.8645250034
292.2710000859669,652.2710000859669,652,direct,retrograde,2515225.970251376
282.43640352352395,282.43640352352395,282,retrograde,direct,2515347.8133075954
326.6887384538863,686.6887384538863,686,direct,retrograde,2515627.5446633417
316.8396034047681,316.8396034047681,316,retrograde,direct,2515747.6289196424
2.878941034824682,362.87894103482466,362,direct,retrograde,2516030.5924796946
352.9777526578446,352.9777526578446,352,retrograde,direct,2516148.9537278675
39.77634967282823,399.77634967282825,399,direct,retrograde,2516433.5041274074
29.794706988066643,29.794706988066643,29,retrograde,direct,2516551.0853650263
75.91577489539696,435.91577489539696,435,direct,retrograde,2516834.877842158
65.86816463409384,65.86816463409384,65,retrograde,direct,2516952.730592273
110.24749442600037,470.24749442600034,470,direct,retrograde,2517233.7580745863
100.18038734203691,100.18038734203691,100,retrograde,direct,2517352.8367177397
142.55491147995116,502.55491147995116,502,direct,retrograde,2517630.5959407613
132.51515679787397,132.51515679787397,132,retrograde,direct,2517751.300544868
173.286409655613,533.2864096556129,533,direct,retrograde,2518025.986181394
163.29864235596045,163.29864235596045,163,retrograde,direct,2518148.2018073164
203.2189332119371,563.2189332119372,563,direct,retrograde,2518421.0997460205
193.28914917411794,193.28914917411794,193,retrograde,direct,2518544.3487340575
233.24024887122476,593.2402488712248,593,direct,retrograde,2518816.867129349
223.35708930440455,223.35708930440455,223,retrograde,direct,2518940.39819925
264.2247249050377,624.2247249050376,624,direct,retrograde,2519214.189720963
254.37550630035818,254.37550630035818,254,retrograde,direct,2519337.16758487
296.9186991438265,656.9186991438264,656,direct,retrograde,2519613.832490029
287.0817967747934,287.0817967747934,287,retrograde,direct,2519735.4358314276
331.683198720021,691.683198720021,691,direct,retrograde,2520015.743416574
321.8302732032482,321.8302732032482,321,retrograde,direct,2520135.4736480042
8.148906416454517,368.1489064164545,368,direct,retrograde,2520418.9259793926
358.2366093302978,358.2366093302978,358,retrograde,direct,2520537.0943997093
45.10516695883555,405.1051669588355,405,direct,retrograde,2520821.8623533556
35.11185631286856,35.11185631286856,35,retrograde,direct,2520939.361489528
81.06169787147117,441.06169787147115,441,direct,retrograde,2521222.8227448137
71.00646319416515,71.00646319416515,71,retrograde,direct,2521340.800872232
115.08604013146744,475.0860401314674,475,direct,retrograde,2521621.419118399
105.01863909826824,105.01863909826824,105,retrograde,direct,2521740.7544023246
147.10428146545485,507.10428146545485,507,direct,retrograde,2522017.8983671404
137.0714781068971,137.0714781068971,137,retrograde,direct,2522138.8632500432
177.65008226341038,537.6500822634104,537,direct,retrograde,2522413.2517523235
167.67193901773206,167.67193901773206,167,retrograde,direct,2522535.6728722267
207.52992817840442,567.5299281784044,567,direct,retrograde,2522808.3203947376
197.60731780048428,197.60731780048428,197,retrograde,direct,2522931.6647746377
237.63530004722946,597.6353000472295,597,direct,retrograde,2523204.2657519532
227.759683070913,227.759683070913,227,retrograde,direct,2523327.7989077102
268.8355792388472,628.8355792388472,628,direct,retrograde,2523601.9292814024
258.9889325244354,258.9889325244354,258,retrograde,direct,2523724.752600815
301.8339981635463,661.8339981635463,661,direct,retrograde,2524001.918256619
291.9994844680364,291.9994844680364,291,retrograde,direct,2524123.24166942
336.90586719571144,696.9058671957114,696,direct,retrograde,2524404.0886861496
327.04679917725707,327.04679917725707,327,retrograde,direct,2524523.5686034355
13.529573522845894,373.5295735228459,373,direct,retrograde,2524807.4149978943
3.6065273169012912,3.6065273169012912,3,retrograde,direct,2524925.4197700787
50.39597220338515,410.39597220338516,410,direct,retrograde,2525210.020717792
40.390515605283255,40.390515605283255,40,retrograde,direct,2525327.537521515
86.06888167565576,446.06888167565575,446,direct,retrograde,2525610.64490615
76.00644634573159,76.00644634573159,76,retrograde,direct,2525728.8501399355
119.7583416545816,479.7583416545816,479,direct,retrograde,2526008.868061429
109.693605082217,109.693605082217,109,retrograde,direct,2526128.4349115305
151.5149453153447,511.5149453153447,511,direct,retrograde,2526405.1759899436
141.48765426740766,141.48765426740766,141,retrograde,direct,2526526.3696691506
181.92455682063394,541.9245568206339,541,direct,retrograde,2526800.3680767734
171.95440917851593,171.95440917851593,171,retrograde,direct,2526922.935768054
211.8100882217479,571.810088221748,571,direct,retrograde,2527195.6099550016
201.89585308412984,201.89585308412984,201,retrograde,direct,2527319.0130543187
242.0553340899886,602.0553340899886,602,direct,retrograde,2527591.731168843
232.1847982408508,232.1847982408508,232,retrograde,direct,2527715.183322113
273.499669604662,633.499669604662,633,direct,retrograde,2527989.740263408
263.6587016863112,263.6587016863112,263,retrograde,direct,2528112.3823808394
306.79630364064207,666.796303640642,666,direct,retrograde,2528390.04737131
296.96020570069925,296.96020570069925,296,retrograde,direct,2528511.1164908772
342.11474982673826,702.1147498267383,702,direct,retrograde,2528792.473453922
332.25035621927157,332.25035621927157,332,retrograde,direct,2528911.7244765637
18.82504801919504,378.82504801919504,378,direct,retrograde,2529195.6993469447
8.891668335387756,8.891668335387756,8,retrograde,direct,2529313.587470703
55.573814104642025,415.573814104642,415,direct,retrograde,2529598.0919696884
45.558457625568565,45.558457625568565,45,retrograde,direct,2529715.6949661225
90.9853658958319,450.98536589583193,450,direct,retrograde,2529998.399918924
80.92187872427756,80.92187872427756,80,retrograde,direct,2530116.7280342635
124.39627916769038,484.3962791676904,484,direct,retrograde,2530396.3157102484
114.33410845736638,114.33410845736638,114,retrograde,direct,2530516.104919594
155.94355333246767,515.9435533324677,515,direct,retrograde,2530792.427385194
145.92493753220649,145.92493753220649,145,retrograde,direct,2530913.7847808115
186.25843181557033,546.2584318155704,546,direct,retrograde,2531187.646971727
176.29617168738503,176.29617168738503,176,retrograde,direct,2531310.327291173
216.16797077777352,576.1679707777735,576,direct,retrograde,2531582.8925953843
206.26144288106013,206.26144288106013,206,retrograde,direct,2531706.3170381
246.54378901500527,606.5437890150052,606,direct,retrograde,2531979.3102444196
236.67991383994766,236.67991383994766,236,retrograde,direct,2532102.6956606917
278.1949060416271,638.1949060416271,638,direct,retrograde,2532377.5353717012
268.3549405069276,268.3549405069276,268,retrograde,direct,2532500.004171365
311.7174758645717,671.7174758645717,671,direct,retrograde,2532778.148428131
301.87944245121906,301.87944245121906,301,retrograde,direct,2532899.0168930823
347.20595294769015,707.2059529476901,707,direct,retrograde,2533180.6182203228
337.33284260179187,337.33284260179187,337,retrograde,direct,2533299.712373119
23.946828034130366,383.94682803413036,383,direct,retrograde,2533583.849016358
14.000860470515201,14.000860470515201,14,retrograde,direct,2533701.68563193
60.560714384306905,420.5607143843069,420,direct,retrograde,2533986.0117875477
50.53831624781171,50.53831624781171,50,retrograde,direct,2534103.614998946
95.74693432936587,455.7469343293659,455,direct,retrograde,2534385.9830328496
85.68088956113075,85.68088956113075,85,retrograde,direct,2534504.479116695
128.93357829694995,488.9335782969499,488,direct,retrograde,2534783.7237666426
118.87782287625004,118.87782287625004,118,retrograde,direct,2534903.6501585087
160.3223699604328,520.3223699604328,520,direct,retrograde,2535179.668587311
150.31071588156033,150.31071588156033,150,retrograde,direct,2535301.1842263713
190.56316628036262,550.5631662803626,550,direct,retrograde,2535574.830236152
180.61031916236098,180.61031916236098,180,retrograde,direct,2535697.6234560264
220.49419644941122,580.4941964494112,580,direct,retrograde,2535970.2494913936
210.59355816514008,210.59355816514008,210,retrograde,direct,2536093.700648438
250.986806775179,610.986806775179,610,direct,retrograde,2536366.763667591
241.1266450672579,241.1266450672579,241,retrograde,direct,2536490.063634564
282.8471267977368,642.8471267977368,642,direct,retrograde,2536765.365197379
273.0090598761546,273.0090598761546,273,retrograde,direct,2536887.649331376
316.6375717643591,676.6375717643591,676,direct,retrograde,2537166.1658584243
306.79686654698236,306.79686654698236,306,retrograde,direct,2537286.8038220815
352.3630925210753,712.3630925210753,712,direct,retrograde,2537568.9355847053
342.4809332866069,342.4809332866069,342,retrograde,direct,2537687.809141079
29.195454360842128,389.1954543608421,389,direct,retrograde,2537972.1061379425
19.239500352795115,19.239500352795115,19,retrograde,direct,2538089.78337673
65.71178033839213,425.71178033839215,425,direct,retrograde,2538374.017977315
55.67995799809922,55.67995799809922,55,retrograde,direct,2538491.7024086714
100.66249568007775,460.66249568007777,460,direct,retrograde,2538773.770653856
90.59603051856568,90.59603051856568,90,retrograde,direct,2538892.394143475
133.5721150415551,493.5721150415551,493,direct,retrograde,2539171.1045723325
123.51954571817824,123.51954571817824,123,retrograde,direct,2539291.29067732
164.71666580689126,524.7166658068912,524,direct,retrograde,2539566.90310607
154.71259833951711,154.71259833951711,154,retrograde,direct,2539688.6643430414
194.8013264742761,554.801326474276,554,direct,retrograde,2539961.968484545
184.8530170006477,184.8530170006477,184,retrograde,direct,2540084.94160669
224.6915171789473,584.6915171789473,584,direct,retrograde,2540357.3689308837
214.7961174238667,214.7961174238667,214,retrograde,direct,2540480.8966147695
255.28262415167,615.28262415167,615,direct,retrograde,2540754.186209972
245.42428176108928,245.42428176108928,245,retrograde,direct,2540877.409728434
287.3787557689014,647.3787557689013,647,direct,retrograde,2541152.995714497
277.5410707237027,277.5410707237027,277,retrograde,direct,2541275.069980154
321.5008612003712,681.5008612003712,681,direct,retrograde,2541554.2709229486
311.656757349998,311.656757349998,311,retrograde,direct,2541674.62022221
357.5409930482119,717.5409930482119,717,direct,retrograde,2541957.2683888916
347.6524425867148,347.6524425867148,347,retrograde,direct,2542075.8050741367
34.52324928180375,394.52324928180377,394,direct,retrograde,2542360.4120852863
24.55524256817925,24.55524256817925,24,retrograde,direct,2542478.006862933
70.94309536691198,430.94309536691196,430,direct,retrograde,2542762.1878272714
60.90267203984036,60.90267203984036,60,retrograde,direct,2542879.90420945
105.6222561208584,465.6222561208584,465,direct,retrograde,2543161.4619247103
95.55290251128201,95.55290251128201,95,retrograde,direct,2543280.307836272
138.22978530000546,498.22978530000546,498,direct,retrograde,2543558.591945989
128.18221250462867,128.18221250462867,128,retrograde,direct,2543679.034744572
169.14986228119395,529.1498622811939,529,direct,retrograde,2543954.1147058886
159.1527262158083,159.1527262158083,159,retrograde,direct,2544076.1198645486
199.13221049749177,559.1322104974918,559,direct,retrograde,2544349.1917128526
189.19315141549285,189.19315141549285,189,retrograde,direct,2544472.3203682126
229.0602837232512,589.0602837232511,589,direct,retrograde,2544744.760244499
219.16962188016436,219.16962188016436,219,retrograde,direct,2544868.2997846203
259.82055766296844,619.8205576629684,619,direct,retrograde,2545141.754806836
249.96659080703566,249.96659080703566,249,retrograde,direct,2545264.8860436715
292.19613457865466,652.1961345786547,652,direct,retrograde,2545541.0074756667
282.358728859622,282.358728859622,282,retrograde,direct,2545662.8715767497
326.63634652242126,686.6363465224213,686,direct,retrograde,2545942.5845480356
316.7902813365711,316.7902813365711,316,retrograde,direct,2546062.6165590705
2.9029394638199952,362.90293946382,362,direct,retrograde,2546345.6891304553
353.0036832490544,353.0036832490544,353,retrograde,direct,2546464.0673554884
39.881133455382134,399.88113345538216,399,direct,retrograde,2546748.783546704
29.90109088214983,29.90109088214983,29,retrograde,direct,2546866.32832544
76.06648262464915,436.06648262464915,436,direct,retrograde,2547150.103081885
66.01788533303882,66.01788533303882,66,retrograde,direct,2547267.9589891545
110.41091777277839,470.41091777277836,470,direct,retrograde,2547549.079645182
100.34106349847268,100.34106349847268,100,retrograde,direct,2547668.178235218
142.71994498466628,502.7199449846663,502,direct,retrograde,2547945.840926083
132.67876975069564,132.67876975069564,132,retrograde,direct,2548066.5379375396
173.45924271195383,533.4592427119538,533,direct,retrograde,2548341.337262789
163.47121616737977,163.47121616737977,163,retrograde,direct,2548463.5261189556
203.40425524326358,563.4042552432636,563,direct,retrograde,2548736.388687541
193.47277726417585,193.47277726417585,193,retrograde,direct,2548859.5935589727
233.43298767859338,593.4329876785933,593,direct,retrograde,2549132.1491009593
223.55121421524865,223.55121421524865,223,retrograde,direct,2549255.6796026286
264.4180706940688,624.4180706940688,624,direct,retrograde,2549529.4848243846
254.56837609959675,254.56837609959675,254,retrograde,direct,2549652.461853562
297.09170685383845,657.0917068538384,657,direct,retrograde,2549929.057027883
287.257593115053,287.257593115053,287,retrograde,direct,2550050.6778538497
331.817875193103,691.817875193103,691,direct,retrograde,2550330.901168745
321.96576696460284,321.96576696460284,321,retrograde,direct,2550450.704058839
8.232822296784345,368.2328222967843,368,direct,retrograde,2550734.122805994
358.3239434973897,358.3239434973897,358,retrograde,direct,2550852.337316814
45.14884353513476,405.14884353513474,405,direct,retrograde,2551136.945411969
35.15759098458596,35.15759098458596,35,retrograde,direct,2551254.4786599474
81.09624427146844,441.09624427146844,441,direct,retrograde,2551537.96966378
71.0410267590355,71.0410267590355,71,retrograde,direct,2551656.006617112
115.14174592096583,475.14174592096583,475,direct,retrograde,2551936.588558656
105.0742068143585,105.0742068143585,105,retrograde,direct,2552055.8847182207
147.20560226597345,507.2056022659734,507,direct,retrograde,2552333.18759011
137.16932595901173,137.16932595901173,137,retrograde,direct,2552454.099395913
177.80427142027554,537.8042714202755,537,direct,retrograde,2552728.5082875704
167.82378843022312,167.82378843022312,167,retrograde,direct,2552850.8537004385
207.73301614948565,567.7330161494856,567,direct,retrograde,2553123.698635279
197.80985311008192,197.80985311008192,197,retrograde,direct,2553246.9883751962
237.86754236266793,597.8675423626679,597,direct,retrograde,2553519.5989219397
227.991158236945,227.991158236945,227,retrograde,direct,2553643.0856753383
269.04943742619065,629.0494374261907,629,direct,retrograde,2553917.2307645
259.2052558784923,259.2052558784923,259,retrograde,direct,2554040.0856404547
301.96641632119815,661.9664163211982,661,direct,retrograde,2554317.0846711835
292.13062343144156,292.13062343144156,292,retrograde,direct,2554438.496827527
336.9012202417734,696.9012202417734,696,direct,retrograde,2554719.1565753855
327.04441937667684,327.04441937667684,327,retrograde,direct,2554838.7412589006
13.399244357572131,373.3992443575721,373,direct,retrograde,2555122.2953397455
3.479922770813019,3.479922770813019,3,retrograde,direct,2555240.400777784
50.2231695446206,410.2231695446206,410,direct,retrograde,2555524.962180212
40.221845962597165,40.221845962597165,40,retrograde,direct,2555642.5351545066
85.95074347106723,445.9507434710672,445,direct,retrograde,2555925.6879608547
75.89399227025177,75.89399227025177,75,retrograde,direct,2556043.7966843955
119.75694681330316,479.75694681330316,479,direct,retrograde,2556324.0402677692
109.69220394187782,109.69220394187782,109,retrograde,direct,2556443.5276161786
151.6330436182372,511.6330436182372,511,direct,retrograde,2556720.4458219074
141.6061835904227,141.6061835904227,141,retrograde,direct,2556841.5076574767
182.13419018640133,542.1341901864014,542,direct,retrograde,2557115.7688419726
172.16179212060442,172.16179212060442,172,retrograde,direct,2557238.2384713683
212.05915930102674,572.0591593010267,572,direct,retrograde,2557510.9246598687
202.14255454997434,202.14255454997434,202,retrograde,direct,2557634.2716528196
242.2826079287798,602.2826079287798,602,direct,retrograde,2557907.0696118306
232.4109550740101,232.4109550740101,232,retrograde,direct,2558030.535442969
273.64750146395045,633.6475014639504,633,direct,retrograde,2558304.909983244
263.80327645197207,263.80327645197207,263,retrograde,direct,2558427.5966696423
306.816397778111,666.816397778111,666,direct,retrograde,2558705.1238177083
296.97926001288437,296.97926001288437,296,retrograde,direct,2558826.2941237483
342.00343697206023,702.0034369720602,702,direct,retrograde,2559107.3329441845
332.1387550798441,332.1387550798441,332,retrograde,direct,2559226.71196
18.642631781568113,378.6426317815681,378,direct,retrograde,2559510.614080946
8.710573287768657,8.710573287768657,8,retrograde,direct,2559628.5851132423
55.41897148260259,415.4189714826026,415,direct,retrograde,2559913.0952682393
45.40842414828423,45.40842414828423,45,retrograde,direct,2560030.626241604
90.94354353987276,450.94354353987273,450,direct,retrograde,2560313.5014151717
80.88206233883258,80.88206233883258,80,retrograde,direct,2560431.7873618174
124.48128969852263,484.48128969852263,484,direct,retrograde,2560711.606935759
114.42141562759466,114.42141562759466,114,retrograde,direct,2560831.271651786
156.10892821926578,516.1089282192657,516,direct,retrograde,2561107.741725578
146.08776938050292,146.08776938050292,146,retrograde,direct,2561229.0436224304
186.427697969348,546.427697969348,546,direct,retrograde,2561502.902178865
176.46399199814314,176.46399199814314,176,retrograde,direct,2561625.574650135
216.27536212307984,576.2753621230798,576,direct,retrograde,2561898.1348863505
206.3646166252934,206.3646166252934,206,retrograde,direct,2562021.586114024
246.5481427389134,606.5481427389134,606,direct,retrograde,2562294.3258590745
236.68028101109846,236.68028101109846,236,retrograde,direct,2562417.7512198677
278.09681418688456,638.0968141868846,638,direct,retrograde,2562692.543228261
268.25499233063965,268.25499233063965,268,retrograde,direct,2562815.0533716492
311.5631893746844,671.5631893746844,671,direct,retrograde,2563092.9960900964
301.72470563345166,301.72470563345166,301,retrograde,direct,2563213.8917809315
347.07907765795784,707.0790776579579,707,direct,retrograde,2563495.6292984225
337.2083400398426,337.2083400398426,337,retrograde,direct,2563614.706304538
23.933885298991505,383.9338852989915,383,direct,retrograde,2563898.9667112045
13.992942373319828,13.992942373319828,13,retrograde,direct,2564016.6847005077
60.70166784363282,420.70166784363283,420,direct,retrograde,2564301.255943937
50.67973867607449,50.67973867607449,50,retrograde,direct,2564418.832980076
96.00894674119607,456.00894674119604,456,direct,retrograde,2564701.4325496973
85.94250856179937,85.94250856179937,85,retrograde,direct,2564819.8376175845
129.2465836069257,489.2465836069257,489,direct,retrograde,2565099.0982176047
119.18659812383825,119.18659812383825,119,retrograde,direct,2565219.034259241
