physical_degree,directional_degree_after,navigation_cell_after,lane_before,lane_after,jd_ut
146.03315199100777,506.0331519910078,506,direct,retrograde,2297256.3030292867
133.41275622936763,133.41275622936763,133,retrograde,direct,2297280.0150163043
254.79314086906558,614.7931408690656,614,direct,retrograde,2297369.3197193276
238.526915886695,238.526915886695,238,retrograde,direct,2297389.075263745
1.6599284627350754,361.6599284627351,361,direct,retrograde,2297478.432229435
348.8057592667084,348.8057592667084,348,retrograde,direct,2297501.5918114325
127.44716017325771,487.4471601732577,487,direct,retrograde,2297603.2740279566
116.20669209680527,116.20669209680527,116,retrograde,direct,2297627.3957271
238.96277365240255,598.9627736524026,598,direct,retrograde,2297717.984910776
222.82090328250644,222.82090328250644,222,retrograde,direct,2297737.941333998
344.6707840103413,704.6707840103413,704,direct,retrograde,2297826.4650974395
330.52735067113457,330.52735067113457,330,retrograde,direct,2297848.967297457
108.0973665614285,468.0973665614285,468,direct,retrograde,2297949.7759093624
98.23609774693543,98.23609774693543,98,retrograde,direct,2297973.999227493
223.06442109808538,583.0644210980854,583,direct,retrograde,2298066.47573076
207.1366046760101,207.1366046760101,207,retrograde,direct,2298086.8711687373
328.10609695485823,688.1060969548582,688,direct,retrograde,2298174.9374053935
313.0018671077299,313.0018671077299,313,retrograde,direct,2298196.686726517
88.18908516452211,448.1890851645221,448,direct,retrograde,2298295.7704119915
79.34443224386344,79.34443224386344,79,retrograde,direct,2298319.825559118
206.9941877541808,566.9941877541808,566,direct,retrograde,2298414.7663133303
191.40049133636057,191.40049133636057,191,retrograde,direct,2298435.7953598443
311.83764707770405,671.8376470777041,671,direct,retrograde,2298523.679399917
296.0994712713918,296.0994712713918,296,retrograde,direct,2298544.701243477
68.17607626569682,428.1760762656968,428,direct,retrograde,2298641.3698404767
59.605721292845054,59.605721292845054,59,retrograde,direct,2298665.2479943186
190.63166514422204,550.6316651442221,550,direct,retrograde,2298762.8325459976
175.5485074484202,175.5485074484202,175,retrograde,direct,2298784.6298153084
295.7636450004477,655.7636450004477,655,direct,retrograde,2298872.5532874446
279.66284750752135,279.66284750752135,279,retrograde,direct,2298892.962218809
48.58872304756702,408.58872304756704,408,direct,retrograde,2298986.9886412183
39.40853676513092,39.40853676513092,39,retrograde,direct,2299010.8343371814
173.8389845334933,533.8389845334933,533,direct,retrograde,2299110.6449633585
159.50024888615732,159.50024888615732,159,retrograde,direct,2299133.261988423
279.8333352765344,639.8333352765344,639,direct,retrograde,2299221.460942189
263.5674006548626,263.5674006548626,263,retrograde,direct,2299241.435306877
29.775336205571975,389.775336205572,389,direct,retrograde,2299333.1728071384
19.313540266916377,19.313540266916377,19,retrograde,direct,2299356.9209931754
156.45129057808285,516.4512905780829,516,direct,retrograde,2299458.167273825
143.12972244124038,143.12972244124038,143,retrograde,direct,2299481.546856676
263.98499117319085,623.9849911731908,623,direct,retrograde,2299570.323759336
247.68946997396006,247.68946997396006,247,retrograde,direct,2299590.087461668
11.777931661330376,371.7779316613304,371,direct,retrograde,2299680.151281316
359.7760180773311,359.7760180773311,359,retrograde,direct,2299703.5752509134
138.3411090598776,498.34110905987757,498,direct,retrograde,2299805.36893449
126.29116276271962,126.29116276271962,126,retrograde,direct,2299829.3064774796
248.1663288899304,608.1663288899304,608,direct,retrograde,2299919.081755231
231.93942672938775,231.93942672938775,231,retrograde,direct,2299938.8876487697
354.463082220593,714.4630822205929,714,direct,retrograde,2300027.845013582
341.02019095116253,341.02019095116253,341,retrograde,direct,2300050.7302796766
119.41446714373627,479.41446714373626,479,direct,retrograde,2300152.1685862644
108.77593075716904,108.77593075716904,108,retrograde,direct,2300176.3557208152
232.3148399186326,592.3148399186326,592,direct,retrograde,2300267.684864007
216.24656925778453,216.24656925778453,216,retrograde,direct,2300287.790699684
337.673799437801,697.673799437801,697,direct,retrograde,2300376.0836211853
323.081046931691,323.081046931691,323,retrograde,direct,2300398.2781904386
99.76491997271563,459.76491997271563,459,direct,retrograde,2300498.454936982
90.40307799191683,90.40307799191683,90,retrograde,direct,2300522.6114214184
216.3482995074934,576.3482995074934,576,direct,retrograde,2300616.0919332094
200.54448658014698,200.54448658014698,200,retrograde,direct,2300636.7332928684
321.246553937089,681.246553937089,681,direct,retrograde,2300724.6844993467
305.83932707417864,305.83932707417864,305,retrograde,direct,2300746.1280243443
79.73875986119087,439.7387598611909,439,direct,retrograde,2300844.2257584706
71.12145601327235,71.12145601327235,71,retrograde,direct,2300868.218069054
200.17471136483968,560.1747113648397,560,direct,retrograde,2300964.281534645
184.77722575122644,184.77722575122644,184,retrograde,direct,2300985.6353953965
305.0724231479203,665.0724231479203,665,direct,retrograde,2301073.4989585644
289.15127234166584,289.15127234166584,289,retrograde,direct,2301094.2428569337
59.849120870266006,419.849120870266,419,direct,retrograde,2301189.7727717822
51.123675834415025,51.123675834415025,51,retrograde,direct,2301213.6265784344
183.64775765640434,543.6477576564043,543,direct,retrograde,2301312.2372129057
168.85222385907906,168.85222385907906,168,retrograde,direct,2301334.3945960226
289.0715115836622,649.0715115836622,649,direct,retrograde,2301422.4040391296
272.87489945458464,272.87489945458464,272,retrograde,direct,2301442.5938127274
40.572772411289876,400.57277241128986,400,direct,retrograde,2301535.5971227214
30.904016174223667,30.904016174223667,30,retrograde,direct,2301559.395100829
166.61468568353837,526.6146856835384,526,direct,retrograde,2301659.9408960696
152.67245180666842,152.67245180666842,152,retrograde,direct,2301682.890329415
273.17645607212756,633.1764560721276,633,direct,retrograde,2301771.30403571
256.8800076378126,256.8800076378126,256,retrograde,direct,2301791.151731423
22.11164645202991,382.1116464520299,382,direct,retrograde,2301882.101253665
11.002281208187089,11.002281208187089,11,retrograde,direct,2301905.750257817
148.92602459045028,508.9260245904503,508,direct,retrograde,2302007.342589941
136.11629877215753,136.11629877215753,136,retrograde,direct,2302030.9720146973
257.347595819294,617.3475958192939,617,direct,retrograde,2302120.12575664
241.0721739374059,241.0721739374059,241,retrograde,direct,2302139.87801963
4.43169383758657,364.4316938375866,364,direct,retrograde,2302229.3962954013
351.791678461848,351.791678461848,351,retrograde,direct,2302252.635778656
130.46251319135902,490.462513191359,490,direct,retrograde,2302354.3700667825
119.01149899710468,119.01149899710468,119,retrograde,direct,2302378.460862723
241.5197569241736,601.5197569241736,601,direct,retrograde,2302468.8161473004
225.35487064717995,225.35487064717995,225,retrograde,direct,2302488.7282734457
347.36853142233747,707.3685314223375,707,direct,retrograde,2302577.3527583852
333.39592981114987,333.39592981114987,333,retrograde,direct,2302599.9535055226
111.2272840524394,471.2272840524394,471,direct,retrograde,2302700.9555787668
101.17238363672806,101.17238363672806,101,retrograde,direct,2302725.182507878
225.6336998023333,585.6336998023332,585,direct,retrograde,2302817.33796339
209.6651884274982,209.6651884274982,209,retrograde,direct,2302837.651450908
330.74623014240746,690.7462301424075,690,direct,retrograde,2302925.771371037
315.76323402376636,315.76323402376636,315,retrograde,direct,2302947.631416519
91.3741944383953,451.3741944383953,451,direct,retrograde,2303047.030400186
82.41485472044735,82.41485472044735,82,retrograde,direct,2303071.106217806
209.59645110799244,569.5964511079924,569,direct,retrograde,2303165.663728115
193.94212107102916,193.94212107102916,193,retrograde,direct,2303186.5835163416
314.4358480817672,674.4358480817672,674,direct,retrograde,2303274.4786278754
298.77488397581027,298.77488397581027,298,retrograde,direct,2303295.6080052704
71.33178337334874,431.33178337334874,431,direct,retrograde,2303392.6565401377
62.77748124003286,62.77748124003286,62,retrograde,direct,2303416.5625083894
193.28643049751278,553.2864304975128,553,direct,retrograde,2303513.761906949
178.11456291008625,178.11456291008625,178,retrograde,direct,2303535.4391145827
298.33733707660355,658.3373370766035,658,direct,retrograde,2303623.337126177
282.2778647883925,282.2778647883925,282,retrograde,direct,2303643.831469644
51.653876412532114,411.6538764125321,411,direct,retrograde,2303738.2351551214
42.61857633670736,42.61857633670736,42,retrograde,direct,2303762.089409629
176.57274821167795,536.5727482116779,536,direct,retrograde,2303861.607508285
162.10809804308812,162.10809804308812,162,retrograde,direct,2303884.110980385
282.3935946692965,642.3935946692965,642,direct,retrograde,2303972.246771504
266.1410973457843,266.1410973457843,266,retrograde,direct,2303992.2716185395
32.71550046392201,392.715500463922,392,direct,retrograde,2304084.319228096
22.47161873519953,22.47161873519953,22,retrograde,direct,2304108.0791979507
159.28840973572895,519.2884097357289,519,direct,retrograde,2304209.177134243
145.79713324234834,145.79713324234834,145,retrograde,direct,2304232.455343432
266.5423166369958,626.5423166369958,626,direct,retrograde,2304321.1247368874
250.2419997090734,250.2419997090734,250,retrograde,direct,2304340.8993256427
14.607739058909468,374.6077390589095,374,direct,retrograde,2304431.1780936746
2.8352520456309356,2.8352520456309356,2,retrograde,direct,2304454.6630513007
141.28826733065947,501.28826733065944,501,direct,retrograde,2304556.4383137636
129.0348558590892,129.0348558590892,129,retrograde,direct,2304580.3009834327
250.72285093887103,610.722850938871,610,direct,retrograde,2304669.903833665
234.47872443293264,234.47872443293264,234,retrograde,direct,2304689.684254312
357.20680696889883,717.2068069688988,717,direct,retrograde,2304778.7731778715
343.9636482298779,343.9636482298779,343,retrograde,direct,2304801.7592183966
122.47854603542356,482.47854603542356,482,direct,retrograde,2304903.303289502
111.6317908979274,111.6317908979274,111,retrograde,direct,2304927.4683353314
234.8848484710485,594.8848484710485,594,direct,retrograde,2305018.52945129
218.7886348592783,218.7886348592783,218,retrograde,direct,2305038.578035593
340.35113474556806,700.3511347455681,700,direct,retrograde,2305126.9414816573
325.9090388968473,325.9090388968473,325,retrograde,direct,2305149.2483415436
102.92562659336245,462.92562659336244,462,direct,retrograde,2305249.6607848527
93.39993098161493,93.39993098161493,93,retrograde,direct,2305273.8468200844
218.94520459978924,578.9452045997892,578,direct,retrograde,2305366.9644178115
203.0963826220474,203.0963826220474,203,retrograde,direct,2305387.518191645
323.8801448215784,683.8801448215784,683,direct,retrograde,2305475.5011826064
308.57285969976857,308.57285969976857,308,retrograde,direct,2305497.051033931
82.94123831481708,442.9412383148171,442,direct,retrograde,2305595.505646797
74.26121713634157,74.26121713634157,74,retrograde,direct,2305619.5232727155
202.80872378503094,562.8087237850309,562,direct,retrograde,2305715.1865506275
187.3403258860897,187.3403258860897,187,retrograde,direct,2305736.427155871
307.6736411782752,667.6736411782751,667,direct,retrograde,2305824.2921687877
291.8100447389573,291.8100447389573,291,retrograde,direct,2305845.127644958
62.995445496575556,422.99544549657554,422,direct,retrograde,2305941.0630035186
54.34224673382607,54.34224673382607,54,retrograde,direct,2305964.917419823
186.34296716894403,546.342967168944,546,direct,retrograde,2306063.18451772
171.44181429364693,171.44181429364693,171,retrograde,direct,2306085.2129956456
291.65360298123807,651.653602981238,651,direct,retrograde,2306173.1894465946
275.4855650424743,275.4855650424743,275,retrograde,direct,2306193.4502628446
43.59692547605633,403.5969254760563,403,direct,retrograde,2306286.8023835467
34.111108539256776,34.111108539256776,34,retrograde,direct,2306310.618219114
169.39533304454957,529.3953330445496,529,direct,retrograde,2306410.9278361704
155.30806271849966,155.30806271849966,155,retrograde,direct,2306433.759033027
275.7475767354572,635.7475767354572,635,direct,retrograde,2306522.0937368143
259.45957142948305,259.45957142948305,259,retrograde,direct,2306541.981659063
25.014343451104445,385.0143434511044,385,direct,retrograde,2306633.189829357
14.1356118779542,14.1356118779542,14,retrograde,direct,2306656.883282885
151.82187316999773,511.82187316999773,511,direct,retrograde,2306758.3741527097
138.8275139179449,138.8275139179449,138,retrograde,direct,2306781.9208317557
259.91269671838506,619.9126967183851,619,direct,retrograde,2306870.930810852
243.6294420516378,243.6294420516378,243,retrograde,direct,2306890.684384973
7.232127143545322,367.2321271435453,367,direct,retrograde,2306980.379152796
354.81187793979865,354.81187793979865,354,retrograde,direct,2307003.687737628
133.4829353860744,493.48293538607436,493,direct,retrograde,2307105.461233221
121.82120570971135,121.82120570971135,121,retrograde,direct,2307129.509542008
244.09031938629857,604.0903193862986,604,direct,retrograde,2307219.646426644
227.9022345847649,227.9022345847649,227,retrograde,direct,2307239.5172748547
350.09087696965577,710.0908769696557,710,direct,retrograde,2307328.2518576756
336.296733568285,336.296733568285,336,retrograde,direct,2307350.951274303
114.34636075974845,474.34636075974845,474,direct,retrograde,2307452.1226172233
104.09174956628375,104.09174956628375,104,retrograde,direct,2307476.3429208584
228.21471342236137,588.2147134223613,588,direct,retrograde,2307568.1974976417
212.20784862687532,212.20784862687532,212,retrograde,direct,2307588.4322133446
333.4033924441117,693.4033924441117,693,direct,retrograde,2307676.609066233
318.54938077393854,318.54938077393854,318,retrograde,direct,2307698.58392689
94.5534614061225,454.5534614061225,454,direct,retrograde,2307798.2742514443
85.46540478781475,85.46540478781475,85,retrograde,direct,2307822.375332013
212.20497385325726,572.2049738532572,572,direct,retrograde,2307916.553464802
196.49420484007834,196.49420484007834,196,retrograde,direct,2307937.369599416
317.0477032949164,677.0477032949163,677,direct,retrograde,2308025.278181861
301.46997140187426,301.46997140187426,301,retrograde,direct,2308046.5187684726
74.50487738347614,434.5048773834761,434,direct,retrograde,2308143.941260525
65.94755949738459,65.94755949738459,65,retrograde,direct,2308167.876657607
195.93972080308973,555.9397208030897,555,direct,retrograde,2308264.681144581
180.68530440905613,180.68530440905613,180,retrograde,direct,2308286.2436961606
300.92542303382857,660.9254230338286,660,direct,retrograde,2308374.123307259
284.90999774259257,284.90999774259257,284,retrograde,direct,2308394.70442734
54.75005497568173,414.75005497568173,414,direct,retrograde,2308489.497339582
45.841263878260534,45.841263878260534,45,retrograde,direct,2308513.354104867
179.2928964774831,539.292896477483,539,direct,retrograde,2308612.563372747
164.7078415430072,164.7078415430072,164,retrograde,direct,2308634.9507918227
284.96071783589633,644.9607178358963,644,direct,retrograde,2308723.0345073733
268.72428840879473,268.72428840879473,268,retrograde,direct,2308743.111533788
35.68392419480932,395.6839241948093,395,direct,retrograde,2308835.4855216583
25.64939946222445,25.64939946222445,25,retrograde,direct,2308859.2572887223
162.10417848527516,522.1041784852752,522,direct,retrograde,2308960.183794358
148.44932188103238,148.44932188103238,148,retrograde,direct,2308983.351385276
269.0976641269651,629.0976641269651,629,direct,retrograde,2309071.9246224053
252.79480073479897,252.79480073479897,252,retrograde,direct,2309091.7171114516
17.450487653804473,377.4504876538045,377,direct,retrograde,2309182.22022725
5.908317729058452,5.908317729058452,5,retrograde,direct,2309205.7655186597
144.2138279206701,504.2138279206701,504,direct,retrograde,2309307.498814638
131.76174792540985,131.76174792540985,131,retrograde,direct,2309331.2820715746
253.2734237166125,613.2734237166126,613,direct,retrograde,2309420.7194156554
237.01593179612595,237.01593179612595,237,retrograde,direct,2309440.483569324
359.9530321839687,719.9530321839686,719,direct,retrograde,2309529.7112523047
346.91609869519056,346.91609869519056,346,retrograde,direct,2309552.7932933616
125.52854930339119,485.5285493033912,485,direct,retrograde,2309654.425715409
114.47034153131644,114.47034153131644,114,retrograde,direct,2309678.5673327874
237.44315661282178,597.4431566128218,597,direct,retrograde,2309769.367012281
221.32103071848587,221.32103071848587,221,retrograde,direct,2309789.3649416817
343.0260728942902,703.0260728942902,703,direct,retrograde,2309877.8071636576
328.74214316450184,328.74214316450184,328,retrograde,direct,2309900.220317616
106.0785708003859,466.07857080038593,466,direct,retrograde,2310000.8562579723
96.37604301131846,96.37604301131846,96,retrograde,direct,2310025.066113554
221.52564879002188,581.5256487900219,581,direct,retrograde,2310117.831101558
205.6336849974759,205.6336849974759,205,retrograde,direct,2310138.29933576
326.5105670219816,686.5105670219816,686,direct,retrograde,2310226.3228362985
311.309713462881,311.309713462881,311,retrograde,direct,2310247.978697909
86.12703835032332,446.12703835032335,446,direct,retrograde,2310346.777224524
77.36477752902447,77.36477752902447,77,retrograde,direct,2310370.8178852918
205.42403056947643,565.4240305694764,565,direct,retrograde,2310466.09022116
189.887317203427,189.887317203427,189,retrograde,direct,2310487.2160338433
310.2708681516743,670.2708681516742,670,direct,retrograde,2310575.0883215275
294.47131601153245,294.47131601153245,294,retrograde,direct,2310596.021469321
66.13387670590156,426.13387670590157,426,direct,retrograde,2310692.35457931
57.53393401854943,57.53393401854943,57,retrograde,direct,2310716.218862339
189.02027096179793,549.0202709617979,549,direct,retrograde,2310814.128124836
174.01893824523225,174.01893824523225,174,retrograde,direct,2310836.02929647
294.2280596100107,654.2280596100106,654,direct,retrograde,2310923.976347235
278.0934636672855,278.0934636672855,278,retrograde,direct,2310944.3154485673
46.63034864346147,406.63034864346145,406,direct,retrograde,2311038.0238449993
37.31605221782469,37.31605221782469,37,retrograde,direct,2311061.8550263485
172.15691369672638,532.1569136967264,532,direct,retrograde,2311161.908400111
157.9319545059963,157.9319545059963,157,retrograde,direct,2311184.6241932213
278.3092442304177,638.3092442304177,638,direct,retrograde,2311272.882444162
262.03173701632426,262.03173701632426,262,retrograde,direct,2311292.815491231
27.93558574086466,387.93558574086467,387,direct,retrograde,2311384.301349449
17.28460320022295,17.28460320022295,17,retrograde,direct,2311408.02730567
154.68902061602736,514.6890206160274,514,direct,retrograde,2311509.3954363065
141.51578465059546,141.51578465059546,141,retrograde,direct,2311532.8552561635
262.4658879972903,622.4658879972903,622,direct,retrograde,2311621.733757737
246.175601167284,246.175601167284,246,retrograde,direct,2311641.490990172
10.041771972739742,370.04177197273975,370,direct,retrograde,2311731.379076951
357.8456620406928,357.8456620406928,357,retrograde,direct,2311754.7509423
136.47007088980618,496.47007088980615,496,direct,retrograde,2311856.5412275456
124.59929214317566,124.59929214317566,124,retrograde,direct,2311880.535025508
246.6510069635023,606.6510069635024,606,direct,retrograde,2311970.471704158
230.4409815723722,230.4409815723722,230,retrograde,direct,2311990.305255294
352.80843418187175,712.8084341818717,712,direct,retrograde,2312079.157923313
339.2000143346701,339.2000143346701,339,retrograde,direct,2312101.9561499767
117.44591857222409,477.44591857222406,477,direct,retrograde,2312203.2791741146
106.98688497344709,106.98688497344709,106,retrograde,direct,2312227.484302368
230.79125719686454,590.7912571968645,590,direct,retrograde,2312319.051612038
214.75010773983794,214.75010773983794,214,retrograde,direct,2312339.2141162427
336.0604778342307,696.0604778342307,696,direct,retrograde,2312427.449862117
321.34368331383394,321.34368331383394,321,retrograde,direct,2312449.542926308
97.7390022723516,457.7390022723516,457,direct,retrograde,2312549.509687268
88.5085771468997,88.5085771468997,88,retrograde,direct,2312573.637561473
214.81140411883732,574.8114041188373,574,direct,retrograde,2312667.4359024717
199.0488783848662,199.0488783848662,199,retrograde,direct,2312688.155274771
319.66919141521936,679.6691914152193,679,direct,retrograde,2312776.0828630496
304.1805651316252,304.1805651316252,304,retrograde,direct,2312797.4335852414
77.69700780710653,437.6970078071065,437,direct,retrograde,2312895.22588923
69.11675072705646,69.11675072705646,69,retrograde,direct,2312919.191576316
198.59452747814873,558.5945274781487,558,direct,retrograde,2313015.596289958
183.26167869969981,183.26167869969981,183,retrograde,direct,2313037.046870211
303.529220445158,663.529220445158,663,direct,retrograde,2313124.913985485
287.5624634055867,287.5624634055867,287,retrograde,direct,2313145.581478039
57.86264314247519,417.8626431424752,417,direct,retrograde,2313240.7694467455
49.06092498805104,49.06092498805104,49,retrograde,direct,2313264.6257924912
182.0139616539584,542.0139616539584,542,direct,retrograde,2313363.518090274
167.3137805076299,167.3137805076299,167,retrograde,direct,2313385.7835570276
287.5449390076748,647.5449390076749,647,direct,retrograde,2313473.8238496184
271.3280485200863,271.3280485200863,271,retrograde,direct,2313493.9582626773
38.675427862662936,398.67542786266296,398,direct,retrograde,2313586.6662348825
28.841124874303926,28.841124874303926,28,retrograde,direct,2313610.4523612466
164.9168730969551,524.9168730969551,524,direct,retrograde,2313711.1861577826
151.105424356125,151.105424356125,151,retrograde,direct,2313734.2370029977
271.6671484593533,631.6671484593533,631,direct,retrograde,2313822.720608131
255.3649047451144,255.3649047451144,255,retrograde,direct,2313842.5396476965
20.31862054389425,380.31862054389427,380,direct,retrograde,2313933.2756417375
9.008667848260291,9.008667848260291,9,retrograde,direct,2313956.8779274477
147.13275077777024,507.13275077777024,507,direct,retrograde,2314058.5492025157
134.48657053864616,134.48657053864616,134,retrograde,direct,2314082.249270959
255.83637798347053,615.8363779834706,615,direct,retrograde,2314171.529383906
239.56777191561073,239.56777191561073,239,retrograde,direct,2314191.2853242774
2.7284705029112275,362.72847050291125,362,direct,retrograde,2314280.6623763433
349.9046158941631,349.9046158941631,349,retrograde,direct,2314303.831805547
128.5682165558787,488.56821655587873,488,direct,retrograde,2314405.5288504846
117.29754984811112,117.29754984811112,117,retrograde,direct,2314429.646240048
240.00728701833228,600.0072870183322,600,direct,retrograde,2314520.199310382
223.86130624207811,223.86130624207811,223,retrograde,direct,2314540.1505102385
345.727176696436,705.727176696436,705,direct,retrograde,2314628.685505163
331.6080701802406,331.6080701802406,331,retrograde,direct,2314651.2003176333
109.22404907239837,469.2240490723984,469,direct,retrograde,2314752.0387776718
99.33447369873612,99.33447369873612,99,retrograde,direct,2314776.2649536813
224.10952387416722,584.1095238741673,584,direct,retrograde,2314868.695447379
208.1762917219697,208.1762917219697,208,retrograde,direct,2314889.0792574417
329.15545930482233,689.1554593048223,689,direct,retrograde,2314977.151384469
314.06740377177124,314.06740377177124,314,retrograde,direct,2314998.915420507
89.31673824225219,449.3167382422522,449,direct,retrograde,2315098.0445066327
80.45520826691617,80.45520826691617,80,retrograde,direct,2315122.104191659
208.04116136756156,568.0411613675616,568,direct,retrograde,2315216.992492403
192.43947758517524,192.43947758517524,192,retrograde,direct,2315238.004781491
312.8760331231767,672.8760331231767,672,direct,retrograde,2315325.887858866
297.1472800566874,297.1472800566874,297,retrograde,direct,2315346.9253834113
69.29346622635408,429.2934662263541,429,direct,retrograde,2315443.6490397593
60.72815599691233,60.72815599691233,60,retrograde,direct,2315467.5292120622
191.69103912999873,551.6910391299987,551,direct,retrograde,2315565.0633775974
176.59521501512467,176.59521501512467,176,retrograde,direct,2315586.842680175
296.8026540058551,656.8026540058552,656,direct,retrograde,2315674.760875793
280.706038447369,280.706038447369,280,retrograde,direct,2315695.1824751785
49.690202581224156,409.6902025812242,409,direct,retrograde,2315789.259856591
40.5333862712212,40.5333862712212,40,retrograde,direct,2315813.10481207
174.904189705072,534.904189705072,534,direct,retrograde,2315912.8784761745
160.54713807131898,160.54713807131898,160,retrograde,direct,2315935.4805222144
280.86939824772645,640.8693982477264,640,direct,retrograde,2316023.669036883
264.60482525144687,264.60482525144687,264,retrograde,direct,2316043.6500154166
30.86917161977282,390.8691716197728,390,direct,retrograde,2316135.431590356
20.439800429908598,20.439800429908598,20,retrograde,direct,2316159.1805514134
157.5310701173625,517.5310701173626,517,direct,retrograde,2316260.4068782153
144.18504087716374,144.18504087716374,144,retrograde,direct,2316283.7730883453
265.0177991047696,625.0177991047697,625,direct,retrograde,2316372.533589122
248.7209461904612,248.7209461904612,248,retrograde,direct,2316392.298367232
12.854001242738695,372.8540012427387,372,direct,retrograde,2316482.393338158
0.8848110773044573,0.8848110773044573,0,retrograde,direct,2316505.826299524
139.43137815719425,499.4313781571942,499,direct,retrograde,2316607.617110025
127.35421877472392,127.35421877472392,127,retrograde,direct,2316631.5437115123
249.20567122386498,609.205671223865,609,direct,retrograde,2316721.2948518246
232.97534193523313,232.97534193523313,232,retrograde,direct,2316741.0971116554
355.5247817438945,715.5247817438944,715,direct,retrograde,2316830.07287501
342.1099041246998,342.1099041246998,342,retrograde,direct,2316852.9714143407
120.5250047336448,480.5250047336448,480,direct,retrograde,2316954.427660086
109.85743361195588,109.85743361195588,109,retrograde,direct,2316978.6107994122
233.35670131337685,593.3567013133768,593,direct,retrograde,2317069.901864728
217.28411036893758,217.28411036893758,217,retrograde,direct,2317089.999479157
338.72131423237204,698.721314232372,698,direct,retrograde,2317178.2995447926
324.150241018708,324.150241018708,324,retrograde,direct,2317200.509419773
100.90585980783867,460.9058598078387,460,direct,retrograde,2317300.7275788486
91.52070523320862,91.52070523320862,91,retrograde,direct,2317324.8886552285
217.3961714169669,577.3961714169669,577,direct,retrograde,2317418.3125619087
201.5861146538369,201.5861146538369,201,retrograde,direct,2317438.941629245
322.29163191167856,682.2916319116786,682,direct,retrograde,2317526.894896942
306.89751369334294,306.89751369334294,306,retrograde,direct,2317548.3528496195
80.88067105943865,440.88067105943867,440,direct,retrograde,2317646.5064436533
72.25599533956245,72.25599533956245,72,retrograde,direct,2317670.5029169703
201.22722051131407,561.227220511314,561,direct,retrograde,2317766.5072680237
185.82070903122636,185.82070903122636,185,retrograde,direct,2317787.844986528
306.1212332816141,666.1212332816141,666,direct,retrograde,2317875.7069250885
290.2073403845151,290.2073403845151,290,retrograde,direct,2317896.46260879
60.976271010383684,420.9762710103837,420,direct,retrograde,2317992.0512530915
52.26249695277757,52.26249695277757,52,retrograde,direct,2318015.905046962
184.71389020983625,544.7138902098362,544,direct,retrograde,2318114.469189819
169.90386515063773,169.90386515063773,169,retrograde,direct,2318136.6078123376
290.1153967006315,650.1153967006314,650,direct,retrograde,2318224.610820544
273.92167299007235,273.92167299007235,273,retrograde,direct,2318244.8098082067
41.67519395610609,401.6751939561061,401,direct,retrograde,2318337.860922736
32.033597881942185,32.033597881942185,32,retrograde,direct,2318361.6598965824
167.70650157853754,527.7065015785375,527,direct,retrograde,2318462.1804958135
153.7441346539653,153.7441346539653,153,retrograde,direct,2318485.1128694713
274.22436714673415,634.2243671467342,634,direct,retrograde,2318573.5116727985
257.9279432092411,257.9279432092411,257,retrograde,direct,2318593.3656700626
23.201262308479368,383.2012623084794,383,direct,retrograde,2318684.3486782247
12.125145447802131,12.125145447802131,12,retrograde,direct,2318708.002620886
150.03325093752565,510.0332509375256,510,direct,retrograde,2318809.5876832595
137.19725755643876,137.19725755643876,137,retrograde,direct,2318833.2049912354
258.39800213764835,618.3980021376483,618,direct,retrograde,2318922.336650525
242.12111091185818,242.12111091185818,242,retrograde,direct,2318942.089920208
5.516598120086934,365.51659812008694,365,direct,retrograde,2319031.631527353
352.9093319931913,352.9093319931913,352,retrograde,direct,2319054.8796574185
131.58634972415996,491.58634972415996,491,direct,retrograde,2319156.621265563
120.1047490574545,120.1047490574545,120,retrograde,direct,2319180.7078476427
242.57656926907669,602.5765692690767,602,direct,retrograde,2319271.031318783
226.407994302091,226.407994302091,226,retrograde,direct,2319290.9379130527
348.439105098031,708.439105098031,708,direct,retrograde,2319379.5759948436
334.4912797558238,334.4912797558238,334,retrograde,direct,2319402.1895159828
112.35526873223374,472.35526873223375,472,direct,retrograde,2319503.216186786
102.2727680413097,102.2727680413097,102,retrograde,direct,2319527.4427536717
226.6970806045478,586.6970806045479,586,direct,retrograde,2319619.5585535076
210.7232621919203,210.7232621919203,210,retrograde,direct,2319639.8598129516
331.8097826586802,691.8097826586802,691,direct,retrograde,2319727.9852365414
316.8436654258939,316.8436654258939,316,retrograde,direct,2319749.8618499683
92.5100587271587,452.5100587271587,452,direct,retrograde,2319849.30347428
83.53404262973615,83.53404262973615,83,retrograde,direct,2319873.380991416
210.6591770874245,570.6591770874245,570,direct,retrograde,2319967.8872171585
194.99657205647128,194.99657205647128,194,retrograde,direct,2319988.7912993273
315.4937814900505,675.4937814900504,675,direct,retrograde,2320076.68771418
299.84360774457144,299.84360774457144,299,retrograde,direct,2320097.8332717586
72.47629772208184,432.4762977220818,432,direct,retrograde,2320194.937746946
63.92458819256711,63.92458819256711,63,retrograde,direct,2320218.846057296
194.35404519963222,554.3540451996322,554,direct,retrograde,2320315.9886622652
179.17025667296286,179.17025667296286,179,retrograde,direct,2320337.6503726523
299.39065858978927,659.3906585897893,659,direct,retrograde,2320425.5440490674
283.33627761631055,283.33627761631055,283,retrograde,direct,2320446.050341174
52.78363569021282,412.7836356902128,412,direct,retrograde,2320540.510070415
43.76746621446958,43.76746621446958,43,retrograde,direct,2320564.365721332
177.64386811736858,537.6438681173686,537,direct,retrograde,2320663.8391776215
163.1626480160979,163.1626480160979,163,retrograde,direct,2320686.326733442
283.44223767127323,643.4422376712732,643,direct,retrograde,2320774.454441048
267.1912044916815,267.1912044916815,267,retrograde,direct,2320794.485922885
33.82802296395883,393.8280229639588,393,direct,retrograde,2320886.5817258125
23.613762907647672,23.613762907647672,23,retrograde,direct,2320910.344440479
160.3710107791646,520.3710107791646,520,direct,retrograde,2321011.415878405
146.85762231923775,146.85762231923775,146,retrograde,direct,2321034.6790287383
267.58352874791325,627.5835287479133,627,direct,retrograde,2321123.333295484
251.28127444211103,251.28127444211103,251,retrograde,direct,2321143.1105350377
15.68783586956045,375.68783586956044,375,direct,retrograde,2321233.4212704543
3.94841456732517,3.94841456732517,3,retrograde,direct,2321256.91276568
142.39421692180662,502.3942169218066,502,direct,retrograde,2321358.688386105
130.1124766907019,130.1124766907019,130,retrograde,direct,2321382.539484444
251.76683695554902,611.766836955549,611,direct,retrograde,2321472.1160943517
235.51981965560233,235.51981965560233,235,retrograde,direct,2321491.8947805846
358.2662289539527,718.2662289539527,718,direct,retrograde,2321580.999636963
345.05256512569855,345.05256512569855,345,retrograde,direct,2321603.9986967044
123.60409960678999,483.60409960679,483,direct,retrograde,2321705.5631000875
112.72570312022289,112.72570312022289,112,retrograde,direct,2321729.725223518
235.9248823650552,595.9248823650552,595,direct,retrograde,2321820.7452288307
219.8248018060766,219.8248018060766,219,retrograde,direct,2321840.7864046805
341.403134385897,701.4031343858969,701,direct,retrograde,2321929.158694651
326.9833331928982,326.9833331928982,326,retrograde,direct,2321951.4801380998
104.06226192829352,464.06226192829354,464,direct,retrograde,2322051.9287581313
94.51064668185722,94.51064668185722,94,retrograde,direct,2322076.1211410407
219.98557433329768,579.9855743332977,579,direct,retrograde,2322169.1841935227
204.13078165903627,204.13078165903627,204,retrograde,direct,2322189.7260736916
324.9232971186361,684.9232971186361,684,direct,retrograde,2322277.712141213
309.629741991477,309.629741991477,309,retrograde,direct,2322299.2758367704
84.06287153387746,444.06287153387746,444,direct,retrograde,2322397.780735763
75.37320622837352,75.37320622837352,75,retrograde,direct,2322421.8014897835
203.85957513607983,563.8595751360798,563,direct,retrograde,2322517.4129852206
188.38150902261086,188.38150902261086,188,retrograde,direct,2322538.637118323
308.7135144259045,668.7135144259046,668,direct,retrograde,2322626.500915748
292.8577211432084,292.8577211432084,292,retrograde,direct,2322647.3499446213
64.10477605967215,424.10477605967213,424,direct,retrograde,2322743.3405956374
55.46057963702556,55.46057963702556,55,retrograde,direct,2322767.1939993557
187.4032052004529,547.4032052004529,547,direct,retrograde,2322865.4162584543
172.4880637145157,172.4880637145157,172,retrograde,direct,2322887.4268366555
292.68559065041666,652.6855906504167,652,direct,retrograde,2322975.3969065836
276.5208741931658,276.5208741931658,276,retrograde,direct,2322995.6687690597
44.70011951638225,404.70011951638224,404,direct,retrograde,2323089.0720801577
35.24085155777412,35.24085155777412,35,retrograde,direct,2323112.888155643
170.47084015980263,530.4708401598026,530,direct,retrograde,2323213.166002797
156.36360887792236,156.36360887792236,156,retrograde,direct,2323235.9803985534
276.78026343198246,636.7802634319825,636,direct,retrograde,2323324.3015665608
260.49270406397153,260.49270406397153,260,retrograde,direct,2323344.196690824
26.10091402600002,386.100914026,386,direct,retrograde,2323435.443354057
15.256213877205447,15.256213877205447,15,retrograde,direct,2323459.1411385452
152.90277739124184,512.9027773912419,512,direct,retrograde,2323560.615028846
139.883678073218,139.883678073218,139,retrograde,direct,2323584.1498460528
260.95108214900597,620.951082149006,620,direct,retrograde,2323673.141410988
244.66619443863775,244.66619443863775,244,retrograde,direct,2323692.8957514456
8.302802288173215,368.3028022881732,368,direct,retrograde,2323782.6167969666
355.9146660320482,355.9146660320482,355,retrograde,direct,2323805.9334788537
134.5793948992595,494.5793948992595,494,direct,retrograde,2323907.7090799194
122.88856129304338,122.88856129304338,122,retrograde,direct,2323931.7511348613
245.13139664807107,605.1313966480711,605,direct,retrograde,2324021.8597097564
228.94004595399258,228.94004595399258,228,retrograde,direct,2324041.72489334
351.14207753097344,711.1420775309734,711,direct,retrograde,2324130.473541923
337.37299780147043,337.37299780147043,337,retrograde,direct,2324153.1860602973
115.46939361269003,475.46939361269006,475,direct,retrograde,2324254.3861599592
105.1869077988734,105.1869077988734,105,retrograde,direct,2324278.6027544877
229.2644298921986,589.2644298921986,589,direct,retrograde,2324370.416358916
213.2522163151144,213.2522163151144,213,retrograde,direct,2324390.639840872
334.4536710511883,694.4536710511883,694,direct,retrograde,2324478.8224349758
319.61796268016803,319.61796268016803,319,retrograde,direct,2324500.814519071
95.69140993659387,455.69140993659386,455,direct,retrograde,2324600.548981335
86.58507677926826,86.58507677926826,86,retrograde,direct,2324624.651743043
213.25606435334888,573.2560643533488,573,direct,retrograde,2324718.775025988
197.53833525677064,197.53833525677064,197,retrograde,direct,2324739.5774486903
318.10239796267433,678.1023979626743,678,direct,retrograde,2324827.4879782917
302.5371223383412,302.5371223383412,302,retrograde,direct,2324848.74335404
75.64650366838785,435.6465036683878,435,direct,retrograde,2324946.219731059
67.08674363573454,67.08674363573454,67,retrograde,direct,2324970.161703361
197.00079050553146,557.0007905055314,557,direct,retrograde,2325066.90787612
181.7354996818907,181.7354996818907,181,retrograde,direct,2325088.4549878165
301.9768141740866,661.9768141740866,661,direct,retrograde,2325176.330890189
285.96797930277575,285.96797930277575,285,retrograde,direct,2325196.9233109374
55.874663002135044,415.87466300213504,415,direct,retrograde,2325291.772100378
46.980908028249125,46.980908028249125,46,retrograde,direct,2325315.630267909
180.37003395059003,540.37003395059,540,direct,retrograde,2325414.7969682263
165.77029945209867,165.77029945209867,165,retrograde,direct,2325437.1667528152
286.01557159774114,646.0155715977412,646,direct,retrograde,2325525.242882697
269.78058593941614,269.78058593941614,269,retrograde,direct,2325545.3281520633
36.793161162051064,396.7931611620511,396,direct,retrograde,2325637.748990791
26.787710709295975,26.787710709295975,26,retrograde,direct,2325661.5208921516
163.19575568990635,523.1957556899064,523,direct,retrograde,2325762.4243097976
149.51942725823017,149.51942725823017,149,retrograde,direct,2325785.5749236187
270.1486064078638,630.1486064078638,630,direct,retrograde,2325874.133311307
253.84444707543838,253.84444707543838,253,retrograde,direct,2325893.929752997
18.542650525183166,378.54265052518315,378,direct,retrograde,2325984.4647882534
7.036049414091824,7.036049414091824,7,retrograde,direct,2326008.016126655
145.3293611686305,505.3293611686305,505,direct,retrograde,2326109.74675925
132.84799040483068,132.84799040483068,132,retrograde,direct,2326133.518273619
254.32514895004252,614.3251489500425,614,direct,retrograde,2326222.9311616207
238.06514708214917,238.06514708214917,238,retrograde,direct,2326242.693783515
1.031530397289195,361.0315303972892,361,direct,retrograde,2326331.94022079
348.02573616154876,348.02573616154876,348,retrograde,direct,2326355.034168073
126.65426951702382,486.6542695170238,486,direct,retrograde,2326456.6774721583
115.56526018186281,115.56526018186281,115,retrograde,direct,2326480.8183168303
238.49477736984494,598.494777369845,598,direct,retrograde,2326571.5812206417
222.36952439513252,222.36952439513252,222,retrograde,direct,2326591.5724711465
344.09765344098776,704.0976534409878,704,direct,retrograde,2326680.0268442184
329.8361986297755,329.8361986297755,329,retrograde,direct,2326702.453754876
107.21316889346451,467.2131688934645,467,direct,retrograde,2326803.1190520525
97.4850810634494,97.4850810634494,97,retrograde,direct,2326827.332808815
222.57988476417938,582.5798847641794,582,direct,retrograde,2326920.049889582
206.6820876307139,206.6820876307139,206,retrograde,direct,2326940.506651234
327.5665563353545,687.5665563353546,687,direct,retrograde,2327028.535110957
312.38004454289313,312.38004454289313,312,retrograde,direct,2327050.2055154108
87.26823609576965,447.2682360957697,447,direct,retrograde,2327149.055336385
78.49435782935646,78.49435782935646,78,retrograde,direct,2327173.0953168804
206.4918448204722,566.4918448204722,566,direct,retrograde,2327268.315860032
190.94546581935742,190.94546581935742,190,retrograde,direct,2327289.4258727785
311.31993043497806,671.319930434978,671,direct,retrograde,2327377.2973264493
295.5284577058012,295.5284577058012,295,retrograde,direct,2327398.244974983
67.26878560049674,427.26878560049676,427,direct,retrograde,2327494.635464495
58.675481345072,58.675481345072,58,retrograde,direct,2327518.4997173343
190.09005820528344,550.0900582052834,550,direct,retrograde,2327616.3585108845
175.0753068967333,175.0753068967333,175,retrograde,direct,2327638.242432923
295.27279030768057,655.2727903076806,655,direct,retrograde,2327726.1826783046
279.1426830757807,279.1426830757807,279,retrograde,direct,2327746.5337709924
47.75246524237168,407.75246524237167,407,direct,retrograde,2327840.2961257156
38.46204319602082,38.46204319602082,38,retrograde,direct,2327864.13045125
173.23245132636586,533.2324513263659,533,direct,retrograde,2327964.1429038467
158.98881715649182,158.98881715649182,158,retrograde,direct,2327986.8424230656
279.3525335072215,639.3525335072216,639,direct,retrograde,2328075.0893339263
263.0759522243735,263.0759522243735,263,retrograde,direct,2328095.0298250467
29.025297420006684,389.02529742000667,389,direct,retrograde,2328186.5556049813
18.405926484754758,18.405926484754758,18,retrograde,direct,2328210.284930529
155.77364655756267,515.7736465575626,515,direct,retrograde,2328311.6356821517
142.57692056664754,142.57692056664754,142,retrograde,direct,2328335.0826651575
263.5136298735181,623.5136298735181,623,direct,retrograde,2328423.943487349
247.22142790468558,247.22142790468558,247,retrograde,direct,2328443.7017299514
11.109487757274595,371.1094877572746,371,direct,retrograde,2328533.6157579366
358.9444532715952,358.9444532715952,358,retrograde,direct,2328556.9956725407
137.57103353724224,497.5710335372422,497,direct,retrograde,2328658.7920028204
125.67108853180045,125.67108853180045,125,retrograde,direct,2328682.775964115
247.69221140227012,607.6922114022701,607,direct,retrograde,2328772.685406425
231.47831283860285,231.47831283860285,231,retrograde,direct,2328792.513809518
353.865364304883,713.865364304883,713,direct,retrograde,2328881.3814179217
340.2843870280821,340.2843870280821,340,retrograde,direct,2328904.193665225
118.56948121525507,478.56948121525505,478,direct,retrograde,2329005.541459636
108.08059454308133,108.08059454308133,108,retrograde,direct,2329029.7434770865
231.82979516925204,591.8297951692521,591,direct,retrograde,2329121.2690362167
215.78338802148616,215.78338802148616,215,retrograde,direct,2329141.4221491395
337.1123694428568,697.1123694428568,697,direct,retrograde,2329229.666157064
322.4161833112183,322.4161833112183,322,retrograde,direct,2329251.775033457
98.86330893253543,458.86330893253546,458,direct,retrograde,2329351.7773977593
89.61119296396444,89.61119296396444,89,retrograde,direct,2329375.9129445227
215.85078430994423,575.8507843099442,575,direct,retrograde,2329469.657817454
200.08189588775352,200.08189588775352,200,retrograde,direct,2329490.364725152
320.71650695011897,680.716506950119,680,direct,retrograde,2329578.2944987128
305.24105589953297,305.24105589953297,305,retrograde,direct,2329599.6596116405
78.8227148911215,438.8227148911215,438,direct,retrograde,2329697.502894629
70.23551140665897,70.23551140665897,70,retrograde,direct,2329721.4753837725
199.64144124403063,559.6414412440306,559,direct,retrograde,2329817.8228508187
184.29920870186564,184.29920870186564,184,retrograde,direct,2329839.257510363
304.5631400689728,664.5631400689729,664,direct,retrograde,2329927.1218351936
288.60239514320807,288.60239514320807,288,retrograde,direct,2329947.8014763845
58.97843527207999,418.97843527208,418,direct,retrograde,2330043.0488260994
50.19137179037236,50.19137179037236,50,retrograde,direct,2330066.9014365617
183.07857062665326,543.0785706266532,543,direct,retrograde,2330165.751008047
168.3632924573967,168.3632924573967,168,retrograde,direct,2330187.9984255657
288.57901069274067,648.5790106927407,648,direct,retrograde,2330276.030579822
272.3633073789416,272.3633073789416,272,retrograde,direct,2330296.174046102
39.77163556633236,399.77163556633235,399,direct,retrograde,2330388.9312177943
29.967920752936596,29.967920752936596,29,retrograde,direct,2330412.7160079135
165.99256316282418,525.9925631628241,525,direct,retrograde,2330513.424389419
152.15887512282717,152.15887512282717,152,retrograde,direct,2330536.4583280543
272.7014638837886,632.7014638837886,632,direct,retrograde,2330624.929009095
256.399473985873,256.399473985873,256,retrograde,direct,2330644.7525364207
21.40295253813189,381.4029525381319,381,direct,retrograde,2330735.523325268
10.12832939580795,10.12832939580795,10,retrograde,direct,2330759.1326355664
148.22716681173193,508.22716681173193,508,direct,retrograde,2330860.7928946996
135.5533672911083,135.5533672911083,135,retrograde,direct,2330884.482611685
256.8736454672911,616.8736454672911,616,direct,retrograde,2330973.7394425664
240.60373284927547,240.60373284927547,240,retrograde,direct,2330993.494904099
3.796268179656123,363.7962681796561,363,direct,retrograde,2331082.8941047452
351.00226127704394,351.00226127704394,351,retrograde,direct,2331106.074575587
129.67670305907222,489.6767030590722,489,direct,retrograde,2331207.781151586
118.37778156794066,118.37778156794066,118,retrograde,direct,2331231.894301504
241.0544317967803,601.0544317967804,601,direct,retrograde,2331322.414124175
224.90517493395367,224.90517493395367,224,retrograde,direct,2331342.359298708
346.786655638877,706.7866556388769,706,direct,retrograde,2331430.9066176293
332.69044055741034,332.69044055741034,332,retrograde,direct,2331453.4345720196
110.35025413440162,470.3502541344016,470,direct,retrograde,2331554.3037192533
100.43522076662839,100.43522076662839,100,retrograde,direct,2331578.5280841524
225.1626917341569,585.1626917341569,585,direct,retrograde,2331670.914490219
209.2233116866349,209.2233116866349,209,retrograde,direct,2331691.2870791955
330.2081530657365,690.2081530657365,690,direct,retrograde,2331779.3650099775
315.13720912889573,315.13720912889573,315,retrograde,direct,2331801.143701668
90.46419627039172,450.4641962703917,450,direct,retrograde,2331900.3226886746
81.5874158718276,81.5874158718276,81,retrograde,direct,2331924.384265283
209.10337485570045,569.1033748557004,569,direct,retrograde,2332019.216792551
193.49300970479175,193.49300970479175,193,retrograde,direct,2332040.2138069766
313.9255849847511,673.9255849847511,673,direct,retrograde,2332128.095513344
298.2072440907708,298.2072440907708,298,retrograde,direct,2332149.1476918934
70.43404286803698,430.43404286803695,430,direct,retrograde,2332245.9283953113
61.871464662440424,61.871464662440424,61,retrograde,direct,2332269.8141316595
192.757178040109,552.757178040109,552,direct,retrograde,2332367.292541207
177.64972451338534,177.64972451338534,177,retrograde,direct,2332389.053653474
297.8572668112256,657.8572668112256,657,direct,retrograde,2332476.9669804918
281.7659759716446,281.7659759716446,281,retrograde,direct,2332497.4009551806
50.815164725856704,410.8151647258567,410,direct,retrograde,2332591.532144445
41.679431248375515,41.679431248375515,41,retrograde,direct,2332615.379035864
175.98082186326386,535.9808218632638,535,direct,retrograde,2332715.111209688
161.6072869034332,161.6072869034332,161,retrograde,direct,2332737.696989055
281.9230805265585,641.9230805265586,641,direct,retrograde,2332825.875343334
265.65904114967384,265.65904114967384,265,retrograde,direct,2332845.8635309124
31.967020871959924,391.9670208719599,391,direct,retrograde,2332937.686946121
21.569576238582247,21.569576238582247,21,retrograde,direct,2332961.4352144105
158.63281077722604,518.632810777226,518,direct,retrograde,2333062.648583726
145.262895104433,145.262895104433,145,retrograde,direct,2333086.0004923493
266.0738553225863,626.0738553225863,626,direct,retrograde,2333174.7437878493
249.77505487450895,249.77505487450895,249,retrograde,direct,2333194.510000334
13.939066531422059,373.93906653142204,373,direct,retrograde,2333284.632231243
2.00266280934347,2.00266280934347,2,retrograde,direct,2333308.0726092746
140.5506562776819,500.5506562776819,500,direct,retrograde,2333409.8672669344
128.44401957937234,128.44401957937234,128,retrograde,direct,2333433.7835832443
250.25708911788806,610.2570891178881,610,direct,retrograde,2333523.5086018248
234.02365926714094,234.02365926714094,234,retrograde,direct,2333543.3069992894
356.60786746573166,716.6078674657317,716,direct,retrograde,2333632.30140113
343.2221011752866,343.2221011752866,343,retrograde,direct,2333655.2137652244
121.65675124681678,481.6567512468168,481,direct,retrograde,2333756.6857530447
110.95908805602441,110.95908805602441,110,retrograde,direct,2333780.8676370904
234.40784974047318,594.4078497404732,594,direct,retrograde,2333872.118431193
218.33115172911843,218.33115172911843,218,retrograde,direct,2333892.2085691206
339.7887544521521,699.788754452152,699,direct,retrograde,2333980.517367034
325.23862083501365,325.23862083501365,325,retrograde,direct,2334002.7421240434
102.0393116220831,462.0393116220831,462,direct,retrograde,2334102.9936111
92.63101649894395,92.63101649894395,92,retrograde,direct,2334127.159644915
218.45687636108684,578.4568763610869,578,direct,retrograde,2334220.534095632
202.64061663475235,202.64061663475235,202,retrograde,direct,2334241.150847761
323.3464739644133,683.3464739644132,683,direct,retrograde,2334329.1059786007
307.96532436506027,307.96532436506027,307,retrograde,direct,2334350.5789469313
82.01833059426582,442.0183305942658,442,direct,retrograde,2334448.78339772
73.38530090920565,73.38530090920565,73,retrograde,direct,2334472.782709307
202.28892057207736,562.2889205720774,562,direct,retrograde,2334568.731975237
186.87274900419754,186.87274900419754,186,retrograde,direct,2334590.0538180545
307.16541369420827,667.1654136942083,667,direct,retrograde,2334677.914022918
291.25801912010996,291.25801912010996,291,retrograde,direct,2334698.6825172836
62.110857456262025,422.110857456262,422,direct,retrograde,2334794.3335455973
53.41017792752643,53.41017792752643,53,retrograde,direct,2334818.184734747
185.78268251198352,545.7826825119835,545,direct,retrograde,2334916.7004994145
170.95699592922836,170.95699592922836,170,retrograde,direct,2334938.82107751
291.155600642471,651.155600642471,651,direct,retrograde,2335026.8172270292
274.96482611195637,274.96482611195637,274,retrograde,direct,2335047.02640058
42.783385879624284,402.7833858796243,402,direct,retrograde,2335140.1284752144
33.16959008216041,33.16959008216041,33,retrograde,direct,2335163.929736687
168.77891001305392,528.778910013054,528,direct,retrograde,2335264.416719001
154.79590979724964,154.79590979724964,154,retrograde,direct,2335287.332469913
275.2636216903889,635.2636216903888,635,direct,retrograde,2335375.719498936
258.96761584974047,258.96761584974047,258,retrograde,direct,2335395.5788641423
24.28623550779718,384.2862355077972,384,direct,retrograde,2335486.598340974
13.242361736258458,13.242361736258458,13,retrograde,direct,2335510.259218891
151.1177605078519,511.1177605078519,511,direct,retrograde,2335611.830811481
138.2564155655323,138.2564155655323,138,retrograde,direct,2335635.4368946003
259.4322314672601,619.4322314672602,619,direct,retrograde,2335724.546045785
243.1534571926488,243.1534571926488,243,retrograde,direct,2335744.3001297778
6.575558445074203,366.5755584450742,366,direct,retrograde,2335833.8641623
353.9985222280995,353.9985222280995,353,retrograde,direct,2335857.120666324
132.69478576953685,492.69478576953685,492,direct,retrograde,2335958.8754205173
121.18438798425264,121.18438798425264,121,retrograde,direct,2335982.955065705
243.6155479496273,603.6155479496273,603,direct,retrograde,2336073.245191374
227.44260585918255,227.44260585918255,227,retrograde,direct,2336093.1470001843
349.4853660709351,709.485366070935,709,direct,retrograde,2336181.797028004
335.5623562906113,335.5623562906113,335,retrograde,direct,2336204.42345234
113.47727351457894,473.47727351457894,473,direct,retrograde,2336305.4803094463
103.36672865388704,103.36672865388704,103,retrograde,direct,2336329.706110277
227.73639776045053,587.7363977604505,587,direct,retrograde,2336421.7771791443
211.75694592847782,211.75694592847782,211,retrograde,direct,2336442.0672886586
332.8520991475637,692.8520991475636,692,direct,retrograde,2336530.1984473653
317.90393103321117,317.90393103321117,317,retrograde,direct,2336552.090013787
93.63802708825749,453.6380270882575,453,direct,retrograde,2336651.57709306
84.64291384403874,84.64291384403874,84,retrograde,direct,2336675.659563954
211.70108813752825,571.7010881375282,571,direct,retrograde,2336770.110937752
196.0309522894548,196.0309522894548,196,retrograde,direct,2336790.999420032
316.5305424668452,676.5305424668452,676,direct,retrograde,2336878.8947877325
300.89154291459533,300.89154291459533,300,retrograde,direct,2336900.0562774865
73.58979418800386,433.58979418800385,433,direct,retrograde,2336997.212783958
65.0385378445766,65.0385378445766,65,retrograde,direct,2337021.1253439216
195.40760367043603,555.4076036704361,555,direct,retrograde,2337118.216960028
180.21332088040486,180.21332088040486,180,retrograde,direct,2337139.861390383
300.4344964086154,660.4344964086154,660,direct,retrograde,2337227.751450971
284.3850840712078,284.3850840712078,284,retrograde,direct,2337248.270575909
53.8861578356645,413.8861578356645,413,direct,retrograde,2337342.781367258
44.889251176721054,44.889251176721054,44,retrograde,direct,2337366.6360605815
178.70905514428313,538.7090551442832,538,direct,retrograde,2337466.0724576125
164.21165824257082,164.21165824257082,164,retrograde,direct,2337488.5436710045
284.4831195272024,644.4831195272025,644,direct,retrograde,2337576.662961715
268.23349153869805,268.23349153869805,268,retrograde,direct,2337596.701509971
34.92489297130505,394.92489297130504,394,direct,retrograde,2337688.8426647466
24.742278121859098,24.742278121859098,24,retrograde,direct,2337712.605144618
161.4574721421753,521.4574721421753,521,direct,retrograde,2337813.6566408696
147.92032343315313,147.92032343315313,147,retrograde,direct,2337836.904364949
268.62371427382834,628.6237142738283,628,direct,retrograde,2337925.544184804
252.32018754639995,252.32018754639995,252,retrograde,direct,2337945.323298106
16.776090591153952,376.77609059115395,376,direct,retrograde,2338035.6663626824
5.070539641262037,5.070539641262037,5,retrograde,direct,2338059.1658759313
143.48980758807443,503.4898075880744,503,direct,retrograde,2338160.934199171
131.18079399107575,131.18079399107575,131,retrograde,direct,2338184.7745948257
252.809615356133,612.809615356133,612,direct,retrograde,2338274.3281998
236.560538650993,236.560538650993,236,retrograde,direct,2338294.1044209236
359.34356888896434,719.3435688889643,719,direct,retrograde,2338383.2299438836
346.1598664085146,346.1598664085146,346,retrograde,direct,2338406.241588711
124.71611327718418,484.71611327718415,484,direct,retrograde,2338507.8165982217
113.80797678498126,113.80797678498126,113,retrograde,direct,2338531.975441605
236.97183570082353,596.9718357008235,596,direct,retrograde,2338622.959401478
220.8680996982691,220.8680996982691,220,retrograde,direct,2338642.9938575076
342.4599493803482,702.4599493803482,702,direct,retrograde,2338731.375452522
328.06252180833036,328.06252180833036,328,retrograde,direct,2338753.7111581694
105.20428024239364,465.2042802423936,465,direct,retrograde,2338854.196435582
95.62818773116923,95.62818773116923,95,retrograde,direct,2338878.392221733
221.0438416492918,581.0438416492918,581,direct,retrograde,2338971.4029094735
205.18304829336927,205.18304829336927,205,retrograde,direct,2338991.932927832
325.97556699168524,685.9755669916852,685,direct,retrograde,2339079.922520805
310.6957323146717,310.6957323146717,310,retrograde,direct,2339101.50063504
85.21503201751125,445.21503201751125,445,direct,retrograde,2339200.0612849575
76.51530384984238,76.51530384984238,76,retrograde,direct,2339224.084242508
204.92046270076963,564.9204627007696,564,direct,retrograde,2339319.6371991998
189.43293951843415,189.43293951843415,189,retrograde,direct,2339340.8451492433
309.7679120463129,669.7679120463129,669,direct,retrograde,2339428.7083561337
293.920335476733,293.920335476733,293,retrograde,direct,2339449.570260464
65.24856583305768,425.2485658330577,425,direct,retrograde,2339545.6228080355
56.613633480758,56.613633480758,56,retrograde,direct,2339569.4770190204
188.47527841201085,548.4752784120109,548,direct,retrograde,2339667.6469755806
173.5457851324163,173.5457851324163,173,retrograde,direct,2339689.6394558093
293.73789361206667,653.7378936120667,653,direct,retrograde,2339777.603885914
277.5770322432657,277.5770322432657,277,retrograde,direct,2339797.886360895
45.8140221766988,405.8140221766988,405,direct,retrograde,2339891.3385835523
36.37916117272969,36.37916117272969,36,retrograde,direct,2339915.1571352277
171.5599307745301,531.5599307745301,531,direct,retrograde,2340015.4039068623
157.43450592721635,157.43450592721635,157,retrograde,direct,2340038.2018143144
277.8351117195644,637.8351117195643,637,direct,retrograde,2340126.509141473
261.54802024998736,261.54802024998736,261,retrograde,direct,2340146.411254092
27.196446078444126,387.1964460784441,387,direct,retrograde,2340237.69347402
16.383101178511254,16.383101178511254,16,retrograde,direct,2340261.3956058454
154.00808997520744,514.0080899752074,514,direct,retrograde,2340362.8592623556
140.9644750919867,140.9644750919867,140,retrograde,direct,2340386.3809816306
262.0018167461183,622.0018167461183,622,direct,retrograde,2340475.351087589
245.71475898493983,245.71475898493983,245,retrograde,direct,2340495.106801727
9.385150613863805,369.3851506138638,369,direct,retrograde,2340584.852905052
357.0296887714031,357.0296887714031,357,retrograde,direct,2340608.17701607
135.70300986469485,495.7030098646949,495,direct,retrograde,2340709.9601921896
123.9818077236393,123.9818077236393,123,retrograde,direct,2340733.9954512
246.18343786447087,606.1834378644709,606,direct,retrograde,2340824.073042106
229.98785970236867,229.98785970236867,229,retrograde,direct,2340843.9333483446
352.20910370811146,712.2091037081115,712,direct,retrograde,2340932.696661953
338.46662163788216,338.46662163788216,338,retrograde,direct,2340955.4212381616
116.59445081735366,476.5944508173537,476,direct,retrograde,2341056.644461889
106.2819409008706,106.2819409008706,106,retrograde,direct,2341080.8603862263
230.31686134337482,590.3168613433749,590,direct,retrograde,2341172.63491447
214.30005024970052,214.30005024970052,214,retrograde,direct,2341192.8476037392
335.5129154609727,695.5129154609726,695,direct,retrograde,2341281.0363766253
320.69625706649043,320.69625706649043,320,retrograde,direct,2341303.0454303054
96.82104509245472,456.8210450924547,456,direct,retrograde,2341402.818256736
87.69385571587483,87.69385571587483,87,retrograde,direct,2341426.925467955
214.30797807858252,574.3079780785826,574,direct,retrograde,2341520.9971991265
198.5832712703359,198.5832712703359,198,retrograde,direct,2341541.7852838747
319.15083557723193,679.1508355772319,679,direct,retrograde,2341629.697323081
303.5966706904263,303.5966706904263,303,retrograde,direct,2341650.969077916
76.77668711244732,436.77668711244735,436,direct,retrograde,2341748.498345376
68.21622675685714,68.21622675685714,68,retrograde,direct,2341772.4430856174
198.06215389974747,558.0621538997475,558,direct,retrograde,2341869.1353123356
182.7858419221712,182.7858419221712,182,retrograde,direct,2341890.6669169646
303.0224604486246,663.0224604486245,663,direct,retrograde,2341978.5392254125
287.01888003658934,287.01888003658934,287,retrograde,direct,2341999.143749671
56.992167761101925,416.99216776110194,416,direct,retrograde,2342094.048610539
48.115847561917406,48.115847561917406,48,retrograde,direct,2342117.9051184226
181.43424315841867,541.4342431584187,541,direct,retrograde,2342217.02838228
166.81755678131142,166.81755678131142,166,retrograde,direct,2342239.381887459
287.05403635610963,647.0540363561097,647,direct,retrograde,2342327.4510976346
270.8209696675901,270.8209696675901,270,retrograde,direct,2342347.5436189612
37.89868975676165,397.89868975676166,397,direct,retrograde,2342440.014387358
27.92277801361637,27.92277801361637,27,retrograde,direct,2342463.788449726
164.26878272808383,524.2687827280838,524,direct,retrograde,2342564.6619008146
150.57057759673225,150.57057759673225,150,retrograde,direct,2342587.7966615856
271.18137904714297,631.181379047143,631,direct,retrograde,2342676.3412349923
254.8762594300845,254.8762594300845,254,retrograde,direct,2342696.1413559923
19.621075559909652,379.6210755599096,379,direct,retrograde,2342786.710335155
8.14742162485296,8.14742162485296,8,retrograde,direct,2342810.269354038
146.41462579093977,506.4146257909398,506,direct,retrograde,2342911.9926220225
133.90700452146967,133.90700452146967,133,retrograde,direct,2342935.7512394637
255.3619512822867,615.3619512822867,615,direct,retrograde,2343025.1414411822
239.09962071885576,239.09962071885576,239,retrograde,direct,2343044.9036185425
2.08855716723257,362.0885571672326,362,direct,retrograde,2343134.1684880406
349.112793828867,349.112793828867,349,retrograde,direct,2343157.2747612223
127.76180093455481,487.7618009345548,487,direct,retrograde,2343258.931577258
116.64285056527028,116.64285056527028,116,retrograde,direct,2343283.0689822184
239.53033646874508,599.5303364687451,599,direct,retrograde,2343373.79490434
223.40120084026785,223.40120084026785,223,retrograde,direct,2343393.779783598
345.1444484984044,705.1444484984045,705,direct,retrograde,2343482.245310203
330.9063135927503,330.9063135927503,330,retrograde,direct,2343504.6853135256
108.34779410909503,468.34779410909505,468,direct,retrograde,2343605.3869459927
98.592559441631,98.592559441631,98,retrograde,direct,2343629.6043769205
223.6188451280984,583.6188451280984,583,direct,retrograde,2343722.2689035395
207.71530356337826,207.71530356337826,207,retrograde,direct,2343742.713863571
328.60871268129193,688.608712681292,688,direct,retrograde,2343830.746961816
313.4376406635956,313.4376406635956,313,retrograde,direct,2343852.431106033
88.39858536956272,448.39858536956274,448,direct,retrograde,2343951.332433356
79.61105846494468,79.61105846494468,79,retrograde,direct,2343975.3757446446
207.53702595472515,567.5370259547251,567,direct,retrograde,2344070.5415946767
191.98196338243656,191.98196338243656,191,retrograde,direct,2344091.6350146057
312.3630967704626,672.3630967704626,672,direct,retrograde,2344179.5066450806
296.58122248044634,296.58122248044634,296,retrograde,direct,2344200.468418954
68.38905734277691,428.38905734277694,428,direct,retrograde,2344296.9144035103
59.800937098755,59.800937098755,59,retrograde,direct,2344320.7802500837
191.14770337480257,551.1477033748026,551,direct,retrograde,2344418.5891010286
176.1207329072387,176.1207329072387,176,retrograde,direct,2344440.455558326
296.3090918474026,656.3090918474027,656,direct,retrograde,2344528.3889503144
280.18325784383444,280.18325784383444,280,retrograde,direct,2344548.7515577534
48.85680493895561,408.85680493895563,408,direct,retrograde,2344642.5645804685
39.59022802223957,39.59022802223957,39,retrograde,direct,2344666.399254836
174.31273939473914,534.3127393947391,534,direct,retrograde,2344766.3796542287
160.05071411020117,160.05071411020117,160,retrograde,direct,2344789.0623898217
280.39145679618025,640.3914567961803,640,direct,retrograde,2344877.295903393
264.11552001825646,264.11552001825646,264,retrograde,direct,2344897.2438561646
30.115733503475028,390.11573350347504,390,direct,retrograde,2344988.8093608264
19.5297112770617,19.5297112770617,19,retrograde,direct,2345012.540049147
156.86618641461774,516.8661864146177,516,direct,retrograde,2345113.8748613186
143.64492988819234,143.64492988819234,143,retrograde,direct,2345137.3097131243
264.55730316202414,624.5573031620241,624,direct,retrograde,2345226.1526574073
248.26351499333154,248.26351499333154,248,retrograde,direct,2345245.912354649
12.19160853733872,372.1916085373387,372,direct,retrograde,2345335.855797814
0.060456397314245625,0.060456397314245625,0,retrograde,direct,2345359.2421475695
138.6792683387952,498.67926833879517,498,direct,retrograde,2345461.039739731
126.74963116859313,126.74963116859313,126,retrograde,direct,2345485.015121963
248.7418296949408,608.7418296949409,608,direct,retrograde,2345574.8983889995
232.52495298772814,232.52495298772814,232,retrograde,direct,2345594.722168479
354.9316747807471,714.931674780747,714,direct,retrograde,2345683.6055203937
341.37772683956734,341.37772683956734,341,retrograde,direct,2345706.431658848
119.69236903540289,479.69236903540286,479,direct,retrograde,2345807.800989315
109.17489277213834,109.17489277213834,109,retrograde,direct,2345831.99826949
232.89022672492518,592.8902267249252,592,direct,retrograde,2345923.4877596106
216.83906684228162,216.83906684228162,216,retrograde,direct,2345943.630810392
338.1758328743729,698.1758328743729,698,direct,retrograde,2346031.881682234
323.4989477864061,323.4989477864061,323,retrograde,direct,2346054.008133106
100.00111292355346,460.0011129235535,460,direct,retrograde,2346154.04686924
90.7294878364364,90.7294878364364,90,retrograde,direct,2346178.1856030645
216.91189355695198,576.911893556952,576,direct,retrograde,2346271.878823702
201.1363957440392,201.1363957440392,201,retrograde,direct,2346292.5731229773
321.7780717595744,681.7780717595745,681,direct,retrograde,2346380.505276815
306.31526645345843,306.31526645345843,306,retrograde,direct,2346401.8849982684
79.97275226206033,439.97275226206034,439,direct,retrograde,2346499.7826847704
71.38137487567721,71.38137487567721,71,retrograde,direct,2346523.7596254945
200.70971271106316,560.7097127110632,560,direct,retrograde,2346620.0483425744
185.3567830153131,185.3567830153131,185,retrograde,direct,2346641.4678376867
305.6194149694234,665.6194149694234,665,direct,retrograde,2346729.3296644175
289.66554259402625,289.66554259402625,289,retrograde,direct,2346750.0208236706
60.11630847760966,420.11630847760966,420,direct,retrograde,2346845.3275537863
51.34155125881113,51.34155125881113,51,retrograde,direct,2346869.18090018
184.15185527121605,544.151855271216,544,direct,retrograde,2346967.9817857808
169.42228003441872,169.42228003441872,169,retrograde,direct,2346990.2111412175
289.63254237646106,649.6325423764611,649,direct,retrograde,2347078.237347549
273.4191046120384,273.4191046120384,273,retrograde,direct,2347098.3895673305
40.88997490746078,400.8899749074608,400,direct,retrograde,2347191.197125256
31.112962019931633,31.112962019931633,31,retrograde,direct,2347214.9834621744
167.07523789429743,527.0752378942974,527,direct,retrograde,2347315.66184411
153.22153199091468,153.22153199091468,153,retrograde,direct,2347338.6781169744
273.7488588103449,633.7488588103449,633,direct,retrograde,2347427.135200329
257.4464728259492,257.4464728259492,257,retrograde,direct,2347446.9643748747
22.49057322022768,382.4905732202277,382,direct,retrograde,2347537.7682010215
11.25030275202175,11.25030275202175,11,retrograde,direct,2347561.383941428
149.33481522453522,509.3348152245352,509,direct,retrograde,2347663.038592699
136.63348374952483,136.63348374952483,136,retrograde,direct,2347686.716390442
257.9228692486923,617.9228692486922,617,direct,retrograde,2347775.949630944
241.65064447033512,241.65064447033512,241,retrograde,direct,2347795.7054353813
4.86569043725505,364.86569043725507,364,direct,retrograde,2347885.124251968
352.102769689771,352.102769689771,352,retrograde,direct,2347908.314700082
130.8001991797612,490.8001991797612,490,direct,retrograde,2348010.033190163
119.47021555802034,119.47021555802034,119,retrograde,direct,2348034.1449285867
242.10006436763655,602.1000643676366,602,direct,retrograde,2348124.6285312586
225.94754058157503,225.94754058157503,225,retrograde,direct,2348144.5674795173
347.8504149562998,707.8504149562998,707,direct,retrograde,2348233.12786966
333.77816208472626,333.77816208472626,333,retrograde,direct,2348255.6683311136
111.48197343976321,471.48197343976324,471,direct,retrograde,2348356.5677541653
101.53883678315412,101.53883678315412,101,retrograde,direct,2348380.7937936764
226.20719357045576,586.2071935704557,586,direct,retrograde,2348473.1339304233
210.26178054127797,210.26178054127797,210,retrograde,direct,2348493.4947724454
331.2575747870739,691.257574787074,691,direct,retrograde,2348581.5779345864
316.2026982817752,316.2026982817752,316,retrograde,direct,2348603.3719286863
91.5867819873413,451.5867819873413,451,direct,retrograde,2348702.5957490746
82.69527641372562,82.69527641372562,82,retrograde,direct,2348726.657232711
210.15752593429698,570.1575259342969,570,direct,retrograde,2348821.4413370676
194.53847607223534,194.53847607223534,194,retrograde,direct,2348842.422796282
314.9688897929202,674.9688897929202,674,direct,retrograde,2348930.304245461
299.26012020918614,299.26012020918614,299,retrograde,direct,2348951.3717345567
71.55073637081253,431.5507363708125,431,direct,retrograde,2349048.2031296827
62.99147607987782,62.99147607987782,62,retrograde,direct,2349072.092071481
193.8153101962164,553.8153101962164,553,direct,retrograde,2349169.520781584
178.69553445668268,178.69553445668268,178,retrograde,direct,2349191.2654162683
298.8909982507805,658.8909982507805,658,direct,retrograde,2349279.1723873736
282.8045877679531,282.8045877679531,282,retrograde,direct,2349299.618867656
51.92776645726591,411.92776645726593,411,direct,retrograde,2349393.805487022
42.8140364011147,42.8140364011147,42,retrograde,direct,2349417.653756609
177.04760755364228,537.0476075536423,537,direct,retrograde,2349517.3435788956
162.65647194571756,162.65647194571756,162,retrograde,direct,2349539.9136584345
282.9560873873432,642.9560873873431,642,direct,retrograde,2349628.0818249676
266.69271127650103,266.69271127650103,266,retrograde,direct,2349648.077739926
33.05880998836058,393.05880998836057,393,direct,retrograde,2349739.94701003
22.693037129405333,22.693037129405333,22,retrograde,direct,2349763.695896595
159.70398528363012,519.7039852836301,519,direct,retrograde,2349864.8866820326
146.31140164352476,146.31140164352476,146,retrograde,direct,2349888.224321669
267.11174778381167,627.1117477838117,627,direct,retrograde,2349976.953285084
250.81141141796257,250.81141141796257,250,retrograde,direct,2349996.7208011607
15.009575900544938,375.0095759005449,375,direct,retrograde,2350086.8732397575
3.1053382783920744,3.1053382783920744,3,retrograde,direct,2350110.321270452
141.6368218909748,501.63682189097483,501,direct,retrograde,2350212.114763609
129.50191500425913,129.50191500425913,129,retrograde,direct,2350236.0198180005
251.29245662407465,611.2924566240747,611,direct,retrograde,2350325.72168516
235.056171598015,235.056171598015,235,retrograde,direct,2350345.516061822
357.65920836085724,717.6592083608573,717,direct,retrograde,2350434.526145119
344.3014365662281,344.3014365662281,344,retrograde,direct,2350457.453209484
122.7728536958624,482.7728536958624,482,direct,retrograde,2350558.945669093
112.04623247080666,112.04623247080666,112,retrograde,direct,2350583.12381561
235.44648207056326,595.4464820705632,595,direct,retrograde,2350674.3340147883
219.3656596195213,219.3656596195213,219,retrograde,direct,2350694.416304048
340.8374619010768,700.8374619010767,700,direct,retrograde,2350782.733496934
326.3082924725304,326.3082924725304,326,retrograde,direct,2350804.9735236764
103.16861927206054,463.16861927206054,463,direct,retrograde,2350905.2615629574
93.73789642495476,93.73789642495476,93,retrograde,direct,2350929.433868234
219.4962624466022,579.4962624466023,579,direct,retrograde,2351022.753453195
203.67395312332215,203.67395312332215,203,retrograde,direct,2351043.358387787
324.39478849051585,684.3947884905158,684,direct,retrograde,2351131.317041618
309.0280810233412,309.0280810233412,309,retrograde,direct,2351152.8032219736
83.15424608367371,443.1542460836737,443,direct,retrograde,2351251.0612875028
74.51105800846399,74.51105800846399,74,retrograde,direct,2351275.0653257025
203.33868598526342,563.3386859852634,563,direct,retrograde,2351370.956171874
187.91299366166007,187.91299366166007,187,retrograde,direct,2351392.262252014
308.20594930588146,668.2059493058814,668,direct,retrograde,2351480.1210986944
292.30618256278757,292.30618256278757,292,retrograde,direct,2351500.9017307237
63.23158356138056,423.23158356138055,423,direct,retrograde,2351596.611070131
54.54091058351792,54.54091058351792,54,retrograde,direct,2351620.460430447
186.8496493089666,546.8496493089666,546,direct,retrograde,2351718.932732258
172.01045955193374,172.01045955193374,172,retrograde,direct,2351741.0341425547
292.2003794863078,652.2003794863078,652,direct,retrograde,2351829.023597286
276.0122851223901,276.0122851223901,276,retrograde,direct,2351849.2435012627
43.888632139986036,403.88863213998604,403,direct,retrograde,2351942.393647573
34.30258145679673,34.30258145679673,34,retrograde,direct,2351966.196279226
169.8623605555917,529.8623605555917,529,direct,retrograde,2352066.654768971
155.85904965417447,155.85904965417447,155,retrograde,direct,2352089.55312696
276.3090224354334,636.3090224354335,636,direct,retrograde,2352177.927711278
260.01342666847444,260.01342666847444,260,retrograde,direct,2352197.7933206363
25.38145241069128,385.3814524106913,385,direct,retrograde,2352288.849263707
14.373249175919685,14.373249175919685,14,retrograde,direct,2352312.5147892144
152.2242174128204,512.2242174128204,512,direct,retrograde,2352414.074282865
139.33590428992028,139.33590428992028,139,retrograde,direct,2352437.6701841336
260.4799935842944,620.4799935842943,620,direct,retrograde,2352526.756391541
244.1994099963837,244.1994099963837,244,retrograde,direct,2352546.5105844894
7.657275370126761,367.65727537012674,367,direct,retrograde,2352636.099250121
355.11172995642323,355.11172995642323,355,retrograde,direct,2352659.3636506656
133.81045811259128,493.8104581125913,493,direct,retrograde,2352761.1253768597
122.2708671767414,122.2708671767414,122,retrograde,direct,2352785.1998915765
244.66746534892062,604.6674653489206,604,direct,retrograde,2352875.4592505246
228.4912113945495,228.4912113945495,228,retrograde,direct,2352895.355003819
350.5576128643419,710.5576128643419,710,direct,retrograde,2352984.019523427
336.65918377160455,336.65918377160455,336,retrograde,direct,2353006.659071788
114.60493844378425,474.60493844378425,474,direct,retrograde,2353107.740589275
104.46712143992022,104.46712143992022,104,retrograde,direct,2353131.963868051
228.79144923313908,588.791449233139,588,direct,retrograde,2353223.994220713
212.80631355013622,212.80631355013622,212,retrograde,direct,2353244.2736009248
333.9082214204244,693.9082214204244,693,direct,retrograde,2353332.4112882502
318.9774314343582,318.9774314343582,318,retrograde,direct,2353354.3187535573
94.78250509027329,454.7825050902733,454,direct,retrograde,2353453.850475966
85.77074200836745,85.77074200836745,85,retrograde,direct,2353477.935184798
212.76768973168222,572.7676897316823,572,direct,retrograde,2353572.333461658
197.08976412187275,197.08976412187275,197,retrograde,direct,2353593.207960738
317.58159004996554,677.5815900499656,677,direct,retrograde,2353681.1017859336
301.95333777821776,301.95333777821776,301,retrograde,direct,2353702.278937485
74.7337307171145,434.7337307171145,434,direct,retrograde,2353799.491698404
66.18250842705433,66.18250842705433,66,retrograde,direct,2353823.4096296076
196.47502026633515,556.4750202663352,556,direct,retrograde,2353920.443299352
181.2695604034053,181.2695604034053,181,retrograde,direct,2353942.071538086
301.48580658730486,661.4858065873049,661,direct,retrograde,2354029.957219512
285.44214842290637,285.44214842290637,285,retrograde,direct,2354050.488632584
55.01767249413705,415.01767249413706,415,direct,retrograde,2354145.057780604
46.0387533782445,46.0387533782445,46,retrograde,direct,2354168.9121305635
179.78319473323242,539.7831947332324,539,direct,retrograde,2354268.3037766935
165.2695587441597,165.2695587441597,165,retrograde,direct,2354290.7587894965
285.53520203705375,645.5352020370538,645,direct,retrograde,2354378.8696633903
269.2866036557471,269.2866036557471,269,retrograde,direct,2354398.915669292
36.022575631876364,396.02257563187635,396,direct,retrograde,2354491.1010655975
25.86946094209536,25.86946094209536,25,retrograde,direct,2354514.8638326135
162.54629381138037,522.5462938113803,522,direct,retrograde,2354615.897595277
148.98686214240652,148.98686214240652,148,retrograde,direct,2354639.1285599507
269.67703315366276,629.6770331536627,629,direct,retrograde,2354727.75403184
253.37209400509056,253.37209400509056,253,retrograde,direct,2354747.5358249964
17.853740563226356,377.8537405632264,377,direct,retrograde,2354837.905936797
6.1803712601528895,6.1803712601528895,6,retrograde,direct,2354861.414753792
144.59523596772266,504.59523596772266,504,direct,retrograde,2354963.182598628
132.25807929882328,132.25807929882328,132,retrograde,direct,2354987.011268164
253.85396031716616,613.8539603171662,613,direct,retrograde,2355076.5399157144
237.60184308862273,237.60184308862273,237,retrograde,direct,2355096.3135881443
0.41578271288395013,360.4157827128839,360,direct,retrograde,2355185.457918858
347.2619904439343,347.2619904439343,347,retrograde,direct,2355208.482480486
125.83933434988056,485.8393343498806,485,direct,retrograde,2355310.072500741
114.90103685479379,114.90103685479379,114,retrograde,direct,2355334.2300534593
238.0127412642687,598.0127412642687,598,direct,retrograde,2355425.1737187263
221.90482504251176,221.90482504251176,221,retrograde,direct,2355445.201849021
343.5201306683654,703.5201306683655,703,direct,retrograde,2355533.593663688
329.1454195130889,329.1454195130889,329,retrograde,direct,2355555.9426644426
106.32677023079263,466.32677023079265,466,direct,retrograde,2355656.4588629026
96.72485773366785,96.72485773366785,96,retrograde,direct,2355680.6596198007
222.0874136267325,582.0874136267325,582,direct,retrograde,2355773.6218232084
206.22075177653312,206.22075177653312,206,retrograde,direct,2355794.1402196335
327.0244404865006,687.0244404865007,687,direct,retrograde,2355882.1346837133
311.7593648510852,311.7593648510852,311,retrograde,direct,2355903.7271626703
86.34285743156617,446.3428574315662,446,direct,retrograde,2356002.3357995246
77.63020883261167,77.63020883261167,77,retrograde,direct,2356026.362435243
205.96742978368314,565.9674297836832,565,direct,retrograde,2356121.8616210846
190.47120930851707,190.47120930851707,190,retrograde,direct,2356143.0532376654
310.80249087445077,670.8024908744508,670,direct,retrograde,2356230.915835401
294.96197446333787,294.96197446333787,294,retrograde,direct,2356251.791500629
66.37125816246737,426.37125816246737,426,direct,retrograde,2356347.9038120573
57.74608604054431,57.74608604054431,57,retrograde,direct,2356371.7575090677
189.53502897413495,549.535028974135,549,direct,retrograde,2356469.878689315
174.59133328206846,174.59133328206846,174,retrograde,direct,2356491.852633832
294.76997392303593,654.7699739230359,654,direct,retrograde,2356579.810447947
278.6124833321609,278.6124833321609,278,retrograde,direct,2356600.1045029564
46.91655554602308,406.91655554602306,406,direct,retrograde,2356693.6083743908
37.50875333831219,37.50875333831219,37,retrograde,direct,2356717.4275862854
172.62697547568987,532.6269754756898,532,direct,retrograde,2356817.6381883034
158.4817466833401,158.4817466833401,158,retrograde,direct,2356840.420963509
278.8660214765268,638.8660214765268,638,direct,retrograde,2356928.716089594
262.5798898405132,262.5798898405132,262,retrograde,direct,2356948.624289669
28.282184335906653,388.28218433590666,388,direct,retrograde,2357039.946726987
17.501942286488678,17.501942286488678,17,retrograde,direct,2357063.6519971434
155.0891639916209,515.0891639916209,515,direct,retrograde,2357165.0993187884
142.0204200658054,142.0204200658054,142,retrograde,direct,2357188.6100463653
263.0319161743355,623.0319161743355,623,direct,retrograde,2357277.5594064863
246.74363328092193,246.74363328092193,246,retrograde,direct,2357297.315735222
10.446435306950741,370.4464353069507,370,direct,retrograde,2357387.087762663
358.1214112067174,358.1214112067174,358,retrograde,direct,2357410.419949646
136.8025065698646,496.8025065698646,496,direct,retrograde,2357512.2111573545
125.05321777098004,125.05321777098004,125,retrograde,direct,2357536.236495004
247.22372999426668,607.2237299942667,607,direct,retrograde,2357626.285774366
231.02420153038906,231.02420153038906,231,retrograde,direct,2357646.1413627863
353.2591258972841,713.2591258972841,713,direct,retrograde,2357734.918696278
339.54236194565055,339.54236194565055,339,retrograde,direct,2357757.6571551887
117.71177382948484,477.71177382948486,477,direct,retrograde,2357858.905785609
107.37166620172026,107.37166620172026,107,retrograde,direct,2357883.118329105
231.36082558958398,591.360825589584,591,direct,retrograde,2357974.851860268
215.33865384486643,215.33865384486643,215,retrograde,direct,2357995.0550087374
336.558413011436,696.558413011436,696,direct,retrograde,2358083.2497016415
321.76150657546765,321.76150657546765,321,retrograde,direct,2358105.274019867
97.95755965320807,457.9575596532081,457,direct,retrograde,2358205.091408504
88.80986056060895,88.80986056060895,88,retrograde,direct,2358229.2034728117
215.35957048052035,575.3595704805203,575,direct,retrograde,2358323.2196945325
199.6275912016945,199.6275912016945,199,retrograde,direct,2358343.9939717995
320.19607922204494,680.196079222045,680,direct,retrograde,2358431.9055994917
304.6546241526868,304.6546241526868,304,retrograde,direct,2358453.1925692474
77.90781475685309,437.9078147568531,437,direct,retrograde,2358550.7755014077
69.34346468417425,69.34346468417425,69,retrograde,direct,2358574.7256149184
199.1197702157122,559.1197702157122,559,direct,retrograde,2358671.3622603454
183.83403012491303,183.83403012491303,183,retrograde,direct,2358692.8772299094
304.07528829246525,664.0752882924653,664,direct,retrograde,2358780.7469084198
288.07756167447513,288.07756167447513,288,retrograde,direct,2358801.3637805106
58.11020132464556,418.1102013246456,418,direct,retrograde,2358896.322802567
49.24964551203564,49.24964551203564,49,retrograde,direct,2358920.1778514786
182.50291575683772,542.5029157568378,542,direct,retrograde,2359019.260946749
167.87139699239043,167.87139699239043,167,retrograde,direct,2359041.596330139
288.103961850569,648.103961850569,648,direct,retrograde,2359129.6582680875
271.8723304392215,271.8723304392215,271,retrograde,direct,2359149.75852424
38.99872390347478,398.9987239034748,398,direct,retrograde,2359242.2742392085
29.052879693919888,29.052879693919888,29,retrograde,direct,2359266.048684486
165.36120782239286,525.3612078223929,525,direct,retrograde,2359366.901585445
151.64061442406648,151.64061442406648,151,retrograde,direct,2359390.019231082
272.2305074612696,632.2305074612696,632,direct,retrograde,2359478.550003851
255.9243061945882,255.9243061945882,255,retrograde,direct,2359498.3536504433
20.71208222845187,380.7120822284519,380,direct,retrograde,2359588.9540260546
9.272328870511775,9.272328870511775,9,retrograde,direct,2359612.520379822
147.51956368219373,507.51956368219373,507,direct,retrograde,2359714.23635031
134.98494658957338,134.98494658957338,134,retrograde,direct,2359737.9847396296
256.40952738425676,616.4095273842568,616,direct,retrograde,2359827.35144143
240.14568232552972,240.14568232552972,240,retrograde,direct,2359847.112864078
3.1761086425925806,363.17610864259257,363,direct,retrograde,2359936.400122584
350.2314889662017,350.2314889662017,350,retrograde,direct,2359959.517300153
128.8811036163175,488.8811036163175,488,direct,retrograde,2360061.1822879994
117.73202026976755,117.73202026976755,117,retrograde,direct,2360085.3169086277
240.58087116498433,600.5808711649843,600,direct,retrograde,2360176.0082875565
224.44838163943015,224.44838163943015,224,retrograde,direct,2360195.9873778755
346.21156571783183,706.2115657178318,706,direct,retrograde,2360284.4649497336
331.99648657360603,331.99648657360603,331,retrograde,direct,2360306.918375754
109.48262837018572,469.4826283701857,469,direct,retrograde,2360407.649664754
99.70121415430174,99.70121415430174,99,retrograde,direct,2360431.8690537587
224.68101146238726,584.6810114623872,584,direct,retrograde,2360524.488215387
208.77179234292367,208.77179234292367,208,retrograde,direct,2360544.9209383857
329.66743614420625,689.6674361442062,689,direct,retrograde,2360632.959510334
314.51097637597763,314.51097637597763,314,retrograde,direct,2360654.6585437935
89.54441804403798,449.54441804403797,449,direct,retrograde,2360753.6095968345
80.74388160832521,80.74388160832521,80,retrograde,direct,2360777.6547767324
208.6001214389985,568.6001214389985,568,direct,retrograde,2360872.76574781
193.03583782467618,193.03583782467618,193,retrograde,direct,2360893.8430186007
313.4151827724171,673.4151827724171,673,direct,retrograde,2360981.7139754603
297.6427312773033,297.6427312773033,297,retrograde,direct,2361002.690349281
69.53341702674912,429.53341702674913,429,direct,retrograde,2361099.196867939
60.952249887642175,60.952249887642175,60,retrograde,direct,2361123.064390051
192.2168529470902,552.2168529470902,552,direct,retrograde,2361220.8172938526
177.1759655144837,177.1759655144837,177,retrograde,direct,2361242.66680541
297.3569612120206,657.3569612120207,657,direct,retrograde,2361330.594584872
281.2357403219651,281.2357403219651,281,retrograde,direct,2361350.9686738085
49.976656497342965,409.97665649734296,409,direct,retrograde,2361444.835046204
40.73282993680341,40.73282993680341,40,retrograde,direct,2361468.671708554
175.38741685588596,535.3874168558859,535,direct,retrograde,2361568.613034972
161.1078457356425,161.1078457356425,161,retrograde,direct,2361591.280211144
281.43855322502344,641.4385532250235,641,direct,retrograde,2361679.501965017
265.1635406592027,265.1635406592027,265,retrograde,direct,2361699.4565849863
31.21135269504572,391.2113526950457,391,direct,retrograde,2361791.062976364
20.65564044242743,20.65564044242743,20,retrograde,direct,2361814.7964796275
157.95252307432068,517.9525230743207,517,direct,retrograde,2361916.1149195423
144.70795435615292,144.70795435615292,144,retrograde,direct,2361939.5357691823
265.59730913593376,625.5973091359338,625,direct,retrograde,2362028.3606006755
249.30114713194243,249.30114713194243,249,retrograde,direct,2362048.1219363483
13.261868139060907,373.2618681390609,373,direct,retrograde,2362138.092481341
1.1630311612469528,1.1630311612469528,1,retrograde,direct,2362161.486313207
139.78912679490188,499.7891267949019,499,direct,retrograde,2362263.290191374
127.83054153271188,127.83054153271188,127,retrograde,direct,2362287.256057841
249.78367315056195,609.783673150562,609,direct,retrograde,2362377.1106987484
233.56261716836417,233.56261716836417,233,retrograde,direct,2362396.930950135
355.9868619783413,715.9868619783413,715,direct,retrograde,2362485.8294599857
342.460490930806,342.460490930806,342,retrograde,direct,2362508.6679460183
120.812124179001,480.812124179001,480,direct,retrograde,2362610.0607375447
110.26425972330057,110.26425972330057,110,retrograde,direct,2362634.2559082666
233.93025066424553,593.9302506642455,593,direct,retrograde,2362725.705095198
217.8748872331741,217.8748872331741,217,retrograde,direct,2362745.839211721
339.2251679399196,699.2251679399196,699,direct,retrograde,2362834.0963311
324.5690936621194,324.5690936621194,324,retrograde,direct,2362856.2388921184
101.128658976625,461.128658976625,461,direct,retrograde,2362956.315215176
91.83351411719632,91.83351411719632,91,retrograde,direct,2362980.460029018
217.95320070269992,577.9532007026999,577,direct,retrograde,2363074.099841267
202.17150386645406,202.17150386645406,202,retrograde,direct,2363094.7809312297
322.81849869378243,682.8184986937824,682,direct,retrograde,2363182.714549952
307.36766879638594,307.36766879638594,307,retrograde,direct,2363204.1094476674
81.0902820940826,441.09028209408257,441,direct,retrograde,2363302.057466411
72.4941707714488,72.4941707714488,72,retrograde,direct,2363326.0376192294
201.76150619681226,561.7615061968122,561,direct,retrograde,2363422.2748023365
186.3989015279609,186.3989015279609,186,retrograde,direct,2363443.6778546786
306.65989864782284,666.6598986478228,666,direct,retrograde,2363531.53720319
290.7119965519131,290.7119965519131,290,retrograde,direct,2363552.240718142
61.222118671729724,421.22211867172973,421,direct,retrograde,2363647.602010845
52.46164572505706,52.46164572505706,52,retrograde,direct,2363671.453430393
185.21222539103215,545.2122253910321,545,direct,retrograde,2363770.2128812643
170.46673233409206,170.46673233409206,170,retrograde,direct,2363792.4244172564
290.66706746952934,650.6670674695293,650,direct,retrograde,2363880.4449077733
274.4563714680717,274.4563714680717,274,retrograde,direct,2363900.6059474647
41.99266202507616,401.99266202507613,401,direct,retrograde,2363993.4635336017
32.244469209812,32.244469209812,32,retrograde,direct,2364017.251385114
168.14971012207792,528.149710122078,528,direct,retrograde,2364117.898786517
154.27472498641214,154.27472498641214,154,retrograde,direct,2364140.89905936
274.7805113639672,634.7805113639672,634,direct,retrograde,2364229.3425657544
258.478317490141,258.478317490141,258,retrograde,direct,2364249.17684298
23.578301560908283,383.5783015609083,383,direct,retrograde,2364340.0181048866
12.371835056697874,12.371835056697874,12,retrograde,direct,2364363.6403396437
150.41656863386865,510.4165686338687,510,direct,retrograde,2364465.281585225
137.68968289098726,137.68968289098726,137,retrograde,direct,2364488.9466946023
258.96110745694966,618.9611074569497,618,direct,retrograde,2364578.159614791
242.68719340776897,242.68719340776897,242,retrograde,direct,2364597.915673705
5.935283724851672,365.9352837248517,365,direct,retrograde,2364687.3574444065
353.20372476942566,353.20372476942566,353,retrograde,direct,2364710.5580840306
131.90202174019927,491.9020217401993,491,direct,retrograde,2364812.282676882
120.54258792853692,120.54258792853692,120,retrograde,direct,2364836.3905640244
243.14075308824798,603.140753088248,603,direct,retrograde,2364926.841562112
226.98455864088348,226.98455864088348,226,retrograde,direct,2364946.774546908
348.90036634563893,708.900366345639,708,direct,retrograde,2365035.347721639
334.85237221530707,334.85237221530707,334,retrograde,direct,2365057.9007190373
112.61636093312943,472.61636093312944,472,direct,retrograde,2365158.8338224655
102.64615372779478,102.64615372779478,102,retrograde,direct,2365183.060121118
227.255024660768,587.255024660768,587,direct,retrograde,2365275.3519970095
211.30386668644064,211.30386668644064,211,retrograde,direct,2365295.7011146722
332.3040666511202,692.3040666511201,692,direct,retrograde,2365383.788905454
317.2655226552324,317.2655226552324,317,retrograde,direct,2365405.597950534
92.7287569590032,452.7287569590032,452,direct,retrograde,2365504.8736721314
83.8217936897433,83.8217936897433,83,retrograde,direct,2365528.936679028
211.20715957187477,571.2071595718747,571,direct,retrograde,2365623.663813698
195.57979513273537,195.57979513273537,195,retrograde,direct,2365644.6296101715
316.0176563729466,676.0176563729466,676,direct,retrograde,2365732.51162689
300.31969812267323,300.31969812267323,300,retrograde,direct,2365753.593894178
72.68676683351573,432.6867668335157,432,direct,retrograde,2365850.48148412
64.12989921712442,64.12989921712442,64,retrograde,direct,2365874.373972059
194.87645197889657,554.8764519788965,554,direct,retrograde,2365971.747539716
179.7453052352762,179.7453052352762,179,retrograde,direct,2365993.4761726493
299.9378373306411,659.9378373306411,659,direct,retrograde,2366081.377346239
283.8565580488581,283.8565580488581,283,retrograde,direct,2366101.8352559935
53.04073865022366,413.04073865022366,413,direct,retrograde,2366196.0735020647
43.94703474386987,43.94703474386987,43,retrograde,direct,2366219.922618036
178.13087558079124,538.1308755807912,538,direct,retrograde,2366319.5782347796
163.72332908219448,163.72332908219448,163,retrograde,direct,2366342.1314441357
284.00641786675016,644.0064178667501,644,direct,retrograde,2366430.288392244
267.7438502647272,267.7438502647272,267,retrograde,direct,2366450.292045314
34.15631774425345,394.15631774425344,394,direct,retrograde,2366542.202443191
23.821034819264398,23.821034819264398,23,retrograde,direct,2366565.9526235005
160.80395427324095,520.803954273241,520,direct,retrograde,2366667.127249345
147.38845074978929,147.38845074978929,147,retrograde,direct,2366690.450264899
268.1627643575325,628.1627643575325,628,direct,retrograde,2366779.1626624763
251.86055611114,251.86055611114,251,retrograde,direct,2366798.9325324595
16.099710446589043,376.09971044658903,376,direct,retrograde,2366889.115423536
4.229728237956536,4.229728237956536,4,retrograde,direct,2366912.5693377675
142.75479855851998,502.75479855851995,502,direct,retrograde,2367014.3638148047
130.59026749831048,130.59026749831048,130,retrograde,direct,2367038.2584060812
252.34712697019617,612.3471269701962,612,direct,retrograde,2367127.9346339675
236.1080100308269,236.1080100308269,236,retrograde,direct,2367147.725990883
358.7340653313128,718.7340653313129,718,direct,retrograde,2367236.7518173046
345.40528945747263,345.40528945747263,345,retrograde,direct,2367259.6921311878
123.8941033076663,483.8941033076663,483,direct,retrograde,2367361.200079307
113.1373300316147,113.1373300316147,113,retrograde,direct,2367385.375040233
236.50440739931258,596.5044073993126,596,direct,retrograde,2367476.550420653
220.4197229756677,220.4197229756677,220,retrograde,direct,2367496.62410626
341.90507304730824,701.9050730473082,701,direct,retrograde,2367584.9497108757
327.3968261242256,327.3968261242256,327,retrograde,direct,2367607.2061521867
104.29989191404766,464.29989191404763,464,direct,retrograde,2367707.524252246
94.84627094004355,94.84627094004355,94,retrograde,direct,2367731.702091163
220.55249821582285,580.5524982158229,580,direct,retrograde,2367824.97206246
204.72429332778205,204.72429332778205,204,retrograde,direct,2367845.5648039645
325.4517707259764,685.4517707259764,685,direct,retrograde,2367933.5272413846
310.09801954876207,310.09801954876207,310,retrograde,direct,2367955.027946878
84.29537599576211,444.29537599576213,444,direct,retrograde,2368053.3386408323
75.64531890799522,75.64531890799522,75,retrograde,direct,2368077.3449859163
204.40255796891256,564.4025579689126,564,direct,retrograde,2368173.1804707553
188.9661904359424,188.9661904359424,188,retrograde,direct,2368194.470952633
309.25647756977105,669.256477569771,669,direct,retrograde,2368282.3288514726
293.3638434058157,293.3638434058157,293,retrograde,direct,2368303.1222037394
64.36571725559486,424.36571725559486,424,direct,retrograde,2368398.891970559
55.68525316623506,55.68525316623506,55,retrograde,direct,2368422.7407283653
187.91520283689488,547.9152028368949,547,direct,retrograde,2368521.162163889
173.06149464245254,173.06149464245254,173,retrograde,direct,2368543.246057271
293.2442904575514,653.2442904575514,653,direct,retrograde,2368631.230129539
277.05936453830407,277.05936453830407,277,retrograde,direct,2368651.459783023
45.00823061340625,405.0082306134062,405,direct,retrograde,2368744.663278627
35.44779755509265,35.44779755509265,35,retrograde,direct,2368768.468240223
170.93436803581508,530.934368035815,530,direct,retrograde,2368868.8904028526
156.9116195280822,156.9116195280822,156,retrograde,direct,2368891.7719602995
277.3472951465472,637.3472951465471,637,direct,retrograde,2368980.1335556274
261.0519500146253,261.0519500146253,261,retrograde,direct,2369000.0059321523
26.46562195689257,386.46562195689256,386,direct,retrograde,2369091.0978748333
15.490507242676028,15.490507242676028,15,retrograde,direct,2369114.7694618423
153.31518646266935,513.3151864626693,513,direct,retrograde,2369216.3171362197
140.4017013706953,140.4017013706953,140,retrograde,direct,2369239.9010553816
261.52248800085664,621.5224880008566,621,direct,retrograde,2369328.9656883795
245.23960286155665,245.23960286155665,245,retrograde,direct,2369348.720899012
8.718440445598784,368.7184404455988,368,direct,retrograde,2369438.3317630524
356.20380260783946,356.20380260783946,356,retrograde,direct,2369461.6050416837
134.92170125523478,494.9217012552348,494,direct,retrograde,2369563.377470686
123.35194769374867,123.35194769374867,123,retrograde,direct,2369587.446665271
245.70428916257492,605.7042891625749,605,direct,retrograde,2369677.6718750745
229.52431494066485,229.52431494066485,229,retrograde,direct,2369697.5616335366
351.6093447315683,711.6093447315683,711,direct,retrograde,2369786.240062001
337.7361385768369,337.7361385768369,337,retrograde,direct,2369808.891714451
115.73309685352837,475.73309685352837,475,direct,retrograde,2369910.0049348027
105.5658181352643,105.5658181352643,105,retrograde,direct,2369934.227278199
229.82850016334248,589.8285001633425,589,direct,retrograde,2370026.2123274878
213.83742916284237,213.83742916284237,213,retrograde,direct,2370046.4805546906
334.9517732971644,694.9517732971644,694,direct,retrograde,2370134.6238268586
320.0392475155544,320.0392475155544,320,retrograde,direct,2370156.5472306535
95.902153224204,455.90215322420397,455,direct,retrograde,2370256.1207105257
86.87194376386627,86.87194376386627,86,retrograde,direct,2370280.2082896978
213.81027288690973,573.8102728869097,573,direct,retrograde,2370374.555986204
198.12522062537212,198.12522062537212,198,retrograde,direct,2370395.416283421
318.622977365045,678.622977365045,678,direct,retrograde,2370483.3108016597
303.00610572581564,303.00610572581564,303,retrograde,direct,2370504.5032848883
75.8474617818814,435.8474617818814,435,direct,retrograde,2370601.76503303
67.29539354542813,67.29539354542813,67,retrograde,direct,2370625.688814831
197.5268866935963,557.5268866935963,557,direct,retrograde,2370722.671216673
182.31069357410996,182.31069357410996,182,retrograde,direct,2370744.283359234
302.51844329277895,662.518443292779,662,direct,retrograde,2370832.16379063
286.48004687674376,286.48004687674376,286,retrograde,direct,2370852.707506153
56.124943858396485,416.1249438583965,416,direct,retrograde,2370947.331721789
47.16502304859551,47.16502304859551,47,retrograde,direct,2370971.1853171624
180.85154253542416,540.8515425354242,540,direct,retrograde,2371070.5365578253
166.3213549074612,166.3213549074612,166,retrograde,direct,2371092.9751555324
286.5685811934663,646.5685811934663,646,direct,retrograde,2371181.0768125355
270.32078691565687,270.32078691565687,270,retrograde,direct,2371201.1307589
37.11466575837183,397.1146657583718,397,direct,retrograde,2371293.3632920804
26.99287213128067,26.99287213128067,26,retrograde,direct,2371317.124360781
163.62075119377133,523.6207511937713,523,direct,retrograde,2371418.135309411
150.03877159119216,150.03877159119216,150,retrograde,direct,2371441.3505377406
270.71513506617487,630.7151350661749,630,direct,retrograde,2371529.962603648
254.40926125995276,254.40926125995276,254,retrograde,direct,2371549.74709005
18.93309401914653,378.93309401914655,378,direct,retrograde,2371640.148964216
7.294062204296121,7.294062204296121,7,retrograde,direct,2371663.66513313
145.68333770702066,505.68333770702066,505,direct,retrograde,2371765.4266349142
133.31818452711298,133.31818452711298,133,retrograde,direct,2371789.2436533254
254.89332760594877,614.8933276059488,614,direct,retrograde,2371878.7507799333
238.6390935201714,238.6390935201714,238,retrograde,direct,2371898.522027809
1.4760244464167405,361.4760244464167,361,direct,retrograde,2371987.6838170383
348.35096518075613,348.35096518075613,348,retrograde,direct,2372010.7227144632
126.9508218005588,486.9508218005588,486,direct,retrograde,2372112.325941514
115.98432904315005,115.98432904315005,115,retrograde,direct,2372136.480353955
239.06118763879195,599.0611876387919,599,direct,retrograde,2372227.3879392594
222.9496815201945,222.9496815201945,222,retrograde,direct,2372247.40886865
344.5800594341612,704.5800594341613,704,direct,retrograde,2372335.811300274
330.22661117487075,330.22661117487075,330,retrograde,direct,2372358.1748779844
107.46004597283824,467.46004597283826,467,direct,retrograde,2372458.725151415
97.83503248194555,97.83503248194555,97,retrograde,direct,2372482.9286205266
223.13840709383115,583.1384070938311,583,direct,retrograde,2372575.840419206
207.26560368801026,207.26560368801026,207,retrograde,direct,2372596.3471693434
328.0826552445331,688.082655244533,688,direct,retrograde,2372684.346897481
312.83291537441465,312.83291537441465,312,retrograde,direct,2372705.952850354
87.49193977106681,447.4919397710668,447,direct,retrograde,2372804.6152669117
78.76702365705478,78.76702365705478,78,retrograde,direct,2372828.6443010354
207.02838503667405,567.0283850366741,567,direct,retrograde,2372924.0856647063
191.52254279378073,191.52254279378073,191,retrograde,direct,2372945.261598178
311.8552820924529,671.8552820924529,671,direct,retrograde,2373033.1242149845
296.0238265966397,296.0238265966397,296,retrograde,direct,2373054.0127518466
67.51149925260674,427.51149925260677,427,direct,retrograde,2373150.1836043596
58.892026075800594,58.892026075800594,58,retrograde,direct,2373174.039164151
190.6048217076855,550.6048217076855,550,direct,retrograde,2373272.109747449
175.6489734591222,175.6489734591222,175,retrograde,direct,2373294.064891726
295.8243610448288,655.8243610448287,655,direct,retrograde,2373382.0163771054
279.6710246358619,279.6710246358619,279,retrograde,direct,2373402.322097415
48.038055086010836,408.03805508601084,408,direct,retrograde,2373495.876442818
38.65470769194395,38.65470769194395,38,retrograde,direct,2373519.699362877
173.70924454173175,533.7092445417318,533,direct,retrograde,2373619.8736200333
159.54568779193093,159.54568779193093,159,retrograde,direct,2373642.639253148
279.9165217813381,639.9165217813381,639,direct,retrograde,2373730.9221296106
263.63068191821753,263.63068191821753,263,retrograde,direct,2373750.8373449603
29.380004034406333,389.38000403440634,389,direct,retrograde,2373842.1983199697
18.634085564847226,18.634085564847226,18,retrograde,direct,2373865.905783479
156.1977040818738,516.1977040818738,516,direct,retrograde,2373967.3406874603
143.1030724740262,143.1030724740262,143,retrograde,direct,2373990.840646405
264.0827563290105,624.0827563290105,624,direct,retrograde,2374079.7679923372
247.7923901489022,247.7923901489022,247,retrograde,direct,2374099.5249497592
11.52749831778099,371.527498317781,371,direct,retrograde,2374189.3232249627
359.23502570053887,359.23502570053887,359,retrograde,direct,2374212.661294099
137.92319015321073,497.9231901532107,497,direct,retrograde,2374314.4604597623
126.1432469576815,126.1432469576815,126,retrograde,direct,2374338.478920062
248.27253267520277,608.2725326752028,608,direct,retrograde,2374428.4987104097
232.06965388256637,232.06965388256637,232,retrograde,direct,2374448.3489835868
354.33305705114213,714.3330570511421,714,direct,retrograde,2374537.1423710017
340.64316519921385,340.64316519921385,340,retrograde,direct,2374559.8945107944
118.84259596899315,478.8425959689931,478,direct,retrograde,2374661.1654986963
108.47298453117014,108.47298453117014,108,retrograde,direct,2374685.375547073
232.4116564456922,592.4116564456922,592,direct,retrograde,2374777.068675895
216.3843062551259,216.3843062551259,216,retrograde,direct,2374797.262334346
337.61617528028785,697.6161752802878,697,direct,retrograde,2374885.464347421
322.8378612675143,322.8378612675143,322,retrograde,direct,2374907.5049294066
99.09102747112514,459.09102747112513,459,direct,retrograde,2375007.3600638667
89.92475984867924,89.92475984867924,89,retrograde,direct,2375031.476566787
216.42207467880894,576.4220746788089,576,direct,retrograde,2375125.4424636653
200.68284959206926,200.68284959206926,200,retrograde,direct,2375146.2037793053
321.24574729960125,681.2457472996012,681,direct,retrograde,2375234.114580394
305.7154591251181,305.7154591251181,305,retrograde,direct,2375255.4170276374
79.04089269163653,439.04089269163654,439,direct,retrograde,2375353.052971919
70.47403747688747,70.47403747688747,70,retrograde,direct,2375377.006833259
200.18475947027952,560.1847594702795,560,direct,retrograde,2375473.588290206
184.88798436226026,184.88798436226026,184,retrograde,direct,2375495.0878549255
305.11837277971597,665.118372779716,665,direct,retrograde,2375582.9534432683
289.1264777576873,289.1264777576873,289,retrograde,direct,2375603.582762872
59.23843521293731,419.2384352129373,419,direct,retrograde,2375698.6025409475
50.39398059525235,50.39398059525235,50,retrograde,direct,2375722.454805283
183.57187285875668,543.5718728587567,543,direct,retrograde,2375821.4918467766
168.92435792910146,168.92435792910146,168,retrograde,direct,2375843.810049439
289.1450934360305,649.1450934360305,649,direct,retrograde,2375931.864157561
272.9149239485846,272.9149239485846,272,retrograde,direct,2375951.97280954
40.09766794947317,400.0976679494732,400,direct,retrograde,2376044.5369267548
30.180672034138965,30.180672034138965,30,retrograde,direct,2376068.312226221
166.43359615686242,526.4335961568624,526,direct,retrograde,2376169.139719975
152.69178805793098,152.69178805793098,152,retrograde,direct,2376192.239434015
273.27421072863126,633.2742107286313,633,direct,retrograde,2376280.758627842
256.9676750082117,256.9676750082117,256,retrograde,direct,2376300.5661210017
21.78711011362429,381.7871101136243,381,direct,retrograde,2376391.196870219
10.37962660693381,10.37962660693381,10,retrograde,direct,2376414.7731940635
148.60547775597936,508.60547775597934,508,direct,retrograde,2376516.4807609916
136.0441917138237,136.0441917138237,136,retrograde,direct,2376540.217336298
257.4459313884353,617.4459313884354,617,direct,retrograde,2376629.561461541
241.17984460125268,241.17984460125268,241,retrograde,direct,2376649.3218703372
4.23548737358608,364.23548737358607,364,direct,retrograde,2376738.62887499
351.32067506416405,351.32067506416405,351,retrograde,direct,2376761.757483502
129.99334141943058,489.9933414194306,489,direct,retrograde,2376863.437071625
118.81507286133687,118.81507286133687,118,retrograde,direct,2376887.569052575
241.61723292796898,601.617232927969,601,direct,retrograde,2376978.222631043
225.48087485085694,225.48087485085694,225,retrograde,direct,2376998.1958887344
347.2636338342095,707.2636338342095,707,direct,retrograde,2377086.6849201815
333.0721219728612,333.0721219728612,333,retrograde,direct,2377109.1507871468
110.60427096038515,470.6042709603852,470,direct,retrograde,2377209.914204008
100.7958686711964,100.7958686711964,100,retrograde,direct,2377234.1356713464
225.7170394316541,585.717039431654,585,direct,retrograde,2377326.7067740075
209.80189330583522,209.80189330583522,209,retrograde,direct,2377347.128209045
330.7124432653018,690.7124432653018,690,direct,retrograde,2377435.172821315
315.5727667878277,315.5727667878277,315,retrograde,direct,2377456.886007664
90.67334197591963,450.67334197591964,450,direct,retrograde,2377555.8844235297
81.85647199382225,81.85647199382225,81,retrograde,direct,2377579.933639136
209.64160755916268,569.6416075591627,569,direct,retrograde,2377674.9898733236
194.06920018454144,194.06920018454144,194,retrograde,direct,2377696.0507370876
314.4501039581698,674.4501039581698,674,direct,retrograde,2377783.9210434854
298.6868539107598,298.6868539107598,298,retrograde,direct,2377804.911708026
70.65152463550064,430.65152463550066,430,direct,retrograde,2377901.473574142
62.07615530351393,62.07615530351393,62,retrograde,direct,2377925.344438819
193.27414655611474,553.2741465561147,553,direct,retrograde,2378023.047216136
178.2207311332606,178.2207311332606,178,retrograde,direct,2378044.8783475515
298.3931744926625,658.3931744926625,658,direct,retrograde,2378132.7999546053
282.27614395146014,282.27614395146014,282,retrograde,direct,2378153.1865742616
51.07888760899651,411.0788876089965,411,direct,retrograde,2378247.1043759715
41.859488542481905,41.859488542481905,41,retrograde,direct,2378270.940761773
176.45856444302987,536.4585644430299,536,direct,retrograde,2378370.8459442686
162.1606720957358,162.1606720957358,162,retrograde,direct,2378393.4980961327
282.4751302870127,642.4751302870127,642,direct,retrograde,2378481.7085320316
266.20098986575556,266.20098986575556,266,retrograde,direct,2378501.6698725764
32.30667715101819,392.3066771510182,392,direct,retrograde,2378593.3202501126
21.784616527597162,21.784616527597162,21,retrograde,direct,2378617.053367666
159.04426628309864,519.0442662830986,519,direct,retrograde,2378718.3555297246
145.77493207446784,145.77493207446784,145,retrograde,direct,2378741.763836272
266.63637271092097,626.636372710921,626,direct,retrograde,2378830.569980488
250.33880385617462,250.33880385617462,250,retrograde,direct,2378850.3322896548
14.340954576762606,374.3409545767626,374,direct,retrograde,2378940.3321380503
2.2742545726721874,2.2742545726721874,2,retrograde,direct,2378963.7336525507
140.89142189917828,500.8914218991783,500,direct,retrograde,2379065.539205081
128.90491519315168,128.90491519315168,128,retrograde,direct,2379089.49391557
250.83115131899993,610.8311513189999,610,direct,retrograde,2379179.3241111673
234.60676361089153,234.60676361089153,234,retrograde,direct,2379199.1401032303
357.05483890553097,717.0548389055309,717,direct,retrograde,2379288.055433008
343.55542235713017,343.55542235713017,343,retrograde,direct,2379310.9081480335
121.93052027193292,481.9305202719329,481,direct,retrograde,2379412.3180808313
111.35479375497337,111.35479375497337,111,retrograde,direct,2379436.509968591
234.98195526722074,594.9819552672208,594,direct,retrograde,2379527.921074219
218.9224422793679,218.9224422793679,218,retrograde,direct,2379548.0471270615
340.2797086600146,700.2797086600146,700,direct,retrograde,2379636.3108886955
325.64413831973445,325.64413831973445,325,retrograde,direct,2379658.468685682
102.27154127556557,462.2715412755656,462,direct,retrograde,2379758.585927057
92.95510343412569,92.95510343412569,92,retrograde,direct,2379782.734877222
219.01470797493178,579.0147079749318,579,direct,retrograde,2379876.320080301
203.2263230470365,203.2263230470365,203,retrograde,direct,2379896.9889010964
323.8695419446078,683.8695419446078,683,direct,retrograde,2379984.9227175685
308.43166475017927,308.43166475017927,308,retrograde,direct,2380006.3324854868
82.2374184176737,442.23741841767367,442,direct,retrograde,2380104.336561851
73.63439026739579,73.63439026739579,73,retrograde,direct,2380128.3201007666
202.82501874810785,562.8250187481078,562,direct,retrograde,2380224.4992458336
187.4529657984895,187.4529657984895,187,retrograde,direct,2380245.8859563805
307.7156097216189,667.7156097216189,667,direct,retrograde,2380333.7437361563
291.7744461809253,291.7744461809253,291,retrograde,direct,2380354.4593455326
62.35684257622564,422.35684257622563,422,direct,retrograde,2380449.8798872717
53.608873170643314,53.608873170643314,53,retrograde,direct,2380473.730299998
186.28320200135127,546.2832020013512,546,direct,retrograde,2380572.444014835
171.5229609787272,171.5229609787272,171,retrograde,direct,2380594.6366319926
291.72171917456325,651.7217191745633,651,direct,retrograde,2380682.651109049
275.51363786910775,275.51363786910775,275,retrograde,direct,2380702.821441629
43.09689567304376,403.0968956730438,403,direct,retrograde,2380795.7242345866
33.376501306801885,33.376501306801885,33,retrograde,direct,2380819.514681937
169.24166050492462,529.2416605049247,529,direct,retrograde,2380920.137760425
155.34583631892602,155.34583631892602,155,retrograde,direct,2380943.1205660505
275.83746705987954,635.8374670598796,635,direct,retrograde,2381031.551490603
259.53483389067827,259.53483389067827,259,retrograde,direct,2381051.3909935234
24.67004739971464,384.67004739971463,384,direct,retrograde,2381142.263869418
13.496216005937658,13.496216005937658,13,retrograde,direct,2381165.893224571
151.5250367512415,511.5250367512415,511,direct,retrograde,2381267.526900964
138.77213217995848,138.77213217995848,138,retrograde,direct,2381291.18122912
260.011328924591,620.011328924591,620,direct,retrograde,2381380.3703300646
243.7356145299498,243.7356145299498,243,retrograde,direct,2381400.1265514567
7.023032904439232,367.0230329044392,367,direct,retrograde,2381489.5919411797
354.3233948695607,354.3233948695607,354,retrograde,direct,2381512.8014508756
133.02601348841873,493.0260134884187,493,direct,retrograde,2381614.5353379
121.63611073280902,121.63611073280902,121,retrograde,direct,2381638.638778561
244.19062925054826,604.1906292505482,604,direct,retrograde,2381729.055652814
228.0300958841194,228.0300958841194,228,retrograde,direct,2381748.9831600646
349.9699311925328,709.9699311925328,709,direct,retrograde,2381837.5697280876
335.94685356787,335.94685356787,335,retrograde,direct,2381860.135274425
113.74244123177948,473.7424412317795,473,direct,retrograde,2381961.093357781
103.7440093866501,103.7440093866501,103,retrograde,direct,2381985.3209841195
228.3082278748911,588.3082278748911,588,direct,retrograde,2382077.570773161
212.35155528739094,212.35155528739094,212,retrograde,direct,2382097.9079148946
333.36019533486234,693.3601953348623,693,direct,retrograde,2382186.0020858636
318.3379855744594,318.3379855744594,318,retrograde,direct,2382207.8266304107
93.86085827630404,453.86085827630404,453,direct,retrograde,2382307.145569955
84.93694872818213,84.93694872818213,84,retrograde,direct,2382331.212718196
212.25930039701458,572.2593003970146,572,direct,retrograde,2382425.8868366005
196.62403992149282,196.62403992149282,196,retrograde,direct,2382446.8369017076
317.0602124312167,677.0602124312168,677,direct,retrograde,2382534.7185209272
301.3722765419218,301.3722765419218,301,retrograde,direct,2382555.8169273613
73.81983731139911,433.8198373113991,433,direct,retrograde,2382652.762340852
65.26684503836316,65.26684503836316,65,retrograde,direct,2382676.6571047343
195.93651256129604,555.936512561296,555,direct,retrograde,2382773.974523442
180.79284458032114,180.79284458032114,180,retrograde,direct,2382795.687334056
300.97587091878563,660.9758709187856,660,direct,retrograde,2382883.583458864
284.89917518127555,284.89917518127555,284,retrograde,direct,2382904.053480358
54.15607689371513,414.1560768937151,414,direct,retrograde,2382998.3478968954
45.08342111338579,45.08342111338579,45,retrograde,direct,2383022.1960668145
179.19465518371794,539.1946551837179,539,direct,retrograde,2383121.8101404896
164.76993401302659,164.76993401302659,164,retrograde,direct,2383144.348304881
285.0426924924879,645.042692492488,645,direct,retrograde,2383232.4954589447
268.78161894615283,268.78161894615283,268,retrograde,direct,2383252.5054355673
35.25145858584632,395.2514585858463,395,direct,retrograde,2383344.4620657302
24.946306849215464,24.946306849215464,24,retrograde,direct,2383368.213672771
161.8787885079926,521.8787885079926,521,direct,retrograde,2383469.3664618963
148.43998524731705,148.43998524731705,148,retrograde,direct,2383492.6744606327
269.1937349839213,629.1937349839213,629,direct,retrograde,2383581.3711364437
252.8898120483169,252.8898120483169,252,retrograde,direct,2383601.143133781
17.164081240754555,377.16408124075457,377,direct,retrograde,2383691.3547587562
5.326017479154208,5.326017479154208,5,retrograde,direct,2383714.817361865
143.84977444944496,503.84977444944496,503,direct,retrograde,2383816.6129442984
131.65802510106138,131.65802510106138,131,retrograde,direct,2383840.4959801277
253.3841908858803,613.3841908858803,613,direct,retrograde,2383930.1461435733
237.14179701439494,237.14179701439494,237,retrograde,direct,2383949.9353435133
359.7853030586394,719.7853030586393,719,direct,retrograde,2384038.9770305604
346.4849413862042,346.4849413862042,346,retrograde,direct,2384061.9302621093
125.0075594694542,485.0075594694542,485,direct,retrograde,2384163.459131076
114.22110342451218,114.22110342451218,114,retrograde,direct,2384187.630033263
237.54213688464714,597.5421368846471,597,direct,retrograde,2384278.765666414
221.45320859916214,221.45320859916214,221,retrograde,direct,2384298.832001158
342.9508502824124,702.9508502824124,702,direct,retrograde,2384387.1649896316
328.4649349215912,328.4649349215912,328,retrograde,direct,2384409.435877084
105.4302867625444,465.43028676254437,465,direct,retrograde,2384509.79198665
95.95139086226311,95.95139086226311,95,retrograde,direct,2384533.974972341
221.5946811242595,581.5946811242595,581,direct,retrograde,2384627.1916574817
205.7603012587484,205.7603012587484,205,retrograde,direct,2384647.772012925
326.49496431843045,686.4949643184304,686,direct,retrograde,2384735.7375237364
311.1550919930205,311.1550919930205,311,retrograde,direct,2384757.2525457265
85.41946346042805,445.41946346042806,445,direct,retrograde,2384855.61334074
76.76003279082623,76.76003279082623,76,retrograde,direct,2384879.623926243
205.45254384990972,565.4525438499097,565,direct,retrograde,2384975.4066552054
190.0074409040385,190.0074409040385,190,retrograde,direct,2384996.6799695063
310.30495077026694,670.3049507702669,670,direct,retrograde,2385084.5375725096
294.41974847729466,294.41974847729466,294,retrograde,direct,2385105.3440099563
65.47989945175195,425.479899451752,425,direct,retrograde,2385201.168371246
56.80985695305479,56.80985695305479,56,retrograde,direct,2385225.0175500466
188.9763503702788,548.9763503702789,548,direct,retrograde,2385323.394339405
174.10855270654244,174.10855270654244,174,retrograde,direct,2385345.459255877
294.28726704330313,654.2872670433031,654,direct,retrograde,2385433.438573799
278.10543729718205,278.10543729718205,278,retrograde,direct,2385453.6785528
46.116386822091734,406.1163868220917,406,direct,retrograde,2385546.931104501
36.58320189875029,36.58320189875029,36,retrograde,direct,2385570.7372511784
172.0177349030765,532.0177349030765,532,direct,retrograde,2385671.128009975
157.97508828502586,157.97508828502586,157,retrograde,direct,2385693.9937857063
278.3882957074979,638.388295707498,638,direct,retrograde,2385782.341323412
262.09340687558256,262.09340687558256,262,retrograde,direct,2385802.2196872886
27.564187809028912,387.5641878090289,387,direct,retrograde,2385893.3501955066
16.623237736016375,16.623237736016375,16,retrograde,direct,2385917.02547535
154.4079904901076,514.4079904901076,514,direct,retrograde,2386018.558142664
141.46926441149714,141.46926441149714,141,retrograde,direct,2386042.130355167
262.5657212779206,622.5657212779206,622,direct,retrograde,2386131.174902561
246.281460921855,246.281460921855,246,retrograde,direct,2386150.930790687
9.804057421133512,369.8040574211335,369,direct,retrograde,2386240.5686687836
357.32239175944835,357.32239175944835,357,retrograde,direct,2386263.849990773
136.03295508621085,496.03295508621085,496,direct,retrograde,2386365.6246324237
124.43296784399759,124.43296784399759,124,retrograde,direct,2386389.688817597
246.75268395055707,606.7526839505571,606,direct,retrograde,2386479.8839185378
230.56926632771547,230.56926632771547,230,retrograde,direct,2386499.768097584
352.67183563315905,712.671835633159,712,direct,retrograde,2386588.4617290394
338.82386496378086,338.82386496378086,338,retrograde,direct,2386611.1263146224
116.86898980455503,476.86898980455504,476,direct,retrograde,2386712.2680252707
106.67353963369119,106.67353963369119,106,retrograde,direct,2386736.48841023
230.88781987944077,590.8878198794407,590,direct,retrograde,2386828.4304892113
214.89149951726722,214.89149951726722,214,retrograde,direct,2386848.6875113863
336.0087900642533,696.0087900642533,696,direct,retrograde,2386936.83599535
321.11386128371373,321.11386128371373,321,retrograde,direct,2386958.775949208
97.05166408411705,457.0516640841171,457,direct,retrograde,2387058.3974348074
88.00391331205655,88.00391331205655,88,retrograde,direct,2387082.486164472
214.8725830877893,574.8725830877893,574,direct,retrograde,2387176.7782856915
199.17927662526424,199.17927662526424,199,retrograde,direct,2387197.624422934
319.6798973011214,679.6798973011214,679,direct,retrograde,2387285.5194477867
304.07471685272253,304.07471685272253,304,retrograde,direct,2387306.727172888
76.99873838072756,436.99873838072756,436,direct,retrograde,2387404.0466221366
68.4466705014108,68.4466705014108,68,retrograde,direct,2387427.9740415495
198.5978295253913,558.5978295253913,558,direct,retrograde,2387524.898236856
183.37019510861725,183.37019510861725,183,retrograde,direct,2387546.495429259
303.57317503398866,663.5731750339887,663,direct,retrograde,2387634.3706160504
287.5406318103854,287.5406318103854,287,retrograde,direct,2387654.9256119635
57.25188535113315,417.2518853511331,417,direct,retrograde,2387749.605157146
48.30891528799143,48.30891528799143,48,retrograde,direct,2387773.459485946
181.93307338192017,541.9330733819202,541,direct,retrograde,2387872.7706160415
167.38719503738466,167.38719503738466,167,retrograde,direct,2387895.1916947067
287.6241720224818,647.6241720224818,647,direct,retrograde,2387983.2842696467
271.3775994101874,271.3775994101874,271,retrograde,direct,2388003.3460491654
38.21879215485047,398.21879215485046,398,direct,retrograde,2388095.6223786455
28.125453049485323,28.125453049485323,28,retrograde,direct,2388119.3858842896
164.71302025235835,524.7130202523583,524,direct,retrograde,2388220.3753848625
151.10950316306892,151.10950316306892,151,retrograde,direct,2388243.5738445306
271.76385724718256,631.7638572471826,631,direct,retrograde,2388332.1704387665
255.45599731339442,255.45599731339442,255,retrograde,direct,2388351.9585570376
20.017354396128642,380.01735439612867,380,direct,retrograde,2388442.391046173
8.412088863806549,8.412088863806549,8,retrograde,direct,2388465.9135003667
146.7948751457957,506.7948751457957,506,direct,retrograde,2388567.6750204284
134.40143675505817,134.40143675505817,134,retrograde,direct,2388591.479918328
255.94310529556543,615.9431052955654,615,direct,retrograde,2388680.961908811
239.6861440504025,239.6861440504025,239,retrograde,direct,2388700.7322037723
2.5446443773070433,362.54464437730707,362,direct,retrograde,2388789.910291995
349.4499936178324,349.4499936178324,349,retrograde,direct,2388812.9612516267
128.06823642369045,488.06823642369045,488,direct,retrograde,2388914.5780830905
117.07070128138217,117.07070128138217,117,retrograde,direct,2388938.7309382465
240.10817921169138,600.1081792116913,600,direct,retrograde,2389029.602949784
223.99319594156458,223.99319594156458,223,retrograde,direct,2389049.6169458022
345.64151499087325,705.6415149908732,705,direct,retrograde,2389138.0298045306
331.3104197594092,331.3104197594092,331,retrograde,direct,2389160.408002723
108.58691904931213,468.58691904931214,468,direct,retrograde,2389260.9875246882
98.93568339695207,98.93568339695207,98,retrograde,direct,2389285.196591161
224.18433967899193,584.1843396789919,584,direct,retrograde,2389378.060120617
208.30621258534987,208.30621258534987,208,retrograde,direct,2389398.554362364
329.1336716609831,689.133671660983,689,direct,retrograde,2389486.5593590904
313.89770729528215,313.89770729528215,313,retrograde,direct,2389508.179938305
88.61912682548432,448.61912682548433,448,direct,retrograde,2389606.8916554004
79.88386582906632,79.88386582906632,79,retrograde,direct,2389630.921897469
208.08415339875538,568.0841533987553,568,direct,retrograde,2389726.312029031
192.56843894575894,192.56843894575894,192,retrograde,direct,2389747.471255117
312.90007358419075,672.9000735841907,672,direct,retrograde,2389835.333805385
297.07679930253056,297.07679930253056,297,retrograde,direct,2389856.2365426803
68.63097991397949,428.6309799139795,428,direct,retrograde,2389952.462811988
60.01949370888416,60.01949370888416,60,retrograde,direct,2389976.318060073
191.66458692389372,551.6645869238937,551,direct,retrograde,2390074.3390848413
176.6945115485153,176.6945115485153,176,retrograde,direct,2390096.2774478085
296.86032403642054,656.8603240364205,656,direct,retrograde,2390184.2231315617
280.7113887861943,280.7113887861943,280,retrograde,direct,2390204.539730602
49.15426533221923,409.1542653322192,409,direct,retrograde,2390298.1488976423
39.79577262420924,39.79577262420924,39,retrograde,direct,2390321.9736127704
174.77718107084178,534.7771810708418,534,direct,retrograde,2390422.108299666
160.59455225117935,160.59455225117935,160,retrograde,direct,2390444.85764971
280.9485503128725,640.9485503128725,640,direct,retrograde,2390533.1280411603
264.6635804039861,264.6635804039861,264,retrograde,direct,2390553.050381761
30.46970325094594,390.46970325094594,390,direct,retrograde,2390644.4528673664
19.75685341608744,19.75685341608744,19,retrograde,direct,2390668.164427533
157.2741621882505,517.2741621882506,517,direct,retrograde,2390769.5797955077
144.15562783264167,144.15562783264167,144,retrograde,direct,2390793.067370481
265.12106527261733,625.1210652726173,625,direct,retrograde,2390881.977160084
248.82860606852867,248.82860606852867,248,retrograde,direct,2390901.735148846
12.59337170195843,372.5933717019584,372,direct,retrograde,2390991.560658372
0.33289358048214895,0.33289358048214895,0,retrograde,direct,2391014.9068569345
139.02079025495993,499.02079025495993,499,direct,retrograde,2391116.7104101945
127.21171669188402,127.21171669188402,127,retrograde,direct,2391140.7205313183
249.3084885939351,609.3084885939351,609,direct,retrograde,2391230.711483484
233.10196271479543,233.10196271479543,233,retrograde,direct,2391250.556399227
355.3828169541496,715.3828169541496,715,direct,retrograde,2391339.36483166
341.71967663940103,341.71967663940103,341,retrograde,direct,2391362.1296937764
119.96946142510946,479.96946142510944,479,direct,retrograde,2391463.4305356964
109.57043444076452,109.57043444076452,109,retrograde,direct,2391487.636882942
233.45096513160092,593.4509651316009,593,direct,retrograde,2391579.286569883
217.41826391749285,217.41826391749285,217,retrograde,direct,2391599.4704309003
338.66137381260717,698.6613738126072,698,direct,retrograde,2391687.67848143
323.90275222351215,323.90275222351215,323,retrograde,direct,2391709.7354859626
100.22412442564783,460.2241244256478,460,direct,retrograde,2391809.6320775747
91.03759560003994,91.03759560003994,91,retrograde,direct,2391833.753664952
217.4652289189728,577.4652289189728,577,direct,retrograde,2391927.6638307283
201.7196776783788,201.7196776783788,201,retrograde,direct,2391948.4124115696
322.2925523236114,682.2925523236114,682,direct,retrograde,2392036.32443159
306.77480290337974,306.77480290337974,306,retrograde,direct,2392057.6410428407
80.17104865517047,440.17104865517047,440,direct,retrograde,2392155.329479683
71.59988880746538,71.59988880746538,71,retrograde,direct,2392179.289240813
201.23903884181942,561.2390388418194,561,direct,retrograde,2392275.815155917
185.9324372702841,185.9324372702841,185,retrograde,direct,2392297.298716382
306.1584734982722,666.1584734982722,666,direct,retrograde,2392385.159920275
290.17261616530664,290.17261616530664,290,retrograde,direct,2392405.800875283
60.35131414701285,420.35131414701283,420,direct,retrograde,2392500.8765680175
51.52214165140798,51.52214165140798,51,retrograde,direct,2392524.727232633
184.64827440331536,544.6482744033153,544,direct,retrograde,2392623.7249944145
169.98549757290297,169.98549757290297,169,retrograde,direct,2392646.025107502
290.18899497906426,650.1889949790643,650,direct,retrograde,2392734.070881271
273.9601965811554,273.9601965811554,273,retrograde,direct,2392754.188558596
41.19714204400396,401.19714204400395,401,direct,retrograde,2392846.799196223
31.30940120469166,31.30940120469166,31,retrograde,direct,2392870.5734424805
167.52283746927074,527.5228374692707,527,direct,retrograde,2392971.3787380783
153.75937057622875,153.75937057622875,153,retrograde,direct,2392994.4614625927
274.32161868623314,634.3216186862331,634,direct,retrograde,2393082.966943496
258.01506304938226,258.01506304938226,258,retrograde,direct,2393102.7792924168
22.88020600522304,382.88020600522304,382,direct,retrograde,2393193.443310976
11.508166125416999,11.508166125416999,11,retrograde,direct,2393217.0260359664
149.71131990846737,509.7113199084674,509,direct,retrograde,2393318.7259303387
137.12191472070828,137.12191472070828,137,retrograde,direct,2393342.450708187
258.4991801786432,618.4991801786432,618,direct,retrograde,2393431.773223969
242.23128844699713,242.23128844699713,242,retrograde,direct,2393451.5329106534
5.3142626504109725,365.31426265041097,365,direct,retrograde,2393540.859924364
352.4299779151973,352.4299779151973,352,retrograde,direct,2393564.000704944
131.1094909005907,491.1094909005907,491,direct,retrograde,2393665.687692578
119.9021851210035,119.9021851210035,119,retrograde,direct,2393689.8172924295
242.67706340879616,602.6770634087961,602,direct,retrograde,2393780.438328542
226.53736599330657,226.53736599330657,226,retrograde,direct,2393800.404409649
348.3374299732163,708.3374299732163,708,direct,retrograde,2393888.906187201
334.16836156432186,334.16836156432186,334,retrograde,direct,2393911.3857883057
111.73577081273923,471.73577081273925,471,direct,retrograde,2394012.1772223357
101.90263362087178,101.90263362087178,101,retrograde,direct,2394036.3993371855
226.77639293196492,586.7763929319649,586,direct,retrograde,2394128.926074581
210.8550843078739,210.8550843078739,210,retrograde,direct,2394149.335424104
331.77662186664446,691.7766218666445,691,direct,retrograde,2394237.386151172
316.65312577707675,316.65312577707675,316,retrograde,direct,2394259.1143220644
91.82253960076484,451.82253960076486,451,direct,retrograde,2394358.1626686417
82.99205723427973,82.99205723427973,82,retrograde,direct,2394382.2120468123
210.70633309501676,570.7063330950168,570,direct,retrograde,2394477.2128308704
195.12444301148045,195.12444301148045,195,retrograde,direct,2394498.2585476274
315.5051524293917,675.5051524293917,675,direct,retrograde,2394586.129101048
299.7515999312758,299.7515999312758,299,retrograde,direct,2394607.1340553863
71.79894669088453,431.7989466908845,431,direct,retrograde,2394703.753778469
63.22698064789706,63.22698064789706,63,retrograde,direct,2394727.628900011
194.33971726169273,554.3397172616927,554,direct,retrograde,2394825.2750753835
179.27454146132632,179.27454146132632,179,retrograde,direct,2394847.088901926
299.4456982193768,659.4456982193768,659,direct,retrograde,2394935.005190624
283.3336676709647,283.3336676709647,283,retrograde,direct,2394955.403614023
52.2112541596173,412.2112541596173,412,direct,retrograde,2395049.3773599323
43.01348151427433,43.01348151427433,43,retrograde,direct,2395073.2173895836
177.53207584211822,537.5320758421183,537,direct,retrograde,2395173.078011373
163.2169979808663,163.2169979808663,163,retrograde,direct,2395195.71419614
283.52198537812944,643.5219853781294,643,direct,retrograde,2395283.914118129
267.2482318227392,267.2482318227392,267,retrograde,direct,2395303.8827625895
33.402112122143826,393.4021121221438,393,direct,retrograde,2395395.575494607
22.912236607384024,22.912236607384024,22,retrograde,direct,2395419.3096645474
160.1423161003172,520.1423161003172,520,direct,retrograde,2395520.5971744144
146.84886974588395,146.84886974588395,146,retrograde,direct,2395543.992291185
267.68502384437767,627.6850238443776,627,direct,retrograde,2395632.7793406937
251.38522150142802,251.38522150142802,251,retrograde,direct,2395652.5429634107
15.416364420570044,375.41636442057006,375,direct,retrograde,2395742.5701771695
3.381958337800586,3.381958337800586,3,retrograde,direct,2395765.978172118
142.00891307920944,502.00891307920944,502,direct,retrograde,2395867.7915414376
129.9922924124437,129.9922924124437,129,retrograde,direct,2395891.7365093883
251.87426591053287,611.8742659105328,611,direct,retrograde,2395981.537966214
235.64667250889437,235.64667250889437,235,retrograde,direct,2396001.34970056
358.12159829032163,718.1215982903216,718,direct,retrograde,2396090.280817222
344.65058385612946,344.65058385612946,344,retrograde,direct,2396113.147512164
123.06009328564616,483.0600932856462,483,direct,retrograde,2396214.5786914527
112.45344404744259,112.45344404744259,112,retrograde,direct,2396238.768233116
236.0245043986398,596.0245043986398,596,direct,retrograde,2396330.1375039136
219.9602322484026,219.9602322484026,219,retrograde,direct,2396350.2554220622
341.3333655158494,701.3333655158494,701,direct,retrograde,2396438.526716084
326.71822759900886,326.71822759900886,326,retrograde,direct,2396460.6997480104
103.39434435251566,463.39434435251565,463,direct,retrograde,2396560.850719314
94.05625395744738,94.05625395744738,94,retrograde,direct,2396585.006182897
220.06432804756815,580.0643280475681,580,direct,retrograde,2396678.541474011
204.2696106664726,204.2696106664726,204,retrograde,direct,2396699.1980288206
324.91529994778415,684.9152999477842,684,direct,retrograde,2396787.1329638073
309.4902160377798,309.4902160377798,309,retrograde,direct,2396808.557437354
83.35782847956035,443.35782847956034,443,direct,retrograde,2396906.6108484073
74.74783871026916,74.74783871026916,74,retrograde,direct,2396930.5982690835
203.87927647329496,563.879276473295,563,direct,retrograde,2397026.724225023
188.49706451784525,188.49706451784525,188,retrograde,direct,2397048.095327465
308.7501266835978,668.7501266835977,668,direct,retrograde,2397135.9507960854
292.8154373458575,292.8154373458575,292,retrograde,direct,2397156.6793832853
63.4769025556172,423.4769025556172,423,direct,retrograde,2397252.1609688792
54.74219686782604,54.74219686782604,54,retrograde,direct,2397276.0072775465
187.34774702996745,547.3477470299674,547,direct,retrograde,2397374.676232418
172.57205053805237,172.57205053805237,172,retrograde,direct,2397396.8505302733
292.75591742685174,652.7559174268517,652,direct,retrograde,2397484.8577724043
276.54983916383964,276.54983916383964,276,retrograde,direct,2397505.0382194985
44.19836432324901,404.198364323249,404,direct,retrograde,2397597.9914931683
34.50692691659412,34.50692691659412,34,retrograde,direct,2397621.7828720706
170.30830415421275,530.3083041542127,530,direct,retrograde,2397722.3748119464
156.39182839967427,156.39182839967427,156,retrograde,direct,2397745.3401186494
276.87490394450225,636.8749039445022,636,direct,retrograde,2397833.7601665324
260.57269357412343,260.57269357412343,260,retrograde,direct,2397853.604865715
25.75208961046673,385.7520896104667,385,direct,retrograde,2397944.5127780307
14.611933527101003,14.611933527101003,14,retrograde,direct,2397968.1498525348
152.60605184355143,512.6060518435514,512,direct,retrograde,2398069.768465709
139.8270893225165,139.8270893225165,139,retrograde,direct,2398093.412388405
261.04751317704086,621.0475131770409,621,direct,retrograde,2398182.5802485794
244.7700392695675,244.7700392695675,244,retrograde,direct,2398202.3361061327
8.083873536363225,368.0838735363632,368,direct,retrograde,2398291.8238471486
355.4140512702272,355.4140512702272,355,retrograde,direct,2398315.0432420345
134.1345435562233,494.1345435562233,494,direct,retrograde,2398416.7889790013
122.71642832976335,122.71642832976335,122,retrograde,direct,2398440.886813024
245.23194352386975,605.2319435238697,605,direct,retrograde,2398531.2695469772
229.06775068402285,229.06775068402285,229,retrograde,direct,2398551.1910548788
351.0251143461161,711.0251143461161,711,direct,retrograde,2398639.790552647
337.0261235579799,337.0261235579799,337,retrograde,direct,2398662.369185144
114.87022333915365,474.87022333915365,474,direct,retrograde,2398763.359132436
104.84485045622685,104.84485045622685,104,retrograde,direct,2398787.58462991
229.35159153628663,589.3515915362866,589,direct,retrograde,2398879.7884035995
213.38873517772316,213.38873517772316,213,retrograde,direct,2398900.1144772954
334.4117392346794,694.4117392346793,694,direct,retrograde,2398988.2156335535
319.40775921432396,319.40775921432396,319,retrograde,direct,2399010.0548497625
95.00388537500068,455.00388537500066,455,direct,retrograde,2399109.4209738346
86.0613253572851,86.0613253572851,86,retrograde,direct,2399133.4924470996
213.31112963596448,573.3111296359644,573,direct,retrograde,2399228.1102123437
197.66818010833998,197.66818010833998,197,retrograde,direct,2399249.045267633
318.10662085846553,678.1066208584655,678,direct,retrograde,2399336.9260460744
302.4299762315797,302.4299762315797,302,retrograde,direct,2399358.039352712
74.95239618879016,434.95239618879015,434,direct,retrograde,2399455.0391141213
66.40022474214476,66.40022474214476,66,retrograde,direct,2399478.9407236306
197.0007026602083,557.0007026602083,557,direct,retrograde,2399576.2038002443
181.84631859175227,181.84631859175227,181,retrograde,direct,2399597.8989763036
302.02776556535,662.02776556535,662,direct,retrograde,2399685.790371783
285.95631495673354,285.95631495673354,285,retrograde,direct,2399706.2731806347
55.27333185301976,415.2733318530198,415,direct,retrograde,2399800.6205358263
46.22098091464122,46.22098091464122,46,retrograde,direct,2399824.4684620043
180.27320626489185,540.2732062648919,540,direct,retrograde,2399924.04382841
165.83195275880297,165.83195275880297,165,retrograde,direct,2399946.566080955
286.0920377198531,646.0920377198531,646,direct,retrograde,2400034.703154262
269.8316913545363,269.8316913545363,269,retrograde,direct,2400054.7201885916
36.35493321751193,396.3549332175119,396,direct,retrograde,2400146.7219484486
26.08236809683752,26.08236809683752,26,retrograde,direct,2400170.4712785995
162.9810975859067,522.9810975859067,522,direct,retrograde,2400271.608532885
149.51798703527834,149.51798703527834,149,retrograde,direct,2400294.901470843
270.2439994498625,630.2439994498625,630,direct,retrograde,2400383.581081177
253.93855760052043,253.93855760052043,253,retrograde,direct,2400403.3547769627
18.25341512279495,378.25341512279493,378,direct,retrograde,2400493.5957647776
6.449298250712476,6.449298250712476,6,retrograde,direct,2400517.0660698796
144.95955747454474,504.95955747454474,504,direct,retrograde,2400618.85962798
132.73923600864063,132.73923600864063,132,retrograde,direct,2400642.7318539396
254.43423557761415,614.4342355776141,614,direct,retrograde,2400732.357836282
238.18899856815153,238.18899856815153,238,retrograde,direct,2400752.144207364
0.8649088845732635,360.86490888457325,360,direct,retrograde,2400841.2045153333
347.5935563548477,347.5935563548477,347,retrograde,direct,2400864.1711385185
126.12924553577847,486.12924553577847,486,direct,retrograde,2400965.71208713
115.31379288191775,115.31379288191775,115,retrograde,direct,2400989.8815568574
238.59510152225255,598.5951015222525,598,direct,retrograde,2401080.979776213
222.50249704560898,222.50249704560898,222,retrograde,direct,2401101.0394212333
344.0137023798173,704.0137023798172,704,direct,retrograde,2401189.381231782
329.5486940691844,329.5486940691844,329,retrograde,direct,2401211.666769025
106.57013754966198,466.570137549662,466,direct,retrograde,2401312.058988059
97.0684136310755,97.0684136310755,97,retrograde,direct,2401336.2447240455
222.66074340650133,582.6607434065013,582,direct,retrograde,2401429.411677016
206.81987197825345,206.81987197825345,206,retrograde,direct,2401449.980227204
327.5502574684111,687.550257468411,687,direct,retrograde,2401537.9479357423
312.22354745401225,312.22354745401225,312,retrograde,direct,2401559.477911487
86.56650577360837,446.56650577360836,446,direct,retrograde,2401657.8925624574
77.89757352173226,77.89757352173226,77,retrograde,direct,2401681.904271152
206.51982311849113,566.5198231184911,566,direct,retrograde,2401777.631664728
191.0648996657081,191.0648996657081,191,retrograde,direct,2401798.8887552666
311.35852831117205,671.358528311172,671,direct,retrograde,2401886.7452311786
295.4807560075347,295.4807560075347,295,retrograde,direct,2401907.564731951
66.62241508642589,426.6224150864259,426,direct,retrograde,2402003.4504205156
57.96240471399314,57.96240471399314,57,retrograde,direct,2402027.2996371454
190.0478022326822,550.0478022326822,550,direct,retrograde,2402125.626016356
175.16543458662855,175.16543458662855,175,retrograde,direct,2402147.6719817193
295.33988346225067,655.3398834622507,655,direct,retrograde,2402235.645454376
279.1618651449015,279.1618651449015,279,retrograde,direct,2402255.8962325957
47.22679268982436,407.2267926898244,407,direct,retrograde,2402349.1970409667
37.719116243256,37.719116243256,37,retrograde,direct,2402373.0074456846
173.0969133290771,533.0969133290771,533,direct,retrograde,2402473.3648661813
159.0350456762884,159.0350456762884,159,retrograde,direct,2402496.2135798447
279.44208247796223,639.4420824779622,639,direct,retrograde,2402584.549615059
263.1475025740217,263.1475025740217,263,retrograde,direct,2402604.4341083886
28.653649064029597,388.6536490640296,388,direct,retrograde,2402695.599143496
17.74408953462314,17.74408953462314,17,retrograde,direct,2402719.2804481303
155.5017616909052,515.5017616909051,515,direct,retrograde,2402820.801149225
142.53822762500033,142.53822762500033,142,retrograde,direct,2402844.3617918612
263.6087858293201,623.6087858293201,623,direct,retrograde,2402933.384407754
247.3225235947989,247.3225235947989,247,retrograde,direct,2402953.140552056
10.880200632702428,370.88020063270244,370,direct,retrograde,2403042.8039359525
358.43045428895806,358.43045428895806,358,retrograde,direct,2403066.092892751
137.14780706237136,497.1478070623714,497,direct,retrograde,2403167.8770669578
125.517713388837,125.517713388837,125,retrograde,direct,2403191.933964922
247.79319223980985,607.7931922398099,607,direct,retrograde,2403282.0970155755
231.60518874829393,231.60518874829393,231,retrograde,direct,2403301.9763039825
353.7329109777817,713.7329109777818,713,direct,retrograde,2403390.6850680932
339.91199480997585,339.91199480997585,339,retrograde,direct,2403413.362259751
117.99021507317288,477.99021507317286,477,direct,retrograde,2403514.527697948
107.7644729894423,107.7644729894423,107,retrograde,direct,2403538.7486933116
231.9282281932923,591.9282281932923,591,direct,retrograde,2403630.648569865
215.92677684236634,215.92677684236634,215,retrograde,direct,2403650.8950911677
337.0597586281206,697.0597586281206,697,direct,retrograde,2403739.0509625617
322.18397588238275,322.18397588238275,322,retrograde,direct,2403761.0065255864
98.18094065931756,458.18094065931757,458,direct,retrograde,2403860.6690532705
89.11261484331037,89.11261484331037,89,retrograde,direct,2403884.7646999685
215.91452637840231,575.9145263784023,575,direct,retrograde,2403979.001433593
200.2142904293809,200.2142904293809,200,retrograde,direct,2403999.8328936845
320.71784307455783,680.7178430745578,680,direct,retrograde,2404087.727991393
305.12356022827015,305.12356022827015,305,retrograde,direct,2404108.9515677392
78.12351927327614,438.12351927327614,438,direct,retrograde,2404206.326586349
69.5717471104508,69.5717471104508,69,retrograde,direct,2404230.256328837
199.65402277041264,559.6540227704127,559,direct,retrograde,2404327.126087459
184.4151332801524,184.4151332801524,184,retrograde,direct,2404348.7074793587
304.6094434481163,664.6094434481163,664,direct,retrograde,2404436.5781146595
288.58152184924006,288.58152184924006,288,retrograde,direct,2404457.1452561
58.36195694256544,418.3619569425654,418,direct,retrograde,2404551.88095263
49.43855481886276,49.43855481886276,49,retrograde,direct,2404575.731484811
182.998311314837,542.998311314837,542,direct,retrograde,2404675.002865282
168.43551675382835,168.43551675382835,168,retrograde,direct,2404697.4079517834
288.65733839447813,648.6573383944781,648,direct,retrograde,2404785.4914278137
272.41255351461024,272.41255351461024,272,retrograde,direct,2404805.560197439
39.3172603981199,399.3172603981199,399,direct,retrograde,2404897.885343192
29.254891641225917,29.254891641225917,29,retrograde,direct,2404921.649182941
165.79240498633007,525.7924049863301,525,direct,retrograde,2405022.6147853406
152.16586846192314,152.16586846192314,152,retrograde,direct,2405045.796808158
272.7968828314523,632.7968828314523,632,direct,retrograde,2405134.3788114535
256.48820109387907,256.48820109387907,256,retrograde,direct,2405154.1702523716
21.093206310864208,381.0932063108642,381,direct,retrograde,2405244.634617551
9.52048814552247,9.52048814552247,9,retrograde,direct,2405268.1658170344
147.8855194395606,507.8855194395606,507,direct,retrograde,2405369.921120882
135.4659170763352,135.4659170763352,135,retrograde,direct,2405393.7139426433
256.985112598874,616.985112598874,616,direct,retrograde,2405483.172811494
240.72616939315344,240.72616939315344,240,retrograde,direct,2405502.942161585
3.6076120098809343,363.60761200988094,363,direct,retrograde,2405592.138939242
350.54209788201905,350.54209788201905,350,retrograde,direct,2405615.2024024082
129.1777258713636,489.1777258713636,489,direct,retrograde,2405716.8334390344
118.1516974065613,118.1516974065613,118,retrograde,direct,2405740.981379438
241.15514742225903,601.155147422259,601,direct,retrograde,2405831.8179402165
225.03627160978394,225.03627160978394,225,retrograde,direct,2405851.8257093653
346.6942756002021,706.6942756002021,706,direct,retrograde,2405940.2476581503
332.3863519519688,332.3863519519688,332,retrograde,direct,2405962.639302696
109.72375249433938,469.72375249433935,469,direct,retrograde,2406063.254960621
100.04662580170412,100.04662580170412,100,retrograde,direct,2406087.4665781083
225.2375044292832,585.2375044292833,585,direct,retrograde,2406180.2798571354
209.35328904455076,209.35328904455076,209,retrograde,direct,2406200.7620111974
330.18379827947183,690.1837982794718,690,direct,retrograde,2406288.771006408
314.9630480546536,314.9630480546536,314,retrograde,direct,2406310.405810563
89.76039464892,449.76039464892,449,direct,retrograde,2406409.169139835
81.01222626906227,81.01222626906227,81,retrograde,direct,2406433.2034078175
209.13973326406844,569.1397332640685,569,direct,retrograde,2406528.537683538
193.61555136206567,193.61555136206567,193,retrograde,direct,2406549.679415335
313.9573626370522,673.9573626370523,673,direct,retrograde,2406637.542241878
298.1434466723633,298.1434466723633,298,retrograde,direct,2406658.4590456374
69.76418144328383,429.76418144328386,429,direct,retrograde,2406754.741608388
61.15962271704092,61.15962271704092,61,retrograde,direct,2406778.5999234263
192.72868231051342,552.7286823105135,552,direct,retrograde,2406876.568937962
177.74564703437068,177.74564703437068,177,retrograde,direct,2406898.4887096966
297.91303011195936,657.9130301119594,657,direct,retrograde,2406986.429779972
281.7681974450556,281.7681974450556,281,retrograde,direct,2407006.757479042
50.26711717631262,410.26711717631264,410,direct,retrograde,2407100.4155542385
40.93308937214994,40.93308937214994,40,retrograde,direct,2407124.241417692
175.86539261119452,535.8653926111945,535,direct,retrograde,2407224.3441315927
161.66423466563504,161.66423466563504,161,retrograde,direct,2407247.077767796
282.0011205205692,642.0011205205692,642,direct,retrograde,2407335.3350180387
265.7166478490817,265.7166478490817,265,retrograde,direct,2407355.263939049
31.574057455641423,391.5740574556414,391,direct,retrograde,2407446.7062458694
20.894115100853632,20.894115100853632,20,retrograde,direct,2407470.4197389437
158.37891326728553,518.3789132672855,518,direct,retrograde,2407571.821436893
145.2357479024636,145.2357479024636,145,retrograde,direct,2407595.296386324
266.1718458316448,626.1718458316448,626,direct,retrograde,2407684.1868627956
249.877521197625,249.877521197625,249,retrograde,direct,2407703.9460955206
13.690294741169028,373.69029474116905,373,direct,retrograde,2407793.8013099656
1.4640085844332338,1.4640085844332338,1,retrograde,direct,2407817.154575955
140.14243583185691,500.1424358318569,500,direct,retrograde,2407918.959509856
128.30286947169103,128.30286947169103,128,retrograde,direct,2407942.962369941
250.36263415745657,610.3626341574566,610,direct,retrograde,2408032.9249354415
234.15235397548025,234.15235397548025,234,retrograde,direct,2408052.7652071733
356.4585086618692,716.4585086618692,716,direct,retrograde,2408141.5906113973
342.82244544916693,342.82244544916693,342,retrograde,direct,2408164.368343302
121.10166703413547,481.10166703413546,481,direct,retrograde,2408265.690746312
110.67304358911309,110.67304358911309,110,retrograde,direct,2408289.894945018
234.51172336231454,594.5117233623146,594,direct,retrograde,2408381.5054346956
218.47465003598512,218.47465003598512,218,retrograde,direct,2408401.6789841363
339.72550328594434,699.7255032859443,699,direct,retrograde,2408489.8931476735
324.9858646301003,324.9858646301003,324,retrograde,direct,2408511.9672297034
101.36602716251937,461.36602716251934,461,direct,retrograde,2408611.903254172
92.15928499238021,92.15928499238021,92,retrograde,direct,2408636.028057971
218.5255912283986,578.5255912283986,578,direct,retrograde,2408729.8846873874
202.7729330457264,202.7729330457264,202,retrograde,direct,2408750.6203636266
323.3461064449499,683.3461064449499,683,direct,retrograde,2408838.533536123
307.8402807660474,307.8402807660474,307,retrograde,direct,2408859.8653870057
81.31990306256463,441.31990306256466,441,direct,retrograde,2408957.6105533
72.74621759226284,72.74621759226284,72,retrograde,direct,2408981.57317531
202.30635980255525,562.3063598025552,562,direct,retrograde,2409078.0406111795
186.98864211802027,186.98864211802027,186,retrograde,direct,2409099.509399414
307.20590257242714,667.2059025724271,667,direct,retrograde,2409187.3663536496
291.22607372096815,291.22607372096815,291,retrograde,direct,2409208.0187549116
61.48147185633652,421.4814718563365,421,direct,retrograde,2409303.154869388
52.66718108202839,52.66718108202839,52,retrograde,direct,2409327.004744686
185.71806416064828,545.7180641606483,545,direct,retrograde,2409425.956695441
171.03949898766408,171.03949898766408,171,retrograde,direct,2409448.2389884638
291.2337924965397,651.2337924965398,651,direct,retrograde,2409536.2777775396
275.0071966490274,275.0071966490274,275,retrograde,direct,2409556.403834747
42.30325610559557,402.30325610559555,402,direct,retrograde,2409649.0629393663
32.44286660185551,32.44286660185551,32,retrograde,direct,2409672.8402549475
168.601193932997,528.601193932997,528,direct,retrograde,2409773.6167631242
154.81671090429643,154.81671090429643,154,retrograde,direct,2409796.682776401
275.3606026147957,635.3606026147957,635,direct,retrograde,2409885.1740916558
259.053258378061,259.053258378061,259,retrograde,direct,2409904.9914693953
23.955863381221157,383.95586338122115,383,direct,retrograde,2409995.6875419607
12.616794927232359,12.616794927232359,12,retrograde,direct,2410019.2769683087
150.81040641531985,510.81040641531985,510,direct,retrograde,2410120.974029525
138.19438224273912,138.19438224273912,138,retrograde,direct,2410144.685771439
259.54227372469893,619.5422737246989,619,direct,retrograde,2410233.9841276594
243.27186014237975,243.27186014237975,243,retrograde,direct,2410253.744490104
6.37340511493282,366.37340511493284,366,direct,retrograde,2410343.0892590806
353.519750110569,353.519750110569,353,retrograde,direct,2410366.2405699017
132.22360105621746,492.2236010562175,492,direct,retrograde,2410467.941944319
120.98588914701254,120.98588914701254,120,retrograde,direct,2410492.0681461394
243.71862578707945,603.7186257870794,603,direct,retrograde,2410582.653380125
227.57501756147914,227.57501756147914,227,retrograde,direct,2410602.6132455952
349.3903135781255,709.3903135781254,709,direct,retrograde,2410691.126249211
335.24532747944403,335.24532747944403,335,retrograde,direct,2410713.6190770604
112.86256027830369,472.8625602783037,472,direct,retrograde,2410814.4416639097
103.0012172863323,103.0012172863323,103,retrograde,direct,2410838.667014745
227.81746496719455,587.8174649671946,587,direct,retrograde,2410931.145935475
211.89030108829476,211.89030108829476,211,retrograde,direct,2410951.542669744
332.8227407180866,692.8227407180866,692,direct,retrograde,2411039.5983280195
317.7148618584744,317.7148618584744,317,retrograde,direct,2411061.341403368
92.94077055511245,452.94077055511246,452,direct,retrograde,2411160.4361149287
84.09635616219809,84.09635616219809,84,retrograde,direct,2411184.4870372955
211.7541063282247,571.7541063282247,571,direct,retrograde,2411279.4385510692
196.16369423251248,196.16369423251248,196,retrograde,direct,2411300.4672004655
316.5509546906709,676.5509546906709,676,direct,retrograde,2411388.338626866
300.8071055517517,300.8071055517517,300,retrograde,direct,2411409.359327806
72.91050798582975,432.9105079858298,432,direct,retrograde,2411506.028967399
64.34284183007613,64.34284183007613,64,retrograde,direct,2411529.9066484896
195.39425411008654,555.3942541100865,555,direct,retrograde,2411627.50319188
180.31691882707747,180.31691882707747,180,retrograde,direct,2411649.3008403042
300.4822664224047,660.4822664224047,660,direct,retrograde,2411737.212202261
284.37513940211744,284.37513940211744,284,retrograde,direct,2411757.622278502
53.32531412496776,413.32531412496775,413,direct,retrograde,2411851.6505082436
44.150153888330365,44.150153888330365,44,retrograde,direct,2411875.491370186
178.60278739014086,538.6027873901409,538,direct,retrograde,2411975.3125263844
164.2699601461769,164.2699601461769,164,retrograde,direct,2411997.9325655214
284.5573716112151,644.5573716112151,644,direct,retrograde,2412086.1216439568
268.28460586587886,268.28460586587886,268,retrograde,direct,2412106.097464788
34.50293161809796,394.50293161809793,394,direct,retrograde,2412197.8360378984
24.04579683144977,24.04579683144977,24,retrograde,direct,2412221.5716001904
161.21962037596973,521.2196203759697,521,direct,retrograde,2412322.8351193387
147.902878425503,147.902878425503,147,retrograde,direct,2412346.216880922
268.7242721975787,628.7242721975788,628,direct,retrograde,2412434.9887993485
252.4228018377789,252.4228018377789,252,retrograde,direct,2412454.75366217
16.496157747601554,376.49615774760156,376,direct,retrograde,2412544.812311968
4.495326225051384,4.495326225051384,4,retrograde,direct,2412568.2275531758
143.10552702913174,503.10552702913174,503,direct,retrograde,2412670.0386907253
131.0597592953166,131.0597592953166,131,retrograde,direct,2412693.9741683444
252.91502799843082,612.9150279984308,612,direct,retrograde,2412783.749978696
236.68470045735063,236.68470045735063,236,retrograde,direct,2412803.557569267
359.17987554361724,719.1798755436173,719,direct,retrograde,2412892.5046678055
345.7367730301467,345.7367730301467,345,retrograde,direct,2412915.384853417
124.18824478204844,484.18824478204846,484,direct,retrograde,2413016.840160773
113.55233969349085,113.55233969349085,113,retrograde,direct,2413041.0250370093
237.07416515006756,597.0741651500675,597,direct,retrograde,2413132.353549485
221.00533562331142,221.00533562331142,221,retrograde,direct,2413152.4629057813
342.38711932572426,702.3871193257243,702,direct,retrograde,2413240.7410612637
327.7923203908674,327.7923203908674,327,retrograde,direct,2413262.9303093683
104.5380671352231,464.5380671352231,464,direct,retrograde,2413363.121206741
95.17845726172483,95.17845726172483,95,retrograde,direct,2413387.2812085636
221.11739857526692,581.1173985752669,581,direct,retrograde,2413480.7606935045
205.31627283084006,205.31627283084006,205,retrograde,direct,2413501.4054282205
325.9709044749688,685.9709044749688,685,direct,retrograde,2413589.3429856775
310.55929630782373,310.55929630782373,310,retrograde,direct,2413610.780803984
84.50665742698438,444.50665742698436,444,direct,retrograde,2413708.8901572693
75.88949504744178,75.88949504744178,75,retrograde,direct,2413732.881968718
204.94378624605278,564.9437862460528,564,direct,retrograde,2413828.950035006
189.5513847665888,189.5513847665888,189,retrograde,direct,2413850.3053004798
309.80316415479155,669.8031641547916,669,direct,retrograde,2413938.15826058
293.87579701152254,293.87579701152254,293,retrograde,direct,2413958.8987696944
64.60425106957986,424.60425106957985,424,direct,retrograde,2414054.437496002
55.8805573495522,55.8805573495522,55,retrograde,direct,2414078.283451142
188.42751986187335,548.4275198618734,548,direct,retrograde,2414176.909604064
173.6378116913334,173.6378116913334,173,retrograde,direct,2414199.064960762
293.81240696537606,653.8124069653761,653,direct,retrograde,2414287.065387952
277.6085690073721,277.6085690073721,277,retrograde,direct,2414307.25613858
45.30976828959229,405.3097682895923,405,direct,retrograde,2414400.255970305
35.64471444411259,35.64471444411259,35,retrograde,direct,2414424.0490443707
171.40135063657743,531.4013506365775,531,direct,retrograde,2414524.6148602515
157.46514114344203,157.46514114344203,157,retrograde,direct,2414547.562323087
277.9287211394776,637.9287211394776,637,direct,retrograde,2414635.9682293003
261.6264585563452,261.6264585563452,261,retrograde,direct,2414655.8193626637
26.85069096634635,386.85069096634635,386,direct,retrograde,2414746.7612996018
15.745595478095321,15.745595478095321,15,retrograde,direct,2414770.4036867237
153.71744318362337,513.7174431836233,513,direct,retrograde,2414872.012907981
140.91151692366546,140.91151692366546,140,retrograde,direct,2414895.6453812197
262.103357669177,622.1033576691771,622,direct,retrograde,2414984.7910869364
245.8236798758191,245.8236798758191,245,retrograde,direct,2415004.547226142
9.166159888854418,369.1661598888544,369,direct,retrograde,2415094.056919791
356.5281809929923,356.5281809929923,356,retrograde,direct,2415117.2854229584
135.2522969592966,495.2522969592966,495,direct,retrograde,2415219.037227205
123.80364865798265,123.80364865798265,123,retrograde,direct,2415243.1322191535
246.28706307252602,606.287063072526,606,direct,retrograde,2415333.483760182
230.1196337540407,230.1196337540407,230,retrograde,direct,2415353.398430039
352.09966851723556,712.0996685172356,712,direct,retrograde,2415442.012629331
338.12503879402925,338.12503879402925,338,retrograde,direct,2415464.6044875067
115.9989840833813,475.9989840833813,475,direct,retrograde,2415565.6197798243
105.94572825630068,105.94572825630068,105,retrograde,direct,2415589.8450516714
230.4039263903402,590.4039263903402,590,direct,retrograde,2415682.0067804884
214.43548653380418,214.43548653380418,214,retrograde,direct,2415702.3209710196
335.4719561472576,695.4719561472575,695,direct,retrograde,2415790.4292667797
320.48501798517447,320.48501798517447,320,retrograde,direct,2415812.285105937
96.14236884285069,456.1423688428507,456,direct,retrograde,2415911.6955771158
87.18404293288127,87.18404293288127,87,retrograde,direct,2415935.7677539987
214.37254564169461,574.3725456416946,574,direct,retrograde,2416030.3332925728
198.72078249186237,198.72078249186237,198,retrograde,direct,2416051.254111089
319.1584775371938,679.1584775371938,679,direct,retrograde,2416139.1354299197
303.49224839734757,303.49224839734757,303,retrograde,direct,2416160.263974252
76.09210628736585,436.0921062873658,436,direct,retrograde,2416257.3190110037
67.54107536134194,67.54107536134194,67,retrograde,direct,2416281.2252054447
198.0637158467575,558.0637158467575,558,direct,retrograde,2416378.43158793
182.89728106200758,182.89728106200758,182,retrograde,direct,2416400.1109655537
303.07189413854485,663.0718941385448,663,direct,retrograde,2416487.997050049
287.0060438505267,287.0060438505267,287,retrograde,direct,2416508.4916097727
56.404987213597835,416.40498721359785,416,direct,retrograde,2416602.898539924
47.37240552864937,47.37240552864937,47,retrograde,direct,2416626.7478741035
181.34185139970973,541.3418513997098,541,direct,retrograde,2416726.2754661217
166.8836080868829,166.8836080868829,166,retrograde,direct,2416748.7818946326
287.13241215517985,647.1324121551798,647,direct,retrograde,2416836.909669147
270.8728829162912,270.8728829162912,270,retrograde,direct,2416856.934302614
37.45021502204488,397.45021502204486,397,direct,retrograde,2416948.9825534197
27.208368484592036,27.208368484592036,27,retrograde,direct,2416972.7326185834
164.06141270177372,524.0614127017737,524,direct,retrograde,2417073.8486244287
150.57559015209517,150.57559015209517,150,retrograde,direct,2417097.125955851
271.28638605127173,631.2863860512717,631,direct,retrograde,2417185.7898869105
254.97913213062074,254.97913213062074,254,retrograde,direct,2417205.56577331
19.32331483862702,379.323314838627,379,direct,retrograde,2417295.835626485
7.551743505426116,7.551743505426116,7,retrograde,direct,2417319.313857978
146.0582296262073,506.0582296262073,506,direct,retrograde,2417421.1094477875
133.8094717978005,133.8094717978005,133,retrograde,direct,2417444.969301828
255.47014856066463,615.4701485606646,615,direct,retrograde,2417534.5695034945
239.22187040974012,239.22187040974012,239,retrograde,direct,2417554.3530641813
1.921828173048324,361.9218281730483,361,direct,retrograde,2417643.4299100833
348.67986974534153,348.67986974534153,348,retrograde,direct,2417666.4104518816
127.24962422849521,487.24962422849524,487,direct,retrograde,2417767.970041477
116.4039084306439,116.4039084306439,116,retrograde,direct,2417792.1376597267
239.6302849590032,599.6302849590032,599,direct,retrograde,2417883.194145346
223.53333963656672,223.53333963656672,223,retrograde,direct,2417903.247186563
345.06180385363626,705.0618038536363,705,direct,retrograde,2417991.598082251
330.6185799612245,330.6185799612245,330,retrograde,direct,2418013.8971725283
107.69281433789654,467.69281433789655,467,direct,retrograde,2418114.323582125
98.16657412415442,98.16657412415442,98,retrograde,direct,2418138.515328884
223.7001664309488,583.7001664309488,583,direct,retrograde,2418231.631942168
207.85376328887017,207.85376328887017,207,retrograde,direct,2418252.1886985404
328.596141097766,688.596141097766,688,direct,retrograde,2418340.1602232438
313.28399137002344,313.28399137002344,313,retrograde,direct,2418361.7040590234
87.69129340038202,447.69129340038205,447,direct,retrograde,2418460.1685531614
79.01114542006033,79.01114542006033,79,retrograde,direct,2418484.1837947564
207.56850461896792,567.568504618968,567,direct,retrograde,2418579.857281045
192.10451621746415,192.10451621746415,192,retrograde,direct,2418601.0980043607
312.39358667811035,672.3935866781103,672,direct,retrograde,2418688.953244878
296.52318874235743,296.52318874235743,296,retrograde,direct,2418709.7862075632
67.73868054372976,427.73868054372974,427,direct,retrograde,2418805.7292542476
59.0883951130696,59.0883951130696,59,retrograde,direct,2418829.576206945
191.11420083649682,551.1142008364968,551,direct,retrograde,2418927.858666476
176.21781460443287,176.21781460443287,176,retrograde,direct,2418949.8858626615
296.3766546824118,656.3766546824118,656,direct,retrograde,2419037.851602208
280.2018800955052,280.2018800955052,280,retrograde,direct,2419058.11382036
48.330237712684585,408.3302377126846,408,direct,retrograde,2419151.464292694
38.85029783143266,38.85029783143266,38,retrograde,direct,2419175.2752660746
174.17231141005112,534.1723114100512,534,direct,retrograde,2419275.6005068105
160.09028726546188,160.09028726546188,160,retrograde,direct,2419298.432331007
280.48342423163484,640.4834242316349,640,direct,retrograde,2419386.75675854
264.1897817779294,264.1897817779294,264,retrograde,direct,2419406.647727549
29.746540741990753,389.74654074199077,389,direct,retrograde,2419497.8512933534
18.871907823755063,18.871907823755063,18,retrograde,direct,2419521.536970461
156.59221645678565,516.5922164567856,516,direct,retrograde,2419623.0406163214
143.6028739699707,143.6028739699707,143,retrograde,direct,2419646.5910976203
264.65389256697995,624.65389256698,624,direct,retrograde,2419735.59377872
248.36613623205685,248.36613623205685,248,retrograde,direct,2419755.349917655
11.955922471148892,371.9559224711489,371,direct,retrograde,2419845.039475347
359.5371233871091,359.5371233871091,359,retrograde,direct,2419868.336620587
138.25657815819955,498.25657815819955,498,direct,retrograde,2419970.127359187
126.59819882539341,126.59819882539341,126,retrograde,direct,2419994.176352741
248.84615545808865,608.8461554580887,608,direct,retrograde,2420084.3113973727
232.65464975447003,232.65464975447003,232,retrograde,direct,2420104.184389528
354.8034207289235,714.8034207289236,714,direct,retrograde,2420192.908453813
341.0078308294711,341.0078308294711,341,retrograde,direct,2420215.600123617
119.11809921074736,479.11809921074735,479,direct,retrograde,2420316.790449558
108.86565125075616,108.86565125075616,108,retrograde,direct,2420341.0068799704
232.98265184991357,592.9826518499135,592,direct,retrograde,2420432.866012971
216.975250246061,216.975250246061,216,retrograde,direct,2420453.102395213
338.1224137475719,698.122413747572,698,direct,retrograde,2420541.2660384635
323.2660173615927,323.2660173615927,323,retrograde,direct,2420563.2371187517
99.33281682943245,459.33281682943243,459,direct,retrograde,2420662.9430541815
90.2451972284531,90.2451972284531,90,retrograde,direct,2420687.0440107156
216.97690460976847,576.9769046097684,576,direct,retrograde,2420781.223511152
201.26927382360782,201.26927382360782,201,retrograde,direct,2420802.0417811517
321.7734832170047,681.7734832170047,681,direct,retrograde,2420889.9362325585
306.19146463372647,306.19146463372647,306,retrograde,direct,2420911.174410267
79.27522359594937,439.27522359594934,439,direct,retrograde,2421008.606381419
70.72048741513412,70.72048741513412,70,retrograde,direct,2421032.5431882143
200.7200332564624,560.7200332564623,560,direct,retrograde,2421129.3524181033
185.47124431065214,185.47124431065214,185,retrograde,direct,2421150.9172673384
305.6662601005097,665.6662601005097,665,direct,retrograde,2421238.7842618516
289.64407672430264,289.64407672430264,289,retrograde,direct,2421259.363530013
59.496388551360916,419.4963885513609,419,direct,retrograde,2421354.157828803
50.58952637608105,50.58952637608105,50,retrograde,direct,2421378.0074577965
184.07460170505175,544.0746017050517,544,direct,retrograde,2421477.2342820857
169.49638123403244,169.49638123403244,169,retrograde,direct,2421499.6221812284
289.7090477840505,649.7090477840504,649,direct,retrograde,2421587.6969662616
273.4651751821661,273.4651751821661,273,retrograde,direct,2421607.7733038487
40.42121031727428,400.4212103172743,400,direct,retrograde,2421700.144579483
30.38934109438053,30.38934109438053,30,retrograde,direct,2421723.9069722723
166.89373473783513,526.8937347378351,526,direct,retrograde,2421824.8558612363
153.24416239186849,153.24416239186849,153,retrograde,direct,2421848.02097237
273.8485117040633,633.8485117040633,633,direct,retrograde,2421936.5871362677
257.5389012936975,257.5389012936975,257,retrograde,direct,2421956.3820370696
22.179256841730485,382.1792568417305,382,direct,retrograde,2422046.8756208047
10.640223562684637,10.640223562684637,10,retrograde,direct,2422070.414830341
149.0006286609495,509.0006286609495,509,direct,retrograde,2422172.1679892037
136.5524355773185,136.5524355773185,136,retrograde,direct,2422195.9499820285
258.0342528600561,618.0342528600561,618,direct,retrograde,2422285.3837148137
241.77305563335355,241.77305563335355,241,retrograde,direct,2422305.1521015614
4.687032922074037,364.687032922074,364,direct,retrograde,2422394.3686826546
351.65182185342184,351.65182185342184,351,retrograde,direct,2422417.443917863
130.30345332550138,490.3034533255014,490,direct,retrograde,2422519.087064675
119.24704821240634,119.24704821240634,119,retrograde,direct,2422543.233809148
242.2056362737049,602.2056362737048,602,direct,retrograde,2422634.032807069
226.0830541399788,226.0830541399788,226,retrograde,direct,2422654.0346303573
347.7575209970224,707.7575209970224,707,direct,retrograde,2422742.466733369
333.4718512530766,333.4718512530766,333,retrograde,direct,2422764.871609211
110.85006776771424,470.8500677677142,470,direct,retrograde,2422865.518153649
101.14821994927267,101.14821994927267,101,retrograde,direct,2422889.7312311
226.29743650067996,586.29743650068,586,direct,retrograde,2422982.5002200175
210.40678423124706,210.40678423124706,210,retrograde,direct,2423002.970412272
331.2366468511943,691.2366468511943,691,direct,retrograde,2423090.9830317544
316.0303188500114,316.0303188500114,316,retrograde,direct,2423112.633216761
90.8882791350659,450.8882791350659,450,direct,retrograde,2423211.4429010544
82.12764707476416,82.12764707476416,82,retrograde,direct,2423235.477812373
210.1981437975262,570.1981437975262,570,direct,retrograde,2423330.76193035
194.6645561833319,194.6645561833319,194,retrograde,direct,2423351.887320974
314.99967260557344,674.9996726055734,674,direct,retrograde,2423439.7490680795
299.19419987397765,299.19419987397765,299,retrograde,direct,2423460.6805128735
70.89467664412113,430.89467664412115,430,direct,retrograde,2423557.021210662
62.29795749104686,62.29795749104686,62,retrograde,direct,2423580.881820377
193.78989396733348,553.7898939673335,553,direct,retrograde,2423678.797982552
178.79310718421965,178.79310718421965,178,retrograde,direct,2423700.699512326
298.9541735554914,658.9541735554915,658,direct,retrograde,2423788.6351225926
282.8135896453078,282.8135896453078,282,retrograde,direct,2423808.9749992453
51.3776953408097,411.3776953408097,411,direct,retrograde,2423902.6858092323
42.06801327064357,42.06801327064357,42,retrograde,direct,2423926.514304762
176.92670875832377,536.9267087583238,536,direct,retrograde,2424026.576153254
162.7076492086114,162.7076492086114,162,retrograde,direct,2424049.2941072453
283.04278315820477,643.0427831582048,643,direct,retrograde,2424137.5419681603
266.75899726816397,266.75899726816397,266,retrograde,direct,2424157.477056547
32.66242263134418,392.66242263134416,392,direct,retrograde,2424248.9600848295
22.013400340412677,22.013400340412677,22,retrograde,direct,2424272.6769741774
159.45424858941843,519.4542485894184,519,direct,retrograde,2424374.060757735
146.28725266756732,146.28725266756732,146,retrograde,direct,2424397.523317447
267.2059931488881,627.2059931488882,627,direct,retrograde,2424486.395801301
250.90995441365067,250.90995441365067,250,retrograde,direct,2424506.155266756
14.757520318271167,374.7575203182712,374,direct,retrograde,2424596.038049015
2.5628491219644625,2.5628491219644625,2,retrograde,direct,2424619.399328978
141.24615318955586,501.24615318955586,501,direct,retrograde,2424721.2118536755
129.37820035531,129.37820035531,129,retrograde,direct,2424745.204362641
251.3986235765621,611.3986235765622,611,direct,retrograde,2424835.1378396014
235.1841351573299,235.1841351573299,235,retrograde,direct,2424854.973894133
357.51413113240164,717.5141311324016,717,direct,retrograde,2424943.815084352
343.90545767452693,343.90545767452693,343,retrograde,direct,2424966.6062268727
122.22184650527345,482.22184650527345,482,direct,retrograde,2425067.951372387
111.76342750369824,111.76342750369824,111,retrograde,direct,2425092.154092323
235.54796469859946,595.5479646985995,595,direct,retrograde,2425183.721830751
219.50644148818824,219.50644148818824,219,retrograde,direct,2425203.8865081724
340.7742014400967,700.7742014400967,700,direct,retrograde,2425292.1079615625
326.05563038721823,326.05563038721823,326,retrograde,direct,2425314.19703551
102.50119568993426,462.50119568993426,462,direct,retrograde,2425414.1740556536
93.27114868083822,93.27114868083822,93,retrograde,direct,2425438.3064031405
219.56718782919606,579.5671878291961,579,direct,retrograde,2425532.105431062
203.80809432942473,203.80809432942473,203,retrograde,direct,2425552.827637423
324.38689825447744,684.3868982544775,684,direct,retrograde,2425640.741485358
308.89368656001295,308.89368656001295,308,retrograde,direct,2425662.08803087
82.44541503333718,442.4454150333372,442,direct,retrograde,2425759.886963306
73.86724548337621,73.86724548337621,73,retrograde,direct,2425783.8527554907
203.36144908102017,563.3614490810202,563,direct,retrograde,2425880.2663766835
188.0339799130188,188.0339799130188,188,retrograde,direct,2425901.7189106382
308.2497450009445,668.2497450009445,668,direct,retrograde,2425989.5733581046
292.2756869253369,292.2756869253369,292,retrograde,direct,2426010.2380668474
62.594734900577485,422.59473490057746,422,direct,retrograde,2426105.4298638627
53.795927908938125,53.795927908938125,53,retrograde,direct,2426129.276280245
186.78767277847768,546.7876727784777,546,direct,retrograde,2426228.188963428
172.09334409968366,172.09334409968366,172,retrograde,direct,2426250.4534228574
292.27457150205026,652.2745715020503,652,direct,retrograde,2426338.484757441
276.0503109081802,276.0503109081802,276,retrograde,direct,2426358.6193184573
43.40960986448942,403.4096098644894,403,direct,retrograde,2426451.3274023235
33.57991082350153,33.57991082350153,33,retrograde,direct,2426475.105738423
169.69046479877662,529.6904647987766,529,direct,retrograde,2426575.856174062
155.88378663555383,155.88378663555383,155,retrograde,direct,2426598.905414154
276.40287678379826,636.4028767837983,636,direct,retrograde,2426687.382717044
260.09500251257407,260.09500251257407,260,retrograde,direct,2426707.2047792627
25.048294310586723,385.0482943105867,385,direct,retrograde,2426797.9351527747
13.743007928284502,13.743007928284502,13,retrograde,direct,2426821.5312236603
151.9076535242543,511.90765352425433,511,direct,retrograde,2426923.217375449
139.26575293021813,139.26575293021813,139,retrograde,direct,2426946.9182421705
260.59005041019236,620.5900504101924,620,direct,retrograde,2427036.194179494
244.3181129032221,244.3181129032221,244,retrograde,direct,2427055.9544086065
7.45347154806889,367.4534715480689,367,direct,retrograde,2427145.3214143803
354.63025933281057,354.63025933281057,354,retrograde,direct,2427168.482898593
133.3366942930784,493.3366942930784,493,direct,retrograde,2427270.1924151685
122.07015894124372,122.07015894124372,122,retrograde,direct,2427294.3139312845
244.77075228411292,604.7707522841129,604,direct,retrograde,2427384.866358975
228.62344146015374,228.62344146015374,228,retrograde,direct,2427404.8204486724
350.450958620293,710.450958620293,710,direct,retrograde,2427493.344924913
336.3294698132212,336.3294698132212,336,retrograde,direct,2427515.850874765
114.00199050574854,474.00199050574855,474,direct,retrograde,2427616.7062721485
104.11451504825637,104.11451504825637,104,retrograde,direct,2427640.9311067043
228.88033888026058,588.8803388802605,588,direct,retrograde,2427733.3639392033
212.94708745575517,212.94708745575517,212,retrograde,direct,2427753.7489210684
333.87789011821855,693.8778901182186,693,direct,retrograde,2427841.8089341642
318.7856280856358,318.7856280856358,318,retrograde,direct,2427863.5672358973
94.09132330182366,454.09132330182365,454,direct,retrograde,2427962.712707854
85.23172651448209,85.23172651448209,85,retrograde,direct,2427986.7667265898
212.81703444953553,572.8170344495355,572,direct,retrograde,2428081.6621876564
197.21821543987446,197.21821543987446,197,retrograde,direct,2428102.674254977
317.6094092296601,677.6094092296601,677,direct,retrograde,2428190.545351955
301.87599822265685,301.87599822265685,301,retrograde,direct,2428211.58124141
74.05690381954932,434.05690381954935,434,direct,retrograde,2428308.309533367
65.49294236052175,65.49294236052175,65,retrograde,direct,2428332.191164258
196.46326561870862,556.4632656187086,556,direct,retrograde,2428429.7310826695
181.3735839403501,181.3735839403501,181,retrograde,direct,2428451.5116187455
301.540906257435,661.5409062574349,661,direct,retrograde,2428539.418629123
285.4387810577751,285.4387810577751,285,retrograde,direct,2428559.840500297
54.4430813476357,414.4430813476357,414,direct,retrograde,2428653.9188674837
45.28862200464707,45.28862200464707,45,retrograde,direct,2428677.7610952165
179.68648953687722,539.6864895368772,539,direct,retrograde,2428777.5470194714
165.33667586961946,165.33667586961946,165,retrograde,direct,2428800.151235234
285.6157521939537,645.6157521939538,645,direct,retrograde,2428888.3294542013
269.34389109550557,269.34389109550557,269,retrograde,direct,2428908.3119307104
35.60536333816691,395.6053633381669,395,direct,retrograde,2429000.091250357
25.178376571461687,25.178376571461687,25,retrograde,direct,2429023.828962844
162.31885908653842,522.3188590865384,522,direct,retrograde,2429125.077143411
148.97876623234708,148.97876623234708,148,retrograde,direct,2429148.4438654007
269.7741383054079,629.7741383054079,629,direct,retrograde,2429237.1984520676
253.47049417255545,253.47049417255545,253,retrograde,direct,2429256.9649086557
17.58784350790844,377.5878435079084,377,direct,retrograde,2429347.053542073
5.621342886770919,5.621342886770919,5,retrograde,direct,2429370.476448266
144.22059090550462,504.22059090550465,504,direct,retrograde,2429472.2873373535
132.14509814612956,132.14509814612956,132,retrograde,direct,2429496.2133200774
253.96165023742424,613.9616502374242,613,direct,retrograde,2429585.961472879
237.72739999210705,237.72739999210705,237,retrograde,direct,2429605.7660191115
0.2509013907782086,360.2509013907782,360,direct,retrograde,2429694.7302877903
346.8371965553575,346.8371965553575,346,retrograde,direct,2429717.622741731
125.30796051734943,485.30796051734944,485,direct,retrograde,2429819.095210218
114.64098352866387,114.64098352866387,114,retrograde,direct,2429843.2790816408
238.11995771400777,598.1199577140078,598,direct,retrograde,2429934.569089829
222.0471954068161,222.0471954068161,222,retrograde,direct,2429954.6699323896
343.4465201627647,703.4465201627647,703,direct,retrograde,2430042.9563371427
328.8727755163049,328.8727755163049,328,retrograde,direct,2430065.1613099137
105.66882286031284,465.66882286031284,465,direct,retrograde,2430165.386834476
96.28540044470684,96.28540044470684,96,retrograde,direct,2430189.5523254266
222.1627337364016,582.1627337364016,582,direct,retrograde,2430282.9792195167
206.35552676292914,206.35552676292914,206,retrograde,direct,2430303.611758965
327.0147395683163,687.0147395683164,687,direct,retrograde,2430391.552531448
311.6151921311361,311.6151921311361,311,retrograde,direct,2430413.005362233
85.64046241123663,445.6404624112366,445,direct,retrograde,2430511.168681727
77.01767469495249,77.01767469495249,77,retrograde,direct,2430535.162468509
206.00084365685117,566.0008436568512,566,direct,retrograde,2430631.1752980305
190.59793256849105,190.59793256849105,190,retrograde,direct,2430652.5150251677
310.8412585271949,670.8412585271949,670,direct,retrograde,2430740.3655152367
294.92011320476695,294.92011320476695,294,retrograde,direct,2430761.11819584
65.72629424228207,425.72629424228205,425,direct,retrograde,2430856.7175218156
57.015749814723094,57.015749814723094,57,retrograde,direct,2430880.5615743985
189.48965935998498,549.489659359985,549,direct,retrograde,2430979.140994779
174.68431699091457,174.68431699091457,174,retrograde,direct,2431001.278389426
294.84628788330554,654.8462878833055,654,direct,retrograde,2431089.27232711
278.645612269736,278.645612269736,278,retrograde,direct,2431109.4725980284
46.41519765777013,406.41519765777014,406,direct,retrograde,2431202.5236510113
36.777099894421994,36.777099894421994,36,retrograde,direct,2431226.3188438136
172.47242408096517,532.4724240809652,532,direct,retrograde,2431326.8509379113
158.51584063319515,158.51584063319515,158,retrograde,direct,2431349.782516836
278.960150766115,638.960150766115,638,direct,retrograde,2431438.1741350386
262.6582704829448,262.6582704829448,262,retrograde,direct,2431458.0314412294
27.926679273937715,387.92667927393774,387,direct,retrograde,2431549.0084055876
16.85367823216637,16.85367823216637,16,retrograde,direct,2431572.6571183307
154.80311527249788,514.8031152724978,514,direct,retrograde,2431674.257010963
141.97239559267277,141.97239559267277,141,retrograde,direct,2431697.87620142
263.1427774485842,623.1427774485842,623,direct,retrograde,2431787.00035551
246.86113457929204,246.86113457929204,246,retrograde,direct,2431806.7575448407
10.224497814898603,370.2244978148986,370,direct,retrograde,2431896.2882553907
357.61713080289815,357.61713080289815,357,retrograde,direct,2431919.52615078
136.35622997497296,496.35622997497296,496,direct,retrograde,2432021.2882706346
124.87845199194454,124.87845199194454,124,retrograde,direct,2432045.376968338
247.3273288653784,607.3273288653784,607,direct,retrograde,2432135.696547279
231.15576569944864,231.15576569944864,231,retrograde,direct,2432155.605494259
353.1487597156129,713.1487597156129,713,direct,retrograde,2432244.232686445
339.1996123053199,339.1996123053199,339,retrograde,direct,2432266.8371736193
117.12658787084511,477.1265878708451,477,direct,retrograde,2432367.8837904204
107.04424787172553,107.04424787172553,107,retrograde,direct,2432392.1091802064
231.44789967083076,591.4478996708308,591,direct,retrograde,2432484.2255333997
215.47369549672004,215.47369549672004,215,retrograde,direct,2432504.5279075885
336.51956409730985,696.5195640973099,696,direct,retrograde,2432592.641426092
321.55084181243586,321.55084181243586,321,retrograde,direct,2432614.512914233
97.2705696090966,457.2705696090966,457,direct,retrograde,2432713.9688222725
88.29442316063863,88.29442316063863,88,retrograde,direct,2432738.044365545
215.41940127939503,575.4194012793951,575,direct,retrograde,2432832.557179624
199.7602596338916,199.7602596338916,199,retrograde,direct,2432853.4621673124
320.21168236842004,680.21168236842,680,direct,retrograde,2432941.345197051
304.55691474993154,304.55691474993154,304,retrograde,direct,2432962.489508141
77.21621688871242,437.21621688871244,437,direct,retrograde,2433059.594691797
68.66583805719925,68.66583805719925,68,retrograde,direct,2433083.5055661155
199.1202701490026,559.1202701490026,559,direct,retrograde,2433180.6591280093
183.94305299889524,183.94305299889524,183,retrograde,direct,2433202.322554147
304.11806712948766,664.1180671294876,664,direct,retrograde,2433290.204172942
288.05716763774564,288.05716763774564,288,retrograde,direct,2433310.7101302817
57.52188047410918,417.5218804741092,417,direct,retrograde,2433405.1709280172
48.509135956056156,48.509135956056156,48,retrograde,direct,2433429.019795579
182.42119853851432,542.4211985385143,542,direct,retrograde,2433528.5095350733
167.94633173332733,167.94633173332733,167,retrograde,direct,2433550.999126941
288.1764410505316,648.1764410505316,648,direct,retrograde,2433639.1166516887
271.9178008357854,271.9178008357854,271,retrograde,direct,2433659.1485312646
38.55656207420861,398.5565620742086,398,direct,retrograde,2433751.243011879
28.346701916102994,28.346701916102994,28,retrograde,direct,2433774.9928829204
165.15161279834896,525.151612798349,525,direct,retrograde,2433876.0861941855
151.6428782045369,151.6428782045369,151,retrograde,direct,2433899.3485330483
272.33213629868953,632.3321362986895,632,direct,retrograde,2433987.997703328
256.0234386330676,256.0234386330676,256,retrograde,direct,2434007.7762232656
20.417001063642523,380.41700106364254,380,direct,retrograde,2434098.079486249
8.68042433429902,8.68042433429902,8,retrograde,direct,2434121.5641667442
147.16508828517541,507.16508828517544,507,direct,retrograde,2434223.354753482
134.88724781238918,134.88724781238918,134,retrograde,direct,2434247.204349666
256.5193160343627,616.5193160343626,616,direct,retrograde,2434336.780173097
240.26915527626227,240.26915527626227,240,retrograde,direct,2434356.5613191007
2.9941080034154073,362.9941080034154,362,direct,retrograde,2434445.655821982
349.7811608047233,349.7811608047233,349,retrograde,direct,2434468.64987149
128.37534128831584,488.37534128831584,488,direct,retrograde,2434570.225724198
117.50033488237774,117.50033488237774,117,retrograde,direct,2434594.389432341
240.68981541260823,600.6898154126083,600,direct,retrograde,2434685.4094950724
224.58915624662674,224.58915624662674,224,retrograde,direct,2434705.4548960803
346.12721257969383,706.1272125796938,706,direct,retrograde,2434793.814786667
331.7047016385223,331.7047016385223,331,retrograde,direct,2434816.129451881
108.83344158081128,468.83344158081127,468,direct,retrograde,2434916.58962774
99.28452286902828,99.28452286902828,99,retrograde,direct,2434940.784890866
224.7605343097036,584.7605343097036,584,direct,retrograde,2435033.8509018878
208.9077213340439,208.9077213340439,208,retrograde,direct,2435054.39602975
329.6550093989333,689.6550093989333,689,direct,retrograde,2435142.3712694114
314.3569090208955,314.3569090208955,314,retrograde,direct,2435163.928502446
88.84331307200785,448.84331307200785,448,direct,retrograde,2435262.4484269246
80.15365880737981,80.15365880737981,80,retrograde,direct,2435286.4656846933
208.6357691817964,568.6357691817964,568,direct,retrograde,2435382.082215161
193.16144754373272,193.16144754373272,193,retrograde,direct,2435403.3070291495
313.44786829674723,673.4478682967472,673,direct,retrograde,2435491.1608655695
297.5861098462658,297.5861098462658,297,retrograde,direct,2435512.0068206936
68.87597360696817,428.87597360696816,428,direct,retrograde,2435608.0084436294
60.23353061209955,60.23353061209955,60,retrograde,direct,2435631.856762306
192.18501199373074,552.1850119937308,552,direct,retrograde,2435730.088610423
177.27523876445778,177.27523876445778,177,retrograde,direct,2435752.0975930905
297.4293488292312,657.4293488292312,657,direct,retrograde,2435840.057292683
281.2582177255199,281.2582177255199,281,retrograde,direct,2435860.3303627074
49.44582012513836,409.44582012513837,409,direct,retrograde,2435953.7302113054
39.98958145798875,39.98958145798875,39,retrograde,direct,2435977.5445362898
175.25090146061268,535.2509014606127,535,direct,retrograde,2436077.83610247
161.1503954699558,161.1503954699558,161,retrograde,direct,2436100.6505926056
281.5295135118674,641.5295135118674,641,direct,retrograde,2436188.9619764574
265.2360238120781,265.2360238120781,265,retrograde,direct,2436208.8600528305
30.836413208703316,390.83641320870333,390,direct,retrograde,2436300.1001997953
19.995274241977736,19.995274241977736,19,retrograde,direct,2436323.789554199
157.69282646450097,517.692826464501,517,direct,retrograde,2436425.282591017
144.678171734042,144.678171734042,144,retrograde,direct,2436448.820941302
265.7024700004585,625.7024700004586,625,direct,retrograde,2436537.802867462
249.41201877625952,249.41201877625952,249,retrograde,direct,2436557.560226178
13.027388410600855,373.02738841060085,373,direct,retrograde,2436647.2736171708
0.6408298731441445,0.6408298731441445,0,retrograde,direct,2436670.5784046752
139.36903240511566,499.36903240511566,499,direct,retrograde,2436772.3765957756
127.6800789037236,127.6800789037236,127,retrograde,direct,2436796.4201488513
249.89116035355147,609.8911603535514,609,direct,retrograde,2436886.5253611654
233.6960373038475,233.6960373038475,233,retrograde,direct,2436906.3925133757
355.8688947946065,715.8688947946065,715,direct,retrograde,2436995.1318764864
342.0994859409743,342.0994859409743,342,retrograde,direct,2437017.836540358
120.24329088274754,480.24329088274754,480,direct,retrograde,2437119.052148829
109.96081426276571,109.96081426276571,109,retrograde,direct,2437143.266963333
234.02487455214407,594.0248745521441,594,direct,retrograde,2437235.0849240646
218.01239742531033,218.01239742531033,218,retrograde,direct,2437255.310143546
339.1764860330147,699.1764860330147,699,direct,retrograde,2437343.48086001
324.3385541579284,324.3385541579284,324,retrograde,direct,2437365.4691628814
100.45487955845763,460.4548795584576,460,direct,retrograde,2437465.2125340737
91.34928838864772,91.34928838864772,91,retrograde,direct,2437489.31667436
218.0263262357263,578.0263262357263,578,direct,retrograde,2437583.4456229107
202.31144587839822,202.31144587839822,202,retrograde,direct,2437604.2505441206
322.82042887831955,682.8204288783195,682,direct,retrograde,2437692.1462642103
307.2495676290494,307.2495676290494,307,retrograde,direct,2437713.399500382
80.39710942139361,440.3971094213936,440,direct,retrograde,2437810.88126628
71.84046957537359,71.84046957537359,71,retrograde,direct,2437834.8232292775
201.77476027594176,561.7747602759417,561,direct,retrograde,2437931.578378453
186.51487666681584,186.51487666681584,186,retrograde,direct,2437953.1279729735
306.7011046876448,666.7011046876448,666,direct,retrograde,2438040.9907477554
290.68505492837704,290.68505492837704,290,retrograde,direct,2438061.5816837577
60.62075313152554,420.62075313152553,420,direct,retrograde,2438156.437166068
51.73115825838886,51.73115825838886,51,retrograde,direct,2438180.285760124
185.13782824430297,545.1378282443029,545,direct,retrograde,2438279.464739887
170.54330911099981,170.54330911099981,170,retrograde,direct,2438301.835887147
290.7407031395826,650.7407031395826,650,direct,retrograde,2438389.90270985
274.4981016893545,274.4981016893545,274,retrograde,direct,2438409.9873844096
41.52165876120015,401.5216587612002,401,direct,retrograde,2438502.4098654324
31.520183565546866,31.520183565546866,31,retrograde,direct,2438526.172392687
167.96258644055752,527.9625864405575,527,direct,retrograde,2438627.093205561
154.29120796179234,154.29120796179234,154,retrograde,direct,2438650.2418842074
274.88471356138905,634.884713561389,634,direct,retrograde,2438738.795054187
258.57459268082994,258.57459268082994,258,retrograde,direct,2438758.5934987376
23.255563985716407,383.25556398571644,383,direct,retrograde,2438849.119752582
11.750105991444896,11.750105991444896,11,retrograde,direct,2438872.666784499
150.08814334533733,510.08814334533736,510,direct,retrograde,2438974.413584116
137.61238450672144,137.61238450672144,137,retrograde,direct,2438998.1833912004
259.068516123673,619.068516123673,619,direct,retrograde,2439087.594095147
242.80522325018023,242.80522325018023,242,retrograde,direct,2439107.3609792963
5.742332333589405,365.7423323335894,365,direct,retrograde,2439196.596041945
352.73706909949976,352.73706909949976,352,retrograde,direct,2439219.68367802
131.42184924617527,491.42184924617527,491,direct,retrograde,2439321.343227773
120.33635222342009,120.33635222342009,120,retrograde,direct,2439345.487460482
243.24613137026265,603.2461313702627,603,direct,retrograde,2439436.2466283552
227.11945729802733,227.11945729802733,227,retrograde,direct,2439456.242463505
348.8068692300229,708.8068692300229,708,direct,retrograde,2439544.6847184394
334.5434851765508,334.5434851765508,334,retrograde,direct,2439567.102249235
111.98281125232761,471.9828112523276,471,direct,retrograde,2439667.7851551296
102.25576245296203,102.25576245296203,102,retrograde,direct,2439692.000661102
227.3413258070023,587.3413258070022,587,direct,retrograde,2439784.7191344453
211.4447385738966,211.4447385738966,211,retrograde,direct,2439805.1775575187
332.28591329566626,692.2859132956662,692,direct,retrograde,2439893.1945492877
317.09561582747347,317.09561582747347,317,retrograde,direct,2439914.858448686
92.0257321045196,452.0257321045196,452,direct,retrograde,2440013.7197686033
83.25119388783597,83.25119388783597,83,retrograde,direct,2440037.756349868
211.25202745595945,571.2520274559595,571,direct,retrograde,2440132.9861316513
195.70948023482566,195.70948023482566,195,retrograde,direct,2440154.095144651
316.04387458729997,676.0438745873,676,direct,retrograde,2440241.9558258094
300.24725716891385,300.24725716891385,300,retrograde,direct,2440262.901430036
72.01524179538433,432.0152417953843,432,direct,retrograde,2440359.295744256
63.42432744156424,63.42432744156424,63,retrograde,direct,2440383.158159648
194.85981508470888,554.8598150847089,554,direct,retrograde,2440481.028781601
179.85098216444638,179.85098216444638,179,retrograde,direct,2440502.9119132245
300.0024002075307,660.0024002075306,660,direct,retrograde,2440590.8403689545
283.86603138645637,283.86603138645637,283,retrograde,direct,2440611.192854208
52.487079670802665,412.48707967080264,412,direct,retrograde,2440704.952104197
43.201142542204686,43.201142542204686,43,retrograde,direct,2440728.7825401463
178.0099334814891,538.009933481489,538,direct,retrograde,2440828.810799109
163.7729776284819,163.7729776284819,163,retrograde,direct,2440851.5121114533
284.094214565937,644.094214565937,644,direct,retrograde,2440939.7492951266
267.8112436042195,267.8112436042195,267,retrograde,direct,2440959.6916888673
33.76561050329135,393.7656105032913,393,direct,retrograde,2441051.2158494955
23.15067963683528,23.15067963683528,23,retrograde,direct,2441074.9341225447
160.55515961858623,520.5551596185862,520,direct,retrograde,2441176.301021831
147.36313169100336,147.36313169100336,147,retrograde,direct,2441199.7516714316
268.2599158221718,628.2599158221718,628,direct,retrograde,2441288.606048256
251.96199265141325,251.96199265141325,251,retrograde,direct,2441308.365908282
15.845166366548595,375.8451663665486,375,direct,retrograde,2441398.2766987374
3.6827552347578654,3.6827552347578654,3,retrograde,direct,2441421.644969452
142.35599001047711,502.3559900104771,502,direct,retrograde,2441523.459810123
130.4589699998887,130.4589699998887,130,retrograde,direct,2441547.4431126043
252.45401405128192,612.4540140512819,612,direct,retrograde,2441637.3519361624
236.23653229334604,236.23653229334604,236,retrograde,direct,2441657.1822377946
358.59480064880603,718.5948006488061,718,direct,retrograde,2441746.040136575
345.01322080744717,345.01322080744717,345,retrograde,direct,2441768.8463019226
123.34627506337463,483.3462750633746,483,direct,retrograde,2441870.208211949
112.8597020450931,112.8597020450931,112,retrograde,direct,2441894.407740946
236.60168429479558,596.6016842947956,596,direct,retrograde,2441985.9371214313
220.55526989283152,220.55526989283152,220,retrograde,direct,2442006.0928478884
341.8389185647445,701.8389185647445,701,direct,retrograde,2442094.3229470598
327.14022834319223,327.14022834319223,327,retrograde,direct,2442116.4278768674
103.64590544947404,463.64590544947407,463,direct,retrograde,2442216.442760485
94.39562729679035,94.39562729679035,94,retrograde,direct,2442240.5806764113
220.62966185893794,580.6296618589379,580,direct,retrograde,2442334.325029877
204.86337529146812,204.86337529146812,204,retrograde,direct,2442355.0354829766
325.44121385605786,685.4412138560579,685,direct,retrograde,2442442.9498240342
309.9605298047605,309.9605298047605,309,retrograde,direct,2442464.3106419034
83.59788711053008,443.5978871105301,443,direct,retrograde,2442562.1669679107
75.01384424150434,75.01384424150434,75,retrograde,direct,2442586.137770964
204.4246987994006,564.4246987994006,564,direct,retrograde,2442682.490232437
189.08703214258065,189.08703214258065,189,retrograde,direct,2442703.9270853177
309.30033304020617,669.3003330402062,669,direct,retrograde,2442791.779391365
293.3326878879862,293.3326878879862,293,retrograde,direct,2442812.4560645605
63.73512819272846,423.73512819272844,423,direct,retrograde,2442907.711285293
54.94972839325216,54.94972839325216,54,retrograde,direct,2442931.555502463
187.85675783166036,547.8567578316604,547,direct,retrograde,2443030.419422308
173.1470371012161,173.1470371012161,173,retrograde,direct,2443052.666281429
293.32134463418026,653.3213446341803,653,direct,retrograde,2443140.690366283
277.098713040003,277.098713040003,277,retrograde,direct,2443160.8338294504
44.51183914421063,404.5118391442106,404,direct,retrograde,2443253.5894338693
34.71046795183689,34.71046795183689,34,retrograde,direct,2443277.3690439677
170.77732908075288,530.7773290807529,530,direct,retrograde,2443378.0964238113
156.94947384691582,156.94947384691582,156,retrograde,direct,2443401.127809003
277.4502382594753,637.4502382594753,637,direct,retrograde,2443489.5909358542
261.1419597743633,261.1419597743633,261,retrograde,direct,2443509.4180844286
26.127623307369785,386.1276233073698,386,direct,retrograde,2443600.178625863
14.855105353208135,14.855105353208135,14,retrograde,direct,2443623.7831875393
153.01068594771303,513.010685947713,513,direct,retrograde,2443725.463494301
140.34213706903913,140.34213706903913,140,retrograde,direct,2443749.1534375055
261.6303420918095,621.6303420918096,621,direct,retrograde,2443838.40395791
245.35602716739854,245.35602716739854,245,retrograde,direct,2443858.1641442217
8.52179983594165,368.52179983594164,368,direct,retrograde,2443947.552282462
355.729137095582,355.729137095582,355,retrograde,direct,2443970.7231739834
134.45583871233126,494.45583871233123,494,direct,retrograde,2444072.445849818
123.15876612379945,123.15876612379945,123,retrograde,direct,2444096.5641847793
245.81034641655387,605.8103464165539,605,direct,retrograde,2444187.079827725
229.65903152035216,229.65903152035216,229,retrograde,direct,2444207.0282728514
351.5053365515761,711.5053365515761,711,direct,retrograde,2444295.5643742615
337.40791938947063,337.40791938947063,337,retrograde,direct,2444318.0825641537
115.11865275518818,475.1186527551882,475,direct,retrograde,2444418.967004206
105.20385309666135,105.20385309666135,105,retrograde,direct,2444443.192302406
229.92345335141917,589.9234533514192,589,direct,retrograde,2444535.58237716
213.9843184428759,213.9843184428759,213,retrograde,direct,2444555.955678005
334.92382291437406,694.9238229143741,694,direct,retrograde,2444644.0214996347
319.84812272609184,319.84812272609184,319,retrograde,direct,2444665.795501859
95.20966476618295,455.209664766183,455,direct,retrograde,2444764.983058555
86.33376304605909,86.33376304605909,86,retrograde,direct,2444789.0401128437
213.86346955432325,573.8634695543233,573,direct,retrograde,2444883.885541074
198.25663373019262,198.25663373019262,198,retrograde,direct,2444904.8820984326
318.64346697194884,678.6434669719488,678,direct,retrograde,2444992.752205872
302.91967178512135,302.91967178512135,302,retrograde,direct,2445013.803889541
75.1766860297459,435.1766860297459,435,direct,retrograde,2445110.587126461
66.61724386492484,66.61724386492484,66,retrograde,direct,2445134.472537309
197.52138603890674,557.5213860389067,557,direct,retrograde,2445231.960343697
182.41904104810433,182.41904104810433,182,retrograde,direct,2445253.723260944
302.57621315154876,662.5762131515487,662,direct,retrograde,2445341.6247863118
286.47855895294356,286.47855895294356,286,retrograde,direct,2445362.0592997856
55.5502885416329,415.5502885416329,415,direct,retrograde,2445456.1920300256
46.41888142964729,46.41888142964729,46,retrograde,direct,2445480.03367507
180.74811248694064,540.7481124869406,540,direct,retrograde,2445579.778584291
166.38085759983784,166.38085759983784,166,retrograde,direct,2445602.367650589
286.65407856808844,646.6540785680884,646,direct,retrograde,2445690.5369129386
270.3832799743905,270.3832799743905,270,retrograde,direct,2445710.5258137016
36.69725089797498,396.697250897975,396,direct,retrograde,2445802.3496834757
26.301880960042812,26.301880960042812,26,retrograde,direct,2445826.087223186
163.39345522543766,523.3934552254377,523,direct,retrograde,2445927.315091014
150.02954881349234,150.02954881349234,150,retrograde,direct,2445950.667988047
270.8102005752307,630.8102005752307,630,direct,retrograde,2446039.407216588
254.50530995023243,254.50530995023243,254,retrograde,direct,2446059.1743277228
18.65860222660222,378.6586022266022,378,direct,retrograde,2446149.291746868
6.723857405972597,6.723857405972597,6,retrograde,direct,2446172.7241761712
145.31623810601124,505.31623810601127,505,direct,retrograde,2446274.5361931873
133.21392189773943,133.21392189773943,133,retrograde,direct,2446298.449739988
255.0037299315674,615.0037299315674,615,direct,retrograde,2446388.1732861167
238.76606577653064,238.76606577653064,238,retrograde,direct,2446407.9743652865
1.3142705104883736,361.31427051048837,361,direct,retrograde,2446496.955751582
347.92845351123066,347.92845351123066,347,retrograde,direct,2446519.8624982247
126.42352075527737,486.42352075527737,486,direct,retrograde,2446621.352131432
115.72852015705361,115.72852015705361,115,retrograde,direct,2446645.533118004
239.16235300937612,599.1623530093761,599,direct,retrograde,2446736.782986114
223.08527168146927,223.08527168146927,223,retrograde,direct,2446756.8767319163
344.5018815958957,704.5018815958957,704,direct,retrograde,2446845.1716644038
329.95016479595785,329.95016479595785,329,retrograde,direct,2446867.390506384
106.81093451896335,466.81093451896334,466,direct,retrograde,2446967.6556075113
97.4029717197778,97.4029717197778,97,retrograde,direct,2446991.8272234723
223.21311643962017,583.2131164396202,583,direct,retrograde,2447085.1986382883
207.3996978146879,207.3996978146879,207,retrograde,direct,2447105.818893495
328.0660629886679,688.0660629886679,688,direct,retrograde,2447193.7623157585
312.6805783219208,312.6805783219208,312,retrograde,direct,2447215.2289583096
86.78356716266167,446.78356716266165,446,direct,retrograde,2447313.4466728773
78.15118247005466,78.15118247005466,78,retrograde,direct,2447337.444374698
207.05869599416906,567.058695994169,567,direct,retrograde,2447433.4004793083
191.64718420867123,191.64718420867123,191,retrograde,direct,2447454.723433405
311.8958189993818,671.8958189993818,671,direct,retrograde,2447542.5732598044
295.98168738560764,295.98168738560764,295,retrograde,direct,2447563.3384836772
66.85544819328882,426.8554481932888,426,direct,retrograde,2447658.994536764
58.156098507801886,58.156098507801886,58,retrograde,direct,2447682.8380119484
190.560574571817,550.560574571817,550,direct,retrograde,2447781.3730710903
175.74099230529862,175.74099230529862,175,retrograde,direct,2447803.4914921215
295.8948872710272,655.8948872710272,655,direct,retrograde,2447891.4785566004
279.69722414501365,279.69722414501365,279,retrograde,direct,2447911.6885295697
47.52642130919964,407.52642130919963,407,direct,retrograde,2448004.7878551167
37.91684124016541,37.91684124016541,37,retrograde,direct,2448028.584715316
173.56782495038422,533.5678249503842,533,direct,retrograde,2448129.0889654243
159.590311205083,159.590311205083,159,retrograde,direct,2448152.004032581
280.00902970039687,640.0090297003969,640,direct,retrograde,2448240.380954326
263.70711839587585,263.70711839587585,263,retrograde,direct,2448260.2440532725
29.022793101443003,389.022793101443,389,direct,retrograde,2448351.2562157363
17.98370867746411,17.98370867746411,17,retrograde,direct,2448374.909177429
155.90870669393524,515.9087066939353,515,direct,retrograde,2448476.498282848
143.05175564609624,143.05175564609624,143,retrograde,direct,2448500.107363796
264.1919684397213,624.1919684397212,624,direct,retrograde,2448589.2088529766
247.9087820038903,247.9087820038903,247,retrograde,direct,2448608.966574286
11.31171762696925,371.31171762696925,371,direct,retrograde,2448698.522530847
358.7362189984278,358.7362189984278,358,retrograde,direct,2448721.7681276593
137.47554578523096,497.47554578523096,497,direct,retrograde,2448823.537271848
125.96781936722586,125.96781936722586,125,retrograde,direct,2448847.620372487
248.38036937424042,608.3803693742404,608,direct,retrograde,2448937.9091379624
232.20497211968566,232.20497211968566,232,retrograde,direct,2448957.812799042
354.2160785496421,714.2160785496421,714,direct,retrograde,2449046.453934571
340.2916364340129,340.2916364340129,340,retrograde,direct,2449069.0719958367
118.25731954726172,478.2573195472617,478,direct,retrograde,2449170.144872669
108.14788607480496,108.14788607480496,108,retrograde,direct,2449194.3679933175
232.51156497714098,592.511564977141,592,direct,retrograde,2449286.444121221
216.53152251856136,216.53152251856136,216,retrograde,direct,2449306.735268497
337.5776550167748,697.5776550167748,697,direct,retrograde,2449394.8541649524
322.625685816832,322.625685816832,322,retrograde,direct,2449416.742057464
98.41118249279046,458.41118249279043,458,direct,retrograde,2449516.242031349
89.41825334650359,89.41825334650359,89,retrograde,direct,2449540.321237522
216.48257069112827,576.4825706911283,576,direct,retrograde,2449634.7803630913
200.81510919694634,200.81510919694634,200,retrograde,direct,2449655.670407757
321.2648254229531,681.2648254229531,681,direct,retrograde,2449743.5526465913
305.62119145276785,305.62119145276785,305,retrograde,direct,2449764.7128352243
78.36170421254002,438.36170421254,438,direct,retrograde,2449861.8762341207
69.81266313681711,69.81266313681711,69,retrograde,direct,2449885.790584419
200.18498429494434,560.1849842949443,560,direct,retrograde,2449982.8852599515
184.99604646306346,184.99604646306346,184,retrograde,direct,2450004.5328630153
305.16928735940337,665.1692873594034,665,direct,retrograde,2450092.4104442345
289.11358238562394,289.11358238562394,289,retrograde,direct,2450112.92822072
58.64335750717641,418.6433575071764,418,direct,retrograde,2450207.4443494007
49.64899177412085,49.64899177412085,49,retrograde,direct,2450231.293039645
183.48915291460415,543.4891529146041,543,direct,retrograde,2450330.741117581
168.99813747661142,168.99813747661142,168,retrograde,direct,2450353.214210228
289.2257506284464,649.2257506284463,649,direct,retrograde,2450441.3235218013
272.96837223647105,272.96837223647105,272,retrograde,direct,2450461.361975712
39.65561541915529,399.6556154191553,399,direct,retrograde,2450553.500853073
29.47435015915606,29.47435015915606,29,retrograde,direct,2450577.253634721
166.23152089793413,526.2315208979342,526,direct,retrograde,2450678.3254499305
152.70070438739123,152.70070438739123,152,retrograde,direct,2450701.571160461
273.3696973506336,633.3696973506336,633,direct,retrograde,2450790.2055277126
257.05934319713464,257.05934319713464,257,retrograde,direct,2450809.9866213165
21.494453475948923,381.49445347594894,381,direct,retrograde,2450900.320654016
9.791197837383047,9.791197837383047,9,retrograde,direct,2450923.813376461
148.26754651734933,508.26754651734933,508,direct,retrograde,2451025.6025903495
135.96167365076403,135.96167365076403,135,retrograde,direct,2451049.441080901
257.5564594193842,617.5564594193843,617,direct,retrograde,2451138.9902265407
241.30327281007314,241.30327281007314,241,retrograde,direct,2451158.7703893753
4.054224376344325,364.05422437634434,364,direct,retrograde,2451247.882677786
350.8715174196996,350.8715174196996,350,retrograde,direct,2451270.8882874707
129.49040748035577,489.49040748035577,489,direct,retrograde,2451372.481048111
118.58388963436694,118.58388963436694,118,retrograde,direct,2451396.643430002
241.7263027325743,601.7263027325744,601,direct,retrograde,2451487.624412411
225.6219900937801,225.6219900937801,225,retrograde,direct,2451507.663012105
347.17839384449593,707.178393844496,707,direct,retrograde,2451596.0322206123
332.7787591083966,332.7787591083966,332,retrograde,direct,2451618.360629362
109.96181452277179,469.96181452277176,469,direct,retrograde,2451718.8554938817
100.38628638207473,100.38628638207473,100,retrograde,direct,2451743.055772015
225.79906991745494,585.799069917455,585,direct,retrograde,2451836.0701488564
209.94058135638758,209.94058135638758,209,retrograde,direct,2451856.602821732
330.69484871136586,690.6948487113659,690,direct,retrograde,2451944.5820260756
315.4102974573581,315.4102974573581,315,retrograde,direct,2451966.15368638
89.96412639837142,449.96412639837143,449,direct,retrograde,2452064.723486999
81.26523577154087,81.26523577154087,81,retrograde,direct,2452088.7424117224
209.68604130054558,569.6860413005456,569,direct,retrograde,2452184.307857494
194.2020036228254,194.2020036228254,194,retrograde,direct,2452205.5158966267
314.4846304233461,674.4846304233461,674,direct,retrograde,2452293.368008652
298.6303498599114,298.6303498599114,298,retrograde,direct,2452314.2275925875
69.98628172549353,429.98628172549354,429,direct,retrograde,2452410.284664402
61.35431091499283,61.35431091499283,61,retrograde,direct,2452434.1329256054
193.24426536620496,553.2442653662049,553,direct,retrograde,2452532.318360759
178.32005206710298,178.32005206710298,178,retrograde,direct,2452554.309553601
298.4624863638422,658.4624863638421,658,direct,retrograde,2452642.2633856228
282.29543888744274,282.29543888744274,282,retrograde,direct,2452662.5473132534
50.553407821025516,410.55340782102553,410,direct,retrograde,2452755.9992531845
41.123466095130915,41.123466095130915,41,retrograde,direct,2452779.8142963806
176.32361514800792,536.3236151480079,536,direct,retrograde,2452880.070395519
162.20384689721362,162.20384689721362,162,retrograde,direct,2452902.8696095375
282.5624950287648,642.5624950287647,642,direct,retrograde,2452991.167334753
266.2696484933436,266.2696484933436,266,retrograde,direct,2453011.0721727423
31.925113055656368,391.92511305565637,391,direct,retrograde,2453102.352257601
21.116336104672737,21.116336104672737,21,retrograde,direct,2453126.045261928
158.77448790948958,518.7744879094896,518,direct,retrograde,2453227.5227591814
145.7361822721939,145.7361822721939,145,retrograde,direct,2453251.048074832
266.74401596285537,626.7440159628554,626,direct,retrograde,2453340.012015661
250.45186223848998,250.45186223848998,250,retrograde,direct,2453359.7701656297
14.100731409108432,374.10073140910845,374,direct,retrograde,2453449.5099843955
1.7456423121793534,1.7456423121793534,1,retrograde,direct,2453472.823278022
140.46986049913045,500.46986049913045,500,direct,retrograde,2453574.6250514146
128.75269519178613,128.75269519178613,128,retrograde,direct,2453598.6601081286
250.9368967697665,610.9368967697665,610,direct,retrograde,2453688.737839318
234.73794930675814,234.73794930675814,234,retrograde,direct,2453708.599757323
356.92444338432296,716.924443384323,716,direct,retrograde,2453797.353542922
343.1811420787177,343.1811420787177,343,retrograde,direct,2453820.070979925
121.37401527253753,481.3740152725375,481,direct,retrograde,2453921.314851803
111.06302168882479,111.06302168882479,111,retrograde,direct,2453945.5274221124
235.07801030380858,595.0780103038086,595,direct,retrograde,2454037.302786787
219.06048719887022,219.06048719887022,219,retrograde,direct,2454057.517533388
340.22909784658106,700.229097846581,700,direct,retrograde,2454145.692809331
325.4101736520037,325.4101736520037,325,retrograde,direct,2454167.69753589
101.59874274758732,461.5987427475873,461,direct,retrograde,2454267.486134446
92.47325941144628,92.47325941144628,92,retrograde,direct,2454291.5939203547
219.08024143436344,579.0802414343634,579,direct,retrograde,2454385.666641094
203.35870977143324,203.35870977143324,203,retrograde,direct,2454406.457317346
323.8792949182224,683.8792949182224,683,direct,retrograde,2454494.354768485
308.3209443891898,308.3209443891898,308,retrograde,direct,2454515.622999723
81.53891000525643,441.5389100052564,441,direct,retrograde,2454613.1580255004
72.9794763965553,72.9794763965553,72,retrograde,direct,2454637.1049328335
202.83619094404597,562.8361909440459,562,direct,retrograde,2454733.80335229
187.5659368098686,187.5659368098686,187,retrograde,direct,2454755.3373770937
307.7564913696872,667.7564913696872,667,direct,retrograde,2454843.1969537083
291.7463506454362,291.7463506454362,291,retrograde,direct,2454863.7988456003
61.74212244086102,421.742122440861,421,direct,retrograde,2454958.708625581
52.86827955727929,52.86827955727929,52,retrograde,direct,2454982.5568683166
186.2206908713877,546.2206908713877,546,direct,retrograde,2455081.6978050806
171.6103923246716,171.6103923246716,171,retrograde,direct,2455104.0510228397
291.7953380781698,651.7953380781698,651,direct,retrograde,2455192.109799942
275.55433006965313,275.55433006965313,275,retrograde,direct,2455212.2026429977
42.631787877520665,402.63178787752065,402,direct,retrograde,2455304.670857203
32.659505265522746,32.659505265522746,32,retrograde,direct,2455328.435126192
169.05893562103168,529.0589356210317,529,direct,retrograde,2455429.3323136074
155.36601051255957,155.36601051255957,155,retrograde,direct,2455452.46436653
275.935880388065,635.935880388065,635,direct,retrograde,2455541.003086957
259.6246018035059,259.6246018035059,259,retrograde,direct,2455560.8059972217
24.356340058668497,384.3563400586685,384,direct,retrograde,2455651.366381228
12.886489408989455,12.886489408989455,12,retrograde,direct,2455674.9193962803
151.20120433846424,511.2012043384642,511,direct,retrograde,2455776.6597429942
138.6967710883675,138.6967710883675,138,retrograde,direct,2455800.4186950717
260.1212120206208,620.1212120206208,620,direct,retrograde,2455889.805140828
243.85560841245004,243.85560841245004,243,retrograde,direct,2455909.571385663
6.822636663019546,366.8226366630195,366,direct,retrograde,2455998.8256787183
353.8482127522001,353.8482127522001,353,retrograde,direct,2456021.9244725145
132.54261531609635,492.5426153160963,492,direct,retrograde,2456123.5944353538
121.42682435388133,121.42682435388133,121,retrograde,direct,2456147.73621306
244.3007019273065,604.3007019273065,604,direct,retrograde,2456238.460971294
228.17051717588546,228.17051717588546,228,retrograde,direct,2456258.4496742804
349.8744422621632,709.8744422621633,709,direct,retrograde,2456346.903530593
335.6331911951085,335.6331911951085,335,retrograde,direct,2456369.335337186
113.11408969401707,473.1140896940171,473,direct,retrograde,2456470.046923401
103.3617579754013,103.3617579754013,103,retrograde,direct,2456494.2653412987
228.39421295112786,588.3942129511279,588,direct,retrograde,2456586.9366447385
212.4915328752293,212.4915328752293,212,retrograde,direct,2456607.38323964
333.33755489416404,693.337554894164,693,direct,retrograde,2456695.4051011326
318.1616372051403,318.1616372051403,318,retrograde,direct,2456717.083429821
93.16755563648884,453.1675556364888,453,direct,retrograde,2456815.9975322
84.38134864912195,84.38134864912195,84,retrograde,direct,2456840.034678692
212.31247273863394,572.3124727386339,572,direct,retrograde,2456935.2098940294
196.76000004939021,196.76000004939021,196,retrograde,direct,2456956.3031640146
317.08778768725386,677.0877876872539,677,direct,retrograde,2457044.162636983
301.3002013149745,301.3002013149745,301,retrograde,direct,2457065.122850366
73.14810287586266,433.14810287586266,433,direct,retrograde,2457161.5757701537
64.56293351070005,64.56293351070005,64,retrograde,direct,2457185.439544468
195.92114296949407,555.9211429694941,555,direct,retrograde,2457283.256581667
180.89944218846236,180.89944218846236,180,retrograde,direct,2457305.1231355052
301.04355945325307,661.043559453253,661,direct,retrograde,2457393.045560059
284.91173794315375,284.91173794315375,284,retrograde,direct,2457413.4094784493
53.60194102178924,413.60194102178923,413,direct,retrograde,2457507.222022795
44.33778036448632,44.33778036448632,44,retrograde,direct,2457531.0553152096
179.07745442722398,539.077454427224,539,direct,retrograde,2457631.044333144
164.82258412011427,164.82258412011427,164,retrograde,direct,2457653.7295544976
285.1309770413009,645.1309770413009,645,direct,retrograde,2457741.9550137874
268.8487938224182,268.8487938224182,268,retrograde,direct,2457761.9046688555
34.847394983003284,394.84739498300326,394,direct,retrograde,2457853.4682852086
24.263523652359194,24.263523652359194,24,retrograde,direct,2457877.189351906
161.63994689388835,521.6399468938884,521,direct,retrograde,2457978.5420116335
148.42455498995687,148.42455498995687,148,retrograde,direct,2458001.9787358195
269.30269224873666,629.3026922487367,629,direct,retrograde,2458090.815374025
253.00232379460604,253.00232379460604,253,retrograde,direct,2458110.576900105
16.907908734982822,376.9079087349828,376,direct,retrograde,2458200.5130990846
4.777501252998555,4.777501252998555,4,retrograde,direct,2458223.8894454725
143.45617596406314,503.45617596406316,503,direct,retrograde,2458325.7099847943
131.53000390262903,131.53000390262903,131,retrograde,direct,2458349.6838391824
253.4916861390984,613.4916861390984,613,direct,retrograde,2458439.5647189524
237.27054867483756,237.27054867483756,237,retrograde,direct,2458459.390330959
359.64937074781386,719.6493707478139,719,direct,retrograde,2458548.2629960645
346.09582053213643,346.09582053213643,346,retrograde,direct,2458571.082486542
124.46497649700937,484.4649764970094,484,direct,retrograde,2458672.468363016
113.94762583078989,113.94762583078989,113,retrograde,direct,2458696.6651317542
237.63783991153966,597.6378399115397,597,direct,retrograde,2458788.1537879677
221.58647684294635,221.58647684294635,221,retrograde,direct,2458808.2997591505
342.88970794230954,702.8897079423095,702,direct,retrograde,2458896.53750706
328.2116747547867,328.2116747547867,328,retrograde,direct,2458918.6587346597
104.76400458533821,464.7640045853382,464,direct,retrograde,2459018.7075416287
95.49264236638844,95.49264236638844,95,retrograde,direct,2459042.851648229
221.6694310954348,581.6694310954348,581,direct,retrograde,2459136.5451331763
205.89709261948667,205.89709261948667,205,retrograde,direct,2459157.2428528545
326.4909390427494,686.4909390427495,686,direct,retrograde,2459245.160900712
311.0228446303168,311.0228446303168,311,retrograde,direct,2459266.5361058703
84.71700772444781,444.7170077244478,444,direct,retrograde,2459364.4403054053
76.1270341159717,76.1270341159717,76,retrograde,direct,2459388.416699458
205.47373991255714,565.4737399125571,565,direct,retrograde,2459484.715406852
190.12625459262895,190.12625459262895,190,retrograde,direct,2459506.1366911754
310.33744365163955,670.3374436516395,670,direct,retrograde,2459593.9871491585
294.3763090725772,294.3763090725772,294,retrograde,direct,2459614.6756561445
64.85852290041628,424.8585229004163,424,direct,retrograde,2459709.991326602
56.087291090710416,56.087291090710416,56,retrograde,direct,2459733.8335256726
188.92427576463803,548.924275764638,548,direct,retrograde,2459832.6514266543
174.19932250041708,174.19932250041708,174,retrograde,direct,2459854.8801389216
294.35665851601465,654.3566585160147,654,direct,retrograde,2459942.8971076747
278.1356889287843,278.1356889287843,278,retrograde,direct,2459963.0499364324
45.62131285873204,405.62131285873204,405,direct,retrograde,2460055.8575895317
35.84978227938746,35.84978227938746,35,retrograde,direct,2460079.636607088
171.85205812938776,531.8520581293877,531,direct,retrograde,2460180.332972843
158.00318112312013,158.00318112312013,158,retrograde,direct,2460203.348042951
278.48894554124945,638.4889455412494,638,direct,retrograde,2460291.7979946723
262.1810908969458,262.1810908969458,262,retrograde,direct,2460311.6302545723
27.21861868809313,387.2186186880931,387,direct,retrograde,2460402.426736111
15.981207502151866,15.981207502151866,15,retrograde,direct,2460426.0375923486
154.10460125604507,514.104601256045,514,direct,retrograde,2460527.7056102725
141.40878189427957,141.40878189427957,141,retrograde,direct,2460551.384705549
262.6717482871686,622.6717482871686,622,direct,retrograde,2460640.6127763093
246.39600869227172,246.39600869227172,246,retrograde,direct,2460660.37243942
9.588927089888921,369.5889270898889,369,direct,retrograde,2460749.7820150815
356.8263546792165,356.8263546792165,356,retrograde,direct,2460772.963628347
135.57519229110912,495.57519229110915,495,direct,retrograde,2460874.697931394
124.2494472686437,124.2494472686437,124,retrograde,direct,2460898.812418108
246.86188334115988,606.8618833411599,606,direct,retrograde,2460989.2928565573
230.70687301482187,230.70687301482187,230,retrograde,direct,2461009.2350364607
352.5653253654326,712.5653253654326,712,direct,retrograde,2461097.7834490556
338.4907572313911,338.4907572313911,338,retrograde,direct,2461120.314468434
116.25735912675562,476.2573591267556,476,direct,retrograde,2461221.233278673
106.316536515796,106.316536515796,106,retrograde,direct,2461245.456848247
230.9789880103698,590.9789880103698,590,direct,retrograde,2461337.8004968036
215.03348984845462,215.03348984845462,215,retrograde,direct,2461358.1624162337
335.98125790019026,695.9812579001903,695,direct,retrograde,2461446.2333943183
320.9231543168531,320.9231543168531,320,retrograde,direct,2461468.022243765
96.36115028932169,456.3611502893217,456,direct,retrograde,2461567.260580427
87.46920835974149,87.46920835974149,87,retrograde,direct,2461591.319013022
214.9278001165901,574.9278001165901,574,direct,retrograde,2461686.1090746066
199.31206701255604,199.31206701255604,199,retrograde,direct,2461707.0907220356
319.69844872978695,679.698448729787,679,direct,retrograde,2461794.9600229533
303.985410336608,303.985410336608,303,retrograde,direct,2461816.026249269
76.31459184357314,436.3145918435731,436,direct,retrograde,2461912.86318908
67.7568252859357,67.7568252859357,67,retrograde,direct,2461936.7541563064
198.59408349275535,558.5940834927553,558,direct,retrograde,2462034.190155035
183.48056271133922,183.48056271133922,183,retrograde,direct,2462055.9357765047
303.6339463316222,663.6339463316222,663,direct,retrograde,2462143.8309329683
287.5412973278781,287.5412973278781,287,retrograde,direct,2462164.2779175416
56.67229017576897,416.672290175769,416,direct,retrograde,2462258.4621503213
47.56092064659212,47.56092064659212,47,retrograde,direct,2462282.3061077828
181.8308931206446,541.8308931206445,541,direct,retrograde,2462382.012535992
167.4471741517417,167.4471741517417,167,retrograde,direct,2462404.5845837714
287.7078052609953,647.7078052609953,647,direct,retrograde,2462492.743466111
271.43713170943397,271.43713170943397,271,retrograde,direct,2462512.7399233375
37.799272784678095,397.7992727846781,397,direct,retrograde,2462604.6065389523
27.436449423699546,27.436449423699546,27,retrograde,direct,2462628.3436334394
164.49566893928758,524.4956689392876,524,direct,retrograde,2462729.5556838475
151.1077985785386,151.1077985785386,151,retrograde,direct,2462752.894169242
271.86448711788734,631.8644871178874,631,direct,retrograde,2462841.616250933
255.55735439685424,255.55735439685424,255,retrograde,direct,2462861.384987985
19.74260291966455,379.74260291966453,379,direct,retrograde,2462951.530306602
7.841258936982639,7.841258936982639,7,retrograde,direct,2462974.9692310328
146.42640646137366,506.42640646137363,506,direct,retrograde,2463076.78301612
134.2942737681058,134.2942737681058,134,retrograde,direct,2463100.6863455735
256.05345782871706,616.053457828717,616,direct,retrograde,2463190.3858092725
239.81320972866567,239.81320972866567,239,retrograde,direct,2463210.182927626
2.392117727580969,362.39211772758097,362,direct,retrograde,2463299.1817442058
349.035072052738,349.035072052738,349,retrograde,direct,2463322.103529379
127.54511317729185,487.54511317729185,487,direct,retrograde,2463423.6066031912
116.82050950426581,116.82050950426581,116,retrograde,direct,2463447.7861852273
240.20967265558843,600.2096726555884,600,direct,retrograde,2463538.997740791
224.12874635847643,224.12874635847643,224,retrograde,direct,2463559.0838960577
345.56528742625585,705.5652874262558,705,direct,retrograde,2463647.388971553
331.0338579987542,331.0338579987542,331,retrograde,direct,2463669.6231566668
107.9393511604286,467.9393511604286,467,direct,retrograde,2463769.920339453
98.50967903572949,98.50967903572949,98,retrograde,direct,2463794.0969026014
224.26904992580606,584.269049925806,584,direct,retrograde,2463887.4188757325
208.44898573972816,208.44898573972816,208,retrograde,direct,2463908.0275627105
329.1167610519818,689.1167610519818,689,direct,retrograde,2463995.9735650746
313.7442839299384,313.7442839299384,313,retrograde,direct,2464017.4543603044
87.91919826446471,447.91919826446474,447,direct,retrograde,2464115.724715111
79.27817895294385,79.27817895294385,79,retrograde,direct,2464139.7247141385
208.11647356989937,568.1164735698994,568,direct,retrograde,2464235.624961661
192.69457306419224,192.69457306419224,192,retrograde,direct,2464256.9321880937
312.93704901041025,672.9370490104102,672,direct,retrograde,2464344.780791861
297.03034047319585,297.03034047319585,297,retrograde,direct,2464365.5588257415
67.99141618262676,427.9914161826268,427,direct,retrograde,2464461.2780402983
59.30310315853516,59.30310315853516,59,retrograde,direct,2464485.119891962
191.62163886255092,551.621638862551,551,direct,retrograde,2464583.602965229
176.78720964054807,176.78720964054807,176,retrograde,direct,2464605.703551164
296.9315232653177,656.9315232653178,656,direct,retrograde,2464693.683687767
280.73701116593526,280.73701116593526,280,retrograde,direct,2464713.9041227726
48.63037636917577,408.6303763691758,408,direct,retrograde,2464807.0541303894
39.04783098492331,39.04783098492331,39,retrograde,direct,2464830.8536479855
174.63539386974776,534.6353938697478,534,direct,retrograde,2464931.3248724397
160.63786448771717,160.63786448771717,160,retrograde,direct,2464954.222554718
281.04750991909674,641.0475099190967,641,direct,retrograde,2465042.5876207855
264.7459888769606,264.7459888769606,264,retrograde,direct,2465062.4565404635
30.1015427525607,390.1015427525607,390,direct,retrograde,2465153.503843451
19.095144554633873,19.095144554633873,19,retrograde,direct,2465177.163803652
156.99304624432773,516.9930462443277,516,direct,retrograde,2465278.740104137
144.1110363500451,144.1110363500451,144,retrograde,direct,2465302.3383367676
265.22480123197755,625.2248012319776,625,direct,retrograde,2465391.417219109
248.93933088402895,248.93933088402895,248,retrograde,direct,2465411.1751967305
12.371054081859091,372.3710540818591,372,direct,retrograde,2465500.7550988207
359.826462829885,359.826462829885,359,retrograde,direct,2465524.00825092
138.58646931932648,498.5864693193265,498,direct,retrograde,2465625.790696349
127.04917380114108,127.04917380114108,127,retrograde,direct,2465649.867487898
249.41568373467155,609.4156837346716,609,direct,retrograde,2465740.1223840136
233.23600245784436,233.23600245784436,233,retrograde,direct,2465760.0208441243
355.2654631830707,715.2654631830708,715,direct,retrograde,2465848.674915543
341.3664586211436,341.3664586211436,341,retrograde,direct,2465871.305317886
119.3785610803577,479.3785610803577,479,direct,retrograde,2465972.408021169
109.24061435541792,109.24061435541792,109,retrograde,direct,2465996.6295836857
233.54978081914734,593.5497808191474,593,direct,retrograde,2466088.6627240917
217.56422612167358,217.56422612167358,217,retrograde,direct,2466108.9430787386
338.6242891057128,698.6242891057128,698,direct,retrograde,2466197.068440171
323.69085708581855,323.69085708581855,323,retrograde,direct,2466218.9719924247
99.53785185525662,459.53785185525663,459,direct,retrograde,2466318.5133417863
90.52594199443129,90.52594199443129,90,retrograde,direct,2466342.597917814
217.5274532131591,577.5274532131591,577,direct,retrograde,2466437.0035689455
201.85320503637087,201.85320503637087,201,retrograde,direct,2466457.879106639
322.3028979930385,682.3028979930385,682,direct,retrograde,2466545.759954392
306.6701458057437,306.6701458057437,306,retrograde,direct,2466566.935501457
79.48095443894813,439.4809544389481,439,direct,retrograde,2466664.151257404
70.93254215708829,70.93254215708829,70,retrograde,direct,2466688.070255582
201.2470025065235,561.2470025065235,561,direct,retrograde,2466785.1137229865
186.04707896173448,186.04707896173448,186,retrograde,direct,2466806.7441689745
306.2109297280405,666.2109297280406,666,direct,retrograde,2466894.616499126
290.16015477468625,290.16015477468625,290,retrograde,direct,2466915.146977204
59.75295783747739,419.75295783747737,419,direct,retrograde,2467009.717361355
50.77845008691595,50.77845008691595,50,retrograde,direct,2467033.563361221
184.5608137536965,544.5608137536965,544,direct,retrograde,2467132.972797431
170.05333868762082,170.05333868762082,170,retrograde,direct,2467155.429387901
290.2704240873167,650.2704240873168,650,direct,retrograde,2467243.530517415
274.01440821015007,274.01440821015007,274,retrograde,direct,2467263.5761279147
40.75841041439091,400.75841041439094,400,direct,retrograde,2467355.7621678673
30.60905050385379,30.60905050385379,30,retrograde,direct,2467379.513640645
167.31927818209522,527.3192781820952,527,direct,retrograde,2467480.564625361
153.7648034775783,153.7648034775783,153,retrograde,direct,2467503.7944450444
274.4166143090495,634.4166143090495,634,direct,retrograde,2467592.4149490427
258.10561378093826,258.10561378093826,258,retrograde,direct,2467612.1982344566
22.582923220797717,382.58292322079774,382,direct,retrograde,2467702.5631020973
10.912811674007937,10.912811674007937,10,retrograde,direct,2467726.065396237
149.36707385683883,509.36707385683883,509,direct,retrograde,2467827.848430543
137.03441095713958,137.03441095713958,137,retrograde,direct,2467851.675128972
258.6082701095063,618.6082701095063,618,direct,retrograde,2467941.2024380323
242.35283287766327,242.35283287766327,242,retrograde,direct,2467960.9799692323
5.1353314645028,365.1353314645028,365,direct,retrograde,2468050.11244014
351.9815793489932,351.9815793489932,351,retrograde,direct,2468073.1317026746
130.60732719748196,490.60732719748194,490,direct,retrograde,2468174.734671599
119.67304267838998,119.67304267838998,119,retrograde,direct,2468198.894202221
242.7794566228243,602.7794566228243,602,direct,retrograde,2468289.838498855
226.67116051339775,226.67116051339775,226,retrograde,direct,2468309.870911668
348.24388126037195,708.243881260372,708,direct,retrograde,2468398.2502996335
333.8669281218563,333.8669281218563,333,retrograde,direct,2468420.591653364
111.10870211857714,471.1087021185771,471,direct,retrograde,2468521.1233725734
101.50830587687544,101.50830587687544,101,retrograde,direct,2468545.3269973174
226.86028163752314,586.8602816375231,586,direct,retrograde,2468638.288921411
210.99517480696883,210.99517480696883,210,retrograde,direct,2468658.8099574484
331.7511260329936,691.7511260329936,691,direct,retrograde,2468746.7924459428
316.48131759387775,316.48131759387775,316,retrograde,direct,2468768.378198401
91.11983912141692,451.11983912141693,451,direct,retrograde,2468867.0032455614
82.4086546838644,82.4086546838644,82,retrograde,direct,2468891.0245325686
210.74740952918893,570.7474095291889,570,direct,retrograde,2468986.5316007202
195.25457477199163,195.25457477199163,195,retrograde,direct,2469007.7228584364
315.5415320139251,675.5415320139251,675,direct,retrograde,2469095.574600924
299.69537805452813,299.69537805452813,299,retrograde,direct,2469116.447602315
71.12868066999089,431.1286806699909,431,direct,retrograde,2469212.5637228377
62.50463794704606,62.50463794704606,62,retrograde,direct,2469236.4144083746
194.31201462094768,554.3120146209477,554,direct,retrograde,2469334.547898922
179.3742236234684,179.3742236234684,179,retrograde,direct,2469356.520606811
299.51320385203786,659.5132038520378,659,direct,retrograde,2469444.468235273
283.3500021881,283.3500021881,283,retrograde,direct,2469464.763230729
51.664078129602636,411.6640781296026,411,direct,retrograde,2469558.263782406
42.25942659446626,42.25942659446626,42,retrograde,direct,2469582.0812804652
177.4130836933662,537.4130836933662,537,direct,retrograde,2469682.306431041
163.27451761268674,163.27451761268674,163,retrograde,direct,2469705.0898443097
283.6148379499398,643.6148379499398,643,direct,retrograde,2469793.3743704036
267.32218509387377,267.32218509387377,267,retrograde,direct,2469813.2857997604
33.01912947984817,393.0191294798482,393,direct,retrograde,2469904.6027598986
22.242169423335096,22.242169423335096,22,retrograde,direct,2469928.2985552624
159.87918316003214,519.8791831600322,519,direct,retrograde,2470029.7655057292
146.81585364080897,146.81585364080897,146,retrograde,direct,2470053.2791678403
267.7908045997361,627.790804599736,627,direct,retrograde,2470142.221642334
251.496748035588,251.496748035588,251,retrograde,direct,2470161.9807097055
15.184461920983932,375.18446192098395,375,direct,retrograde,2470251.7472451655
2.8618681259978476,2.8618681259978476,2,retrograde,direct,2470275.067618208
141.58876324368407,501.58876324368407,501,direct,retrograde,2470376.876466764
129.8411247565402,129.8411247565402,129,retrograde,direct,2470400.9034848996
251.98404716353195,611.984047163532,611,direct,retrograde,2470490.951667631
235.78083791742833,235.78083791742833,235,retrograde,direct,2470510.808834661
357.99114186432877,717.9911418643287,717,direct,retrograde,2470599.5775985094
344.27452334944525,344.27452334944525,344,retrograde,direct,2470622.308537543
122.49314846654994,482.49314846654994,482,direct,retrograde,2470723.572778159
112.1533239329709,112.1533239329709,112,retrograde,direct,2470747.783539325
236.12964092952012,596.1296409295201,596,direct,retrograde,2470839.5206329683
220.10724963417513,220.10724963417513,220,retrograde,direct,2470859.7254265826
341.28363124385464,701.2836312438546,701,direct,retrograde,2470947.906762029
326.48350746612306,326.48350746612306,326,retrograde,direct,2470969.9280752223
102.72255333611453,462.7225533361145,462,direct,retrograde,2471069.753262407
93.57697119159397,93.57697119159397,93,retrograde,direct,2471093.8669551993
220.13121494580534,580.1312149458054,580,direct,retrograde,2471187.887781387
204.4023831347635,204.4023831347635,204,retrograde,direct,2471208.6647509057
324.9210035389395,684.9210035389394,684,direct,retrograde,2471296.562466155
309.37431948108826,309.37431948108826,309,retrograde,direct,2471317.8464458883
82.67253747667674,442.6725374766767,442,direct,retrograde,2471415.4381753355
74.11138116516292,74.11138116516292,74,retrograde,direct,2471439.387757629
203.8931073596026,563.8931073596026,563,direct,retrograde,2471536.0285264887
188.61183035417977,188.61183035417977,188,retrograde,direct,2471557.547011297
308.79681301479326,668.7968130147933,668,direct,retrograde,2471645.403603712
292.79205304524487,292.79205304524487,292,retrograde,direct,2471666.0176966162
62.86144289641384,422.86144289641385,422,direct,retrograde,2471760.986797129
54.0043901811588,54.0043901811588,54,retrograde,direct,2471784.831826998
187.2782244725776,547.2782244725776,547,direct,retrograde,2471883.9286255157
172.65179195346178,172.65179195346178,172,retrograde,direct,2471906.2645561034
292.8348572376495,652.8348572376494,652,direct,retrograde,2471994.3172091534
276.5957982088979,276.5957982088979,276,retrograde,direct,2472014.4173237234
43.73222766421246,403.7322276642125,403,direct,retrograde,2472106.9340806073
33.78866183870622,33.78866183870622,33,retrograde,direct,2472130.701657653
170.12901301198093,530.129013011981,530,direct,retrograde,2472231.5705509745
156.41429667772346,156.41429667772346,156,retrograde,direct,2472254.685948032
276.9685834827661,636.9685834827661,636,direct,retrograde,2472343.2114331564
260.6565881238256,260.6565881238256,260,retrograde,direct,2472363.0180504583
25.4315764158273,385.4315764158273,385,direct,retrograde,2472453.6108620083
13.994390313329697,13.994390313329697,13,retrograde,direct,2472477.1722893845
152.29362882464395,512.293628824644,512,direct,retrograde,2472578.9069195464
139.7635935093261,139.7635935093261,139,retrograde,direct,2472602.6539943935
261.15764813167607,621.1576481316761,621,direct,retrograde,2472692.014883199
244.8896241673284,244.8896241673284,244,retrograde,direct,2472711.781320922
7.883248243665216,367.8832482436652,367,direct,retrograde,2472801.0551080685
354.9390517641069,354.9390517641069,354,retrograde,direct,2472824.1644099858
133.6565482687363,493.6565482687363,493,direct,retrograde,2472925.849650601
122.51065855064945,122.51065855064945,122,retrograde,direct,2472949.987915255
245.3386151129188,605.3386151129188,605,direct,retrograde,2473040.674815418
229.204537296532,229.204537296532,229,retrograde,direct,2473060.657416841
350.92584087027467,710.9258408702747,710,direct,retrograde,2473149.122207705
336.70888828296165,336.70888828296165,336,retrograde,direct,2473171.5664679697
114.25015970339238,474.2501597033924,474,direct,retrograde,2473272.3136351975
104.46935869331966,104.46935869331966,104,retrograde,direct,2473296.5346213365
229.43658835271535,589.4365883527154,589,direct,retrograde,2473389.155056674
213.52815434660394,213.52815434660394,213,retrograde,direct,2473409.5891934307
334.3829969176434,694.3829969176434,694,direct,retrograde,2473497.6161031844
319.2227655834447,319.2227655834447,319,retrograde,direct,2473519.3087338638
94.29767522350011,454.2976752235001,454,direct,retrograde,2473618.2716215104
85.49768857023771,85.49768857023771,85,retrograde,direct,2473642.3122046273
213.3645078899998,573.3645078899998,573,direct,retrograde,2473737.4352968
197.80365853721906,197.80365853721906,197,retrograde,direct,2473758.511631836
318.13590530769005,678.1359053076901,678,direct,retrograde,2473846.370564201
302.3578586054394,302.3578586054394,302,retrograde,direct,2473867.3457717206
74.26916692722448,434.2691669272245,434,direct,retrograde,2473963.852297471
65.69005597646567,65.69005597646567,65,retrograde,direct,2473987.7190451287
196.98610440380685,556.9861044038068,556,direct,retrograde,2474085.4864840433
181.95173370230793,181.95173370230793,181,retrograde,direct,2474107.3357592914
302.08700131166455,662.0870013116646,662,direct,retrograde,2474195.2524470417
285.9597548843954,285.9597548843954,285,retrograde,direct,2474215.6280389195
54.71711115062738,414.7171111506274,414,direct,retrograde,2474309.493185384
45.4772747777265,45.4772747777265,45,retrograde,direct,2474333.325701584
180.16358248937937,540.1635824893793,540,direct,retrograde,2474433.2802768815
165.89027472581898,165.89027472581898,165,retrograde,direct,2474455.9500185708
286.1761353227199,646.1761353227199,646,direct,retrograde,2474544.1622538334
269.8944905617144,269.8944905617144,269,retrograde,direct,2474564.1187100485
35.94841862695432,395.9484186269543,395,direct,retrograde,2474655.724201287
25.397070815424765,25.397070815424765,25,retrograde,direct,2474679.4455156224
162.73353448350056,522.7335344835005,522,direct,retrograde,2474780.781622585
149.49416508124426,149.49416508124426,149,retrograde,direct,2474804.2048517643
270.3510697101843,630.3510697101842,630,direct,retrograde,2474893.0247475086
254.0490805036036,254.0490805036036,254,retrograde,direct,2474912.7874174044
17.995738181955453,377.99573818195546,377,direct,retrograde,2475002.75266686
5.898532969434054,5.898532969434054,5,retrograde,direct,2475026.1371431146
144.56345764776913,504.56345764776916,504,direct,retrograde,2475127.9564586096
132.60872339936833,132.60872339936833,132,retrograde,direct,2475151.920639769
254.54455229961943,614.5445522996195,614,direct,retrograde,2475241.776213795
238.3200031365764,238.3200031365764,238,retrograde,direct,2475261.5977879995
0.7165904631149393,360.7165904631149,360,direct,retrograde,2475350.486133462
347.19004112491564,347.19004112491564,347,retrograde,direct,2475373.319404739
125.59263931839092,485.5926393183909,485,direct,retrograde,2475474.7271151533
115.04713652629637,115.04713652629637,115,retrograde,direct,2475498.920266656
238.69961743111753,598.6996174311175,598,direct,retrograde,2475590.3703693366
222.64361107207998,222.64361107207998,222,retrograde,direct,2475610.5073942486
343.94984861274656,703.9498486127466,703,direct,retrograde,2475698.750477748
329.2913806296453,329.2913806296453,329,retrograde,direct,2475720.8883795254
105.90919015109203,465.90919015109205,465,direct,retrograde,2475820.977741327
96.61656882073046,96.61656882073046,96,retrograde,direct,2475845.125330937
222.73087720424044,582.7308772042404,582,direct,retrograde,2475938.764975883
206.95180286861128,206.95180286861128,206,retrograde,direct,2475959.44987191
327.5534346459601,687.5534346459601,687,direct,retrograde,2476047.3707050337
312.0981892786178,312.0981892786178,312,retrograde,direct,2476068.7604729375
85.87034314512569,445.8703431451257,445,direct,retrograde,2476166.7203017883
77.27459417407393,77.27459417407393,77,retrograde,direct,2476190.7004740434
206.53977116649068,566.5397711664907,566,direct,retrograde,2476286.940882002
191.18196663808504,191.18196663808504,191,retrograde,direct,2476308.3463801714
311.39745098059666,671.3974509805967,671,direct,retrograde,2476396.1952518094
295.4431273123176,295.4431273123176,295,retrograde,direct,2476416.8951650606
65.98873143949926,425.98873143949925,425,direct,retrograde,2476512.2668797364
57.22938443197777,57.22938443197777,57,retrograde,direct,2476536.1105177198
189.99956726467184,549.9995672646719,549,direct,retrograde,2476634.8842763836
175.25980954597935,175.25980954597935,175,retrograde,direct,2476657.09426126
295.41321444526847,655.4132144452685,655,direct,retrograde,2476745.1052517155
279.1949537640586,279.1949537640586,279,retrograde,direct,2476765.267152055
46.73461448016772,406.7346144801677,406,direct,retrograde,2476858.121684663
36.989299731239605,36.989299731239605,36,retrograde,direct,2476881.9044855935
172.9386677560807,532.9386677560807,532,direct,retrograde,2476982.57153173
159.06980788665823,159.06980788665823,159,retrograde,direct,2477005.5693618646
279.5349505778482,639.5349505778481,639,direct,retrograde,2477094.0046215607
263.22648627323406,263.22648627323406,263,retrograde,direct,2477113.8426356576
28.312847214654457,388.3128472146545,388,direct,retrograde,2477204.6743458295
17.11015260650425,17.11015260650425,17,retrograde,direct,2477228.2904832168
155.20982271663368,515.2098227166337,515,direct,retrograde,2477329.9505120255
142.48650129804622,142.48650129804622,142,retrograde,direct,2477353.618180682
263.7167314628145,623.7167314628146,623,direct,retrograde,2477442.822107679
247.43846579505012,247.43846579505012,247,retrograde,direct,2477462.582450022
10.661409554227129,370.66140955422713,370,direct,retrograde,2477552.013339714
357.93122587988455,357.93122587988455,357,retrograde,direct,2477575.2034576302
136.69061324670656,496.69061324670656,496,direct,retrograde,2477676.94731785
125.33306939133475,125.33306939133475,125,retrograde,direct,2477701.059407687
247.90441824059963,607.9044182405996,607,direct,retrograde,2477791.5060966425
231.7458267821265,231.7458267821265,231,retrograde,direct,2477811.44189422
353.6264992739269,713.6264992739269,713,direct,retrograde,2477900.0044476027
339.5764671638432,339.5764671638432,339,retrograde,direct,2477922.5486821253
117.38333082983587,477.38333082983587,477,direct,retrograde,2478023.4951384254
107.41411534509905,107.41411534509905,107,retrograde,direct,2478047.720654282
232.02043741783683,592.0204374178368,592,direct,retrograde,2478140.018925147
216.06929584611242,216.06929584611242,216,retrograde,direct,2478160.3689437956
337.02714096481344,697.0271409648135,697,direct,retrograde,2478248.445928258
321.98483768336337,321.98483768336337,321,retrograde,direct,2478270.250622575
97.48879687161077,457.48879687161076,457,direct,retrograde,2478369.5367504116
88.58256238275953,88.58256238275953,88,retrograde,direct,2478393.595748864
215.98090786572084,575.9809078657208,575,direct,retrograde,2478488.333702242
200.35610865335065,200.35610865335065,200,retrograde,direct,2478509.3001216194
320.73798125974264,680.7379812597426,680,direct,retrograde,2478597.168759971
305.0347944363848,305.0347944363848,305,retrograde,direct,2478618.2505605808
77.43708443597696,437.43708443597694,437,direct,retrograde,2478715.1420940347
68.8833994384044,68.8833994384044,68,retrograde,direct,2478739.0345009053
199.65168556132593,559.651685561326,559,direct,retrograde,2478836.4178819694
184.52572752049022,184.52572752049022,184,retrograde,direct,2478858.148139362
304.66850939180273,664.6685093918027,664,direct,retrograde,2478946.037086009
288.58083232600956,288.58083232600956,288,retrograde,direct,2478966.4956116676
57.78786220357793,417.7878622035779,417,direct,retrograde,2479060.7363869445
48.69757527162504,48.69757527162504,48,retrograde,direct,2479084.580766728
182.89739260095763,542.8973926009576,542,direct,retrograde,2479184.2453346457
168.4962797678019,168.4962797678019,168,retrograde,direct,2479206.801396995
288.74061692991665,648.7406169299167,648,direct,retrograde,2479294.9494734043
272.47111619406473,272.47111619406473,272,retrograde,direct,2479314.953222109
38.88848962884562,398.8884896288456,398,direct,retrograde,2479406.86446374
28.556127265589417,28.556127265589417,28,retrograde,direct,2479430.6036906894
165.57103809489735,525.5710380948974,525,direct,retrograde,2479531.7948162593
152.16102894187574,152.16102894187574,152,retrograde,direct,2479555.117310025
272.90481247410673,632.9048124741067,632,direct,retrograde,2479643.824878225
256.5958188615809,256.5958188615809,256,retrograde,direct,2479663.5957856206
20.81161854351667,380.81161854351666,380,direct,retrograde,2479753.77005646
8.942543882140424,8.942543882140424,8,retrograde,direct,2479777.2171409847
147.51857781576004,507.51857781576007,507,direct,retrograde,2479879.0310100857
135.35893559497853,135.35893559497853,135,retrograde,direct,2479902.922636048
257.09382165024357,617.0938216502436,617,direct,retrograde,2479992.597703701
240.8508486190861,240.8508486190861,240,retrograde,direct,2480012.3917890796
3.4470633541299507,363.44706335412997,363,direct,retrograde,2480101.4058677014
350.1190854701649,350.1190854701649,350,retrograde,direct,2480124.341023553
128.66655443120493,488.66655443120493,488,direct,retrograde,2480225.8659703974
117.91153109935253,117.91153109935253,117,retrograde,direct,2480250.042048475
241.253841990618,601.253841990618,601,direct,retrograde,2480341.2137669353
225.16867848371967,225.16867848371967,225,retrograde,direct,2480361.2918920172
346.61902423562384,706.6190242356238,706,direct,retrograde,2480449.6050255923
332.10943992839566,332.10943992839566,332,retrograde,direct,2480471.8542692456
109.07172741190807,469.07172741190806,469,direct,retrograde,2480572.186656149
99.6186025762795,99.6186025762795,99,retrograde,direct,2480596.369656748
225.31492458343646,585.3149245834364,585,direct,retrograde,2480689.6393257
209.48929357512418,209.48929357512418,209,retrograde,direct,2480710.235384279
330.17548646374576,690.1754864637458,690,direct,retrograde,2480798.1861478295
314.8172257064012,314.8172257064012,314,retrograde,direct,2480819.680439853
89.05291972422788,449.0529197242279,449,direct,retrograde,2480918.0004165024
80.40240744523351,80.40240744523351,80,retrograde,direct,2480942.005005819
209.1703823207868,569.1703823207868,569,direct,retrograde,2481037.8502718415
193.73893418948055,193.73893418948055,193,retrograde,direct,2481059.1410763245
313.98529208494836,673.9852920849484,673,direct,retrograde,2481146.9887107657
298.0863718470595,298.0863718470595,298,retrograde,direct,2481167.779038242
69.11648069616639,429.1164806961664,429,direct,retrograde,2481263.5555105694
60.43848060678681,60.43848060678681,60,retrograde,direct,2481287.3965644296
192.69628041480908,552.696280414809,552,direct,retrograde,2481385.8346914165
177.847811606383,177.847811606383,177,retrograde,direct,2481407.916506822
297.9793384016337,657.9793384016336,657,direct,retrograde,2481495.889874257
281.78756493941927,281.78756493941927,281,retrograde,direct,2481516.120881534
49.74746987092881,409.7474698709288,409,direct,retrograde,2481609.321063474
40.19259635474228,40.19259635474228,40,retrograde,direct,2481633.1211975375
175.7215364519141,535.7215364519141,535,direct,retrograde,2481733.560569118
161.70412119975404,161.70412119975404,161,retrograde,direct,2481756.441905465
282.0954316851666,642.0954316851667,642,direct,retrograde,2481844.7937883437
265.7945102210702,265.7945102210702,265,retrograde,direct,2481864.6693540877
31.207065951481937,391.2070659514819,391,direct,retrograde,2481955.755809172
20.23652724827908,20.23652724827908,20,retrograde,direct,2481979.419638861
158.09841486475332,518.0984148647533,518,direct,retrograde,2482080.98112713
145.18952698638984,145.18952698638984,145,retrograde,direct,2482104.568794773
266.27631799784604,626.276317997846,626,direct,retrograde,2482193.626560854
249.98902313018692,249.98902313018692,249,retrograde,direct,2482213.384679512
13.45656306858671,373.4565630685867,373,direct,retrograde,2482302.990447389
0.9436652882386868,0.9436652882386868,0,retrograde,direct,2482326.2523751203
139.70688470713552,499.7068847071355,499,direct,retrograde,2482428.0409149723
128.1403897362913,128.1403897362913,128,retrograde,direct,2482452.112094639
250.47401143477018,610.4740114347702,610,direct,retrograde,2482542.3365406916
234.2907814575908,234.2907814575908,234,retrograde,direct,2482562.228563915
356.33919415318627,716.3391941531863,716,direct,retrograde,2482650.897567994
342.4642391261807,342.4642391261807,342,retrograde,direct,2482673.5414113253
120.51361123627944,480.5136112362794,480,direct,retrograde,2482774.6712928023
110.34855031068412,110.34855031068412,110,retrograde,direct,2482798.889623069
234.60864600746402,594.608646007464,594,direct,retrograde,2482890.8809611145
218.61717107417712,218.61717107417712,218,retrograde,direct,2482911.1505544055
339.6844350950656,699.6844350950656,699,direct,retrograde,2482999.2815393293
324.76927027700026,324.76927027700026,324,retrograde,direct,2483021.2012771815
100.6908031309768,460.6908031309768,460,direct,retrograde,2483120.789345608
91.66153605162694,91.66153605162694,91,retrograde,direct,2483144.8760081865
218.59293675016528,578.5929367501653,578,direct,retrograde,2483239.225304936
202.91056357871963,202.91056357871963,202,retrograde,direct,2483260.087699271
323.35605305457926,683.3560530545792,683,direct,retrograde,2483347.9675916014
307.73457982804456,307.73457982804456,307,retrograde,direct,2483369.1579364548
80.62716383986475,440.62716383986475,440,direct,retrograde,2483466.429512713
72.0777751155708,72.0777751155708,72,retrograde,direct,2483490.35472764
202.3133904048716,562.3133904048716,562,direct,retrograde,2483587.3401628155
187.10256384983876,187.10256384983876,187,retrograde,direct,2483608.9546492444
307.2623645549175,667.2623645549174,667,direct,retrograde,2483696.8218874168
291.2173684128914,291.2173684128914,291,retrograde,direct,2483717.364133764
60.88119910319464,420.88119910319466,420,direct,retrograde,2483811.9920164943
51.92332623693036,51.92332623693036,51,retrograde,direct,2483835.8389162114
185.63400040442323,545.6340004044232,545,direct,retrograde,2483935.2041650712
171.11033301662377,171.11033301662377,171,retrograde,direct,2483957.6436651563
291.31679774182925,651.3167977418293,651,direct,retrograde,2484045.7361154715
275.0615187119874,275.0615187119874,275,retrograde,direct,2484065.7897382574
41.85332138920665,401.85332138920666,401,direct,retrograde,2484158.020866586
31.734231538468407,31.734231538468407,31,retrograde,direct,2484181.772389506
168.4107864230703,528.4107864230702,528,direct,retrograde,2484282.8057510937
154.8337729109094,154.8337729109094,154,retrograde,direct,2484306.018873375
275.4658615727007,635.4658615727008,635,direct,retrograde,2484394.623859266
259.15315313306814,259.15315313306814,259,retrograde,direct,2484414.4107957957
23.658194076179925,383.65819407617994,383,direct,retrograde,2484504.803459311
12.021500279908546,12.021500279908546,12,retrograde,direct,2484528.313349139
150.47260050644388,510.4726005064439,510,direct,retrograde,2484630.0970852217
138.11096084495557,138.11096084495557,138,retrograde,direct,2484653.9122025436
259.6525196260905,619.6525196260905,619,direct,retrograde,2484743.4152649567
243.39448729766428,243.39448729766428,243,retrograde,direct,2484763.1907150596
6.205126986774278,366.2051269867743,366,direct,retrograde,2484852.340886875
353.08169502750235,353.08169502750235,353,retrograde,direct,2484875.373501191
131.7272783875676,491.7272783875676,491,direct,retrograde,2484976.9895354947
120.7623988046619,120.7623988046619,120,retrograde,direct,2485001.148479839
243.82002973603653,603.8200297360365,603,direct,retrograde,2485092.05386828
227.70774635560852,227.70774635560852,227,retrograde,direct,2485112.0792417144
349.3035540655298,709.3035540655299,709,direct,retrograde,2485200.4698037514
334.9484927826939,334.9484927826939,334,retrograde,direct,2485222.824875866
112.22624504976376,472.22624504976375,472,direct,retrograde,2485323.3861546367
102.60196379184312,102.60196379184312,102,retrograde,direct,2485347.593183698
227.905939498702,587.905939498702,587,direct,retrograde,2485440.508794304
212.03465394562764,212.03465394562764,212,retrograde,direct,2485461.017770866
332.80059680859256,692.8005968085926,692,direct,retrograde,2485549.004946418
317.5453729543241,317.5453729543241,317,retrograde,direct,2485570.605110108
92.24188081639474,452.24188081639477,452,direct,retrograde,2485669.277255552
83.51847400847619,83.51847400847619,83,retrograde,direct,2485693.3004872445
211.79730693787192,571.7973069378719,571,direct,retrograde,2485788.7556058206
196.29494407921462,196.29494407921462,196,retrograde,direct,2485809.9305964177
316.5760915519422,676.5760915519422,676,direct,retrograde,2485897.781986542
300.7382033305506,300.7382033305506,300,retrograde,direct,2485918.6691577667
72.2579658427528,432.2579658427528,432,direct,retrograde,2486014.8459161557
63.64228298230144,63.64228298230144,63,retrograde,direct,2486038.6966365995
195.37126818440652,555.3712681844065,555,direct,retrograde,2486136.777785155
180.42000791308067,180.42000791308067,180,retrograde,direct,2486158.732693916
300.5461587260847,660.5461587260847,660,direct,retrograde,2486246.673234476
284.3867851548122,284.3867851548122,284,retrograde,direct,2486266.980334454
52.774642355554455,412.7746423555545,412,direct,retrograde,2486360.5349227935
43.39605166403583,43.39605166403583,43,retrograde,direct,2486384.354212856
178.47682362930587,538.4768236293058,538,direct,retrograde,2486484.540071328
164.3193139034006,164.3193139034006,164,retrograde,direct,2486507.307391799
284.65119712917226,644.6511971291723,644,direct,retrograde,2486595.5812828587
268.3595390870798,268.3595390870798,268,retrograde,direct,2486615.498920068
34.107595535037674,394.10759553503766,394,direct,retrograde,2486706.856666538
23.363481856619902,23.363481856619902,23,retrograde,direct,2486730.5560656376
160.96039214969255,520.9603921496926,520,direct,retrograde,2486832.0049597174
147.8724730666431,147.8724730666431,147,retrograde,direct,2486855.5076887207
268.82715904124643,628.8271590412464,628,direct,retrograde,2486944.430644118
252.53147889130818,252.53147889130818,252,retrograde,direct,2486964.1896749027
16.248718966715945,376.24871896671596,376,direct,retrograde,2487053.9827539762
3.957134672173701,3.957134672173701,3,retrograde,direct,2487077.3106184825
142.69769690494672,502.6976969049467,502,direct,retrograde,2487179.1295820456
130.92166722874893,130.92166722874893,130,retrograde,direct,2487203.146582527
253.02678222113923,613.0267822211392,613,direct,retrograde,2487293.164625139
236.8196473837243,236.8196473837243,236,retrograde,direct,2487313.0169437453
359.045953300572,719.045953300572,719,direct,retrograde,2487401.7990611633
345.3556503877417,345.3556503877417,345,retrograde,direct,2487424.5438949214
123.62083269327815,483.62083269327815,483,direct,retrograde,2487525.835480104
113.25274551209466,113.25274551209466,113,retrograde,direct,2487550.042553338
237.17540783334277,597.1754078333428,597,direct,retrograde,2487641.7371350965
221.14766426491443,221.14766426491443,221,retrograde,direct,2487661.932463359
342.33855039263835,702.3385503926384,702,direct,retrograde,2487750.120717827
327.55877987277876,327.55877987277876,327,retrograde,direct,2487772.1572653614
103.86480740651974,463.86480740651973,463,direct,retrograde,2487872.023604106
94.6982677870759,94.6982677870759,94,retrograde,direct,2487896.144018898
221.18594055750398,581.185940557504,581,direct,retrograde,2487990.1090272535
205.4502624177922,205.4502624177922,205,retrograde,direct,2488010.872996551
325.9726019508089,685.9726019508089,685,direct,retrograde,2488098.7703090385
310.43836951213046,310.43836951213046,310,retrograde,direct,2488120.068764207
83.80479498487048,443.80479498487045,443,direct,retrograde,2488217.7126366124
75.23944824328123,75.23944824328123,75,retrograde,direct,2488241.6677465057
204.96063124749259,564.9606312474925,564,direct,retrograde,2488338.255776095
189.66956427651118,189.66956427651118,189,retrograde,direct,2488359.7573434953
309.8531674641659,669.8531674641658,669,direct,retrograde,2488447.6110159364
293.8541948680954,293.8541948680954,293,retrograde,direct,2488468.237852509
63.98498432976239,423.98498432976237,423,direct,retrograde,2488563.262133375
55.143243108152866,55.143243108152866,55,retrograde,direct,2488587.1048401445
188.35755171291936,548.3575517129193,548,direct,retrograde,2488686.161597383
173.71610128503067,173.71610128503067,173,retrograde,direct,2488708.479327784
293.89016534987184,653.8901653498718,653,direct,retrograde,2488796.5248923786
277.6524727938875,277.6524727938875,277,retrograde,direct,2488816.633457276
44.845007418631155,404.84500741863116,404,direct,retrograde,2488909.197845257
34.932384892673056,34.932384892673056,34,retrograde,direct,2488932.964739362
171.22672368197112,531.2267236819712,531,direct,retrograde,2489033.8111796165
157.48930904276523,157.48930904276523,157,retrograde,direct,2489056.909172314
278.02436769351726,638.0243676935172,638,direct,retrograde,2489145.4211693313
261.71179042216875,261.71179042216875,261,retrograde,direct,2489165.2315879352
26.529919939568735,386.52991993956874,386,direct,retrograde,2489255.8558988255
15.127031342956561,15.127031342956561,15,retrograde,direct,2489279.425696209
153.39984418319835,513.3998441831984,513,direct,retrograde,2489381.1501022894
140.84255034113758,140.84255034113758,140,retrograde,direct,2489404.8872648664
262.2113552511789,622.2113552511789,622,direct,retrograde,2489494.2256680746
245.94167828019795,245.94167828019795,245,retrograde,direct,2489513.9906974835
8.973782779288033,368.97378277928806,368,direct,retrograde,2489603.287193884
356.05986876911777,356.05986876911777,356,retrograde,direct,2489626.4079222996
134.77566719197605,494.775667191976,494,direct,retrograde,2489728.0995657174
123.60076739787299,123.60076739787299,123,retrograde,direct,2489752.2355343234
246.39086826351217,606.3908682635122,606,direct,retrograde,2489842.887466288
230.25318416832468,230.25318416832468,230,retrograde,direct,2489862.864145779
351.9953414725631,711.995341472563,711,direct,retrograde,2489951.3418211024
337.8013653600277,337.8013653600277,337,retrograde,direct,2489973.799010801
115.38989902201553,475.3898990220155,475,direct,retrograde,2490074.5785007747
105.58304751865909,105.58304751865909,105,retrograde,direct,2490098.799550753
230.49946543057527,590.4994654305752,590,direct,retrograde,2490191.373455681
214.58431151487454,214.58431151487454,214,retrograde,direct,2490211.796177974
335.439337386107,695.439337386107,695,direct,retrograde,2490299.827874665
320.2948035710145,320.2948035710145,320,retrograde,direct,2490321.535857348
95.4498778225335,455.4498778225335,455,direct,retrograde,2490420.550305317
86.6350939718864,86.6350939718864,86,retrograde,direct,2490444.592821788
214.4261068036414,574.4261068036415,574,direct,retrograde,2490539.658678554
198.8562604184628,198.8562604184628,198,retrograde,direct,2490560.7192713004
319.18751024393015,679.1875102439301,679,direct,retrograde,2490648.577573116
303.41916772818007,303.41916772818007,303,retrograde,direct,2490669.5674265604
75.41720811415013,435.4172081141501,435,direct,retrograde,2490766.1344880927
66.84333885853653,66.84333885853653,66,retrograde,direct,2490790.005576864
198.05195682273396,558.0519568227339,558,direct,retrograde,2490887.7155261217
183.00405175197133,183.00405175197133,183,retrograde,direct,2490909.5475367056
303.1353496183632,663.1353496183632,663,direct,retrograde,2490997.4583689263
287.0127763104091,287.0127763104091,287,retrograde,direct,2491017.8458265364
55.83188533627578,415.8318853362758,415,direct,retrograde,2491111.7633781014
46.61454255278648,46.61454255278648,46,retrograde,direct,2491135.598285063
181.24006118115852,541.2400611811586,541,direct,retrograde,2491235.5148401298
166.94927143606074,166.94927143606074,166,retrograde,direct,2491258.1690290943
287.22435046127566,647.2243504612757,647,direct,retrograde,2491346.3695884626
270.9431366453537,270.9431366453537,270,retrograde,direct,2491366.332675035
37.038547044443895,397.0385470444439,397,direct,retrograde,2491457.978563534
26.517722062769042,26.517722062769042,26,retrograde,direct,2491481.7013455983
163.8245182921974,523.8245182921974,523,direct,retrograde,2491583.0241228957
150.56144864603831,150.56144864603831,150,retrograde,direct,2491606.4330043867
271.3904162337086,631.3904162337086,631,direct,retrograde,2491695.233516072
255.0859920951962,255.0859920951962,255,retrograde,direct,2491714.997443502
19.068081496677248,379.0680814966772,379,direct,retrograde,2491804.9901377438
7.003649313816928,7.003649313816928,7,retrograde,direct,2491828.3819819093
145.67330414488586,505.67330414488583,505,direct,retrograde,2491930.2075984394
133.68893244671253,133.68893244671253,133,retrograde,direct,2491954.1612767987
255.5823532140049,615.5823532140049,615,direct,retrograde,2492043.9884420894
239.35367465427456,239.35367465427456,239,retrograde,direct,2492063.806637074
1.7743067506054915,361.7743067506055,361,direct,retrograde,2492152.710562682
348.2762414238952,348.2762414238952,348,retrograde,direct,2492175.5571025442
126.7059733942555,486.70597339425547,486,direct,retrograde,2492276.983293105
116.1304026049089,116.1304026049089,116,retrograde,direct,2492301.1755480748
239.7388800673732,599.7388800673732,599,direct,retrograde,2492392.5863668565
223.67902403846247,223.67902403846247,223,retrograde,direct,2492412.7153333956
345.0011054354249,705.001105435425,705,direct,retrograde,2492500.966057347
330.3634838855272,330.3634838855272,330,retrograde,direct,2492523.1193779567
107.02934948587358,467.0293494858736,467,direct,retrograde,2492623.2430857876
97.7135618877237,97.7135618877237,97,retrograde,direct,2492647.397560207
223.7730345616366,583.7730345616366,583,direct,retrograde,2492740.9857369503
207.98789240464382,207.98789240464382,207,retrograde,direct,2492761.6577993874
328.5917114370858,688.5917114370858,688,direct,retrograde,2492849.5803297814
313.1486966669131,313.1486966669131,313,retrograde,direct,2492870.985296337
86.99392766419915,446.99392766419913,446,direct,retrograde,2492968.998354709
78.39260188427033,78.39260188427033,78,retrograde,direct,2492992.980020974
207.59522542801966,567.5952254280196,567,direct,retrograde,2493089.1674336353
192.22739648011444,192.22739648011444,192,retrograde,direct,2493110.5562416427
312.43738987954873,672.4373898795487,672,direct,retrograde,2493198.4033172037
296.489033831785,296.489033831785,296,retrograde,direct,2493219.1157907834
67.10527958931823,427.10527958931823,427,direct,retrograde,2493314.545711712
58.36074955704669,58.36074955704669,58,retrograde,direct,2493338.385656762
191.0607577022365,551.0607577022365,551,direct,retrograde,2493437.115946127
176.30521610200205,176.30521610200205,176,retrograde,direct,2493459.307532305
296.45290314596383,656.4529031459638,656,direct,retrograde,2493547.312665143
280.23786376156187,280.23786376156187,280,retrograde,direct,2493567.4835728016
47.8410854255352,407.8410854255352,407,direct,retrograde,2493660.3874579333
38.124865697251295,38.124865697251295,38,retrograde,direct,2493684.1731575644
174.01324139409013,534.0132413940901,534,direct,retrograde,2493784.8076239442
160.12293622021454,160.12293622021454,160,retrograde,direct,2493807.789411285
280.57311138694183,640.5731113869418,640,direct,retrograde,2493896.212042149
264.2652019439973,264.2652019439973,264,retrograde,direct,2493916.0547126187
29.401779300754583,389.4017793007546,389,direct,retrograde,2494006.9227571795
18.2320115202293,18.2320115202293,18,retrograde,direct,2494030.546422231
156.29991420622227,516.2999142062223,516,direct,retrograde,2494132.1939372486
143.5519837431914,143.5519837431914,143,retrograde,direct,2494155.849593579
264.7615541763056,624.7615541763056,624,direct,retrograde,2494245.031351623
248.48143628985977,248.48143628985977,248,retrograde,direct,2494264.7918702895
11.737580252481541,371.73758025248156,371,direct,retrograde,2494354.246641229
359.0382326795724,359.0382326795724,359,retrograde,direct,2494377.4459403744
137.80224537831512,497.8022453783151,497,direct,retrograde,2494479.1993114715
126.41603798307574,126.41603798307574,126,retrograde,direct,2494503.3053666353
248.95240861369626,608.9524086136962,608,direct,retrograde,2494593.719244904
232.78944079163986,232.78944079163986,232,retrograde,direct,2494613.6494762152
354.687674482448,714.6876744824481,714,direct,retrograde,2494702.225179023
340.6633071909509,340.6633071909509,340,retrograde,direct,2494724.7818060713
118.52812412893073,478.5281241289307,478,direct,retrograde,2494825.7618144043
108.5300480789801,108.5300480789801,108,retrograde,direct,2494849.9873069385
233.07492234036636,593.0749223403664,593,direct,retrograde,2494942.2374797603
217.1179108406323,217.1179108406323,217,retrograde,direct,2494962.575795618
338.08269395918694,698.0826939591869,698,direct,retrograde,2495050.6582280705
323.0577542338351,323.0577542338351,323,retrograde,direct,2495072.477785685
98.63943618225225,458.63943618225227,458,direct,retrograde,2495171.8132425314
89.7160628898015,89.7160628898015,89,retrograde,direct,2495195.877410167
217.03824606408006,577.0382460640801,577,direct,retrograde,2495290.558004736
201.40594012895062,201.40594012895062,201,retrograde,direct,2495311.508514615
321.7963845887434,681.7963845887434,681,direct,retrograde,2495399.3767910115
306.10414247599977,306.10414247599977,306,retrograde,direct,2495420.473946875
78.57886844828772,438.5788684482877,438,direct,retrograde,2495517.4208656223
70.0273222530623,70.0273222530623,70,retrograde,direct,2495541.3179681115
200.71991162213757,560.7199116221376,560,direct,retrograde,2495638.6455331314
185.5826452889047,185.5826452889047,185,retrograde,direct,2495660.3595508626
305.72062101480043,665.7206210148004,665,direct,retrograde,2495748.2428646106
289.6377608923391,289.6377608923391,289,retrograde,direct,2495768.712721321
58.908259726019146,418.90825972601914,418,direct,retrograde,2495863.0071451347
49.838945449922136,49.838945449922136,49,retrograde,direct,2495886.849385596
183.98890853313574,543.9889085331357,543,direct,retrograde,2495986.4801376183
169.57056256271227,169.57056256271227,169,retrograde,direct,2496009.0199221745
289.79303034031193,649.7930303403119,649,direct,retrograde,2496097.155796089
273.524149339407,273.524149339407,273,retrograde,direct,2496117.1665784465
39.99239113924775,399.99239113924773,399,direct,retrograde,2496209.120688809
29.69122696526392,29.69122696526392,29,retrograde,direct,2496232.8598006535
166.67511832565864,526.6751183256587,526,direct,retrograde,2496334.0353432307
153.24115612357684,153.24115612357684,153,retrograde,direct,2496357.3425593963
273.9564637869845,633.9564637869845,633,direct,retrograde,2496446.0338358413
257.6459847459988,257.6459847459988,257,retrograde,direct,2496465.807348542
21.90622264510701,381.906222645107,381,direct,retrograde,2496556.0121628577
10.071400284029579,10.071400284029579,10,retrograde,direct,2496579.4671796495
148.63471438871616,508.63471438871613,508,direct,retrograde,2496681.2784045236
136.44590650816238,136.44590650816238,136,retrograde,direct,2496705.159707873
258.1484206551592,618.1484206551593,618,direct,retrograde,2496794.809473455
241.90266328279597,241.90266328279597,241,retrograde,direct,2496814.6014474463
4.522845067604099,364.5228450676041,364,direct,retrograde,2496903.632842291
351.22355330013625,351.22355330013625,351,retrograde,direct,2496926.581198791
129.78838104153468,489.78838104153465,489,direct,retrograde,2497028.121656202
119.00426292049747,119.00426292049747,119,retrograde,direct,2497052.294359993
242.31647709233917,602.3164770923391,602,direct,retrograde,2497143.430820468
226.22713787155752,226.22713787155752,226,retrograde,direct,2497163.5012032613
347.6833000234945,707.6833000234944,707,direct,retrograde,2497251.8215858685
333.1944408805577,333.1944408805577,333,retrograde,direct,2497274.086624626
110.20486292386293,470.20486292386295,470,direct,retrograde,2497374.452424218
100.72855369321216,100.72855369321216,100,retrograde,direct,2497398.6386507424
226.3751249659056,586.3751249659056,586,direct,retrograde,2497491.8590112096
210.54286137340247,210.54286137340247,210,retrograde,direct,2497512.442601027
331.2305498994333,691.2305498994333,691,direct,retrograde,2497600.3967525978
315.8857269363112,315.8857269363112,315,retrograde,direct,2497621.905816599
90.19832995409921,450.1983299540992,450,direct,retrograde,2497720.280018867
81.53996028905046,81.53996028905046,81,retrograde,direct,2497744.2865246944
210.23172790546408,570.2317279054641,570,direct,retrograde,2497840.0752190454
194.78982735574866,194.78982735574866,194,retrograde,direct,2497861.349558194
315.0364511295093,675.0364511295093,675,direct,retrograde,2497949.196091667
299.1448996356238,299.1448996356238,299,retrograde,direct,2497969.9993855245
70.24556989948692,430.2455698994869,430,direct,retrograde,2498065.8340129983
61.577714574808,61.577714574808,61,retrograde,direct,2498089.677206275
193.7556894303841,553.7556894303841,553,direct,retrograde,2498188.064209628
178.89288397533525,178.89288397533525,178,retrograde,direct,2498210.127693938
299.02526720533865,659.0252672053387,659,direct,retrograde,2498298.096643191
282.8371579228393,282.8371579228393,282,retrograde,direct,2498318.337684799
50.85873255436805,410.85873255436803,410,direct,retrograde,2498411.5878791763
41.32813043569371,41.32813043569371,41,retrograde,direct,2498435.392149291
176.78961241170296,536.7896124117029,536,direct,retrograde,2498535.7953383485
162.75359450559276,162.75359450559276,162,retrograde,direct,2498558.660595093
283.1318273294183,643.1318273294182,643,direct,retrograde,2498646.9994166605
266.8310528435655,266.8310528435655,266,retrograde,direct,2498666.8812930323
32.292624151299144,392.29262415129915,392,direct,retrograde,2498758.005397493
21.354976439681536,21.354976439681536,21,retrograde,direct,2498781.6734306123
159.1890737867793,519.1890737867793,519,direct,retrograde,2498883.2244887827
146.255234506262,146.255234506262,146,retrograde,direct,2498906.7998182997
267.3142145019069,627.3142145019069,627,direct,retrograde,2498995.8357940186
251.02444082293204,251.02444082293204,251,retrograde,direct,2499015.5952420244
14.52067489871747,374.52067489871746,374,direct,retrograde,2499105.2246848606
2.040027710018266,2.040027710018266,2,retrograde,direct,2499128.494460159
140.8170593484637,500.81705934846366,500,direct,retrograde,2499230.2925764862
129.21953978834213,129.21953978834213,129,retrograde,direct,2499254.3580699535
251.51027547488295,611.510275474883,611,direct,retrograde,2499344.5501193004
235.32322840983758,235.32322840983758,235,retrograde,direct,2499364.43620585
357.3948133632935,717.3948133632935,717,direct,retrograde,2499453.1202958915
343.54636721947065,343.54636721947065,343,retrograde,direct,2499475.776661804
121.64164697245867,481.64164697245866,481,direct,retrograde,2499576.93479802
111.44615815970498,111.44615815970498,111,retrograde,direct,2499601.153623458
235.64580475507606,595.645804755076,595,direct,retrograde,2499693.0996384853
219.64916848966078,219.64916848966078,219,retrograde,direct,2499713.357852594
340.73007910230433,700.7300791023043,700,direct,retrograde,2499801.4943107245
325.83309618669193,325.83309618669193,325,retrograde,direct,2499823.4302418213
101.81260127611611,461.8126012761161,461,direct,retrograde,2499923.0609067846
92.76557311962218,92.76557311962218,92,retrograde,direct,2499947.150265998
219.6403765209886,579.6403765209886,579,direct,retrograde,2500041.4481432233
203.95045505603622,203.95045505603622,203,retrograde,direct,2500062.296036533
324.399574525732,684.3995745257321,684,direct,retrograde,2500150.1763889864
308.78940289108476,308.78940289108476,308,retrograde,direct,2500171.382203482
81.74591790380502,441.74591790380504,441,direct,retrograde,2500268.7047410766
73.19664573291368,73.19664573291368,73,retrograde,direct,2500292.6328456244
203.37075206233908,563.3707520623391,563,direct,retrograde,2500389.5667097513
188.1488424206145,188.1488424206145,188,retrograde,direct,2500411.1659416817
308.29970636144225,668.2997063614423,668,direct,retrograde,2500499.028405343
292.260280978385,292.260280978385,292,retrograde,direct,2500519.582114814
62.000348361030134,422.00034836103015,422,direct,retrograde,2500614.2680124687
53.061574713967495,53.061574713967495,53,retrograde,direct,2500638.113163378
186.70714308223168,546.7071430822317,546,direct,retrograde,2500737.436997639
172.16659967830702,172.16659967830702,172,retrograde,direct,2500759.859575171
292.3547781909971,652.3547781909971,652,direct,retrograde,2500847.942946203
276.10084416755967,276.10084416755967,276,retrograde,direct,2500868.0044541247
42.95703294771361,402.9570329477136,402,direct,retrograde,2500960.284204237
32.86857403314933,32.86857403314933,32,retrograde,direct,2500984.0370135996
169.4906224508162,529.4906224508162,529,direct,retrograde,2501085.0441932604
155.89181473476685,155.89181473476685,155,retrograde,direct,2501108.240684795
276.51034658079806,636.5103465807981,636,direct,retrograde,2501196.832486391
260.1965307176509,260.1965307176509,260,retrograde,direct,2501216.622703163
24.74542009820871,384.7454200982087,384,direct,retrograde,2501307.048120996
13.14243556164759,13.14243556164759,13,retrograde,direct,2501330.565573005
151.56759847494388,511.5675984749439,511,direct,retrograde,2501432.342500015
139.17901297963903,139.17901297963903,139,retrograde,direct,2501456.1458543437
260.70009262947934,620.7000926294793,620,direct,retrograde,2501545.6261238
244.44002066923088,244.44002066923088,244,retrograde,direct,2501565.4000760475
7.270569704662758,367.27056970466276,367,direct,retrograde,2501654.567233272
354.1766820577745,354.1766820577745,354,retrograde,direct,2501677.612439532
132.85252657263308,492.8525265726331,492,direct,retrograde,2501779.245637589
121.85847530617369,121.85847530617369,121,retrograde,direct,2501803.4007545738
244.87652930937426,604.8765293093743,604,direct,retrograde,2501894.2684777426
228.7602116875602,228.7602116875602,228,retrograde,direct,2501914.286840273
350.36485899330455,710.3648589933046,710,direct,retrograde,2502002.6864927476
336.03164912892316,336.03164912892316,336,retrograde,direct,2502025.0559154684
113.37136799128054,473.3713679912805,473,direct,retrograde,2502125.6532227853
103.72237204956105,103.72237204956105,103,retrograde,direct,2502149.8634948786
228.96199180759274,588.9619918075928,588,direct,retrograde,2502242.7275585486
213.0849047697144,213.0849047697144,213,retrograde,direct,2502263.223875123
333.8655959565178,693.8655959565178,693,direct,retrograde,2502351.2166042067
318.62565265466486,318.62565265466486,318,retrograde,direct,2502372.8304318357
93.3935395079462,453.39353950794623,453,direct,retrograde,2502471.555261804
84.65779332726478,84.65779332726478,84,retrograde,direct,2502495.5817709714
212.8605393312805,572.8605393312805,572,direct,retrograde,2502590.980089885
197.3484357998339,197.3484357998339,197,retrograde,direct,2502612.1386611853
317.63607626246346,677.6360762624635,677,direct,retrograde,2502699.990030905
301.80763532537395,301.80763532537395,301,retrograde,direct,2502720.8906813907
73.39303032188191,433.3930303218819,433,direct,retrograde,2502817.122606473
64.78307517523633,64.78307517523633,64,retrograde,direct,2502840.975694672
196.44910349963084,556.4491034996308,556,direct,retrograde,2502939.008837417
181.48515111957065,181.48515111957065,181,retrograde,direct,2502960.9456983935
301.60493693964844,661.6049369396485,661,direct,retrograde,2503048.8799972944
285.4496377135946,285.4496377135946,285,retrograde,direct,2503069.198783078
53.89848083833124,413.89848083833124,413,direct,retrograde,2503162.803261876
44.54351702273684,44.54351702273684,44,retrograde,direct,2503186.6250856966
179.56663363561162,539.5666336356117,539,direct,retrograde,2503286.7766948
165.39092135750238,165.39092135750238,165,retrograde,direct,2503309.527245206
285.70499117608307,645.704991176083,645,direct,retrograde,2503397.7883839775
269.4136668645451,269.4136668645451,269,retrograde,direct,2503417.713341318
35.215907962677534,395.21590796267753,395,direct,retrograde,2503509.1118476866
24.50668914549943,24.50668914549943,24,retrograde,direct,2503532.812939969
162.06836889174446,522.0683688917445,522,direct,retrograde,2503634.246280984
148.9542330687835,148.9542330687835,148,retrograde,direct,2503657.7374054836
269.8801985059538,629.8801985059538,629,direct,retrograde,2503746.6403939556
253.58195914525405,253.58195914525405,253,retrograde,direct,2503766.400197841
17.334798503866622,377.33479850386664,377,direct,retrograde,2503856.220427188
5.07657054842918,5.07657054842918,5,retrograde,direct,2503879.5552987317
143.81276883611872,503.8127688361187,503,direct,retrograde,2503981.377564422
132.00635906416983,132.00635906416983,132,retrograde,direct,2504005.3876558403
254.07774195390746,614.0777419539074,614,direct,retrograde,2504095.3777105277
237.86729113602567,237.86729113602567,237,retrograde,direct,2504115.224262326
0.11962620859275726,360.11962620859276,360,direct,retrograde,2504204.022687911
346.4559028576299,346.4559028576299,346,retrograde,direct,2504226.781609143
124.74528225237279,484.7452822523728,484,direct,retrograde,2504328.094239397
114.34806612050069,114.34806612050069,114,retrograde,direct,2504352.298344359
238.22269102990646,598.2226910299064,598,direct,retrograde,2504443.9527894976
222.1897309835931,222.1897309835931,222,retrograde,direct,2504464.138733046
343.39231340286705,703.3923134028671,703,direct,retrograde,2504552.3339075
328.63130057954237,328.63130057954237,328,retrograde,direct,2504574.3873672932
105.00139458022291,465.0013945802229,465,direct,retrograde,2504674.293737787
95.81611672587236,95.81611672587236,95,retrograde,direct,2504698.417716816
222.24265178573106,582.242651785731,582,direct,retrograde,2504792.329379051
206.4995147264096,206.4995147264096,206,retrograde,direct,2504813.081314604
327.01904432445457,687.0190443244546,687,direct,retrograde,2504900.9792153575
311.4961544042454,311.4961544042454,311,retrograde,direct,2504922.2923033806
84.9433172218227,444.94331722182267,444,direct,retrograde,2505019.9919660566
76.37467405664451,76.37467405664451,76,retrograde,direct,2505043.9512876924
206.01986976535574,566.0198697653557,566,direct,retrograde,2505140.4815148525
190.7179082423843,190.7179082423843,190,retrograde,direct,2505161.967789145
310.89412904202385,670.8941290420239,670,direct,retrograde,2505249.817660217
294.9014324820323,294.9014324820323,294,retrograde,direct,2505270.4562156573
65.11262791818405,425.11262791818405,425,direct,retrograde,2505365.5419269754
56.28528891379902,56.28528891379902,56,retrograde,direct,2505389.3839896247
189.42304537444855,549.4230453744485,549,direct,retrograde,2505488.393189554
174.7656443662086,174.7656443662086,174,retrograde,direct,2505510.6931714127
294.92814237232625,654.9281423723262,654,direct,retrograde,2505598.7312616445
278.6921220812116,278.6921220812116,278,retrograde,direct,2505618.8488101866
45.9402425544678,405.9402425544678,405,direct,retrograde,2505711.4607253913
36.05565320139561,36.05565320139561,36,retrograde,direct,2505735.229139272
172.30313910994025,532.3031391099403,532,direct,retrograde,2505836.0510036154
158.5450240455712,158.5450240455712,158,retrograde,direct,2505859.1312210197
279.06730433664234,639.0673043366423,639,direct,retrograde,2505947.62917707
262.754390871903,262.754390871903,262,retrograde,direct,2505967.444642135
27.602003128607816,387.6020031286078,387,direct,retrograde,2506058.0987432003
16.232170040574793,16.232170040574793,16,retrograde,direct,2506081.6768606165
154.49149530949649,514.4914953094965,514,direct,retrograde,2506183.3964457577
141.90708500110918,141.90708500110918,141,retrograde,direct,2506207.120960485
263.25030303787025,623.2503030378703,623,direct,retrograde,2506296.436028244
246.97815827503408,246.97815827503408,246,retrograde,direct,2506316.200279556
10.034724643708467,370.03472464370844,370,direct,retrograde,2506405.515981757
357.1518020546274,357.1518020546274,357,retrograde,direct,2506428.647717651
135.8915489712653,495.8915489712653,495,direct,retrograde,2506530.352682164
124.68604513230675,124.68604513230675,124,retrograde,direct,2506554.487233703
247.42892096280013,607.4289209628001,607,direct,retrograde,2506645.1015720936
231.2872804154671,231.2872804154671,231,retrograde,direct,2506665.071474377
353.05154256721767,713.0515425672177,713,direct,retrograde,2506753.5619409652
338.8815116430729,338.8815116430729,338,retrograde,direct,2506776.031459391
116.51010427183634,476.5101042718363,476,direct,retrograde,2506876.8411712423
106.67658722622804,106.67658722622804,106,retrograde,direct,2506901.0640861867
231.53918665412422,591.5391866541243,591,direct,retrograde,2506993.5926313065
215.6182489637233,215.6182489637233,215,retrograde,direct,2507014.003290371
336.4931094115115,696.4931094115116,696,direct,retrograde,2507102.041893365
321.36560089263565,321.36560089263565,321,retrograde,direct,2507123.7648131587
96.57625636374419,456.57625636374416,456,direct,retrograde,2507222.824134171
87.74570583342992,87.74570583342992,87,retrograde,direct,2507246.8690794576
215.4744108738267,575.4744108738267,575,direct,retrograde,2507341.8828944014
199.89612158179483,199.89612158179483,199,retrograde,direct,2507362.9277427485
320.2280889519304,680.2280889519304,680,direct,retrograde,2507450.7861832036
304.4692816794859,304.4692816794859,304,retrograde,direct,2507471.790757482
76.54627231592303,436.54627231592303,436,direct,retrograde,2507568.4135751184
67.97759399066283,67.97759399066283,67,retrograde,direct,2507592.2875040723
199.11740954674727,559.1174095467472,559,direct,retrograde,2507689.945701832
184.0573170322359,184.0573170322359,184,retrograde,direct,2507711.760267837
304.1754701699538,664.1754701699538,664,direct,retrograde,2507799.6639092835
288.05710807597535,288.05710807597535,288,retrograde,direct,2507820.0636850223
56.94988454455342,416.9498845445534,416,direct,retrograde,2507914.0364674684
47.757185812172956,47.757185812172956,47,retrograde,direct,2507937.87085957
182.31526075023044,542.3152607502304,542,direct,retrograde,2508037.747479013
168.0061436880024,168.0061436880024,168,retrograde,direct,2508060.3860799177
288.2677264433451,648.267726443345,648,direct,retrograde,2508148.576110352
271.98736052002226,271.98736052002226,271,retrograde,direct,2508168.5459312405
38.14191305399344,398.14191305399345,398,direct,retrograde,2508260.236863195
27.654855067792045,27.654855067792045,27,retrograde,direct,2508283.959978576
164.91740327388428,524.9174032738842,524,direct,retrograde,2508385.262773187
151.6298261179553,151.6298261179553,151,retrograde,direct,2508408.659047954
272.43587970723803,632.435879707238,632,direct,retrograde,2508497.441750424
256.13015860198266,256.13015860198266,256,retrograde,direct,2508517.2061913945
20.148545700576182,380.14854570057616,380,direct,retrograde,2508607.2282826463
8.115924747806712,8.115924747806712,8,retrograde,direct,2508630.6279889736
146.7844873148648,506.7844873148648,506,direct,retrograde,2508732.4578296375
134.77222805843365,134.77222805843365,134,retrograde,direct,2508756.399505534
256.6369756561086,616.6369756561086,616,direct,retrograde,2508846.2012772374
240.40518507881336,240.40518507881336,240,retrograde,direct,2508866.0153285256
2.84438582816375,362.84438582816375,362,direct,retrograde,2508954.9343507877
349.373241696544,349.373241696544,349,retrograde,direct,2508977.796042611
127.83520597889981,487.8352059788998,487,direct,retrograde,2509079.2424564604
117.23179133020335,117.23179133020335,117,retrograde,direct,2509103.4304924365
240.79606116059497,600.796061160595,600,direct,retrograde,2509194.80180279
224.73152126094925,224.73152126094925,224,retrograde,direct,2509214.92313639
346.06397833481776,706.0639783348178,706,direct,retrograde,2509303.1813443378
331.4474125118498,331.4474125118498,331,retrograde,direct,2509325.3494292004
108.17977557565705,468.17977557565706,468,direct,retrograde,2509425.512710998
98.84203350249494,98.84203350249494,98,retrograde,direct,2509449.6733805174
224.8382489145596,584.8382489145596,584,direct,retrograde,2509543.206510341
209.04632383122828,209.04632383122828,209,retrograde,direct,2509563.8667016504
329.6505761421617,689.6505761421618,689,direct,retrograde,2509651.789872215
314.2211013919013,314.2211013919013,314,retrograde,direct,2509673.2086021565
88.14025122147127,448.14025122147126,448,direct,retrograde,2509771.2756100325
79.53069682874747,79.53069682874747,79,retrograde,direct,2509795.261843593
208.66259994078754,568.6625999407876,568,direct,retrograde,2509891.393104472
193.28514890293684,193.28514890293684,193,retrograde,direct,2509912.765250664
313.49637595807,673.4963759580701,673,direct,retrograde,2510000.6106077293
297.5550043735397,297.5550043735397,297,retrograde,direct,2510021.3358889315
68.23780456135329,428.2378045613533,428,direct,retrograde,2510116.822813822
59.50427273332912,59.50427273332912,59,retrograde,direct,2510140.6619964857
192.13380071568173,552.1338007156817,552,direct,retrograde,2510239.3472897466
177.36409815083505,177.36409815083505,177,retrograde,direct,2510261.5197394164
297.5072782327725,657.5072782327725,657,direct,retrograde,2510349.5182710225
281.29444204114645,281.29444204114645,281,retrograde,direct,2510369.699041539
48.94984681453,408.94984681453,408,direct,retrograde,2510462.649551304
39.26226000488693,39.26226000488693,39,retrograde,direct,2510486.43656521
175.10487608933514,535.1048760893351,535,direct,retrograde,2510587.0458683707
161.19344733168725,161.19344733168725,161,retrograde,direct,2510610.009994789
281.6269995517958,641.6269995517957,641,direct,retrograde,2510698.4196079643
265.31870068967254,265.31870068967254,265,retrograde,direct,2510718.267943727
30.492639423982858,390.49263942398284,390,direct,retrograde,2510809.1680496447
19.35679995924326,19.35679995924326,19,retrograde,direct,2510832.7982580513
157.40351201754874,517.4035120175488,517,direct,retrograde,2510934.4352146992
144.6286711729698,144.6286711729698,144,retrograde,direct,2510958.0817827275
265.80985314145244,625.8098531414524,625,direct,retrograde,2511047.2413036013
249.52785895268394,249.52785895268394,249,retrograde,direct,2511067.0013908027
12.824570064057442,372.82457006405747,372,direct,retrograde,2511156.4815586545
0.15675441744979543,0.15675441744979543,0,retrograde,direct,2511179.690015288
138.92057418633257,498.9205741863326,498,direct,retrograde,2511281.450345399
127.50428983499211,127.50428983499211,127,retrograde,direct,2511305.5523380935
249.99796841644914,609.9979684164491,609,direct,retrograde,2511395.933025414
233.83113963372355,233.83113963372355,233,retrograde,direct,2511415.8572922237
355.75730454126244,715.7573045412624,715,direct,retrograde,2511504.4481362374
341.7572966101905,341.7572966101905,341,retrograde,direct,2511527.017818352
119.65138725250276,479.6513872525028,479,direct,retrograde,2511628.023582409
109.62623462890127,109.62623462890127,109,retrograde,direct,2511652.2474182798
234.12824864670827,594.1282486467082,594,direct,retrograde,2511744.4567463873
218.16489626850662,218.16489626850662,218,retrograde,direct,2511764.783725624
339.13655833377464,699.1365583337747,699,direct,retrograde,2511852.872496357
324.128479691345,324.128479691345,324,retrograde,direct,2511874.708284826
99.77309939028461,459.77309939028464,459,direct,retrograde,2511974.0865289355
90.83258548024398,90.83258548024398,90,retrograde,direct,2511998.154246905
218.09123080442612,578.0912308044261,578,direct,retrograde,2512092.7806521226
202.45101084315033,202.45101084315033,202,retrograde,direct,2512113.71652952
322.83723324438216,682.8372332443821,682,direct,retrograde,2512201.583808114
307.15564610283144,307.15564610283144,307,retrograde,direct,2512222.6963760266
79.71918074550504,439.719180745505,439,direct,retrograde,2512319.7027874924
71.17026053711852,71.17026053711852,71,retrograde,direct,2512343.6047733324
201.7768779878984,561.7768779878984,561,direct,retrograde,2512440.8720584307
186.6272543856386,186.6272543856386,186,retrograde,direct,2512462.5699101575
306.75769821731706,666.757698217317,666,direct,retrograde,2512550.447952551
290.67984788926924,290.67984788926924,290,retrograde,direct,2512570.929949276
60.025380390543496,420.0253803905435,420,direct,retrograde,2512665.2825095113
50.976665117928185,50.976665117928185,50,retrograde,direct,2512689.1243175976
185.05027088539828,545.0502708853983,545,direct,retrograde,2512788.7109511364
170.61515805175077,170.61515805175077,170,retrograde,direct,2512811.23520563
290.8307643726025,650.8307643726025,650,direct,retrograde,2512899.3620789377
274.5630780226749,274.5630780226749,274,retrograde,direct,2512919.379112199
41.08399833358727,401.08399833358726,401,direct,retrograde,2513011.379633854
30.812830402460403,30.812830402460403,30,retrograde,direct,2513035.1193451947
167.75101903255833,527.7510190325584,527,direct,retrograde,2513136.2755487245
154.29406665695157,154.29406665695157,154,retrograde,direct,2513159.56672227
274.9886671246184,634.9886671246184,634,direct,retrograde,2513248.241831474
258.6766738589946,258.6766738589946,258,retrograde,direct,2513268.017387513
22.972129655086487,382.97212965508646,382,direct,retrograde,2513358.250736892
11.17014583312577,11.17014583312577,11,retrograde,direct,2513381.714194213
149.73732077586007,509.7373207758601,509,direct,retrograde,2513483.5288733663
137.5205913983932,137.5205913983932,137,retrograde,direct,2513507.3983467296
259.1854556609632,619.1854556609633,619,direct,retrograde,2513597.0211542556
242.93627189412766,242.93627189412766,242,retrograde,direct,2513616.811300613
5.577989991944488,365.5779899919445,365,direct,retrograde,2513705.858826275
352.3078086484699,352.3078086484699,352,retrograde,direct,2513728.8199615683
130.90648532226874,490.90648532226874,490,direct,retrograde,2513830.3792561665
120.09287746575879,120.09287746575879,120,retrograde,direct,2513854.550433265
243.355974204263,603.355974204263,603,direct,retrograde,2513945.646097934
227.2628188136758,227.2628188136758,227,retrograde,direct,2513965.7097758036
348.7359352630873,708.7359352630873,708,direct,retrograde,2514054.0384932198
334.2695188372138,334.2695188372138,334,retrograde,direct,2514076.3168741846
111.33616331796847,471.3361633179685,471,direct,retrograde,2514176.7192757493
101.83464337408891,101.83464337408891,101,retrograde,direct,2514200.910486738
227.42182956302716,587.4218295630271,587,direct,retrograde,2514294.0791902905
211.5834117610112,211.5834117610112,211,retrograde,direct,2514314.6501833284
332.2757071104283,692.2757071104284,692,direct,retrograde,2514402.6066630343
316.9447701690668,316.9447701690668,316,retrograde,direct,2514424.130177955
91.32400117642395,451.32400117642396,451,direct,retrograde,2514522.554557953
82.65607857120976,82.65607857120976,82,retrograde,direct,2514546.562532693
211.2914775076311,571.291477507631,571,direct,retrograde,2514642.3011268973
195.8405117104957,195.8405117104957,195,retrograde,direct,2514663.557938938
316.08541022616987,676.0854102261699,676,direct,retrograde,2514751.4032900436
300.2009707746341,300.2009707746341,300,retrograde,direct,2514772.220306659
71.36489425105803,431.36489425105805,431,direct,retrograde,2514868.109772493
62.70788258170198,62.70788258170198,62,retrograde,direct,2514891.9522806713
194.82489592170776,554.8248959217078,554,direct,retrograde,2514990.2958283387
179.94801506031268,179.94801506031268,179,retrograde,direct,2515012.3399984054
300.0743060248625,660.0743060248625,660,direct,retrograde,2515100.303519577
283.890074242768,283.890074242768,283,retrograde,direct,2515120.5555323325
51.9740391959822,411.9740391959822,411,direct,retrograde,2515213.8553036293
42.47130318652917,42.47130318652917,42,retrograde,direct,2515237.661845902
177.87497122983584,537.8749712298359,537,direct,retrograde,2515338.0306813847
163.81878436974193,163.81878436974193,163,retrograde,direct,2515360.880592864
284.1812783686496,644.1812783686496,644,direct,retrograde,2515449.2072935607
267.8811441804626,267.8811441804626,267,retrograde,direct,2515469.09487772
33.39671984645921,393.39671984645923,393,direct,retrograde,2515560.258201276
22.491951152471547,22.491951152471547,22,retrograde,direct,2515583.9306214694
160.28402844433282,520.2840284443328,520,direct,retrograde,2515685.4651421644
147.32585459725036,147.32585459725036,147,retrograde,direct,2515709.029050477
268.3663685941691,628.3663685941691,628,direct,retrograde,2515798.045782515
252.0752187369184,252.0752187369184,252,retrograde,direct,2515817.8049987676
15.613962081186726,375.61396208118674,375,direct,retrograde,2515907.4625001336
3.164960985199505,3.164960985199505,3,retrograde,direct,2515930.7404961074
141.92825070486867,501.9282507048687,501,direct,retrograde,2516032.5411663847
130.30201119468063,130.30201119468063,130,retrograde,direct,2516056.5988293067
252.56261970833168,612.5626197083317,612,direct,retrograde,2516146.7623175913
236.37146721764555,236.37146721764555,236,retrograde,direct,2516166.64321836
358.4628869658795,718.4628869658795,718,direct,retrograde,2516255.3422430083
344.64080988958716,344.64080988958716,344,retrograde,direct,2516278.012099008
122.78277421579776,482.78277421579776,482,direct,retrograde,2516379.197658766
112.55866659988408,112.55866659988408,112,retrograde,direct,2516403.4146775072
236.70613783385966,596.7061378338597,596,direct,retrograde,2516495.316143687
220.70388653203005,220.70388653203005,220,retrograde,direct,2516515.5641392423
341.788892697433,701.7888926974331,701,direct,retrograde,2516603.7059597913
326.910333563359,326.910333563359,326,retrograde,direct,2516625.657666101
102.9695531948839,462.96955319488393,462,direct,retrograde,2516725.335890052
93.90324045598683,93.90324045598683,93,retrograde,direct,2516749.430792571
220.69997112128084,580.6999711212809,580,direct,retrograde,2516843.6692119613
205.0025251864268,205.0025251864268,205,retrograde,direct,2516864.502846172
325.4580132934221,685.458013293422,685,direct,retrograde,2516952.3834692864
309.8596404086719,309.8596404086719,309,retrograde,direct,2516973.604270151
82.89845850151106,442.8984585015111,442,direct,retrograde,2517070.98530226
74.3477689396555,74.3477689396555,74,retrograde,direct,2517094.9179379167
204.4373571296502,564.4373571296502,564,direct,retrograde,2517191.7918431573
189.2042052668289,189.2042052668289,189,retrograde,direct,2517213.3759206207
309.35382705753165,669.3538270575316,669,direct,retrograde,2517301.2343661515
293.3197396455567,293.3197396455567,293,retrograde,direct,2517321.7993095666
63.12316665463851,423.1231666546385,423,direct,retrograde,2517416.5407705912
54.20148469309406,54.20148469309406,54,retrograde,direct,2517440.383796908
187.7907175873849,547.790717587385,547,direct,retrograde,2517539.6712737298
173.23416364999002,173.23416364999002,173,retrograde,direct,2517562.076416618
293.40853727880364,653.4085372788036,653,direct,retrograde,2517650.1502578044
277.1556638224971,277.1556638224971,277,retrograde,direct,2517670.2194678113
44.058747102804496,404.0587471028045,404,direct,retrograde,2517762.5427058293
33.99912557077992,33.99912557077992,33,retrograde,direct,2517786.2974770665
170.58731773231273,530.5873177323127,530,direct,retrograde,2517887.286001794
156.96618618983734,156.96618618983734,156,retrograde,direct,2517910.4653023835
277.5568153798411,637.556815379841,637,direct,retrograde,2517999.0414210875
261.2414947118748,261.2414947118748,261,retrograde,direct,2518018.8356727445
25.83362917955085,385.8336291795508,385,direct,retrograde,2518109.292002377
14.264818038527016,14.264818038527016,14,retrograde,direct,2518132.81709
152.67862159345833,512.6786215934583,512,direct,retrograde,2518234.590124868
140.261649144369,140.261649144369,140,retrograde,direct,2518258.3828235967
261.7455042496549,621.7455042496549,621,direct,retrograde,2518347.8366150027
245.48272217722186,245.48272217722186,245,retrograde,direct,2518367.6101929955
8.34080511959939,368.3408051195994,368,direct,retrograde,2518456.795559698
355.27714920412944,355.27714920412944,355,retrograde,direct,2518479.851557371
133.9637667660565,493.9637667660565,493,direct,retrograde,2518581.496966471
122.93955594576207,122.93955594576207,122,retrograde,direct,2518605.649859717
245.92331256089844,605.9233125608985,605,direct,retrograde,2518696.4831241723
229.8033741956207,229.8033741956207,229,retrograde,direct,2518716.494752478
351.42234311830873,711.4223431183087,711,direct,retrograde,2518804.904378621
337.11159195830294,337.11159195830294,337,retrograde,direct,2518827.2881532926
114.49141312130249,474.49141312130246,474,direct,retrograde,2518927.9145666854
104.81612612067397,104.81612612067397,104,retrograde,direct,2518952.1279216167
230.0081688706332,590.0081688706332,590,direct,retrograde,2519044.9456461724
214.12511753085204,214.12511753085204,214,retrograde,direct,2519065.4295079447
334.90837701970764,694.9083770197076,694,direct,retrograde,2519153.4271439128
319.6825239594686,319.6825239594686,319,retrograde,direct,2519175.0562788043
94.52347365475651,454.5234736547565,454,direct,retrograde,2519273.8322407976
85.77687054796209,85.77687054796209,85,retrograde,direct,2519297.8599729436
213.91390152082744,573.9139015208275,573,direct,retrograde,2519393.205304891
198.39208224815073,198.39208224815073,198,retrograde,direct,2519414.3469718853
318.67720120205684,678.6772012020568,678,direct,retrograde,2519502.197673699
302.8572894770934,302.8572894770934,302,retrograde,direct,2519523.1130903317
74.51571917280933,434.5157191728093,434,direct,retrograde,2519619.402459909
65.9142355044419,65.9142355044419,65,retrograde,direct,2519643.2574299118
197.50385383630518,557.5038538363052,557,direct,retrograde,2519741.2375502726
182.52582833227478,182.52582833227478,182,retrograde,direct,2519763.1572401663
302.6441326553522,662.6441326553522,662,direct,retrograde,2519851.087042192
286.4935278576325,286.4935278576325,286,retrograde,direct,2519871.4166345103
55.01102911161356,415.01102911161354,415,direct,retrograde,2519965.0746685695
45.67963499588336,45.67963499588336,45,retrograde,direct,2519988.898819292
180.63169197794085,540.6316919779408,540,direct,retrograde,2520089.010551773
166.4375351471097,166.4375351471097,166,retrograde,direct,2520111.745920874
286.73923662804106,646.739236628041,646,direct,retrograde,2520199.994652616
270.4487139356518,270.4487139356518,270,retrograde,direct,2520219.9258989748
36.30352289975586,396.3035228997559,396,direct,retrograde,2520311.3653577548
25.62579421082235,25.62579421082235,25,retrograde,direct,2520335.0693556536
163.15042896412223,523.1504289641223,523,direct,retrograde,2520436.487979059
150.0132831817256,150.0132831817256,150,retrograde,direct,2520459.964829825
270.9201930823146,630.9201930823147,630,direct,retrograde,2520548.8493292863
254.61962630746675,254.61962630746675,254,retrograde,direct,2520568.6104910104
18.402427992994305,378.4024279929943,378,direct,retrograde,2520658.456809583
6.176614450903604,6.176614450903604,6,retrograde,direct,2520681.800196402
144.91584541337076,504.9158454133708,504,direct,retrograde,2520783.6278143246
133.08032120084638,133.08032120084638,133,retrograde,direct,2520807.628431176
255.11703131581677,615.1170313158168,615,direct,retrograde,2520897.5894989027
238.90251717692183,238.90251717692183,238,retrograde,direct,2520917.431192372
1.1756363315562843,361.1756363315563,361,direct,retrograde,2521006.245151284
347.53978140982423,347.53978140982423,347,retrograde,direct,2521029.0165290684
125.87545811861608,485.87545811861605,485,direct,retrograde,2521130.356313809
115.4476956399765,115.4476956399765,115,retrograde,direct,2521154.55906146
239.26524336056016,599.2652433605601,599,direct,retrograde,2521246.169723914
223.22773594450143,223.22773594450143,223,retrograde,direct,2521266.3457199903
344.4445207117246,704.4445207117246,704,direct,retrograde,2521354.546932445
329.70383433759014,329.70383433759014,329,retrograde,direct,2521376.616328193
106.13350455663911,466.1335045566391,466,direct,retrograde,2521476.562448757
96.92709617254333,96.92709617254333,96,retrograde,direct,2521500.6919599343
223.2901223178413,583.2901223178413,583,direct,retrograde,2521594.549967099
207.5408038800985,207.5408038800985,207,retrograde,direct,2521615.2888049316
328.0728443028879,688.0728443028879,688,direct,retrograde,2521703.1891648034
312.5624063623577,312.5624063623577,312,retrograde,direct,2521724.5167866824
86.07385290149294,446.07385290149296,446,direct,retrograde,2521822.2671413533
77.50082274396615,77.50082274396615,77,retrograde,direct,2521846.2303392105
207.07942009343762,567.0794200934376,567,direct,retrograde,2521942.7078517936
191.76773460287657,191.76773460287657,191,retrograde,direct,2521964.178357793
311.94130466461615,671.9413046646162,671,direct,retrograde,2522052.025140221
295.9545214258096,295.9545214258096,295,retrograde,direct,2522072.674880527
66.23691416466384,426.23691416466386,426,direct,retrograde,2522167.8178709466
57.42534304698852,57.42534304698852,57,retrograde,direct,2522191.657960144
190.50494160847882,550.5049416084788,550,direct,retrograde,2522290.6267915107
175.83158203042728,175.83158203042728,175,retrograde,direct,2522312.908432286
295.9747102515147,655.9747102515147,655,direct,retrograde,2522400.9381562946
279.74057531223474,279.74057531223474,279,retrograde,direct,2522421.064545976
47.0502088751498,407.0502088751498,407,direct,retrograde,2522513.7239737846
37.19525749281862,37.19525749281862,37,retrograde,direct,2522537.4932180624
173.39376062030274,533.3937606203027,533,direct,retrograde,2522638.287945505
159.6139976760401,159.6139976760401,159,retrograde,direct,2522661.351964161
280.1161951220298,640.1161951220298,640,direct,retrograde,2522749.8360379767
263.80317343446404,263.80317343446404,263,retrograde,direct,2522769.6564206267
28.702057981315306,388.7020579813153,388,direct,retrograde,2522860.345720524
17.367086162319556,17.367086162319556,17,retrograde,direct,2522883.929865651
155.5958653806459,515.5958653806459,515,direct,retrograde,2522985.639256105
142.98423621524688,142.98423621524688,142,retrograde,direct,2523009.352459167
264.30395514419695,624.303955144197,624,direct,retrograde,2523098.6452044295
248.03016007244725,248.03016007244725,248,retrograde,direct,2523118.409296143
11.11272646005939,371.1127264600594,371,direct,retrograde,2523207.745370593
358.2601857197996,358.2601857197996,358,retrograde,direct,2523230.888182274
137.0124015254396,497.0124015254396,497,direct,retrograde,2523332.603852289
125.77790071220579,125.77790071220579,125,retrograde,direct,2523356.733849208
248.49253592935588,608.4925359293559,608,direct,retrograde,2523447.3156878827
232.3467506135862,232.3467506135862,232,retrograde,direct,2523467.278887311
354.12050862842847,714.1205086284285,714,direct,retrograde,2523555.7810689574
339.9730711907362,339.9730711907362,339,retrograde,direct,2523578.26482227
117.65012806736414,477.6501280673641,477,direct,retrograde,2523679.105729606
107.7909563148506,107.7909563148506,107,retrograde,direct,2523703.3290239684
232.60084528080282,592.6008452808028,592,direct,retrograde,2523795.811649237
216.6735460249263,216.6735460249263,216,retrograde,direct,2523816.209983034
337.55826985447237,697.5582698544724,697,direct,retrograde,2523904.254372632
322.4470159723252,322.4470159723252,322,retrograde,direct,2523925.9922842104
97.73008885941384,457.73008885941385,457,direct,retrograde,2524025.103237275
88.88541700366825,88.88541700366825,88,retrograde,direct,2524049.1503119813
216.5377189903012,576.5377189903012,576,direct,retrograde,2524144.106678229
200.94994757549432,200.94994757549432,200,retrograde,direct,2524165.1360304086
321.287556931678,681.287556931678,681,direct,retrograde,2524252.994849274
305.5392350821536,305.5392350821536,305,retrograde,direct,2524274.0140957506
77.68804334472627,437.6880433447263,437,direct,retrograde,2524370.6920352858
69.12203645518623,69.12203645518623,69,retrograde,direct,2524394.5707569243
200.18400427691265,560.1840042769127,560,direct,retrograde,2524492.173672083
185.11223547978094,185.11223547978094,185,retrograde,direct,2524513.9718960784
305.2295954238532,665.2295954238532,665,direct,retrograde,2524601.8700012807
289.1160767195231,289.1160767195231,289,retrograde,direct,2524622.2811251627
58.075606308745826,418.0756063087458,418,direct,retrograde,2524716.3071763916
48.90299399331102,48.90299399331102,48,retrograde,direct,2524740.144488493
183.38968284265198,543.389682842652,543,direct,retrograde,2524839.9806960374
169.06397007068546,169.06397007068546,169,retrograde,direct,2524862.6025712984
289.3110038681887,649.3110038681887,649,direct,retrograde,2524950.7811114183
273.03094316138123,273.03094316138123,273,retrograde,direct,2524970.7581649376
39.239420733934445,399.2394207339344,399,direct,retrograde,2525062.492645799
28.785086142822287,28.785086142822287,28,retrograde,direct,2525086.216535615
166.01338787754293,526.013387877543,526,direct,retrograde,2525187.503164161
152.70116992255652,152.70116992255652,152,retrograde,direct,2525210.8854527995
273.47913818446625,633.4791381844663,633,direct,retrograde,2525299.649805052
257.1706965795699,257.1706965795699,257,retrograde,direct,2525319.416231731
21.22223874312807,381.22223874312806,381,direct,retrograde,2525409.4663228393
9.223403745615672,9.223403745615672,9,retrograde,direct,2525432.872464927
147.89370799108275,507.89370799108275,507,direct,retrograde,2525534.70608938
135.85077235728903,135.85077235728903,135,retrograde,direct,2525558.639390328
257.6758661606352,617.6758661606352,617,direct,retrograde,2525648.4135043146
241.4414630859511,241.4414630859511,241,retrograde,direct,2525668.223697368
3.908664650261247,363.90866465026124,363,direct,retrograde,2525757.1593553405
350.4662412642126,350.4662412642126,350,retrograde,direct,2525780.034691737
128.95699985215157,488.95699985215157,488,direct,retrograde,2525881.5012540314
118.32256618661789,118.32256618661789,118,retrograde,direct,2525905.686894335
241.83491536707925,601.8349153670792,601,direct,retrograde,2525997.0178373894
225.76596482800434,225.76596482800434,225,retrograde,direct,2526017.1309109246
347.11366219486735,707.1136621948674,707,direct,retrograde,2526105.3970418405
332.51716871489987,332.51716871489987,332,retrograde,direct,2526127.5809134683
109.30139734342954,469.3013973434295,469,direct,retrograde,2526227.778815047
99.94278638369568,99.94278638369568,99,retrograde,direct,2526251.9437297164
225.887549637006,585.887549637006,585,direct,retrograde,2526345.4274457153
210.0889791561589,210.0889791561589,210,retrograde,direct,2526366.0755885756
330.69309326682975,690.6930932668297,690,direct,retrograde,2526454.0005532755
315.2759391658938,315.2759391658938,315,retrograde,direct,2526475.433392631
89.26170026217319,449.2617002621732,449,direct,retrograde,2526573.5512021715
80.64638010129467,80.64638010129467,80,retrograde,direct,2526597.53987626
209.7175368246536,569.7175368246536,569,direct,retrograde,2526693.618506398
194.3293817224984,194.3293817224984,194,retrograde,direct,2526714.974750966
314.5310133118993,674.5310133118993,674,direct,retrograde,2526802.8172914265
298.5968009693219,298.5968009693219,298,retrograde,direct,2526823.555094811
69.35922556146846,429.35922556146846,429,direct,retrograde,2526919.1032544626
60.63833925473007,60.63833925473007,60,retrograde,direct,2526942.940726447
193.19545765102458,553.1954576510245,553,direct,retrograde,2527041.577712112
178.4105130524221,178.4105130524221,178,retrograde,direct,2527063.7319427803
298.53980213465815,658.5398021346582,658,direct,retrograde,2527151.723389282
282.32946274515876,282.32946274515876,282,retrograde,direct,2527171.914501126
50.051162696785916,410.0511626967859,410,direct,retrograde,2527264.91527793
40.39084836262049,40.39084836262049,40,retrograde,direct,2527288.7042094525
176.17038793034814,536.1703879303482,536,direct,retrograde,2527389.2815010985
162.23972634906553,162.23972634906553,162,retrograde,direct,2527412.2282264233
282.6669276300987,642.6669276300987,642,direct,retrograde,2527500.6260900535
266.35919708591535,266.35919708591535,266,retrograde,direct,2527520.4802798694
31.574939898240526,391.57493989824053,391,direct,retrograde,2527611.4154069005
20.47222879016526,20.47222879016526,20,retrograde,direct,2527635.052642565
158.48503851705493,518.4850385170549,518,direct,retrograde,2527736.676482288
145.68516368970097,145.68516368970097,145,retrograde,direct,2527760.3110767948
266.84980260018443,626.8498026001844,626,direct,retrograde,2527849.4505089354
250.565749524007,250.565749524007,250,retrograde,direct,2527869.2104016244
13.886073550053762,373.88607355005377,373,direct,retrograde,2527958.7124911025
1.2490840781433732,1.2490840781433732,1,retrograde,direct,2527981.9301893925
140.03494442927837,500.03494442927837,500,direct,retrograde,2528083.702782345
128.58939664626965,128.58939664626965,128,retrograde,direct,2528107.800042279
251.0427708408341,611.0427708408341,611,direct,retrograde,2528198.1467972444
234.87211143433825,234.87211143433825,234,retrograde,direct,2528218.0645071734
356.8163504674095,716.8163504674095,716,direct,retrograde,2528306.6688061897
342.840887961517,342.840887961517,342,retrograde,direct,2528329.2511166297
120.78452692358093,480.7845269235809,480,direct,retrograde,2528430.2888323916
110.73189893599341,110.73189893599341,110,retrograde,direct,2528454.5116426283
235.17383006172474,595.1738300617247,595,direct,retrograde,2528546.675374711
219.2049106207523,219.2049106207523,219,retrograde,direct,2528566.990587565
340.19739367767875,700.1973936776787,700,direct,retrograde,2528655.086249899
325.2080448027233,325.2080448027233,325,retrograde,direct,2528676.9373703897
100.91425100544016,460.9142510054402,460,direct,retrograde,2528776.3597522927
91.9553583783016,91.9553583783016,91,retrograde,direct,2528800.43104871
219.14518274212384,579.1451827421238,579,direct,retrograde,2528895.0027576825
203.49717082551297,203.49717082551297,203,retrograde,direct,2528915.9242557567
323.8890657028762,683.8890657028762,683,direct,retrograde,2529003.7914666524
308.2186986269953,308.2186986269953,308,retrograde,direct,2529024.9184925435
80.85308379055097,440.85308379055095,440,direct,retrograde,2529121.9772057747
72.30486814387524,72.30486814387524,72,retrograde,direct,2529145.884862016
202.84851370418548,562.8485137041855,562,direct,retrograde,2529243.1002387227
187.68801498608772,187.68801498608772,187,retrograde,direct,2529264.781192282
307.8099844665166,667.8099844665167,667,direct,retrograde,2529352.653261627
291.7371754296578,291.7371754296578,291,retrograde,direct,2529373.147493858
61.14993417607596,421.14993417607593,421,direct,retrograde,2529467.554927063
52.121504002997455,52.121504002997455,52,retrograde,direct,2529491.3961021956
186.1339292865517,546.1339292865517,546,direct,retrograde,2529590.942823381
171.68188460259674,171.68188460259674,171,retrograde,direct,2529613.4507161835
291.8827251322727,651.8827251322728,651,direct,retrograde,2529701.5686445236
275.6158308961655,275.6158308961655,275,retrograde,direct,2529721.593330212
42.19724285283802,402.19724285283803,402,direct,retrograde,2529813.6415140247
31.95934384919809,31.95934384919809,31,retrograde,direct,2529837.379840452
168.85334803165543,528.8533480316554,528,direct,retrograde,2529938.5153393336
155.37203753583495,155.37203753583495,155,retrograde,direct,2529961.791907725
276.04167014948393,636.0416701494839,636,direct,retrograde,2530050.4506937964
259.72821602844607,259.72821602844607,259,retrograde,direct,2530070.228307334
24.065814980020555,384.06581498002055,384,direct,retrograde,2530160.4926716527
12.297512917303202,12.297512917303202,12,retrograde,direct,2530183.9638698576
150.84774776887875,510.8477477688788,510,direct,retrograde,2530285.7762372857
138.60284051293485,138.60284051293485,138,retrograde,direct,2530309.633972925
260.24045640222107,620.2404564022211,620,direct,retrograde,2530399.233315273
243.98868460617751,243.98868460617751,243,retrograde,direct,2530419.0205837535
6.658049480364436,366.6580494803644,366,direct,retrograde,2530508.0857308265
353.4161930050917,353.4161930050917,353,retrograde,direct,2530531.0612980425
132.02967708293292,492.02967708293295,492,direct,retrograde,2530632.632421674
121.1876789516114,121.1876789516114,121,retrograde,direct,2530656.801628584
244.4103092292155,604.4103092292155,604,direct,retrograde,2530747.8595575048
228.3129771163999,228.3129771163999,228,retrograde,direct,2530767.9166990304
349.7973435782485,709.7973435782485,709,direct,retrograde,2530856.2545791753
335.351824319168,335.351824319168,335,retrograde,direct,2530878.5469533484
112.47967392296582,472.47967392296584,472,direct,retrograde,2530978.9864799567
102.95547357823398,102.95547357823398,102,retrograde,direct,2531003.1810078677
228.48385763673002,588.48385763673,588,direct,retrograde,2531096.297806751
212.63868122463995,212.63868122463995,212,retrograde,direct,2531116.8574051606
333.3277876396546,693.3277876396546,693,direct,retrograde,2531204.815736806
318.01050464015356,318.01050464015356,318,retrograde,direct,2531226.353297077
92.4704394317997,452.4704394317997,452,direct,retrograde,2531324.8331649583
83.79192391422984,83.79192391422984,83,retrograde,direct,2531348.842905118
212.35317813998697,572.353178139987,572,direct,retrograde,2531444.524804378
196.8923516028087,196.8923516028087,196,retrograde,direct,2531465.765177124
317.13453156910424,677.1345315691042,677,direct,retrograde,2531553.6095302133
301.25806309936576,301.25806309936576,301,retrograde,direct,2531574.4401704464
72.50025538142978,432.5002553814298,432,direct,retrograde,2531670.3889302956
63.85101614136523,63.85101614136523,63,retrograde,direct,2531694.232429751
195.8900334807437,555.8900334807437,555,direct,retrograde,2531792.5256272834
180.9993354204989,180.9993354204989,180,retrograde,direct,2531814.5514766145
301.1201707382598,661.1201707382597,661,direct,retrograde,2531902.508133077
284.93951316267203,284.93951316267203,284,retrograde,direct,2531922.7715788838
53.07609853618367,413.0760985361837,413,direct,retrograde,2532016.118913741
43.59874289703502,43.59874289703502,43,retrograde,direct,2532039.928759264
178.95387060919344,538.9538706091935,538,direct,retrograde,2532140.2680599988
164.87856608399161,164.87856608399161,164,retrograde,direct,2532163.1003129696
285.2310927485877,645.2310927485877,645,direct,retrograde,2532251.4150999524
268.9310449100088,268.9310449100088,268,retrograde,direct,2532271.309520467
34.47764462967415,394.47764462967416,394,direct,retrograde,2532362.506164858
23.60504261675032,23.60504261675032,23,retrograde,direct,2532386.183651547
161.37652736324523,521.3765273632453,521,direct,retrograde,2532487.7068912527
148.39308297926942,148.39308297926942,148,retrograde,direct,2532511.260350192
269.40823973904696,629.408239739047,629,direct,retrograde,2532600.256028655
253.11489904779594,253.11489904779594,253,retrograde,direct,2532620.0150251063
16.687390637740563,376.6873906377406,376,direct,retrograde,2532709.698348714
4.270401663628132,4.270401663628132,4,retrograde,direct,2532732.9839309547
143.03815498371645,503.0381549837165,503,direct,retrograde,2532834.7927843146
131.38169182857132,131.38169182857132,131,retrograde,direct,2532858.8432833795
253.60007957330401,613.600079573304,613,direct,retrograde,2532948.9759807168
237.40472263252997,237.40472263252997,237,retrograde,direct,2532968.8509400534
359.5260534562314,719.5260534562315,719,direct,retrograde,2533057.5654348126
345.7307145732343,345.7307145732343,345,retrograde,direct,2533080.248753774
123.89204741252404,483.89204741252405,483,direct,retrograde,2533181.455040737
113.63954725606908,113.63954725606908,113,retrograde,direct,2533205.670162157
237.74379828545338,597.7437982854534,597,direct,retrograde,2533297.532797698
221.73610088113477,221.73610088113477,221,retrograde,direct,2533317.7705505174
342.83991058373556,702.8399105837356,702,direct,retrograde,2533405.920516243
327.98059286301344,327.98059286301344,327,retrograde,direct,2533427.8884156663
104.08883740184903,464.08883740184905,464,direct,retrograde,2533527.6018307526
95.00255768234913,95.00255768234913,95,retrograde,direct,2533551.704177877
221.7409203136741,581.7409203136741,581,direct,retrograde,2533645.8893731087
206.03674718545327,206.03674718545327,206,retrograde,direct,2533666.7096526
326.49412916278817,686.4941291627881,686,direct,retrograde,2533754.5907827923
310.90700000292804,310.90700000292804,310,retrograde,direct,2533775.8266546885
84.0309532244668,444.03095322446677,444,direct,retrograde,2533873.2655975902
75.4793700289351,75.4793700289351,75,retrograde,direct,2533897.202025001
205.491484799973,565.491484799973,565,direct,retrograde,2533994.0177868577
190.24730426471882,190.24730426471882,190,retrograde,direct,2534015.5858680354
310.3885857097047,670.3885857097048,670,direct,retrograde,2534103.4405541513
294.35947511386786,294.35947511386786,294,retrograde,direct,2534124.017737166
64.24329653388358,424.2432965338836,424,direct,retrograde,2534218.8199556014
55.34033622886801,55.34033622886801,55,retrograde,direct,2534242.6593494946
188.85217836596337,548.8521783659634,548,direct,retrograde,2534341.9016910503
174.27930597452317,174.27930597452317,174,retrograde,direct,2534364.2905423213
294.44483793967805,654.4448379396781,654,direct,retrograde,2534452.356792867
278.1936831815081,278.1936831815081,278,retrograde,direct,2534472.432807252
45.16106442832014,405.1610644283201,405,direct,retrograde,2534564.8062032787
35.13189476016131,35.13189476016131,35,retrograde,direct,2534588.561017259
171.66565727678116,531.6656572767812,531,direct,retrograde,2534689.524977508
158.02191553465357,158.02191553465357,158,retrograde,direct,2534712.6876561902
278.5927805721248,638.5927805721249,638,direct,retrograde,2534801.2490896024
262.27724428931515,262.27724428931515,262,retrograde,direct,2534821.0463847984
26.909207048525662,386.9092070485257,386,direct,retrograde,2534911.533281575
15.37287016070008,15.37287016070008,15,retrograde,direct,2534935.067673452
153.77906042922885,513.7790604292288,513,direct,retrograde,2535036.837184201
141.33583100375822,141.33583100375822,141,retrograde,direct,2535060.617614586
262.79048466745144,622.7904846674514,622,direct,retrograde,2535150.0462960405
246.52536820302313,246.52536820302313,246,retrograde,direct,2535169.8191704396
9.405144478105164,369.40514447810517,369,direct,retrograde,2535259.0226694494
356.3706200765064,356.3706200765064,356,retrograde,direct,2535282.090652453
135.0850289062019,495.0850289062019,495,direct,retrograde,2535383.7520261416
124.03224733480559,124.03224733480559,124,retrograde,direct,2535407.9017171375
246.97203616181682,606.9720361618168,606,direct,retrograde,2535498.69627882
230.8480464542287,230.8480464542287,230,retrograde,direct,2535518.701984279
352.4818659501627,712.4818659501627,712,direct,retrograde,2535607.1217038026
338.1946342313818,338.1946342313818,338,retrograde,direct,2535629.517386914
115.63422367116534,475.63422367116533,475,direct,retrograde,2535730.181208551
105.93231259088148,105.93231259088148,105,retrograde,direct,2535754.3963764748
231.06515332690063,591.0651533269006,591,direct,retrograde,2535847.164530169
215.17558829357188,215.17558829357188,215,retrograde,direct,2535867.6364406412
335.96382173540496,695.963821735405,695,direct,retrograde,2535955.6378813423
320.75399714629117,320.75399714629117,320,retrograde,direct,2535977.281600572
95.66386526335663,455.6638652633566,455,direct,retrograde,2536076.1064017685
86.90316640916512,86.90316640916512,86,retrograde,direct,2536100.137254049
214.97769347272896,574.977693472729,574,direct,retrograde,2536195.430526044
199.44752052538,199.44752052538,199,retrograde,direct,2536216.55509382
319.73693890552147,679.7369389055215,679,direct,retrograde,2536304.4053780306
303.9260675944536,303.9260675944536,303,retrograde,direct,2536325.335527245
75.64857011103473,435.6485701110347,435,direct,retrograde,2536421.678162027
67.05364768807509,67.05364768807509,67,retrograde,direct,2536445.5370977726
198.5755944931784,558.5755944931784,558,direct,retrograde,2536543.4682851722
183.5849358581177,183.5849358581177,183,retrograde,direct,2536565.3691560123
303.7003745444472,663.7003745444472,663,direct,retrograde,2536653.2934036097
287.5537643930144,287.5537643930144,287,retrograde,direct,2536673.634871437
56.13023229541607,416.1302322954161,416,direct,retrograde,2536767.3429359756
46.82437197460784,46.82437197460784,46,retrograde,direct,2536791.1677755797
181.72284999017947,541.7228499901795,541,direct,retrograde,2536891.2450539498
167.5097582121676,167.5097582121676,167,retrograde,direct,2536913.9652517904
287.7949613051865,647.7949613051865,647,direct,retrograde,2537002.201864505
271.50451263425873,271.50451263425873,271,retrograde,direct,2537022.139236454
37.40888705464562,397.4088870546456,397,direct,retrograde,2537113.619081365
26.763964714865043,26.763964714865043,26,retrograde,direct,2537137.3241307773
164.25154842065297,524.251548420653,524,direct,retrograde,2537238.727277794
151.08960704426764,151.08960704426764,151,retrograde,direct,2537262.192128917
271.97120959680404,631.9712095968041,631,direct,retrograde,2537351.0581034003
255.66901149659094,255.66901149659094,255,retrograde,direct,2537370.8195407027
19.49940278286268,379.49940278286266,379,direct,retrograde,2537460.69588367
7.306462370011486,7.306462370011486,7,retrograde,direct,2537484.0469977437
146.02960090224386,506.0296009022438,506,direct,retrograde,2537585.8751718523
134.16488890506633,134.16488890506633,134,retrograde,direct,2537609.8664508564
256.16736819773723,616.1673681977372,616,direct,retrograde,2537699.800867617
239.94914267686042,239.94914267686042,239,retrograde,direct,2537719.6384353675
2.2481523708662303,362.24815237086625,362,direct,retrograde,2537808.46918716
348.63925985175956,348.63925985175956,348,retrograde,direct,2537831.2550448105
127.00385634965372,487.0038563496537,487,direct,retrograde,2537932.6144044483
116.54731819061818,116.54731819061818,116,retrograde,direct,2537956.814899912
240.32425637050113,600.3242563705012,600,direct,retrograde,2538048.385798312
224.28204155729816,224.28204155729816,224,retrograde,direct,2538068.553103407
345.50277821267355,705.5027782126735,705,direct,retrograde,2538156.7605827386
330.78119903243936,330.78119903243936,330,retrograde,direct,2538178.8460682603
107.27704220726511,467.27704220726514,467,direct,retrograde,2538278.8334271777
98.04974190515729,98.04974190515729,98,retrograde,direct,2538302.968099865
224.34816709293955,584.3481670929395,584,direct,retrograde,2538396.770477324
208.5916508926857,208.5916508926857,208,retrograde,direct,2538417.49643139
329.12406907766797,689.124069077668,689,direct,retrograde,2538505.3976281118
313.62605056969176,313.62605056969176,313,retrograde,direct,2538526.7401383156
87.2219917345809,447.2219917345809,447,direct,retrograde,2538624.5488644596
78.64465950110477,78.64465950110477,78,retrograde,direct,2538648.514839433
208.13922433900316,568.1392243390031,568,direct,retrograde,2538744.932164276
192.81648382995894,192.81648382995894,192,retrograde,direct,2538766.387514759
312.9866362604592,672.9866362604591,672,direct,retrograde,2538854.231528268
297.00602257310766,297.00602257310766,297,retrograde,direct,2538874.8926829146
67.35888895667026,427.3588889566703,427,direct,retrograde,2538970.094354701
58.56125753517105,58.56125753517105,58,retrograde,direct,2538993.9330100277
191.5694308044625,551.5694308044625,551,direct,retrograde,2539092.858803096
176.88072126618826,176.88072126618826,176,retrograde,direct,2539115.1219862355
297.01841958589034,657.0184195858903,657,direct,retrograde,2539203.144475026
280.78665248782255,280.78665248782255,280,retrograde,direct,2539223.279350601
48.14819995999577,408.1481999599958,408,direct,retrograde,2539315.984283951
38.320471386501524,38.320471386501524,38,retrograde,direct,2539339.757820829
174.46881667171039,534.4688166717103,534,direct,retrograde,2539440.5257123867
160.66840047009703,160.66840047009703,160,retrograde,direct,2539463.5724251363
281.1501444962721,641.1501444962721,641,direct,retrograde,2539552.0421707137
264.8362681917385,264.8362681917385,264,retrograde,direct,2539571.8676030766
29.77620906714312,389.7762090671431,389,direct,retrograde,2539662.5891442103
18.474551340021232,18.474551340021232,18,retrograde,direct,2539686.179946158
156.69226939627694,516.692269396277,516,direct,retrograde,2539787.8843596624
144.0540832832154,144.0540832832154,144,retrograde,direct,2539811.5865897555
265.33903533156064,625.3390353315606,625,direct,retrograde,2539900.8537269207
249.06262183653539,249.06262183653539,249,retrograde,direct,2539920.6186227584
12.172707876935547,372.17270787693553,372,direct,retrograde,2540009.9750047596
359.3512397753702,359.3512397753702,359,retrograde,direct,2540033.1262039784
138.12055138811297,498.120551388113,498,direct,retrograde,2540134.8552809525
126.85559306947756,126.85559306947756,126,retrograde,direct,2540158.981761615
249.52951558237595,609.529515582376,609,direct,retrograde,2540249.529555844
233.37999095091465,233.37999095091465,233,retrograde,direct,2540269.486767537
355.17347569879394,715.1734756987939,715,direct,retrograde,2540358.0011086026
341.0506072255749,341.0506072255749,341,retrograde,direct,2540380.498008187
118.77023362264103,478.77023362264106,478,direct,retrograde,2540481.367920448
108.88276674730187,108.88276674730187,108,retrograde,direct,2540505.592865864
233.64139900765147,593.6413990076514,593,direct,retrograde,2540598.030596843
217.7084524642155,217.7084524642155,217,retrograde,direct,2540618.416484435
338.60027640674633,698.6002764067464,698,direct,retrograde,2540706.466229479
323.5044892889492,323.5044892889492,323,retrograde,direct,2540728.2195849502
98.85172752612938,458.85172752612937,458,direct,retrograde,2540827.3765903646
89.99309640190275,89.99309640190275,89,retrograde,direct,2540851.425941849
217.58964842073473,577.5896484207348,577,direct,retrograde,2540946.3323875405
201.99359432284803,201.99359432284803,201,retrograde,direct,2540967.3447698746
322.33053377376257,682.3305337737626,682,direct,retrograde,2541055.2025760114
306.5918725589597,306.5918725589597,306,retrograde,direct,2541076.2377112005
78.80569752670709,438.8056975267071,438,direct,retrograde,2541172.968568612
70.24545895089346,70.24545895089346,70,retrograde,direct,2541196.849694091
201.24185990794192,561.241859907942,561,direct,retrograde,2541294.4007155895
186.1575289189157,186.1575289189157,186,retrograde,direct,2541316.182645535
306.271215058426,666.2712150584259,666,direct,retrograde,2541404.0763640916
290.1629000461701,290.1629000461701,290,retrograde,direct,2541424.4987824503
59.193127820927934,419.19312782092794,419,direct,retrograde,2541518.5801206604
50.04294612339322,50.04294612339322,50,retrograde,direct,2541542.4168990543
184.46166897079627,544.4616689707963,544,direct,retrograde,2541642.2127991877
170.1180983629016,170.1180983629016,170,retrograde,direct,2541664.8195607886
290.35068645247986,650.3506864524799,650,direct,retrograde,2541752.9871295085
274.07194106854615,274.07194106854615,274,retrograde,direct,2541772.9703013357
40.34191462481562,400.3419146248156,400,direct,retrograde,2541864.7507510446
29.918713656760964,29.918713656760964,29,retrograde,direct,2541888.4762835503
167.09520720823087,527.0952072082309,527,direct,retrograde,2541989.741985392
153.76057273377052,153.76057273377052,153,retrograde,direct,2542013.108558045
274.52433366063576,634.5243336606358,634,direct,retrograde,2542101.858281847
258.214291296224,258.214291296224,258,retrograde,direct,2542121.6261984846
22.307231568516624,382.3072315685166,382,direct,retrograde,2542211.706814673
10.341578773403032,10.341578773403032,10,retrograde,direct,2542235.122187637
148.99460287329075,508.9946028732908,508,direct,retrograde,2542336.9530379158
136.923808377229,136.923808377229,136,retrograde,direct,2542360.8756354023
258.7235054222482,618.7235054222482,618,direct,retrograde,2542450.624416747
242.48575754802323,242.48575754802323,242,retrograde,direct,2542470.43149497
4.973189478166681,364.97318947816666,364,direct,retrograde,2542559.383438199
351.5596748974593,351.5596748974593,351,retrograde,direct,2542582.271221227
130.0919569710327,490.0919569710327,490,direct,retrograde,2542683.761702586
119.42759366633231,119.42759366633231,119,retrograde,direct,2542707.9447802957
242.8885214764452,602.8885214764452,602,direct,retrograde,2542799.2334223147
226.81526434310084,226.81526434310084,226,retrograde,direct,2542819.3383855782
348.17236914160105,708.172369141601,708,direct,retrograde,2542907.610930497
333.59690240400676,333.59690240400676,333,retrograde,direct,2542929.80971267
110.45084521463681,470.45084521463684,470,direct,retrograde,2543030.048910246
101.06929403945908,101.06929403945908,101,retrograde,direct,2543054.218672189
226.94286903828683,586.9428690382869,586,direct,retrograde,2543147.646388809
211.1380651837308,211.1380651837308,211,retrograde,direct,2543168.282081471
331.7538224495584,691.7538224495584,691,direct,retrograde,2543256.210286362
316.35002769547344,316.35002769547344,316,retrograde,direct,2543277.656832652
90.4094696428559,450.4094696428559,450,direct,retrograde,2543375.8282211944
81.78638399840914,81.78638399840914,81,retrograde,direct,2543399.820313
210.7812839263068,570.7812839263067,570,direct,retrograde,2543495.84309892
195.38329691387895,195.38329691387895,195,retrograde,direct,2543517.1831640657
315.5848806645216,675.5848806645216,675,direct,retrograde,2543605.0232621916
299.65757545137154,299.65757545137154,299,retrograde,direct,2543625.772744337
70.48484679439976,430.48484679439974,430,direct,retrograde,2543721.376677527
61.77589993697766,61.77589993697766,61,retrograde,direct,2543745.2140150154
194.27879123391048,554.2787912339105,554,direct,retrograde,2543843.810325113
179.4791315145569,179.4791315145569,179,retrograde,direct,2543865.9453449147
299.5938641592013,659.5938641592013,659,direct,retrograde,2543953.9294032827
283.3861066748915,283.3861066748915,283,retrograde,direct,2543974.131080459
51.16115214931976,411.1611521493198,411,direct,retrograde,2544067.1775443954
41.527283342150334,41.527283342150334,41,retrograde,direct,2544090.968693518
177.2639677636428,537.2639677636428,537,direct,retrograde,2544191.518213262
163.3133648831868,163.3133648831868,163,retrograde,direct,2544214.4489208544
283.7176165168437,643.7176165168437,643,direct,retrograde,2544302.832508239
267.40997910133467,267.40997910133467,267,retrograde,direct,2544322.693336077
32.67660711141551,392.6766071114155,392,direct,retrograde,2544413.6648125798
21.60820197925275,21.60820197925275,21,retrograde,direct,2544437.306093064
159.59193911435528,519.5919391143552,519,direct,retrograde,2544538.919090784
146.76548110355233,146.76548110355233,146,retrograde,direct,2544562.5423634807
267.90312720072865,627.9031272007287,627,direct,retrograde,2544651.6605353113
251.6170406030937,251.6170406030937,251,retrograde,direct,2544671.421018715
14.969009943182852,374.96900994318287,374,direct,retrograde,2544760.9464396024
2.3635411659060197,2.3635411659060197,2,retrograde,direct,2544784.1732755546
141.14555395388075,501.1455539538807,501,direct,retrograde,2544885.950589683
129.670436527409,129.670436527409,129,retrograde,direct,2544910.0425344473
252.09830795473547,612.0983079547354,612,direct,retrograde,2545000.3606686005
235.92371580802714,235.92371580802714,235,retrograde,direct,2545020.27178811
357.88378253017066,717.8837825301707,717,direct,retrograde,2545108.8900798196
343.93248646657673,343.93248646657673,343,retrograde,direct,2545131.486498556
121.90685989594816,481.9068598959482,481,direct,retrograde,2545232.548004493
111.82653830169235,111.82653830169235,111,retrograde,direct,2545256.7704341887
236.22469122701162,596.2246912270116,596,direct,retrograde,2545348.8927647388
220.25008859882686,220.25008859882686,220,retrograde,direct,2545369.1961924667
341.2514582279232,701.2514582279232,701,direct,retrograde,2545457.2979032854
326.2794941232194,326.2794941232194,326,retrograde,direct,2545479.165526919
102.05413052594439,462.0541305259444,462,direct,retrograde,2545578.635126858
93.07928670266901,93.07928670266901,93,retrograde,direct,2545602.708606451
220.19897991812232,580.1989799181223,580,direct,retrograde,2545697.224014301
204.5421529488006,204.5421529488006,204,retrograde,direct,2545718.131140222
324.93738834236393,684.9373883423639,684,direct,retrograde,2545805.999029601
309.2778670755734,309.2778670755734,309,retrograde,direct,2545827.14136401
81.9887317203489,441.9887317203489,441,direct,retrograde,2545924.2561206445
73.44114047761171,73.44114047761171,73,retrograde,direct,2545948.1679040967
203.90196447589722,563.9019644758972,563,direct,retrograde,2546045.3250864614
188.72992640475056,188.72992640475056,188,retrograde,direct,2546066.99108126
308.8525554737407,668.8525554737407,668,direct,retrograde,2546154.8590931203
292.78524182050313,292.78524182050313,292,retrograde,direct,2546175.364116786
62.27485540929163,422.2748554092916,422,direct,retrograde,2546269.829883212
53.264176003274414,53.264176003274414,53,retrograde,direct,2546293.672492871
187.1963478516248,547.1963478516248,547,direct,retrograde,2546393.174235001
172.7279393668364,172.7279393668364,172,retrograde,direct,2546415.6654194472
292.9173451292977,652.9173451292977,652,direct,retrograde,2546503.774066535
276.65138199667405,276.65138199667405,276,retrograde,direct,2546523.806045957
43.289525994104835,403.28952599410485,403,direct,retrograde,2546615.900510691
33.082217363213054,33.082217363213054,33,retrograde,direct,2546639.640661791
169.9347139711165,529.9347139711165,529,direct,retrograde,2546740.755941568
156.43104900252374,156.43104900252374,156,retrograde,direct,2546764.0160764297
277.0801380862509,637.0801380862508,637,direct,retrograde,2546852.6588295978
260.7644380804687,260.7644380804687,260,retrograde,direct,2546872.439806966
25.134775183381315,385.1347751833813,385,direct,retrograde,2546962.733225166
13.400021124329838,13.400021124329838,13,retrograde,direct,2546986.211497726
151.9493904955884,511.94939049558843,511,direct,retrograde,2547088.0256173974
139.67558948838027,139.67558948838027,139,retrograde,direct,2547111.872548785
261.2751683758599,621.27516837586,621,direct,retrograde,2547201.4444892947
245.0210750588817,245.0210750588817,245,retrograde,direct,2547221.229417785
7.716924790430109,367.7169247904301,367,direct,retrograde,2547310.3113795323
354.50533113808416,354.50533113808416,354,retrograde,direct,2547333.2994170934
133.1517807338289,493.1517807338289,493,direct,retrograde,2547434.8898250256
122.27849044911684,122.27849044911684,122,retrograde,direct,2547459.0571880043
245.44615619865732,605.4461561986573,605,direct,retrograde,2547550.0738360817
229.34463967614096,229.34463967614096,229,retrograde,direct,2547570.123674616
350.84749036509226,710.8474903650922,710,direct,retrograde,2547658.4707366405
336.4236974566598,336.4236974566598,336,retrograde,direct,2547680.776953304
113.60091642012962,473.60091642012964,473,direct,retrograde,2547781.249178783
104.05278592751469,104.05278592751469,104,retrograde,direct,2547805.4481779523
229.52745466000985,589.5274546600099,589,direct,retrograde,2547898.516965108
213.67659407697408,213.67659407697408,213,retrograde,direct,2547919.064232273
334.3748552300086,694.3748552300086,694,direct,retrograde,2548007.0267689414
319.07171073698873,319.07171073698873,319,retrograde,direct,2548028.578154752
93.59250907434341,453.5925090743434,453,direct,retrograde,2548127.1064794045
84.90398701402712,84.90398701402712,84,retrograde,direct,2548151.118890533
213.40660948055177,573.4066094805518,573,direct,retrograde,2548246.7495329473
197.93619117828825,197.93619117828825,197,retrograde,direct,2548267.9734593118
318.1724203979895,678.1724203979895,678,direct,retrograde,2548355.816497948
302.3042309032802,302.3042309032802,302,retrograde,direct,2548376.6608562795
73.62450211481338,433.62450211481337,433,direct,retrograde,2548472.6686708154
64.98513137346323,64.98513137346323,64,retrograde,direct,2548496.51105156
196.96063310122005,556.9606331012201,556,direct,retrograde,2548594.7565330034
182.05571245064823,182.05571245064823,182,retrograde,direct,2548616.764495017
302.1597103538895,662.1597103538895,662,direct,retrograde,2548704.7137866784
285.9825086722871,285.9825086722871,285,retrograde,direct,2548724.9887102107
54.18930683587213,414.1893068358721,414,direct,retrograde,2548818.387904863
44.738254448590524,44.738254448590524,44,retrograde,direct,2548842.1982242
180.03042875891452,540.0304287589145,540,direct,retrograde,2548942.502867315
165.9359852018592,165.9359852018592,165,retrograde,direct,2548965.318628451
286.2766621605271,646.2766621605272,646,direct,retrograde,2549053.6214201124
269.97755215788766,269.97755215788766,269,retrograde,direct,2549073.5223135976
35.57577762841329,395.5757776284133,395,direct,retrograde,2549164.758392046
24.737132516197477,24.737132516197477,24,retrograde,direct,2549188.439723436
162.4675526166903,522.4675526166903,522,direct,retrograde,2549289.945921733
149.45924776999675,149.45924776999675,149,retrograde,direct,2549313.487536803
270.45852451240137,630.4585245124014,630,direct,retrograde,2549402.4647195013
254.1631498480877,254.1631498480877,254,retrograde,direct,2549422.2240021247
17.760770219066963,377.76077021906696,377,direct,retrograde,2549511.9317665715
5.374793734000356,5.374793734000356,5,retrograde,direct,2549535.226142726
144.15322097205322,504.1532209720532,504,direct,retrograde,2549637.0427559987
132.46840545053834,132.46840545053834,132,retrograde,direct,2549661.0851529706
254.65778009912543,614.6577800991254,614,direct,retrograde,2549751.188894517
238.45861039877013,238.45861039877013,238,retrograde,direct,2549771.057768238
0.5936208956510282,360.59362089565104,360,direct,retrograde,2549859.785928916
346.8234042688046,346.8234042688046,346,retrograde,direct,2549882.483450802
125.0280907889707,485.0280907889707,485,direct,retrograde,2549983.718265597
114.74813405255009,114.74813405255009,114,retrograde,direct,2550007.9291960876
238.80007192606487,598.8000719260649,598,direct,retrograde,2550099.7495999355
222.7867881788958,222.7867881788958,222,retrograde,direct,2550119.9768282417
343.9083226245873,703.9083226245873,703,direct,retrograde,2550208.134027981
329.0687651369647,329.0687651369647,329,retrograde,direct,2550230.1181874005
105.23943236393869,465.2394323639387,465,direct,retrograde,2550329.873276187
96.13349181677741,96.13349181677741,96,retrograde,direct,2550353.980546347
222.80134735327016,582.8013473532701,582,direct,retrograde,2550448.1094076727
207.08976778748982,207.08976778748982,207,retrograde,direct,2550468.9172157794
327.55554667156184,687.5555466715618,687,direct,retrograde,2550556.7995036356
311.9807634714222,311.9807634714222,311,retrograde,direct,2550578.049259959
85.17439911149484,445.17439911149484,445,direct,retrograde,2550675.539910081
76.6186060725956,76.6186060725956,76,retrograde,direct,2550699.4839908164
206.56066667057055,566.5606666705705,566,direct,retrograde,2550796.2444738606
191.30666427769248,191.30666427769248,191,retrograde,direct,2550817.796261251
311.4477693288505,671.4477693288504,671,direct,retrograde,2550905.647339643
295.4245361613541,295.4245361613541,295,retrograde,direct,2550926.236333633
65.37658169903106,425.3765816990311,425,direct,retrograde,2551021.095542388
56.48895863843585,56.48895863843585,56,retrograde,direct,2551044.9353877036
189.93086592834447,549.9308659283445,549,direct,retrograde,2551144.133737134
175.34263696530616,175.34263696530616,175,retrograde,direct,2551166.504636137
295.495935175296,655.4959351752959,655,direct,retrograde,2551254.56293145
279.24547666546994,279.24547666546994,279,retrograde,direct,2551274.6475424925
46.27133352940399,406.271333529404,406,direct,retrograde,2551367.0684395684
36.27339536532492,36.27339536532492,36,retrograde,direct,2551390.8222016664
172.7637063188373,532.7637063188373,532,direct,retrograde,2551491.7642212855
159.0966902746863,159.0966902746863,159,retrograde,direct,2551514.910972636
279.6414643639835,639.6414643639835,639,direct,retrograde,2551603.4563295003
263.32497332627094,263.32497332627094,263,retrograde,direct,2551623.2575049307
27.99771012633032,387.99771012633033,387,direct,retrograde,2551713.775421448
16.496219015605284,16.496219015605284,16,retrograde,direct,2551737.316480984
154.8862108405952,514.8862108405951,514,direct,retrograde,2551839.081507179
142.41394873273808,142.41394873273808,142,retrograde,direct,2551862.8513672557
263.83565895416655,623.8356589541665,623,direct,retrograde,2551952.2559944633
247.5684870142515,247.5684870142515,247,retrograde,direct,2551972.0275095794
10.481750767748395,370.4817507677484,370,direct,retrograde,2552061.25130615
357.4774447115891,357.4774447115891,357,retrograde,direct,2552084.3314407635
136.20257591821303,496.20257591821303,496,direct,retrograde,2552186.002073032
125.11982991886295,125.11982991886295,125,retrograde,direct,2552210.1510010036
248.016239526484,608.016239526484,608,direct,retrograde,2552300.908682459
231.88840893722534,231.88840893722534,231,retrograde,direct,2552320.9082501167
353.5387602938601,713.5387602938602,713,direct,retrograde,2552409.3398614395
339.27320970236246,339.27320970236246,339,retrograde,direct,2552431.7488974696
116.76151945893854,476.76151945893855,476,direct,retrograde,2552532.445451783
107.03546032773217,107.03546032773217,107,retrograde,direct,2552556.661469374
232.11984539120698,592.119845391207,592,direct,retrograde,2552649.383820161
216.22340558860634,216.22340558860634,216,retrograde,direct,2552669.844017192
337.0104724922153,697.0104724922153,697,direct,retrograde,2552757.849129823
321.81524957996294,321.81524957996294,321,retrograde,direct,2552779.50787438
96.79592316711944,456.79592316711944,456,direct,retrograde,2552878.383882433
88.02284213246566,88.02284213246566,88,retrograde,direct,2552902.413996679
216.03336100585315,576.0333610058532,576,direct,retrograde,2552997.654643057
200.4933234648925,200.4933234648925,200,retrograde,direct,2553018.7633839305
320.7764999772231,680.7764999772231,680,direct,retrograde,2553106.6125598485
304.9746996581785,304.9746996581785,304,retrograde,direct,2553127.557448745
76.7804053856045,436.78040538560447,436,direct,retrograde,2553223.9585293373
68.19162043141793,68.19162043141793,68,retrograde,direct,2553247.8201909624
199.6345022630089,559.6345022630089,559,direct,retrograde,2553345.6970429374
184.6307066960975,184.6307066960975,184,retrograde,direct,2553367.580686018
304.737640971127,664.737640971127,664,direct,retrograde,2553455.4977819584
288.5955465914585,288.5955465914585,288,retrograde,direct,2553475.851293889
57.23598238297891,417.23598238297893,417,direct,retrograde,2553569.6115299053
47.9533471471827,47.9533471471827,47,retrograde,direct,2553593.4396303715
182.7863861996543,542.7863861996543,542,direct,retrograde,2553693.478560807
168.55593998133915,168.55593998133915,168,retrograde,direct,2553716.181751918
288.83720186802,648.83720186802,648,direct,retrograde,2553804.4083227906
272.5472994974327,272.5472994974327,272,retrograde,direct,2553824.3524310784
38.49064468868623,398.49064468868625,398,direct,retrograde,2553915.871219404
27.87693039349556,27.87693039349556,27,retrograde,direct,2553939.5795130664
165.32955787329277,525.3295578732927,525,direct,retrograde,2554040.9666071106
152.14406616717267,152.14406616717267,152,retrograde,direct,2554064.418338039
273.00828331476043,633.0082833147604,633,direct,retrograde,2554153.266408366
256.703912570488,256.703912570488,256,retrograde,direct,2554173.0279600536
20.56466127905544,380.56466127905543,380,direct,retrograde,2554262.9313274836
8.403871339296597,8.403871339296597,8,retrograde,direct,2554286.2898244997
147.13546159786102,507.135461597861,507,direct,retrograde,2554388.1265634177
135.24139599577,135.24139599577,135,retrograde,direct,2554412.107847401
257.2038084058892,617.2038084058893,617,direct,retrograde,2554502.0136686955
240.9819273855912,240.9819273855912,240,retrograde,direct,2554521.846468251
3.307900874206363,363.3079008742064,363,direct,retrograde,2554610.69269065
349.72712322259497,349.72712322259497,349,retrograde,direct,2554633.492272583
128.12124866597185,488.12124866597185,488,direct,retrograde,2554734.8725240463
117.6352852402064,117.6352852402064,117,retrograde,direct,2554759.071040513
241.36207262467258,601.3620726246726,601,direct,retrograde,2554850.6017521983
225.31550364936567,225.31550364936567,225,retrograde,direct,2554870.7604957996
346.5598749861831,706.5598749861831,706,direct,retrograde,2554958.9769658362
331.8596344098311,331.8596344098311,331,retrograde,direct,2554981.0776102766
108.40647764554575,468.40647764554575,468,direct,retrograde,2555081.099295266
99.15652859341502,99.15652859341502,99,retrograde,direct,2555105.2428325647
225.39389972165054,585.3938997216505,585,direct,retrograde,2555198.9910213547
209.6312649031208,209.6312649031208,209,retrograde,direct,2555219.7043234473
330.16879509446846,690.1687950944685,690,direct,retrograde,2555307.6065866062
314.68328939317973,314.68328939317973,314,retrograde,direct,2555328.9629540313
88.35400057085226,448.35400057085224,448,direct,retrograde,2555426.8260114333
79.77181753036373,79.77181753036373,79,retrograde,direct,2555450.795061618
209.20203019897752,569.2020301989776,569,direct,retrograde,2555547.1583261425
193.86917381853354,193.86917381853354,193,retrograde,direct,2555568.596874661
314.0319769313757,674.0319769313758,674,direct,retrograde,2555656.438013048
298.05718774371445,298.05718774371445,298,retrograde,direct,2555677.1118715815
68.4818658967142,428.4818658967142,428,direct,retrograde,2555772.372106773
59.699914093391406,59.699914093391406,59,retrograde,direct,2555796.205883573
192.64125786019923,552.6412578601992,552,direct,retrograde,2555895.0889933873
177.93672813104106,177.93672813104106,177,retrograde,direct,2555917.3345478596
298.06339576752924,658.0633957675293,658,direct,retrograde,2556005.349911294
281.83392199344956,281.83392199344956,281,retrograde,direct,2556025.4935011137
49.26200191740782,409.2620019174078,409,direct,retrograde,2556118.2488250667
39.46497542752522,39.46497542752522,39,retrograde,direct,2556142.0230311835
175.55703665398374,535.5570366539837,535,direct,retrograde,2556242.7628246723
161.73463268863972,161.73463268863972,161,retrograde,direct,2556265.7928665243
282.1967947592595,642.1967947592595,642,direct,retrograde,2556354.2490685526
265.88322582683793,265.88322582683793,265,retrograde,direct,2556374.079028395
30.872022625463096,390.8720226254631,390,direct,retrograde,2556464.8350693434
19.603728014721234,19.603728014721234,19,retrograde,direct,2556488.433960107
157.7929065586963,517.7929065586964,517,direct,retrograde,2556590.126396469
145.12945479839846,145.12945479839846,145,retrograde,direct,2556613.817763919
266.39208656154705,626.3920865615471,626,direct,retrograde,2556703.0628419863
250.11375440369477,250.11375440369477,250,retrograde,direct,2556722.827331596
13.254239239784775,373.2542392397848,373,direct,retrograde,2556812.206538602
0.4621730313049751,0.4621730313049751,0,retrograde,direct,2556835.36814293
139.2395191949034,499.23951919490344,499,direct,retrograde,2556937.1066895137
127.9465327578483,127.9465327578483,127,retrograde,direct,2556961.2281869967
250.58480360425102,610.584803604251,610,direct,retrograde,2557051.742325551
234.43123942310788,234.43123942310788,234,retrograde,direct,2557071.693820155
356.23973826319565,716.2397382631957,716,direct,retrograde,2557160.220378926
342.14093663124333,342.14093663124333,342,retrograde,direct,2557182.7293939525
119.91742474431543,479.91742474431544,479,direct,retrograde,2557283.6345692584
110.00305265283863,110.00305265283863,110,retrograde,direct,2557307.8580575967
234.70460809017607,594.7046080901761,594,direct,retrograde,2557400.2487179087
218.7650603092404,218.7650603092404,218,retrograde,direct,2557420.6233007014
339.6582948233207,699.6582948233207,699,direct,retrograde,2557508.677280199
324.57932317056066,324.57932317056066,324,retrograde,direct,2557530.4461176274
100.00364188435843,460.00364188435844,460,direct,retrograde,2557629.6516750315
91.12838756936243,91.12838756936243,91,retrograde,direct,2557653.7050767383
218.65268913593343,578.6526891359334,578,direct,retrograde,2557748.5552389994
203.04866947421672,203.04866947421672,203,retrograde,direct,2557769.5519279083
323.38879920619314,683.3887992061932,683,direct,retrograde,2557857.408676683
307.6605523797475,307.6605523797475,307,retrograde,direct,2557878.458983423
79.94951295761577,439.94951295761575,439,direct,retrograde,2557975.2456215583
71.39174073218994,71.39174073218994,71,retrograde,direct,2557999.133232672
202.30941245807102,562.309412458071,562,direct,retrograde,2558096.6282008914
187.21311754937352,187.21311754937352,187,retrograde,direct,2558118.3925593644
307.32540883382774,667.3254088338277,667,direct,retrograde,2558206.2809520224
291.2218094530429,291.2218094530429,291,retrograde,direct,2558226.7153657367
60.30843331945924,420.30843331945925,420,direct,retrograde,2558320.848345844
51.18006958102093,51.18006958102093,51,retrograde,direct,2558344.684867925
185.54614046909273,545.5461404690927,545,direct,retrograde,2558444.4456850663
171.185118696676,171.185118696676,171,retrograde,direct,2558467.036748221
291.4058830308582,651.4058830308581,651,direct,retrograde,2558555.193894484
275.12736897656646,275.12736897656646,275,retrograde,direct,2558575.183848966
41.43927061289988,401.43927061289986,401,direct,retrograde,2558667.0056632254
31.047001076770716,31.047001076770716,31,retrograde,direct,2558690.731285126
168.19362101291594,528.193621012916,528,direct,retrograde,2558791.982892231
154.83459790872084,154.83459790872084,154,retrograde,direct,2558815.3350877566
275.57147893819666,635.5714789381966,635,direct,retrograde,2558904.0678366395
259.25973607228786,259.25973607228786,259,retrograde,direct,2558923.8370814165
23.39854972105529,383.3985497210553,383,direct,retrograde,2559013.948068074
11.466957019167728,11.466957019167728,11,retrograde,direct,2559037.3718118155
150.1060106571778,510.10601065717776,510,direct,retrograde,2559139.2018697625
138.00586726768498,138.00586726768498,138,retrograde,direct,2559163.114005347
259.7668987522448,619.7668987522447,619,direct,retrograde,2559252.836432902
243.52546443156822,243.52546443156822,243,retrograde,direct,2559272.640709186
6.04605356677722,366.04605356677723,366,direct,retrograde,2559361.6108179083
352.6614941914852,352.6614941914852,352,retrograde,direct,2559384.5122433286
131.20556524453818,491.2055652445382,491,direct,retrograde,2559486.015611848
120.5119978796678,120.5119978796678,120,retrograde,direct,2559510.197987182
243.93602505096146,603.9360250509615,603,direct,retrograde,2559601.448704199
227.85857439042354,227.85857439042354,227,retrograde,direct,2559621.546239827
349.2283368827084,709.2283368827084,709,direct,retrograde,2559709.826866594
334.6734819486728,334.6734819486728,334,retrograde,direct,2559732.0404874757
111.57697803442322,471.57697803442323,471,direct,retrograde,2559832.3141073463
102.17191667179229,102.17191667179229,102,retrograde,direct,2559856.4888316058
227.98932704541198,587.989327045412,587,direct,retrograde,2559949.8649878856
212.17815693842752,212.17815693842752,212,retrograde,direct,2559970.488214832
332.7935587603832,692.7935587603831,692,direct,retrograde,2560058.4188295286
317.40267268864153,317.40267268864153,317,retrograde,direct,2560079.8801731793
91.54807647005771,451.5480764700577,451,direct,retrograde,2560178.108873872
82.91808180558584,82.91808180558584,82,retrograde,direct,2560202.1018336136
211.8343335096821,571.8343335096821,571,direct,retrograde,2560298.0665383376
196.42584886293668,196.42584886293668,196,retrograde,direct,2560319.390681858
316.6204684982923,676.6204684982923,676,direct,retrograde,2560407.228838656
300.6996593284952,300.6996593284952,300,retrograde,direct,2560427.9910091935
71.60828565844197,431.60828565844196,431,direct,retrograde,2560523.6563804466
62.91158585382432,62.91158585382432,62,retrograde,direct,2560547.4923810903
195.33487476871628,555.3348747687163,555,direct,retrograde,2560646.0406039217
180.5203532207592,180.5203532207592,180,retrograde,direct,2560668.1572070215
300.62884035484757,660.6288403548476,660,direct,retrograde,2560756.1349076657
284.42488621047465,284.42488621047465,284,retrograde,direct,2560776.3461075462
52.26374272054679,412.2637427205468,412,direct,retrograde,2560869.4427530644
42.6562194007129,42.6562194007129,42,retrograde,direct,2560893.237925427
178.33305499539497,538.333054995395,538,direct,retrograde,2560993.753982408
164.3625296061267,164.3625296061267,164,retrograde,direct,2561016.6684142016
284.75025701634627,644.7502570163463,644,direct,retrograde,2561105.038385216
268.44290154324153,268.44290154324153,268,retrograde,direct,2561124.9050821345
33.7504554262357,393.7504554262357,393,direct,retrograde,2561215.9111612244
22.714045120614976,22.714045120614976,22,retrograde,direct,2561239.55800128
160.68353424914667,520.6835342491466,520,direct,retrograde,2561341.163549848
147.8325481369884,147.8325481369884,147,retrograde,direct,2561364.774883722
268.94243978362493,628.9424397836249,628,direct,retrograde,2561453.8695428343
252.65410316192938,252.65410316192938,252,retrograde,direct,2561473.631007365
16.029700810100064,376.02970081010005,376,direct,retrograde,2561563.1783304624
3.4550075171592964,3.4550075171592964,3,retrograde,direct,2561586.412680084
142.25637691297737,502.2563769129774,502,direct,retrograde,2561688.203460574
130.75190320443576,130.75190320443576,130,retrograde,direct,2561712.2878625747
253.14073326422283,613.1407332642228,613,direct,retrograde,2561802.5740266945
236.9620224193173,236.9620224193173,236,retrograde,direct,2561822.4794204496
358.94035326916975,718.9403532691697,718,direct,retrograde,2561911.1106262747
345.01560728219647,345.01560728219647,345,retrograde,direct,2561933.72020353
123.03485016478405,483.0348501647841,483,direct,retrograde,2562034.809980911
112.92524567780744,112.92524567780744,112,retrograde,direct,2562059.0320570236
237.2711884303111,597.2711884303111,597,direct,retrograde,2562151.1102544973
221.2908644233035,221.2908644233035,221,retrograde,direct,2562171.4022161122
342.3020801117965,702.3020801117965,702,direct,retrograde,2562259.509164095
327.3482398691157,327.3482398691157,327,retrograde,direct,2562281.392423505
103.18041105170583,463.18041105170585,463,direct,retrograde,2562380.9036320867
94.18794050727918,94.18794050727918,94,retrograde,direct,2562404.982618413
221.25334957293612,581.2533495729361,581,direct,retrograde,2562499.447106404
205.5894066441244,205.5894066441244,205,retrograde,direct,2562520.338368534
325.99332337763633,685.9933233776363,685,direct,retrograde,2562608.206790628
310.3450525028507,310.3450525028507,310,retrograde,direct,2562629.36510118
83.11617770858257,443.11617770858254,443,direct,retrograde,2562726.530807551
74.5696501736052,74.5696501736052,74,retrograde,direct,2562750.4465852547
204.96540925412148,564.9654092541215,564,direct,retrograde,2562847.5510860058
189.78248731303137,189.78248731303137,189,retrograde,direct,2562869.200976191
309.9056344993905,669.9056344993905,669,direct,retrograde,2562957.0661467304
293.84329812361716,293.84329812361716,293,retrograde,direct,2562977.5827565156
63.40084158427513,423.4008415842751,423,direct,retrograde,2563072.1044493616
54.41029304654922,54.41029304654922,54,retrograde,direct,2563095.9443437858
188.27931655198384,548.2793165519838,548,direct,retrograde,2563195.407065863
173.79383777132406,173.79383777132406,173,retrograde,direct,2563217.8820232647
293.9685747528952,653.9685747528952,653,direct,retrograde,2563305.9815502986
277.70373244036193,277.70373244036193,277,retrograde,direct,2563326.0200992534
44.40594447114069,404.4059444711407,404,direct,retrograde,2563418.1621377207
34.22957956894179,34.22957956894179,34,retrograde,direct,2563441.9029814117
171.02687399528855,531.0268739952885,531,direct,retrograde,2563542.994412153
157.5006980122389,157.5006980122389,157,retrograde,direct,2563566.238176396
278.13079059180603,638.1307905918061,638,direct,retrograde,2563654.867205711
261.8141177155334,261.8141177155334,261,retrograde,direct,2563674.6506770644
26.236899476843995,386.236899476844,386,direct,retrograde,2563764.9776196005
14.536368164887577,14.536368164887577,14,retrograde,direct,2563788.4646811085
153.0552911593274,513.0552911593275,513,direct,retrograde,2563890.2693701712
140.7537361700709,140.7537361700709,140,retrograde,direct,2563914.1061571855
262.3272758792962,622.3272758792962,622,direct,retrograde,2564003.6533678956
246.07080585419456,246.07080585419456,246,retrograde,direct,2564023.436991512
8.791534316729894,368.7915343167299,368,direct,retrograde,2564112.5373068945
355.6091610416996,355.6091610416996,355,retrograde,direct,2564135.5375193898
134.28425893023652,494.28425893023655,494,direct,retrograde,2564237.1457270756
123.38125304861059,123.38125304861059,123,retrograde,direct,2564261.309918426
246.5069859971596,606.5069859971596,606,direct,retrograde,2564352.2875485634
230.40144224927525,230.40144224927525,230,retrograde,direct,2564372.330396942
351.9105601160165,711.9105601160165,711,direct,retrograde,2564460.685527237
337.5081886010368,337.5081886010368,337,retrograde,direct,2564483.00622534
114.75205082663268,474.7520508266327,474,direct,retrograde,2564583.517430269
105.17923041772237,105.17923041772237,105,retrograde,direct,2564607.7189615155
230.5870587488166,590.5870587488166,590,direct,retrograde,2564700.7345183985
214.72951039348447,214.72951039348447,214,retrograde,direct,2564721.269693992
335.4350381896345,695.4350381896345,695,direct,retrograde,2564809.236748632
320.14623289709186,320.14623289709186,320,retrograde,direct,2564830.8020531526
94.74808866511094,454.7480886651109,454,direct,retrograde,2564929.3859333564
86.04868490455189,86.04868490455189,86,retrograde,direct,2564953.400863165
214.47144928006088,574.4714492800608,574,direct,retrograde,2565048.9741127975
198.99080073399492,198.99080073399492,198,retrograde,direct,2565070.181887296
319.22737751554286,679.2273775155429,679,direct,retrograde,2565158.0233129
303.3678834044208,303.3678834044208,303,retrograde,direct,2565178.880865896
74.75534812475925,434.7553481247593,434,direct,retrograde,2565274.9443372553
