physical_degree,directional_degree_after,navigation_cell_after,lane_before,lane_after,jd_ut
99.24544847130267,459.24544847130267,459,direct,retrograde,2297332.1594509473
96.43293998118207,96.43293998118207,96,retrograde,direct,2297488.5469162874
101.47662783583115,461.47662783583115,461,direct,retrograde,2297699.6116964277
98.66359025785563,98.66359025785563,98,retrograde,direct,2297855.9923035316
103.70426979918305,463.70426979918307,463,direct,retrograde,2298067.0581710795
100.89083954769505,100.89083954769505,100,retrograde,direct,2298223.509542618
105.92892290178739,465.92892290178736,465,direct,retrograde,2298434.46735398
103.11528092823707,103.11528092823707,103,retrograde,direct,2298590.9469491607
108.15081602162724,468.15081602162724,468,direct,retrograde,2298801.9300381
105.33761202920044,105.33761202920044,105,retrograde,direct,2298958.45064542
110.37126958906639,470.3712695890664,470,direct,retrograde,2299169.4021311766
107.55908213702838,107.55908213702838,107,retrograde,direct,2299325.88132633
112.59109157757327,472.59109157757325,472,direct,retrograde,2299536.8715313906
109.78081175432914,109.78081175432914,109,retrograde,direct,2299693.440827611
114.81161651581209,474.8116165158121,474,direct,retrograde,2299904.405159344
112.00304326375257,112.00304326375257,112,retrograde,direct,2300060.934675377
117.03269021377315,477.03269021377315,477,direct,retrograde,2300271.862473678
114.22611091225546,114.22611091225546,114,retrograde,direct,2300428.441325658
119.25414772691131,479.2541477269113,479,direct,retrograde,2300639.422345631
116.44898988199316,116.44898988199316,116,retrograde,direct,2300795.971278093
121.47528844617752,481.4752884461775,481,direct,retrograde,2301006.866641122
118.67109716003532,118.67109716003532,118,retrograde,direct,2301163.4457907435
123.69484106684205,483.69484106684206,483,direct,retrograde,2301374.332892671
120.89118701841419,120.89118701841419,120,retrograde,direct,2301530.975553902
125.91250509308942,485.9125050930894,485,direct,retrograde,2301741.749532855
123.1089655300412,123.1089655300412,123,retrograde,direct,2301898.4161913134
128.12741032722118,488.1274103272212,488,direct,retrograde,2302109.184063066
125.3238843679637,125.3238843679637,125,retrograde,direct,2302265.9198456816
130.33978891459046,490.3397889145905,490,direct,retrograde,2302476.6192351906
127.53602076886446,127.53602076886446,127,retrograde,direct,2302633.357399147
132.54916832023034,492.54916832023036,492,direct,retrograde,2302844.0353779094
129.7454926102887,129.7454926102887,129,retrograde,direct,2303000.915261646
134.75625076818162,494.75625076818164,494,direct,retrograde,2303211.524604965
131.95280374738002,131.95280374738002,131,retrograde,direct,2303368.39869532
136.96168509199398,496.961685091994,496,direct,retrograde,2303578.953635729
134.1595835734618,134.1595835734618,134,retrograde,direct,2303735.901861351
139.16663595411845,499.1666359541184,499,direct,retrograde,2303946.497309793
136.36624119508815,136.36624119508815,136,retrograde,direct,2304103.44896714
141.37223225032616,501.3722322503262,501,direct,retrograde,2304313.932561269
138.57394567447588,138.57394567447588,138,retrograde,direct,2304470.931558769
143.57863192558963,503.57863192558966,503,direct,retrograde,2304681.399146052
140.78252483981532,140.78252483981532,140,retrograde,direct,2304838.459365925
145.78598611918707,505.7859861191871,505,direct,retrograde,2305048.834557116
142.99153852644207,142.99153852644207,142,retrograde,direct,2305205.895197097
147.99308302399476,507.99308302399476,507,direct,retrograde,2305416.267002262
145.19974700871094,145.19974700871094,145,retrograde,direct,2305573.3920079954
150.19914962208628,510.1991496220863,510,direct,retrograde,2305783.6713175597
147.40608753772852,147.40608753772852,147,retrograde,direct,2305940.843758147
152.40266802384429,512.4026680238443,512,direct,retrograde,2306151.0403211145
149.60962052068817,149.60962052068817,149,retrograde,direct,2306308.371311236
154.6033235592598,514.6033235592598,514,direct,retrograde,2306518.511310268
151.8095910098673,151.8095910098673,151,retrograde,direct,2306675.832222322
156.80024460322133,516.8002446032214,516,direct,retrograde,2306885.89822785
154.00588575019947,154.00588575019947,154,retrograde,direct,2307043.354421296
158.99312781653256,518.9931278165326,518,direct,retrograde,2307253.3943078592
156.19797814199035,156.19797814199035,156,retrograde,direct,2307410.9119607545
161.18260579892396,521.182605798924,521,direct,retrograde,2307620.7952680923
158.38719320391766,158.38719320391766,158,retrograde,direct,2307778.416019597
163.3691425934812,523.3691425934812,523,direct,retrograde,2307988.241233986
160.5742993476189,160.5742993476189,160,retrograde,direct,2308145.958389502
165.55454335788687,525.5545433578868,525,direct,retrograde,2308355.668924677
162.7610011941917,162.7610011941917,162,retrograde,direct,2308513.403694312
167.73997054702542,527.7399705470255,527,direct,retrograde,2308723.080201935
164.9485459569151,164.9485459569151,164,retrograde,direct,2308880.9075245224
169.92694323190773,529.9269432319077,529,direct,retrograde,2309090.488659379
167.13773790985837,167.13773790985837,167,retrograde,direct,2309248.331460989
172.11563520199715,532.1156352019972,532,direct,retrograde,2309457.8569709463
169.328725302207,169.328725302207,169,retrograde,direct,2309615.81655119
174.30602632026637,534.3060263202664,534,direct,retrograde,2309825.3320820704
171.5206106587296,171.5206106587296,171,retrograde,direct,2309983.2317773476
176.49701904544256,536.4970190454426,536,direct,retrograde,2310192.7218092205
173.71293255620216,173.71293255620216,173,retrograde,direct,2310350.7331782095
178.68784770081237,538.6878477008124,538,direct,retrograde,2310560.227085281
175.90434041186765,175.90434041186765,175,retrograde,direct,2310718.284776835
180.87771959755835,540.8777195975583,540,direct,retrograde,2310927.632557703
178.0943052983231,178.0943052983231,178,retrograde,direct,2311085.7793029407
183.06522091051093,543.0652209105109,543,direct,retrograde,2311295.081246216
180.2816130080636,180.2816130080636,180,retrograde,direct,2311453.339275552
185.2501317781658,545.2501317781658,545,direct,retrograde,2311662.5291244686
182.4659704155029,182.4659704155029,182,retrograde,direct,2311820.8433121815
187.43176428330784,547.4317642833079,547,direct,retrograde,2312029.911098172
184.64722045510524,184.64722045510524,184,retrograde,direct,2312188.4048711536
189.61072282329644,549.6107228232964,549,direct,retrograde,2312397.297067266
186.8260303955954,186.8260303955954,186,retrograde,direct,2312555.846324049
191.78751230602572,551.7875123060257,551,direct,retrograde,2312764.6270756535
189.003515394274,189.003515394274,189,retrograde,direct,2312923.342498959
193.9636530379463,553.9636530379463,553,direct,retrograde,2313132.086759221
191.18080925210512,191.18080925210512,191,retrograde,direct,2313290.7524415944
196.14040970973775,556.1404097097377,556,direct,retrograde,2313499.4502856126
193.35945371592035,193.35945371592035,193,retrograde,direct,2313658.235221129
198.31849056802633,558.3184905680264,558,direct,retrograde,2313866.932762306
195.53925086299316,195.53925086299316,195,retrograde,direct,2314025.721585175
200.49823012229686,560.4982301222968,560,direct,retrograde,2314234.35264598
197.72058815706447,197.72058815706447,197,retrograde,direct,2314393.1649284028
202.6790290356348,562.6790290356348,562,direct,retrograde,2314601.820178043
199.9028414758788,199.9028414758788,199,retrograde,direct,2314760.721954083
204.86084922479904,564.860849224799,564,direct,retrograde,2314969.293930213
202.0855964272828,202.0855964272828,202,retrograde,direct,2315128.218834119
207.04267660180668,567.0426766018066,567,direct,retrograde,2315336.6986470576
204.2680231071554,204.2680231071554,204,retrograde,direct,2315495.7856384823
209.22404457113475,569.2240445711348,569,direct,retrograde,2315704.1168692606
206.44931899565233,206.44931899565233,206,retrograde,direct,2315863.243514222
211.4038729710283,571.4038729710282,571,direct,retrograde,2316071.453005502
208.62889841246982,208.62889841246982,208,retrograde,direct,2316230.7695620554
213.5820420885581,573.5820420885581,573,direct,retrograde,2316438.912914439
210.80637887151053,210.80637887151053,210,retrograde,direct,2316598.210376869
215.75831192032396,575.758311920324,575,direct,retrograde,2316806.2559549147
212.98222241478132,212.98222241478132,212,retrograde,direct,2316965.705740081
217.9329523918802,577.9329523918802,577,direct,retrograde,2317173.715573225
215.1567783624097,215.1567783624097,215,retrograde,direct,2317333.165571276
220.10748706515332,580.1074870651534,580,direct,retrograde,2317541.1318686446
217.33198342641373,217.33198342641373,217,retrograde,direct,2317700.5744558666
222.28261020327352,582.2826102032735,582,direct,retrograde,2317908.599186057
219.50845750329984,219.50845750329984,219,retrograde,direct,2318068.1300657485
224.45962903114582,584.4596290311458,584,direct,retrograde,2318276.1127348356
221.68681175003056,221.68681175003056,221,retrograde,direct,2318435.6036473922
226.63843171471382,586.6384317147138,586,direct,retrograde,2318643.5253831716
223.86700142404652,223.86700142404652,223,retrograde,direct,2318803.152817336
228.81900677615747,588.8190067761575,588,direct,retrograde,2319010.979282543
226.048597173094,226.048597173094,226,retrograde,direct,2319170.6105263485
231.00073852620744,591.0007385262074,591,direct,retrograde,2319378.3589865454
228.23106286813544,228.23106286813544,228,retrograde,direct,2319538.1697695227
233.1830218078059,593.1830218078059,593,direct,retrograde,2319745.8425599104
230.41319161093284,230.41319161093284,230,retrograde,direct,2319905.6363324886
235.36469486212278,595.3646948621227,595,direct,retrograde,2320113.180886016
232.59435039793286,232.59435039793286,232,retrograde,direct,2320273.130790271
237.54491641800024,597.5449164180002,597,direct,retrograde,2320480.631507259
234.773409426532,234.773409426532,234,retrograde,direct,2320640.59932437
239.72322355660938,599.7232235566094,599,direct,retrograde,2320848.045908626
236.9502047299281,236.9502047299281,236,retrograde,direct,2321008.0296679167
241.89880489716097,601.898804897161,601,direct,retrograde,2321215.4997504503
239.12435673149992,239.12435673149992,239,retrograde,direct,2321375.5777380755
244.07252860465923,604.0725286046593,604,direct,retrograde,2321582.998806132
241.29704567772657,241.29704567772657,241,retrograde,direct,2321743.0307323197
246.24522395941307,606.2452239594131,606,direct,retrograde,2321950.4091624636
243.46971894682403,243.46971894682403,243,retrograde,direct,2322110.566114163
248.41872808726615,608.4187280872661,608,direct,retrograde,2322317.897087004
245.64387908200104,245.64387908200104,245,retrograde,direct,2322478.019556422
250.59415959647677,610.5941595964767,610,direct,retrograde,2322685.3031617813
247.8205641991244,247.8205641991244,247,retrograde,direct,2322845.5672380067
252.77244077536767,612.7724407753676,612,direct,retrograde,2323052.81080498
250.00013675203687,250.00013675203687,250,retrograde,direct,2323213.016537971
254.95407473366342,614.9540747336634,614,direct,retrograde,2323420.18014149
252.18322162947527,252.18322162947527,252,retrograde,direct,2323580.497745756
257.138794539077,617.138794539077,617,direct,retrograde,2323787.6551031163
254.36888002055946,254.36888002055946,254,retrograde,direct,2323947.9450465934
259.3263275558856,619.3263275558857,619,direct,retrograde,2324155.106933318
256.55685308195643,256.55685308195643,256,retrograde,direct,2324315.3457161905
261.5154036682598,621.5154036682598,621,direct,retrograde,2324522.5885929177
258.7458356668244,258.7458356668244,258,retrograde,direct,2324682.8787414245
263.70539375546963,623.7053937554697,623,direct,retrograde,2324890.1225737594
260.93489955640507,260.93489955640507,260,retrograde,direct,2325050.298419603
265.89478341453355,625.8947834145335,625,direct,retrograde,2325257.5555932913
263.1229404022245,263.1229404022245,263,retrograde,direct,2325417.8241445255
268.08279396400894,628.0827939640089,628,direct,retrograde,2325625.0818217713
265.30914385614784,265.30914385614784,265,retrograde,direct,2325785.307959389
270.26890955399335,630.2689095539934,630,direct,retrograde,2325992.5214234386
267.49374046155,267.49374046155,267,retrograde,direct,2326152.878049534
272.45397058138826,632.4539705813883,632,direct,retrograde,2326360.0291900216
269.67767407046034,269.67767407046034,269,retrograde,direct,2326520.3398973923
274.63891687093593,634.6389168709359,634,direct,retrograde,2326727.411138137
271.86229684303095,271.86229684303095,271,retrograde,direct,2326887.8530151946
276.8246908145708,636.8246908145708,636,direct,retrograde,2327094.8990827017
274.0482096475582,274.0482096475582,274,retrograde,direct,2327255.325272125
279.01281242971027,639.0128124297103,639,direct,retrograde,2327462.3565860456
276.2368571754249,276.2368571754249,276,retrograde,direct,2327622.7467151117
281.2035067988023,641.2035067988023,641,direct,retrograde,2327829.8330251453
278.4282955179312,278.4282955179312,278,retrograde,direct,2327990.2392698703
283.3976198283221,643.3976198283221,643,direct,retrograde,2328197.3766922764
280.6229189609859,280.6229189609859,280,retrograde,direct,2328357.6210129196
285.5947559455017,645.5947559455017,645,direct,retrograde,2328564.8543629237
282.8205111386556,282.8205111386556,282,retrograde,direct,2328725.1242243005
287.79476587170274,647.7947658717028,647,direct,retrograde,2328932.4332191134
285.0204303047228,285.0204303047228,285,retrograde,direct,2329092.5762573704
289.9969457701881,649.9969457701882,649,direct,retrograde,2329299.9326595664
287.2220543472151,287.2220543472151,287,retrograde,direct,2329460.126322245
292.2002712623165,652.2002712623165,652,direct,retrograde,2329667.4837215208
289.4239817692576,289.4239817692576,289,retrograde,direct,2329827.593360997
294.40349826724804,654.4034982672481,654,direct,retrograde,2330034.9089662842
291.6255742993482,291.6255742993482,291,retrograde,direct,2330195.1281432034
296.60608168760115,656.6060816876011,656,direct,retrograde,2330402.4309119396
293.82631441493567,293.82631441493567,293,retrograde,direct,2330562.6393813128
298.80846447756954,658.8084644775695,658,direct,retrograde,2330769.879016798
296.0270874318671,296.0270874318671,296,retrograde,direct,2330930.0902949674
301.01074266723253,661.0107426672325,661,direct,retrograde,2331137.3375302516
298.22829301872827,298.22829301872827,298,retrograde,direct,2331297.5827620085
303.2142991876252,663.2142991876252,663,direct,retrograde,2331504.8599849436
300.431135240557,300.431135240557,300,retrograde,direct,2331664.9460720327
305.4195815314167,665.4195815314167,665,direct,retrograde,2331872.341665861
302.6363366406677,302.6363366406677,302,retrograde,direct,2332032.4383470183
307.6276091014542,667.6276091014543,667,direct,retrograde,2332239.941177152
304.84430241032385,304.84430241032385,304,retrograde,direct,2332399.8591544563
309.8385253735473,669.8385253735473,669,direct,retrograde,2332607.462284852
307.0552437659773,307.0552437659773,307,retrograde,direct,2332767.3585742163
312.0522763491305,672.0522763491306,672,direct,retrograde,2332975.044308751
309.2687928397249,309.2687928397249,309,retrograde,direct,2333134.79177492
314.26870218536783,674.2687021853678,674,direct,retrograde,2333342.556404394
311.48488068872206,311.48488068872206,311,retrograde,direct,2333502.3317798786
316.4870131387882,676.4870131387881,676,direct,retrograde,2333710.1509650163
313.7020699566045,313.7020699566045,313,retrograde,direct,2333869.8589765914
318.7063059412514,678.7063059412515,678,direct,retrograde,2334077.6248193206
315.9196324915232,315.9196324915232,315,retrograde,direct,2334237.3260434465
320.92497609417575,680.9249760941757,680,direct,retrograde,2334445.1070176633
318.1361487394983,318.1361487394983,318,retrograde,direct,2334604.851844838
323.14277977838134,683.1427797783813,683,direct,retrograde,2334812.62064771
320.3514333679701,320.3514333679701,320,retrograde,direct,2334972.263207486
325.3593023344841,685.359302334484,685,direct,retrograde,2335180.09975351
322.56581064677493,322.56581064677493,322,retrograde,direct,2335339.7780534737
327.5754193504755,687.5754193504755,687,direct,retrograde,2335547.6690125307
324.78006180642,324.78006180642,324,retrograde,direct,2335707.189809831
329.79189111496066,689.7918911149607,689,direct,retrograde,2335915.1682378296
326.99554505514186,326.99554505514186,326,retrograde,direct,2336074.663804468
332.0101544650357,692.0101544650357,692,direct,retrograde,2336282.7684979755
329.21337557513425,329.21337557513425,329,retrograde,direct,2336442.0861169696
334.23119377522846,694.2311937752285,694,direct,retrograde,2336650.313515939
331.43460561123356,331.43460561123356,331,retrograde,direct,2336809.606476673
336.45557871488063,696.4555787148806,696,direct,retrograde,2337017.946937192
333.65936762906676,333.65936762906676,333,retrograde,direct,2337177.1089138268
338.6841004652099,698.6841004652099,698,direct,retrograde,2337385.454495269
335.8885102474548,335.8885102474548,335,retrograde,direct,2337544.558953912
340.91638879263655,700.9163887926366,700,direct,retrograde,2337752.996110078
338.12132752012803,338.12132752012803,338,retrograde,direct,2337912.081437176
343.1525329710907,703.1525329710907,703,direct,retrograde,2338120.567969977
340.3572134328601,340.3572134328601,340,retrograde,direct,2338279.4966622377
345.3908904011598,705.3908904011598,705,direct,retrograde,2338488.0576455146
342.5947852039512,342.5947852039512,342,retrograde,direct,2338647.0238311505
347.6301968893649,707.6301968893649,707,direct,retrograde,2338855.6015470447
344.83235942646536,344.83235942646536,344,retrograde,direct,2339014.434540894
349.86907846858185,709.8690784685818,709,direct,retrograde,2339223.0907994583
347.06912089552486,347.06912089552486,347,retrograde,direct,2339381.905934644
352.1067179575078,712.1067179575077,712,direct,retrograde,2339590.68493653
349.3042370053906,349.3042370053906,349,retrograde,direct,2339749.3549977913
354.3428043127749,714.3428043127749,714,direct,retrograde,2339958.2130066194
351.53819128960276,351.53819128960276,351,retrograde,direct,2340116.8704006225
356.5778577150694,716.5778577150694,716,direct,retrograde,2340325.8177816533
353.7714990424454,353.7714990424454,353,retrograde,direct,2340484.370175182
358.81289111124414,718.8128911112442,718,direct,retrograde,2340693.3478953363
356.005512034015,356.005512034015,356,retrograde,direct,2340851.834201075
1.0484394783602904,361.0484394783603,361,direct,retrograde,2341060.9420249136
358.24069103409647,358.24069103409647,358,retrograde,direct,2341219.3781775963
3.2859673549350967,363.2859673549351,363,direct,retrograde,2341428.5241917763
0.4782406278940925,0.4782406278940925,0,retrograde,direct,2341586.8198130867
5.525824642333162,365.52582464233313,365,direct,retrograde,2341796.0244562104
2.7188167754225288,2.7188167754225288,2,retrograde,direct,2341954.3333942164
7.769192946579188,367.7691929465792,367,direct,retrograde,2342163.5949022025
4.962765003279815,4.962765003279815,4,retrograde,direct,2342321.739995471
10.015958320398493,370.0159583203985,370,direct,retrograde,2342531.110063606
7.20998627501818,7.20998627501818,7,retrograde,direct,2342689.2031899337
12.265558346632428,372.2655583466324,372,direct,retrograde,2342898.7077333126
9.459322864859065,9.459322864859065,9,retrograde,direct,2343056.6444932614
14.516929085220289,374.5169290852203,374,direct,retrograde,2343266.2278784327
11.709929301765852,11.709929301765852,11,retrograde,direct,2343424.144382637
16.76863773904004,376.76863773904006,376,direct,retrograde,2343633.828360076
13.960019700087939,13.960019700087939,13,retrograde,direct,2343791.6426252583
19.019658369996023,379.019658369996,379,direct,retrograde,2344001.3721537143
16.209258440568483,16.209258440568483,16,retrograde,direct,2344159.1198328575
21.269158145713433,381.26915814571345,381,direct,retrograde,2344368.989369329
18.45701447683187,18.45701447683187,18,retrograde,direct,2344526.699075399
23.51759898121591,383.5175989812159,383,direct,retrograde,2344736.5526717138
20.70379448606741,20.70379448606741,20,retrograde,direct,2344894.1754538976
25.76486141483477,385.76486141483474,385,direct,retrograde,2345104.063148793
22.95011916609215,22.95011916609215,22,retrograde,direct,2345261.706299874
28.011886101440055,388.01188610144004,388,direct,retrograde,2345471.646545575
25.196381690049463,25.196381690049463,25,retrograde,direct,2345629.1510717478
30.259035279439598,390.2590352794396,390,direct,retrograde,2345839.146087815
27.443513243822206,27.443513243822206,27,retrograde,direct,2345996.630070541
32.507264241884,392.507264241884,392,direct,retrograde,2346206.695044563
29.6919841669168,29.6919841669168,29,retrograde,direct,2346364.0731029464
34.75714287030996,394.75714287030996,394,direct,retrograde,2346574.1696070647
31.94243018734576,31.94243018734576,31,retrograde,direct,2346731.5277671525
37.008818625709495,397.0088186257095,397,direct,retrograde,2346941.775119789
34.19440201192433,34.19440201192433,34,retrograde,direct,2347098.979166718
39.262191081075336,399.26219108107534,399,direct,retrograde,2347309.2954929583
36.44786583913968,36.44786583913968,36,retrograde,direct,2347466.4523566635
41.5159963631284,401.5159963631284,401,direct,retrograde,2347676.8904004544
38.70118370147141,38.70118370147141,38,retrograde,direct,2347834.019324961
43.76944461012875,403.76944461012874,403,direct,retrograde,2348044.445230609
40.95340515781857,40.95340515781857,40,retrograde,direct,2348201.497767457
46.02089619484603,406.02089619484605,406,direct,retrograde,2348411.9952346794
43.2036443098083,43.2036443098083,43,retrograde,direct,2348569.055967625
48.27018701555928,408.27018701555926,408,direct,retrograde,2348779.588493145
45.45140670359207,45.45140670359207,45,retrograde,direct,2348936.538534101
50.51717907967504,410.51717907967503,410,direct,retrograde,2349147.0709732026
47.69738668100246,47.69738668100246,47,retrograde,direct,2349304.0576707534
52.76240848209053,412.7624084820905,412,direct,retrograde,2349514.61203824
49.9416648543162,49.9416648543162,49,retrograde,direct,2349671.521802908
55.00630996027393,415.00630996027394,415,direct,retrograde,2349882.0681096837
52.18537244277865,52.18537244277865,52,retrograde,direct,2350038.9751912765
57.249900411607456,417.2499004116074,417,direct,retrograde,2350249.6435408304
54.42919306419852,54.42919306419852,54,retrograde,direct,2350406.4166577887
59.49417587371824,419.49417587371823,419,direct,retrograde,2350617.1050987486
56.67448154218977,56.67448154218977,56,retrograde,direct,2350773.873915758
61.739830266420874,421.7398302664209,421,direct,retrograde,2350984.669997925
58.921505603231566,58.921505603231566,58,retrograde,direct,2351141.4036378963
63.987860031938865,423.98786003193885,423,direct,retrograde,2351352.2114832215
61.170959097503555,61.170959097503555,61,retrograde,direct,2351508.848121384
66.23778062611399,426.237780626114,426,direct,retrograde,2351719.778587481
63.42245400965739,63.42245400965739,63,retrograde,direct,2351876.3922773777
68.48944294641113,428.48944294641115,428,direct,retrograde,2352087.4006964397
65.67475100287864,65.67475100287864,65,retrograde,direct,2352243.899130731
70.74109073273542,430.7410907327354,430,direct,retrograde,2352454.8853627257
67.92659383986418,67.92659383986418,67,retrograde,direct,2352611.4449078543
72.9912795298936,432.99127952989363,432,direct,retrograde,2352822.4564447757
70.17622210862,70.17622210862,70,retrograde,direct,2352978.934939618
75.23898780810943,435.2389878081094,435,direct,retrograde,2353189.9334240817
72.42323681417275,72.42323681417275,72,retrograde,direct,2353346.4253159873
77.48360010906521,437.4836001090652,437,direct,retrograde,2353557.466999557
74.66669029599456,74.66669029599456,74,retrograde,direct,2353713.907094286
79.72481094980392,439.7248109498039,439,direct,retrograde,2353924.8724606764
76.90699908002223,76.90699908002223,76,retrograde,direct,2354081.372261051
81.9627181940214,441.9627181940214,441,direct,retrograde,2354292.384008879
79.14426641623636,79.14426641623636,79,retrograde,direct,2354448.8877736945
84.1982708995404,444.1982708995404,444,direct,retrograde,2354659.85878817
81.37963022678382,81.37963022678382,81,retrograde,direct,2354816.316324522
86.43201713361559,446.4320171336156,446,direct,retrograde,2355027.3652992724
83.6141782258576,83.6141782258576,83,retrograde,direct,2355183.8678060845
88.66557874458204,448.66557874458204,448,direct,retrograde,2355394.9268388385
85.84884026376328,85.84884026376328,85,retrograde,direct,2355551.355502651
90.89963830548956,450.8996383054896,450,direct,retrograde,2355762.40999082
88.08495750688154,88.08495750688154,88,retrograde,direct,2355918.881630549
93.13539896911743,453.13539896911743,453,direct,retrograde,2356129.9975043824
90.32265077155458,90.32265077155458,90,retrograde,direct,2356286.366478795
95.37273010239872,455.3727301023987,455,direct,retrograde,2356497.4895478897
92.56171667905446,92.56171667905446,92,retrograde,direct,2356653.861135165
97.61072992085977,457.61072992085974,457,direct,retrograde,2356865.0307093225
94.80063986010062,94.80063986010062,94,retrograde,direct,2357021.351150167
99.84827378171408,459.84827378171406,459,direct,retrograde,2357232.4474087358
97.03872243020808,97.03872243020808,97,retrograde,direct,2357388.8174770325
102.08409464658003,462.08409464658,462,direct,retrograde,2357599.9521257197
99.27446118868944,99.27446118868944,99,retrograde,direct,2357756.319551058
104.31767038578992,464.31767038578994,464,direct,retrograde,2357967.3869539825
101.5074088091869,101.5074088091869,101,retrograde,direct,2358123.7339402605
106.54787842840197,466.547878428402,466,direct,retrograde,2358334.837576708
103.73709861744841,103.73709861744841,103,retrograde,direct,2358491.307515567
108.77487622733243,468.7748762273324,468,direct,retrograde,2358702.3373025935
105.96324012957157,105.96324012957157,105,retrograde,direct,2358858.79776017
110.99849360414845,470.99849360414845,470,direct,retrograde,2359069.780244125
108.18678086725278,108.18678086725278,108,retrograde,direct,2359226.3198359283
113.21944422075401,473.219444220754,473,direct,retrograde,2359437.334162485
110.40782890469646,110.40782890469646,110,retrograde,direct,2359593.8362297527
115.43837197746521,475.4383719774652,475,direct,retrograde,2359804.793539888
112.62777638786835,112.62777638786835,112,retrograde,direct,2359961.3626934923
117.65648390670226,477.65648390670225,477,direct,retrograde,2360172.3101884546
114.84738515769641,114.84738515769641,114,retrograde,direct,2360328.873902183
119.87471253693661,479.8747125369366,479,direct,retrograde,2360539.7390015377
117.06757453852373,117.06757453852373,117,retrograde,direct,2360696.3215235965
122.0933207650525,482.0933207650525,482,direct,retrograde,2360907.2547203274
119.28782537430712,119.28782537430712,119,retrograde,direct,2361063.8133056434
124.31216268778968,484.3121626877897,484,direct,retrograde,2361274.668268366
121.50775357077262,121.50775357077262,121,retrograde,direct,2361431.228172209
126.52986408828437,486.5298640882844,486,direct,retrograde,2361642.0892649256
123.72631400016479,123.72631400016479,123,retrograde,direct,2361798.7777387314
128.7461396212275,488.7461396212275,488,direct,retrograde,2362009.5622826684
125.94261895437451,125.94261895437451,125,retrograde,direct,2362166.230615996
130.95979778558996,490.95979778558996,490,direct,retrograde,2362376.981101998
128.15629495101777,128.15629495101777,128,retrograde,direct,2362533.7496319683
133.17050592478742,493.17050592478745,493,direct,retrograde,2362744.498370316
130.3665973690391,130.3665973690391,130,retrograde,direct,2362901.2726098793
135.3781299107073,495.3781299107073,495,direct,retrograde,2363111.924980456
132.5741060487316,132.5741060487316,132,retrograde,direct,2363268.8147078604
137.582741758821,497.582741758821,497,direct,retrograde,2363479.415229596
134.7786695959536,134.7786695959536,134,retrograde,direct,2363636.3457490774
139.78486314010922,499.7848631401092,499,direct,retrograde,2363846.8293230003
136.98137816068476,136.98137816068476,136,retrograde,direct,2364003.811667271
141.98527543513646,501.9852754351365,501,direct,retrograde,2364214.322691884
139.18302763424495,139.18302763424495,139,retrograde,direct,2364371.3182488903
144.18550576289968,504.18550576289965,504,direct,retrograde,2364581.70635835
141.38514253149333,141.38514253149333,141,retrograde,direct,2364738.725442892
146.38634278226715,506.38634278226715,506,direct,retrograde,2364949.1017666794
143.58853109720448,143.58853109720448,143,retrograde,direct,2365106.2382691484
148.58894121487663,508.5889412148766,508,direct,retrograde,2365316.560994517
145.79316514943366,145.79316514943366,145,retrograde,direct,2365473.6342530753
150.7926143740053,510.7926143740053,510,direct,retrograde,2365683.9657894783
147.99893683966866,147.99893683966866,147,retrograde,direct,2365841.1152710374
152.996937267782,512.996937267782,512,direct,retrograde,2366051.4707016395
150.2045269627013,150.2045269627013,150,retrograde,direct,2366208.632339526
155.20076908346877,515.2007690834688,515,direct,retrograde,2366418.8817087235
152.40914825435723,152.40914825435723,152,retrograde,direct,2366576.1635817243
157.40278416900324,517.4027841690032,517,direct,retrograde,2366786.373804761
154.61132001462647,154.61132001462647,154,retrograde,direct,2366943.6920581292
159.6022795832998,519.6022795832998,519,direct,retrograde,2367153.806305077
156.81072204678068,156.81072204678068,156,retrograde,direct,2367311.20891547
161.79833499197463,521.7983349919746,521,direct,retrograde,2367521.2799280565
159.00638009761022,159.00638009761022,159,retrograde,direct,2367678.7786712525
163.9909609759923,523.9909609759923,523,direct,retrograde,2367888.6524826325
161.19843021344423,161.19843021344423,161,retrograde,direct,2368046.2275879513
166.17974654931285,526.1797465493129,526,direct,retrograde,2368256.0203306396
163.3870817722399,163.3870817722399,163,retrograde,direct,2368413.761783612
168.36581831735992,528.36581831736,528,direct,retrograde,2368623.447143304
165.5733096449366,165.5733096449366,165,retrograde,direct,2368781.168365758
170.5502265742332,530.5502265742332,530,direct,retrograde,2368990.8114154274
167.75905731267346,167.75905731267346,167,retrograde,direct,2369148.66036342
172.73464488800627,532.7346448880063,532,direct,retrograde,2369358.28120617
169.94513361671758,169.94513361671758,169,retrograde,direct,2369516.127921805
174.92020078414333,534.9202007841434,534,direct,retrograde,2369725.6795901386
172.1328524541216,172.1328524541216,172,retrograde,direct,2369883.606659415
177.10744726899523,537.1074472689952,537,direct,retrograde,2370093.1760239974
174.32219485503322,174.32219485503322,174,retrograde,direct,2370251.1121089617
179.29642202037948,539.2964220203795,539,direct,retrograde,2370460.6221471336
176.5130366048373,176.5130366048373,176,retrograde,direct,2370618.619845315
181.48621885655632,541.4862188565563,541,direct,retrograde,2370828.11035721
178.70416157735727,178.70416157735727,178,retrograde,direct,2370986.187610845
183.67628347923656,543.6762834792365,543,direct,retrograde,2371195.5007505147
180.8949249901578,180.8949249901578,180,retrograde,direct,2371353.642667559
185.8651566847799,545.8651566847799,545,direct,retrograde,2371562.8705269555
183.08423788479698,183.08423788479698,183,retrograde,direct,2371721.1911478955
188.05257592201602,548.052575922016,548,direct,retrograde,2371930.306794293
185.27124998362683,185.27124998362683,185,retrograde,direct,2372088.611962829
190.23733050594365,550.2373305059436,550,direct,retrograde,2372297.6376154264
187.45544591965438,187.45544591965438,187,retrograde,direct,2372456.1331798984
192.41894909913015,552.4189490991301,552,direct,retrograde,2372665.0602480136
189.63615426090539,189.63615426090539,189,retrograde,direct,2372823.589642685
194.59774219396684,554.5977421939668,554,direct,retrograde,2373032.424857716
191.8145191749502,191.8145191749502,191,retrograde,direct,2373191.0453339927
196.77418690758014,556.7741869075801,556,direct,retrograde,2373399.8876290033
193.99115108461947,193.99115108461947,193,retrograde,direct,2373558.545118494
198.94970272089984,558.9497027208998,558,direct,retrograde,2373767.3284206353
196.1675698989749,196.1675698989749,196,retrograde,direct,2373926.0475477986
201.12518229580334,561.1251822958034,561,direct,retrograde,2374134.7969915997
198.3444814502069,198.3444814502069,198,retrograde,direct,2374293.6034964807
203.30182994814257,563.3018299481425,563,direct,retrograde,2374502.211448582
200.52270194222757,200.52270194222757,200,retrograde,direct,2374661.04661077
205.479463475145,565.4794634751449,565,direct,retrograde,2374869.612515781
202.7020125003675,202.7020125003675,202,retrograde,direct,2375028.606510672
207.65833633201504,567.6583363320151,567,direct,retrograde,2375237.0721446928
204.88187096767155,204.88187096767155,204,retrograde,direct,2375396.0504715247
209.83752695943903,569.8375269594391,569,direct,retrograde,2375604.4146292787
207.0619510873076,207.0619510873076,207,retrograde,direct,2375763.569181704
212.01672700279855,572.0167270027986,572,direct,retrograde,2375971.853173239
209.24140831596605,209.24140831596605,209,retrograde,direct,2376131.016682904
214.19536876777747,574.1953687677775,574,direct,retrograde,2376339.2276956253
211.4199232775898,211.4199232775898,211,retrograde,direct,2376498.4684122168
216.37244961795554,576.3724496179556,576,direct,retrograde,2376706.6873563007
213.59647306122153,213.59647306122153,213,retrograde,direct,2376865.966627313
218.54791245612518,578.5479124561252,578,direct,retrograde,2377074.1278077597
215.77126700181833,215.77126700181833,215,retrograde,direct,2377233.464596223
220.72135466249136,580.7213546624914,580,direct,retrograde,2377441.581983488
217.9442953587166,217.9442953587166,217,retrograde,direct,2377601.015894778
222.89382322695153,582.8938232269516,582,direct,retrograde,2377809.005518173
220.11689474080268,220.11689474080268,220,retrograde,direct,2377968.460417986
225.06592764087196,585.0659276408719,585,direct,retrograde,2378176.409812103
222.2900343068004,222.2900343068004,222,retrograde,direct,2378336.0344976224
227.23935701824485,587.2393570182448,587,direct,retrograde,2378543.8884622967
224.46483914460185,224.46483914460185,224,retrograde,direct,2378703.485469225
229.41494887412605,589.414948874126,589,direct,retrograde,2378911.237587467
226.64233519758355,226.64233519758355,226,retrograde,direct,2379070.997431812
231.59305424294172,591.5930542429417,591,direct,retrograde,2379278.6763778143
228.8220067195706,228.8220067195706,228,retrograde,direct,2379438.432812255
233.7735992899663,593.7735992899663,593,direct,retrograde,2379646.073687938
231.00384980115925,231.00384980115925,231,retrograde,direct,2379805.8575053625
235.955821027061,595.955821027061,595,direct,retrograde,2380013.5415426977
233.18688201034647,233.18688201034647,233,retrograde,direct,2380173.347908181
238.1392598763072,598.1392598763072,598,direct,retrograde,2380380.9997901134
235.37050903213523,235.37050903213523,235,retrograde,direct,2380540.8055217024
240.322550720379,600.322550720379,600,direct,retrograde,2380748.4653103165
237.55337431201698,237.55337431201698,237,retrograde,direct,2380908.319595496
242.50499747743856,602.5049974774386,602,direct,retrograde,2381115.9301079493
239.73479890724073,239.73479890724073,239,retrograde,direct,2381275.788369341
244.6852279023716,604.6852279023716,604,direct,retrograde,2381483.361263601
241.91378537112996,241.91378537112996,241,retrograde,direct,2381643.383430641
246.8633687146125,606.8633687146125,606,direct,retrograde,2381850.8505131844
244.09040876457757,244.09040876457757,244,retrograde,direct,2382010.8666301034
249.03935571669254,609.0393557166925,609,direct,retrograde,2382218.2055284195
246.2654530221824,246.2654530221824,246,retrograde,direct,2382378.402379133
251.21407348183297,611.214073481833,611,direct,retrograde,2382585.6515258886
248.4398281280961,248.4398281280961,248,retrograde,direct,2382745.868965635
253.38938955729705,613.389389557297,613,direct,retrograde,2382953.0555888824
250.6156557596067,250.6156557596067,250,retrograde,direct,2383113.3203973267
255.56634942915582,615.5663494291558,615,direct,retrograde,2383320.5191995287
252.79359341496018,252.79359341496018,252,retrograde,direct,2383480.7934247367
257.7462570316281,617.7462570316281,617,direct,retrograde,2383687.993293016
254.97462093270886,254.97462093270886,254,retrograde,direct,2383848.203064834
259.92912676867513,619.9291267686751,619,direct,retrograde,2384055.473459404
257.15862941644326,257.15862941644326,257,retrograde,direct,2384215.673436364
262.1153493166439,622.1153493166439,622,direct,retrograde,2384422.982075135
259.3457348335934,259.3457348335934,259,retrograde,direct,2384583.1137263514
264.3041714678922,624.3041714678923,624,direct,retrograde,2384790.474336777
261.53511548651943,261.53511548651943,261,retrograde,direct,2384950.6797134224
266.4952005227224,626.4952005227224,626,direct,retrograde,2385158.015012931
263.7257924354798,263.7257924354798,263,retrograde,direct,2385318.1459546518
268.6868917078423,628.6868917078423,628,direct,retrograde,2385525.4097149177
265.91678654868997,265.91678654868997,265,retrograde,direct,2385685.6836101515
270.8782648965317,630.8782648965316,630,direct,retrograde,2385892.89089067
268.10669928077056,268.10669928077056,268,retrograde,direct,2386053.20125373
273.0685758081859,633.0685758081859,633,direct,retrograde,2386260.3169567585
270.29510981142045,270.29510981142045,270,retrograde,direct,2386420.7012589006
275.2568459640099,635.2568459640099,635,direct,retrograde,2386627.7470373176
272.4814758044065,272.4814758044065,272,retrograde,direct,2386788.193290625
277.4438703562744,637.4438703562744,637,direct,retrograde,2386995.1876875646
274.6670198032752,274.6670198032752,274,retrograde,direct,2387155.610588557
279.63019579503185,639.6301957950318,639,direct,retrograde,2387362.6460087113
276.8525784373071,276.8525784373071,276,retrograde,direct,2387523.0740970075
281.8174281931355,641.8174281931356,641,direct,retrograde,2387730.1717808545
279.03952842439776,279.03952842439776,279,retrograde,direct,2387890.50456604
284.0061085346273,644.0061085346273,644,direct,retrograde,2388097.6718807034
281.2284020313973,281.2284020313973,281,retrograde,direct,2388258.015805469
286.1972135460996,646.1972135460996,646,direct,retrograde,2388465.2241176786
283.4198013120017,283.4198013120017,283,retrograde,direct,2388625.435432991
288.39115830088946,648.3911583008894,648,direct,retrograde,2388832.6838783734
285.6143808081479,285.6143808081479,285,retrograde,direct,2388992.9598862343
290.58803491447196,650.588034914472,650,direct,retrograde,2389200.237814336
287.8114917425651,287.8114917425651,287,retrograde,direct,2389360.4619032573
292.787769292475,652.787769292475,652,direct,retrograde,2389567.7124256603
290.0111552707278,290.0111552707278,290,retrograde,direct,2389727.9483994003
294.989432781786,654.989432781786,654,direct,retrograde,2389935.1905619726
292.21226437714824,292.21226437714824,292,retrograde,direct,2390095.4480401687
297.19256063783354,657.1925606378336,657,direct,retrograde,2390302.657295581
294.4142074191892,294.4142074191892,294,retrograde,direct,2390462.883278054
299.39578405161245,659.3957840516125,659,direct,retrograde,2390670.1370602064
296.615773437312,296.615773437312,296,retrograde,direct,2390830.3666240564
301.5988229278943,661.5988229278943,661,direct,retrograde,2391037.6660465114
298.816914989167,298.816914989167,298,retrograde,direct,2391197.8029169478
303.80129992730235,663.8012999273024,663,direct,retrograde,2391405.165458344
301.0179055408972,301.0179055408972,301,retrograde,direct,2391565.2984976172
306.004430829547,666.004430829547,666,direct,retrograde,2391772.7269303836
303.219947883245,303.219947883245,303,retrograde,direct,2391932.702243956
308.2088665666487,668.2088665666487,668,direct,retrograde,2392140.221475102
305.4240746104693,305.4240746104693,305,retrograde,direct,2392300.2254827432
310.4154251801601,670.4154251801601,670,direct,retrograde,2392507.8267518813
307.63059433676324,307.63059433676324,307,retrograde,direct,2392667.7247667704
312.6252015596944,672.6252015596945,672,direct,retrograde,2392875.329503148
309.84073031832526,309.84073031832526,309,retrograde,direct,2393035.200088503
314.8381409401667,674.8381409401667,674,direct,retrograde,2393242.833667524
312.0541532790882,312.0541532790882,312,retrograde,direct,2393402.7058535675
317.05476997641284,677.0547699764129,677,direct,retrograde,2393610.3473140206
314.2710143343253,314.2710143343253,314,retrograde,direct,2393770.1522142105
319.2743678874098,679.2743678874099,679,direct,retrograde,2393977.858200306
316.4904754779893,316.4904754779893,316,retrograde,direct,2394137.653059315
321.49649676312646,681.4964967631265,681,direct,retrograde,2394345.379819249
318.711763351039,318.711763351039,318,retrograde,direct,2394505.075620231
323.71978005581195,683.719780055812,683,direct,retrograde,2394712.8691026345
320.93358911107674,320.93358911107674,320,retrograde,direct,2394872.562418144
325.94317254935794,685.943172549358,685,direct,retrograde,2395080.450411845
323.1546313247905,323.1546313247905,323,retrograde,direct,2395239.981890239
328.16530339212017,688.1653033921202,688,direct,retrograde,2395447.9535687417
325.37436740296374,325.37436740296374,325,retrograde,direct,2395607.508561817
330.3861356106877,690.3861356106877,690,direct,retrograde,2395815.564249956
327.59274705454095,327.59274705454095,327,retrograde,direct,2395975.001277264
332.6063314719436,692.6063314719436,692,direct,retrograde,2396183.063174624
329.8110677331483,329.8110677331483,329,retrograde,direct,2396342.4819997065
334.82638262090654,694.8263826209065,694,direct,retrograde,2396550.6216749325
332.0299336379589,332.0299336379589,332,retrograde,direct,2396710.003071051
337.047917966003,697.0479179660031,697,direct,retrograde,2396918.1667366736
334.25089398754426,334.25089398754426,334,retrograde,direct,2397077.46435785
339.27158345271806,699.271583452718,699,direct,retrograde,2397285.6831248654
336.4746274646864,336.4746274646864,336,retrograde,direct,2397444.9706107145
341.49871825272044,701.4987182527204,701,direct,retrograde,2397653.211648655
338.702022337835,338.702022337835,338,retrograde,direct,2397812.3781015845
343.7294405212334,703.7294405212334,703,direct,retrograde,2398020.709209781
340.9332001922732,340.9332001922732,340,retrograde,direct,2398179.841645647
345.96410968552976,705.9641096855298,705,direct,retrograde,2398388.312977787
343.1679731173921,343.1679731173921,343,retrograde,direct,2398547.2312852535
348.2022449760234,708.2022449760234,708,direct,retrograde,2398755.835258049
345.40599898100504,345.40599898100504,345,retrograde,direct,2398914.735979338
350.4429204232119,710.442920423212,710,direct,retrograde,2399123.468645286
347.64549711284513,347.64549711284513,347,retrograde,direct,2399282.2112504654
352.68461312435335,712.6846131243533,712,direct,retrograde,2399490.9881366864
349.8854782779991,349.8854782779991,349,retrograde,direct,2399649.6740342565
354.9256162101856,714.9256162101856,714,direct,retrograde,2399858.601303652
352.1242960277217,352.1242960277217,352,retrograde,direct,2400017.238418921
357.16547671837037,717.1654767183704,717,direct,retrograde,2400226.1766367974
354.36169415078496,354.36169415078496,354,retrograde,direct,2400384.7401276333
359.40356516653264,719.4035651665326,719,direct,retrograde,2400593.6932580285
356.5976031921552,356.5976031921552,356,retrograde,direct,2400752.2816127194
1.6405260766422975,361.6405260766423,361,direct,retrograde,2400961.221331222
358.8327134415525,358.8327134415525,358,retrograde,direct,2401119.721517018
3.876668119557524,363.8766681195575,363,direct,retrograde,2401328.716522812
1.067755659359725,1.067755659359725,1,retrograde,direct,2401487.220682889
6.113450003695891,366.1134500036959,366,direct,retrograde,2401696.286735695
3.3037667238679043,3.3037667238679043,3,retrograde,direct,2401854.6352762235
8.351401534392066,368.35140153439204,368,direct,retrograde,2402063.7583715133
5.541680764546369,5.541680764546369,5,retrograde,direct,2402222.1135030054
10.59143241273576,370.59143241273574,370,direct,retrograde,2402431.367300884
7.781829934611413,7.781829934611413,7,retrograde,direct,2402589.5422746353
12.834361902883916,372.8343619028839,372,direct,retrograde,2402798.8950451314
10.025352594853453,10.025352594853453,10,retrograde,direct,2402956.9804222574
15.080259998709971,375.08025999870995,375,direct,retrograde,2403166.5278614135
12.271650117724278,12.271650117724278,12,retrograde,direct,2403324.5178035833
17.32911923565476,377.32911923565473,377,direct,retrograde,2403534.1164630745
14.520380933933533,14.520380933933533,14,retrograde,direct,2403691.9977209577
19.57944081588346,379.57944081588346,379,direct,retrograde,2403901.689764985
16.77019183273766,16.77019183273766,16,retrograde,direct,2404059.5463464446
21.8303489109486,381.8303489109486,381,direct,retrograde,2404269.2649614103
19.01996704474823,19.01996704474823,19,retrograde,direct,2404427.009547378
24.080631491299272,384.0806314912993,384,direct,retrograde,2404636.803794006
21.268964887936672,21.268964887936672,21,retrograde,direct,2404794.5424590968
26.33013153620718,386.3301315362072,386,direct,retrograde,2405004.350915488
23.51677849562578,23.51677849562578,23,retrograde,direct,2405161.990806604
28.578282078559706,388.5782820785597,388,direct,retrograde,2405371.8007127456
25.763845373061546,25.763845373061546,25,retrograde,direct,2405529.478156455
30.825932578974292,390.8259325789743,390,direct,retrograde,2405739.388556605
28.01047415784475,28.01047415784475,28,retrograde,direct,2405896.90283229
33.07356734774492,393.0735673477449,393,direct,retrograde,2406106.8669854915
30.257764960704176,30.257764960704176,30,retrograde,direct,2406264.335038515
35.32161145848009,395.3216114584801,395,direct,retrograde,2406474.45862428
32.50581497036489,32.50581497036489,32,retrograde,direct,2406631.867236037
37.57109585558478,397.57109585558476,397,direct,retrograde,2406842.002173733
34.75572298728002,34.75572298728002,34,retrograde,direct,2406999.321177068
39.82216240838311,399.8221624083831,399,direct,retrograde,2407209.590663202
37.0077864174797,37.0077864174797,37,retrograde,direct,2407366.8490761397
42.07567335585478,402.0756733558548,402,direct,retrograde,2407577.205577325
39.26205537481538,39.26205537481538,39,retrograde,direct,2407734.3245165013
44.33090616568503,404.330906165685,404,direct,retrograde,2407944.776853241
41.51778552559493,41.51778552559493,41,retrograde,direct,2408101.888195385
46.58709251815909,406.58709251815907,406,direct,retrograde,2408312.3392735496
43.77362999579189,43.77362999579189,43,retrograde,direct,2408469.3484185003
48.84262238903276,408.8426223890328,408,direct,retrograde,2408679.836915711
46.028579066062896,46.028579066062896,46,retrograde,direct,2408836.8683519727
51.096627531407016,411.096627531407,411,direct,retrograde,2409047.422875086
48.28104358236007,48.28104358236007,48,retrograde,direct,2409204.3325291984
53.34802863051197,413.348028630512,413,direct,retrograde,2409414.8627507826
50.530997493468796,50.530997493468796,50,retrograde,direct,2409571.796985548
55.59665715512033,415.59665715512034,415,direct,retrograde,2409782.4044351093
52.77814868258685,52.77814868258685,52,retrograde,direct,2409939.3204864664
57.84304827535359,417.84304827535357,417,direct,retrograde,2410149.890250191
55.02337935669239,55.02337935669239,55,retrograde,direct,2410306.762454302
60.0874959710562,420.0874959710562,420,direct,retrograde,2410517.4452595003
57.26733847423971,57.26733847423971,57,retrograde,direct,2410674.2970621055
62.33121292696442,422.33121292696444,422,direct,retrograde,2410885.0145767387
59.5109819787968,59.5109819787968,59,retrograde,direct,2411041.776872933
64.57468404979879,424.5746840497988,424,direct,retrograde,2411252.5554899555
61.75532881309607,61.75532881309607,61,retrograde,direct,2411409.335386429
66.81944816896484,426.81944816896487,426,direct,retrograde,2411620.1247178745
64.0013488223159,64.0013488223159,64,retrograde,direct,2411776.783232848
69.06588788052493,429.06588788052494,429,direct,retrograde,2411987.6531507727
66.24956932390418,66.24956932390418,66,retrograde,direct,2412144.3018645328
71.31452281306179,431.3145228130618,431,direct,retrograde,2412355.2510372065
68.49938970776228,68.49938970776228,68,retrograde,direct,2412511.7581159435
73.56452320623322,433.5645232062332,433,direct,retrograde,2412722.692780439
70.75041064454486,70.75041064454486,70,retrograde,direct,2412879.2224656763
75.81464108252509,435.8146410825251,435,direct,retrograde,2413090.223193026
73.0006323187562,73.0006323187562,73,retrograde,direct,2413246.7251886763
78.06370496170045,438.06370496170047,438,direct,retrograde,2413457.698097989
75.24903704058633,75.24903704058633,75,retrograde,direct,2413614.1333885603
80.3100441176642,440.31004411766423,440,direct,retrograde,2413825.196444761
77.49449299813578,77.49449299813578,77,retrograde,direct,2413981.688009496
82.55328099297526,442.55328099297526,442,direct,retrograde,2414192.695254636
79.7364326532256,79.7364326532256,79,retrograde,direct,2414349.1740146987
84.792795945939,444.792795945939,444,direct,retrograde,2414560.1903291754
81.97498383445304,81.97498383445304,81,retrograde,direct,2414716.738330421
87.02904469028398,447.02904469028397,447,direct,retrograde,2414927.7341880156
84.21026376439845,84.21026376439845,84,retrograde,direct,2415084.2041435633
89.26196717151778,449.26196717151777,449,direct,retrograde,2415295.241433816
86.4431303476477,86.4431303476477,86,retrograde,direct,2415451.7667609863
91.49294977103723,451.4929497710372,451,direct,retrograde,2415662.789125855
88.67444628862059,88.67444628862059,88,retrograde,direct,2415819.26007115
93.72286566756209,453.7228656675621,453,direct,retrograde,2416030.233632842
90.9057985693524,90.9057985693524,90,retrograde,direct,2416186.7308906885
95.95299967948709,455.9529996794871,455,direct,retrograde,2416397.7756115533
93.13769343058165,93.13769343058165,93,retrograde,direct,2416554.2105027884
98.18452421099242,458.18452421099244,458,direct,retrograde,2416765.2410814585
95.37114585910783,95.37114585910783,95,retrograde,direct,2416921.60618941
100.41721678182773,460.41721678182773,460,direct,retrograde,2417132.7235149704
97.60570616207802,97.60570616207802,97,retrograde,direct,2417289.1365312375
102.65102658704117,462.6510265870412,462,direct,retrograde,2417500.206204812
99.84060275560283,99.84060275560283,99,retrograde,direct,2417656.5821259236
104.884442464079,464.88444246407903,464,direct,retrograde,2417867.6886409465
102.07473492664353,102.07473492664353,102,retrograde,direct,2418024.125662978
107.11666296159419,467.1166629615942,467,direct,retrograde,2418235.2165748337
104.30702995229326,104.30702995229326,104,retrograde,direct,2418391.591430803
109.34665899641031,469.3466589964103,469,direct,retrograde,2418602.7106873244
106.53714195578814,106.53714195578814,106,retrograde,direct,2418759.176138281
111.57420768941526,471.5742076894153,471,direct,retrograde,2418970.228957113
108.7642410499031,108.7642410499031,108,retrograde,direct,2419126.695132184
113.7986478998938,473.7986478998938,473,direct,retrograde,2419337.668190157
110.98867225706374,110.98867225706374,110,retrograde,direct,2419494.1919888705
116.02024285563697,476.020242855637,476,direct,retrograde,2419705.203110409
113.21033555364372,113.21033555364372,113,retrograde,direct,2419861.7063218765
118.23963499525249,478.23963499525246,478,direct,retrograde,2420072.6263457797
115.4302590606641,115.4302590606641,115,retrograde,direct,2420229.1165388934
120.45723198216697,480.45723198216695,480,direct,retrograde,2420440.053661977
117.64913747193242,117.64913747193242,117,retrograde,direct,2420596.6471175067
122.67449659789969,482.6744965978997,482,direct,retrograde,2420807.495400112
119.86791440402199,119.86791440402199,119,retrograde,direct,2420964.050123282
124.89182474611106,484.89182474611107,484,direct,retrograde,2421174.942500215
122.08726549396677,122.08726549396677,122,retrograde,direct,2421331.542889109
127.1100463525398,487.1100463525398,487,direct,retrograde,2421542.435684366
124.30713106519497,124.30713106519497,124,retrograde,direct,2421698.999081498
129.32832516630955,489.3283251663096,489,direct,retrograde,2421909.887910111
126.52672858573426,126.52672858573426,126,retrograde,direct,2422066.561343802
131.54584922470494,491.54584922470497,491,direct,retrograde,2422277.402412246
128.7447570883466,128.7447570883466,128,retrograde,direct,2422434.067213917
133.76150636870088,493.7615063687009,493,direct,retrograde,2422644.8500593193
130.96082415038146,130.96082415038146,130,retrograde,direct,2422801.5879058056
135.97447684800724,495.97447684800727,495,direct,retrograde,2423012.3730109287
133.17365207207106,133.17365207207106,133,retrograde,direct,2423169.1403429154
138.18442331768784,498.18442331768784,498,direct,retrograde,2423379.782847899
135.38319547625275,135.38319547625275,135,retrograde,direct,2423536.5964997746
140.39063887901915,500.39063887901915,500,direct,retrograde,2423747.202605838
137.58911156528987,137.58911156528987,137,retrograde,direct,2423904.14223398
142.5936885345497,502.5936885345497,502,direct,retrograde,2424114.6167481076
139.7918161244376,139.7918161244376,139,retrograde,direct,2424271.5563230217
144.79373235026125,504.7937323502613,504,direct,retrograde,2424482.0152252577
141.99219258617046,141.99219258617046,141,retrograde,direct,2424639.0500424765
146.99199100000817,506.99199100000817,506,direct,retrograde,2424849.4594536917
144.19110011420383,144.19110011420383,144,retrograde,direct,2425006.4962385884
149.18925087039221,509.18925087039224,509,direct,retrograde,2425216.870307061
146.38999420345513,146.38999420345513,146,retrograde,direct,2425374.021662973
151.3871498924011,511.3871498924011,511,direct,retrograde,2425584.3667737516
148.58985642535418,148.58985642535418,148,retrograde,direct,2425741.4881250383
153.58632781216994,513.5863278121699,513,direct,retrograde,2425951.810803348
150.7914217214154,150.7914217214154,150,retrograde,direct,2426108.99674737
155.78675217221556,515.7867521722155,515,direct,retrograde,2426319.34557363
152.9937007624796,152.9937007624796,152,retrograde,direct,2426476.5490148477
157.98797347066784,517.9879734706678,517,direct,retrograde,2426686.7632955723
155.19629799297667,155.19629799297667,155,retrograde,direct,2426844.0222912086
160.18845709802176,520.1884570980218,520,direct,retrograde,2427054.187646148
157.39781121591668,157.39781121591668,157,retrograde,direct,2427211.566753842
162.38775177285842,522.3877517728585,522,direct,retrograde,2427421.6238018684
159.5973234625694,159.5973234625694,159,retrograde,direct,2427578.994491728
164.58445228182623,524.5844522818262,524,direct,retrograde,2427788.9915699176
161.79387124850376,161.79387124850376,161,retrograde,direct,2427946.510451976
166.7779283274159,526.7779283274159,526,direct,retrograde,2428156.391559746
163.98663608970458,163.98663608970458,163,retrograde,direct,2428313.9638308035
168.9676617327131,528.9676617327132,528,direct,retrograde,2428523.747090511
166.1757624774382,166.1757624774382,166,retrograde,direct,2428681.468032277
171.1537479164813,531.1537479164813,531,direct,retrograde,2428891.206616468
168.36117858252132,168.36117858252132,168,retrograde,direct,2429048.926063698
173.33660088580493,533.336600885805,533,direct,retrograde,2429258.602596908
170.54418247300438,170.54418247300438,170,retrograde,direct,2429416.443240165
175.51736477287122,535.5173647728712,535,direct,retrograde,2429626.0941993613
172.7258384351572,172.7258384351572,172,retrograde,direct,2429783.991645097
177.69784923012406,537.6978492301241,537,direct,retrograde,2429993.503586998
174.9081017910699,174.9081017910699,174,retrograde,direct,2430151.4547292395
179.87908672096995,539.87908672097,539,direct,retrograde,2430360.939118388
177.0917569571282,177.0917569571282,177,retrograde,direct,2430518.988994697
182.0623045824518,542.0623045824518,542,direct,retrograde,2430728.3891145177
179.27715976944495,179.27715976944495,179,retrograde,direct,2430886.420244757
184.24709567723178,544.2470956772318,544,direct,retrograde,2431095.7655660883
181.464118958004,181.464118958004,181,retrograde,direct,2431253.9333124952
186.43342970291388,546.4334297029138,546,direct,retrograde,2431463.1903521484
183.65197884954614,183.65197884954614,183,retrograde,direct,2431621.367126895
188.62034999504218,548.6203499950421,548,direct,retrograde,2431830.5523221334
185.83997725024105,185.83997725024105,185,retrograde,direct,2431988.845952317
190.8069545918053,550.8069545918053,550,direct,retrograde,2432198.017578285
188.02691496154577,188.02691496154577,188,retrograde,direct,2432356.282169495
192.99244581094516,552.9924458109451,552,direct,retrograde,2432565.4188813902
190.21248636214236,190.21248636214236,190,retrograde,direct,2432723.8114365283
195.17588181449062,555.1758818144906,555,direct,retrograde,2432932.9008180425
192.39548841917585,192.39548841917585,192,retrograde,direct,2433091.365936932
197.3570493214413,557.3570493214413,557,direct,retrograde,2433300.305790283
194.5761051652968,194.5761051652968,194,retrograde,direct,2433458.837089937
199.5353715981845,559.5353715981845,559,direct,retrograde,2433667.7282945774
196.75432786783645,196.75432786783645,196,retrograde,direct,2433826.411186857
201.71193994471176,561.7119399447117,561,direct,retrograde,2434035.1865907926
198.93120539483422,198.93120539483422,198,retrograde,direct,2434193.8916258216
203.88767267325156,563.8876726732516,563,direct,retrograde,2434402.5395814423
201.10814828932584,201.10814828932584,201,retrograde,direct,2434561.4257300235
206.06387210057218,566.0638721005722,566,direct,retrograde,2434769.95088196
203.28575893930395,203.28575893930395,203,retrograde,direct,2434928.856374396
208.2411046407605,568.2411046407606,568,direct,retrograde,2435137.3041917803
205.46464489632743,205.46464489632743,205,retrograde,direct,2435296.3183417423
210.4197365568592,570.4197365568592,570,direct,retrograde,2435504.771750495
207.64459679307438,207.64459679307438,207,retrograde,direct,2435663.7555098077
212.59952930390904,572.5995293039091,572,direct,retrograde,2435872.1608124766
209.82545596239115,209.82545596239115,209,retrograde,direct,2436031.242747154
214.77963823321085,574.7796382332108,574,direct,retrograde,2436239.6362992898
212.00605635068365,212.00605635068365,212,retrograde,direct,2436398.7447149595
216.95974424648517,576.9597442464851,576,direct,retrograde,2436607.06715896
214.18622734510112,214.18622734510112,214,retrograde,direct,2436766.202525206
219.1386443211349,579.138644321135,579,direct,retrograde,2436974.505440954
216.36496476292356,216.36496476292356,216,retrograde,direct,2437133.788525057
221.3162549974261,581.3162549974261,581,direct,retrograde,2437341.981320073
218.5418378348758,218.5418378348758,218,retrograde,direct,2437501.2836942747
223.4917169110317,583.4917169110317,583,direct,retrograde,2437709.3382708644
220.71648569569393,220.71648569569393,220,retrograde,direct,2437868.841483631
225.6649599177803,585.6649599177803,585,direct,retrograde,2438076.7533625616
222.8889464597617,222.8889464597617,222,retrograde,direct,2438236.3010277497
227.8367393709019,587.8367393709019,587,direct,retrograde,2438444.103243974
225.06062416302228,225.06062416302228,225,retrograde,direct,2438603.791916797
230.0080818458095,590.0080818458096,590,direct,retrograde,2438811.557475893
227.23240085449387,227.23240085449387,227,retrograde,direct,2438971.2357598953
232.18036901150325,592.1803690115032,592,direct,retrograde,2439178.946057314
229.40579871192432,229.40579871192432,229,retrograde,direct,2439338.686725498
234.35442328112524,594.3544232811253,594,direct,retrograde,2439546.4214342004
231.58121991975088,231.58121991975088,231,retrograde,direct,2439706.138298317
236.5311531156496,596.5311531156497,596,direct,retrograde,2439913.872121902
233.75937029276452,233.75937029276452,233,retrograde,direct,2440073.5530708246
238.7100806610154,598.7100806610154,598,direct,retrograde,2440281.347501396
235.93962401778364,235.93962401778364,235,retrograde,direct,2440441.121397255
240.89118802925933,600.8911880292593,600,direct,retrograde,2440648.8760503978
238.121363015637,238.121363015637,238,retrograde,direct,2440808.5983507447
243.0733502239905,603.0733502239905,603,direct,retrograde,2441016.2553812973
240.3039137320192,240.3039137320192,240,retrograde,direct,2441176.134890004
245.25589456978534,605.2558945697854,605,direct,retrograde,2441383.721229477
242.48618574378847,242.48618574378847,242,retrograde,direct,2441543.631479254
247.43784910070698,607.437849100707,607,direct,retrograde,2441751.1053220406
244.66729235503288,244.66729235503288,244,retrograde,direct,2441911.1706468463
249.61801003352357,609.6180100335235,609,direct,retrograde,2442118.555119943
246.84598637587584,246.84598637587584,246,retrograde,direct,2442278.6509378217
251.7960131758745,611.7960131758745,611,direct,retrograde,2442485.9177552965
249.0225053186348,249.0225053186348,249,retrograde,direct,2442646.119994943
253.9716888118411,613.9716888118411,613,direct,retrograde,2442853.3606282957
251.1969705136481,251.1969705136481,251,retrograde,direct,2443013.5856226766
256.1463441043985,616.1463441043985,616,direct,retrograde,2443220.8164016455
253.3710775013362,253.3710775013362,253,retrograde,direct,2443381.0045887567
258.32084711548737,618.3208471154874,618,direct,retrograde,2443588.282764663
255.54591214532917,255.54591214532917,255,retrograde,direct,2443748.5373821678
260.4970313334938,620.4970313334939,620,direct,retrograde,2443955.816252161
257.72289468165377,257.72289468165377,257,retrograde,direct,2444115.968607109
262.67586827293695,622.6758682729369,622,direct,retrograde,2444323.23752766
259.9031490665703,259.9031490665703,259,retrograde,direct,2444483.48476417
264.8580382728632,624.8580382728633,624,direct,retrograde,2444690.7556078173
262.0865978839179,262.0865978839179,262,retrograde,direct,2444850.963253188
267.0436510808683,627.0436510808684,627,direct,retrograde,2445058.1930314386
264.2734220844172,264.2734220844172,264,retrograde,direct,2445218.483132233
269.2324446582723,629.2324446582722,629,direct,retrograde,2445425.6855641855
266.4629481923923,266.4629481923923,266,retrograde,direct,2445585.9581016637
271.42395744217856,631.4239574421786,631,direct,retrograde,2445793.086400888
268.65469026020764,268.65469026020764,268,retrograde,direct,2445953.4259022865
273.61686388462255,633.6168638846225,633,direct,retrograde,2446160.5598246343
270.84703318419014,270.84703318419014,270,retrograde,direct,2446320.8860308165
275.8103507208163,635.8103507208164,635,direct,retrograde,2446528.0357628996
273.0392421784359,273.0392421784359,273,retrograde,direct,2446688.3184296153
278.00280799512973,638.0028079951297,638,direct,retrograde,2446895.5083729513
275.23007063579325,275.23007063579325,275,retrograde,direct,2447055.8483953876
280.1942760638899,640.1942760638899,640,direct,retrograde,2447263.0533675766
277.4196292493688,277.4196292493688,277,retrograde,direct,2447423.263049663
282.3845591944405,642.3845591944405,642,direct,retrograde,2447630.4828142924
279.60860292126296,279.60860292126296,279,retrograde,direct,2447790.786369048
284.5743839369904,644.5743839369904,644,direct,retrograde,2447998.038447786
281.7975887895934,281.7975887895934,281,retrograde,direct,2448158.2751829214
286.7651781077757,646.7651781077757,646,direct,retrograde,2448365.507822211
283.9882155804913,283.9882155804913,283,retrograde,direct,2448525.80038084
288.95762842455775,648.9576284245577,648,direct,retrograde,2448733.009907428
286.18078581294577,286.18078581294577,286,retrograde,direct,2448893.2741623335
291.15252737897805,651.152527378978,651,direct,retrograde,2449100.4390653744
288.3760489237179,288.3760489237179,288,retrograde,direct,2449260.755788722
293.34994422113016,653.3499442211302,653,direct,retrograde,2449467.9421392996
290.5737651610187,290.5737651610187,290,retrograde,direct,2449628.2412110083
295.55033780053253,655.5503378005326,655,direct,retrograde,2449835.426502852
292.77420316794684,292.77420316794684,292,retrograde,direct,2449995.6636754703
297.7530238462738,657.7530238462738,657,direct,retrograde,2450202.9110336676
294.97659594987346,294.97659594987346,294,retrograde,direct,2450363.162906782
299.9577335183657,659.9577335183658,659,direct,retrograde,2450570.472307604
297.18021081898047,297.18021081898047,297,retrograde,direct,2450730.5613343082
302.1630737047518,662.1630737047518,662,direct,retrograde,2450937.9437562646
299.3841738454194,299.3841738454194,299,retrograde,direct,2451098.0853341147
304.3684177368137,664.3684177368136,664,direct,retrograde,2451305.5352195874
301.58749911523034,301.58749911523034,301,retrograde,direct,2451465.566101252
306.5732013534484,666.5732013534484,666,direct,retrograde,2451673.020912487
303.79015563792433,303.79015563792433,303,retrograde,direct,2451833.0914013414
308.77711292627623,668.7771129262762,668,direct,retrograde,2452040.5506517086
305.99219124035375,305.99219124035375,305,retrograde,direct,2452200.575645458
310.9811586437094,670.9811586437095,670,direct,retrograde,2452408.007232828
308.1950708138561,308.1950708138561,308,retrograde,direct,2452568.078015615
313.18615196885264,673.1861519688526,673,direct,retrograde,2452775.532020713
310.39945855403687,310.39945855403687,310,retrograde,direct,2452935.578978831
315.39352962957486,675.3935296295749,675,direct,retrograde,2453143.008920829
312.6066577679135,312.6066577679135,312,retrograde,direct,2453302.996966522
317.6035309707453,677.6035309707453,677,direct,retrograde,2453510.482815545
314.8168936681419,314.8168936681419,314,retrograde,direct,2453670.474720369
319.81706848003824,679.8170684800382,679,direct,retrograde,2453878.0453545265
317.030603159895,317.030603159895,317,retrograde,direct,2454037.830402296
322.0341329588169,682.0341329588168,682,direct,retrograde,2454245.5474111224
319.2480533005892,319.2480533005892,319,retrograde,direct,2454405.3378980905
324.2546528453699,684.25465284537,684,direct,retrograde,2454613.176801146
321.46824973310373,321.46824973310373,321,retrograde,direct,2454772.7764724568
326.4778325244896,686.4778325244896,686,direct,retrograde,2454980.6875459254
323.6907360815408,323.6907360815408,323,retrograde,direct,2455140.256696592
328.7024637926122,688.7024637926122,688,direct,retrograde,2455348.2834531786
325.91400242534746,325.91400242534746,325,retrograde,direct,2455507.7527438477
330.92746340130475,690.9274634013047,690,direct,retrograde,2455715.810936179
328.1370582506052,328.1370582506052,328,retrograde,direct,2455875.287491124
333.15143949419087,693.1514394941909,693,direct,retrograde,2456083.377849738
330.35860891041915,330.35860891041915,330,retrograde,direct,2456242.8282463457
335.3742295925257,695.3742295925257,695,direct,retrograde,2456450.8506318135
332.57904449909836,332.57904449909836,332,retrograde,direct,2456610.279312172
337.5956745458721,697.595674545872,697,direct,retrograde,2456818.3261191025
334.79873599670873,334.79873599670873,334,retrograde,direct,2456977.7954751607
339.81736966282705,699.8173696628271,699,direct,retrograde,2457185.880217311
337.01904475278303,337.01904475278303,337,retrograde,direct,2457345.1879036715
342.039957332561,702.039957332561,702,direct,retrograde,2457553.3627588972
339.241090465901,339.241090465901,339,retrograde,direct,2457712.6930186627
344.2646531942158,704.2646531942157,704,direct,retrograde,2457920.9653415345
341.46556526065837,341.46556526065837,341,retrograde,direct,2458080.0974656753
346.4925359573348,706.4925359573348,706,direct,retrograde,2458288.476867835
343.69391659031476,343.69391659031476,343,retrograde,direct,2458447.547394138
348.7241962557623,708.7241962557623,708,direct,retrograde,2458656.108370224
345.9261523610596,345.9261523610596,345,retrograde,direct,2458815.022424886
350.96010982015423,710.9601098201542,710,direct,retrograde,2459023.689049002
348.16262512952613,348.16262512952613,348,retrograde,direct,2459182.5254279673
353.1998071844856,713.1998071844856,713,direct,retrograde,2459391.3067562683
350.40246585712873,350.40246585712873,350,retrograde,direct,2459550.0574863898
355.44266492728144,715.4426649272814,715,direct,retrograde,2459758.8297816943
352.64492088870674,352.64492088870674,352,retrograde,direct,2459917.510570037
357.6870227901867,717.6870227901867,717,direct,retrograde,2460126.379563909
354.8882119469192,354.8882119469192,354,retrograde,direct,2460285.0570292585
359.9318931180106,719.9318931180105,719,direct,retrograde,2460493.9448345955
357.1310326165531,357.1310326165531,357,retrograde,direct,2460652.488132403
2.1755368757352453,362.17553687573525,362,direct,retrograde,2460861.3979676906
359.37265438127963,359.37265438127963,359,retrograde,direct,2461020.016189797
4.418065510178032,364.41806551017805,364,direct,retrograde,2461228.95458721
1.6129239134243898,1.6129239134243898,1,retrograde,direct,2461387.428778711
6.659551044216287,366.6595510442163,366,direct,retrograde,2461596.4453072846
3.852610270623139,3.852610270623139,3,retrograde,direct,2461754.8794067977
8.900322751963035,368.900322751963,368,direct,retrograde,2461964.0446321173
6.091896678355331,6.091896678355331,6,retrograde,direct,2462122.3634951534
11.14130732065314,371.14130732065314,371,direct,retrograde,2462331.590813528
8.332012357881412,8.332012357881412,8,retrograde,direct,2462489.8501407336
13.383013664633614,373.3830136646336,373,direct,retrograde,2462699.187080985
10.573371360724495,10.573371360724495,10,retrograde,direct,2462857.361259616
15.626577016624648,375.62657701662465,375,direct,retrograde,2463066.7584330253
12.817051337652918,12.817051337652918,12,retrograde,direct,2463224.820102851
17.872163167853046,377.87216316785305,377,direct,retrograde,2463434.3634940647
15.063037692525134,15.063037692525134,15,retrograde,direct,2463592.3765207613
20.120459780146913,380.1204597801469,380,direct,retrograde,2463801.934932567
17.311442084926547,17.311442084926547,17,retrograde,direct,2463959.816051647
22.370803537165195,382.3708035371652,382,direct,retrograde,2464169.4380683117
19.561851446889168,19.561851446889168,19,retrograde,direct,2464327.3391191624
24.62267159985229,384.6226715998523,384,direct,retrograde,2464537.0190051356
21.812749548704165,21.812749548704165,21,retrograde,direct,2464694.7722235247
26.874515123727182,386.8745151237272,386,direct,retrograde,2464904.512775101
24.063332739984055,24.063332739984055,24,retrograde,direct,2465062.2387696365
29.125424681114282,389.1254246811143,389,direct,retrograde,2465272.081567254
26.31247973835492,26.31247973835492,26,retrograde,direct,2465429.730209749
31.375052324222516,391.3750523242225,391,direct,retrograde,2465639.5820335336
28.560386767490034,28.560386767490034,28,retrograde,direct,2465797.2082092036
33.62319278079543,393.6231927807954,393,direct,retrograde,2466007.1660848353
30.806970547245648,30.806970547245648,30,retrograde,direct,2466164.7144224755
35.87046801118569,395.8704680111857,395,direct,retrograde,2466374.726339644
33.05320629011775,33.05320629011775,33,retrograde,direct,2466532.192233395
38.11707869868635,398.1170786986863,398,direct,retrograde,2466742.3311081687
35.29942612931808,35.29942612931808,35,retrograde,direct,2466899.763311308
40.3643980715996,400.3643980715996,400,direct,retrograde,2467109.882889201
37.5467328828442,37.5467328828442,37,retrograde,direct,2467267.212029741
42.61259119295233,402.6125911929523,402,direct,retrograde,2467477.41475014
39.79575067182165,39.79575067182165,39,retrograde,direct,2467634.7395707928
44.86266975129022,404.86266975129024,404,direct,retrograde,2467845.0259392653
42.04666103201363,42.04666103201363,42,retrograde,direct,2468002.1781001855
47.11496711177852,407.1149671117785,407,direct,retrograde,2468212.5119875483
44.300117889295336,44.300117889295336,44,retrograde,direct,2468369.649268306
49.3692617408622,409.3692617408622,409,direct,retrograde,2468580.0587768955
46.55497199897952,46.55497199897952,46,retrograde,direct,2468737.1191675067
51.62476724549992,411.6247672454999,411,direct,retrograde,2468947.5520705916
48.810419152756786,48.810419152756786,48,retrograde,direct,2469104.5587773174
53.879845741960175,413.8798457419602,413,direct,retrograde,2469315.124877831
51.064741604042695,51.064741604042695,51,retrograde,direct,2469472.0579106426
56.13338553907812,416.1333855390781,416,direct,retrograde,2469682.63355367
53.31708099653693,53.31708099653693,53,retrograde,direct,2469839.5508751404
58.38426704175275,418.38426704175276,418,direct,retrograde,2470050.191531187
55.56658839295864,55.56658839295864,55,retrograde,direct,2470207.124479696
60.632562284886774,420.6325622848868,420,direct,retrograde,2470417.736015766
57.81337952862139,57.81337952862139,57,retrograde,direct,2470574.5912560355
62.87785314063843,422.8778531406384,422,direct,retrograde,2470785.271992728
60.05793034651084,60.05793034651084,60,retrograde,direct,2470942.1500512883
65.12139227046679,425.1213922704668,425,direct,retrograde,2471152.866027396
62.30094868552224,62.30094868552224,62,retrograde,direct,2471309.629047485
67.36374392493194,427.36374392493195,427,direct,retrograde,2471520.327964277
64.54368399990078,64.54368399990078,64,retrograde,direct,2471677.127011669
69.6059366203551,429.6059366203551,429,direct,retrograde,2471887.878930236
66.78672990105711,66.78672990105711,66,retrograde,direct,2472044.589650736
71.84926167127462,431.84926167127463,431,direct,retrograde,2472255.365969358
69.03162956650925,69.03162956650925,69,retrograde,direct,2472412.01063391
74.09443105734599,434.094431057346,434,direct,retrograde,2472622.9120763913
71.27862797463484,71.27862797463484,71,retrograde,direct,2472779.4781769924
76.3421681323954,436.3421681323954,436,direct,retrograde,2472990.40032031
73.52802687671576,73.52802687671576,73,retrograde,direct,2473146.9395996174
78.5916281337812,438.5916281337812,438,direct,retrograde,2473357.9473877354
75.7785955208426,75.7785955208426,75,retrograde,direct,2473514.4853021465
80.84190848459431,440.84190848459434,440,direct,retrograde,2473725.4898130083
78.02920996551853,78.02920996551853,78,retrograde,direct,2473881.9337458275
83.09119086863599,443.091190868636,443,direct,retrograde,2474093.036459066
80.27854789030154,80.27854789030154,80,retrograde,direct,2474249.5177886775
85.33864813957774,445.33864813957774,445,direct,retrograde,2474460.6158146076
82.52506069100276,82.52506069100276,82,retrograde,direct,2474617.0418168716
87.5828571570118,447.5828571570118,447,direct,retrograde,2474828.0699155442
84.76847724471814,84.76847724471814,84,retrograde,direct,2474984.569745492
89.82355856256248,449.8235585625625,449,direct,retrograde,2475195.6299325638
87.00818803594612,87.00818803594612,87,retrograde,direct,2475352.075698993
92.06084346711985,452.06084346711987,452,direct,retrograde,2475563.0917860316
89.24475446381697,89.24475446381697,89,retrograde,direct,2475719.533387569
94.29477403654079,454.2947740365408,454,direct,retrograde,2475930.5776346438
91.47825659529671,91.47825659529671,91,retrograde,direct,2476087.029014986
96.52626499737259,456.5262649973726,456,direct,retrograde,2476298.0015992336
93.70989935420445,93.70989935420445,93,retrograde,direct,2476454.474489253
98.75596533442531,458.7559653344253,458,direct,retrograde,2476665.496007791
95.94049702533161,95.94049702533161,95,retrograde,direct,2476821.974726093
100.98556895154445,460.98556895154445,460,direct,retrograde,2477032.988814042
98.17145292919567,98.17145292919567,98,retrograde,direct,2477189.39858739
103.21553262685129,463.2155326268513,463,direct,retrograde,2477400.484946887
100.40318900942687,100.40318900942687,100,retrograde,direct,2477556.9566909326
105.44643717247426,465.44643717247425,465,direct,retrograde,2477768.0407366417
102.63534530641972,102.63534530641972,102,retrograde,direct,2477924.449988219
107.6775680846692,467.6775680846692,467,direct,retrograde,2478135.5123749916
104.8677562211151,104.8677562211151,104,retrograde,direct,2478291.970570608
109.90813166725093,469.9081316672509,469,direct,retrograde,2478503.08044641
107.0988617496212,107.0988617496212,107,retrograde,direct,2478659.490700639
112.13724318724108,472.1372431872411,472,direct,retrograde,2478870.539386457
109.32814330312051,109.32814330312051,109,retrograde,direct,2479026.967229992
114.36386817114284,474.3638681711428,474,direct,retrograde,2479238.024528208
111.5546306989394,111.5546306989394,111,retrograde,direct,2479394.4885296104
116.58777852986681,476.5877785298668,476,direct,retrograde,2479605.4321431257
113.77825777611832,113.77825777611832,113,retrograde,direct,2479761.9316855483
118.80858476630617,478.8085847663062,478,direct,retrograde,2479972.896507427
115.99881179878462,115.99881179878462,115,retrograde,direct,2480129.4191209506
121.02671810004794,481.02671810004796,481,direct,retrograde,2480340.326509881
118.21668747439452,118.21668747439452,118,retrograde,direct,2480496.844797964
123.2419968057217,483.24199680572167,483,direct,retrograde,2480707.7571985535
120.4324706125396,120.4324706125396,120,retrograde,direct,2480864.396838408
125.45584706258299,485.45584706258296,485,direct,retrograde,2481075.264687162
122.64714327400121,122.64714327400121,122,retrograde,direct,2481231.8713888936
127.66892716395955,487.66892716395955,487,direct,retrograde,2481442.7056017416
124.86208976588873,124.86208976588873,124,retrograde,direct,2481599.363966029
129.88231259834,489.88231259834004,489,direct,retrograde,2481810.2715318156
127.07742818468287,127.07742818468287,127,retrograde,direct,2481966.897337635
132.09660390828705,492.0966039082871,492,direct,retrograde,2482177.719073807
129.29373538641232,129.29373538641232,129,retrograde,direct,2482334.393205921
134.31114975513557,494.3111497551356,494,direct,retrograde,2482545.2146075834
131.50995011964196,131.50995011964196,131,retrograde,direct,2482701.918406558
136.52547084784777,496.52547084784777,496,direct,retrograde,2482912.6540815793
133.72533681034454,133.72533681034454,133,retrograde,direct,2483069.3604275994
138.7381448785545,498.7381448785545,498,direct,retrograde,2483280.1135061802
135.9385150872536,135.9385150872536,135,retrograde,direct,2483436.865903776
140.9485367387812,500.9485367387812,500,direct,retrograde,2483647.5129965236
138.14884391829514,138.14884391829514,138,retrograde,direct,2483804.3075785227
143.15570582466478,503.1557058246648,503,direct,retrograde,2484014.900959771
140.35595255828488,140.35595255828488,140,retrograde,direct,2484171.8407816924
145.35973948568667,505.35973948568665,505,direct,retrograde,2484382.370123933
142.5593672703335,142.5593672703335,142,retrograde,direct,2484539.298946539
147.56017846835252,507.56017846835255,507,direct,retrograde,2484749.7679204
144.75973122177336,144.75973122177336,144,retrograde,direct,2484906.804641705
149.7576962866586,509.7576962866586,509,direct,retrograde,2485117.285519747
146.95737840190304,146.95737840190304,146,retrograde,direct,2485274.3483660705
151.95326827495387,511.95326827495387,511,direct,retrograde,2485484.6970960777
149.15392795186727,149.15392795186727,149,retrograde,direct,2485641.8498193435
154.14787923034083,514.1478792303408,514,direct,retrograde,2485852.1784643335
151.35032158375566,151.35032158375566,151,retrograde,direct,2486009.37072198
156.34322543684874,516.3432254368488,516,direct,retrograde,2486219.6186563103
153.54799815537015,153.54799815537015,153,retrograde,direct,2486376.8129474493
158.5398858183842,518.5398858183842,518,direct,retrograde,2486587.0705260597
155.74722790904036,155.74722790904036,155,retrograde,direct,2486744.3057694873
160.73853022362624,520.7385302236262,520,direct,retrograde,2486954.472453993
157.94800563902155,157.94800563902155,157,retrograde,direct,2487111.731813088
162.93809069687237,522.9380906968723,522,direct,retrograde,2487321.84499509
160.14928085376772,160.14928085376772,160,retrograde,direct,2487479.230796609
165.13785011084053,525.1378501108405,525,direct,retrograde,2487689.3137285085
162.34976696316846,162.34976696316846,162,retrograde,direct,2487846.647347821
167.33652298635712,527.3365229863571,527,direct,retrograde,2488056.695022623
164.54897926444838,164.54897926444838,164,retrograde,direct,2488214.153405644
169.5331134998245,529.5331134998245,529,direct,retrograde,2488424.189163246
166.74526652552876,166.74526652552876,166,retrograde,direct,2488581.7067491226
171.7268302100283,531.7268302100283,531,direct,retrograde,2488791.5793201216
168.938353246338,168.938353246338,168,retrograde,direct,2488949.2064786833
173.91669994464715,533.9166999446471,533,direct,retrograde,2489159.046203289
171.12752362491332,171.12752362491332,171,retrograde,direct,2489316.76274944
176.10289547038872,536.1028954703887,536,direct,retrograde,2489526.479800269
173.31310373414942,173.31310373414942,173,retrograde,direct,2489684.2628213577
178.2855344309995,538.2855344309995,538,direct,retrograde,2489893.8939723643
175.49570061665105,175.49570061665105,175,retrograde,direct,2490051.8154830104
180.46591256572458,540.4659125657246,540,direct,retrograde,2490261.2767872475
177.67654330964447,177.67654330964447,177,retrograde,direct,2490419.247620769
182.6449201456329,542.6449201456329,542,direct,retrograde,2490628.625341732
179.85705024487442,179.85705024487442,179,retrograde,direct,2490786.7419702075
184.8245181557099,544.8245181557099,544,direct,retrograde,2490996.086025493
182.03831082406657,182.03831082406657,182,retrograde,direct,2491154.145631077
187.00523677357094,547.0052367735709,547,direct,retrograde,2491363.447950556
184.2210333697368,184.2210333697368,184,retrograde,direct,2491521.629406045
189.1872145910632,549.1872145910631,549,direct,retrograde,2491730.9317027004
186.40451345453226,186.40451345453226,186,retrograde,direct,2491889.1184117133
191.37029460737202,551.370294607372,551,direct,retrograde,2492098.335558083
188.5888603075163,188.5888603075163,188,retrograde,direct,2492256.5839426564
193.55349453474258,553.5534945347426,553,direct,retrograde,2492465.8065725965
190.77303267732944,190.77303267732944,190,retrograde,direct,2492624.1324078105
195.73655797863742,555.7365579786374,555,direct,retrograde,2492833.265598338
192.95652471268852,192.95652471268852,192,retrograde,direct,2492991.6334779
197.9182978374459,557.9182978374458,557,direct,retrograde,2493200.679062064
195.13830519591696,195.13830519591696,195,retrograde,direct,2493359.2042537155
200.0982720335839,560.098272033584,560,direct,retrograde,2493568.0675988635
197.31787607002374,197.31787607002374,197,retrograde,direct,2493726.654459459
202.27578010194318,562.2757801019432,562,direct,retrograde,2493935.4010920348
199.49513020773767,199.49513020773767,199,retrograde,direct,2494094.1814652802
204.45118957703443,564.4511895770345,564,direct,retrograde,2494302.8466397934
201.6700975843501,201.6700975843501,201,retrograde,direct,2494461.604719552
206.6246861948503,566.6246861948503,566,direct,retrograde,2494670.1689499095
203.84398162745876,203.84398162745876,203,retrograde,direct,2494829.090660272
208.7974742029964,568.7974742029965,568,direct,retrograde,2495037.6212700605
206.01765328041355,206.01765328041355,206,retrograde,direct,2495196.543715994
210.9710119961912,570.9710119961912,570,direct,retrograde,2495405.0162543766
208.19270202958398,208.19270202958398,208,retrograde,direct,2495563.952403795
213.14576619006357,573.1457661900636,573,direct,retrograde,2495772.4916496016
210.36924525091877,210.36924525091877,210,retrograde,direct,2495931.4894334767
215.32240120741398,575.322401207414,575,direct,retrograde,2496139.9765398707
212.54737601665343,212.54737601665343,212,retrograde,direct,2496298.971905982
217.50020470351134,577.5002047035114,577,direct,retrograde,2496507.3987874165
214.72654039998827,214.72654039998827,214,retrograde,direct,2496666.530587824
219.6791110931059,579.6791110931059,579,direct,retrograde,2496874.839894099
216.90630283187923,216.90630283187923,216,retrograde,direct,2497033.985029266
221.8580328106615,581.8580328106615,581,direct,retrograde,2497242.212543525
219.0857166528307,219.0857166528307,219,retrograde,direct,2497401.5482581826
224.03639400076102,584.036394000761,584,direct,retrograde,2497609.6753134914
221.26378982278703,221.26378982278703,221,retrograde,direct,2497769.0044233017
226.21340782947942,586.2134078294794,586,direct,retrograde,2497977.0051194923
223.44035799894,223.44035799894,223,retrograde,direct,2498136.5114727635
228.388463596424,588.388463596424,588,direct,retrograde,2498344.443271797
225.6144975614165,225.6144975614165,225,retrograde,direct,2498503.9750901563
230.5616477999017,590.5616477999017,590,direct,retrograde,2498711.834540467
227.78684036540676,227.78684036540676,227,retrograde,direct,2498871.3950321665
232.73297508704303,592.7329750870431,592,direct,retrograde,2499079.288658375
229.95789307828758,229.95789307828758,229,retrograde,direct,2499238.9326041453
234.90398940863335,594.9039894086334,594,direct,retrograde,2499446.7715036087
232.12931017687094,232.12931017687094,232,retrograde,direct,2499606.3906356655
237.07586192651084,597.0758619265108,597,direct,retrograde,2499814.1996097676
234.30242599171413,234.30242599171413,234,retrograde,direct,2499973.9258712437
239.25000641100746,599.2500064110075,599,direct,retrograde,2500181.668624039
236.47805985202118,236.47805985202118,236,retrograde,direct,2500341.370384313
241.42664002259866,601.4266400225987,601,direct,retrograde,2500549.069130104
238.65644222022078,238.65644222022078,238,retrograde,direct,2500708.9293443374
243.6063571045466,603.6063571045465,603,direct,retrograde,2500916.571682414
240.83745701644207,240.83745701644207,240,retrograde,direct,2501076.3866044898
245.78852700986596,605.7885270098659,605,direct,retrograde,2501283.9141489677
243.0207063060499,243.0207063060499,243,retrograde,direct,2501443.887687455
247.97232292199067,607.9723229219907,607,direct,retrograde,2501651.369209936
245.2047899526039,245.2047899526039,245,retrograde,direct,2501811.338266533
250.15706970157683,610.1570697015768,610,direct,retrograde,2502018.7845287733
247.38921055177272,247.38921055177272,247,retrograde,direct,2502178.757482215
252.34120704428318,612.3412070442832,612,direct,retrograde,2502386.2388456855
249.5724144564398,249.5724144564398,249,retrograde,direct,2502546.29764561
254.52413298718483,614.5241329871849,614,direct,retrograde,2502753.7320314823
251.75369085041294,251.75369085041294,251,retrograde,direct,2502913.7324985676
256.7045918858032,616.7045918858032,616,direct,retrograde,2503121.1524740243
253.93233769713086,253.93233769713086,253,retrograde,direct,2503281.265275226
258.8825976932122,618.8825976932121,618,direct,retrograde,2503488.6415985785
256.1087142412646,256.1087142412646,256,retrograde,direct,2503648.7376985224
261.0587847469843,621.0587847469843,621,direct,retrograde,2503856.0657137902
258.28407561321194,258.28407561321194,258,retrograde,direct,2504016.3107012026
263.23462674442044,623.2346267444204,623,direct,retrograde,2504223.5635377504
260.45959449034984,260.45959449034984,260,retrograde,direct,2504383.769928133
265.4112483654906,625.4112483654906,625,direct,retrograde,2504590.9337693863
262.63676279755055,262.63676279755055,262,retrograde,direct,2504751.273033183
267.589810261389,627.589810261389,627,direct,retrograde,2504958.407209142
264.81614043083,264.81614043083,264,retrograde,direct,2505118.736379889
269.77139008233445,629.7713900823344,629,direct,retrograde,2505325.8423481155
266.99868518380066,266.99868518380066,266,retrograde,direct,2505486.159812118
271.95584824507233,631.9558482450723,631,direct,retrograde,2505693.317323588
269.1840174768691,269.1840174768691,269,retrograde,direct,2505853.654783887
274.14352302407906,634.1435230240791,634,direct,retrograde,2506060.8374727378
271.3720905487885,271.3720905487885,271,retrograde,direct,2506221.050131238
276.33345413441975,636.3334541344198,636,direct,retrograde,2506428.293911393
273.56215863660833,273.56215863660833,273,retrograde,direct,2506588.5512149744
278.52530765151016,638.5253076515102,638,direct,retrograde,2506795.8420734173
275.7534835129643,275.7534835129643,275,retrograde,direct,2506956.0139266327
280.71775868062116,640.7177586806212,640,direct,retrograde,2507163.318093667
277.94483147965974,277.94483147965974,277,retrograde,direct,2507323.5842744373
282.9098574077199,642.90985740772,642,direct,retrograde,2507530.841720015
280.1352265595629,280.1352265595629,280,retrograde,direct,2507691.0422040317
285.1009934000826,645.1009934000826,645,direct,retrograde,2507898.232330774
282.3248969084395,282.3248969084395,282,retrograde,direct,2508058.5849873647
287.29129661374,647.29129661374,647,direct,retrograde,2508265.7255501095
284.5139397252927,284.5139397252927,284,retrograde,direct,2508426.0919647627
289.4818763012241,649.481876301224,649,direct,retrograde,2508633.1637005173
286.70379660960873,286.70379660960873,286,retrograde,direct,2508793.541308229
291.67321064079283,651.6732106407928,651,direct,retrograde,2509000.61007135
288.89500945065726,288.89500945065726,288,retrograde,direct,2509161.0286873234
293.8666777138151,653.8666777138151,653,direct,retrograde,2509368.1084483834
291.0886403253658,291.0886403253658,291,retrograde,direct,2509528.3990327558
296.06268364358135,656.0626836435813,656,direct,retrograde,2509735.5865642317
293.2851636537135,293.2851636537135,293,retrograde,direct,2509895.8860697197
298.26178937684,658.2617893768399,658,direct,retrograde,2510103.1618508613
295.4845462151434,295.4845462151434,295,retrograde,direct,2510263.3134840997
300.4636545776983,660.4636545776983,660,direct,retrograde,2510470.6689843023
297.6866157575036,297.6866157575036,297,retrograde,direct,2510630.8225733554
302.66828651343644,662.6682865134364,662,direct,retrograde,2510838.2353381207
299.89099737925335,299.89099737925335,299,retrograde,direct,2510998.2616806095
304.8749622480335,664.8749622480335,664,direct,retrograde,2511205.71251313
302.0970834050251,302.0970834050251,302,retrograde,direct,2511365.808067482
307.0826319572508,667.0826319572508,667,direct,retrograde,2511573.2759973267
304.30338751601573,304.30338751601573,304,retrograde,direct,2511733.329427354
309.29057120813195,669.290571208132,669,direct,retrograde,2511940.7367286664
306.5095155191439,306.5095155191439,306,retrograde,direct,2512100.8089298727
311.49763572131536,671.4976357213154,671,direct,retrograde,2512308.195604371
308.714646835,308.714646835,308,retrograde,direct,2512468.3256628746
313.7044282244014,673.7044282244015,673,direct,retrograde,2512675.6948031224
310.91956676125574,310.91956676125574,310,retrograde,direct,2512835.7284814827
315.91111963021547,675.9111196302155,675,direct,retrograde,2513043.172560621
313.12499552594625,313.12499552594625,313,retrograde,direct,2513203.2302686432
318.1189188786373,678.1189188786373,678,direct,retrograde,2513410.739195507
315.3319939242919,315.3319939242919,315,retrograde,direct,2513570.63762296
320.3288680917369,680.3288680917369,680,direct,retrograde,2513778.2515177727
317.54181620185994,317.54181620185994,317,retrograde,direct,2513938.11801889
322.5419408185006,682.5419408185006,682,direct,retrograde,2514145.8381460207
319.7549465402155,319.7549465402155,319,retrograde,direct,2514305.529964354
324.7584587713986,684.7584587713986,684,direct,retrograde,2514513.3708268832
321.9718986550665,321.9718986550665,321,retrograde,direct,2514673.060882698
326.97867666123005,686.9786766612301,686,direct,retrograde,2514880.9993439643
324.19233157035336,324.19233157035336,324,retrograde,direct,2515040.572761112
329.2026640839507,689.2026640839507,689,direct,retrograde,2515248.491294856
326.41633140726697,326.41633140726697,326,retrograde,direct,2515408.040821418
331.4293564130076,691.4293564130076,691,direct,retrograde,2515616.008565643
328.64251337136955,328.64251337136955,328,retrograde,direct,2515775.5715168007
333.65808145473335,693.6580814547333,693,direct,retrograde,2515983.5504382066
330.8697809984935,330.8697809984935,330,retrograde,direct,2516143.0118793445
335.88685594000094,695.8868559400009,695,direct,retrograde,2516351.0254833233
333.0965518353096,333.0965518353096,333,retrograde,direct,2516510.54071925
338.1148992611731,698.1148992611732,698,direct,retrograde,2516718.554453497
335.32190761470383,335.32190761470383,335,retrograde,direct,2516877.961585451
340.3412798005392,700.3412798005393,700,direct,retrograde,2517086.0310786683
337.54556459574627,337.54556459574627,337,retrograde,direct,2517245.4448576383
342.56606617044685,702.5660661704469,702,direct,retrograde,2517453.6171560017
339.76784905533754,339.76784905533754,339,retrograde,direct,2517612.875253234
344.79005177316395,704.7900517731639,704,direct,retrograde,2517821.1409568572
341.9901366249586,341.9901366249586,341,retrograde,direct,2517980.390199431
347.0142559143564,707.0142559143565,707,direct,retrograde,2518188.7511405535
344.2131826025611,344.2131826025611,344,retrograde,direct,2518347.883045596
349.2400396979579,709.2400396979579,709,direct,retrograde,2518556.274309391
346.43855550412746,346.43855550412746,346,retrograde,direct,2518715.342020076
351.4680048235859,711.4680048235859,711,direct,retrograde,2518923.8487774506
348.6667373756664,348.6667373756664,348,retrograde,direct,2519082.874451679
353.6994885407504,713.6994885407504,713,direct,retrograde,2519291.4245335404
350.89866574618975,350.89866574618975,350,retrograde,direct,2519450.309164361
355.93474017648805,715.934740176488,715,direct,retrograde,2519658.929905583
353.1346080792726,353.1346080792726,353,retrograde,direct,2519817.8244616315
358.17406597980414,718.1740659798041,718,direct,retrograde,2520026.4874191685
355.3740449234031,355.3740449234031,355,retrograde,direct,2520185.2328912504
0.4164265731411903,360.41642657314117,360,direct,retrograde,2520393.992418438
357.6161160798703,357.6161160798703,357,retrograde,direct,2520552.6973500494
2.6608785156190238,362.660878515619,362,direct,retrograde,2520761.5936727505
359.85942082898464,359.85942082898464,359,retrograde,direct,2520920.1324690785
4.90589366471116,364.9058936647112,364,direct,retrograde,2521129.110632103
2.1027747873336637,2.1027747873336637,2,retrograde,direct,2521287.647093335
7.150306145817482,367.15030614581747,367,direct,retrograde,2521496.7155606262
4.344988643899649,4.344988643899649,4,retrograde,direct,2521655.1331879497
9.393768778197055,369.39376877819706,369,direct,retrograde,2521864.2491175933
6.586528794754578,6.586528794754578,6,retrograde,direct,2522022.605594555
11.636043881852776,371.6360438818528,371,direct,retrograde,2522231.8561204774
8.82728464663965,8.82728464663965,8,retrograde,direct,2522390.17423312
13.878295945450233,373.87829594545025,373,direct,retrograde,2522599.441146534
11.068306788998044,11.068306788998044,11,retrograde,direct,2522757.648049404
16.120606779753153,376.12060677975313,376,direct,retrograde,2522966.945694129
13.310139542180252,13.310139542180252,13,retrograde,direct,2523125.1752527105
18.363987339526233,378.36398733952626,378,direct,retrograde,2523334.5189590715
15.55338370940084,15.55338370940084,15,retrograde,direct,2523492.6093146326
20.60912569097136,380.6091256909714,380,direct,retrograde,2523702.033155027
17.79900832190788,17.79900832190788,17,retrograde,direct,2523860.0920297317
22.85676885348679,382.8567688534868,382,direct,retrograde,2524069.60546891
20.04702638328035,20.04702638328035,20,retrograde,direct,2524227.5296371086
25.106946732896883,385.10694673289686,385,direct,retrograde,2524437.0978818797
22.297672664104663,22.297672664104663,22,retrograde,direct,2524594.994805794
27.35943194634714,387.3594319463471,387,direct,retrograde,2524804.7149146814
24.550021548538577,24.550021548538577,24,retrograde,direct,2524962.456449859
29.613408738805052,389.61340873880505,389,direct,retrograde,2525172.246765297
26.8034736398243,26.8034736398243,26,retrograde,direct,2525329.927963376
31.867448660078203,391.8674486600782,391,direct,retrograde,2525539.862256308
29.056363960165154,29.056363960165154,29,retrograde,direct,2525697.495960422
34.12086384747262,394.1208638474726,394,direct,retrograde,2525907.4308387153
31.30809699060103,31.30809699060103,31,retrograde,direct,2526064.9840480816
36.372460454269465,396.37246045426946,396,direct,retrograde,2526274.973120246
33.55832104927123,33.55832104927123,33,retrograde,direct,2526432.533444538
38.62287013686564,398.62287013686563,398,direct,retrograde,2526642.569499179
35.80736535796687,35.80736535796687,35,retrograde,direct,2526800.0046353005
40.872199327933,400.872199327933,400,direct,retrograde,2527010.0764273815
38.05584198894023,38.05584198894023,38,retrograde,direct,2527167.521736578
43.12105225559418,403.1210522555942,403,direct,retrograde,2527377.6246605404
40.30409843031784,40.30409843031784,40,retrograde,direct,2527534.9720267346
45.37008780439876,405.37008780439874,405,direct,retrograde,2527745.088603894
42.55332402576198,42.55332402576198,42,retrograde,direct,2527902.4307337087
47.620166738277234,407.62016673827725,407,direct,retrograde,2528112.6859742803
44.803821924906444,44.803821924906444,44,retrograde,direct,2528269.858444374
49.872037886436985,409.872037886437,409,direct,retrograde,2528480.1712963386
47.0566004116376,47.0566004116376,47,retrograde,direct,2528637.3097720435
52.12585034693521,412.1258503469352,412,direct,retrograde,2528847.762741125
49.31127827771379,49.31127827771379,49,retrograde,direct,2529004.8508991757
54.381788816440206,414.38178881644023,414,direct,retrograde,2529215.313530121
51.567655282878256,51.567655282878256,51,retrograde,direct,2529372.304392266
56.63862786097558,416.6386278609756,416,direct,retrograde,2529582.8936464237
53.82470215052541,53.82470215052541,53,retrograde,direct,2529739.85598593
58.8953966264622,418.89539662646223,418,direct,retrograde,2529950.516581719
56.08057254512617,56.08057254512617,56,retrograde,direct,2530107.3694118466
61.150134973953804,421.1501349739538,421,direct,retrograde,2530318.0153818987
58.33418743029156,58.33418743029156,58,retrograde,direct,2530474.925988351
63.40214896122745,423.40214896122745,423,direct,retrograde,2530685.5803223588
60.58461915703287,60.58461915703287,60,retrograde,direct,2530842.4095918117
65.65083053901421,425.65083053901424,425,direct,retrograde,2531053.0502719115
62.831958134626916,62.831958134626916,62,retrograde,direct,2531209.907215897
67.89638105913151,427.8963810591315,427,direct,retrograde,2531420.6117718816
65.07607688290176,65.07607688290176,65,retrograde,direct,2531577.374063505
70.1391903278577,430.1391903278577,430,direct,retrograde,2531788.0393535728
67.31817386722119,67.31817386722119,67,retrograde,direct,2531944.834667539
72.37994272994554,432.3799427299455,432,direct,retrograde,2532155.570987586
69.55878152067787,69.55878152067787,69,retrograde,direct,2532312.344930578
74.62018486451599,434.620184864516,434,direct,retrograde,2532523.074478415
71.79949465467374,71.79949465467374,71,retrograde,direct,2532679.7678758455
76.86058860718234,436.8605886071823,436,direct,retrograde,2532890.6200577505
74.04128786524065,74.04128786524065,74,retrograde,direct,2533047.3081699945
79.10257847323258,439.1025784732326,439,direct,retrograde,2533258.213432472
76.28484561583562,76.28484561583562,76,retrograde,direct,2533414.789756935
81.3465450527588,441.3465450527588,441,direct,retrograde,2533625.72213779
78.53080466056154,78.53080466056154,78,retrograde,direct,2533782.3251774143
83.59255189637825,443.59255189637827,443,direct,retrograde,2533993.315589943
80.77811920461345,80.77811920461345,80,retrograde,direct,2534149.8022149894
85.8393632787191,445.83936327871913,445,direct,retrograde,2534360.8259842508
83.0258775766709,83.0258775766709,83,retrograde,direct,2534517.3070983123
88.08582311075665,448.0858231107567,448,direct,retrograde,2534728.385501068
85.27237966393648,85.27237966393648,85,retrograde,direct,2534884.7943421984
90.33052596793394,450.3305259679339,450,direct,retrograde,2535095.7963280203
87.51693402755363,87.51693402755363,87,retrograde,direct,2535252.2625574507
92.57264288580434,452.5726428858043,452,direct,retrograde,2535463.3171863984
89.75840190034522,89.75840190034522,89,retrograde,direct,2535619.760469828
94.81192849012159,454.8119284901216,454,direct,retrograde,2535830.7659131465
91.9967829257084,91.9967829257084,91,retrograde,direct,2535987.1697202614
97.04765992595908,457.04765992595907,457,direct,retrograde,2536198.2365364246
94.23210102772674,94.23210102772674,94,retrograde,direct,2536354.734807864
99.28072197173036,459.2807219717304,459,direct,retrograde,2536565.7520514987
96.46475390641105,96.46475390641105,96,retrograde,direct,2536722.2130945697
101.51124716221588,461.5112471622159,461,direct,retrograde,2536933.221438503
98.69575852259702,98.69575852259702,98,retrograde,direct,2537089.7404416716
103.74031981118301,463.740319811183,463,direct,retrograde,2537300.7923049964
100.92573221728355,100.92573221728355,100,retrograde,direct,2537457.2278122194
105.96892419717156,465.96892419717153,465,direct,retrograde,2537668.2856212966
103.15613962407305,103.15613962407305,103,retrograde,direct,2537824.7578546517
108.19807980230195,468.19807980230195,468,direct,retrograde,2538035.827736061
105.38711544036742,105.38711544036742,105,retrograde,direct,2538192.2578397784
110.42807193152063,470.42807193152066,470,direct,retrograde,2538403.2791328635
107.6189642797343,107.6189642797343,107,retrograde,direct,2538559.710088592
112.65837862679163,472.65837862679166,472,direct,retrograde,2538770.817858423
109.85050988747386,109.85050988747386,109,retrograde,direct,2538927.2104324717
114.8882659512511,474.8882659512511,474,direct,retrograde,2539138.248818783
112.08102446606148,112.08102446606148,112,retrograde,direct,2539294.6215878865
117.11645243675783,477.1164524367578,477,direct,retrograde,2539505.698072117
114.30962023923286,114.30962023923286,114,retrograde,direct,2539662.177785882
119.34260544350734,479.34260544350735,479,direct,retrograde,2539873.174106284
116.53533091993009,116.53533091993009,116,retrograde,direct,2540029.636821431
121.5656219882555,481.5656219882555,481,direct,retrograde,2540240.613869806
118.75813913577316,118.75813913577316,118,retrograde,direct,2540397.1578923874
123.78572069293003,483.78572069293,483,direct,retrograde,2540608.1479112916
120.97778765657196,120.97778765657196,120,retrograde,direct,2540764.66681784
126.00275184945589,486.0027518494559,486,direct,retrograde,2540975.597434095
123.19483454030429,123.19483454030429,123,retrograde,direct,2541132.219283972
128.21720330064332,488.2172033006433,488,direct,retrograde,2541343.106935515
125.40948669264175,125.40948669264175,125,retrograde,direct,2541499.7351217587
130.4297382306201,490.4297382306201,490,direct,retrograde,2541710.5435448103
127.62316592489843,127.62316592489843,127,retrograde,direct,2541867.204856932
132.64136740215443,492.6413674021544,492,direct,retrograde,2542078.071464788
129.83647247665263,129.83647247665263,129,retrograde,direct,2542234.7051412575
134.85349051153023,494.85349051153025,494,direct,retrograde,2542445.4732319517
132.05059347427732,132.05059347427732,132,retrograde,direct,2542602.102799805
137.06614642793153,497.0661464279315,497,direct,retrograde,2542812.889752822
134.2652916183518,134.2652916183518,134,retrograde,direct,2542969.630743173
139.2794519533819,499.2794519533819,499,direct,retrograde,2543180.34687821
136.47983283883585,136.47983283883585,136,retrograde,direct,2543337.033050578
141.49221219137837,501.49221219137837,501,direct,retrograde,2543547.765203789
138.6936636857199,138.6936636857199,138,retrograde,direct,2543704.5315093193
143.70355664045735,503.70355664045735,503,direct,retrograde,2543915.254989762
140.90514404674494,140.90514404674494,140,retrograde,direct,2544072.0389470095
145.91222026395943,505.9122202639594,505,direct,retrograde,2544282.6692123357
143.1136606343161,143.1136606343161,143,retrograde,direct,2544439.5802617082
148.11747467592735,508.1174746759274,508,direct,retrograde,2544650.166062396
145.31833385371138,145.31833385371138,145,retrograde,direct,2544807.106712086
150.31888603454226,510.3188860345423,510,direct,retrograde,2545017.591467303
147.51931311223572,147.51931311223572,147,retrograde,direct,2545174.6156976633
152.51632114581895,512.5163211458189,512,direct,retrograde,2545385.081779641
149.7163296274227,149.7163296274227,149,retrograde,direct,2545542.1632921547
154.71041069939503,514.710410699395,514,direct,retrograde,2545752.461702749
151.91027414452645,151.91027414452645,151,retrograde,direct,2545909.601289087
156.90147001764427,516.9014700176442,516,direct,retrograde,2546119.8513271287
154.10214017063527,154.10214017063527,154,retrograde,direct,2546277.1237870874
159.09152893640297,519.0915289364029,519,direct,retrograde,2546487.2849493297
156.29353982974675,156.29353982974675,156,retrograde,direct,2546644.5127963154
161.28168176857142,521.2816817685714,521,direct,retrograde,2546854.669366193
158.48599253058913,158.48599253058913,158,retrograde,direct,2547011.988341879
163.4732419832189,523.4732419832189,523,direct,retrograde,2547222.1455194736
160.67979991516648,160.67979991516648,160,retrograde,direct,2547379.4468291756
165.66662211249994,525.6666221124999,525,direct,retrograde,2547589.555034737
162.87551006330986,162.87551006330986,162,retrograde,direct,2547746.9478112273
167.86140039926354,527.8614003992635,527,direct,retrograde,2547957.0539708883
165.07211080912475,165.07211080912475,165,retrograde,direct,2548114.4433209077
170.05684366283177,530.0568436628317,530,direct,retrograde,2548324.500862333
167.26900424544093,167.26900424544093,167,retrograde,direct,2548481.956245593
172.2517307696015,532.2517307696015,532,direct,retrograde,2548692.003605255
169.46466697692964,169.46466697692964,169,retrograde,direct,2548849.5287746573
174.44529589448382,534.4452958944838,534,direct,retrograde,2549059.385070473
171.6585084155601,171.6585084155601,171,retrograde,direct,2549216.9870221633
176.63633621336976,536.6363362133698,536,direct,retrograde,2549426.773895913
173.84966991261788,173.84966991261788,173,retrograde,direct,2549584.5343820304
178.82468872374022,538.8246887237402,538,direct,retrograde,2549794.197281966
176.0374177844333,176.0374177844333,176,retrograde,direct,2549951.9508517263
181.0094972222431,541.0094972222431,541,direct,retrograde,2550161.529965927
178.2219250035661,178.2219250035661,178,retrograde,direct,2550319.4630402867
183.19128392985172,543.1912839298517,543,direct,retrograde,2550528.9468336515
180.40350959587673,180.40350959587673,180,retrograde,direct,2550686.9123003306
185.37080980121144,545.3708098012114,545,direct,retrograde,2550896.30845086
182.5836603894225,182.5836603894225,182,retrograde,direct,2551054.376013916
187.54923632765292,547.5492363276529,547,direct,retrograde,2551263.7810389074
184.76330433730055,184.76330433730055,184,retrograde,direct,2551421.848395793
189.72796611276058,549.7279661127606,549,direct,retrograde,2551631.211731285
186.9438471694989,186.9438471694989,186,retrograde,direct,2551789.3511126814
191.90755800954193,551.907558009542,551,direct,retrograde,2551998.6929246597
189.12537190430825,189.12537190430825,189,retrograde,direct,2552156.904344718
194.0886778728957,554.0886778728957,554,direct,retrograde,2552366.1104811477
191.30822734445096,191.30822734445096,191,retrograde,direct,2552524.3531290703
196.27049572573603,556.270495725736,556,direct,retrograde,2552733.518789497
193.49157019294563,193.49157019294563,193,retrograde,direct,2552891.9073753757
198.45284365763123,558.4528436576312,558,direct,retrograde,2553100.9647750054
195.67471667652995,195.67471667652995,195,retrograde,direct,2553259.3413482867
200.634840364441,560.6348403644411,560,direct,retrograde,2553468.3114701593
197.85734551801232,197.85734551801232,197,retrograde,direct,2553626.8682155088
202.81588635335353,562.8158863533536,562,direct,retrograde,2553835.732379351
200.03825133770198,200.03825133770198,200,retrograde,direct,2553994.3150316887
204.9952510632083,564.9952510632083,564,direct,retrograde,2554203.089546186
202.21718156383042,202.21718156383042,202,retrograde,direct,2554361.7679392546
207.17228372609458,567.1722837260945,567,direct,retrograde,2554570.5421456434
204.3935402879694,204.3935402879694,204,retrograde,direct,2554729.25032808
209.3471074908544,569.3471074908543,569,direct,retrograde,2554937.9596633716
206.56793534122247,206.56793534122247,206,retrograde,direct,2555096.762703648
211.51998415074507,571.5199841507451,571,direct,retrograde,2555305.426462505
208.74088901719773,208.74088901719773,208,retrograde,direct,2555464.3084449572
213.6922931830397,573.6922931830397,573,direct,retrograde,2555672.836620492
210.9139311270249,210.9139311270249,210,retrograde,direct,2555831.750815356
215.86463116920115,575.8646311692012,575,direct,retrograde,2556040.251390619
213.08782959838385,213.08782959838385,213,retrograde,direct,2556199.3180162124
218.0386423460862,578.0386423460861,578,direct,retrograde,2556407.723222715
215.2633515492731,215.2633515492731,215,retrograde,direct,2556566.77422343
220.21425061664578,580.2142506166458,580,direct,retrograde,2556775.065076977
217.4405380205527,217.4405380205527,217,retrograde,direct,2556934.2941972436
222.39115979522,582.39115979522,582,direct,retrograde,2557142.4852984305
219.61847373086357,219.61847373086357,219,retrograde,direct,2557301.7275753925
224.56901550917306,584.569015509173,584,direct,retrograde,2557509.85953149
221.7969872873842,221.7969872873842,221,retrograde,direct,2557669.176150229
226.7467777086496,586.7467777086496,586,direct,retrograde,2557877.3066298934
223.97483282073384,223.97483282073384,223,retrograde,direct,2558036.6600621194
228.92393392567516,588.9239339256751,588,direct,retrograde,2558244.72661605
226.1515330602064,226.1515330602064,226,retrograde,direct,2558404.133835681
231.09925676769572,591.0992567676957,591,direct,retrograde,2558612.1765901875
228.3259262913658,228.3259262913658,228,retrograde,direct,2558771.657950164
233.27244847757683,593.2724484775769,593,direct,retrograde,2558979.6077385647
230.49796950519158,230.49796950519158,230,retrograde,direct,2559139.11808493
235.4430402539175,595.4430402539175,595,direct,retrograde,2559347.025551078
232.66771064315256,232.66771064315256,232,retrograde,direct,2559506.7053749366
237.6119284063932,597.6119284063932,597,direct,retrograde,2559714.496776741
234.83594929805827,234.83594929805827,234,retrograde,direct,2559874.17990462
239.77984642805473,599.7798464280547,599,direct,retrograde,2560081.8441478442
237.00427493069947,237.00427493069947,237,retrograde,direct,2560241.7001002273
241.94850098243134,601.9485009824314,601,direct,retrograde,2560449.2796537057
239.17400568869874,239.17400568869874,239,retrograde,direct,2560609.1460313722
244.11946585636605,604.1194658563661,604,direct,retrograde,2560816.66712855
241.34661881151422,241.34661881151422,241,retrograde,direct,2560976.5881991806
246.29329900795875,606.2932990079587,606,direct,retrograde,2561184.129353028
243.52214278422636,243.52214278422636,243,retrograde,direct,2561344.044966381
248.47052860762417,608.4705286076241,608,direct,retrograde,2561551.5756317684
245.70087311353308,245.70087311353308,245,retrograde,direct,2561711.4727456663
250.6505012894131,610.6505012894131,610,direct,retrograde,2561919.0479268767
247.88202586739706,247.88202586739706,247,retrograde,direct,2562078.942517507
252.83314300497355,612.8331430049735,612,direct,retrograde,2562286.5305712903
250.06535907514288,250.06535907514288,250,retrograde,direct,2562446.3858415224
255.01703675392295,615.017036753923,615,direct,retrograde,2562654.004148706
252.24937776208583,252.24937776208583,252,retrograde,direct,2562813.9670390002
257.2014161863343,617.2014161863343,617,direct,retrograde,2563021.518792201
254.43298610385702,254.43298610385702,254,retrograde,direct,2563181.444122473
259.3849712867985,619.3849712867984,619,direct,retrograde,2563388.890344104
256.6155194686933,256.6155194686933,256,retrograde,direct,2563548.9850157704
261.56680392309397,621.566803923094,621,direct,retrograde,2563756.343145823
258.7958034791827,258.7958034791827,258,retrograde,direct,2563916.5007578842
263.74678731129717,623.7467873112971,623,direct,retrograde,2564123.7461558767
260.9743328642105,260.9743328642105,260,retrograde,direct,2564283.9984043166
265.9250029047059,625.9250029047059,625,direct,retrograde,2564491.172230063
263.1515841604368,263.1515841604368,263,retrograde,direct,2564651.482694785
268.1029337832696,628.1029337832696,628,direct,retrograde,2564858.5903583504
265.3292457838058,265.3292457838058,265,retrograde,direct,2565018.905456529
270.28155295370925,630.2815529537093,630,direct,retrograde,2565226.0512558436
