physical_degree,directional_degree_after,navigation_cell_after,lane_before,lane_after,jd_ut
0.5642191642947633,360.56421916429474,360,direct,retrograde,2297228.2678143196
358.4813517908596,358.4813517908596,358,retrograde,direct,2297393.550511759
1.6505982014289389,361.6505982014289,361,direct,retrograde,2297594.716846848
359.5727246470645,359.5727246470645,359,retrograde,direct,2297759.8146592816
2.7310074061343568,362.7310074061344,362,direct,retrograde,2297961.0907336846
0.6583124210039198,0.6583124210039198,0,retrograde,direct,2298126.0894518644
3.80605905454676,363.8060590545468,363,direct,retrograde,2298327.3890079306
1.7386494158934451,1.7386494158934451,1,retrograde,direct,2298492.3874893486
4.876641743366961,364.876641743367,364,direct,retrograde,2298693.6856609927
2.8143562792156027,2.8143562792156027,2,retrograde,direct,2298858.7620576182
5.942549841086701,365.9425498410867,365,direct,retrograde,2299059.9146343283
3.8851116446418974,3.8851116446418974,3,retrograde,direct,2299225.208428545
7.003606672045285,367.0036066720453,367,direct,retrograde,2299426.3476594584
4.950624424829536,4.950624424829536,4,retrograde,direct,2299591.4725724645
8.05929309741219,368.0592930974122,368,direct,retrograde,2299792.7289639227
6.010180720868465,6.010180720868465,6,retrograde,direct,2299957.753754806
9.108525930805225,369.10852593080523,369,direct,retrograde,2300158.99588285
7.062700527639985,7.062700527639985,7,retrograde,direct,2300324.04310761
10.151012100001171,370.1510121000012,370,direct,retrograde,2300525.233230751
8.108118845943146,8.108118845943146,8,retrograde,direct,2300690.3930703877
11.18653529503431,371.18653529503433,371,direct,retrograde,2300891.419979916
9.146477081105592,9.146477081105592,9,retrograde,direct,2301056.8032199945
12.215579165693212,372.2155791656932,372,direct,retrograde,2301257.766098816
10.178619858264263,10.178619858264263,10,retrograde,direct,2301423.064130864
13.238844916936364,373.2388449169364,373,direct,retrograde,2301624.090675514
11.205198996704453,11.205198996704453,11,retrograde,direct,2301789.32257043
14.256916030930036,374.25691603093003,374,direct,retrograde,2301990.4063195186
12.226949072583121,12.226949072583121,12,retrograde,direct,2302155.507704774
15.271205898045508,375.27120589804554,375,direct,retrograde,2302356.65904082
13.245215287693034,13.245215287693034,13,retrograde,direct,2302521.7742191805
16.2823461460584,376.2823461460584,376,direct,retrograde,2302722.7992382618
14.26050643148032,14.26050643148032,14,retrograde,direct,2302888.1708604507
17.291053578151207,377.2910535781512,377,direct,retrograde,2303089.1432248615
15.273457519803264,15.273457519803264,15,retrograde,direct,2303254.4239578843
18.297719825341815,378.2977198253418,378,direct,retrograde,2303455.503020741
16.284183991980004,16.284183991980004,16,retrograde,direct,2303620.6495181983
19.301881033646413,379.3018810336464,379,direct,retrograde,2303821.8063086653
17.29199107398855,17.29199107398855,17,retrograde,direct,2303986.8075484987
20.30322941065343,380.30322941065344,380,direct,retrograde,2304188.0291333944
18.296333460408714,18.296333460408714,18,retrograde,direct,2304353.0676225955
21.300707544098344,381.3007075440984,381,direct,retrograde,2304554.1301499885
19.296045648328192,19.296045648328192,19,retrograde,direct,2304719.4413599735
22.2934970678757,382.2934970678757,382,direct,retrograde,2304920.394305926
20.290705559300644,20.290705559300644,20,retrograde,direct,2305085.7057951996
23.28113575689826,383.28113575689827,383,direct,retrograde,2305286.6577452766
21.280015976184355,21.280015976184355,21,retrograde,direct,2305451.9988386445
24.263385772589192,384.2633857725892,384,direct,retrograde,2305652.994972541
22.263962815965673,22.263962815965673,22,retrograde,direct,2305818.1218492053
25.240943288501732,385.24094328850174,385,direct,retrograde,2306019.2642189413
23.243329010507527,23.243329010507527,23,retrograde,direct,2306184.2707249057
26.214262242597275,386.2142622425973,386,direct,retrograde,2306385.3475112077
24.21866837936712,24.21866837936712,24,retrograde,direct,2306550.6167899454
27.184214747506175,387.1842147475062,387,direct,retrograde,2306751.5450285934
25.19102074114594,25.19102074114594,25,retrograde,direct,2306916.88813805
28.15184471002879,388.1518447100288,388,direct,retrograde,2307117.8027567826
26.161364928611295,26.161364928611295,26,retrograde,direct,2307283.137598198
29.11772986862728,389.1177298686273,389,direct,retrograde,2307484.1201380882
27.130169213751834,27.130169213751834,27,retrograde,direct,2307649.2607306074
30.08266799250818,390.08266799250816,390,direct,retrograde,2307850.371566808
28.098006145101674,28.098006145101674,28,retrograde,direct,2308015.4284380535
31.0468332128854,391.0468332128854,391,direct,retrograde,2308216.4922636338
29.064754056218696,29.064754056218696,29,retrograde,direct,2308381.7066699564
32.01017332648872,392.0101733264887,392,direct,retrograde,2308582.730396429
30.03022136142148,30.03022136142148,30,retrograde,direct,2308747.9352332763
32.9719316679986,392.9719316679986,392,direct,retrograde,2308948.942921091
30.993582174641595,30.993582174641595,30,retrograde,direct,2309114.212257644
33.93120739457689,393.93120739457686,393,direct,retrograde,2309315.265626846
31.954118375880817,31.954118375880817,31,retrograde,direct,2309480.3211894734
34.88791616435877,394.8879161643588,394,direct,retrograde,2309681.55421842
32.9118658955043,32.9118658955043,32,retrograde,direct,2309846.4166467004
35.84202299375643,395.8420229937564,395,direct,retrograde,2310047.6394254137
33.866868178091906,33.866868178091906,33,retrograde,direct,2310212.7096458785
36.79384521428544,396.79384521428545,396,direct,retrograde,2310413.77779176
34.81962889497503,34.81962889497503,34,retrograde,direct,2310578.9866897278
37.74381258505327,397.74381258505326,397,direct,retrograde,2310779.9805002036
35.77069319963143,35.77069319963143,35,retrograde,direct,2310945.2580205835
38.69234668918058,398.69234668918057,398,direct,retrograde,2311146.3064443683
36.72062849225483,36.72062849225483,36,retrograde,direct,2311311.3620096855
39.64024631429921,399.6402463142992,399,direct,retrograde,2311512.558332828
37.670045780826705,37.670045780826705,37,retrograde,direct,2311677.4738998814
40.587812006256975,400.58781200625697,400,direct,retrograde,2311878.686378639
38.619149019146924,38.619149019146924,38,retrograde,direct,2312043.6839853935
41.53579988850619,401.5357998885062,401,direct,retrograde,2312244.877382151
39.568520938407445,39.568520938407445,39,retrograde,direct,2312409.9034671895
42.48411030071805,402.48411030071804,402,direct,retrograde,2312611.020657867
40.517829094787835,40.517829094787835,40,retrograde,direct,2312776.189351666
43.43200345293955,403.43200345293957,403,direct,retrograde,2312977.3198098335
41.46620479702505,41.46620479702505,41,retrograde,direct,2313142.334977342
44.378845061951736,404.3788450619517,404,direct,retrograde,2313343.650243681
42.41293942067506,42.41293942067506,42,retrograde,direct,2313508.419427079
45.32370816970042,405.3237081697004,405,direct,retrograde,2313709.786616482
43.357222461801044,43.357222461801044,43,retrograde,direct,2313874.637708471
46.26647984186628,406.26647984186627,406,direct,retrograde,2314075.9259549677
44.299268861539,44.299268861539,44,retrograde,direct,2314240.879027242
47.20731122517519,407.2073112251752,407,direct,retrograde,2314442.043510603
45.23925880874566,45.23925880874566,45,retrograde,direct,2314607.1811133614
48.14640040013389,408.14640040013387,408,direct,retrograde,2314808.324501099
46.177749474129534,46.177749474129534,46,retrograde,direct,2314973.3102302738
49.08469410494575,409.08469410494575,409,direct,retrograde,2315174.582152053
47.115757791990916,47.115757791990916,47,retrograde,direct,2315339.423332343
50.02282902380034,410.02282902380034,410,direct,retrograde,2315540.727680756
48.0539368603752,48.0539368603752,48,retrograde,direct,2315705.6181709524
50.96213774950685,410.96213774950684,410,direct,retrograde,2315906.9066489255
48.99357845892441,48.99357845892441,48,retrograde,direct,2316071.817894349
51.90353254452963,411.90353254452964,411,direct,retrograde,2316273.052550392
49.935489974209894,49.935489974209894,49,retrograde,direct,2316438.0786212487
52.84735781724174,412.84735781724174,412,direct,retrograde,2316639.3458062857
50.8798806712281,50.8798806712281,50,retrograde,direct,2316804.2140573645
53.794092016613035,413.79409201661304,413,direct,retrograde,2317005.7047194177
51.82688379302519,51.82688379302519,51,retrograde,direct,2317170.267662376
54.74317185524587,414.74317185524586,414,direct,retrograde,2317371.9161578463
52.77553375580708,52.77553375580708,52,retrograde,direct,2317536.4180369377
55.69387942479401,415.69387942479403,415,direct,retrograde,2317738.083437632
53.72522779594374,53.72522779594374,53,retrograde,direct,2317902.648855353
56.64535547149296,416.64535547149296,416,direct,retrograde,2318104.151186846
54.67510261395648,54.67510261395648,54,retrograde,direct,2318269.0027698902
57.59689092081245,417.5968909208124,417,direct,retrograde,2318470.4169044364
55.6247206996414,55.6247206996414,55,retrograde,direct,2318635.175938491
58.54840430270014,418.54840430270013,418,direct,retrograde,2318836.71212059
56.5741136906939,56.5741136906939,56,retrograde,direct,2319001.2844316596
59.49963572073911,419.4996357207391,419,direct,retrograde,2319202.91856781
57.52316959388472,57.52316959388472,57,retrograde,direct,2319367.4635471525
60.451194983698876,420.4511949836989,420,direct,retrograde,2319569.112062594
58.47269030434602,58.47269030434602,58,retrograde,direct,2319733.6490251236
61.40397058696443,421.4039705869644,421,direct,retrograde,2319935.2296937136
59.42367057418692,59.42367057418692,59,retrograde,direct,2320099.933766991
62.35856536115331,422.3585653611533,422,direct,retrograde,2320301.4580461094
60.376743306024785,60.376743306024785,60,retrograde,direct,2320466.136930641
63.31600694960792,423.3160069496079,423,direct,retrograde,2320667.78533284
61.33295999890607,61.33295999890607,61,retrograde,direct,2320832.254643116
64.27699330804694,424.27699330804694,424,direct,retrograde,2321034.069556053
62.2927900360041,62.2927900360041,62,retrograde,direct,2321198.381614714
65.24233498879187,425.24233498879187,425,direct,retrograde,2321400.327232521
63.25678086357133,63.25678086357133,63,retrograde,direct,2321564.5605403557
66.21192275210237,426.2119227521024,426,direct,retrograde,2321766.437721422
64.22454206746693,64.22454206746693,64,retrograde,direct,2321930.890837604
67.18524162620008,427.1852416262001,427,direct,retrograde,2322132.706664671
65.1955108643417,65.1955108643417,65,retrograde,direct,2322297.096792777
68.16183533927311,428.1618353392731,428,direct,retrograde,2322499.03278224
66.16930279945663,66.16930279945663,66,retrograde,direct,2322663.2304800805
69.14106000267469,429.1410600026747,429,direct,retrograde,2322865.2881211117
67.14537022598502,67.14537022598502,67,retrograde,direct,2323029.4325468102
70.12297246271115,430.1229724627111,430,direct,retrograde,2323231.5501796277
68.12382938575271,68.12382938575271,68,retrograde,direct,2323395.63181658
71.1077545193269,431.10775451932693,431,direct,retrograde,2323597.6928782584
69.10504857008914,69.10504857008914,69,retrograde,direct,2323761.9585160837
72.09566333814314,432.09566333814314,432,direct,retrograde,2323963.924512841
70.08947505557722,70.08947505557722,70,retrograde,direct,2324128.2012847653
73.08736412040163,433.0873641204016,433,direct,retrograde,2324330.2429535845
71.07782066757282,71.07782066757282,71,retrograde,direct,2324494.3811172415
74.08324645146872,434.0832464514687,434,direct,retrograde,2324696.6185315438
72.07050720001008,72.07050720001008,72,retrograde,direct,2324860.488312333
75.08443254874497,435.084432548745,435,direct,retrograde,2325062.9584393688
73.06863099430673,73.06863099430673,73,retrograde,direct,2325226.6490857676
76.0914178621156,436.0914178621156,436,direct,retrograde,2325429.100494844
74.07258331500783,74.07258331500783,74,retrograde,direct,2325593.009460603
77.10472763962254,437.1047276396225,437,direct,retrograde,2325795.33939212
75.0825017796482,75.0825017796482,75,retrograde,direct,2325959.3046247847
78.12431466016656,438.12431466016653,438,direct,retrograde,2326161.6570711937
76.0980577568948,76.0980577568948,76,retrograde,direct,2326325.5285402955
79.14905876273167,439.14905876273167,439,direct,retrograde,2326527.991546791
77.11816456553733,77.11816456553733,77,retrograde,direct,2326691.7423044266
80.17853797531265,440.1785379753127,440,direct,retrograde,2326894.3958502924
78.14248492407194,78.14248492407194,78,retrograde,direct,2327057.921999489
81.21235823706975,441.21235823706974,441,direct,retrograde,2327260.632813059
79.1707070981581,79.1707070981581,79,retrograde,direct,2327424.2713262243
82.25044797992884,442.2504479799288,442,direct,retrograde,2327626.908286956
80.20297161928951,80.20297161928951,80,retrograde,direct,2327790.557624977
83.29322899939424,443.2932289993943,443,direct,retrograde,2327993.1723177265
81.2399007558468,81.2399007558468,81,retrograde,direct,2328156.8701407555
84.341019286195,444.341019286195,444,direct,retrograde,2328359.5507198963
82.28197757139232,82.28197757139232,82,retrograde,direct,2328523.083993949
85.39509127181661,445.3950912718166,445,direct,retrograde,2328725.9809357487
83.3305819442261,83.3305819442261,83,retrograde,direct,2328889.2513649873
86.45639305448135,446.45639305448134,446,direct,retrograde,2329092.26167854
84.38676771639443,84.38676771639443,84,retrograde,direct,2329255.6146296235
87.52615320256514,447.5261532025651,447,direct,retrograde,2329458.5766764255
85.45173171823518,85.45173171823518,85,retrograde,direct,2329621.953183218
88.60590337731506,448.60590337731503,448,direct,retrograde,2329824.9037163593
86.52680955736935,86.52680955736935,86,retrograde,direct,2329988.2669715844
89.69604223995549,449.6960422399555,449,direct,retrograde,2330191.3102057036
87.61197812122157,87.61197812122157,87,retrograde,direct,2330354.521617979
90.7967795974873,450.79677959748733,450,direct,retrograde,2330557.8245927515
88.70714684785037,88.70714684785037,88,retrograde,direct,2330720.7192510534
91.907464586745,451.907464586745,451,direct,retrograde,2330924.2474102266
89.81159155903168,89.81159155903168,89,retrograde,direct,2331087.075179453
93.02762716515963,453.02762716515963,453,direct,retrograde,2331290.6794669153
90.92486641205414,90.92486641205414,90,retrograde,direct,2331453.405395068
94.1567531671083,454.1567531671083,454,direct,retrograde,2331656.9297410687
92.04658366357133,92.04658366357133,92,retrograde,direct,2331819.8661145354
95.29437539134632,455.2943753913463,455,direct,retrograde,2332023.3172990493
93.17622354608623,93.17622354608623,93,retrograde,direct,2332186.221989315
96.44061663979484,456.4406166397948,456,direct,retrograde,2332389.8237304976
94.31415646006393,94.31415646006393,94,retrograde,direct,2332552.4404822737
97.59557297989934,457.5955729798993,457,direct,retrograde,2332756.2655256577
95.46079970707576,95.46079970707576,95,retrograde,direct,2332918.844665928
98.75995985134523,458.75995985134523,458,direct,retrograde,2333122.7825352363
96.61687189242726,96.61687189242726,96,retrograde,direct,2333285.21874806
99.93493605987037,459.9349360598704,459,direct,retrograde,2333489.1926057143
97.7837947853903,97.7837947853903,97,retrograde,direct,2333651.68383066
101.12158111708855,461.12158111708857,461,direct,retrograde,2333855.6212388724
98.96268155748176,98.96268155748176,98,retrograde,direct,2334018.1053482983
102.32145739142568,462.32145739142567,462,direct,retrograde,2334222.114794636
100.15491797754123,100.15491797754123,100,retrograde,direct,2334384.449561625
103.53536501234112,463.5353650123411,463,direct,retrograde,2334588.676786702
101.36097670578772,101.36097670578772,101,retrograde,direct,2334750.815574798
104.7640492721588,464.7640492721588,464,direct,retrograde,2334955.292649245
102.58126748372862,102.58126748372862,102,retrograde,direct,2335117.1724008964
106.00724829189605,466.0072482918961,466,direct,retrograde,2335321.7872320917
103.8156506197682,103.8156506197682,103,retrograde,direct,2335483.7126547573
107.26486504197648,467.26486504197646,467,direct,retrograde,2335688.31916757
105.0638080174271,105.0638080174271,105,retrograde,direct,2335850.23128525
108.53697442401091,468.5369744240109,468,direct,retrograde,2336054.8363664504
106.32579838083053,106.32579838083053,106,retrograde,direct,2336216.6787302084
109.8231095341979,469.8231095341979,469,direct,retrograde,2336421.401193302
107.60133521143243,107.60133521143243,107,retrograde,direct,2336583.1629833737
111.1237279752761,471.1237279752761,471,direct,retrograde,2336788.108047464
108.89093692727127,108.89093692727127,108,retrograde,direct,2336949.567499388
112.43915200775945,472.43915200775945,472,direct,retrograde,2337154.737988632
110.19523800132318,110.19523800132318,110,retrograde,direct,2337316.124908602
113.77019763341903,473.770197633419,473,direct,retrograde,2337521.400444214
111.51516470998615,111.51516470998615,111,retrograde,direct,2337682.658470314
115.11796231685803,475.11796231685804,475,direct,retrograde,2337887.9358916236
112.8520637544514,112.8520637544514,112,retrograde,direct,2338049.2885895185
116.48360561255151,476.4836056125515,476,direct,retrograde,2338254.55409211
114.20704270915184,114.20704270915184,114,retrograde,direct,2338415.8476891126
117.86898462349306,477.8689846234931,477,direct,retrograde,2338621.2690497944
115.58179663035686,115.58179663035686,115,retrograde,direct,2338782.29940633
119.27487425077355,479.27487425077356,479,direct,retrograde,2338987.999137843
116.97686921344474,116.97686921344474,116,retrograde,direct,2339148.903783288
120.70196304718816,480.70196304718814,480,direct,retrograde,2339354.8699417925
118.39246841053789,118.39246841053789,118,retrograde,direct,2339515.477220495
122.15041344306778,482.1504134430678,482,direct,retrograde,2339721.620720071
119.82892093362578,119.82892093362578,119,retrograde,direct,2339882.1554166144
123.61968784708762,483.6196878470876,483,direct,retrograde,2340088.3748856
121.28556637554388,121.28556637554388,121,retrograde,direct,2340248.8812027276
125.10997043022724,485.10997043022724,485,direct,retrograde,2340455.1051694658
122.76251760295844,122.76251760295844,122,retrograde,direct,2340615.5562341763
126.62093637611194,486.62093637611196,486,direct,retrograde,2340821.8736057393
124.2595811641038,124.2595811641038,124,retrograde,direct,2340982.2475176714
128.15310149967235,488.15310149967235,488,direct,retrograde,2341188.7452525236
125.77741735764717,125.77741735764717,125,retrograde,direct,2341348.8987363987
129.70691800396585,489.7069180039658,489,direct,retrograde,2341555.6195538184
127.31690889697678,127.31690889697678,127,retrograde,direct,2341715.679175862
131.28358157800807,491.28358157800807,491,direct,retrograde,2341922.597645022
128.8791488836492,128.8791488836492,128,retrograde,direct,2342082.4507587804
132.8844312425199,492.8844312425199,492,direct,retrograde,2342289.4714275356
130.46617541311474,130.46617541311474,130,retrograde,direct,2342449.266826853
134.51121500244045,494.51121500244045,494,direct,retrograde,2342656.3987580948
132.0797137730766,132.0797137730766,132,retrograde,direct,2342816.119209228
136.16637774093755,496.16637774093755,496,direct,retrograde,2343023.3496084036
133.72194925288804,133.72194925288804,133,retrograde,direct,2343182.860788565
137.85132973018017,497.85132973018017,497,direct,retrograde,2343390.325345872
135.39412944165173,135.39412944165173,135,retrograde,direct,2343549.7080746396
139.56746108667875,499.56746108667875,499,direct,retrograde,2343757.425477094
137.09701019750378,137.09701019750378,137,retrograde,direct,2343916.5250353813
141.31490654447254,501.31490654447254,501,direct,retrograde,2344124.5118591953
138.830814848188,138.830814848188,138,retrograde,direct,2344283.4818766555
143.0937033563212,503.0937033563212,503,direct,retrograde,2344491.6831521876
140.59526614390464,140.59526614390464,140,retrograde,direct,2344650.4322246723
144.90343143630366,504.90343143630366,504,direct,retrograde,2344858.7986953724
142.39022538325216,142.39022538325216,142,retrograde,direct,2345017.476685267
146.74356658579174,506.74356658579177,506,direct,retrograde,2345226.002714432
144.21499907059498,144.21499907059498,144,retrograde,direct,2345384.561916519
148.6144025724022,508.61440257240224,508,direct,retrograde,2345593.1414987855
146.06997842207016,146.06997842207016,146,retrograde,direct,2345751.553856056
150.5153974982059,510.5153974982059,510,direct,retrograde,2345960.27032296
147.9550198032978,147.9550198032978,147,retrograde,direct,2346118.6756965322
152.44717299308758,512.4471729930876,512,direct,retrograde,2346327.515504878
149.87049084942373,149.87049084942373,149,retrograde,direct,2346485.6898814905
154.4101264952766,514.4101264952766,514,direct,retrograde,2346694.753448453
151.81778024841012,151.81778024841012,151,retrograde,direct,2346852.825386446
156.40546924505466,516.4054692450546,516,direct,retrograde,2347062.137641942
153.79800708443804,153.79800708443804,153,retrograde,direct,2347220.0114163887
158.4347935341171,518.434793534117,518,direct,retrograde,2347429.4992899727
155.8131817165938,155.8131817165938,155,retrograde,direct,2347587.2670060415
160.49943145623502,520.499431456235,520,direct,retrograde,2347796.948083449
157.86415971775986,157.86415971775986,157,retrograde,direct,2347954.5634739827
162.6004338914141,522.6004338914141,522,direct,retrograde,2348164.357803624
159.95198154752444,159.95198154752444,159,retrograde,direct,2348321.814582985
164.7378981028123,524.7378981028123,524,direct,retrograde,2348531.847136936
162.07641494590555,162.07641494590555,162,retrograde,direct,2348689.177604839
166.91183333561992,526.9118333356199,526,direct,retrograde,2348899.3319859924
164.23691465882823,164.23691465882823,164,retrograde,direct,2349056.4551918376
169.12082334262698,529.120823342627,529,direct,retrograde,2349266.7941347547
166.43266404760058,166.43266404760058,166,retrograde,direct,2349423.8912609722
171.36428836772942,531.3642883677294,531,direct,retrograde,2349634.36577753
168.66244574775988,168.66244574775988,168,retrograde,direct,2349791.280695256
173.64078657028207,533.6407865702821,533,direct,retrograde,2350001.900412375
170.92560112672535,170.92560112672535,170,retrograde,direct,2350158.7466223063
175.94916153816644,535.9491615381664,535,direct,retrograde,2350369.5667479644
173.22056610924682,173.22056610924682,173,retrograde,direct,2350526.287889991
178.28814490115045,538.2881449011504,538,direct,retrograde,2350737.1870834054
175.5466266790961,175.5466266790961,175,retrograde,direct,2350893.8822175674
180.6564903736013,540.6564903736013,540,direct,retrograde,2351104.8957855217
177.9027738357048,177.9027738357048,177,retrograde,direct,2351261.527017044
183.05383513464403,543.053835134644,543,direct,retrograde,2351472.5929786377
180.28928317350318,180.28928317350318,180,retrograde,direct,2351629.122806684
185.47958464292586,545.4795846429258,545,direct,retrograde,2351840.3854142167
182.70552751331093,182.70552751331093,182,retrograde,direct,2351996.845349863
187.9337000126211,547.9337000126211,547,direct,retrograde,2352208.111152824
185.1512513603257,185.1512513603257,185,retrograde,direct,2352364.4716958217
190.41498145062795,550.4149814506279,550,direct,retrograde,2352575.8717772346
187.62553527573306,187.62553527573306,187,retrograde,direct,2352732.231045151
192.92239218047922,552.9223921804792,552,direct,retrograde,2352943.7078593224
190.1262018403302,190.1262018403302,190,retrograde,direct,2353099.9059223346
195.4531679162949,555.4531679162949,555,direct,retrograde,2353311.46491637
192.65101112754567,192.65101112754567,192,retrograde,direct,2353467.6889447384
198.00457734722553,558.0045773472256,558,direct,retrograde,2353679.297653431
195.1965344683797,195.1965344683797,195,retrograde,direct,2353835.4824359845
200.57332992512048,560.5733299251204,560,direct,retrograde,2354047.085624854
197.7600302429346,197.7600302429346,197,retrograde,direct,2354203.306381982
203.15627801021895,563.156278010219,563,direct,retrograde,2354414.9704383817
200.3379567817886,200.3379567817886,200,retrograde,direct,2354571.1630290775
205.74999948817842,565.7499994881784,565,direct,retrograde,2354782.7713343175
202.92728068519017,202.92728068519017,202,retrograde,direct,2354939.06945437
208.35095477988898,568.350954779889,568,direct,retrograde,2355150.6616793824
205.52440888995338,205.52440888995338,205,retrograde,direct,2355307.0211836137
210.9566469991849,570.9566469991848,570,direct,retrograde,2355518.497509119
208.12742567685535,208.12742567685535,208,retrograde,direct,2355674.903581869
213.56429219129018,573.5642921912902,573,direct,retrograde,2355886.4009171454
210.73391298348454,210.73391298348454,210,retrograde,direct,2356042.9110229583
216.17260787390538,576.1726078739053,576,direct,retrograde,2356254.267471835
213.34254346019333,213.34254346019333,213,retrograde,direct,2356410.8156201355
218.77974586537135,578.7797458653713,578,direct,retrograde,2356622.1192421466
215.9521435861925,215.9521435861925,215,retrograde,direct,2356778.795130592
221.38486280747094,581.3848628074709,581,direct,retrograde,2356990.0264138095
218.560917748617,218.560917748617,218,retrograde,direct,2357146.694173578
223.98591272798868,583.9859127279886,583,direct,retrograde,2357357.843604902
221.16691013653556,221.16691013653556,221,retrograde,direct,2357514.6602942795
226.58062218972938,586.5806221897294,586,direct,retrograde,2357725.6904508267
223.76693365891276,223.76693365891276,223,retrograde,direct,2357882.564381607
229.1658158861506,589.1658158861505,589,direct,retrograde,2358093.4527310506
226.35820049965525,226.35820049965525,226,retrograde,direct,2358250.4904941563
231.73889082633764,591.7388908263376,591,direct,retrograde,2358461.3052175744
228.93728879576594,228.93728879576594,228,retrograde,direct,2358618.3817796893
234.29638461623662,594.2963846162367,594,direct,retrograde,2358828.98342855
231.50116961367908,231.50116961367908,231,retrograde,direct,2358986.3072015503
236.83500008153374,596.8350000815337,596,direct,retrograde,2359196.759891864
234.04595170640596,234.04595170640596,234,retrograde,direct,2359354.213157922
239.3519593700837,599.3519593700837,599,direct,retrograde,2359564.4387275307
236.5692552130179,236.5692552130179,236,retrograde,direct,2359722.0378954075
241.84418378925776,601.8441837892577,601,direct,retrograde,2359932.1467844993
239.06818801799355,239.06818801799355,239,retrograde,direct,2360089.9996056296
244.31015890689295,604.310158906893,604,direct,retrograde,2360299.8240189366
241.54125195466696,241.54125195466696,241,retrograde,direct,2360457.8170124814
246.74830577117507,606.7483057711751,606,direct,retrograde,2360667.4605745487
243.98778030364005,243.98778030364005,243,retrograde,direct,2360825.690988824
249.15881119397645,609.1588111939765,609,direct,retrograde,2361035.1293431995
246.4077745983313,246.4077745983313,246,retrograde,direct,2361193.4736656304
251.54181069320342,611.5418106932034,611,direct,retrograde,2361402.7232845826
248.8016213947213,248.8016213947213,248,retrograde,direct,2361561.322616444
253.89788278709406,613.8978827870941,613,direct,retrograde,2361770.3235535864
251.16907706794723,251.16907706794723,251,retrograde,direct,2361929.0296301655
256.22659504904925,616.2265950490493,616,direct,retrograde,2362137.8088956596
253.5100551207195,253.5100551207195,253,retrograde,direct,2362296.784932535
258.52807915790106,618.5280791579011,618,direct,retrograde,2362505.3755799904
255.82383971280586,255.82383971280586,255,retrograde,direct,2362664.4573499616
260.8019085590407,620.8019085590407,620,direct,retrograde,2362872.7864251174
258.1101325377042,258.1101325377042,258,retrograde,direct,2363032.1054860763
263.0470744870316,623.0470744870315,623,direct,retrograde,2363240.2358276173
260.367460823562,260.367460823562,260,retrograde,direct,2363399.736099882
265.26304624161116,625.2630462416112,625,direct,retrograde,2363607.6407219497
262.59517982936256,262.59517982936256,262,retrograde,direct,2363767.2531739157
267.4482880834117,627.4482880834116,627,direct,retrograde,2363975.026138108
264.7919380977019,264.7919380977019,264,retrograde,direct,2364134.863597974
269.6023277444199,629.6023277444199,629,direct,retrograde,2364342.4450379973
266.9569864084239,266.9569864084239,266,retrograde,direct,2364502.380007008
271.7241429956803,631.7241429956803,631,direct,retrograde,2364709.7744827606
269.08975797608304,269.08975797608304,269,retrograde,direct,2364869.9493390424
273.8139337028877,633.8139337028877,633,direct,retrograde,2365077.0995270414
271.19078395708493,271.19078395708493,271,retrograde,direct,2365237.376493996
275.8724517725358,635.8724517725358,635,direct,retrograde,2365444.3130708924
273.26139634834067,273.26139634834067,273,retrograde,direct,2365604.9165731035
277.90116003104225,637.9011600310423,637,direct,retrograde,2365811.6034954507
275.3025927261488,275.3025927261488,275,retrograde,direct,2365972.339464579
279.90144276328664,639.9014427632867,639,direct,retrograde,2366178.729520086
277.3158823706276,277.3158823706276,277,retrograde,direct,2366339.7146522896
281.8740367707488,641.8740367707487,641,direct,retrograde,2366545.8761905683
279.301695779215,279.301695779215,279,retrograde,direct,2366707.058297326
283.82018585064344,643.8201858506434,643,direct,retrograde,2366913.040611692
281.2609979728115,281.2609979728115,281,retrograde,direct,2367074.2766021676
285.74007396509705,645.740073965097,645,direct,retrograde,2367280.1690148553
283.1939160134231,283.1939160134231,283,retrograde,direct,2367441.586717928
287.63413389386534,647.6341338938653,647,direct,retrograde,2367647.3728869287
285.1004839509113,285.1004839509113,285,retrograde,direct,2367808.782621539
289.5020727772968,649.5020727772968,649,direct,retrograde,2368014.46134975
286.9805180930274,286.9805180930274,286,retrograde,direct,2368176.0493568387
291.3438720873643,651.3438720873643,651,direct,retrograde,2368381.567566321
288.8338331881634,288.8338331881634,288,retrograde,direct,2368543.2255849056
293.1591860535778,653.1591860535777,653,direct,retrograde,2368748.517394867
290.660175615946,290.660175615946,290,retrograde,direct,2368910.49099271
294.94766909960595,654.947669099606,654,direct,retrograde,2369115.4979375415
292.459292576392,292.459292576392,292,retrograde,direct,2369277.674257678
296.71016385587626,656.7101638558763,656,direct,retrograde,2369482.4527859213
294.2324665894431,294.2324665894431,294,retrograde,direct,2369644.771659228
298.447364882842,658.4473648828421,658,direct,retrograde,2369849.3854352646
295.9807568629988,295.9807568629988,295,retrograde,direct,2370011.8742715903
300.1611776658612,660.1611776658613,660,direct,retrograde,2370216.4302905025
297.7060443152348,297.7060443152348,297,retrograde,direct,2370378.8179929284
301.8530836508284,661.8530836508285,661,direct,retrograde,2370583.3337813336
299.40986422120125,299.40986422120125,299,retrograde,direct,2370745.857842383
303.5243021981169,663.5243021981169,663,direct,retrograde,2370950.288045873
301.0932672865741,301.0932672865741,301,retrograde,direct,2371112.8493562955
305.1763761926585,665.1763761926585,665,direct,retrograde,2371317.1271561272
302.7575630607838,302.7575630607838,302,retrograde,direct,2371479.905510079
306.809830947902,666.809830947902,666,direct,retrograde,2371683.9732639007
304.4029403140698,304.4029403140698,304,retrograde,direct,2371846.8973792894
308.425205093676,668.425205093676,668,direct,retrograde,2372050.7826149026
306.02981799822766,306.02981799822766,306,retrograde,direct,2372213.8355943374
310.02214065956974,670.0221406595697,670,direct,retrograde,2372417.5981333656
307.6376382056426,307.6376382056426,307,retrograde,direct,2372580.759262951
311.60048305454274,671.6004830545428,671,direct,retrograde,2372784.4959664354
309.22603276572136,309.22603276572136,309,retrograde,direct,2372947.5486937296
313.1593109178279,673.159310917828,673,direct,retrograde,2373151.2726670913
310.79418039321376,310.79418039321376,310,retrograde,direct,2373314.4737296635
314.6978119538332,674.6978119538333,674,direct,retrograde,2373518.0900829826
312.34131641897307,312.34131641897307,312,retrograde,direct,2373681.3248054152
316.21609875176114,676.2160987517611,676,direct,retrograde,2373884.806388028
313.8680254097911,313.8680254097911,313,retrograde,direct,2374048.203350826
317.71449131549457,677.7144913154946,677,direct,retrograde,2374251.4461900387
315.37495136974377,315.37495136974377,315,retrograde,direct,2374415.0895158546
319.19429016382446,679.1942901638245,679,direct,retrograde,2374618.1404163027
316.8635357421065,316.8635357421065,316,retrograde,direct,2374781.89942969
320.6564391125035,680.6564391125034,680,direct,retrograde,2374984.8306598645
318.33484518893187,318.33484518893187,318,retrograde,direct,2375148.674453932
322.10252960335265,682.1025296033527,682,direct,retrograde,2375351.6020778846
319.7904642024079,319.7904642024079,319,retrograde,direct,2375515.347523342
323.53376911156454,683.5337691115645,683,direct,retrograde,2375718.270505351
321.23143658516426,321.23143658516426,321,retrograde,direct,2375882.0993887596
324.95109365831007,684.9510936583101,684,direct,retrograde,2376084.951620224
322.6584960389362,322.6584960389362,322,retrograde,direct,2376248.8154837014
326.3555888502091,686.3555888502091,686,direct,retrograde,2376451.56740648
324.0725741193826,324.0725741193826,324,retrograde,direct,2376615.551267773
327.74720680774834,687.7472068077484,687,direct,retrograde,2376818.133391344
325.4734092787882,325.4734092787882,325,retrograde,direct,2376982.309895224
329.12614248312485,689.1261424831248,689,direct,retrograde,2377184.842966399
326.8609910976151,326.8609910976151,326,retrograde,direct,2377348.9224391496
330.4917021253529,690.491702125353,690,direct,retrograde,2377551.463699502
328.23443385223044,328.23443385223044,328,retrograde,direct,2377715.575481819
331.8429594795749,691.8429594795749,691,direct,retrograde,2377918.116144439
329.5930528719058,329.5930528719058,329,retrograde,direct,2378082.162256402
333.17986260426335,693.1798626042633,693,direct,retrograde,2378284.6351378458
330.93697247161134,330.93697247161134,330,retrograde,direct,2378448.8519278383
334.50242364671357,694.5024236467136,694,direct,retrograde,2378651.1114655472
332.266493351945,332.266493351945,332,retrograde,direct,2378815.5260149445
335.8115668215387,695.8115668215387,695,direct,retrograde,2379017.64853948
333.5827887090613,333.5827887090613,333,retrograde,direct,2379182.160514798
337.10783370401117,697.1078337040112,697,direct,retrograde,2379384.1617666297
334.88650636759036,334.88650636759036,334,retrograde,direct,2379548.798079293
338.39226530712756,698.3922653071276,698,direct,retrograde,2379750.8260423
336.1786765715384,336.1786765715384,336,retrograde,direct,2379915.238914173
339.6659567824203,699.6659567824204,699,direct,retrograde,2380117.373420814
337.4602576844603,337.4602576844603,337,retrograde,direct,2380281.7771841465
340.92928875938895,700.929288759389,700,direct,retrograde,2380483.8535676245
338.7314452601986,338.7314452601986,338,retrograde,direct,2380648.3261291087
342.18310745859407,702.1831074585941,702,direct,retrograde,2380850.3036081623
339.99300353869273,339.99300353869273,339,retrograde,direct,2381014.9060518006
343.4275601151658,703.4275601151658,703,direct,retrograde,2381216.7245924035
341.2448475087999,341.2448475087999,341,retrograde,direct,2381381.5133134946
344.66252952598546,704.6625295259855,704,direct,retrograde,2381583.274040376
342.4866994829074,342.4866994829074,342,retrograde,direct,2381747.999316958
345.8872890162219,705.887289016222,705,direct,retrograde,2381949.7858201675
343.71773660509825,343.71773660509825,343,retrograde,direct,2382114.4916651156
347.10113726057176,707.1011372605717,707,direct,retrograde,2382316.3341444703
344.93739451784813,344.93739451784813,344,retrograde,direct,2382480.9019544134
348.3040038023708,708.3040038023707,708,direct,retrograde,2382682.718410397
346.1457958274088,346.1457958274088,346,retrograde,direct,2382847.42611124
349.4958688879058,709.4958688879058,709,direct,retrograde,2383049.040191451
347.34318338820475,347.34318338820475,347,retrograde,direct,2383214.0029018857
350.67766569691713,710.6776656969171,710,direct,retrograde,2383415.5068832915
348.53074744693066,348.53074744693066,348,retrograde,direct,2383580.4706257973
351.85014052655356,711.8501405265536,711,direct,retrograde,2383781.920093924
349.7093470190283,349.7093470190283,349,retrograde,direct,2383946.9464999996
353.0142617653879,713.0142617653879,713,direct,retrograde,2384148.4366408046
350.88000028265463,350.88000028265463,350,retrograde,direct,2384313.26871508
354.1712377588401,714.1712377588401,714,direct,retrograde,2384514.8640301265
352.04362557017254,352.04362557017254,352,retrograde,direct,2384679.6637937576
355.32159545106265,715.3215954510626,715,direct,retrograde,2384881.199941946
353.20069751036556,353.20069751036556,353,retrograde,direct,2385046.0975204175
356.4661585499808,716.4661585499807,716,direct,retrograde,2385247.5728826644
354.3519040974857,354.3519040974857,354,retrograde,direct,2385412.5746192466
357.60482708285775,717.6048270828578,717,direct,retrograde,2385613.938218399
355.49687851724406,355.49687851724406,355,retrograde,direct,2385779.056624245
358.73734797580227,718.7373479758023,718,direct,retrograde,2385980.4647680297
356.6351707647975,356.6351707647975,356,retrograde,direct,2386145.346922825
359.86296793325084,719.8629679332508,719,direct,retrograde,2386346.8720045984
357.76582795163654,357.76582795163654,357,retrograde,direct,2386511.7157070814
0.9803107679354497,360.98031076793546,360,direct,retrograde,2386713.179504551
358.8875317696837,358.8875317696837,358,retrograde,direct,2386878.106588524
2.089104130702929,362.08910413070294,362,direct,retrograde,2387079.4667436397
0.000234876331210671,0.000234876331210671,0,retrograde,direct,2387244.5302297166
3.188908859971766,363.1889088599718,363,direct,retrograde,2387445.7187697543
1.1036820524204312,1.1036820524204312,1,retrograde,direct,2387611.010588415
4.279754638342099,364.2797546383421,364,direct,retrograde,2387812.1263605887
2.1983576319603824,2.1983576319603824,2,retrograde,direct,2387977.352317013
5.362357528024232,365.36235752802423,365,direct,retrograde,2388178.524601144
3.2850641704329333,3.2850641704329333,3,retrograde,direct,2388343.6666008914
6.437417100736222,366.43741710073624,366,direct,retrograde,2388544.899404209
4.364588510679255,4.364588510679255,4,retrograde,direct,2388709.9166774442
7.506271816647389,367.50627181664737,367,direct,retrograde,2388911.169322173
5.438180410607569,5.438180410607569,5,retrograde,direct,2389076.2881658366
8.56961414250136,368.56961414250134,368,direct,retrograde,2389277.3746570926
6.506499933114256,6.506499933114256,6,retrograde,direct,2389442.724629768
9.62841475709782,369.6284147570978,369,direct,retrograde,2389643.767291109
7.570512805010212,7.570512805010212,7,retrograde,direct,2389809.01359786
10.683381584194766,370.68338158419476,370,direct,retrograde,2390010.1216095015
8.630616961363604,8.630616961363604,8,retrograde,direct,2390175.3291371744
11.73432867769778,371.73432867769776,371,direct,retrograde,2390376.4770001294
9.686303780647716,9.686303780647716,9,retrograde,direct,2390541.550046729
12.781084992375266,372.78108499237527,372,direct,retrograde,2390742.766264423
10.73726854193889,10.73726854193889,10,retrograde,direct,2390907.842193883
13.82289411187561,373.8228941118756,373,direct,retrograde,2391108.9524249397
11.782699930422355,11.782699930422355,11,retrograde,direct,2391274.2455991954
14.859139250512213,374.8591392505122,374,direct,retrograde,2391475.2538035344
12.822211900573734,12.822211900573734,12,retrograde,direct,2391640.5767210536
15.889413506401294,375.8894135064013,375,direct,retrograde,2391841.5813136343
13.855532413008195,13.855532413008195,13,retrograde,direct,2392006.8832001174
16.91361026173723,376.91361026173723,376,direct,retrograde,2392207.989913606
14.882854268428702,14.882854268428702,14,retrograde,direct,2392373.0337129897
17.9323904533317,377.9323904533317,377,direct,retrograde,2392574.228355569
15.904879279365364,15.904879279365364,15,retrograde,direct,2392739.286723053
18.94617683392411,378.9461768339241,378,direct,retrograde,2392940.338919037
16.922078702160796,16.922078702160796,16,retrograde,direct,2393105.663041356
19.955890663503812,379.9558906635038,379,direct,retrograde,2393306.592711064
17.93536869126375,17.93536869126375,17,retrograde,direct,2393471.979371709
20.962040581615955,380.96204058161595,380,direct,retrograde,2393672.8539391626
18.94530574089631,18.94530574089631,18,retrograde,direct,2393838.293628853
21.964982160294934,381.96498216029494,381,direct,retrograde,2394039.2254184233
19.952195286164734,19.952195286164734,19,retrograde,direct,2394204.4509304967
22.96532086857757,382.9653208685776,382,direct,retrograde,2394405.554298561
20.956287644355502,20.956287644355502,20,retrograde,direct,2394570.6175061064
23.96289128581797,383.962891285818,383,direct,retrograde,2394771.730494475
21.957118609979595,21.957118609979595,21,retrograde,direct,2394936.8877870934
24.957386360928698,384.9573863609287,384,direct,retrograde,2395137.958764539
22.954390067707855,22.954390067707855,22,retrograde,direct,2395303.1872463645
25.947928682076068,385.94792868207605,385,direct,retrograde,2395504.1528081
23.94717903840948,23.94717903840948,23,retrograde,direct,2395669.53795198
26.93384840126903,386.933848401269,386,direct,retrograde,2395870.5024453793
24.93506689992228,24.93506689992228,24,retrograde,direct,2396035.699874591
27.91514158198296,387.91514158198294,387,direct,retrograde,2396236.7802039785
25.918126287764142,25.918126287764142,25,retrograde,direct,2396401.8812915497
28.891694245536364,388.89169424553637,388,direct,retrograde,2396602.908677604
26.896498059765133,26.896498059765133,26,retrograde,direct,2396768.167767589
29.864453806981796,389.86445380698177,389,direct,retrograde,2396969.098870096
27.871322688909327,27.871322688909327,27,retrograde,direct,2397134.440090362
30.834197508408252,390.83419750840824,390,direct,retrograde,2397335.2861939482
28.84337685849437,28.84337685849437,28,retrograde,direct,2397500.7431303672
31.801478099003884,391.8014780990039,391,direct,retrograde,2397701.61269404
29.8133313735988,29.8133313735988,29,retrograde,direct,2397866.8888161555
32.76725265319,392.76725265319,392,direct,retrograde,2398067.9228460602
30.782011931670674,30.782011931670674,30,retrograde,direct,2398233.011974208
33.732021287428935,393.73202128742895,393,direct,retrograde,2398434.103481631
31.749743960946564,31.749743960946564,31,retrograde,direct,2398599.1869832734
34.69662120647252,394.6966212064725,394,direct,retrograde,2398800.312843603
32.71715843581787,32.71715843581787,32,retrograde,direct,2398965.429435676
35.660800300159046,395.66080030015905,395,direct,retrograde,2399166.439251898
33.68363700731338,33.68363700731338,33,retrograde,direct,2399331.781395126
36.623753781541424,396.62375378154144,396,direct,retrograde,2399532.7778417394
34.64838834349056,34.64838834349056,34,retrograde,direct,2399697.934439894
37.58479639770582,397.5847963977058,397,direct,retrograde,2399899.1082689576
35.610634584039936,35.610634584039936,35,retrograde,direct,2400064.0516740317
38.54272739274982,398.54272739274984,398,direct,retrograde,2400265.2470601015
36.569148087357156,36.569148087357156,36,retrograde,direct,2400430.2739468226
39.497149071068776,399.49714907106875,399,direct,retrograde,2400631.381383544
37.52384056635745,37.52384056635745,37,retrograde,direct,2400796.513135869
40.44803603143574,400.4480360314357,400,direct,retrograde,2400997.478769644
38.47486431349774,38.47486431349774,38,retrograde,direct,2401162.8432389833
41.39541845590141,401.3954184559014,401,direct,retrograde,2401363.726703804
39.4225913564871,39.4225913564871,39,retrograde,direct,2401529.03032548
42.3400320249521,402.3400320249521,402,direct,retrograde,2401730.0101943035
40.36780109651871,40.36780109651871,40,retrograde,direct,2401895.1703417487
43.282385742858864,403.2823857428589,403,direct,retrograde,2402096.2309650145
41.31102069899182,41.31102069899182,41,retrograde,direct,2402261.2913809186
44.22370080571089,404.2237008057109,404,direct,retrograde,2402462.438507897
42.253551593280356,42.253551593280356,42,retrograde,direct,2402627.4659348503
45.1649068753437,405.1649068753437,405,direct,retrograde,2402828.521292039
43.196253281369906,43.196253281369906,43,retrograde,direct,2402993.7751131877
46.10674097179885,406.10674097179884,406,direct,retrograde,2403194.7923361706
44.13964240346594,44.13964240346594,44,retrograde,direct,2403359.940525283
47.049694526426194,407.0496945264262,407,direct,retrograde,2403561.1230088854
45.08396530147817,45.08396530147817,45,retrograde,direct,2403726.0394175416
47.993377841986195,407.9933778419862,407,direct,retrograde,2403927.314170995
46.02856756589791,46.02856756589791,46,retrograde,direct,2404092.2036363296
48.93740755606808,408.9374075560681,408,direct,retrograde,2404293.4842376746
46.97303106479883,46.97303106479883,46,retrograde,direct,2404458.408210852
49.88123289044787,409.88123289044785,409,direct,retrograde,2404659.572219949
47.916734359652644,47.916734359652644,47,retrograde,direct,2404824.728210571
50.82423830540521,410.82423830540523,410,direct,retrograde,2405025.8151911693
48.85935229785827,48.85935229785827,48,retrograde,direct,2405190.9095454067
51.76628308008828,411.7662830800883,411,direct,retrograde,2405392.0889208335
49.800919852106865,49.800919852106865,49,retrograde,direct,2405557.051411815
52.7073235001743,412.7073235001743,412,direct,retrograde,2405758.341763733
50.741518235416876,50.741518235416876,50,retrograde,direct,2405923.144608182
53.64813362489509,413.6481336248951,413,direct,retrograde,2406124.5566551583
51.68188533040505,51.68188533040505,51,retrograde,direct,2406289.286834907
54.5890834917133,414.5890834917133,414,direct,retrograde,2406490.605189423
52.62256746209353,52.62256746209353,52,retrograde,direct,2406655.598247217
55.53075167365701,415.530751673657,415,direct,retrograde,2406856.80960973
53.564209916898896,53.564209916898896,53,retrograde,direct,2407021.827165358
56.47397250434663,416.47397250434665,416,direct,retrograde,2407223.1341482922
54.50759441802048,54.50759441802048,54,retrograde,direct,2407387.9466480725
57.41904051198321,417.4190405119832,417,direct,retrograde,2407589.3856242495
55.452725340338475,55.452725340338475,55,retrograde,direct,2407754.043967151
58.36629590147669,418.3662959014767,418,direct,retrograde,2407955.6194879888
56.3997135253291,56.3997135253291,56,retrograde,direct,2408120.201771776
59.3153646355933,419.3153646355933,419,direct,retrograde,2408321.6968062073
57.34794414198239,57.34794414198239,57,retrograde,direct,2408486.5115892217
60.265664356237224,420.2656643562372,420,direct,retrograde,2408687.9110776605
58.296901631708295,58.296901631708295,58,retrograde,direct,2408852.716481954
61.21655253360512,421.2165525336051,421,direct,retrograde,2409054.1566159753
59.24591760083415,59.24591760083415,59,retrograde,direct,2409218.9196953
62.16718659450245,422.1671865945025,422,direct,retrograde,2409420.42567268
60.19440810654069,60.19440810654069,60,retrograde,direct,2409585.0512315696
63.11790762413458,423.1179076241346,423,direct,retrograde,2409786.6908782255
61.14288994734975,61.14288994734975,61,retrograde,direct,2409951.1795463553
64.06906951943897,424.069069519439,424,direct,retrograde,2410152.7900072755
62.09186941640777,62.09186941640777,62,retrograde,direct,2410317.469730828
65.02121411677447,425.02121411677444,425,direct,retrograde,2410518.972543086
63.042020159524746,63.042020159524746,63,retrograde,direct,2410683.705399166
65.9753020228804,425.9753020228804,425,direct,retrograde,2410885.2614347115
63.99439013659085,63.99439013659085,63,retrograde,direct,2411049.8700409997
66.93191128571355,426.93191128571357,426,direct,retrograde,2411251.5590126887
64.94960473030373,64.94960473030373,64,retrograde,direct,2411415.9573871465
67.89229446383405,427.89229446383405,427,direct,retrograde,2411617.827580589
65.90885430870755,65.90885430870755,65,retrograde,direct,2411782.111650571
68.85711271794526,428.85711271794526,428,direct,retrograde,2411983.9331863625
66.87243460173191,66.87243460173191,66,retrograde,direct,2412148.4199032607
69.82677480507661,429.82677480507664,429,direct,retrograde,2412350.162155698
67.84059277722676,67.84059277722676,67,retrograde,direct,2412514.643798571
70.80117185651164,430.80117185651164,430,direct,retrograde,2412716.425986916
68.81296421687644,68.81296421687644,68,retrograde,direct,2412880.8648025896
71.77917402465438,431.77917402465437,431,direct,retrograde,2413082.748063717
69.78829423318754,69.78829423318754,69,retrograde,direct,2413247.001008313
72.76016001577996,432.76016001577995,432,direct,retrograde,2413449.114656669
70.76596654358757,70.76596654358757,70,retrograde,direct,2413613.0911953337
73.74351058539999,433.7435105854,433,direct,retrograde,2413815.2864462845
71.74552010714335,71.74552010714335,71,retrograde,direct,2413979.3850927223
74.72875972779059,434.7287597277906,434,direct,retrograde,2414181.434455649
72.72674088390362,72.72674088390362,72,retrograde,direct,2414345.6807882376
75.71624985941209,435.7162498594121,435,direct,retrograde,2414547.6498144083
73.71009748565807,73.71009748565807,73,retrograde,direct,2414711.9632417383
76.7060094324418,436.7060094324418,436,direct,retrograde,2414913.9756105747
74.69572503444698,74.69572503444698,74,retrograde,direct,2415078.1157079423
77.69880021383402,437.69880021383403,437,direct,retrograde,2415280.308164577
75.68462886114507,75.68462886114507,75,retrograde,direct,2415444.260842249
78.6954152900175,438.6954152900175,438,direct,retrograde,2415646.524577788
76.67771588331009,76.67771588331009,76,retrograde,direct,2415810.5455176104
79.69717543042687,439.69717543042685,439,direct,retrograde,2416012.782553359
77.67624369254584,77.67624369254584,77,retrograde,direct,2416176.800229039
80.70531065793011,440.7053106579301,440,direct,retrograde,2416379.026770479
78.68128048752875,78.68128048752875,78,retrograde,direct,2416543.069909677
81.7202359688958,441.7202359688958,441,direct,retrograde,2416745.3647733023
79.69298071055042,79.69298071055042,79,retrograde,direct,2416909.2697679214
82.74234382336039,442.7423438233604,442,direct,retrograde,2417111.8001386337
80.71147510187176,80.71147510187176,80,retrograde,direct,2417275.3922301866
83.7713525711974,443.7713525711974,443,direct,retrograde,2417478.0913139405
81.73632247775072,81.73632247775072,81,retrograde,direct,2417641.6787029915
84.80676199831285,444.8067619983128,444,direct,retrograde,2417844.3697645506
82.76700225989461,82.76700225989461,82,retrograde,direct,2418007.9678315334
85.84820197055117,445.84820197055114,445,direct,retrograde,2418210.586328516
83.80326278278099,83.80326278278099,83,retrograde,direct,2418374.3295091614
86.8953515807916,446.8953515807916,446,direct,retrograde,2418576.94752164
84.84492112632368,84.84492112632368,84,retrograde,direct,2418740.551639721
87.94847681211743,447.9484768121174,447,direct,retrograde,2418943.352809366
85.8923129562189,85.8923129562189,85,retrograde,direct,2419106.719804543
89.00752194758928,449.0075219475893,449,direct,retrograde,2419309.6927634906
86.94557765585417,86.94557765585417,86,retrograde,direct,2419473.031475233
90.07323897236198,450.073238972362,450,direct,retrograde,2419676.0477789454
88.0055581884479,88.0055581884479,88,retrograde,direct,2419839.3463961296
91.14657732562392,451.1465773256239,451,direct,retrograde,2420042.3100601863
89.07338297286063,89.07338297286063,89,retrograde,direct,2420205.709904857
92.22822092485201,452.228220924852,452,direct,retrograde,2420408.635262523
90.14968037535004,90.14968037535004,90,retrograde,direct,2420572.0212046
93.31926667705653,453.31926667705653,453,direct,retrograde,2420775.1139749177
91.23529670205556,91.23529670205556,91,retrograde,direct,2420938.207582035
94.41999834891828,454.4199983489183,454,direct,retrograde,2421141.5569563573
92.33031204900752,92.33031204900752,92,retrograde,direct,2421304.4659923688
95.53073142388801,455.530731423888,455,direct,retrograde,2421508.0088998387
93.43485039939127,93.43485039939127,93,retrograde,direct,2421670.7623087587
96.65100675520557,456.6510067552056,456,direct,retrograde,2421874.3007120425
94.54826531106822,94.54826531106822,94,retrograde,direct,2422037.231392785
97.78020221069316,457.7802022106932,457,direct,retrograde,2422240.6680980716
95.66991204178733,95.66991204178733,95,retrograde,direct,2422403.6160311634
98.91814267046146,458.91814267046146,458,direct,retrograde,2422607.100242773
96.79977688042749,96.79977688042749,96,retrograde,direct,2422769.916871706
100.06435289802464,460.06435289802465,460,direct,retrograde,2422973.545449525
97.93759532667555,97.93759532667555,97,retrograde,direct,2423136.2780648936
101.2193330973289,461.2193330973289,461,direct,retrograde,2423340.0886916835
99.08396419344824,99.08396419344824,99,retrograde,direct,2423502.58785271
102.38377252417959,462.38377252417956,462,direct,retrograde,2423706.5008165175
100.23981033283893,100.23981033283893,100,retrograde,direct,2423869.0294430517
103.5583481276699,463.5583481276699,463,direct,retrograde,2424072.9029458575
101.40601533020345,101.40601533020345,101,retrograde,direct,2424235.4632909074
104.74465323041278,464.7446532304128,464,direct,retrograde,2424439.344327963
102.58424167636956,102.58424167636956,102,retrograde,direct,2424601.839370247
105.94375140031956,465.94375140031957,465,direct,retrograde,2424805.86842243
103.77547533947941,103.77547533947941,103,retrograde,direct,2424968.167208827
107.1571967352967,467.1571967352967,467,direct,retrograde,2425172.466730957
104.9811887100801,104.9811887100801,104,retrograde,direct,2425334.4899537433
108.38585351687543,468.38585351687544,468,direct,retrograde,2425539.005226315
106.20205618045809,106.20205618045809,106,retrograde,direct,2425700.9932291918
109.63034473632682,469.63034473632683,469,direct,retrograde,2425905.587974469
107.43820754531448,107.43820754531448,107,retrograde,direct,2426067.4852220267
110.89072510398904,470.89072510398904,470,direct,retrograde,2426272.0641068146
108.68956658828763,108.68956658828763,108,retrograde,direct,2426433.975516347
112.16612222056365,472.16612222056364,472,direct,retrograde,2426638.5750505356
109.95512104963524,109.95512104963524,109,retrograde,direct,2426800.457239059
113.45623508352654,473.4562350835265,473,direct,retrograde,2427005.2390540857
111.23460699641888,111.23460699641888,111,retrograde,direct,2427166.811581811
114.7606821831765,474.7606821831765,474,direct,retrograde,2427371.8397175483
112.52795395373029,112.52795395373029,112,retrograde,direct,2427533.3071081005
116.07947865427549,476.0794786542755,476,direct,retrograde,2427738.5232736142
113.83520571625637,113.83520571625637,113,retrograde,direct,2427899.8297998123
117.41297636741173,477.4129763674117,477,direct,retrograde,2428105.095435558
115.15704028782832,115.15704028782832,115,retrograde,direct,2428266.475890128
118.76190567843027,478.76190567843025,478,direct,retrograde,2428471.72085373
116.49429778690805,116.49429778690805,116,retrograde,direct,2428633.074414718
120.12764872976155,480.1276487297615,480,direct,retrograde,2428838.3375779875
117.84855929676827,117.84855929676827,117,retrograde,direct,2428999.579005652
121.51136035353151,481.51136035353153,481,direct,retrograde,2429205.0134481164
119.22113169549073,119.22113169549073,119,retrograde,direct,2429366.135793308
122.91499297236044,482.91499297236044,482,direct,retrograde,2429571.8385688374
120.6137408675237,120.6137408675237,120,retrograde,direct,2429732.636100959
124.33997914512723,484.33997914512724,484,direct,retrograde,2429938.5632350063
122.0279414954599,122.0279414954599,122,retrograde,direct,2430099.2688333197
125.78738906373518,485.7873890637352,485,direct,retrograde,2430305.3638882134
123.46426855590748,123.46426855590748,123,retrograde,direct,2430465.960929676
127.25798044833282,487.25798044833283,487,direct,retrograde,2430672.110344123
124.92314544318293,124.92314544318293,124,retrograde,direct,2430832.627966877
128.7513618427518,488.7513618427518,488,direct,retrograde,2431038.873680329
126.40415499934306,126.40415499934306,126,retrograde,direct,2431199.3058778485
130.26784089725726,490.26784089725726,490,direct,retrograde,2431405.715609635
127.90752718802925,127.90752718802925,127,retrograde,direct,2431565.930198868
131.80707795756484,491.80707795756484,491,direct,retrograde,2431772.580879312
129.4331261657493,129.4331261657493,129,retrograde,direct,2431932.661267082
133.3694532429314,493.3694532429314,493,direct,retrograde,2432139.5306469016
130.9812426814952,130.9812426814952,130,retrograde,direct,2432299.368668589
134.95515764009158,494.95515764009156,494,direct,retrograde,2432506.403700919
132.5526810427974,132.5526810427974,132,retrograde,direct,2432666.2103285007
136.56475604736795,496.56475604736795,496,direct,retrograde,2432873.3425579574
134.1479082573877,134.1479082573877,134,retrograde,direct,2433033.085546177
138.19974580268396,498.199745802684,498,direct,retrograde,2433240.260807464
135.76863976106682,135.76863976106682,135,retrograde,direct,2433399.859909625
139.86108348623912,499.8610834862391,499,direct,retrograde,2433607.1600959366
137.41605157836437,137.41605157836437,137,retrograde,direct,2433766.720068734
141.55061785225098,501.550617852251,501,direct,retrograde,2433974.185439567
139.0918000085703,139.0918000085703,139,retrograde,direct,2434133.4713080395
143.2698226615448,503.2698226615448,503,direct,retrograde,2434341.211945351
140.79743819964696,140.79743819964696,140,retrograde,direct,2434500.349899427
145.0197973564561,505.01979735645614,505,direct,retrograde,2434708.3653313033
142.53348935392427,142.53348935392427,142,retrograde,direct,2434867.244049391
146.80081779709485,506.80081779709485,506,direct,retrograde,2435075.489328486
144.30025626803732,144.30025626803732,144,retrograde,direct,2435234.275634311
148.61272627092043,508.61272627092046,508,direct,retrograde,2435442.6982084513
146.09728328337306,146.09728328337306,146,retrograde,direct,2435601.3376578484
150.4555155159802,510.4555155159802,510,direct,retrograde,2435809.799098241
147.92473839380173,147.92473839380173,147,retrograde,direct,2435968.32946108
152.32869329953036,512.3286932995304,512,direct,retrograde,2436176.932562324
149.78228724449232,149.78228724449232,149,retrograde,direct,2436335.4176103286
154.23267979802293,514.2326797980229,514,direct,retrograde,2436544.1499006376
151.669976801326,151.669976801326,151,retrograde,direct,2436702.4098734083
156.16721682415775,516.1672168241578,516,direct,retrograde,2436911.349784378
153.588422407502,153.588422407502,153,retrograde,direct,2437069.5329341404
158.13308848303782,518.1330884830378,518,direct,retrograde,2437278.695249495
155.53817744105964,155.53817744105964,155,retrograde,direct,2437436.685646219
160.1311046981947,520.1311046981947,520,direct,retrograde,2437646.0007286845
157.52071288854532,157.52071288854532,157,retrograde,direct,2437803.907421453
162.1623131934637,522.1623131934637,522,direct,retrograde,2438013.4107033014
159.53720413772794,159.53720413772794,159,retrograde,direct,2438171.160026827
164.2284853009634,524.2284853009634,524,direct,retrograde,2438380.7972703977
161.58977855587298,161.58977855587298,161,retrograde,direct,2438538.3991300045
166.33086022114662,526.3308602211466,526,direct,retrograde,2438748.274150973
163.67934325186854,163.67934325186854,163,retrograde,direct,2438905.7214482184
168.4708058513107,528.4708058513107,528,direct,retrograde,2439115.7082044203
165.80663975095294,165.80663975095294,165,retrograde,direct,2439272.9612175645
170.64777363928152,530.6477736392815,530,direct,retrograde,2439483.1450751536
167.9712274975395,167.9712274975395,167,retrograde,direct,2439640.3486223146
172.8613927062039,532.8613927062039,532,direct,retrograde,2439850.6936321612
170.1719503966782,170.1719503966782,170,retrograde,direct,2440007.6641832218
175.11026826869957,535.1102682686995,535,direct,retrograde,2440218.208138779
172.40815967816036,172.40815967816036,172,retrograde,direct,2440375.0816357695
177.39295916322303,537.392959163223,537,direct,retrograde,2440585.840764176
174.67772738602017,174.67772738602017,174,retrograde,direct,2440742.602309148
179.7077463761987,539.7077463761987,539,direct,retrograde,2440953.420735415
176.97949321428385,176.97949321428385,176,retrograde,direct,2441110.144385134
182.05289378405524,542.0528937840552,542,direct,retrograde,2441321.119340252
179.31176996989342,179.31176996989342,179,retrograde,direct,2441477.7500604764
184.4269576674841,544.4269576674841,544,direct,retrograde,2441688.7953921966
181.67350041409125,181.67350041409125,181,retrograde,direct,2441845.349373021
186.82838437941552,546.8283843794155,546,direct,retrograde,2442056.5439497
184.06333946949047,184.06333946949047,184,retrograde,direct,2442213.0587718803
189.2565399267198,549.2565399267198,549,direct,retrograde,2442424.239672018
186.48099964701817,186.48099964701817,186,retrograde,direct,2442580.6729810564
191.71044578225536,551.7104457822554,551,direct,retrograde,2442791.9870694354
188.9262899063503,188.9262899063503,188,retrograde,direct,2442948.40491591
194.1905704314973,554.1905704314972,554,direct,retrograde,2443159.7935819235
191.3989129540874,191.3989129540874,191,retrograde,direct,2443316.051896222
196.69577130745526,556.6957713074553,556,direct,retrograde,2443527.530653636
193.89813864381276,193.89813864381276,193,retrograde,direct,2443683.8141867258
199.2248646088325,559.2248646088325,559,direct,retrograde,2443895.3634884898
196.4217702388246,196.4217702388246,196,retrograde,direct,2444051.5546590406
201.77573737186117,561.7757373718612,561,direct,retrograde,2444263.1572203822
198.96810234047692,198.96810234047692,198,retrograde,direct,2444419.3363136016
204.34565715214944,564.3456571521494,564,direct,retrograde,2444631.0368081667
201.53376817988314,201.53376817988314,201,retrograde,direct,2444787.1722793793
206.93145712850756,566.9314571285075,566,direct,retrograde,2444998.8507095417
204.1158321525277,204.1158321525277,204,retrograde,direct,2445155.049666496
209.529555120809,569.5295551208089,569,direct,retrograde,2445366.7502474897
206.71044483673816,206.71044483673816,206,retrograde,direct,2445522.9795838846
212.13655229779673,572.1365522977967,572,direct,retrograde,2445734.5942441598
209.31454382588072,209.31454382588072,209,retrograde,direct,2445890.852706651
214.74862696041674,574.7486269604167,574,direct,retrograde,2446102.5079908734
211.9242628386346,211.9242628386346,211,retrograde,direct,2446258.8650620617
217.36276451473793,577.3627645147379,577,direct,retrograde,2446470.353242439
214.53651771717887,214.53651771717887,214,retrograde,direct,2446626.7754823975
219.97533892933404,579.975338929334,579,direct,retrograde,2446838.2112980336
217.14879078736348,217.14879078736348,217,retrograde,direct,2446994.761059489
222.58491183700136,582.5849118370013,582,direct,retrograde,2447206.1228544144
219.7592710246437,219.7592710246437,219,retrograde,direct,2447362.6813118355
225.18943666380633,585.1894366638063,585,direct,retrograde,2447573.910671522
222.36656741668742,222.36656741668742,222,retrograde,direct,2447730.6624466525
227.78749471962345,587.7874947196235,587,direct,retrograde,2447941.7708319835
224.9685188245425,224.9685188245425,224,retrograde,direct,2448098.558070359
230.37721934691305,590.3772193469131,590,direct,retrograde,2448309.5584156606
227.5634321303087,227.5634321303087,227,retrograde,direct,2448466.487570908
232.9565404096515,592.9565404096516,592,direct,retrograde,2448677.395925712
230.14837046042146,230.14837046042146,230,retrograde,direct,2448834.394111193
235.52275767089841,595.5227576708984,595,direct,retrograde,2449045.1016613357
232.7209562203509,232.7209562203509,232,retrograde,direct,2449202.307994822
238.0731495998489,598.0731495998489,598,direct,retrograde,2449412.9146241117
235.27773034754725,235.27773034754725,235,retrograde,direct,2449570.2103567477
240.60501880342713,600.6050188034271,600,direct,retrograde,2449780.60603494
237.8163652011274,237.8163652011274,237,retrograde,direct,2449938.062324384
243.1155645136925,603.1155645136926,603,direct,retrograde,2450148.346413669
240.33388768688764,240.33388768688764,240,retrograde,direct,2450306.022444765
245.60264312823446,605.6026431282345,605,direct,retrograde,2450516.039386876
242.82787782352077,242.82787782352077,242,retrograde,direct,2450673.855369729
248.06343261848997,608.06343261849,608,direct,retrograde,2450883.7063245606
245.29619524114187,245.29619524114187,245,retrograde,direct,2451041.7560788402
250.4969347509298,610.4969347509298,610,direct,retrograde,2451251.4000729155
247.73768613403251,247.73768613403251,247,retrograde,direct,2451409.5741268955
252.90210719506464,612.9021071950647,612,direct,retrograde,2451618.994888463
250.1520981242487,250.1520981242487,250,retrograde,direct,2451777.446700015
255.27932498616408,615.279324986164,615,direct,retrograde,2451986.610212217
252.53955922609975,252.53955922609975,252,retrograde,direct,2452145.1720313085
257.6287711260866,617.6287711260866,617,direct,retrograde,2452354.1207917305
254.90065495113598,254.90065495113598,254,retrograde,direct,2452512.958482176
259.9511390057259,619.951139005726,619,direct,retrograde,2452721.7168829106
257.2352055104403,257.2352055104403,257,retrograde,direct,2452880.647888344
262.2466284552997,622.2466284552997,622,direct,retrograde,2453089.1305049155
259.54355851469046,259.54355851469046,259,retrograde,direct,2453248.317455518
264.5147537194639,624.5147537194639,624,direct,retrograde,2453456.6031131167
261.8244897843383,261.8244897843383,261,retrograde,direct,2453615.9522096813
266.75520684235494,626.7552068423549,626,direct,retrograde,2453824.027640987
264.07760685314116,264.07760685314116,264,retrograde,direct,2453983.4726430597
268.96687220522745,628.9668722052274,628,direct,retrograde,2454191.44809536
266.3018120576581,266.3018120576581,266,retrograde,direct,2454351.1209480613
271.1491862443837,631.1491862443837,631,direct,retrograde,2454558.8913430385
268.496006427507,268.496006427507,268,retrograde,direct,2454718.6344443504
273.30064584902647,633.3006458490265,633,direct,retrograde,2454926.2328784848
270.65896470753233,270.65896470753233,270,retrograde,direct,2455086.2062880136
275.4204119848915,635.4204119848914,635,direct,retrograde,2455293.607079953
272.78975799602387,272.78975799602387,272,retrograde,direct,2455453.6914570453
277.5076350151545,637.5076350151545,637,direct,retrograde,2455660.868596893
274.8880173029239,274.8880173029239,274,retrograde,direct,2455821.266570721
279.5626973710607,639.5626973710607,639,direct,retrograde,2456028.1835578196
276.95419452051806,276.95419452051806,276,retrograde,direct,2456188.7132051373
281.5864910758493,641.5864910758494,641,direct,retrograde,2456395.3158542803
278.98981218088755,278.98981218088755,278,retrograde,direct,2456556.1448258106
283.5801718974958,643.5801718974958,643,direct,retrograde,2456762.491026642
280.995970301814,280.995970301814,280,retrograde,direct,2456923.5249322243
285.5460029417295,645.5460029417295,645,direct,retrograde,2457129.6627677837
282.97479921507204,282.97479921507204,282,retrograde,direct,2457290.7900854815
287.4849836823555,647.4849836823555,647,direct,retrograde,2457496.8095668675
284.9271546015772,284.9271546015772,284,retrograde,direct,2457658.126053009
289.39852207181355,649.3985220718135,649,direct,retrograde,2457864.033691179
286.8540442561068,286.8540442561068,286,retrograde,direct,2458025.3164677024
291.2872815491251,651.287281549125,651,direct,retrograde,2458231.142855393
288.75614590793094,288.75614590793094,288,retrograde,direct,2458392.585564792
293.15176903507114,653.1517690350711,653,direct,retrograde,2458598.2832181845
290.63365707314574,290.63365707314574,290,retrograde,direct,2458759.777067311
294.9921532715669,654.9921532715668,654,direct,retrograde,2458965.2875019945
292.4865853306015,292.4865853306015,292,retrograde,direct,2459127.064201532
296.80799136408547,656.8079913640854,656,direct,retrograde,2459332.3343231454
294.31415078408037,294.31415078408037,294,retrograde,direct,2459494.2700649863
298.59888865858386,658.5988886585839,658,direct,retrograde,2459699.2748593744
296.1161090717824,296.1161090717824,296,retrograde,direct,2459861.413873585
300.36411211467646,660.3641121146765,660,direct,retrograde,2460066.214165193
297.8918590747071,297.8918590747071,297,retrograde,direct,2460228.548356656
302.1039602634233,662.1039602634232,662,direct,retrograde,2460433.2409716947
299.64186848837016,299.64186848837016,299,retrograde,direct,2460595.5221177265
303.8186967081333,663.8186967081333,663,direct,retrograde,2460800.144014284
301.3670390596332,301.3670390596332,301,retrograde,direct,2460962.6195909195
305.50952413204544,665.5095241320455,665,direct,retrograde,2461167.148924536
303.0686160049292,303.0686160049292,303,retrograde,direct,2461329.611330229
307.1780605805862,667.1780605805861,667,direct,retrograde,2461534.0376807824
304.74825679985054,304.74825679985054,304,retrograde,direct,2461696.66146069
308.8253936121814,668.8253936121814,668,direct,retrograde,2461900.895500481
306.40687764665444,306.40687764665444,306,retrograde,direct,2462063.6571021937
310.4528201828896,670.4528201828896,670,direct,retrograde,2462267.6763345413
308.0456329380249,308.0456329380249,308,retrograde,direct,2462430.664089363
312.0607801684446,672.0607801684446,672,direct,retrograde,2462634.4661724
309.6648116427962,309.6648116427962,309,retrograde,direct,2462797.629145369
313.6502871991467,673.6502871991468,673,direct,retrograde,2463001.3521827515
311.2652286962983,311.2652286962983,311,retrograde,direct,2463164.467173715
315.2212888302358,675.2212888302358,675,direct,retrograde,2463368.1623134445
312.84664196267147,312.84664196267147,312,retrograde,direct,2463531.381081203
316.7735841886091,676.7735841886091,676,direct,retrograde,2463735.040138889
314.40873808209386,314.40873808209386,314,retrograde,direct,2463898.196075605
318.30718435194933,678.3071843519493,678,direct,retrograde,2464101.788852742
315.9516130472344,315.9516130472344,315,retrograde,direct,2464265.0744134635
319.82146595439104,679.821465954391,679,direct,retrograde,2464468.45504014
317.47469286439997,317.47469286439997,317,retrograde,direct,2464631.9856020343
321.3168414176131,681.3168414176131,681,direct,retrograde,2464835.149482175
318.9786569131949,318.9786569131949,318,retrograde,direct,2464998.830410201
322.79363165131696,682.7936316513169,682,direct,retrograde,2465201.8274275986
320.4641822812764,320.4641822812764,320,retrograde,direct,2465365.647729107
324.2530803123224,684.2530803123225,684,direct,retrograde,2465568.600464117
321.93276520351264,321.93276520351264,321,retrograde,direct,2465732.344941344
325.6965348054799,685.6965348054799,685,direct,retrograde,2465935.3059480377
323.3857326943771,323.3857326943771,323,retrograde,direct,2466099.0795524362
327.1252574367284,687.1252574367284,687,direct,retrograde,2466302.0550283697
324.8241653859268,324.8241653859268,324,retrograde,direct,2466465.755821388
328.5404848571876,688.5404848571876,688,direct,retrograde,2466668.64106288
326.24927694198806,326.24927694198806,326,retrograde,direct,2466832.5137092033
329.94278145010423,689.9427814501042,689,direct,retrograde,2467035.187355127
327.66141969866965,327.66141969866965,327,retrograde,direct,2467199.3116449406
331.3329592646498,691.3329592646498,691,direct,retrograde,2467401.861919785
329.0611444993314,329.0611444993314,329,retrograde,direct,2467565.9767736513
332.7108400498997,692.7108400498996,692,direct,retrograde,2467768.470222518
330.44806182356194,330.44806182356194,330,retrograde,direct,2467932.6692518173
334.0759385857709,694.0759385857709,694,direct,retrograde,2468135.194673758
331.82157342918237,331.82157342918237,331,retrograde,direct,2468299.2294313125
335.42767464651945,695.4276746465194,695,direct,retrograde,2468501.806384363
333.1809604041591,333.1809604041591,333,retrograde,direct,2468665.8692556247
336.7651642696186,696.7651642696186,696,direct,retrograde,2468868.360868618
334.5254375018708,334.5254375018708,334,retrograde,direct,2469032.5053493483
338.0881355045299,698.0881355045299,698,direct,retrograde,2469234.838455651
335.8549476541789,335.8549476541789,335,retrograde,direct,2469399.21283722
339.39624837527026,699.3962483752703,699,direct,retrograde,2469601.3004493164
337.16957975936134,337.16957975936134,337,retrograde,direct,2469765.9064265573
340.6904809568016,700.6904809568016,700,direct,retrograde,2469967.9192580283
338.4706300354404,338.4706300354404,338,retrograde,direct,2470132.4242134625
341.9718394617677,701.9718394617677,701,direct,retrograde,2470334.4499548646
339.75913261146127,339.75913261146127,339,retrograde,direct,2470499.0062572146
343.2412638662906,703.2412638662906,703,direct,retrograde,2470701.005655865
341.0360622291046,341.0360622291046,341,retrograde,direct,2470865.501974022
344.50034592292457,704.5003459229246,704,direct,retrograde,2471067.4976719683
342.30295067453824,342.30295067453824,342,retrograde,direct,2471232.055883242
345.74988296561816,705.7498829656181,705,direct,retrograde,2471433.9169229735
343.56045331564644,343.56045331564644,343,retrograde,direct,2471598.661253129
346.9909035966534,706.9909035966534,706,direct,retrograde,2471800.4520536736
344.8094338119289,344.8094338119289,344,retrograde,direct,2471965.17653957
348.2236387872031,708.2236387872031,708,direct,retrograde,2472166.979925832
346.0497855694074,346.0497855694074,346,retrograde,direct,2472331.671065579
349.4478591663637,709.4478591663637,709,direct,retrograde,2472533.5675892048
347.2811690226963,347.2811690226963,347,retrograde,direct,2472698.064809855
350.6632460345226,710.6632460345227,710,direct,retrograde,2472899.985355532
348.50305683687554,348.50305683687554,348,retrograde,direct,2473064.5857826388
351.868752740172,711.868752740172,711,direct,retrograde,2473266.331268385
349.7143340369579,349.7143340369579,349,retrograde,direct,2473431.149849491
353.0639858352082,713.0639858352082,713,direct,retrograde,2473632.7531254385
350.9148728225295,350.9148728225295,350,retrograde,direct,2473797.669180045
354.24847172532867,714.2484717253287,714,direct,retrograde,2473999.1320188455
352.1045233528494,352.1045233528494,352,retrograde,direct,2474164.208308857
355.4223692331283,715.4223692331283,715,direct,retrograde,2474365.668401043
353.2837624261328,353.2837624261328,353,retrograde,direct,2474530.565774154
356.58655147117395,716.586551471174,716,direct,retrograde,2474732.159275342
354.4534525042512,354.4534525042512,354,retrograde,direct,2474896.9340869673
357.7415475586381,717.7415475586381,717,direct,retrograde,2475098.5254247254
355.6141505256638,355.6141505256638,355,retrograde,direct,2475263.3382025817
358.8883639731816,718.8883639731816,718,direct,retrograde,2475464.836919942
356.76689645946345,356.76689645946345,356,retrograde,direct,2475629.8350922028
0.027709392420155275,360.02770939242015,360,direct,retrograde,2475831.134596509
357.91229827291346,357.91229827291346,357,retrograde,direct,2475996.3544950765
1.1602733810827226,361.16027338108273,361,direct,retrograde,2476197.6008615494
359.05093872660456,359.05093872660456,359,retrograde,direct,2476362.710861098
2.286287198030892,362.2862871980309,362,direct,retrograde,2476564.02558152
0.18284789798606765,0.18284789798606765,0,retrograde,direct,2476729.090083044
3.40556289607058,363.4055628960706,363,direct,retrograde,2476930.449287801
1.3076577324686074,1.3076577324686074,1,retrograde,direct,2477095.4000235554
4.518097036961675,364.51809703696165,364,direct,retrograde,2477296.800629128
2.4251939431036034,2.4251939431036034,2,retrograde,direct,2477461.770592075
5.623099666736261,365.62309966673627,365,direct,retrograde,2477663.0474853925
3.5346403308872603,3.5346403308872603,3,retrograde,direct,2477828.259121797
6.720099479288726,366.7200994792887,366,direct,retrograde,2478029.428435538
4.635804088524872,4.635804088524872,4,retrograde,direct,2478194.6434622956
7.809001262614637,367.80900126261463,367,direct,retrograde,2478395.811405821
5.728834406265267,5.728834406265267,5,retrograde,direct,2478560.9928648053
8.89017110720098,368.89017110720096,368,direct,retrograde,2478762.2141264044
6.814360665651718,6.814360665651718,6,retrograde,direct,2478927.24690668
9.964597061491466,369.9645970614915,369,direct,retrograde,2479128.4888761733
7.893293388764911,7.893293388764911,7,retrograde,direct,2479293.608638432
11.032856637699535,371.0328566376995,371,direct,retrograde,2479494.6829150645
8.966337534141205,8.966337534141205,8,retrograde,direct,2479660.0299627
12.096146402303416,372.0961464023034,372,direct,retrograde,2479861.037606584
10.034749883704848,10.034749883704848,10,retrograde,direct,2480026.3657786287
13.155095771870036,373.15509577187004,373,direct,retrograde,2480227.3629121473
11.09898945310052,11.09898945310052,11,retrograde,direct,2480392.726548368
14.210047635150513,374.2100476351505,374,direct,retrograde,2480593.8013239857
12.15927474680782,12.15927474680782,12,retrograde,direct,2480758.9058362665
15.261561579161532,375.26156157916154,375,direct,retrograde,2480960.190029325
13.215874425799866,13.215874425799866,13,retrograde,direct,2481125.1130014583
16.30928994515097,376.30928994515097,376,direct,retrograde,2481326.3765107775
14.268145852195158,14.268145852195158,14,retrograde,direct,2481491.488311925
17.352794970608485,377.3527949706085,377,direct,retrograde,2481692.612082134
15.315589688014398,15.315589688014398,15,retrograde,direct,2481857.870260399
18.39105268628481,378.3910526862848,378,direct,retrograde,2482058.878673954
16.357028476049738,16.357028476049738,16,retrograde,direct,2482224.265049155
19.42289358962327,379.4228935896233,379,direct,retrograde,2482425.264234687
17.391661474072684,17.391661474072684,17,retrograde,direct,2482590.49239563
20.448056589270237,380.4480565892702,380,direct,retrograde,2482791.563423018
18.419385824053595,18.419385824053595,18,retrograde,direct,2482956.7322585257
21.46635158865739,381.4663515886574,381,direct,retrograde,2483157.755126057
19.44020952659604,19.44020952659604,19,retrograde,direct,2483323.0188259613
22.47862091389611,382.4786209138961,382,direct,retrograde,2483523.989822465
20.455153436664997,20.455153436664997,20,retrograde,direct,2483689.317894142
23.485458046225283,383.4854580462253,383,direct,retrograde,2483890.1791066984
21.464964880220162,21.464964880220162,21,retrograde,direct,2484055.68486802
24.487552210150547,384.48755221015057,384,direct,retrograde,2484256.5284537124
22.470482379863977,22.470482379863977,22,retrograde,direct,2484421.893898259
25.486147200235948,385.48614720023596,385,direct,retrograde,2484622.8843449336
23.47283143708016,23.47283143708016,23,retrograde,direct,2484788.0633718194
26.481939635206704,386.4819396352067,386,direct,retrograde,2484989.10379983
24.472460353203243,24.472460353203243,24,retrograde,direct,2485154.288253946
27.475734796997013,387.475734796997,387,direct,retrograde,2485355.315707296
25.47009401944329,25.47009401944329,25,retrograde,direct,2485520.5820681006
28.46776501474051,388.4677650147405,388,direct,retrograde,2485721.500965248
26.46563501146223,26.46563501146223,26,retrograde,direct,2485886.9408077393
29.457625498495542,389.45762549849553,389,direct,retrograde,2486087.8514756216
27.45857199460497,27.45857199460497,27,retrograde,direct,2486253.1317269355
30.444631376557215,390.4446313765572,390,direct,retrograde,2486454.1506113047
28.448074480691773,28.448074480691773,28,retrograde,direct,2486619.3246651627
31.427689580308805,391.4276895803088,391,direct,retrograde,2486820.3639685027
29.433129159799687,29.433129159799687,29,retrograde,direct,2486985.5279216543
32.406659780618035,392.40665978061804,392,direct,retrograde,2487186.541535259
30.413799346438655,30.413799346438655,30,retrograde,direct,2487351.772684195
33.38149372340882,393.3814937234088,393,direct,retrograde,2487552.6583603024
31.39022688096172,31.39022688096172,31,retrograde,direct,2487718.118811218
34.352222062680305,394.3522220626803,394,direct,retrograde,2487918.9352818485
32.36264424173798,32.36264424173798,32,retrograde,direct,2488084.359549145
35.31933765379161,395.3193376537916,395,direct,retrograde,2488285.273752656
33.33168635899366,33.33168635899366,33,retrograde,direct,2488450.5104069244
36.2833248854782,396.2833248854782,396,direct,retrograde,2488651.539711754
34.29784380554148,34.29784380554148,34,retrograde,direct,2488816.614921214
37.24515681318121,397.2451568131812,397,direct,retrograde,2489017.7101507746
35.26199385514919,35.26199385514919,35,retrograde,direct,2489182.8521025153
38.20529887194943,398.2052988719494,398,direct,retrograde,2489383.7768850215
36.22451469568367,36.22451469568367,36,retrograde,direct,2489549.195141306
39.164324355562734,399.1643243555627,399,direct,retrograde,2489750.048608071
37.185953210458045,37.185953210458045,37,retrograde,direct,2489915.4029540904
40.12244241086545,400.12244241086546,400,direct,retrograde,2490116.332294234
38.14624295296009,38.14624295296009,38,retrograde,direct,2490281.5995336846
41.07909531029511,401.0790953102951,401,direct,retrograde,2490482.5890712477
39.10460676185764,39.10460676185764,39,retrograde,direct,2490647.7307664566
42.03393093065099,402.03393093065097,402,direct,retrograde,2490848.811856771
40.060597228842056,40.060597228842056,40,retrograde,direct,2491013.8958726786
42.98627121241364,402.9862712124136,402,direct,retrograde,2491214.9123081528
41.01366307242818,41.01366307242818,41,retrograde,direct,2491380.204335955
43.935815896008364,403.93581589600836,403,direct,retrograde,2491581.1249737144
41.96383005004304,41.96383005004304,41,retrograde,direct,2491746.431870995
44.882776430607024,404.882776430607,404,direct,retrograde,2491947.390950286
42.91137335001649,42.91137335001649,42,retrograde,direct,2492112.6188488603
45.82726533613527,405.82726533613527,405,direct,retrograde,2492313.6674484806
43.85661432971873,43.85661432971873,43,retrograde,direct,2492478.7000434957
46.77030257249636,406.77030257249635,406,direct,retrograde,2492679.8636034653
44.800634264391405,44.800634264391405,44,retrograde,direct,2492844.881338872
47.71246772686025,407.71246772686027,407,direct,retrograde,2493045.9062730186
45.74401996122684,45.74401996122684,45,retrograde,direct,2493211.1982357875
48.654719657353404,408.6547196573534,408,direct,retrograde,2493412.13924418
46.68776200516952,46.68776200516952,46,retrograde,direct,2493577.401753649
49.59782772440119,409.5978277244012,409,direct,retrograde,2493778.4208129523
47.632495683134735,47.632495683134735,47,retrograde,direct,2493943.580959481
50.541873820480525,410.54187382048053,410,direct,retrograde,2494144.6857117983
48.578138173267334,48.578138173267334,48,retrograde,direct,2494309.6664220504
51.48731733056764,411.48731733056763,411,direct,retrograde,2494510.9426631974
49.52484960813332,49.52484960813332,49,retrograde,direct,2494675.769591283
52.433780504670516,412.4337805046705,412,direct,retrograde,2494877.0361027615
50.4718372548458,50.4718372548458,50,retrograde,direct,2495042.0542378845
53.380233823396736,413.38023382339674,413,direct,retrograde,2495243.2125577116
51.41821312107904,51.41821312107904,51,retrograde,direct,2495408.28312773
54.32579470050792,414.3257947005079,414,direct,retrograde,2495609.4392625503
52.36312820209166,52.36312820209166,52,retrograde,direct,2495774.532075504
55.269463581584944,415.26946358158494,415,direct,retrograde,2495975.7499753954
53.305818155164985,53.305818155164985,53,retrograde,direct,2496140.61615769
56.211327101996964,416.21132710199697,416,direct,retrograde,2496341.989164441
54.246468779949616,54.246468779949616,54,retrograde,direct,2496506.7287980104
57.15127247213796,417.151272472138,417,direct,retrograde,2496708.0409012325
55.1851687572519,55.1851687572519,55,retrograde,direct,2496873.0286217146
58.089842254805795,418.0898422548058,418,direct,retrograde,2497074.1892137555
56.12269114090971,56.12269114090971,56,retrograde,direct,2497239.267421591
59.02799545100889,419.0279954510089,419,direct,retrograde,2497440.4051721236
57.06013905630208,57.06013905630208,57,retrograde,direct,2497605.485330919
59.966305409824905,419.9663054098249,419,direct,retrograde,2497806.660072606
57.99807001173405,57.99807001173405,57,retrograde,direct,2497971.601524513
60.90592047779357,420.9059204777936,420,direct,retrograde,2498172.944871526
58.93765520948272,58.93765520948272,58,retrograde,direct,2498337.6921211826
61.84780809360803,421.847808093608,421,direct,retrograde,2498539.069715741
59.87958423345369,59.87958423345369,59,retrograde,direct,2498703.93709387
62.79262731184456,422.79262731184457,422,direct,retrograde,2498905.2791312244
60.824349581291614,60.824349581291614,60,retrograde,direct,2499070.120903209
63.74045688755152,423.74045688755155,423,direct,retrograde,2499271.4906250667
61.77167485572417,61.77167485572417,61,retrograde,direct,2499436.361865782
64.69044906930569,424.6904490693057,424,direct,retrograde,2499637.814674237
62.72064848394813,62.72064848394813,62,retrograde,direct,2499802.457331839
65.64215466942368,425.6421546694237,425,direct,retrograde,2500004.1243867064
63.67082093586811,63.67082093586811,63,retrograde,direct,2500168.5267300606
66.59495927322996,426.59495927322996,426,direct,retrograde,2500370.2202294804
64.62171947998532,64.62171947998532,64,retrograde,direct,2500534.824109964
67.54866652582693,427.54866652582695,427,direct,retrograde,2500736.3517139656
65.57319948479513,65.57319948479513,65,retrograde,direct,2500901.096086544
68.50342117508788,428.50342117508785,428,direct,retrograde,2501102.5525296777
66.52567395741808,66.52567395741808,66,retrograde,direct,2501267.3490526536
69.45922522860877,429.4592252286088,429,direct,retrograde,2501468.8343615243
67.47930587883758,67.47930587883758,67,retrograde,direct,2501633.484214997
70.41673855983554,430.41673855983555,430,direct,retrograde,2501835.1556168906
68.43481980125176,68.43481980125176,68,retrograde,direct,2501999.5701582236
71.37651919945652,431.37651919945654,431,direct,retrograde,2502201.3279802185
69.39273178756156,69.39273178756156,69,retrograde,direct,2502365.785171738
72.33955422606624,432.33955422606624,432,direct,retrograde,2502567.5596123682
70.35410811435075,70.35410811435075,70,retrograde,direct,2502731.9806236476
73.30654180105019,433.3065418010502,433,direct,retrograde,2502933.7014495693
71.3194833507801,71.3194833507801,71,retrograde,direct,2503098.283448872
74.27772584247283,434.2777258424728,434,direct,retrograde,2503300.0094526587
72.28886498064892,72.28886498064892,72,retrograde,direct,2503464.445597331
75.25323427642964,435.2532342764296,435,direct,retrograde,2503666.4002532307
73.26202714284086,73.26202714284086,73,retrograde,direct,2503830.505819449
76.23229760081703,436.23229760081705,436,direct,retrograde,2504032.599719228
74.23819967232515,74.23819967232515,74,retrograde,direct,2504196.769631097
77.21439901208296,437.21439901208294,437,direct,retrograde,2504398.809006367
75.21695459047244,75.21695459047244,75,retrograde,direct,2504563.0252729766
78.1993847879916,438.1993847879916,438,direct,retrograde,2504764.9821245214
76.19819858690836,76.19819858690836,76,retrograde,direct,2504929.333119523
79.18690059899838,439.18690059899836,439,direct,retrograde,2505131.263116315
77.1817719307325,77.1817719307325,77,retrograde,direct,2505295.530998393
80.17736468840525,440.17736468840525,440,direct,retrograde,2505497.606963318
78.16827780576483,78.16827780576483,78,retrograde,direct,2505661.6749453126
81.17104690409609,441.1710469040961,441,direct,retrograde,2505863.859454656
79.15811612467145,79.15811612467145,79,retrograde,direct,2506027.9070221055
82.16906829946295,442.16906829946294,442,direct,retrograde,2506230.1516561927
80.15249960276472,80.15249960276472,80,retrograde,direct,2506394.127051208
83.17236225102613,443.17236225102613,443,direct,retrograde,2506596.3168336963
81.1523608925849,81.1523608925849,81,retrograde,direct,2506760.4510003943
84.18154933741327,444.1815493374133,444,direct,retrograde,2506962.6245528487
82.15836516266923,82.15836516266923,82,retrograde,direct,2507126.671726185
85.19780939162915,445.19780939162916,445,direct,retrograde,2507329.078537016
83.171511344605,83.171511344605,83,retrograde,direct,2507492.7460920895
86.22150476228326,446.22150476228325,446,direct,retrograde,2507695.380214869
84.19178960742846,84.19178960742846,84,retrograde,direct,2507858.9835380465
87.25256167446791,447.2525616744679,447,direct,retrograde,2508061.697021886
85.2188957543537,85.2188957543537,85,retrograde,direct,2508225.246696595
88.29058007780006,448.2905800778001,448,direct,retrograde,2508427.8886453323
86.25224895164692,86.25224895164692,86,retrograde,direct,2508591.6414338993
89.3345729879177,449.3345729879177,449,direct,retrograde,2508794.178394329
87.29091970222906,87.29091970222906,87,retrograde,direct,2508957.9318806855
90.38406921607209,450.3840692160721,450,direct,retrograde,2509160.555088206
88.33453259087943,88.33453259087943,88,retrograde,direct,2509324.140357036
91.43830020253206,451.43830020253205,451,direct,retrograde,2509526.9420669004
89.382421208618,89.382421208618,89,retrograde,direct,2509690.377005957
92.49740890324512,452.4974089032451,452,direct,retrograde,2509893.359271816
90.43496650791423,90.43496650791423,90,retrograde,direct,2510056.607816807
93.56186399872635,453.5618639987264,453,direct,retrograde,2510259.595077185
91.49293653699372,91.49293653699372,91,retrograde,direct,2510422.980676705
94.63215952905807,454.6321595290581,454,direct,retrograde,2510625.8575259782
92.55684844132335,92.55684844132335,92,retrograde,direct,2510789.3451749645
95.70951453404456,455.70951453404456,455,direct,retrograde,2510992.2473473847
93.62808258266345,93.62808258266345,93,retrograde,direct,2511155.5862204693
96.79486751820018,456.7948675182002,456,direct,retrograde,2511358.6432967074
94.70767767625468,94.70767767625468,94,retrograde,direct,2511521.8472291715
97.88966945983675,457.88966945983674,457,direct,retrograde,2511725.114143532
95.7969874655409,95.7969874655409,95,retrograde,direct,2511888.0970940962
98.9950505227244,458.9950505227244,458,direct,retrograde,2512091.4531404236
96.89683441920002,96.89683441920002,96,retrograde,direct,2512254.502457884
100.11156508906532,460.1115650890653,460,direct,retrograde,2512457.8514987733
98.00737142004594,98.00737142004594,98,retrograde,direct,2512620.857542678
101.2392379077241,461.2392379077241,461,direct,retrograde,2512824.23859377
99.12853263678502,99.12853263678502,99,retrograde,direct,2512987.183271054
102.37740899248256,462.3774089924826,462,direct,retrograde,2513190.702599667
100.259586019107,100.259586019107,100,retrograde,direct,2513353.4940020237
103.52589280863279,463.52589280863276,463,direct,retrograde,2513557.2722937297
101.40026825621928,101.40026825621928,101,retrograde,direct,2513719.739247187
104.68436701587773,464.68436701587774,464,direct,retrograde,2513923.6791756004
102.55058828587657,102.55058828587657,102,retrograde,direct,2514086.153679054
105.85275188133345,465.85275188133346,465,direct,retrograde,2514290.080103752
103.71054998636336,103.71054998636336,103,retrograde,direct,2514452.6203888385
107.03169219911247,467.03169219911246,467,direct,retrograde,2514656.455558937
104.88089980827877,104.88089980827877,104,retrograde,direct,2514819.0586470617
108.2215010217235,468.2215010217235,468,direct,retrograde,2515022.9151059017
106.06205574265381,106.06205574265381,106,retrograde,direct,2515185.422732928
109.42317359645494,469.42317359645494,469,direct,retrograde,2515389.491628524
107.25512575220016,107.25512575220016,107,retrograde,direct,2515551.734005386
110.63743776731054,470.63743776731053,470,direct,retrograde,2515756.0549177155
108.46106275685766,108.46106275685766,108,retrograde,direct,2515918.151252413
111.8658636886825,471.8658636886825,471,direct,retrograde,2516122.679142218
109.6812697858274,109.6812697858274,109,retrograde,direct,2516284.565338078
113.10950820606003,473.10950820606,473,direct,retrograde,2516489.1193679273
110.91660287857708,110.91660287857708,110,retrograde,direct,2516651.07430664
114.36862198102891,474.3686219810289,474,direct,retrograde,2516855.6049725413
112.16687918076465,112.16687918076465,112,retrograde,direct,2517017.5756780356
115.64351490709471,475.6435149070947,475,direct,retrograde,2517222.2060249727
113.43217328475694,113.43217328475694,113,retrograde,direct,2517383.944967498
116.93349720961463,476.93349720961464,476,direct,retrograde,2517588.7840182707
114.71193735872444,114.71193735872444,114,retrograde,direct,2517750.439267627
118.23840340990031,478.23840340990034,478,direct,retrograde,2517955.490363599
116.00593146399204,116.00593146399204,116,retrograde,direct,2518116.90845541
119.55821087223113,479.55821087223114,479,direct,retrograde,2518322.0927526224
117.31441166993788,117.31441166993788,117,retrograde,direct,2518483.514810372
120.89306053633396,480.89306053633396,480,direct,retrograde,2518688.722191872
118.63763394952048,118.63763394952048,118,retrograde,direct,2518850.095665631
122.24389619480795,482.2438961948079,482,direct,retrograde,2519055.293261662
119.97674223158126,119.97674223158126,119,retrograde,direct,2519216.6269934345
123.61129800057104,483.611298000571,483,direct,retrograde,2519421.9370916747
121.33232669174477,121.33232669174477,121,retrograde,direct,2519583.1676913314
124.99665628912933,484.9966562891293,484,direct,retrograde,2519788.7084629284
122.70594123341644,122.70594123341644,122,retrograde,direct,2519949.624967115
126.40133475793448,486.4013347579345,486,direct,retrograde,2520155.4227168756
124.09943936248727,124.09943936248727,124,retrograde,direct,2520316.2549373526
127.82697351332669,487.8269735133267,487,direct,retrograde,2520522.2292260183
125.5141124293773,125.5141124293773,125,retrograde,direct,2520682.9276115475
129.27539590620643,489.2753959062064,489,direct,retrograde,2520888.9820786454
126.95154173740143,126.95154173740143,126,retrograde,direct,2521049.5931621604
130.74717497999245,490.74717497999245,490,direct,retrograde,2521255.7024768256
128.41191239661194,128.41191239661194,128,retrograde,direct,2521416.270033475
132.2427790535383,492.2427790535383,492,direct,retrograde,2521622.485801854
129.89533991316,129.89533991316,129,retrograde,direct,2521782.855387144
133.76174761469142,493.76174761469144,493,direct,retrograde,2521989.3113111984
131.401361114644,131.401361114644,131,retrograde,direct,2522149.5163447224
135.30389822761404,495.303898227614,495,direct,retrograde,2522356.2299165633
132.92965552028426,132.92965552028426,132,retrograde,direct,2522516.1680624653
136.86867415613872,496.8686741561387,496,direct,retrograde,2522723.1154692573
134.4801795796458,134.4801795796458,134,retrograde,direct,2522883.009029799
138.4562324056264,498.4562324056264,498,direct,retrograde,2523090.084373271
136.05295579035706,136.05295579035706,136,retrograde,direct,2523249.866324069
140.0671470928866,500.06714709288656,500,direct,retrograde,2523456.953405734
137.64882555755972,137.64882555755972,137,retrograde,direct,2523616.6685541077
141.70166117063982,501.7016611706398,501,direct,retrograde,2523823.811622017
139.26829845488066,139.26829845488066,139,retrograde,direct,2523983.5204703314
143.36128190988003,503.36128190988006,503,direct,retrograde,2524190.777273871
140.91290974462197,140.91290974462197,140,retrograde,direct,2524350.2616868727
145.04730040701537,505.04730040701537,505,direct,retrograde,2524557.745765846
142.58456937441272,142.58456937441272,142,retrograde,direct,2524717.113696118
146.76187534120803,506.761875341208,506,direct,retrograde,2524924.8682276336
144.28522664507,144.28522664507,144,retrograde,direct,2525083.974101058
148.50692977164093,508.5069297716409,508,direct,retrograde,2525291.959843049
146.01679836631612,146.01679836631612,146,retrograde,direct,2525450.949806641
150.28382614651252,510.2838261465125,510,direct,retrograde,2525659.1378091313
147.78017348259993,147.78017348259993,147,retrograde,direct,2525817.947371725
152.09368657438435,512.0936865743844,512,direct,retrograde,2526026.2274705507
149.57637071109048,149.57637071109048,149,retrograde,direct,2526184.903091343
153.93638100010207,513.9363810001021,513,direct,retrograde,2526393.3576341597
151.40498994822534,151.40498994822534,151,retrograde,direct,2526551.9444114976
155.8122084435544,515.8122084435544,515,direct,retrograde,2526760.5593187027
153.26593845560686,153.26593845560686,153,retrograde,direct,2526918.8791534454
157.72055846183108,517.720558461831,517,direct,retrograde,2527127.737266735
155.1592505454419,155.1592505454419,155,retrograde,direct,2527285.983575996
159.66140451335968,519.6614045133597,519,direct,retrograde,2527495.0590495747
157.0844106033703,157.0844106033703,157,retrograde,direct,2527653.0935386894
161.63464947097768,521.6346494709777,521,direct,retrograde,2527862.3229800677
159.04194198663603,159.04194198663603,159,retrograde,direct,2528020.269262653
163.64010707866342,523.6401070786634,523,direct,retrograde,2528229.7099573817
161.0316392151938,161.0316392151938,161,retrograde,direct,2528387.4987656893
165.67820246557878,525.6782024655788,525,direct,retrograde,2528597.0753106717
163.05447448286492,163.05447448286492,163,retrograde,direct,2528754.7477348335
167.74960467521598,527.749604675216,527,direct,retrograde,2528964.516778053
165.1113212478465,165.1113212478465,165,retrograde,direct,2529122.064542938
169.85567631746468,529.8556763174647,529,direct,retrograde,2529331.887676566
167.20354977820077,167.20354977820077,167,retrograde,direct,2529489.2949814834
171.9970323598473,531.9970323598473,531,direct,retrograde,2529699.2975999527
169.33200978549903,169.33200978549903,169,retrograde,direct,2529856.6301588025
174.17495955206442,534.1749595520644,534,direct,retrograde,2530066.8256722614
171.4970632875363,171.4970632875363,171,retrograde,direct,2530223.8976173783
176.38897213453507,536.388972134535,536,direct,retrograde,2530434.2964139115
173.698702538349,173.698702538349,173,retrograde,direct,2530591.295930665
178.63847739034517,538.6384773903452,538,direct,retrograde,2530801.90472354
175.93545751781576,175.93545751781576,175,retrograde,direct,2530958.7528859116
180.9221833053987,540.9221833053987,540,direct,retrograde,2531169.4607625064
178.2064997528075,178.2064997528075,178,retrograde,direct,2531326.2372048283
183.23837859724756,543.2383785972476,543,direct,retrograde,2531537.145538369
180.51007944154972,180.51007944154972,180,retrograde,direct,2531693.8072426654
185.585877550433,545.585877550433,545,direct,retrograde,2531904.805560272
182.84518201657093,182.84518201657093,182,retrograde,direct,2532061.3790792534
187.96276006163478,547.9627600616348,547,direct,retrograde,2532272.521476875
185.2099105267153,185.2099105267153,185,retrograde,direct,2532429.0540263066
190.36764373902903,550.3676437390291,550,direct,retrograde,2532640.1996641597
187.60305487368552,187.60305487368552,187,retrograde,direct,2532796.641092183
192.7988570690287,552.7988570690287,552,direct,retrograde,2533007.9268810507
190.0236767783279,190.0236767783279,190,retrograde,direct,2533164.351119701
195.25589993319744,555.2558999331975,555,direct,retrograde,2533375.6922990493
192.47095321258564,192.47095321258564,192,retrograde,direct,2533531.973766242
197.73754535713584,557.7375453571358,557,direct,retrograde,2533743.395428013
194.94475633501816,194.94475633501816,194,retrograde,direct,2533899.716840634
200.24360007649895,560.243600076499,560,direct,retrograde,2534111.2075861907
197.44405895996746,197.44405895996746,197,retrograde,direct,2534267.426378683
202.77300304868186,562.7730030486819,562,direct,retrograde,2534478.9814995835
199.96824458829755,199.96824458829755,199,retrograde,direct,2534635.154942546
205.32424554389328,565.3242455438933,565,direct,retrograde,2534846.8420057595
202.51498371091503,202.51498371091503,202,retrograde,direct,2535002.977909213
207.89488439478052,567.8948843947805,567,direct,retrograde,2535214.646109963
205.0816899835251,205.0816899835251,205,retrograde,direct,2535370.821477752
210.48147077400412,570.4814707740042,570,direct,retrograde,2535582.5433881767
207.6647157356922,207.6647157356922,207,retrograde,direct,2535738.7113572294
213.08092437168895,573.080924371689,573,direct,retrograde,2535950.397875107
210.2611446487214,210.2611446487214,210,retrograde,direct,2536106.577931838
215.68918334813455,575.6891833481345,575,direct,retrograde,2536318.305015262
212.8667034114942,212.8667034114942,212,retrograde,direct,2536474.5803998
218.30280290424616,578.3028029042462,578,direct,retrograde,2536686.1558291875
215.47781951068518,215.47781951068518,215,retrograde,direct,2536842.4673701897
220.91751630282627,580.9175163028262,580,direct,retrograde,2537054.0327685745
218.09093401517006,218.09093401517006,218,retrograde,direct,2537210.4648627266
223.53047290628777,583.5304729062877,583,direct,retrograde,2537421.927205232
220.7027061098448,220.7027061098448,220,retrograde,direct,2537578.3915788177
226.13845943358797,586.138459433588,586,direct,retrograde,2537789.713226635
223.31106093826554,223.31106093826554,223,retrograde,direct,2537946.3778196974
228.73966818004996,588.73966818005,588,direct,retrograde,2538157.57934988
225.91388536720152,225.91388536720152,225,retrograde,direct,2538314.28589609
231.332569320986,591.3325693209861,591,direct,retrograde,2538525.3624851434
228.51043844928643,228.51043844928643,228,retrograde,direct,2538682.2129545296
233.91644469178397,593.9164446917839,593,direct,retrograde,2538893.2041898333
231.09933648163047,231.09933648163047,231,retrograde,direct,2539050.122850012
236.48998714489417,596.4899871448941,596,direct,retrograde,2539260.9370185547
233.6792783672042,233.6792783672042,233,retrograde,direct,2539418.028961637
239.0514107391375,599.0514107391375,599,direct,retrograde,2539628.7751142196
236.24771607202658,236.24771607202658,236,retrograde,direct,2539785.9201584216
241.5988835544715,601.5988835544715,601,direct,retrograde,2539996.500480812
238.80294220087222,238.80294220087222,238,retrograde,direct,2540153.782205764
244.1297592620362,604.1297592620363,604,direct,retrograde,2540364.2788486583
241.34189985350815,241.34189985350815,241,retrograde,direct,2540521.741890114
246.64196707882397,606.641967078824,606,direct,retrograde,2540732.007505793
243.86214017789104,243.86214017789104,243,retrograde,direct,2540889.5746252956
249.13231168268715,609.1323116826871,609,direct,retrograde,2541099.7216116674
246.3608567715347,246.3608567715347,246,retrograde,direct,2541257.498178078
251.59859074005374,611.5985907400537,611,direct,retrograde,2541467.463035443
248.83522043718105,248.83522043718105,248,retrograde,direct,2541625.3512125444
254.03824604346312,614.0382460434631,614,direct,retrograde,2541835.0729638822
251.2832915095871,251.2832915095871,251,retrograde,direct,2541993.2467432814
256.4495595299164,616.4495595299164,616,direct,retrograde,2542202.7216703184
253.70312097693554,253.70312097693554,253,retrograde,direct,2542361.0229532626
258.83114101482863,618.8311410148286,618,direct,retrograde,2542570.268003148
256.0942182174211,256.0942182174211,256,retrograde,direct,2542728.8580159405
261.183226767869,621.183226767869,621,direct,retrograde,2542937.8714713296
258.45655282282723,258.45655282282723,258,retrograde,direct,2543096.5943733864
263.5060312443253,623.5060312443253,623,direct,retrograde,2543305.2943805484
260.7908549611829,260.7908549611829,260,retrograde,direct,2543464.3016308807
265.79995072621256,625.7999507262125,625,direct,retrograde,2543672.803590049
263.09678785904305,263.09678785904305,263,retrograde,direct,2543831.9642653503
268.0655313807447,628.0655313807447,628,direct,retrograde,2544040.2466966277
265.3747870749271,265.3747870749271,265,retrograde,direct,2544199.537338621
270.3022531094138,630.3022531094139,630,direct,retrograde,2544407.6816280335
267.6242250838354,267.6242250838354,267,retrograde,direct,2544567.2045327993
272.510476576987,632.510476576987,632,direct,retrograde,2544775.142757099
269.8449504700596,269.8449504700596,269,retrograde,direct,2544934.724058315
274.68934882101445,634.6893488210144,634,direct,retrograde,2545142.5121200187
272.03627284887307,272.03627284887307,272,retrograde,direct,2545302.323359932
276.838443800544,636.8384438005439,636,direct,retrograde,2545509.936981703
274.1973986893072,274.1973986893072,274,retrograde,direct,2545669.837893446
278.95711091312086,638.9571109131209,638,direct,retrograde,2545877.2465538094
276.3278719768514,276.3278719768514,276,retrograde,direct,2546037.4272617847
281.0447867512838,641.0447867512838,641,direct,retrograde,2546244.5855494114
278.4267962466405,278.4267962466405,278,retrograde,direct,2546404.8996317796
283.100995803139,643.1009958031391,643,direct,retrograde,2546611.750624586
280.49424825586806,280.49424825586806,280,retrograde,direct,2546772.379440982
285.1257957832466,645.1257957832465,645,direct,retrograde,2546978.9611009937
282.53040306598507,282.53040306598507,282,retrograde,direct,2547139.8005545074
287.12050070360846,647.1205007036085,647,direct,retrograde,2547346.1324069863
284.53696466243946,284.53696466243946,284,retrograde,direct,2547507.11624963
289.0861635715403,649.0861635715403,649,direct,retrograde,2547713.295336171
286.51512946701746,286.51512946701746,286,retrograde,direct,2547874.4811328547
291.0246061769746,651.0246061769747,651,direct,retrograde,2548080.537803527
288.46634995181927,288.46634995181927,288,retrograde,direct,2548241.681182976
292.93678725224714,652.9367872522471,652,direct,retrograde,2548447.64353168
290.39173694467803,290.39173694467803,290,retrograde,direct,2548608.9595441744
294.82386981512946,654.8238698151295,654,direct,retrograde,2548814.8276914163
292.2920705314266,292.2920705314266,292,retrograde,direct,2548976.1883064406
296.68652256335406,656.6865225633541,656,direct,retrograde,2549181.8883767733
294.16777014885787,294.16777014885787,294,retrograde,direct,2549343.4911480956
298.52485797161665,658.5248579716167,658,direct,retrograde,2549548.984553892
296.01868401971626,296.01868401971626,296,retrograde,direct,2549710.69320123
300.33906268632967,660.3390626863297,660,direct,retrograde,2549915.9191005416
297.84498453449345,297.84498453449345,297,retrograde,direct,2550077.8856415953
302.12843444178145,662.1284344417815,662,direct,retrograde,2550282.867102322
299.6457462712976,299.6457462712976,299,retrograde,direct,2550445.0598308286
303.8928272943658,663.8928272943658,663,direct,retrograde,2550649.8839798756
301.4207172231288,301.4207172231288,301,retrograde,direct,2550812.093452733
305.6313706169898,665.6313706169898,665,direct,retrograde,2551016.816047756
303.1693601837082,303.1693601837082,303,retrograde,direct,2551179.2317752168
307.34411437781944,667.3441143778194,667,direct,retrograde,2551383.843228818
304.8920104293788,304.8920104293788,304,retrograde,direct,2551546.2240658207
309.03216853339046,669.0321685333904,669,direct,retrograde,2551750.7454525037
306.59030764194733,306.59030764194733,306,retrograde,direct,2551913.2815688793
310.69667419150437,670.6966741915044,670,direct,retrograde,2552117.6200065613
308.26548742281125,308.26548742281125,308,retrograde,direct,2552280.3109105313
312.3395315468463,672.3395315468463,672,direct,retrograde,2552484.427325003
309.91952916264745,309.91952916264745,309,retrograde,direct,2552647.3399155065
313.9621856561664,673.9621856561664,673,direct,retrograde,2552851.2371331872
311.553748007726,311.553748007726,311,retrograde,direct,2553014.325911414
315.566375895019,675.5663758950191,675,direct,retrograde,2553218.123714027
313.16966671686686,313.16966671686686,313,retrograde,direct,2553381.1946026497
317.15287432398253,677.1528743239826,677,direct,retrograde,2553584.9673005715
314.7678670086484,314.7678670086484,314,retrograde,direct,2553748.0947278626
318.72247759577647,678.7224775957765,678,direct,retrograde,2553951.8957443647
316.3488466433503,316.3488466433503,316,retrograde,direct,2554114.891455801
320.2755484182424,680.2755484182424,680,direct,retrograde,2554318.662071388
317.91292477483864,317.91292477483864,317,retrograde,direct,2554481.775531321
321.8117396226278,681.8117396226278,681,direct,retrograde,2554685.376579508
319.45944112752517,319.45944112752517,319,retrograde,direct,2554848.7085496
323.3308498054847,683.3308498054847,683,direct,retrograde,2555052.0764244813
320.9880333263581,320.9880333263581,320,retrograde,direct,2555215.597984504
324.83174427592814,684.8317442759281,684,direct,retrograde,2555418.7517097993
322.4977207815463,322.4977207815463,322,retrograde,direct,2555582.4669725113
326.3142428404256,686.3142428404255,686,direct,retrograde,2555785.52900948
323.98863218873765,323.98863218873765,323,retrograde,direct,2555949.203522525
327.7783386290984,687.7783386290985,687,direct,retrograde,2556152.2572153015
325.46103640374025,325.46103640374025,325,retrograde,direct,2556315.949329037
329.224765097037,689.224765097037,689,direct,retrograde,2556519.033607587
326.9159400940244,326.9159400940244,326,retrograde,direct,2556682.615248369
330.65465967832836,690.6546596783284,690,direct,retrograde,2556885.6259806007
328.3546341509354,328.3546341509354,328,retrograde,direct,2557049.416817585
332.06889117143766,692.0688911714376,692,direct,retrograde,2557252.18733773
329.7779068638391,329.7779068638391,329,retrograde,direct,2557416.218261637
333.4690094926273,693.4690094926273,693,direct,retrograde,2557618.824407961
331.1871855035283,331.1871855035283,331,retrograde,direct,2557782.9336101254
334.85550929628573,694.8555092962857,694,direct,retrograde,2557985.417421994
332.58280782286965,332.58280782286965,332,retrograde,direct,2558149.661471816
336.2289259230196,696.2289259230196,696,direct,retrograde,2558352.1483080843
333.9652490601282,333.9652490601282,333,retrograde,direct,2558516.231003221
337.58984956666006,697.5898495666601,697,direct,retrograde,2558718.7975084
335.3348632682298,335.3348632682298,335,retrograde,direct,2558882.8597910814
338.93806621372465,698.9380662137246,698,direct,retrograde,2559085.395306077
336.69124679855184,336.69124679855184,336,retrograde,direct,2559249.486150439
340.2734445688225,700.2734445688225,700,direct,retrograde,2559451.9059118545
338.0341733098699,338.0341733098699,338,retrograde,direct,2559616.1968927756
341.59520281795426,701.5952028179543,701,direct,retrograde,2559818.38729206
339.36293993860835,339.36293993860835,339,retrograde,direct,2559982.9060208052
342.9032275952302,702.9032275952302,702,direct,retrograde,2560184.987315557
340.67770501762976,340.67770501762976,340,retrograde,direct,2560349.4706983827
344.1976185239376,704.1976185239375,704,direct,retrograde,2560551.531059443
341.9788243964236,341.9788243964236,341,retrograde,direct,2560716.0689701494
345.4789085863776,705.4789085863777,705,direct,retrograde,2560918.1379869413
343.2670204586635,343.2670204586635,343,retrograde,direct,2561082.5471993107
346.7483463848317,706.7483463848316,706,direct,retrograde,2561284.6550218686
344.54371055244775,344.54371055244775,344,retrograde,direct,2561449.0792161636
348.00685012510644,708.0068501251064,708,direct,retrograde,2561651.043121632
345.80975718494176,345.80975718494176,345,retrograde,direct,2561815.7177974395
349.2556296771697,709.2556296771697,709,direct,retrograde,2562017.5222400865
347.06626251888923,347.06626251888923,347,retrograde,direct,2562182.2957382603
350.4952522920017,710.4952522920016,710,direct,retrograde,2562384.0149231357
348.3136592682827,348.3136592682827,348,retrograde,direct,2562548.8395981006
351.7262086505882,711.7262086505882,711,direct,retrograde,2562750.602734725
349.5523601629358,349.5523601629358,349,retrograde,direct,2562915.259318065
352.94875128979066,712.9487512897906,712,direct,retrograde,2563117.0970776817
350.78231250988614,350.78231250988614,350,retrograde,direct,2563281.719130393
354.1625822406195,714.1625822406195,714,direct,retrograde,2563483.5472494513
352.00298401928376,352.00298401928376,352,retrograde,direct,2563648.191938282
355.3674285056996,715.3674285056995,715,direct,retrograde,2563849.9641935043
353.21392139915383,353.21392139915383,353,retrograde,direct,2564014.7163666235
356.5619763178785,716.5619763178785,716,direct,retrograde,2564216.2926255576
354.41393985722175,354.41393985722175,354,retrograde,direct,2564381.3124506883
357.7457021157639,717.7457021157638,717,direct,retrograde,2564582.8037534226
355.60277781969006,355.60277781969006,355,retrograde,direct,2564747.7409322
358.9185009292493,718.9185009292494,718,direct,retrograde,2564949.2652637865
356.78050228629746,356.78050228629746,356,retrograde,direct,2565114.1828004606
