physical_degree,directional_degree_after,navigation_cell_after,lane_before,lane_after,jd_ut
275.87365840516225,275.87365840516225,275,retrograde,direct,2297299.758934197
293.81573109805646,653.8157310980564,653,direct,retrograde,2297535.237390328
287.20006920178145,287.20006920178145,287,retrograde,direct,2297676.479968708
305.27279198339534,665.2727919833953,665,direct,retrograde,2297912.340679925
298.64105872890485,298.64105872890485,298,retrograde,direct,2298053.2899493845
316.9046212972097,676.9046212972097,676,direct,retrograde,2298289.7854560353
310.250264864291,310.250264864291,310,retrograde,direct,2298430.2375280308
328.75883197461377,688.7588319746137,688,direct,retrograde,2298667.4955757363
322.07539235350396,322.07539235350396,322,retrograde,direct,2298807.239608637
340.8777170586295,700.8777170586295,700,direct,retrograde,2299045.4839733066
334.1588586060907,334.1588586060907,334,retrograde,direct,2299184.4644817095
353.2969824317509,713.2969824317508,713,direct,retrograde,2299423.8010607176
346.53878169119,346.53878169119,346,retrograde,direct,2299561.9139526878
6.045570481630008,366.04557048163,366,direct,retrograde,2299802.4052661452
359.2463973040224,359.2463973040224,359,retrograde,direct,2299939.667755414
19.137862823566987,379.137862823567,379,direct,retrograde,2300181.323629531
12.29705463600734,12.29705463600734,12,retrograde,direct,2300317.7493080003
32.56426648923674,392.56426648923673,392,direct,retrograde,2300560.568090422
25.68353652309389,25.68353652309389,25,retrograde,direct,2300696.085164127
46.29245344995863,406.29245344995866,406,direct,retrograde,2300940.0393392155
39.376275025242094,39.376275025242094,39,retrograde,direct,2301074.742011789
60.26962366950553,420.2696236695055,420,direct,retrograde,2301319.6246303096
53.32470328361851,53.32470328361851,53,retrograde,direct,2301453.7289622426
74.42232597806272,434.4223259780627,434,direct,retrograde,2301699.242818361
67.45726169846547,67.45726169846547,67,retrograde,direct,2301832.986449942
88.66255017035401,448.662550170354,448,direct,retrograde,2302078.8057226073
81.68738438331948,81.68738438331948,81,retrograde,direct,2302212.4027548544
102.89634304109524,462.89634304109524,462,direct,retrograde,2302458.2800282966
95.9214924925677,95.9214924925677,95,retrograde,direct,2302591.92834966
117.03046379347437,477.0304637934744,477,direct,retrograde,2302837.552979093
110.06601330366948,110.06601330366948,110,retrograde,direct,2302971.471036516
130.98179029466357,490.9817902946636,490,direct,retrograde,2303216.56280006
124.0377818622,124.0377818622,124,retrograde,direct,2303350.9468770837
144.68491524708722,504.68491524708725,504,direct,retrograde,2303595.2742159897
137.77027996150832,137.77027996150832,137,retrograde,direct,2303730.261189605
158.09364729108967,518.0936472910896,518,direct,retrograde,2303973.680062677
151.21528926542396,151.21528926542396,151,retrograde,direct,2304109.390825904
171.18229903595997,531.18229903596,531,direct,retrograde,2304351.7044449234
164.34511346145206,164.34511346145206,164,retrograde,direct,2304488.3088344
183.94491459842774,543.9449145984278,543,direct,retrograde,2304729.41685416
177.1511750078823,177.1511750078823,177,retrograde,direct,2304866.9656414026
196.38985289491208,556.3898528949121,556,direct,retrograde,2305106.9505405687
189.63925989509872,189.63925989509872,189,retrograde,direct,2305245.2598541128
208.53785868774347,568.5378586877434,568,direct,retrograde,2305484.175786767
201.82770230352796,201.82770230352796,201,retrograde,direct,2305623.2421960495
220.42157588999427,580.4215758899943,580,direct,retrograde,2305861.1752244635
213.74725360618316,213.74725360618316,213,retrograde,direct,2306001.0107625276
232.08055129521142,592.0805512952114,592,direct,retrograde,2306238.0414276356
225.43620334843402,225.43620334843402,225,retrograde,direct,2306378.514896605
243.56106510792586,603.5610651079259,603,direct,retrograde,2306614.788215873
236.93918144938385,236.93918144938385,236,retrograde,direct,2306755.7978674583
254.91478512444633,614.9147851244463,614,direct,retrograde,2306991.566961324
248.30866775235697,248.30866775235697,248,retrograde,direct,2307132.867329294
266.1993727411297,626.1993727411298,626,direct,retrograde,2307368.2856723713
259.6012869273734,259.6012869273734,259,retrograde,direct,2307509.733719971
277.4729409208562,637.4729409208562,637,direct,retrograde,2307745.071337276
270.87308927955485,270.87308927955485,270,retrograde,direct,2307886.624428938
288.7883540036611,648.7883540036611,648,direct,retrograde,2308122.0086157974
282.17793741327205,282.17793741327205,282,retrograde,direct,2308263.4377978286
300.19789881005727,660.1978988100573,660,direct,retrograde,2308499.1112962225
293.56876102394875,293.56876102394875,293,retrograde,direct,2308640.2323533585
311.75447136779206,671.7544713677921,671,direct,retrograde,2308876.44670543
305.09973552315216,305.09973552315216,305,retrograde,direct,2309017.0748609137
323.5094687919408,683.5094687919408,683,direct,retrograde,2309253.9569293754
316.8226836676099,316.8226836676099,316,retrograde,direct,2309394.053002348
335.51039765339544,695.5103976533954,695,direct,retrograde,2309631.7835476864
328.78726761049876,328.78726761049876,328,retrograde,direct,2309771.2525214367
347.79904390203205,707.799043902032,707,direct,retrograde,2310010.006633451
341.0372838943823,341.0372838943823,341,retrograde,direct,2310148.5792260207
0.407563731326849,360.40756373132683,360,direct,retrograde,2310388.500362348
353.6054049159306,353.6054049159306,353,retrograde,direct,2310526.177530434
13.354308382638397,373.3543083826384,373,direct,retrograde,2310767.311797687
6.512267652744203,6.512267652744203,6,retrograde,direct,2310904.089927595
26.641166812147738,386.64116681214773,386,direct,retrograde,2311146.435323715
19.762082193006943,19.762082193006943,19,retrograde,direct,2311282.3025478953
40.24911218613081,400.2491121861308,400,direct,retrograde,2311525.7910842113
33.3378101201134,33.3378101201134,33,retrograde,direct,2311660.878587639
54.13638456123789,414.1363845612379,414,direct,retrograde,2311905.3143617325
47.19951187999495,47.19951187999495,47,retrograde,direct,2312039.7589773517
68.23881902979531,428.2388190297953,428,direct,retrograde,2312284.964651334
61.28464765075711,61.28464765075711,61,retrograde,direct,2312418.880806069
82.47314777066912,442.47314777066913,442,direct,retrograde,2312664.6406097356
75.5104238908748,75.5104238908748,75,retrograde,direct,2312798.183969171
96.7437033515829,456.7437033515829,456,direct,retrograde,2313044.2500733454
89.78096334942202,89.78096334942202,89,retrograde,direct,2313177.684495189
110.95125882572374,470.95125882572376,470,direct,retrograde,2313423.6353193047
103.99728446827355,103.99728446827355,103,retrograde,direct,2313557.2866745247
125.0050716505482,485.0050716505482,485,direct,retrograde,2313802.7349416027
118.0680756645133,118.0680756645133,118,retrograde,direct,2313936.854153984
138.83491867580554,498.8349186758055,498,direct,retrograde,2314181.5619584806
131.9230910847156,131.9230910847156,131,retrograde,direct,2314316.279541295
152.39358205294528,512.3935820529452,512,direct,retrograde,2314560.137629754
145.51355481782082,145.51355481782082,145,retrograde,direct,2314695.497997146
165.6487212258418,525.6487212258418,525,direct,retrograde,2314938.3781422805
158.80453128297006,158.80453128297006,158,retrograde,direct,2315074.5198568366
178.58247706894522,538.5824770689452,538,direct,retrograde,2315316.2880027257
171.77574119080546,171.77574119080546,171,retrograde,direct,2315453.286988413
191.19230096677796,551.192300966778,551,direct,retrograde,2315693.9077932034
184.42268057841972,184.42268057841972,184,retrograde,direct,2315831.758398979
203.4912959432536,563.4912959432536,563,direct,retrograde,2316071.190310633
196.7570594133353,196.7570594133353,196,retrograde,direct,2316209.9736256646
215.5065882855955,575.5065882855955,575,direct,retrograde,2316448.320474284
208.80492023196058,208.80492023196058,208,retrograde,direct,2316587.9091531457
227.27377076090784,587.2737707609078,587,direct,retrograde,2316825.312469703
220.6008906359524,220.6008906359524,220,retrograde,direct,2316965.4818134634
238.83716198926908,598.8371619892691,598,direct,retrograde,2317202.07154525
232.18815676625647,232.18815676625647,232,retrograde,direct,2317342.820493616
250.24832892135575,610.2483289213558,610,direct,retrograde,2317578.8093508454
243.6181451685592,243.6181451685592,243,retrograde,direct,2317720.0272332504
261.56087072965846,621.5608707296585,621,direct,retrograde,2317955.519309204
254.9436387761826,254.9436387761826,254,retrograde,direct,2318097.0136539945
272.82989435888953,632.8298943588895,632,direct,retrograde,2318332.334027473
266.21886952964934,266.21886952964934,266,retrograde,direct,2318473.8943197364
284.111103363396,644.1111033633961,644,direct,retrograde,2318709.1907891
277.499545925794,277.499545925794,277,retrograde,direct,2318850.6384251583
295.4608813632806,655.4608813632806,655,direct,retrograde,2319086.136323234
288.84067689322404,288.84067689322404,288,retrograde,direct,2319227.4329149053
306.9329542138148,666.9329542138148,666,direct,retrograde,2319463.36997794
300.296929421499,300.296929421499,300,retrograde,direct,2319604.306409226
318.57827135411236,678.5782713541123,678,direct,retrograde,2319840.80451597
311.91990782832687,311.91990782832687,311,retrograde,direct,2319981.181038078
330.4448440949042,690.4448440949043,690,direct,retrograde,2320218.5162165593
323.75788117761465,323.75788117761465,323,retrograde,direct,2320358.2259068573
342.57507173561726,702.5750717356173,702,direct,retrograde,2320596.5352937393
335.8538104189952,335.8538104189952,335,retrograde,direct,2320735.44318022
355.00321922588756,715.0032192258875,715,direct,retrograde,2320974.787509992
348.2430496773208,348.2430496773208,348,retrograde,direct,2321112.9526913604
7.75509162097058,367.7550916209706,367,direct,retrograde,2321353.414719045
0.9547210805161644,0.9547210805161644,0,retrograde,direct,2321490.718877597
20.845765569845682,380.8457655698457,380,direct,retrograde,2321732.396789696
14.005389625964286,14.005389625964286,14,retrograde,direct,2321868.7207724443
34.267875644113836,394.2678756441138,394,direct,retrograde,2322111.6426354162
27.388662378060943,27.388662378060943,27,retrograde,direct,2322247.0662423773
47.98948870266207,407.9894887026621,407,direct,retrograde,2322491.044440505
41.0757966501499,41.0757966501499,41,retrograde,direct,2322625.770133203
61.95770943493263,421.9577094349326,421,direct,retrograde,2322870.589414036
55.01616451433681,55.01616451433681,55,retrograde,direct,2323004.754174901
76.09922813835037,436.0992281383504,436,direct,retrograde,2323250.1971398853
69.13783923007465,69.13783923007465,69,retrograde,direct,2323383.977016732
90.32589383205685,450.32589383205686,450,direct,retrograde,2323629.7809645385
83.35427515278022,83.35427515278022,83,retrograde,direct,2323763.389477716
104.5440776900078,464.5440776900078,464,direct,retrograde,2324009.2298748335
97.57270413605352,97.57270413605352,97,retrograde,direct,2324142.9027937567
118.66172392752864,478.66172392752867,478,direct,retrograde,2324388.4756225636
111.70042151590515,111.70042151590515,111,retrograde,direct,2324522.4102088017
132.59655962782358,492.5965596278236,492,direct,retrograde,2324767.4817678146
125.6547248086347,125.6547248086347,125,retrograde,direct,2324901.847771343
146.28354395172968,506.2835439517297,506,direct,retrograde,2325146.1940175705
139.369967413998,139.369967413998,139,retrograde,direct,2325281.169983186
159.67764235235933,519.6776423523593,519,direct,retrograde,2325524.5052503096
152.79960754969534,152.79960754969534,152,retrograde,direct,2325660.359175604
172.75456062791392,532.7545606279139,532,direct,retrograde,2325902.532748447
165.9166168153254,165.9166168153254,165,retrograde,direct,2326039.252002434
185.50752845663408,545.5075284566341,545,direct,retrograde,2326280.324905825
178.71237400963386,178.71237400963386,178,retrograde,direct,2326417.8194085704
197.94600450484876,557.9460045048488,557,direct,retrograde,2326657.8099061633
191.1937227837453,191.1937227837453,191,retrograde,direct,2326796.09509675
210.0927642924248,570.0927642924248,570,direct,retrograde,2327035.0230623586
203.380654464704,203.380654464704,203,retrograde,direct,2327174.1462327987
221.97941827631865,581.9794182763187,581,direct,retrograde,2327412.0429326575
215.30321804670825,215.30321804670825,215,retrograde,direct,2327551.9019576153
233.64549434822985,593.6454943482298,593,direct,retrograde,2327788.902179092
226.9994405219237,226.9994405219237,226,retrograde,direct,2327929.417556761
245.1363227034451,605.1363227034451,605,direct,retrograde,2328165.752075784
238.51380317383047,238.51380317383047,238,retrograde,direct,2328306.685307502
256.50229914624765,616.5022991462477,616,direct,retrograde,2328542.466723917
249.89531612257358,249.89531612257358,249,retrograde,direct,2328683.719448235
267.7997424845311,627.7997424845312,627,direct,retrograde,2328919.1994054345
261.2004203592727,261.2004203592727,261,retrograde,direct,2329060.689558113
279.08729563025673,639.0872956302567,639,direct,retrograde,2329296.028379243
272.48742131045464,272.48742131045464,272,retrograde,direct,2329437.54652794
290.4194789163936,650.4194789163936,650,direct,retrograde,2329672.9941429
283.8095875527523,283.8095875527523,283,retrograde,direct,2329814.3711511064
301.84750913444157,661.8475091344416,661,direct,retrograde,2330050.1545754327
295.2192920604611,295.2192920604611,295,retrograde,direct,2330191.1651044404
313.4235267697709,673.4235267697709,673,direct,retrograde,2330427.4010546235
306.76915960459894,306.76915960459894,306,retrograde,direct,2330568.021846329
325.1977273113307,685.1977273113307,685,direct,retrograde,2330804.976917483
318.5109813710217,318.5109813710217,318,retrograde,direct,2330945.0943167508
337.2154364657027,697.2154364657026,697,direct,retrograde,2331182.8831891613
330.49228048625685,330.49228048625685,330,retrograde,direct,2331322.229482365
349.517226340179,709.5172263401789,709,direct,retrograde,2331561.0519546764
342.7546838697918,342.7546838697918,342,retrograde,direct,2331699.568779543
2.134542813675239,362.13454281367524,362,direct,retrograde,2331939.5519029126
355.3313455746459,355.3313455746459,355,retrograde,direct,2332077.202738531
15.085247709553084,375.0852477095531,375,direct,retrograde,2332318.3645406263
8.241780478712899,8.241780478712899,8,retrograde,direct,2332455.1135392413
28.370073674285614,388.3700736742856,388,direct,retrograde,2332697.451602188
21.489200760703003,21.489200760703003,21,retrograde,direct,2332833.3699533157
41.96979747907621,401.9697974790762,401,direct,retrograde,2333076.772029901
35.05672051381865,35.05672051381865,35,retrograde,direct,2333211.9326917594
55.84348666253726,415.84348666253726,415,direct,retrograde,2333456.328993396
48.90470683898054,48.90470683898054,48,retrograde,direct,2333590.739273877
69.92766838517714,429.9276683851771,429,direct,retrograde,2333835.9932953827
62.971563620173725,62.971563620173725,62,retrograde,direct,2333969.8382465057
84.14096749715046,444.1409674971504,444,direct,retrograde,2334215.644103634
77.17702086243821,77.17702086243821,77,retrograde,direct,2334349.185621422
98.39073248355655,458.3907324835566,458,direct,retrograde,2334595.174723331
91.42827489969078,91.42827489969078,91,retrograde,direct,2334728.7100484883
112.57987705001128,472.5798770500113,472,direct,retrograde,2334974.504645924
105.6271932745824,105.6271932745824,105,retrograde,direct,2335108.268425744
126.61715785895865,486.61715785895865,486,direct,retrograde,2335353.628953509
119.68197104373586,119.68197104373586,119,retrograde,direct,2335487.784721655
140.42949627096397,500.42949627096397,500,direct,retrograde,2335732.4832685404
133.51936395719395,133.51936395719395,133,retrograde,direct,2335867.1814161055
153.96873530646633,513.9687353064663,513,direct,retrograde,2336111.0199141093
147.09054925459628,147.09054925459628,147,retrograde,direct,2336246.408451164
167.2076365164264,527.2076365164264,527,direct,retrograde,2336489.244491753
160.3657016234998,160.3657016234998,160,retrograde,direct,2336625.394376374
180.13184512502167,540.1318451250216,540,direct,retrograde,2336867.147730941
173.32773951810304,173.32773951810304,173,retrograde,direct,2337004.152037408
192.7398766286553,552.7398766286553,552,direct,retrograde,2337244.7167283716
185.97286427455373,185.97286427455373,185,retrograde,direct,2337382.6637556674
205.0439851769911,565.0439851769911,565,direct,retrograde,2337622.0810640734
198.31200110002206,198.31200110002206,198,retrograde,direct,2337760.877200514
217.06895222438894,577.0689522243889,577,direct,retrograde,2337999.2518191272
210.3691953949278,210.3691953949278,210,retrograde,direct,2338138.717315416
228.85070094024684,588.8507009402468,588,direct,retrograde,2338376.1710817292
222.17850122138682,222.17850122138682,222,retrograde,direct,2338516.343800052
240.43234445993167,600.4323444599316,600,direct,retrograde,2338753.0056707077
233.78264045508706,233.78264045508706,233,retrograde,direct,2338893.7646602653
251.86304953234296,611.863049532343,611,direct,retrograde,2339129.731922799
245.23075953219092,245.23075953219092,245,retrograde,direct,2339270.9346015565
263.19604060073056,623.1960406007306,623,direct,retrograde,2339506.5137190064
256.5756595179537,256.5756595179537,256,retrograde,direct,2339647.9683914576
274.48609999881285,634.4860999988128,634,direct,retrograde,2339883.339157681
267.8714280644858,267.8714280644858,267,retrograde,direct,2340024.803875304
285.7896092596271,645.7896092596271,645,direct,retrograde,2340260.1549227117
279.17281295664156,279.17281295664156,279,retrograde,direct,2340401.632691101
297.1614983057938,657.1614983057939,657,direct,retrograde,2340637.2010371853
290.5359680478382,290.5359680478382,290,retrograde,direct,2340778.4829644226
308.6557997939103,668.6557997939103,668,direct,retrograde,2341014.4375380725
302.0147974208076,302.0147974208076,302,retrograde,direct,2341155.297752816
320.3235832632423,680.3235832632423,680,direct,retrograde,2341391.9238719298
313.6603382342664,313.6603382342664,313,retrograde,direct,2341532.22322178
332.21184947451644,692.2118494745164,692,direct,retrograde,2341769.6355991308
325.5205569036928,325.5205569036928,325,retrograde,direct,2341909.2665224187
344.3631611563437,704.3631611563437,704,direct,retrograde,2342147.60792224
337.6385341125073,337.6385341125073,337,retrograde,direct,2342286.5598433595
356.81016322456776,716.8101632245678,716,direct,retrograde,2342525.952374611
350.04799660583035,350.04799660583035,350,retrograde,direct,2342664.078971793
9.574589547655629,369.57458954765565,369,direct,retrograde,2342904.6251832824
2.7730032273895424,2.7730032273895424,2,retrograde,direct,2343041.791125578
22.669783359016318,382.6697833590163,382,direct,retrograde,2343283.5668641273
15.829387811651983,15.829387811651983,15,retrograde,direct,2343419.835437905
36.090778288488686,396.0907782884887,396,direct,retrograde,2343662.7560884766
29.213135152336235,29.213135152336235,29,retrograde,direct,2343798.215453308
49.80646177698942,409.8064617769894,409,direct,retrograde,2344042.1681513004
42.89520990594747,42.89520990594747,42,retrograde,direct,2344176.8890459426
63.76317234526915,423.76317234526914,423,direct,retrograde,2344421.7028022856
56.82471516256486,56.82471516256486,56,retrograde,direct,2344555.881612666
77.8880625599491,437.8880625599491,437,direct,retrograde,2344801.280088337
70.93047975361957,70.93047975361957,70,retrograde,direct,2344935.1016636305
92.09427819671778,452.09427819671777,452,direct,retrograde,2345180.827172919
85.12656663582106,85.12656663582106,85,retrograde,direct,2345314.4703743886
106.28883927817193,466.28883927817196,466,direct,retrograde,2345560.271774683
99.32085774406995,99.32085774406995,99,retrograde,direct,2345693.9121214543
120.38098753188291,480.3809875318829,480,direct,retrograde,2345939.5232344605
113.42286573215236,113.42286573215236,113,retrograde,direct,2346073.4272398194
134.29087416312365,494.29087416312365,494,direct,retrograde,2346318.467697303
127.35178632538727,127.35178632538727,127,retrograde,direct,2346452.900933426
147.9545354766064,507.9545354766064,507,direct,retrograde,2346697.089417764
141.0428543109333,141.0428543109333,141,retrograde,direct,2346832.2491406426
161.32779288973143,521.3277928897314,521,direct,retrograde,2347075.4243209157
154.45046794226664,154.45046794226664,154,retrograde,direct,2347211.348581439
174.38673556994726,534.3867355699473,534,direct,retrograde,2347453.509788179
167.54876790537182,167.54876790537182,167,retrograde,direct,2347590.175789348
187.1258388884739,547.1258388884739,547,direct,retrograde,2347831.248008456
180.32986500310292,180.32986500310292,180,retrograde,direct,2347968.7566654487
199.55556621382624,559.5555662138263,559,direct,retrograde,2348208.7097806465
192.80194204623604,192.80194204623604,192,retrograde,direct,2348347.06494144
211.69918214532632,571.6991821453263,571,direct,retrograde,2348585.923400812
204.98578534536844,204.98578534536844,204,retrograde,direct,2348725.082089139
223.58882589231413,583.5888258923142,583,direct,retrograde,2348962.9516991796
216.91120958403093,216.91120958403093,216,retrograde,direct,2349102.872679147
235.2626778301613,595.2626778301612,595,direct,retrograde,2349339.906645369
228.6157447515551,228.6157447515551,228,retrograde,direct,2349480.3537036413
246.76605855718327,606.7660585571832,606,direct,retrograde,2349716.6877442263
240.14288162853703,240.14288162853703,240,retrograde,direct,2349857.5678956965
258.1487775819355,618.1487775819355,618,direct,retrograde,2350093.430386941
251.54082878848885,251.54082878848885,251,retrograde,direct,2350234.718619425
269.4635986606431,629.4635986606431,629,direct,retrograde,2350470.2064863853
262.8633210250496,262.8633210250496,262,retrograde,direct,2350611.674044624
280.7687684550265,640.7687684550265,640,direct,retrograde,2350847.0720106177
274.16810544528124,274.16810544528124,274,retrograde,direct,2350988.536584303
292.1200974426724,652.1200974426724,652,direct,retrograde,2351224.0757085383
285.5103269894216,285.5103269894216,285,retrograde,direct,2351365.338655128
303.57014203000335,663.5701420300034,663,direct,retrograde,2351601.1559164384
296.94159001921736,296.94159001921736,296,retrograde,direct,2351742.154046095
315.16922005419724,675.1692200541972,675,direct,retrograde,2351978.503356957
308.5140536184644,308.5140536184644,308,retrograde,direct,2352119.129953418
326.9651218915244,686.9651218915244,686,direct,retrograde,2352356.1236628257
320.277822899583,320.277822899583,320,retrograde,direct,2352496.1193044325
339.0034622356525,699.0034622356525,699,direct,retrograde,2352734.004922986
332.27902431593395,332.27902431593395,332,retrograde,direct,2352873.2872873647
351.3231140601976,711.3231140601977,711,direct,retrograde,2353112.213880699
344.5586912899759,344.5586912899759,344,retrograde,direct,2353250.6743868375
3.953928513138055,363.95392851313807,363,direct,retrograde,2353490.7016942063
357.1484959160685,357.1484959160685,357,retrograde,direct,2353628.3071603924
16.91399047034666,376.9139904703467,376,direct,retrograde,2353869.477440458
10.068182813731003,10.068182813731003,10,retrograde,direct,2354006.2831651
30.202862493653967,390.202862493654,390,direct,retrograde,2354248.5835733376
23.319501690784264,23.319501690784264,23,retrograde,direct,2354384.51945825
43.80022529901591,403.8002252990159,403,direct,retrograde,2354627.9681479353
36.88445296668645,36.88445296668645,36,retrograde,direct,2354763.0067143105
57.665582561627865,417.66558256162784,417,direct,retrograde,2355007.5112769436
50.72453555661547,50.72453555661547,50,retrograde,direct,2355141.860426232
71.73700591498464,431.73700591498465,431,direct,retrograde,2355387.101746721
64.77920143357463,64.77920143357463,64,retrograde,direct,2355521.0010359967
85.93426640461661,445.9342664046166,445,direct,retrograde,2355766.6917900247
78.96936977618617,78.96936977618617,78,retrograde,direct,2355900.3423407488
100.16651836921581,460.1665183692158,460,direct,retrograde,2356146.207112383
93.20410817803699,93.20410817803699,93,retrograde,direct,2356279.8086174503
114.33838911678153,474.3383891167815,474,direct,retrograde,2356525.5757815056
107.3868977413222,107.3868977413222,107,retrograde,direct,2356659.3457347564
128.35952134243882,488.3595213424388,488,direct,retrograde,2356904.685252591
121.42667908776117,121.42667908776117,121,retrograde,direct,2357038.8496759394
142.15564797832909,502.15564797832906,502,direct,retrograde,2357283.505100115
135.24816478770705,135.24816478770705,135,retrograde,direct,2357418.2348787216
155.6753138241574,515.6753138241575,515,direct,retrograde,2357662.0273279846
148.79947482958332,148.79947482958332,148,retrograde,direct,2357797.4233405497
168.89296339010582,528.8929633901058,528,direct,retrograde,2358040.2245683474
162.05346163279685,162.05346163279685,162,retrograde,direct,2358176.4175243042
181.79968459756833,541.7996845975683,541,direct,retrograde,2358418.054737732
174.99812630902184,174.99812630902184,174,retrograde,direct,2358555.2100266647
194.39592071429658,554.3959207142966,554,direct,retrograde,2358795.682366971
187.63166180054398,187.63166180054398,187,retrograde,direct,2358933.6738869445
206.6939969186881,566.6939969186881,566,direct,retrograde,2359173.09017893
199.96472238643815,199.96472238643815,199,retrograde,direct,2359311.7785567436
218.7189881374675,578.7189881374675,578,direct,retrograde,2359550.1843817187
212.0208268716327,212.0208268716327,212,retrograde,direct,2359689.6921941983
230.50596919796146,590.5059691979615,590,direct,retrograde,2359927.1418344555
223.83449160137584,223.83449160137584,223,retrograde,direct,2360067.350587886
242.0974170629612,602.0974170629612,602,direct,retrograde,2360303.9674626403
235.447390796408,235.447390796408,235,retrograde,direct,2360444.7410353795
253.54131414661865,613.5413141466187,613,direct,retrograde,2360680.7841670886
246.90738097188986,246.90738097188986,246,retrograde,direct,2360821.955587309
264.88964927643076,624.8896492764308,624,direct,retrograde,2361057.563186843
258.2666415904634,258.2666415904634,258,retrograde,direct,2361198.9260028005
276.1988310055531,636.1988310055531,636,direct,retrograde,2361434.324916251
269.5799198303757,269.5799198303757,269,retrograde,direct,2361575.825464161
287.5242829420335,647.5242829420336,647,direct,retrograde,2361811.254483383
280.9026875666162,280.9026875666162,280,retrograde,direct,2361952.7179837488
298.920325178079,658.920325178079,658,direct,retrograde,2362188.314937791
292.2895891282171,292.2895891282171,292,retrograde,direct,2362329.5252872165
310.44139610659363,670.4413961065936,670,direct,retrograde,2362565.6055831807
303.795060090295,303.795060090295,303,retrograde,direct,2362706.3808691576
322.13835402649016,682.1383540264901,682,direct,retrograde,2362943.083311123
315.4699023257118,315.4699023257118,315,retrograde,direct,2363083.2936040396
334.05820961029553,694.0582096102955,694,direct,retrograde,2363320.789539436
327.36159018895944,327.36159018895944,327,retrograde,direct,2363460.4422797654
346.24142111248796,706.241421112488,706,direct,retrograde,2363698.8672716916
339.51248646218613,339.51248646218613,339,retrograde,direct,2363837.7485083146
358.71907675109105,718.719076751091,718,direct,retrograde,2364077.2607727833
351.95402361466563,351.95402361466563,351,retrograde,direct,2364215.2131708963
11.511134756347534,371.51113475634753,371,direct,retrograde,2364455.900644891
4.707181055564699,4.707181055564699,4,retrograde,direct,2364593.013217669
24.62597072081825,384.62597072081826,384,direct,retrograde,2364834.8471589815
17.78375340891997,17.78375340891997,17,retrograde,direct,2364971.089409342
38.057988102755736,398.05798810275576,398,direct,retrograde,2365214.0505601577
31.179993348930243,31.179993348930243,31,retrograde,direct,2365349.4684897754
51.7781710670196,411.77817106701957,411,direct,retrograde,2365593.4470223123
44.867885042778816,44.867885042778816,44,retrograde,direct,2365728.1922066454
65.73216374783658,425.7321637478366,425,direct,retrograde,2365972.9560810495
58.79554764181705,58.79554764181705,58,retrograde,direct,2366107.1615946023
79.84653279068023,439.8465327906802,439,direct,retrograde,2366352.541712762
72.89139961070268,72.89139961070268,72,retrograde,direct,2366486.3323256187
94.03525920586503,454.03525920586503,454,direct,retrograde,2366732.0967886867
87.07042005308058,87.07042005308058,87,retrograde,direct,2366865.6784553276
108.20605820522523,468.20605820522525,468,direct,retrograde,2367111.517974511
101.24126700237272,101.24126700237272,101,retrograde,direct,2367245.168982514
122.26984526636916,482.26984526636915,482,direct,retrograde,2367490.669388879
115.31523106787267,115.31523106787267,115,retrograde,direct,2367624.7066298947
136.14921804589187,496.14921804589187,496,direct,retrograde,2367869.5563359708
129.21360994777302,129.21360994777302,129,retrograde,direct,2368004.1400480503
149.7816095626375,509.7816095626375,509,direct,retrograde,2368248.197914675
142.8725973631463,142.8725973631463,142,retrograde,direct,2368383.4058716726
163.12382093946215,523.1238209394621,523,direct,retrograde,2368626.55335492
156.248357093656,156.248357093656,156,retrograde,direct,2368762.455275379
176.15453219005602,536.154532190056,536,direct,retrograde,2369004.562023543
169.31786939937865,169.31786939937865,169,retrograde,direct,2369141.297271751
188.87016514890882,548.8701651489089,548,direct,retrograde,2369382.284337203
182.07487624624457,182.07487624624457,182,retrograde,direct,2369519.8560285186
201.28207346044894,561.2820734604489,561,direct,retrograde,2369759.716615986
194.5285177381797,194.5285177381797,194,retrograde,direct,2369898.1408871366
213.4148006142261,573.4148006142261,573,direct,retrograde,2370136.925429969
206.7010790666193,206.7010790666193,206,retrograde,direct,2370276.1914932337
225.3001442708272,585.3001442708272,585,direct,retrograde,2370514.0356769525
218.62258899969368,218.62258899969368,218,retrograde,direct,2370653.895324438
236.97698072276367,596.9769807227636,596,direct,retrograde,2370890.9289962817
230.32970686304162,230.32970686304162,230,retrograde,direct,2371031.3423081245
248.49036507592092,608.4903650759209,608,direct,retrograde,2371267.733919303
241.8662554084895,241.8662554084895,241,retrograde,direct,2371408.6569777615
259.8882221022557,619.8882221022557,619,direct,retrograde,2371644.4956799075
253.2796073883026,253.2796073883026,253,retrograde,direct,2371785.763602727
271.22206977045875,631.2220697704588,631,direct,retrograde,2372021.304409015
264.62044393079907,264.62044393079907,264,retrograde,direct,2372162.746294151
282.5469942139053,642.5469942139052,642,direct,retrograde,2372398.2415396385
275.9449915801355,275.9449915801355,275,retrograde,direct,2372539.599963432
293.92087304252476,653.9208730425248,653,direct,retrograde,2372775.1600546082
287.3093191372272,287.3093191372272,287,retrograde,direct,2372916.405843756
305.3974854640391,665.3974854640392,665,direct,retrograde,2373152.3295377865
298.76717873601274,298.76717873601274,298,retrograde,direct,2373293.3355231984
317.0251216450759,677.0251216450758,677,direct,retrograde,2373529.74880266
310.3685513338239,310.3685513338239,310,retrograde,direct,2373670.253181508
328.85054512424136,688.8505451242413,688,direct,retrograde,2373907.3671605755
322.1612541337185,322.1612541337185,322,retrograde,direct,2374047.277336562
340.9181666743555,700.9181666743555,700,direct,retrograde,2374285.293801926
334.191554865934,334.191554865934,334,retrograde,direct,2374424.478812513
353.2654710894144,713.2654710894144,713,direct,retrograde,2374663.487264891
346.49837554788706,346.49837554788706,346,retrograde,direct,2374801.8952250285
5.920560896172499,365.9205608961725,365,direct,retrograde,2375041.968053963
359.1121217155736,359.1121217155736,359,retrograde,direct,2375179.6165800737
18.899349778953102,378.8993497789531,378,direct,retrograde,2375420.83002487
12.050891515108473,12.050891515108473,12,retrograde,direct,2375557.543816544
32.200324019567624,392.20032401956763,392,direct,retrograde,2375799.9691191986
25.314503928185008,25.314503928185008,25,retrograde,direct,2375935.7639961476
45.802237205067726,405.80223720506774,405,direct,retrograde,2376179.3143379893
38.88424154936088,38.88424154936088,38,retrograde,direct,2376314.3251972757
59.66408513506626,419.6640851350663,419,direct,retrograde,2376558.7921637334
52.72139444032202,52.72139444032202,52,retrograde,direct,2376693.197178039
73.72415364114254,433.72415364114255,433,direct,retrograde,2376938.367765857
66.7653239984856,66.7653239984856,66,retrograde,direct,2377072.3141230866
87.90337125199434,447.9033712519944,447,direct,retrograde,2377317.953638356
80.93794801667089,80.93794801667089,80,retrograde,direct,2377451.6349202357
102.11233136474006,462.11233136474004,462,direct,retrograde,2377697.4562257696
95.15016920783894,95.15016920783894,95,retrograde,direct,2377831.09037177
116.25836491977475,476.25836491977475,476,direct,retrograde,2378076.778777737
109.3084936177993,109.3084936177993,109,retrograde,direct,2378210.5887262
130.25396536396258,490.2539653639626,490,direct,retrograde,2378455.8777668364
123.32364126932463,123.32364126932463,123,retrograde,direct,2378590.0336553287
144.02498297918567,504.02498297918567,504,direct,retrograde,2378834.686719751
137.12069640663853,137.12069640663853,137,retrograde,direct,2378969.4117320143
157.51842423843507,517.518424238435,517,direct,retrograde,2379213.139813072
150.64561842475914,150.64561842475914,150,retrograde,direct,2379348.636314813
170.70784543210843,530.7078454321085,530,direct,retrograde,2379591.2536326367
163.8710140360579,163.8710140360579,163,retrograde,direct,2379727.6459278353
183.58745392198597,543.587453921986,543,direct,retrograde,2379969.1605890756
176.78860429648628,176.78860429648628,176,retrograde,direct,2380106.3212385597
196.16161024664567,556.1616102466456,556,direct,retrograde,2380346.7814589534
189.40023067631972,189.40023067631972,189,retrograde,direct,2380484.7208177727
208.44563330264705,568.445633302647,568,direct,retrograde,2380724.1099347696
201.71895426843062,201.71895426843062,201,retrograde,direct,2380862.8826528694
220.46425924331993,580.4642592433199,580,direct,retrograde,2381101.2479325803
213.76817502934125,213.76817502934125,213,retrograde,direct,2381240.7858239673
232.25144245558897,592.251442455589,592,direct,retrograde,2381478.1815930586
225.58111267797537,225.58111267797537,225,retrograde,direct,2381618.427756288
243.84935800952346,603.8493580095235,603,direct,retrograde,2381855.0736592775
237.1996796833901,237.1996796833901,237,retrograde,direct,2381995.8472351907
255.3046904295151,615.3046904295151,615,direct,retrograde,2382231.9036968322
248.6702656177042,248.6702656177042,248,retrograde,direct,2382372.984451454
266.66968211870403,626.669682118704,626,direct,retrograde,2382608.641236511
260.0441402846283,260.0441402846283,260,retrograde,direct,2382750.0288225086
277.9995521598961,637.9995521598961,637,direct,retrograde,2382985.4889074024
271.3772031616351,271.3772031616351,271,retrograde,direct,2383126.9881489007
289.3494380749122,649.3494380749122,649,direct,retrograde,2383362.42935152
282.72387661286444,282.72387661286444,282,retrograde,direct,2383503.8331035823
300.77367979434797,660.773679794348,660,direct,retrograde,2383739.5666341446
294.1383617421648,294.1383617421648,294,retrograde,direct,2383880.676338168
312.3258864628579,672.3258864628579,672,direct,retrograde,2384116.8385190414
305.674365329167,305.674365329167,305,retrograde,direct,2384257.5216152184
324.05725462954933,684.0572546295493,684,direct,retrograde,2384494.3071565134
317.3829439147333,317.3829439147333,317,retrograde,direct,2384634.542220979
336.0132304904314,696.0132304904314,696,direct,retrograde,2384872.144339309
329.31114037875795,329.31114037875795,329,retrograde,direct,2385011.689831947
348.23273482899634,708.2327348289964,708,direct,retrograde,2385250.2455139793
341.498587024391,341.498587024391,341,retrograde,direct,2385388.9736901335
0.7460080968078209,360.7460080968078,360,direct,retrograde,2385628.624311248
353.97641598538326,353.97641598538326,353,retrograde,direct,2385766.5263220705
13.571460315355422,373.5714603153554,373,direct,retrograde,2386007.3254128806
6.763941592409194,6.763941592409194,6,retrograde,direct,2386144.334971171
26.712844368031696,386.7128443680317,386,direct,retrograde,2386386.2660171054
19.867399912596937,19.867399912596937,19,retrograde,direct,2386522.4642770374
40.161315565907124,400.1613155659071,400,direct,retrograde,2386765.44900728
33.28112863449223,33.28112863449223,33,retrograde,direct,2386900.8958001155
53.88990968357176,413.8899096835718,413,direct,retrograde,2387144.8532019835
46.97903050960211,46.97903050960211,46,retrograde,direct,2387279.5855447426
67.84499228203794,427.84499228203794,427,direct,retrograde,2387524.423138109
60.90864116810877,60.90864116810877,60,retrograde,direct,2387658.509140634
81.95247147948938,441.95247147948936,441,direct,retrograde,2387904.007291954
74.9985957812009,74.9985957812009,74,retrograde,direct,2388037.727059569
96.12716903906392,456.1271690390639,456,direct,retrograde,2388283.498579882
89.1649850350173,89.1649850350173,89,retrograde,direct,2388417.130090543
110.2779684876501,470.2779684876501,470,direct,retrograde,2388662.8325500963
103.3167077290032,103.3167077290032,103,retrograde,direct,2388796.6236383133
124.31671031607645,484.31671031607647,484,direct,retrograde,2389041.966757307
117.36575435341226,117.36575435341226,117,retrograde,direct,2389176.0857931226
138.16696846049723,498.16696846049723,498,direct,retrograde,2389420.886051638
131.23517300113954,131.23517300113954,131,retrograde,direct,2389555.4777701534
151.76831730040433,511.7683173004043,511,direct,retrograde,2389799.496166412
144.8632438734882,144.8632438734882,144,retrograde,direct,2389934.729142946
165.07958494787283,525.0795849478728,525,direct,retrograde,2390177.7879449753
158.2075474994598,158.2075474994598,158,retrograde,direct,2390313.7708398513
178.08062667570834,538.0806266757083,538,direct,retrograde,2390555.7918904927
171.24661957374263,171.24661957374263,171,retrograde,direct,2390692.5597392805
190.76942469044755,550.7694246904475,550,direct,retrograde,2390933.438880939
183.97617075547262,183.97617075547262,183,retrograde,direct,2391071.132351391
203.15913072893264,563.1591307289326,563,direct,retrograde,2391310.8608300975
196.40679664755112,196.40679664755112,196,retrograde,direct,2391449.4210736975
215.27387280512198,575.273872805122,575,direct,retrograde,2391688.1513196696
208.56106349939353,208.56106349939353,208,retrograde,direct,2391827.3656229507
227.14692638145203,587.146926381452,587,direct,retrograde,2392065.1654716805
220.46966748679876,220.46966748679876,220,retrograde,direct,2392205.035880345
238.81885818947578,598.8188581894758,598,direct,retrograde,2392442.0615922324
232.17111551931995,232.17111551931995,232,retrograde,direct,2392582.556122302
250.33328861867867,610.3332886186787,610,direct,retrograde,2392818.8906466337
243.7084674359819,243.7084674359819,243,retrograde,direct,2392959.8300687335
261.73804592074873,621.7380459207487,621,direct,retrograde,2393195.6818073737
255.12830364220838,255.12830364220838,255,retrograde,direct,2393336.949143138
273.0835023113664,633.0835023113664,633,direct,retrograde,2393572.5497852974
266.4808711140006,266.4808711140006,266,retrograde,direct,2393713.904553757
284.423506080552,644.423506080552,644,direct,retrograde,2393949.391735267
277.81922411048885,277.81922411048885,277,retrograde,direct,2394090.74863139
295.8152051069841,655.8152051069841,655,direct,retrograde,2394326.407101256
289.20093009389615,289.20093009389615,289,retrograde,direct,2394467.667835001
307.31356794168425,667.3135679416843,667,direct,retrograde,2394703.621920773
300.68127931144716,300.68127931144716,300,retrograde,direct,2394844.535797284
318.9681045787226,678.9681045787227,678,direct,retrograde,2395081.0451574763
312.3093391839803,312.3093391839803,312,retrograde,direct,2395221.4733048817
330.8241009618403,690.8241009618403,690,direct,retrograde,2395458.73787253
324.1324324457215,324.1324324457215,324,retrograde,direct,2395598.522200756
342.92473315226346,702.9247331522635,702,direct,retrograde,2395836.628572587
336.19533945307455,336.19533945307455,336,retrograde,direct,2395975.7714956794
355.30637106379277,715.3063710637928,715,direct,retrograde,2396214.854907198
348.53634941785754,348.53634941785754,348,retrograde,direct,2396353.270751938
7.99462605281416,367.99462605281417,367,direct,retrograde,2396593.4550153203
1.1833834199696545,1.1833834199696545,1,retrograde,direct,2396730.9461854063
21.002973113522497,381.0029731135225,381,direct,retrograde,2396972.329628136
14.151708858318445,14.151708858318445,14,retrograde,direct,2397108.8949343255
34.32861131536208,394.3286113153621,394,direct,retrograde,2397351.4320907127
27.440472146664156,27.440472146664156,27,retrograde,direct,2397487.1929413527
47.94880265733418,407.94880265733417,407,direct,retrograde,2397730.762888016
41.02874506072905,41.02874506072905,41,retrograde,direct,2397865.7794325463
61.82004343587874,421.82004343587874,421,direct,retrograde,2398110.26250617
54.87535489261718,54.87535489261718,54,retrograde,direct,2398244.648187858
75.87943738494184,435.87943738494187,435,direct,retrograde,2398489.830348584
68.91917435166766,68.91917435166766,68,retrograde,direct,2398623.794189808
90.04885659981889,450.0488565998189,450,direct,retrograde,2398869.3828077223
83.08252744316985,83.08252744316985,83,retrograde,direct,2399003.1004112195
104.2396070669501,464.2396070669501,464,direct,retrograde,2399248.86326682
97.27706077973758,97.27706077973758,97,retrograde,direct,2399382.515079952
118.36098167598423,478.36098167598425,478,direct,retrograde,2399628.181728729
111.41149674083493,111.41149674083493,111,retrograde,direct,2399761.970556898
132.32848364224083,492.3284836422408,492,direct,retrograde,2400007.2658428364
125.3999198517106,125.3999198517106,125,retrograde,direct,2400141.450786857
146.07008953510376,506.07008953510376,506,direct,retrograde,2400385.972393199
139.16873049016291,139.16873049016291,139,retrograde,direct,2400520.8526983988
159.53291345634233,519.5329134563424,519,direct,retrograde,2400764.378806916
152.6633002128058,152.6633002128058,152,retrograde,direct,2400900.0422646217
172.687912866191,532.687912866191,532,direct,retrograde,2401142.539916857
165.8538802473335,165.8538802473335,165,retrograde,direct,2401278.947030791
185.53027303545232,545.5302730354523,545,direct,retrograde,2401520.407801667
178.73422621829977,178.73422621829977,178,retrograde,direct,2401657.5836145887
198.07081525358737,558.0708152535874,558,direct,retrograde,2401897.9551775493
191.31231587774639,191.31231587774639,191,retrograde,direct,2402035.99892795
210.32842791763957,570.3284279176396,570,direct,retrograde,2402275.284042578
203.604824151484,203.604824151484,203,retrograde,direct,2402414.134263891
222.32925204327063,582.3292520432706,582,direct,retrograde,2402652.382641118
215.63602284750712,215.63602284750712,215,retrograde,direct,2402792.0128387613
234.10719257297532,594.1071925729754,594,direct,retrograde,2403029.390818634
227.43935742192647,227.43935742192647,227,retrograde,direct,2403169.648255977
245.70370348563603,605.703703485636,605,direct,retrograde,2403406.28713217
239.05598026670154,239.05598026670154,239,retrograde,direct,2403546.986111991
257.166246916511,617.166246916511,617,direct,retrograde,2403783.0550600663
250.5321628761375,250.5321628761375,250,retrograde,direct,2403924.1742255045
268.54582048750405,628.545820487504,628,direct,retrograde,2404159.8700470943
261.919333834638,261.919333834638,261,retrograde,direct,2404301.255054768
279.8961636659279,639.8961636659278,639,direct,retrograde,2404536.7295816345
273.2714557066276,273.2714557066276,273,retrograde,direct,2404678.185431243
291.27207509395964,651.2720750939596,651,direct,retrograde,2404913.75564983
284.6431376447828,284.6431376447828,284,retrograde,direct,2405055.0659038927
302.72792455559426,662.7279245555942,662,direct,retrograde,2405290.861290143
296.0880858218519,296.0880858218519,296,retrograde,direct,2405431.8713570014
314.31703173858807,674.3170317385881,674,direct,retrograde,2405668.141933739
307.6593407971451,307.6593407971451,307,retrograde,direct,2405808.8402330726
326.088453697104,686.088453697104,686,direct,retrograde,2406045.7486814335
319.40777616342484,319.40777616342484,319,retrograde,direct,2406185.884212604
338.08735669697285,698.0873566969728,698,direct,retrograde,2406423.5942612225
331.37869602755063,331.37869602755063,331,retrograde,direct,2406562.994267434
350.35192877281366,710.3519287728136,710,direct,retrograde,2406801.7269899165
343.6108955566048,343.6108955566048,343,retrograde,direct,2406940.366143398
2.9101819100929673,362.91018191009294,362,direct,retrograde,2407180.1642629486
356.1341313273827,356.1341313273827,356,retrograde,direct,2407317.9459589208
15.778776664768744,375.77877666476877,375,direct,retrograde,2407558.863959035
8.965923864164978,8.965923864164978,8,retrograde,direct,2407695.821058198
28.95830326488915,388.95830326488914,388,direct,retrograde,2407937.820894966
22.10834919423492,22.10834919423492,22,retrograde,direct,2408074.0155250244
42.433571878053435,402.43357187805344,402,direct,retrograde,2408317.070362936
35.54951073981024,35.54951073981024,35,retrograde,direct,2408452.4209525604
56.17646330712295,416.17646330712296,416,direct,retrograde,2408696.5195333185
49.26335606462535,49.26335606462535,49,retrograde,direct,2408831.1076999754
70.13584996999656,430.13584996999657,430,direct,retrograde,2409076.0637285635
63.19931942456632,63.19931942456632,63,retrograde,direct,2409210.117188597
84.23833255122993,444.2383325512299,444,direct,retrograde,2409455.5750806993
77.2860234526869,77.2860234526869,77,retrograde,direct,2409589.3627939206
98.39867809474032,458.3986780947403,458,direct,retrograde,2409835.027394995
91.43943322961333,91.43943322961333,91,retrograde,direct,2409968.744952294
112.52655612079597,472.526556120796,472,direct,retrograde,2410214.358711917
105.56947544816192,105.56947544816192,105,retrograde,direct,2410348.193772357
126.5354616314959,486.5354616314959,486,direct,retrograde,2410593.4989777757
119.58944779861675,119.58944779861675,119,retrograde,direct,2410727.6359023927
140.35067385218176,500.3506738521818,500,direct,retrograde,2410972.3590281615
133.4243612269531,133.4243612269531,133,retrograde,direct,2411107.008395117
153.91417330653005,513.9141733065301,513,direct,retrograde,2411350.929618935
147.01484314628632,147.01484314628632,147,retrograde,direct,2411486.2145905243
167.18721282158344,527.1872128215834,527,direct,retrograde,2411729.188021574
160.32047019694292,160.32047019694292,160,retrograde,direct,2411865.2227366976
180.15093605942633,540.1509360594264,540,direct,retrograde,2412107.097505508
173.32123628826005,173.32123628826005,173,retrograde,direct,2412244.029182952
192.8051157563469,552.8051157563469,552,direct,retrograde,2412484.73782231
186.0151289578985,186.0151289578985,186,retrograde,direct,2412622.5706358934
205.16379210040887,565.1637921004088,565,direct,retrograde,2412862.205123946
198.41404954135314,198.41404954135314,198,retrograde,direct,2413000.744888706
217.25271900889908,577.252719008899,577,direct,retrograde,2413239.4043527916
210.54130039968697,210.54130039968697,210,retrograde,direct,2413378.6555558117
229.10663283800724,589.1066328380073,589,direct,retrograde,2413616.4142253427
222.42964436949322,222.42964436949322,222,retrograde,direct,2413756.3814812414
240.76639233247698,600.7663923324769,600,direct,retrograde,2413993.304761336
234.11848271328446,234.11848271328446,234,retrograde,direct,2414133.8437353373
252.27634333672256,612.2763433367226,612,direct,retrograde,2414370.134970097
245.65047233960036,245.65047233960036,245,retrograde,direct,2414511.1224152334
263.6829735546849,623.6829735546848,623,direct,retrograde,2414747.010114234
257.0721663162687,257.0721663162687,257,retrograde,direct,2414888.204883676
275.0374599361859,635.0374599361859,635,direct,retrograde,2415123.7907192446
268.43299620446976,268.43299620446976,268,retrograde,direct,2415265.135850733
286.39232439868647,646.3923243986865,646,direct,retrograde,2415500.690284312
279.7852710498048,279.7852710498048,279,retrograde,direct,2415642.089520748
297.80187509564723,657.8018750956472,657,direct,retrograde,2415877.762392169
291.18492064541255,291.18492064541255,291,retrograde,direct,2416018.9540069513
309.32275936495523,669.3227593649552,669,direct,retrograde,2416255.0057325773
302.68791749906944,302.68791749906944,302,retrograde,direct,2416395.83734551
321.0057778095306,681.0057778095306,681,direct,retrograde,2416632.477228461
314.3449802680414,314.3449802680414,314,retrograde,direct,2416772.789736867
332.8962350961698,692.8962350961698,692,direct,retrograde,2417010.1315330807
326.20226284685185,326.20226284685185,326,retrograde,direct,2417149.8771456294
345.0350726478237,705.0350726478237,705,direct,retrograde,2417388.108737302
338.3031687416379,338.3031687416379,338,retrograde,direct,2417527.2144614244
357.4558476399349,717.455847639935,717,direct,retrograde,2417766.427305322
350.6836956824027,350.6836956824027,350,retrograde,direct,2417904.6707169823
10.183029378060883,370.1830293780609,370,direct,retrograde,2418145.0316133164
3.3694303952820808,3.3694303952820808,3,retrograde,direct,2418282.378095681
23.227520318169198,383.2275203181692,383,direct,retrograde,2418523.897385313
16.373699587101292,16.373699587101292,16,retrograde,direct,2418660.410507364
36.583599417319796,396.5835994173198,396,direct,retrograde,2418903.0349371955
29.69298358121915,29.69298358121915,29,retrograde,direct,2419038.721314084
50.226830178699664,410.2268301786997,410,direct,retrograde,2419282.37322639
43.30452519090823,43.30452519090823,43,retrograde,direct,2419417.3490066277
64.11162080288211,424.1116208028821,424,direct,retrograde,2419661.858579808
57.164823789340915,57.164823789340915,57,retrograde,direct,2419796.258859736
78.17363638018053,438.17363638018054,438,direct,retrograde,2420041.4090111665
71.2113788169583,71.2113788169583,71,retrograde,direct,2420175.369144123
92.3348593560776,452.3348593560776,452,direct,retrograde,2420420.987094572
85.36684495760252,85.36684495760252,85,retrograde,direct,2420554.642248404
106.50771007574104,466.50771007574104,466,direct,retrograde,2420800.4571321523
99.54396617438626,99.54396617438626,99,retrograde,direct,2420934.0773329334
120.60350389515729,480.6035038951573,480,direct,retrograde,2421179.715568172
113.65381632209308,113.65381632209308,113,retrograde,direct,2421313.5788171124
134.54101068908264,494.54101068908267,494,direct,retrograde,2421558.693031471
127.61372923213966,127.61372923213966,127,retrograde,direct,2421693.065102379
148.25088448414118,508.2508844841412,508,direct,retrograde,2421937.3966635615
141.35177435497815,141.35177435497815,141,retrograde,direct,2422072.382118049
161.68073647424924,521.6807364742492,521,direct,retrograde,2422315.838636048
154.81423725139013,154.81423725139013,154,retrograde,direct,2422451.5030951165
174.80109096745338,534.8010909674533,534,direct,retrograde,2422693.952811349
167.9703918698021,167.9703918698021,167,retrograde,direct,2422830.400702473
187.60617621863435,547.6061762186343,547,direct,retrograde,2423071.747393557
180.81340606639216,180.81340606639216,180,retrograde,direct,2423209.046811953
200.11010725106505,560.1101072510651,560,direct,retrograde,2423449.281212263
193.35522423501968,193.35522423501968,193,retrograde,direct,2423587.4036591146
212.33672877639032,572.3367287763904,572,direct,retrograde,2423826.5529891895
205.61698614203567,205.61698614203567,205,retrograde,direct,2423965.5302694626
224.31436957076318,584.3143695707631,584,direct,retrograde,2424203.703024555
217.62544130533905,217.62544130533905,217,retrograde,direct,2424343.3872270677
236.0772189889876,596.0772189889876,596,direct,retrograde,2424580.703456604
229.41373034281003,229.41373034281003,229,retrograde,direct,2424720.900684759
247.66733226147034,607.6673322614704,607,direct,retrograde,2424957.533666648
241.0225837636669,241.0225837636669,241,retrograde,direct,2425098.2904157657
259.13107238043517,619.1310723804352,619,direct,retrograde,2425334.3591518635
252.49891290659792,252.49891290659792,252,retrograde,direct,2425475.5119297067
270.51883265080284,630.5188326508028,630,direct,retrograde,2425711.167468642
263.89284830517437,263.89284830517437,263,retrograde,direct,2425852.5394553915
281.8832463757564,641.8832463757565,641,direct,retrograde,2426088.10482125
275.25741864137206,275.25741864137206,275,retrograde,direct,2426229.4960586857
293.2783613482497,653.2783613482497,653,direct,retrograde,2426465.1029180847
286.6467458747265,286.6467458747265,286,retrograde,direct,2426606.328823787
304.75987516207687,664.7598751620769,664,direct,retrograde,2426842.1987545304
298.11528039227454,298.11528039227454,298,retrograde,direct,2426983.2350846576
316.3794694479871,676.379469447987,676,direct,retrograde,2427219.5964737954
309.71610975185996,309.71610975185996,309,retrograde,direct,2427360.217789755
328.1856254932585,688.1856254932585,688,direct,retrograde,2427597.212125849
321.4982100893816,321.4982100893816,321,retrograde,direct,2427737.2207130883
340.22367960726524,700.2236796072652,700,direct,retrograde,2427975.1024177372
333.50745671587987,333.50745671587987,333,retrograde,direct,2428114.416504071
352.53081549645793,712.530815496458,712,direct,retrograde,2428353.286178028
345.78195775361615,345.78195775361615,345,retrograde,direct,2428491.7966737095
5.134121866142729,365.1341218661427,365,direct,retrograde,2428731.720717123
358.3502499159779,358.3502499159779,358,retrograde,direct,2428869.4604466623
18.048270105704315,378.0482701057043,378,direct,retrograde,2429110.4677418405
11.228626120257909,11.228626120257909,11,retrograde,direct,2429247.3987619746
31.270980214404712,391.2709802144047,391,direct,retrograde,2429489.5438422943
24.415730488092677,24.415730488092677,24,retrograde,direct,2429625.549367969
44.782382984640535,404.78238298464055,404,direct,retrograde,2429868.82161073
37.8937858468118,37.8937858468118,37,retrograde,direct,2430004.014045003
58.54969455499699,418.549694554997,418,direct,retrograde,2430248.2356844144
51.63354802073972,51.63354802073972,51,retrograde,direct,2430382.7923511816
72.52338203626934,432.52338203626937,432,direct,retrograde,2430627.7350060213
65.58629529068942,65.58629529068942,65,retrograde,direct,2430761.827601013
86.63169828470421,446.6316982847042,446,direct,retrograde,2431007.2618228486
79.68056051845493,79.68056051845493,79,retrograde,direct,2431141.053831257
100.78821228638287,460.7882122863829,460,direct,retrograde,2431386.734206897
93.83162713865967,93.83162713865967,93,retrograde,direct,2431520.44632743
114.90270712781015,474.9027071278101,474,direct,retrograde,2431766.0429689195
107.94981937415346,107.94981937415346,107,retrograde,direct,2431899.895301937
128.890102972552,488.890102972552,488,direct,retrograde,2432145.139605077
121.94937474144245,121.94937474144245,121,retrograde,direct,2432279.3179930095
142.67649209781135,502.6764920978113,502,direct,retrograde,2432523.982249897
135.7558507891254,135.7558507891254,135,retrograde,direct,2432658.638363853
156.20524635426307,516.2052463542631,516,direct,retrograde,2432902.5141496463
149.31179477548355,149.31179477548355,149,retrograde,direct,2433037.857157192
169.44050001173434,529.4405000117343,529,direct,retrograde,2433280.6693658736
162.57955434239977,162.57955434239977,162,retrograde,direct,2433416.890628975
182.36491000147788,542.3649100014779,542,direct,retrograde,2433658.5539801726
175.5400216298754,175.5400216298754,175,retrograde,direct,2433795.6505030626
194.97861532129426,554.9786153212942,554,direct,retrograde,2434036.2466172855
188.1924666692185,188.1924666692185,188,retrograde,direct,2434174.05468354
207.29854627136208,567.298546271362,567,direct,retrograde,2434413.6046453407
200.5515609836755,200.5515609836755,200,retrograde,direct,2434552.226526982
219.35297785859314,579.3529778585931,579,direct,retrograde,2434790.76137699
212.6430413644389,212.6430413644389,212,retrograde,direct,2434930.16181646
231.17722903413014,591.1772290341302,591,direct,retrograde,2435167.7632468455
224.50080515295198,224.50080515295198,224,retrograde,direct,2435307.811926257
242.81399774482395,602.813997744824,602,direct,retrograde,2435544.6449611895
236.16576834348268,236.16576834348268,236,retrograde,direct,2435685.2749138586
254.30827977245144,614.3082797724514,614,direct,retrograde,2435921.5314826034
247.6819928014084,247.6819928014084,247,retrograde,direct,2436062.497658966
265.7079659051491,625.7079659051491,625,direct,retrograde,2436298.3180136317
259.0959467711308,259.0959467711308,259,retrograde,direct,2436439.5215941463
277.0645042007478,637.0645042007478,637,direct,retrograde,2436675.147093462
270.45820411955253,270.45820411955253,270,retrograde,direct,2436816.542611666
288.4291075087011,648.4291075087011,648,direct,retrograde,2437052.087647968
281.82046148319256,281.82046148319256,281,retrograde,direct,2437193.4497964075
299.8551464443746,659.8551464443747,659,direct,retrograde,2437429.181182828
293.2359821013655,293.2359821013655,293,retrograde,direct,2437570.3135229964
311.3979923393758,671.3979923393758,671,direct,retrograde,2437806.47367872
304.76107915246956,304.76107915246956,304,retrograde,direct,2437947.184002381
323.11078478875055,683.1107847887506,683,direct,retrograde,2438183.901848153
316.44788268930796,316.44788268930796,316,retrograde,direct,2438324.182201923
335.039197529666,695.039197529666,695,direct,retrograde,2438561.6428170847
328.34319173514393,328.34319173514393,328,retrograde,direct,2438701.36390532
347.22104931954476,707.2210493195448,707,direct,retrograde,2438939.7303677956
340.48728817859785,340.48728817859785,340,retrograde,direct,2439078.6365079684
359.6879443232017,719.6879443232017,719,direct,retrograde,2439318.0433502235
352.9134096508779,352.9134096508779,352,retrograde,direct,2439456.148296767
12.46250777281635,372.46250777281637,372,direct,retrograde,2439696.672447007
5.646291842798051,5.646291842798051,5,retrograde,direct,2439833.935463097
25.552394726741948,385.55239472674197,385,direct,retrograde,2440075.599255247
18.695574673202824,18.695574673202824,18,retrograde,direct,2440211.9845998017
38.94828493117244,398.94828493117245,398,direct,retrograde,2440454.738505047
32.05448500984201,32.05448500984201,32,retrograde,direct,2440590.3796202634
52.62305705999037,412.6230570599904,412,direct,retrograde,2440834.0809792047
45.69788565703004,45.69788565703004,45,retrograde,direct,2440969.042424435
66.52859535181761,426.5285953518176,426,direct,retrograde,2441213.595466558
59.578970381010265,59.578970381010265,59,retrograde,direct,2441347.931975429
80.59832433947932,440.5983243394793,440,direct,retrograde,2441593.184392034
73.63313033346218,73.63313033346218,73,retrograde,direct,2441727.034073462
94.75355578125657,454.7535557812566,454,direct,retrograde,2441972.7430129414
87.78326280660326,87.78326280660326,87,retrograde,direct,2442106.3843180686
108.90821349188316,468.90821349188315,468,direct,retrograde,2442352.1221833033
101.94328233665192,101.94328233665192,101,retrograde,direct,2442485.855576611
122.97596618298776,482.97596618298775,482,direct,retrograde,2442731.308695973
116.02601479946081,116.02601479946081,116,retrograde,direct,2442865.332245133
136.87822298804332,496.8782229880433,496,direct,retrograde,2443110.281750731
129.9516477698183,129.9516477698183,129,retrograde,direct,2443244.7370461635
150.54871246285146,510.5487124628514,510,direct,retrograde,2443489.0073206257
143.65192901383736,143.65192901383736,143,retrograde,direct,2443624.0110953115
163.9385712132823,523.9385712132823,523,direct,retrograde,2443867.3831864307
157.07590280614136,157.07590280614136,157,retrograde,direct,2444003.1205155626
177.01945617358888,537.0194561735889,537,direct,retrograde,2444245.445992181
170.19349503112724,170.19349503112724,170,retrograde,direct,2444381.9927899055
189.7841962157578,549.7841962157578,549,direct,retrograde,2444623.207163048
182.99625586100208,182.99625586100208,182,retrograde,direct,2444760.591689245
202.2475751965795,562.2475751965795,562,direct,retrograde,2445000.657138858
195.49747863352303,195.49747863352303,195,retrograde,direct,2445138.9621732607
214.43710596682922,574.4371059668292,574,direct,retrograde,2445377.9708711402
207.72258517278965,207.72258517278965,207,retrograde,direct,2445517.021421238
226.38425662883532,586.3842566288354,586,direct,retrograde,2445755.1083354903
219.70094600275252,219.70094600275252,219,retrograde,direct,2445894.760597389
238.1260960212053,598.1260960212053,598,direct,retrograde,2446132.0264278315
231.46752075104058,231.46752075104058,231,retrograde,direct,2446272.31511895
249.70391393072768,609.7039139307277,609,direct,retrograde,2446508.8935910827
243.06327527136864,243.06327527136864,243,retrograde,direct,2446649.70099858
261.16308525073873,621.1630852507387,621,direct,retrograde,2446885.696091812
254.53369646437739,254.53369646437739,254,retrograde,direct,2447026.8698461726
272.55369644558436,632.5536964455844,632,direct,retrograde,2447262.589190392
265.9290926794301,265.9290926794301,265,retrograde,direct,2447403.9212356424
283.92756101966063,643.9275610196606,643,direct,retrograde,2447639.4840393467
277.3013180030061,277.3013180030061,277,retrograde,direct,2447780.798755548
295.33893137840164,655.3389313784016,655,direct,retrograde,2448016.4463265277
288.7041705915832,288.7041705915832,288,retrograde,direct,2448157.7155561782
306.84210417600156,666.8421041760016,666,direct,retrograde,2448393.670016825
300.1931870974344,300.1931870974344,300,retrograde,direct,2448534.6647569304
318.48880549702506,678.488805497025,678,direct,retrograde,2448771.066243374
311.8199212076663,311.8199212076663,311,retrograde,direct,2448911.5874902103
330.32777996105995,690.32777996106,690,direct,retrograde,2449148.7274551354
323.63345607897713,323.63345607897713,323,retrograde,direct,2449288.6524978206
342.4031632483291,702.4031632483291,702,direct,retrograde,2449526.664524478
335.67928225858975,335.67928225858975,335,retrograde,direct,2449665.8585183723
354.75206664008385,714.7520666400839,714,direct,retrograde,2449904.8233501306
347.99517450837396,347.99517450837396,347,retrograde,direct,2450043.325130826
7.400595333620867,367.40059533362086,367,direct,retrograde,2450283.3535252446
0.6089773931674467,0.6089773931674467,0,retrograde,direct,2450421.027310404
20.36077652924551,380.3607765292455,380,direct,retrograde,2450662.2060675705
13.534262064010955,13.534262064010955,13,retrograde,direct,2450798.936724853
33.628322743411395,393.6283227434114,393,direct,retrograde,2451041.297996592
26.767793300957912,26.767793300957912,26,retrograde,direct,2451177.156244141
47.18083881370455,407.18083881370455,407,direct,retrograde,2451420.55749607
40.288457896244864,40.288457896244864,40,retrograde,direct,2451555.7075721202
60.97857029783095,420.97857029783097,420,direct,retrograde,2451799.981796014
54.05952921072289,54.05952921072289,54,retrograde,direct,2451934.516573835
74.96959378426166,434.96959378426163,434,direct,retrograde,2452179.5031442074
68.03141278323203,68.03141278323203,68,retrograde,direct,2452313.5638068216
89.08527699479026,449.08527699479026,449,direct,retrograde,2452559.042640717
82.13521848148476,82.13521848148476,82,retrograde,direct,2452692.8200176405
103.23996603511492,463.2399660351149,463,direct,retrograde,2452938.487650511
96.28605861142121,96.28605861142121,96,retrograde,direct,2453072.202121243
117.34333820961311,477.3433382096131,477,direct,retrograde,2453317.787596289
110.39423106654097,110.39423106654097,110,retrograde,direct,2453451.620802384
131.31119202358374,491.31119202358377,491,direct,retrograde,2453696.875715416
124.3754182482999,124.3754182482999,124,retrograde,direct,2453831.0377758555
145.07103711191317,505.07103711191314,505,direct,retrograde,2454075.671341663
138.15596981645726,138.15596981645726,138,retrograde,direct,2454210.3917438025
158.56769698079296,518.567696980793,518,direct,retrograde,2454454.089739332
151.67999435838303,151.67999435838303,151,retrograde,direct,2454589.6299543222
171.76697205375365,531.7669720537536,531,direct,retrograde,2454832.2554484587
164.91150802120745,164.91150802120745,164,retrograde,direct,2454968.587710052
184.65255935345664,544.6525593534566,544,direct,retrograde,2455210.1643497124
177.83260229157113,177.83260229157113,177,retrograde,direct,2455347.255896611
197.22654094961425,557.2265409496142,557,direct,retrograde,2455587.7564508133
190.44411496335388,190.44411496335388,190,retrograde,direct,2455725.6610645475
209.50792239397626,569.5079223939763,569,direct,retrograde,2455965.0858109575
202.7634899412853,202.7634899412853,202,retrograde,direct,2456103.8334569037
221.52635953271823,581.5263595327183,581,direct,retrograde,2456342.2099993583
214.81823213993306,214.81823213993306,214,retrograde,direct,2456481.716358348
233.31944217774728,593.3194421777473,593,direct,retrograde,2456719.1799197346
226.6438715259517,226.6438715259517,226,retrograde,direct,2456859.3579408647
244.93003386722864,604.9300338672286,604,direct,retrograde,2457096.126644142
238.28249841718363,238.28249841718363,238,retrograde,direct,2457236.7451173393
256.40523482767395,616.4052348276739,616,direct,retrograde,2457472.9171149507
249.77914551606258,249.77914551606258,249,retrograde,direct,2457613.909594211
267.7948359501565,627.7948359501565,627,direct,retrograde,2457849.712387991
261.18228131040763,261.18228131040763,261,retrograde,direct,2457991.0058231726
279.14887122707574,639.1488712270757,639,direct,retrograde,2458226.573992815
272.5422050107953,272.5422050107953,272,retrograde,direct,2458367.964154262
290.51879755465484,650.5187975546548,650,direct,retrograde,2458603.5376050593
283.90967759537403,283.90967759537403,283,retrograde,direct,2458744.865746335
301.9569095208598,661.9569095208599,661,direct,retrograde,2458980.673100155
295.33714762589483,295.33714762589483,295,retrograde,direct,2459121.7162269317
313.51718059312384,673.5171805931238,673,direct,retrograde,2459357.8881771704
306.8786743660609,306.8786743660609,306,retrograde,direct,2459498.5951647284
325.25299938712664,685.2529993871267,685,direct,retrograde,2459735.4076351942
318.5884477017296,318.5884477017296,318,retrograde,direct,2459875.671910635
337.2107277747915,697.2107277747915,697,direct,retrograde,2460113.22728166
330.51363040882234,330.51363040882234,330,retrograde,direct,2460252.7936230786
349.42804665520555,709.4280466552055,709,direct,retrograde,2460491.2958690953
342.69261219704003,342.69261219704003,342,retrograde,direct,2460630.0977855045
1.9344165880856834,361.9344165880857,361,direct,retrograde,2460869.671756913
355.15755976718816,355.15755976718816,355,retrograde,direct,2461007.660810303
14.749958750973295,374.7499587509733,374,direct,retrograde,2461248.330902558
7.931037790481213,7.931037790481213,7,retrograde,direct,2461385.4799410524
27.880413506933554,387.88041350693356,387,direct,retrograde,2461627.2540738992
21.020574136698155,21.020574136698155,21,retrograde,direct,2461763.6159807025
41.31363179732619,401.3136317973262,401,direct,retrograde,2462006.4285051106
34.41656595813734,34.41656595813734,34,retrograde,direct,2462142.0269680433
55.019029548839036,415.01902954883906,415,direct,retrograde,2462385.8574124984
48.09041627962872,48.09041627962872,48,retrograde,direct,2462520.6623670273
68.94625601565693,428.9462560156569,428,direct,retrograde,2462765.395731109
61.99353448093034,61.99353448093034,61,retrograde,direct,2462899.600473447
83.02769955425772,443.0276995542577,443,direct,retrograde,2463144.9516049875
76.05988211148448,76.05988211148448,76,retrograde,direct,2463278.7914808597
97.18341015691263,457.1834101569126,457,direct,retrograde,2463524.435140445
90.21106147972563,90.21106147972563,90,retrograde,direct,2463658.1685205773
111.32752243091305,471.32752243091306,471,direct,retrograde,2463903.794341457
104.36125537624238,104.36125537624238,104,retrograde,direct,2464037.603916264
125.37521203614024,485.3752120361402,485,direct,retrograde,2464283.0004035635
118.42471816353994,118.42471816353994,118,retrograde,direct,2464417.0504099475
139.2497208265003,499.24972082650027,499,direct,retrograde,2464661.963249352
132.3237974088214,132.3237974088214,132,retrograde,direct,2464796.44228278
152.8878615126693,512.8878615126694,512,direct,retrograde,2465040.623706893
145.99333620428447,145.99333620428447,145,retrograde,direct,2465175.7063077213
166.24404086743812,526.2440408674381,526,direct,retrograde,2465418.983517049
159.3851489624086,159.3851489624086,159,retrograde,direct,2465554.7652052063
179.2909438368757,539.2909438368757,539,direct,retrograde,2465796.996822263
172.46990412374305,172.46990412374305,172,retrograde,direct,2465933.6290440764
192.02133426739448,552.0213342673944,552,direct,retrograde,2466174.6756436033
185.23860814002205,185.23860814002205,185,retrograde,direct,2466312.246468451
204.448040275954,564.448040275954,564,direct,retrograde,2466552.1679427596
197.7031335449673,197.7031335449673,197,retrograde,direct,2466690.5487733167
216.59951202416693,576.5995120241669,576,direct,retrograde,2466929.4513617307
209.89036321596095,209.89036321596095,209,retrograde,direct,2467068.491455204
228.5127183135134,588.5127183135135,588,direct,retrograde,2467306.486319404
221.83435570600054,221.83435570600054,221,retrograde,direct,2467446.254947461
240.22710811054915,600.2271081105491,600,direct,retrograde,2467683.434581917
233.57333590210644,233.57333590210644,233,retrograde,direct,2467823.8111002706
251.7845054846437,611.7845054846437,611,direct,retrograde,2468060.2586766537
245.1479487962349,245.1479487962349,245,retrograde,direct,2468201.1257182974
263.2302555937582,623.2302555937582,623,direct,retrograde,2468437.115380058
256.60380502230487,256.60380502230487,256,retrograde,direct,2468578.30001841
274.6138652195231,634.6138652195232,634,direct,retrograde,2468813.991096657
267.9909772731726,267.9909772731726,267,retrograde,direct,2468955.2705070265
285.9883620390098,645.9883620390099,645,direct,retrograde,2469190.829055669
279.3614684189073,279.3614684189073,279,retrograde,direct,2469332.20566863
297.40711942656884,657.4071194265689,657,direct,retrograde,2469567.8832351435
290.7701443603319,290.7701443603319,290,retrograde,direct,2469709.1489260616
308.9238712535227,668.9238712535227,668,direct,retrograde,2469945.1030896762
302.2712932011299,302.2712932011299,302,retrograde,direct,2470086.0300279567
320.59121822911885,680.5912182291188,680,direct,retrograde,2470322.553474496
313.9174106014115,313.9174106014115,313,retrograde,direct,2470462.9941255264
332.4583002137172,692.4583002137172,692,direct,retrograde,2470700.2238853974
325.7579960810896,325.7579960810896,325,retrograde,direct,2470840.0550159113
344.56905477158074,704.5690547715808,704,direct,retrograde,2471078.144580704
337.83804253484857,337.83804253484857,337,retrograde,direct,2471217.3425440406
356.95921300125434,716.9592130012543,716,direct,retrograde,2471456.420125475
350.1951515571412,350.1951515571412,350,retrograde,direct,2471594.8377586817
9.653928330983371,369.6539283309834,369,direct,retrograde,2471835.0347390547
2.8554351898513324,2.8554351898513324,2,retrograde,direct,2471972.504227829
22.663848927527265,382.6638489275273,382,direct,retrograde,2472213.893288209
15.830864494779139,15.830864494779139,15,retrograde,direct,2472350.4954889826
35.98218657213897,395.98218657213897,395,direct,retrograde,2472592.993923296
29.116322135320395,29.116322135320395,29,retrograde,direct,2472728.791129306
49.58331511266099,409.583315112661,409,direct,retrograde,2472972.3181077754
42.68721382868771,42.68721382868771,42,retrograde,direct,2473107.3626269354
63.42157266783918,423.4215726678392,423,direct,retrograde,2473351.769667208
56.4995969777253,56.4995969777253,56,retrograde,direct,2473486.243673469
77.43841150854831,437.4384115085483,437,direct,retrograde,2473731.2884276267
70.49829063150742,70.49829063150742,70,retrograde,direct,2473865.3317831866
91.5662828961441,451.5662828961441,451,direct,retrograde,2474110.8237919034
84.6162637119205,84.6162637119205,84,retrograde,direct,2474244.5799392387
105.72214762852289,465.72214762852286,465,direct,retrograde,2474490.2900264906
98.76969488605006,98.76969488605006,98,retrograde,direct,2474623.930783313
119.81602922991298,479.816029229913,479,direct,retrograde,2474869.595251267
112.86967614585937,112.86967614585937,112,retrograde,direct,2475003.397665661
133.76477067867825,493.76477067867825,493,direct,retrograde,2475248.6062008217
126.83311823404797,126.83311823404797,126,retrograde,direct,2475382.8654302824
147.49768663561258,507.4976866356126,507,direct,retrograde,2475627.314732331
140.5877974282913,140.5877974282913,140,retrograde,direct,2475762.2244752795
160.96106741669422,520.9610674166943,520,direct,retrograde,2476005.7480663173
154.07869471464647,154.07869471464647,154,retrograde,direct,2476141.363128812
174.12160809268747,534.1216080926874,534,direct,retrograde,2476383.93158881
167.27149708898833,167.27149708898833,167,retrograde,direct,2476520.2620423846
186.9657715043941,546.9657715043941,546,direct,retrograde,2476761.750082651
180.15106301127923,180.15106301127923,180,retrograde,direct,2476898.9377082735
199.49821916400376,559.4982191640038,559,direct,retrograde,2477139.2921905043
192.72027217690916,192.72027217690916,192,retrograde,direct,2477277.3343694303
211.73861951203685,571.7386195120368,571,direct,retrograde,2477516.582842972
204.99771861294084,204.99771861294084,204,retrograde,direct,2477655.4408576908
223.71879401971432,583.7187940197143,583,direct,retrograde,2477893.671921159
217.01340613400419,217.01340613400419,217,retrograde,direct,2478033.323737774
235.4779441094938,595.4779441094938,595,direct,retrograde,2478270.6883631097
228.80489586218323,228.80489586218323,228,retrograde,direct,2478410.8894501133
247.06028123084167,607.0602812308416,607,direct,retrograde,2478647.5396409584
240.41447733689293,240.41447733689293,240,retrograde,direct,2478788.1893241974
258.5145822634374,618.5145822634374,618,direct,retrograde,2479024.323197998
251.8893213359854,251.8893213359854,251,retrograde,direct,2479165.4170570783
269.89095447998113,629.8909544799811,629,direct,retrograde,2479401.1361132795
263.2791894514988,263.2791894514988,263,retrograde,direct,2479542.462186629
281.23997327609555,641.2399732760955,641,direct,retrograde,2479778.010209604
274.6335311990177,274.6335311990177,274,retrograde,direct,2479919.395767996
292.61205876763825,652.6120587676382,652,direct,retrograde,2480155.0110188294
286.0031500337257,286.0031500337257,286,retrograde,direct,2480296.252593329
304.06000779591653,664.0600077959166,664,direct,retrograde,2480532.0628693765
297.43957821724933,297.43957821724933,297,retrograde,direct,2480673.106297938
315.6356517956636,675.6356517956635,675,direct,retrograde,2480909.357841783
308.995495123435,308.995495123435,308,retrograde,direct,2481050.0896934
327.3902599201383,687.3902599201383,687,direct,retrograde,2481286.936086339
320.72417286097107,320.72417286097107,320,retrograde,direct,2481427.072410986
339.3724338560142,699.3724338560141,699,direct,retrograde,2481664.7427770384
332.6735709123491,332.6735709123491,332,retrograde,direct,2481804.220661791
351.6202169617404,711.6202169617404,711,direct,retrograde,2482042.863065727
344.88292092712675,344.88292092712675,344,retrograde,direct,2482181.5764322076
4.161479893164121,364.16147989316414,364,direct,retrograde,2482421.2616844196
357.382325923766,357.382325923766,357,retrograde,direct,2482559.1463080617
17.014211568135735,377.01421156813575,377,direct,retrograde,2482799.9157619886
10.19246307733381,10.19246307733381,10,retrograde,direct,2482937.0569993667
30.18146741216457,390.1814674121646,390,direct,retrograde,2483178.9030315857
23.318899891988796,23.318899891988796,23,retrograde,direct,2483315.1973377718
43.64893302223786,403.6489330222379,403,direct,retrograde,2483558.1696207235
36.7489491501845,36.7489491501845,36,retrograde,direct,2483693.5742849577
57.38297449528615,417.38297449528613,417,direct,retrograde,2483937.606376808
50.45154009335073,50.45154009335073,50,retrograde,direct,2484072.2985825455
71.33137257134506,431.33137257134507,431,direct,retrograde,2484317.096216907
64.376517949539,64.376517949539,64,retrograde,direct,2484451.3078986555
85.42546842756691,445.4254684275669,445,direct,retrograde,2484696.6241818303
78.45614069331234,78.45614069331234,78,retrograde,direct,2484830.5182410916
99.58373696716193,459.58373696716194,459,direct,retrograde,2485076.117414454
92.6101551176156,92.6101551176156,92,retrograde,direct,2485209.8714386877
113.71984423972313,473.7198442397231,473,direct,retrograde,2485455.5021649767
106.75286905102232,106.75286905102232,106,retrograde,direct,2485589.3135288805
127.75064328760811,487.7506432876081,487,direct,retrograde,2485834.676460443
120.80049737400626,120.80049737400626,120,retrograde,direct,2485968.759710257
141.60135555956802,501.601355559568,501,direct,retrograde,2486213.599233929
134.67660926611427,134.67660926611427,134,retrograde,direct,2486348.1262740307
155.21093529934151,515.2109352993415,515,direct,retrograde,2486592.2398279645
148.31852968192217,148.31852968192217,148,retrograde,direct,2486727.352305617
168.53641435201965,528.5364143520196,528,direct,retrograde,2486970.5524180494
161.68096647944188,161.68096647944188,161,retrograde,direct,2487106.424925627
181.55289966031773,541.5528996603177,541,direct,retrograde,2487348.484097033
174.73619024124133,174.73619024124133,174,retrograde,direct,2487485.303136972
194.25274379969207,554.2527437996921,554,direct,retrograde,2487726.202840225
187.47489190507343,187.47489190507343,187,retrograde,direct,2487863.8396483287
206.64708230757358,566.6470823075736,566,direct,retrograde,2488103.6868899735
199.90697331815608,199.90697331815608,199,retrograde,direct,2488242.0424158424
218.76429872982118,578.7642987298211,578,direct,retrograde,2488480.86475059
212.05928064820546,212.05928064820546,212,retrograde,direct,2488620.0366975497
230.64425029084424,590.6442502908442,590,direct,retrograde,2488857.905388277
223.96996069050704,223.96996069050704,223,retrograde,direct,2488997.775140982
242.32954586179764,602.3295458617977,602,direct,retrograde,2489234.808127151
235.67973727538765,235.67973727538765,235,retrograde,direct,2489375.267494358
253.86368010509125,613.8636801050912,613,direct,retrograde,2489611.684892417
247.23103388873392,247.23103388873392,247,retrograde,direct,2489752.5866579562
265.29234407126955,625.2923440712696,625,direct,retrograde,2489988.517837204
258.6694099904735,258.6694099904735,258,retrograde,direct,2490129.6593016144
276.6657086098521,636.6657086098521,636,direct,retrograde,2490365.303577164
270.04450505171883,270.04450505171883,270,retrograde,direct,2490506.6588708563
288.03594414373435,648.0359441437344,648,direct,retrograde,2490742.231634507
281.4097322121663,281.4097322121663,281,retrograde,direct,2490883.6357672606
299.4565574613646,659.4565574613646,659,direct,retrograde,2491119.2799889185
292.81911569258546,292.81911569258546,292,retrograde,direct,2491260.5066726822
310.9812521137565,670.9812521137565,670,direct,retrograde,2491496.534120038
304.32675025017295,304.32675025017295,304,retrograde,direct,2491637.4068217687
322.66229911526443,682.6622991152644,682,direct,retrograde,2491873.9781693537
315.98552529092416,315.98552529092416,315,retrograde,direct,2492014.3417905075
334.55020293539474,694.5502029353947,694,direct,retrograde,2492251.625480812
327.8456727952446,327.8456727952446,327,retrograde,direct,2492391.4852617774
346.6877578211271,706.6877578211271,706,direct,retrograde,2492629.6459123306
339.951913554121,339.951913554121,339,retrograde,direct,2492768.7838517344
359.1093901635786,719.1093901635786,719,direct,retrograde,2493007.981526236
352.3399993339391,352.3399993339391,352,retrograde,direct,2493146.2165763685
11.8402663871713,371.8402663871713,371,direct,retrograde,2493386.572638479
5.036107259720358,5.036107259720358,5,retrograde,direct,2493523.9654170675
24.890046602995717,384.8900466029957,384,direct,retrograde,2493765.4685826423
18.051395523748834,18.051395523748834,18,retrograde,direct,2493901.9953309586
38.24970187689567,398.24970187689564,398,direct,retrograde,2494144.616235487
31.378631513072776,31.378631513072776,31,retrograde,direct,2494280.3190341154
51.89124082493711,411.8912408249371,411,direct,retrograde,2494523.9619064406
44.9912197977326,44.9912197977326,44,retrograde,direct,2494658.966349165
65.76569837642691,425.76569837642694,425,direct,retrograde,2494903.4246964697
58.84103750507057,58.84103750507057,58,retrograde,direct,2495037.863580387
79.80807140872282,439.8080714087228,439,direct,retrograde,2495282.9875052506
72.86533796916346,72.86533796916346,72,retrograde,direct,2495416.9405354783
93.9474257454721,453.9474257454721,453,direct,retrograde,2495662.552116614
86.99581302985727,86.99581302985727,86,retrograde,direct,2495796.208789747
108.10474019190508,468.1047401919051,468,direct,retrograde,2496042.00726346
101.15273058352993,101.15273058352993,101,retrograde,direct,2496175.6322594173
122.19299370809743,482.19299370809745,482,direct,retrograde,2496421.236945807
115.2487466474743,115.2487466474743,115,retrograde,direct,2496555.1426393045
136.12944898665012,496.1294489866501,496,direct,retrograde,2496800.2076365612
129.20086127196018,129.20086127196018,129,retrograde,direct,2496934.5825726725
149.84371098995922,509.8437109899592,509,direct,retrograde,2497178.9481202858
142.93783361529,142.93783361529,142,retrograde,direct,2497313.886898624
163.2834320429021,523.2834320429021,523,direct,retrograde,2497557.4014169388
156.4057795763962,156.4057795763962,156,retrograde,direct,2497693.0002488308
176.41630546717013,536.4163054671701,536,direct,retrograde,2497935.5053100092
169.57131514129387,169.57131514129387,169,retrograde,direct,2498071.9203817025
189.23033217354484,549.2303321735449,549,direct,retrograde,2498313.3016503034
182.42082240202856,182.42082240202856,182,retrograde,direct,2498450.567380565
201.73164946134705,561.731649461347,561,direct,retrograde,2498690.799728062
194.9586930082981,194.9586930082981,194,retrograde,direct,2498828.944490567
213.94089120712178,573.9408912071218,573,direct,retrograde,2499068.046863053
207.20410903355847,207.20410903355847,207,retrograde,direct,2499207.0638087317
225.88976574572325,585.8897657457233,585,direct,retrograde,2499445.192001421
219.18812661568697,219.18812661568697,219,retrograde,direct,2499584.842339036
237.61968542377346,597.6196854237735,597,direct,retrograde,2499822.1161751803
230.94971761210647,230.94971761210647,230,retrograde,direct,2499962.350418344
249.17683086033475,609.1768308603348,609,direct,retrograde,2500198.933887046
242.53287839243032,242.53287839243032,242,retrograde,direct,2500339.710236719
260.60941209029016,620.6094120902901,620,direct,retrograde,2500575.719177245
253.98547823588135,253.98547823588135,253,retrograde,direct,2500716.861821209
271.96902839496477,631.9690283949648,631,direct,retrograde,2500952.523722602
265.35785708511753,265.35785708511753,265,retrograde,direct,2501093.8912483584
283.3065410686336,643.3065410686336,643,direct,retrograde,2501329.447016473
276.70052773137326,276.70052773137326,276,retrograde,direct,2501470.7944980487
294.6735018834702,654.6735018834702,654,direct,retrograde,2501706.342658962
288.0639675909543,288.0639675909543,288,retrograde,direct,2501847.6003839187
306.12248088202574,666.1224808820257,666,direct,retrograde,2502083.449565435
299.5007784664819,299.5007784664819,299,retrograde,direct,2502224.5427237554
317.7036267679178,677.7036267679177,677,direct,retrograde,2502460.8004990024
311.0622598120264,311.0622598120264,311,retrograde,direct,2502601.456864166
329.46770088292186,689.4677008829219,689,direct,retrograde,2502838.3523637615
322.79958435945764,322.79958435945764,322,retrograde,direct,2502978.4352454953
341.4638288854824,701.4638288854824,701,direct,retrograde,2503216.2071762625
334.76290588850446,334.76290588850446,334,retrograde,direct,2503355.6001723697
353.73179254437133,713.7317925443713,713,direct,retrograde,2503594.3142493134
346.9926247896051,346.9926247896051,346,retrograde,direct,2503732.966371756
6.300014344633204,366.3000143446332,366,direct,retrograde,2503972.710153519
359.51885378201575,359.51885378201575,359,retrograde,direct,2504110.6242058547
19.18378974949772,379.1837897494977,379,direct,retrograde,2504351.4784923717
12.360049939907906,12.360049939907906,12,retrograde,direct,2504488.492754152
32.3838808493089,392.3838808493089,392,direct,retrograde,2504730.5222816896
25.519303571865173,25.519303571865173,25,retrograde,direct,2504866.6247251807
45.88483511176778,405.88483511176776,405,direct,retrograde,2505109.778366003
38.983123742317325,38.983123742317325,38,retrograde,direct,2505245.092871816
59.65062232846881,419.6506223284688,419,direct,retrograde,2505489.1864825822
52.71772022984399,52.71772022984399,52,retrograde,direct,2505623.871146108
73.62581425275528,433.6258142527553,433,direct,retrograde,2505868.707319865
66.66966218616399,66.66966218616399,66,retrograde,direct,2506002.8871270753
87.7394568138602,447.7394568138602,447,direct,retrograde,2506248.2650028886
80.76937165755186,80.76937165755186,80,retrograde,direct,2506382.1244197898
101.90840105731715,461.9084010573172,461,direct,retrograde,2506627.763984832
94.93430313478484,94.93430313478484,94,retrograde,direct,2506761.5038151564
116.0450201045649,476.0450201045649,476,direct,retrograde,2507007.1231426597
109.07771852952345,109.07771852952345,109,retrograde,direct,2507140.941498926
130.0664945419755,490.0664945419755,490,direct,retrograde,2507386.293842476
123.11634429143272,123.11634429143272,123,retrograde,direct,2507520.355183784
143.89928064966352,503.8992806496635,503,direct,retrograde,2507765.2043796796
136.97511684208413,136.97511684208413,136,retrograde,direct,2507899.739521199
157.4846145144907,517.4846145144907,517,direct,retrograde,2508143.771361878
150.59351252737392,150.59351252737392,150,retrograde,direct,2508279.0033878274
170.78210481562883,530.7821048156288,530,direct,retrograde,2508522.006081771
163.92874020651044,163.92874020651044,163,retrograde,direct,2508658.0825064164
183.7684574398893,543.7684574398893,543,direct,retrograde,2508900.0030129803
176.95481415253818,176.95481415253818,176,retrograde,direct,2509036.8474332467
196.4372556026251,556.4372556026251,556,direct,retrograde,2509277.7038017707
189.66321946036626,189.66321946036626,189,retrograde,direct,2509415.32961498
208.80029546897057,568.8002954689706,568,direct,retrograde,2509655.0883313827
202.06398851978912,202.06398851978912,202,retrograde,direct,2509793.572437046
220.8843971218531,580.8843971218531,580,direct,retrograde,2510032.272724337
214.18295333169655,214.18295333169655,214,retrograde,direct,2510171.542511232
232.73014420144924,592.7301442014492,592,direct,retrograde,2510409.2526230626
226.0593163185569,226.0593163185569,226,retrograde,direct,2510549.232452492
244.3836868605081,604.3836868605081,604,direct,retrograde,2510786.174764286
237.73753385973976,237.73753385973976,237,retrograde,direct,2510926.7120135715
255.89063593573798,615.8906359357379,615,direct,retrograde,2511163.04707041
249.26225212304666,249.26225212304666,249,retrograde,direct,2511303.922021527
267.29954249263017,627.2995424926302,627,direct,retrograde,2511539.795950397
260.68014795598054,260.68014795598054,260,retrograde,direct,2511681.018827242
278.65984495732823,638.6598449573282,638,direct,retrograde,2511916.6338859703
272.0416003495642,272.0416003495642,272,retrograde,direct,2512058.0451212777
290.0227976345393,650.0227976345393,650,direct,retrograde,2512293.5489515625
283.3988727544579,283.3988727544579,283,retrograde,direct,2512434.938848704
301.4424677801298,661.4424677801298,661,direct,retrograde,2512670.6455149436
294.80640809332164,294.80640809332164,294,retrograde,direct,2512811.8194429465
312.9723239168222,672.9723239168222,672,direct,retrograde,2513047.8655865723
306.3178888841652,306.3178888841652,306,retrograde,direct,2513188.679928935
324.66471769878837,684.6647176987883,684,direct,retrograde,2513425.2675705478
317.9860932540227,317.9860932540227,317,retrograde,direct,2513565.6804132983
336.5689459536218,696.5689459536218,696,direct,retrograde,2513803.033564084
329.8619640787803,329.8619640787803,329,retrograde,direct,2513942.822986924
348.727665051058,708.727665051058,708,direct,retrograde,2514181.063691917
341.98845117298043,341.98845117298043,341,retrograde,direct,2514320.0688507445
1.1752695921368717,361.1752695921369,361,direct,retrograde,2514559.3839282263
354.401261850189,354.401261850189,354,retrograde,direct,2514697.571005349
13.935551824216002,373.935551824216,373,direct,retrograde,2514938.0327159567
7.126125331436709,7.126125331436709,7,retrograde,direct,2515075.3301014155
27.01715784808547,387.01715784808545,387,direct,retrograde,2515316.938972879
20.1731108192573,20.1731108192573,20,retrograde,direct,2515453.3997878684
40.41037793740593,400.41037793740594,400,direct,retrograde,2515696.0900288057
33.53408874371418,33.53408874371418,33,retrograde,direct,2515831.787456628
54.08485034640382,414.0848503464038,414,direct,retrograde,2516075.4724010266
47.18034732038715,47.18034732038715,47,retrograde,direct,2516210.431716252
67.98915488038983,427.98915488038983,427,direct,retrograde,2516455.017646623
61.06119412985756,61.06119412985756,61,retrograde,direct,2516589.2926436868
82.05455617735637,442.0545561773564,442,direct,retrograde,2516834.6095040413
75.10921943025708,75.10921943025708,75,retrograde,direct,2516968.4514534883
96.20428373327759,456.2042837332776,456,direct,retrograde,2517214.121742394
89.2507902426171,89.2507902426171,89,retrograde,direct,2517347.8013204774
110.36089183281726,470.3608918328173,470,direct,retrograde,2517593.5143495956
103.40884848402776,103.40884848402776,103,retrograde,direct,2517727.251281037
124.44259992344384,484.4425999234438,484,direct,retrograde,2517972.7387868557
117.49984893113528,117.49984893113528,117,retrograde,direct,2518106.7078711214
138.36766924797965,498.3676692479796,498,direct,retrograde,2518351.7657543793
131.44168337440396,131.44168337440396,131,retrograde,direct,2518486.1224537203
152.0666215203392,512.0666215203391,512,direct,retrograde,2518730.4928604774
145.16454742624273,145.16454742624273,145,retrograde,direct,2518865.431411227
165.48889543331214,525.4888954333121,525,direct,retrograde,2519108.899812675
158.6162542714125,158.6162542714125,158,retrograde,direct,2519244.557766212
178.60286731879728,538.6028673187973,538,direct,retrograde,2519486.997015114
171.7632865439065,171.7632865439065,171,retrograde,direct,2519623.441839019
191.39653072826755,551.3965307282675,551,direct,retrograde,2519864.736149665
184.59243279874215,184.59243279874215,184,retrograde,direct,2520002.099911348
203.87711563771023,563.8771156377102,563,direct,retrograde,2520242.208354989
197.10926091450523,197.10926091450523,197,retrograde,direct,2520380.4941796996
216.0647835362905,576.0647835362905,576,direct,retrograde,2520619.5219120756
209.3326432449267,209.3326432449267,209,retrograde,direct,2520758.5329322405
227.99146412431085,587.9914641243108,587,direct,retrograde,2520996.578819518
221.29326323031418,221.29326323031418,221,retrograde,direct,2521136.244330574
239.70016440044526,599.7001644004453,599,direct,retrograde,2521373.469236534
233.03231429168034,233.03231429168034,233,retrograde,direct,2521513.8214957286
251.23727361473294,611.2372736147329,611,direct,retrograde,2521750.295311194
244.5948821603924,244.5948821603924,244,retrograde,direct,2521891.140001879
262.6521837464436,622.6521837464436,622,direct,retrograde,2522127.0626432076
256.02879942525146,256.02879942525146,256,retrograde,direct,2522268.2625714634
273.99621161238093,633.9962116123809,633,direct,retrograde,2522503.913427609
267.3852781229843,267.3852781229843,267,retrograde,direct,2522645.2472795714
285.3219433286504,645.3219433286504,645,direct,retrograde,2522880.7245216714
278.715448729054,278.715448729054,278,retrograde,direct,2523022.096850778
296.68225617610466,656.6822561761046,656,direct,retrograde,2523257.6679593325
290.0713726290008,290.0713726290008,290,retrograde,direct,2523399.0000405535
308.1279852356741,668.127985235674,668,direct,retrograde,2523634.8105906304
301.5052707235153,301.5052707235153,301,retrograde,direct,2523775.8591310447
319.70981653529907,679.7098165352991,679,direct,retrograde,2524012.1328543536
313.06726641767085,313.06726641767085,313,retrograde,direct,2524152.754948564
331.47749490608805,691.477494906088,691,direct,retrograde,2524389.732272487
324.80800177721915,324.80800177721915,324,retrograde,direct,2524529.7557002017
343.4794522485008,703.4794522485008,703,direct,retrograde,2524767.5296924626
336.7770873445389,336.7770873445389,336,retrograde,direct,2524906.9164779065
355.7575288226606,715.7575288226606,715,direct,retrograde,2525145.649887015
349.0173169119469,349.0173169119469,349,retrograde,direct,2525284.3391977362
8.340610210813045,368.34061021081305,368,direct,retrograde,2525524.1449155184
1.5592933744185749,1.5592933744185749,1,retrograde,direct,2525661.9446444027
21.243147316099712,381.24314731609974,381,direct,retrograde,2525902.9333535265
14.419357657840209,14.419357657840209,14,retrograde,direct,2526039.7946292525
34.46473388438446,394.4647338843845,394,direct,retrograde,2526281.9449167885
27.600088152829322,27.600088152829322,27,retrograde,direct,2526418.0019101435
47.988173000732324,407.98817300073233,407,direct,retrograde,2526661.2015105262
41.08669441171658,41.08669441171658,41,retrograde,direct,2526796.4987166785
61.77563398229842,421.7756339822984,421,direct,retrograde,2527040.642798866
54.84294566695344,54.84294566695344,54,retrograde,direct,2527175.2790941102
75.76925964406814,435.76925964406814,435,direct,retrograde,2527420.1848031627
68.81324879480788,68.81324879480788,68,retrograde,direct,2527554.338476917
89.89629052951186,449.8962905295119,449,direct,retrograde,2527799.7318815114
82.92639367228718,82.92639367228718,82,retrograde,direct,2527933.578616868
104.07244023383309,464.0724402338331,464,direct,retrograde,2528179.2347799996
97.09845563280447,97.09845563280447,97,retrograde,direct,2528312.939810631
118.20950136902454,478.20950136902457,478,direct,retrograde,2528558.607412965
111.24186336072592,111.24186336072592,111,retrograde,direct,2528692.3675138988
132.22429129737623,492.2242912973762,492,direct,retrograde,2528937.7733914843
125.27362446063891,125.27362446063891,125,retrograde,direct,2529071.8378717247
146.04444122938884,506.04444122938884,506,direct,retrograde,2529316.592580907
139.12026146188197,139.12026146188197,139,retrograde,direct,2529451.268489981
159.61324261550146,519.6132426155015,519,direct,retrograde,2529695.1292194063
152.72224642359222,152.72224642359222,152,retrograde,direct,2529830.5041185236
172.89068952610856,532.8906895261085,532,direct,retrograde,2530073.4178809784
166.03773770910752,166.03773770910752,166,retrograde,direct,2530209.4989549527
185.85488878039857,545.8548887803986,545,direct,retrograde,2530451.40658579
179.04251666374432,179.04251666374432,179,retrograde,direct,2530588.236511573
198.50218070299547,558.5021807029955,558,direct,retrograde,2530829.0380873773
191.73019780219744,191.73019780219744,191,retrograde,direct,2530966.760011377
210.84399298600616,570.8439929860061,570,direct,retrograde,2531206.420119128
204.1103401151054,204.1103401151054,204,retrograde,direct,2531344.9850512203
222.90594785393967,582.9059478539397,582,direct,retrograde,2531583.556363509
216.20725303286383,216.20725303286383,216,retrograde,direct,2531722.9289896535
234.7275036136535,594.7275036136535,594,direct,retrograde,2531960.5762055945
228.0596983801479,228.0596983801479,228,retrograde,direct,2532100.6240881355
246.35617934557476,606.3561793455748,606,direct,retrograde,2532337.489549552
239.71383987706838,239.71383987706838,239,retrograde,direct,2532478.0008547073
257.8417011944636,617.8417011944637,617,direct,retrograde,2532714.2573582027
251.21704300600257,251.21704300600257,251,retrograde,direct,2532855.216903176
269.23384938482275,629.2338493848227,629,direct,retrograde,2533091.057578195
262.618630282885,262.618630282885,262,retrograde,direct,2533232.3422738155
280.58200964848425,640.5820096484842,640,direct,retrograde,2533467.87755963
273.9678462675142,273.9678462675142,273,retrograde,direct,2533609.3002398135
291.93697664530055,651.9369766453005,651,direct,retrograde,2533844.8311463622
285.316380266895,285.316380266895,285,retrograde,direct,2533986.191213808
303.3521498844669,663.3521498844668,663,direct,retrograde,2534221.8774377564
296.71847913392577,296.71847913392577,296,retrograde,direct,2534362.9973333413
314.881884317098,674.881884317098,674,direct,retrograde,2534599.0531217437
308.2280295318425,308.2280295318425,308,retrograde,direct,2534739.937701259
326.5774792459665,686.5774792459665,686,direct,retrograde,2534976.5525437696
319.898383680087,319.898383680087,319,retrograde,direct,2535116.9443339836
338.48752255927616,698.4875225592762,698,direct,retrograde,2535354.298966091
331.7789589675543,331.7789589675543,331,retrograde,direct,2535493.993544738
350.65580662436577,710.6558066243658,710,direct,retrograde,2535732.3236522432
343.9138224510091,343.9138224510091,343,retrograde,direct,2535871.295293981
3.116997733734223,363.11699773373425,363,direct,retrograde,2536110.6708356515
356.33918448183346,356.33918448183346,356,retrograde,direct,2536248.797511857
15.894239675547,375.894239675547,375,direct,retrograde,2536489.3022211483
9.080011148002628,9.080011148002628,9,retrograde,direct,2536626.5859748526
28.99593100676604,388.99593100676606,388,direct,retrograde,2536868.2080998383
22.146767499378385,22.146767499378385,22,retrograde,direct,2537004.7027866645
42.41212734760111,402.4121273476011,402,direct,retrograde,2537247.4431344364
35.530733685263606,35.530733685263606,35,retrograde,direct,2537383.041552754
56.111169972105166,416.1111699721052,416,direct,retrograde,2537626.8864169437
49.20188033244724,49.20188033244724,49,retrograde,direct,2537761.681504408
70.04048989693058,430.0404898969306,430,direct,retrograde,2538006.436578675
63.10900056319778,63.10900056319778,63,retrograde,direct,2538140.6380140185
84.1297333957818,444.1297333957818,444,direct,retrograde,2538385.984217516
77.18255223986456,77.18255223986456,77,retrograde,direct,2538519.854121849
98.29668694673222,458.2966869467322,458,direct,retrograde,2538765.487854317
91.34161366146961,91.34161366146961,91,retrograde,direct,2538899.2098288937
112.45953888619505,472.45953888619505,472,direct,retrograde,2539144.9093692265
105.50667242685414,105.50667242685414,105,retrograde,direct,2539278.6457087817
126.54073774849556,486.54073774849553,486,direct,retrograde,2539524.1699620103
119.59899828772932,119.59899828772932,119,retrograde,direct,2539658.1087889886
140.46199268825586,500.46199268825586,500,direct,retrograde,2539903.175254982
133.53854621679264,133.53854621679264,133,retrograde,direct,2540037.5343237286
154.15459490715972,514.1545949071597,514,direct,retrograde,2540281.889855314
147.2560607150917,147.2560607150917,147,retrograde,direct,2540416.8228879403
167.56823813912615,527.5682381391262,527,direct,retrograde,2540660.290908139
160.70002108717804,160.70002108717804,160,retrograde,direct,2540795.952381055
180.67176879264494,540.6717687926449,540,direct,retrograde,2541038.3333453787
173.83717845156286,173.83717845156286,173,retrograde,direct,2541174.8768835664
193.45344744600058,553.4534474460006,553,direct,retrograde,2541416.0567239234
186.654189132154,186.654189132154,186,retrograde,direct,2541553.545889195
205.91931783418013,565.9193178341801,565,direct,retrograde,2541793.599020873
199.15606772189224,199.15606772189224,199,retrograde,direct,2541931.8418526854
218.09027090228616,578.0902709022862,578,direct,retrograde,2542170.8437902126
211.36205226564988,211.36205226564988,211,retrograde,direct,2542309.8553253785
229.99963756891606,589.9996375689161,589,direct,retrograde,2542547.8604699196
223.3039190737576,223.3039190737576,223,retrograde,direct,2542687.643394611
241.6893984280571,601.6893984280571,601,direct,retrograde,2542924.7505418416
235.02306795782204,235.02306795782204,235,retrograde,direct,2543065.1590466592
253.2074373996402,613.2074373996402,613,direct,retrograde,2543301.542697888
246.56564048518558,246.56564048518558,246,retrograde,direct,2543442.46717315
264.60408772570213,624.6040877257021,624,direct,retrograde,2543678.380709038
257.98097829635003,257.98097829635003,257,retrograde,direct,2543819.571309725
275.9315278714203,635.9315278714203,635,direct,retrograde,2544055.117261756
269.31994054834695,269.31994054834695,269,retrograde,direct,2544196.4734732322
287.2437393477175,647.2437393477176,647,direct,retrograde,2544431.9337416627
280.63573542790726,280.63573542790726,280,retrograde,direct,2544573.407821413
298.593709057874,658.593709057874,658,direct,retrograde,2544808.926794837
291.9818681435634,291.9818681435634,291,retrograde,direct,2544950.2578303525
310.033351298383,670.033351298383,670,direct,retrograde,2545186.055055243
303.4096016739385,303.4096016739385,303,retrograde,direct,2545327.080769837
321.613027387885,681.613027387885,681,direct,retrograde,2545563.396486529
314.9697998456797,314.9697998456797,314,retrograde,direct,2545703.9632007293
333.3824970944917,693.3824970944918,693,direct,retrograde,2545940.924827205
326.71231970943876,326.71231970943876,326,retrograde,direct,2546080.9612978473
345.38870679255325,705.3887067925532,705,direct,retrograde,2546318.7602871917
338.68565602636664,338.68565602636664,338,retrograde,direct,2546458.1919454345
357.6732151031218,717.6732151031217,717,direct,retrograde,2546696.9574542344
350.93321223866377,350.93321223866377,350,retrograde,direct,2546835.5306168953
10.26670396928388,370.26670396928387,370,direct,retrograde,2547075.4372896226
3.4862022069846526,3.4862022069846526,3,retrograde,direct,2547213.126707699
23.183939880568886,383.1839398805689,383,direct,retrograde,2547454.196316247
16.361239837303113,16.361239837303113,16,retrograde,direct,2547591.043705159
36.42284500773475,396.42284500773474,396,direct,retrograde,2547833.24914865
29.55918955099258,29.55918955099258,29,retrograde,direct,2547969.2402733993
49.96401584005586,409.9640158400559,409,direct,retrograde,2548212.5113919303
43.06336803419739,43.06336803419739,43,retrograde,direct,2548347.771290928
63.76807937676998,423.76807937677,423,direct,retrograde,2548591.9461639468
56.83637543084005,56.83637543084005,56,retrograde,direct,2548726.585408408
77.77603296500156,437.77603296500155,437,direct,retrograde,2548971.4915773487
70.8206841666486,70.8206841666486,70,retrograde,direct,2549105.6136610005
91.91282283940434,451.9128228394043,451,direct,retrograde,2549351.092182519
84.94290654879534,84.94290654879534,84,retrograde,direct,2549484.825971272
106.09305745158592,466.09305745158593,466,direct,retrograde,2549730.6059665587
99.11897796312898,99.11897796312898,99,retrograde,direct,2549864.2372240406
120.22898901108205,480.22898901108204,480,direct,retrograde,2550109.931994114
113.26113639416457,113.26113639416457,113,retrograde,direct,2550243.7342716493
134.237173437931,494.237173437931,494,direct,retrograde,2550489.0158467367
127.28604327375625,127.28604327375625,127,retrograde,direct,2550623.232528773
148.04579912713018,508.0457991271302,508,direct,retrograde,2550867.844550619
141.12071649794723,141.12071649794723,141,retrograde,direct,2551002.5899605416
161.59927642709087,521.5992764270909,521,direct,retrograde,2551246.4397314303
154.70753810963936,154.70753810963936,154,retrograde,direct,2551381.7845874093
174.8592401913588,534.8592401913588,534,direct,retrograde,2551624.6996517163
168.005929152715,168.005929152715,168,retrograde,direct,2551760.7844182076
187.8059129120891,547.8059129120891,547,direct,retrograde,2552002.6268417155
180.99382281631694,180.99382281631694,180,retrograde,direct,2552139.5499437535
200.4371113560422,560.4371113560422,560,direct,retrograde,2552380.273192549
193.66645087052703,193.66645087052703,193,retrograde,direct,2552518.03523276
212.7649740136079,572.7649740136079,572,direct,retrograde,2552757.609286621
206.0333877009911,206.0333877009911,206,retrograde,direct,2552896.274784294
224.81418788012806,584.8141878801281,584,direct,retrograde,2553134.7817383204
218.1181624651227,218.1181624651227,218,retrograde,direct,2553274.2152623916
236.62170096625877,596.6217009662588,596,direct,retrograde,2553511.8138084523
229.95710010941983,229.95710010941983,229,retrograde,direct,2553651.802054816
248.23570362841684,608.2357036284168,608,direct,retrograde,2553888.6377206743
241.59633656559413,241.59633656559413,241,retrograde,direct,2554029.2243344774
259.70791972482095,619.707919724821,619,direct,retrograde,2554265.4414586704
253.0866184301977,253.0866184301977,253,retrograde,direct,2554406.4693986587
271.089196441571,631.089196441571,631,direct,retrograde,2554642.2166982507
264.47778255485656,264.47778255485656,264,retrograde,direct,2554783.516767662
282.4295043824557,642.4295043824557,642,direct,retrograde,2555019.091656792
275.8193934742115,275.8193934742115,275,retrograde,direct,2555160.487202253
293.779402482346,653.779402482346,653,direct,retrograde,2555396.005050282
287.1623986996545,287.1623986996545,287,retrograde,direct,2555537.3134385757
305.19202948727195,665.192029487272,665,direct,retrograde,2555772.9861670965
298.5601735969936,298.5601735969936,298,retrograde,direct,2555914.17807687
316.7200642849125,676.7200642849125,676,direct,retrograde,2556150.252739097
310.0675196511097,310.0675196511097,310,retrograde,direct,2556291.1196335917
328.4152084140441,688.4152084140442,688,direct,retrograde,2556527.724704195
321.7364109683532,321.7364109683532,321,retrograde,direct,2556668.0525210276
340.3260369188791,700.326036918879,700,direct,retrograde,2556905.467069311
333.61629520937686,333.61629520937686,333,retrograde,direct,2557045.1519090254
352.4956781208127,712.4956781208127,712,direct,retrograde,2557283.5019958476
345.7517005323377,345.7517005323377,345,retrograde,direct,2557422.414855879
4.9601937997083425,364.96019379970835,364,direct,retrograde,2557661.7940429877
358.179483063427,358.179483063427,358,retrograde,direct,2557799.964841203
17.742464485058115,377.7424644850581,377,direct,retrograde,2558040.4398728935
10.924678137788025,10.924678137788025,10,retrograde,direct,2558177.777807935
30.850089757387124,390.85008975738714,390,direct,retrograde,2558419.4413858987
23.996969266989794,23.996969266989794,23,retrograde,direct,2558555.800733569
44.273658705738214,404.2736587057382,404,direct,retrograde,2558798.6764322957
37.38850220750883,37.38850220750883,37,retrograde,direct,2558934.1664899625
57.9825108382977,417.9825108382977,417,direct,retrograde,2559178.075194479
51.06998061304929,51.06998061304929,51,retrograde,direct,2559312.872813983
71.92369109045802,431.923691090458,431,direct,retrograde,2559557.597359121
64.99001397956705,64.99001397956705,64,retrograde,direct,2559691.847552429
86.02607132325332,446.0260713232533,446,direct,retrograde,2559937.1763807116
79.07805272539774,79.07805272539774,79,retrograde,direct,2560071.0413033525
100.20450542101679,460.2045054210168,460,direct,retrograde,2560316.7227103375
93.24938042083208,93.24938042083208,93,retrograde,direct,2560450.419201662
114.3719136791096,474.3719136791096,474,direct,retrograde,2560696.138059688
107.4190731112857,107.4190731112857,107,retrograde,direct,2560829.866018622
128.45104873031906,488.45104873031903,488,direct,retrograde,2561075.3829863705
121.51031872386945,121.51031872386945,121,retrograde,direct,2561209.320560585
142.36880729698763,502.3688072969876,502,direct,retrograde,2561454.3956567505
135.44757496569295,135.44757496569295,135,retrograde,direct,2561588.7166918283
156.0584052884235,516.0584052884235,516,direct,retrograde,2561833.1180500574
149.16282872120297,149.16282872120297,149,retrograde,direct,2561968.0436956566
169.46972832818136,529.4697283281814,529,direct,retrograde,2562211.4481269903
162.60493652335572,162.60493652335572,162,retrograde,direct,2562347.2249619057
182.5713208281511,542.5713208281511,542,direct,retrograde,2562589.495782163
175.7404751892492,175.7404751892492,175,retrograde,direct,2562726.138636834
195.35050177433718,555.3505017743372,555,direct,retrograde,2562967.3200338325
188.55497168771805,188.55497168771805,188,retrograde,direct,2563104.7099667806
207.81231370826904,567.812313708269,567,direct,retrograde,2563344.7897502724
201.05220309280975,201.05220309280975,201,retrograde,direct,2563483.0279615456
219.97816534197995,579.97816534198,579,direct,retrograde,2563722.0029458404
213.25220958554814,213.25220958554814,213,retrograde,direct,2563861.1029890412
231.88089913303781,591.8808991330378,591,direct,retrograde,2564099.043288421
225.1866937126723,225.1866937126723,225,retrograde,direct,2564238.8677313253
243.56214234539834,603.5621423453983,603,direct,retrograde,2564475.9095408143
236.89611636218913,236.89611636218913,236,retrograde,direct,2564616.3912240677
255.06948273046166,615.0694827304617,615,direct,retrograde,2564852.7624854697
248.42763386048054,248.42763386048054,248,retrograde,direct,2564993.6648407867
266.4550176249231,626.4550176249231,626,direct,retrograde,2565229.5109588876
