physical_degree,directional_degree_after,navigation_cell_after,lane_before,lane_after,jd_ut
302.97411644516836,662.9741164451684,662,direct,retrograde,2297174.111595289
299.03192203396054,299.03192203396054,299,retrograde,direct,2297328.4743460827
307.03897586068035,667.0389758606804,667,direct,retrograde,2297543.5465861736
303.1024392492542,303.1024392492542,303,retrograde,direct,2297697.824968417
311.08875625006215,671.0887562500621,671,direct,retrograde,2297912.908121477
307.1581675080415,307.1581675080415,307,retrograde,direct,2298067.2070809416
315.12602552384936,675.1260255238494,675,direct,retrograde,2298282.335535229
311.2000793053725,311.2000793053725,311,retrograde,direct,2298436.530202819
319.15161932616354,679.1516193261635,679,direct,retrograde,2298651.683163668
315.23000235433483,315.23000235433483,315,retrograde,direct,2298805.8625605516
323.1669896035489,683.1669896035489,683,direct,retrograde,2299021.0978885675
319.24756406165665,319.24756406165665,319,retrograde,direct,2299175.176384122
327.17188868399853,687.1718886839985,687,direct,retrograde,2299390.440245933
323.25386878027973,323.25386878027973,323,retrograde,direct,2299544.4750077697
331.1669442947446,691.1669442947446,691,direct,retrograde,2299759.810399579
327.2482835632943,327.2482835632943,327,retrograde,direct,2299913.76501578
335.1522177606498,695.1522177606498,695,direct,retrograde,2300129.1427603588
331.2322664917899,331.2322664917899,331,retrograde,direct,2300283.05100251
339.12920580582414,699.1292058058241,699,direct,retrograde,2300498.484762501
335.20675174973843,335.20675174973843,335,retrograde,direct,2300652.29161112
343.099168346513,703.099168346513,703,direct,retrograde,2300867.8117049625
339.1747085755508,339.1747085755508,339,retrograde,direct,2301021.5591524374
347.0658313211834,707.0658313211834,707,direct,retrograde,2301237.147999945
343.13907113499465,343.13907113499465,343,retrograde,direct,2301390.745891731
351.0315413893018,711.0315413893018,711,direct,retrograde,2301606.4826823883
347.10332750619216,347.10332750619216,347,retrograde,direct,2301760.0044902675
355.000058552503,715.000058552503,715,direct,retrograde,2301975.8463794477
351.0699144583665,351.0699144583665,351,retrograde,direct,2302129.169745703
358.9736527885802,718.9736527885802,718,direct,retrograde,2302345.1940198326
355.04263070475815,355.04263070475815,355,retrograde,direct,2302498.415092256
2.9560397062507713,362.95603970625075,362,direct,retrograde,2302714.5918048304
359.02330563651157,359.02330563651157,359,retrograde,direct,2302867.5886563463
6.949022763146941,366.94902276314696,366,direct,retrograde,2303083.9475853937
3.0148994064967294,3.0148994064967294,3,retrograde,direct,2303236.8235913888
10.955162982175334,370.95516298217535,370,direct,retrograde,2303453.3708365373
7.01815343744369,7.01815343744369,7,retrograde,direct,2303606.0277295057
14.974851562036116,374.9748515620361,374,direct,retrograde,2303822.7470627204
11.03434277931409,11.03434277931409,11,retrograde,direct,2303975.2756604813
19.009214687292904,379.0092146872929,379,direct,retrograde,2304192.1569291633
15.063256740418533,15.063256740418533,15,retrograde,direct,2304344.51230737
23.057507859771672,383.05750785977165,383,direct,retrograde,2304561.577027197
19.105006225588767,19.105006225588767,19,retrograde,direct,2304713.79882376
27.120051268202623,387.12005126820264,387,direct,retrograde,2304930.9728169665
23.15944008468908,23.15944008468908,23,retrograde,direct,2305083.047670556
31.197083322528794,391.1970833225288,391,direct,retrograde,2305300.4302920233
27.228322397245424,27.228322397245424,27,retrograde,direct,2305452.3673178386
35.290551757428474,395.2905517574285,395,direct,retrograde,2305669.842982989
31.3127404345847,31.3127404345847,31,retrograde,direct,2305821.6283280533
39.40148827718969,399.4014882771897,399,direct,retrograde,2306039.3425341165
35.41529684706073,35.41529684706073,35,retrograde,direct,2306190.9704216514
43.53273471617396,403.532734716174,403,direct,retrograde,2306408.808861848
39.53793847330557,39.53793847330557,39,retrograde,direct,2306560.259024662
47.685969447173335,407.6859694471733,407,direct,retrograde,2306778.361052434
43.68376481823821,43.68376481823821,43,retrograde,direct,2306929.631492636
51.86458520426551,411.8645852042655,411,direct,retrograde,2307147.884025734
47.85505003868907,47.85505003868907,47,retrograde,direct,2307298.950798344
56.07052982545701,416.070529825457,416,direct,retrograde,2307517.508825953
52.05465835508648,52.05465835508648,52,retrograde,direct,2307668.3787681656
60.3065218660311,420.3065218660311,420,direct,retrograde,2307887.082027548
56.284338115017334,56.284338115017334,56,retrograde,direct,2308037.7386907255
64.5741900473342,424.5741900473342,424,direct,retrograde,2308256.7844812097
60.54588069460142,60.54588069460142,60,retrograde,direct,2308407.2360657677
68.87453990471363,428.87453990471363,428,direct,retrograde,2308626.3989617154
64.83906449211821,64.83906449211821,64,retrograde,direct,2308776.657787321
73.20671232132457,433.2067123213246,433,direct,retrograde,2308996.1655752836
69.16339442137794,69.16339442137794,69,retrograde,direct,2309146.225552408
77.57010683929352,437.57010683929354,437,direct,retrograde,2309365.8237344734
73.51796024671812,73.51796024671812,73,retrograde,direct,2309515.7273954656
81.96355682795219,441.9635568279522,441,direct,retrograde,2309735.6179657606
77.90222094155301,77.90222094155301,77,retrograde,direct,2309885.3578225933
86.386475519439,446.386475519439,446,direct,retrograde,2310105.316217266
82.31523765273039,82.31523765273039,82,retrograde,direct,2310254.9341633087
90.83795719359931,450.8379571935993,450,direct,retrograde,2310475.138161215
86.75707837747994,86.75707837747994,86,retrograde,direct,2310624.6346552484
95.31764531549268,455.31764531549265,455,direct,retrograde,2310844.8700350653
91.22739189282338,91.22739189282338,91,retrograde,direct,2310994.2967627533
99.82547898934554,459.8254789893455,459,direct,retrograde,2311214.7148449244
95.72643813511036,95.72643813511036,95,retrograde,direct,2311364.0607795585
104.36115168962263,464.3611516896226,464,direct,retrograde,2311584.507549746
100.25446575947771,100.25446575947771,100,retrograde,direct,2311733.8157092547
108.92494968540451,468.9249496854045,468,direct,retrograde,2311954.384715718
104.81150605767884,104.81150605767884,104,retrograde,direct,2312103.6431693016
113.51692571486112,473.51692571486115,473,direct,retrograde,2312324.249440809
109.39876972711123,109.39876972711123,109,retrograde,direct,2312473.45849072
118.1378330017589,478.1378330017589,478,direct,retrograde,2312694.1941064857
114.0153224742176,114.0153224742176,114,retrograde,direct,2312843.3497469854
122.78624900178586,482.78624900178585,482,direct,retrograde,2313064.123893965
118.6606030537063,118.6606030537063,118,retrograde,direct,2313213.215758509
127.46126539779999,487.4612653978,487,direct,retrograde,2313434.120541771
123.33188110863334,123.33188110863334,123,retrograde,direct,2313583.1631893944
132.15927228414097,492.15927228414097,492,direct,retrograde,2313804.094792734
128.0268379244585,128.0268379244585,128,retrograde,direct,2313953.112114384
136.87790399880652,496.8779039988065,496,direct,retrograde,2314174.09612004
132.74153113427363,132.74153113427363,132,retrograde,direct,2314323.1068822965
141.61302435265148,501.61302435265145,501,direct,retrograde,2314544.0960085783
137.47337476410573,137.47337476410573,137,retrograde,direct,2314693.1437761
146.36193840876697,506.36193840876695,506,direct,retrograde,2314914.0737379733
142.21867759093186,142.21867759093186,142,retrograde,direct,2315063.1727994196
151.121124390072,511.121124390072,511,direct,retrograde,2315284.096124612
146.9751305804849,146.9751305804849,146,retrograde,direct,2315433.2917119665
155.8877213145644,515.8877213145644,515,direct,retrograde,2315654.0485107237
151.73904865697725,151.73904865697725,151,retrograde,direct,2315803.355185191
160.658243475042,520.658243475042,520,direct,retrograde,2316024.0682373624
156.5080816146814,156.5080816146814,156,retrograde,direct,2316173.535134349
165.43053552720758,525.4305355272076,525,direct,retrograde,2316394.006876164
161.28007017999815,161.28007017999815,161,retrograde,direct,2316543.627486524
170.20249058103582,530.2024905810358,530,direct,retrograde,2316764.036696624
166.05355843082066,166.05355843082066,166,retrograde,direct,2316913.842530571
174.9726268730817,534.9726268730817,534,direct,retrograde,2317133.981191556
170.82694816873692,170.82694816873692,170,retrograde,direct,2317283.9297802644
179.73973055046022,539.7397305504602,539,direct,retrograde,2317504.022583209
175.59885946608821,175.59885946608821,175,retrograde,direct,2317654.110758244
184.501943683602,544.501943683602,544,direct,retrograde,2317873.9958895547
180.3670954242241,180.3670954242241,180,retrograde,direct,2318024.2061367836
189.25701764932563,549.2570176493257,549,direct,retrograde,2318244.018699875
185.12830638586522,185.12830638586522,185,retrograde,direct,2318394.3502235822
194.0012397824297,554.0012397824297,554,direct,retrograde,2318613.9857520238
189.87906244748243,189.87906244748243,189,retrograde,direct,2318764.469871681
198.73128635680484,558.7312863568048,558,direct,retrograde,2318983.946517974
194.61501121168203,194.61501121168203,194,retrograde,direct,2319134.6027184566
203.4433079927902,563.4433079927902,563,direct,retrograde,2319353.877581653
199.33353107648384,199.33353107648384,199,retrograde,direct,2319504.765910579
208.13462049817588,568.1346204981759,568,direct,retrograde,2319723.7604108043
204.03012937138257,204.03012937138257,204,retrograde,direct,2319874.8925506435
212.80095880651643,572.8009588065164,572,direct,retrograde,2320093.6369469557
208.7023521405002,208.7023521405002,208,retrograde,direct,2320245.043781693
217.44055876395512,577.4405587639551,577,direct,retrograde,2320463.4630911825
213.34688771813165,213.34688771813165,213,retrograde,direct,2320615.1158830337
222.0501318460594,582.0501318460595,582,direct,retrograde,2320833.291546628
217.96238127799143,217.96238127799143,217,retrograde,direct,2320985.2208523173
226.6290778064652,586.6290778064651,586,direct,retrograde,2321203.067568889
222.54711370667476,222.54711370667476,222,retrograde,direct,2321355.210761968
231.17622774160148,591.1762277416015,591,direct,retrograde,2321572.863810759
227.1019049987502,227.1019049987502,227,retrograde,direct,2321725.2422237042
235.69306367701446,595.6930636770145,595,direct,retrograde,2321942.5878116162
231.62736234517251,231.62736234517251,231,retrograde,direct,2322095.144383995
240.1804132886246,600.1804132886245,600,direct,retrograde,2322312.3664759127
236.12485030603023,236.12485030603023,236,retrograde,direct,2322465.108696387
244.63971264703468,604.6397126470347,604,direct,retrograde,2322682.047191864
240.59465901698567,240.59465901698567,240,retrograde,direct,2322834.9230687106
249.07088221876376,609.0708822187637,609,direct,retrograde,2323051.8105371706
245.03668042102538,245.03668042102538,245,retrograde,direct,2323204.8235176085
253.47471126874572,613.4747112687458,613,direct,retrograde,2323421.435721622
249.45128579572494,249.45128579572494,249,retrograde,direct,2323574.577934902
257.85068395928135,617.8506839592814,617,direct,retrograde,2323791.165276426
253.83734508178426,253.83734508178426,253,retrograde,direct,2323944.4384568185
262.1984087569477,622.1984087569476,622,direct,retrograde,2324160.74064843
258.19439343483367,258.19439343483367,258,retrograde,direct,2324314.137571347
266.5170998387595,626.5170998387596,626,direct,retrograde,2324530.3959695473
262.52143095073666,262.52143095073666,262,retrograde,direct,2324683.955745917
270.8063642971633,630.8063642971633,630,direct,retrograde,2324899.915478212
266.8179557498694,266.8179557498694,266,retrograde,direct,2325053.6176283816
275.0651107916214,635.0651107916215,635,direct,retrograde,2325269.4970936105
271.0826911300844,271.0826911300844,271,retrograde,direct,2325423.348959557
279.292956408206,639.292956408206,639,direct,retrograde,2325638.961654678
275.3158166068475,275.3158166068475,275,retrograde,direct,2325792.95992582
283.49002865081314,643.4900286508132,643,direct,retrograde,2326008.466156522
279.5176690709875,279.5176690709875,279,retrograde,direct,2326162.5794335566
287.65800077664574,647.6580007766457,647,direct,retrograde,2326377.8935681954
283.6911782301441,283.6911782301441,283,retrograde,direct,2326532.1130917296
291.7994448976492,651.7994448976492,651,direct,retrograde,2326747.3614524826
287.83805104336204,287.83805104336204,287,retrograde,direct,2326901.638410248
295.91649547967177,655.9164954796718,655,direct,retrograde,2327116.7585438127
291.9616788078934,291.9616788078934,291,retrograde,direct,2327271.091512776
300.01263530621543,660.0126353062154,660,direct,retrograde,2327486.217865372
296.06415051795966,296.06415051795966,296,retrograde,direct,2327640.542426481
304.09001225230026,664.0900122523003,664,direct,retrograde,2327855.586579117
300.1484433591581,300.1484433591581,300,retrograde,direct,2328009.9426159114
308.151229837181,668.1512298371811,668,direct,retrograde,2328225.038979737
304.2157002102614,304.2157002102614,304,retrograde,direct,2328379.334420424
312.1978637112431,672.1978637112431,672,direct,retrograde,2328594.3877718356
308.26838934891634,308.26838934891634,308,retrograde,direct,2328748.696833035
316.23187588725705,676.231875887257,676,direct,retrograde,2328963.8097123085
312.3070754114805,312.3070754114805,312,retrograde,direct,2329118.0291087814
320.25410558803776,680.2541055880378,680,direct,retrograde,2329333.145812423
316.33319737742767,316.33319737742767,316,retrograde,direct,2329487.373695529
324.26537104383937,684.2653710438394,684,direct,retrograde,2329702.5453111343
320.3462962648323,320.3462962648323,320,retrograde,direct,2329856.6499160873
328.26511849640946,688.2651184964095,688,direct,retrograde,2330071.85608929
324.3470497422192,324.3470497422192,324,retrograde,direct,2330225.976827275
332.25457104429313,692.2545710442931,692,direct,retrograde,2330441.23922027
328.33574713360684,328.33574713360684,328,retrograde,direct,2330595.2204820327
336.2340796805806,696.2340796805806,696,direct,retrograde,2330810.5328261536
332.31445121979084,332.31445121979084,332,retrograde,direct,2330964.5068049543
340.20601956188943,700.2060195618894,700,direct,retrograde,2331179.9140918665
336.284632858138,336.284632858138,336,retrograde,direct,2331333.737960916
344.1724004316015,704.1724004316015,704,direct,retrograde,2331549.211259729
340.25018475560825,340.25018475560825,340,retrograde,direct,2331702.964994725
348.13672672046465,708.1367267204646,708,direct,retrograde,2331918.5835366845
344.2131203466526,344.2131203466526,344,retrograde,direct,2332072.189430154
352.1014082328485,712.1014082328485,712,direct,retrograde,2332287.9060444376
348.177069997171,348.177069997171,348,retrograde,direct,2332441.394459408
356.06959482891284,716.0695948289128,716,direct,retrograde,2332657.2766067274
352.1440098725315,352.1440098725315,352,retrograde,direct,2332810.603563103
0.04338427194308519,360.04338427194307,360,direct,retrograde,2333026.631128501
356.11690427330075,356.11690427330075,356,retrograde,direct,2333179.8205861263
4.025911471867934,364.0259114718679,364,direct,retrograde,2333395.9950439753
0.09757071797135972,0.09757071797135972,0,retrograde,direct,2333549.010398647
8.018399353175406,368.0183993531754,368,direct,retrograde,2333765.3851701515
4.087766219685201,4.087766219685201,4,retrograde,direct,2333918.256523423
12.022504856241127,372.02250485624114,372,direct,retrograde,2334134.7560644913
8.087737070887684,8.087737070887684,8,retrograde,direct,2334287.44832021
16.03814642995744,376.03814642995746,376,direct,retrograde,2334504.1563862767
12.098659660953032,12.098659660953032,12,retrograde,direct,2334656.722585595
20.066381306756217,380.0663813067562,380,direct,retrograde,2334873.553978157
16.119985454339638,16.119985454339638,16,retrograde,direct,2335025.9401223483
24.106653056351906,384.1066530563519,384,direct,retrograde,2335242.956241509
20.15310757216978,20.15310757216978,20,retrograde,direct,2335395.2281948617
28.160854925800336,388.1608549258003,388,direct,retrograde,2335612.3907234035
24.198903007649115,24.198903007649115,24,retrograde,direct,2335764.4698260454
32.229897766682924,392.22989776668294,392,direct,retrograde,2335981.806084198
28.260173918936477,28.260173918936477,28,retrograde,direct,2336133.7679723306
36.31684885101265,396.31684885101265,396,direct,retrograde,2336351.263906393
32.33879753141115,32.33879753141115,32,retrograde,direct,2336503.037442606
40.42334367525076,400.42334367525075,400,direct,retrograde,2336720.7318607923
36.437824019954704,36.437824019954704,36,retrograde,direct,2336872.3624251764
44.55229642839302,404.552296428393,404,direct,retrograde,2337090.213315473
40.559293572494305,40.559293572494305,40,retrograde,direct,2337241.6578828506
48.705926588686964,408.70592658868696,408,direct,retrograde,2337459.7499963604
44.70655719660675,44.70655719660675,44,retrograde,direct,2337611.024532482
52.88725955350441,412.8872595535044,412,direct,retrograde,2337829.2786073675
48.88122888215072,48.88122888215072,48,retrograde,direct,2337980.3535822406
57.097601104572675,417.0976011045727,417,direct,retrograde,2338198.8906481434
53.085616159759155,53.085616159759155,53,retrograde,direct,2338349.766059707
61.3392549012734,421.3392549012734,421,direct,retrograde,2338568.4864770584
57.320375185694616,57.320375185694616,57,retrograde,direct,2338719.153297019
65.61198884343413,425.6119888434341,425,direct,retrograde,2338938.1585998945
61.58593558601676,61.58593558601676,61,retrograde,direct,2339088.621106785
69.91583301855941,429.9158330185594,429,direct,retrograde,2339307.815678289
65.88090646951773,65.88090646951773,65,retrograde,direct,2339458.077242071
74.24914623437252,434.2491462343725,434,direct,retrograde,2339677.5355680324
70.20487706422004,70.20487706422004,70,retrograde,direct,2339827.627299931
78.61137419240251,438.61137419240254,438,direct,retrograde,2340047.2146765403
74.55683000917985,74.55683000917985,74,retrograde,direct,2340197.1400588118
83.00187864642595,443.00187864642595,443,direct,retrograde,2340416.982836879
78.93688338977161,78.93688338977161,78,retrograde,direct,2340566.7766717672
87.42043347921579,447.4204334792158,447,direct,retrograde,2340786.681289945
83.34493094392467,83.34493094392467,83,retrograde,direct,2340936.3469724627
91.8669753471441,451.8669753471441,451,direct,retrograde,2341156.495490426
87.7813575427481,87.7813575427481,87,retrograde,direct,2341306.060306739
96.34191815578504,456.34191815578504,456,direct,retrograde,2341526.236923257
92.24723992416207,92.24723992416207,92,retrograde,direct,2341675.69072356
100.8461203244445,460.8461203244445,460,direct,retrograde,2341896.102798622
96.74323368420802,96.74323368420802,96,retrograde,direct,2342045.478567807
105.37992846524202,465.379928465242,465,direct,retrograde,2342265.8909460763
101.27039487888013,101.27039487888013,101,retrograde,direct,2342415.1683356175
109.94466234457835,469.9446623445783,469,direct,retrograde,2342635.816215303
105.82980591352977,105.82980591352977,105,retrograde,direct,2342785.0311352396
114.54058594767233,474.5405859476723,474,direct,retrograde,2343005.66008777
110.42188265509213,110.42188265509213,110,retrograde,direct,2343154.8097556336
119.1679256306874,479.1679256306874,479,direct,retrograde,2343375.62161362
115.04542871586355,115.04542871586355,115,retrograde,direct,2343524.7311410103
123.82448252649746,483.8244825264975,483,direct,retrograde,2343745.545765383
119.6986911218931,119.6986911218931,119,retrograde,direct,2343894.6109063188
128.50796763529493,488.5079676352949,488,direct,retrograde,2344115.532669261
124.37809548573668,124.37809548573668,124,retrograde,direct,2344264.585433009
133.21454640204917,493.21454640204917,493,direct,retrograde,2344485.5281916074
129.08113995283273,129.08113995283273,129,retrograde,direct,2344634.53582118
137.94143914948685,497.9414391494869,497,direct,retrograde,2344855.5241898084
133.80338729796318,133.80338729796318,133,retrograde,direct,2345004.544984039
142.68397159465835,502.6839715946584,502,direct,retrograde,2345225.552814807
138.54224941835506,138.54224941835506,138,retrograde,direct,2345374.5545716826
147.43978115192107,507.43978115192107,507,direct,retrograde,2345595.52953637
143.29375902929164,143.29375902929164,143,retrograde,direct,2345744.614105623
152.20444929556615,512.2044492955662,512,direct,retrograde,2345965.547380857
148.05552405145494,148.05552405145494,148,retrograde,direct,2346114.7005645726
156.9755951407094,516.9755951407094,516,direct,retrograde,2346335.498005227
152.82366289972092,152.82366289972092,152,retrograde,direct,2346484.800879903
161.7498232593549,521.7498232593549,521,direct,retrograde,2346705.5200691167
157.59702709820195,157.59702709820195,157,retrograde,direct,2346854.9657921484
166.52581849767583,526.5258184976758,526,direct,retrograde,2347075.4637561813
162.3734352727748,162.3734352727748,162,retrograde,direct,2347225.0818516836
171.30199266975237,531.3019926697524,531,direct,retrograde,2347445.507223132
167.15224037108507,167.15224037108507,167,retrograde,direct,2347595.268264428
176.07738560924807,536.077385609248,536,direct,retrograde,2347815.465806639
171.93166612390849,171.93166612390849,171,retrograde,direct,2347965.370796141
180.85029044685893,540.8502904468589,540,direct,retrograde,2348185.5223101582
176.70971024823794,176.70971024823794,176,retrograde,direct,2348335.567718236
185.61847227427793,545.6184722742779,545,direct,retrograde,2348555.474929359
181.48384910753015,181.48384910753015,181,retrograde,direct,2348705.660694832
190.37904337099573,550.3790433709958,550,direct,retrograde,2348925.52488997
186.2500968140273,186.2500968140273,186,retrograde,direct,2349075.8583957274
195.12794130888574,555.1279413088857,555,direct,retrograde,2349295.456671182
191.0051698413192,191.0051698413192,191,retrograde,direct,2349445.94618956
199.86242738757778,559.8624273875778,559,direct,retrograde,2349665.469871211
195.74530771198155,195.74530771198155,195,retrograde,direct,2349816.1308290167
204.57858842376643,564.5785884237664,564,direct,retrograde,2350035.368690323
200.46753536172673,200.46753536172673,200,retrograde,direct,2350186.2291997187
209.2735664126439,569.273566412644,569,direct,retrograde,2350405.3173102
205.16772255884476,205.16772255884476,205,retrograde,direct,2350556.391891621
213.94359201415216,573.9435920141522,573,direct,retrograde,2350775.162783576
209.8434173923656,209.8434173923656,209,retrograde,direct,2350926.509147847
218.58646942681827,578.5864694268182,578,direct,retrograde,2351145.0156734586
214.49158074236672,214.49158074236672,214,retrograde,direct,2351296.622322241
223.19986352331088,583.1998635233109,583,direct,retrograde,2351514.8274237476
219.111473807216,219.111473807216,219,retrograde,direct,2351666.7144368635
227.7834906631262,587.7834906631263,587,direct,retrograde,2351884.6071063112
223.7020169404787,223.7020169404787,223,retrograde,direct,2352036.7232056083
232.33662641569947,592.3366264156995,592,direct,retrograde,2352254.3940202557
228.26404487514282,228.26404487514282,228,retrograde,direct,2352406.7468733005
236.86093976592926,596.8609397659293,596,direct,retrograde,2352624.1352809146
232.79777589519378,232.79777589519378,232,retrograde,direct,2352776.6536426833
241.3561006915077,601.3561006915077,601,direct,retrograde,2352993.90812771
237.30342516475005,237.30342516475005,237,retrograde,direct,2353146.604729959
245.82263191982307,605.822631919823,605,direct,retrograde,2353363.6177828507
241.78001948736446,241.78001948736446,241,retrograde,direct,2353516.4473077552
250.25972748931008,610.2597274893101,610,direct,retrograde,2353733.35017414
246.2275068006951,246.2275068006951,246,retrograde,direct,2353886.341000135
254.66748432976166,614.6674843297617,614,direct,retrograde,2354103.010861379
250.6448372349575,250.6448372349575,250,retrograde,direct,2354256.1390774893
259.0449080825975,619.0449080825974,619,direct,retrograde,2354472.6967395274
255.0312722174952,255.0312722174952,255,retrograde,direct,2354625.9795841724
263.3916518265927,623.3916518265927,623,direct,retrograde,2354842.2816502266
259.3861325882124,259.3861325882124,259,retrograde,direct,2354995.7300683763
267.70685454169194,627.7068545416919,627,direct,retrograde,2355211.9190241527
263.70844314220426,263.70844314220426,263,retrograde,direct,2355365.499711317
271.99033016449005,631.99033016449,631,direct,retrograde,2355581.428244151
267.9984046732146,267.9984046732146,267,retrograde,direct,2355735.190718401
276.2418251700179,636.2418251700178,636,direct,retrograde,2355951.0241966425
272.2553212849007,272.2553212849007,272,retrograde,direct,2356104.890303593
280.4616623193237,640.4616623193238,640,direct,retrograde,2356320.4670221033
276.48093982871484,276.48093982871484,276,retrograde,direct,2356474.493662523
284.65194691226037,644.6519469122604,644,direct,retrograde,2356690.016929889
280.67717328119784,280.67717328119784,280,retrograde,direct,2356844.1129658734
288.81519618696575,648.8151961869657,648,direct,retrograde,2357059.4122392386
284.84727484366755,284.84727484366755,284,retrograde,direct,2357213.637740963
292.9540311729565,652.9540311729565,652,direct,retrograde,2357428.925087683
288.99313992091464,288.99313992091464,288,retrograde,direct,2357583.1655813865
297.07114370529007,657.0711437052901,657,direct,retrograde,2357798.294964581
293.1178579228727,293.1178579228727,293,retrograde,direct,2357952.622119588
301.16881723494396,661.168817234944,661,direct,retrograde,2358167.76146714
297.2227710033646,297.2227710033646,297,retrograde,direct,2358322.0674199173
305.2490064713279,665.2490064713279,665,direct,retrograde,2358537.129932482
301.3101694823262,301.3101694823262,301,retrograde,direct,2358691.4738026224
309.313357279534,669.313357279534,669,direct,retrograde,2358906.5609225295
305.380431746989,305.380431746989,305,retrograde,direct,2359060.85736081
313.3624750664308,673.3624750664308,673,direct,retrograde,2359275.912577713
309.4350805562355,309.4350805562355,309,retrograde,direct,2359430.2153405445
317.39781251943407,677.3978125194341,677,direct,retrograde,2359645.3252009563
313.4740110872402,313.4740110872402,313,retrograde,direct,2359799.566411834
321.41909314308634,681.4190931430863,681,direct,retrograde,2360014.651415091
317.49791509879725,317.49791509879725,317,retrograde,direct,2360168.8794413228
325.4265290310781,685.4265290310781,685,direct,retrograde,2360384.0434450665
321.50588215143154,321.50588215143154,321,retrograde,direct,2360538.2076501325
329.4201666672276,689.4201666672276,689,direct,retrograde,2360753.3484178707
325.4995978873216,325.4995978873216,325,retrograde,direct,2360907.482109041
333.4015884267138,693.4015884267137,693,direct,retrograde,2361122.7086442374
329.4800234783953,329.4800234783953,329,retrograde,direct,2361276.7706537647
337.3725211713381,697.3725211713381,697,direct,retrograde,2361492.012019852
333.45037933620904,333.45037933620904,333,retrograde,direct,2361646.02688282
341.3361616044036,701.3361616044036,701,direct,retrograde,2361861.365157719
337.413215341167,337.413215341167,337,retrograde,direct,2362015.249317566
345.2951433791614,705.2951433791613,705,direct,retrograde,2362230.66381842
341.3723192738143,341.3723192738143,341,retrograde,direct,2362384.492809291
349.25353356587516,709.2535335658752,709,direct,retrograde,2362600.0323150214
345.33046533762285,345.33046533762285,345,retrograde,direct,2362753.6690754704
353.2136800459568,713.2136800459568,713,direct,retrograde,2362969.3439021353
349.29105552589124,349.29105552589124,349,retrograde,direct,2363122.9007707154
357.17894087618,717.1789408761799,717,direct,retrograde,2363338.7417363105
353.2559306830482,353.2559306830482,353,retrograde,direct,2363492.075422922
1.1513860671628893,361.1513860671629,361,direct,retrograde,2363708.071291835
357.22840371405175,357.22840371405175,357,retrograde,direct,2363861.2833389156
5.133719352866999,365.133719352867,365,direct,retrograde,2364077.494674959
1.2089238640848312,1.2089238640848312,1,retrograde,direct,2364230.489058681
9.12625951529459,369.1262595152946,369,direct,retrograde,2364446.841008913
5.199022391783329,5.199022391783329,5,retrograde,direct,2364599.694733794
13.129971438286214,373.1299714382862,373,direct,retrograde,2364816.267150961
9.198170478067485,9.198170478067485,9,retrograde,direct,2364968.932679951
17.14433653626991,377.1443365362699,377,direct,retrograde,2365185.6272287183
13.207045125840216,13.207045125840216,13,retrograde,direct,2365338.169929661
21.170120499373315,381.1701204993733,381,direct,retrograde,2365555.030057096
17.225600963243092,17.225600963243092,17,retrograde,direct,2365707.4151841197
25.207479749774553,385.20747974977456,385,direct,retrograde,2365924.434823516
21.255478018936618,21.255478018936618,21,retrograde,direct,2366076.686785848
29.258312692017025,389.258312692017,389,direct,retrograde,2366293.821250301
25.298047855316952,25.298047855316952,25,retrograde,direct,2366445.930048396
33.324193601927306,393.3241936019273,393,direct,retrograde,2366663.265571747
29.35639662350922,29.35639662350922,29,retrograde,direct,2366815.2316157585
37.408133977978224,397.4081339779782,397,direct,retrograde,2367032.685094244
33.43214633294407,33.43214633294407,33,retrograde,direct,2367184.488691788
41.511527949346004,401.51152794934603,401,direct,retrograde,2367402.168251237
37.528572695954736,37.528572695954736,37,retrograde,direct,2367553.81769194
45.63799589825867,405.6379958982587,405,direct,retrograde,2367771.652105295
41.647856894622976,41.647856894622976,41,retrograde,direct,2367923.103309701
49.78937361715645,409.78937361715646,409,direct,retrograde,2368141.188943282
45.79317878697502,45.79317878697502,45,retrograde,direct,2368292.466322384
53.968831272388115,413.9688312723881,413,direct,retrograde,2368510.732836969
49.96593059695357,49.96593059695357,49,retrograde,direct,2368661.794989679
58.17743731000631,418.1774373100063,418,direct,retrograde,2368880.3406505845
54.16812230907226,54.16812230907226,54,retrograde,direct,2369031.213890234
62.416599838710944,422.41659983871097,422,direct,retrograde,2369249.926888503
58.39953804720012,58.39953804720012,58,retrograde,direct,2369400.6019278215
66.68575414280814,426.68575414280815,426,direct,retrograde,2369619.5975286867
62.660457071345064,62.660457071345064,62,retrograde,direct,2369770.0952549838
70.9847993440141,430.9847993440141,430,direct,retrograde,2369989.2173498543
66.94976272026919,66.94976272026919,66,retrograde,direct,2370139.5444390457
75.31249428238162,435.31249428238164,435,direct,retrograde,2370358.947054454
71.26762546391697,71.26762546391697,71,retrograde,direct,2370509.102835646
79.66935800282036,439.66935800282033,439,direct,retrograde,2370728.6084493576
75.61392627648284,75.61392627648284,75,retrograde,direct,2370878.614127456
84.05491086973564,444.05491086973564,444,direct,retrograde,2371098.382014431
79.98929623723356,79.98929623723356,79,retrograde,direct,2371248.218075229
88.46966003953058,448.4696600395306,448,direct,retrograde,2371468.0994216613
84.39365895440302,84.39365895440302,84,retrograde,direct,2371617.795392758
92.9136428508654,452.9136428508654,452,direct,retrograde,2371837.911008238
88.82845889669954,88.82845889669954,88,retrograde,direct,2371987.4609980695
97.38777616138167,457.3877761613817,457,direct,retrograde,2372207.668804085
93.29403578014451,93.29403578014451,93,retrograde,direct,2372357.108498265
101.89257435930588,461.89257435930585,461,direct,retrograde,2372577.519489087
97.79154864043916,97.79154864043916,97,retrograde,direct,2372726.850691418
106.42879925397293,466.4287992539729,466,direct,retrograde,2372947.330014676
102.32180811527736,102.32180811527736,102,retrograde,direct,2373096.584640987
110.99700621464913,470.9970062146491,470,direct,retrograde,2373317.219383142
106.88475685339911,106.88475685339911,106,retrograde,direct,2373466.4126799535
115.59676599262511,475.59676599262514,475,direct,retrograde,2373687.0906622494
111.48008451541483,111.48008451541483,111,retrograde,direct,2373836.2256540144
120.22692055682845,480.2269205568284,480,direct,retrograde,2374057.040030824
116.10507291480307,116.10507291480307,116,retrograde,direct,2374206.1444893535
124.88407927756178,484.8840792775618,484,direct,retrograde,2374426.9576630313
120.75741839861273,120.75741839861273,120,retrograde,direct,2374576.023576062
129.5661095905325,489.5661095905325,489,direct,retrograde,2374796.9543895433
125.43394666974353,125.43394666974353,125,retrograde,direct,2374946.005886919
134.2692602976515,494.2692602976515,494,direct,retrograde,2375166.916404886
130.13216943427244,130.13216943427244,130,retrograde,direct,2375315.9596940707
138.99112693606241,498.9911269360624,498,direct,retrograde,2375536.9197482737
134.84857928746334,134.84857928746334,134,retrograde,direct,2375685.9743557554
143.72816176331162,503.7281617633116,503,direct,retrograde,2375906.918955017
139.58131276127816,139.58131276127816,139,retrograde,direct,2376056.0016560853
148.47819691686476,508.47819691686476,508,direct,retrograde,2376276.911559187
144.3271724468986,144.3271724468986,144,retrograde,direct,2376426.038040491
153.2381677872031,513.2381677872031,513,direct,retrograde,2376646.943023842
149.0845940484634,149.0845940484634,149,retrograde,direct,2376796.1342202863
158.0063336374111,518.0063336374111,518,direct,retrograde,2377016.9112843005
153.85107194433826,153.85107194433826,153,retrograde,direct,2377166.185386831
162.78037908901624,522.7803790890163,522,direct,retrograde,2377386.953757923
158.62587384366236,158.62587384366236,158,retrograde,direct,2377536.349023477
167.5596870982391,527.5596870982391,527,direct,retrograde,2377756.9062858224
163.40744601090907,163.40744601090907,163,retrograde,direct,2377906.4327565357
172.3425265915011,532.3425265915012,532,direct,retrograde,2378126.956169286
168.19436413906644,168.19436413906644,168,retrograde,direct,2378276.651286645
177.12692497074767,537.1269249707477,537,direct,retrograde,2378496.904872818
172.98340088080926,172.98340088080926,172,retrograde,direct,2378646.749087493
181.90996584086446,541.9099658408645,541,direct,retrograde,2378866.9633160643
177.7717624140294,177.7717624140294,177,retrograde,direct,2379016.9728306
186.6880315480668,546.6880315480668,546,direct,retrograde,2379236.930799625
182.55510258991558,182.55510258991558,182,retrograde,direct,2379387.087309148
191.4570215435847,551.4570215435847,551,direct,retrograde,2379606.9665200263
187.3290917025951,187.3290917025951,187,retrograde,direct,2379757.27202579
196.21282417495718,556.2128241749572,556,direct,retrograde,2379976.926436823
192.09003756888484,192.09003756888484,192,retrograde,direct,2380127.3869897034
200.95193752071683,560.9519375207168,560,direct,retrograde,2380346.913826268
196.83372314723383,196.83372314723383,196,retrograde,direct,2380497.5519975442
205.67045067941444,565.6704506794144,565,direct,retrograde,2380716.8293063724
201.55730859110844,201.55730859110844,201,retrograde,direct,2380867.6890476923
210.36565873009414,570.3656587300941,570,direct,retrograde,2381086.7415067274
206.25665198287632,206.25665198287632,206,retrograde,direct,2381237.833643753
215.03383086052835,575.0338308605284,575,direct,retrograde,2381456.600303567
210.9302318168479,210.9302318168479,210,retrograde,direct,2381607.9670818336
219.67441067817225,579.6744106781723,579,direct,retrograde,2381826.4531068616
215.57622847058548,215.57622847058548,215,retrograde,direct,2381978.060945742
224.28578384607474,584.2857838460748,584,direct,retrograde,2382196.26946966
220.19513173142732,220.19513173142732,220,retrograde,direct,2382348.152056274
228.86893128328322,588.8689312832832,588,direct,retrograde,2382566.0791396312
224.78646946081534,224.78646946081534,224,retrograde,direct,2382718.15238404
233.42393409157907,593.4239340915791,593,direct,retrograde,2382935.8682433534
229.35169747587756,229.35169747587756,229,retrograde,direct,2383088.1809408674
237.9521080188476,597.9521080188476,597,direct,retrograde,2383305.627841402
233.89017793803507,233.89017793803507,233,retrograde,direct,2383458.1015555263
242.45271623806974,602.4527162380698,602,direct,retrograde,2383675.3968503177
238.40177685429387,238.40177685429387,238,retrograde,direct,2383828.0733305523
246.92584219902267,606.9258421990227,606,direct,retrograde,2384045.1012135586
242.8852947898118,242.8852947898118,242,retrograde,direct,2384197.901796975
251.3701182153688,611.3701182153688,611,direct,retrograde,2384414.8470534896
247.33987356228212,247.33987356228212,247,retrograde,direct,2384567.826484588
255.7853967741399,615.7853967741399,615,direct,retrograde,2384784.4925343255
251.76451449285958,251.76451449285958,251,retrograde,direct,2384937.586707198
260.1700538221973,620.1700538221974,620,direct,retrograde,2385154.2056373293
256.15769199755914,256.15769199755914,256,retrograde,direct,2385307.462110676
264.523213944721,624.523213944721,624,direct,retrograde,2385523.79037134
260.5181517370506,260.5181517370506,260,retrograde,direct,2385677.1666848287
268.84359494957124,628.8435949495713,628,direct,retrograde,2385893.4253263874
264.84512327739566,264.84512327739566,264,retrograde,direct,2386046.994690163
273.1309694233361,633.1309694233362,633,direct,retrograde,2386262.9588431483
269.13806298262637,269.13806298262637,269,retrograde,direct,2386416.6505975723
277.3848024737912,637.3848024737912,637,direct,retrograde,2386632.5188561976
273.39745395615245,273.39745395615245,273,retrograde,direct,2386786.387939375
281.60689109036196,641.606891090362,641,direct,retrograde,2387001.9940387122
277.6255356541276,277.6255356541276,277,retrograde,direct,2387155.983296196
285.7992225672801,645.7992225672801,645,direct,retrograde,2387371.501994947
281.82441286665517,281.82441286665517,281,retrograde,direct,2387525.609598443
289.9645574196111,649.9645574196111,649,direct,retrograde,2387740.9345655916
285.9970423695254,285.9970423695254,285,retrograde,direct,2387895.1306382157
294.1053874025272,654.1053874025272,654,direct,retrograde,2388110.417251801
290.145023700045,290.145023700045,290,retrograde,direct,2388264.6655198624
298.2236472886251,658.2236472886251,658,direct,retrograde,2388479.809602538
294.27097196176663,294.27097196176663,294,retrograde,direct,2388634.11348713
302.32197134811264,662.3219713481126,662,direct,retrograde,2388849.2819902115
298.3762769779801,298.3762769779801,298,retrograde,direct,2389003.580262347
306.4018096547793,666.4018096547793,666,direct,retrograde,2389218.6406928534
302.4628474076699,302.4628474076699,302,retrograde,direct,2389372.9801481217
310.46455029808817,670.4645502980882,670,direct,retrograde,2389588.0982543416
306.53102285967555,306.53102285967555,306,retrograde,direct,2389742.38607233
314.5112541879972,674.5112541879972,674,direct,retrograde,2389957.4215163887
310.5824560098039,310.5824560098039,310,retrograde,direct,2390111.7490072483
318.5426264444692,678.5426264444692,678,direct,retrograde,2390326.843009987
314.6167828124749,314.6167828124749,314,retrograde,direct,2390481.10417918
322.55869646890073,682.5586964689007,682,direct,retrograde,2390696.143269825
318.6348086221634,318.6348086221634,318,retrograde,direct,2390850.4367219126
326.5601012087857,686.5601012087857,686,direct,retrograde,2391065.5266810907
322.6367395808161,322.6367395808161,322,retrograde,direct,2391219.729974186
330.5477359092016,690.5477359092016,690,direct,retrograde,2391434.807009802
326.62500012229094,326.62500012229094,326,retrograde,direct,2391589.0238923235
334.5243258867181,694.5243258867181,694,direct,retrograde,2391804.1781173646
330.60157296670843,330.60157296670843,330,retrograde,direct,2391958.2741685323
338.4920163039517,698.4920163039517,698,direct,retrograde,2392173.457573224
334.5700004534767,334.5700004534767,334,retrograde,direct,2392327.5109167956
342.453994779632,702.453994779632,702,direct,retrograde,2392542.8346158257
338.53228484786,338.53228484786,338,retrograde,direct,2392696.74487033
346.4129778867816,706.4129778867816,706,direct,retrograde,2392912.1268380852
342.49240674068716,342.49240674068716,342,retrograde,direct,2393065.9276763573
350.37213957874206,710.372139578742,710,direct,retrograde,2393281.5050612837
346.451933106254,346.451933106254,346,retrograde,direct,2393435.1619164245
354.3334451714048,714.3334451714047,714,direct,retrograde,2393650.8311109645
350.4138523245023,350.4138523245023,350,retrograde,direct,2393804.3414039537
358.29956201915826,718.2995620191582,718,direct,retrograde,2394020.2096406976
354.3795839870742,354.3795839870742,354,retrograde,direct,2394173.553645294
2.2718864897847726,362.2718864897848,362,direct,retrograde,2394389.555768069
358.35102192564864,358.35102192564864,358,retrograde,direct,2394542.7679241197
6.2519937184113,366.2519937184113,366,direct,retrograde,2394758.9362870865
2.3282928180774074,2.3282928180774074,2,retrograde,direct,2394911.961317108
10.239596519554391,370.23959651955437,370,direct,retrograde,2395128.2905376367
6.3121746999771045,6.3121746999771045,6,retrograde,direct,2395281.209270876
14.235446393335009,374.235446393335,374,direct,retrograde,2395497.672656213
10.302276299488268,10.302276299488268,10,retrograde,direct,2395650.4119665623
18.23957141894935,378.23957141894937,378,direct,retrograde,2395867.0251077795
14.300453339415181,14.300453339415181,14,retrograde,direct,2396019.6628222214
22.253991667239955,382.25399166724,382,direct,retrograde,2396236.439188936
18.307433789791965,18.307433789791965,18,retrograde,direct,2396388.8883345537
26.27962546668914,386.27962546668914,386,direct,retrograde,2396605.8041555164
22.326381565973854,22.326381565973854,22,retrograde,direct,2396758.130097975
30.31990786952185,390.31990786952184,390,direct,retrograde,2396975.258095137
26.359440955968367,26.359440955968367,26,retrograde,direct,2397127.3782085804
34.37690917368414,394.3769091736841,394,direct,retrograde,2397344.6519014053
30.410176332773574,30.410176332773574,30,retrograde,direct,2397496.6345864944
38.4539776382549,398.4539776382549,398,direct,retrograde,2397714.1321237497
34.48067935256192,34.48067935256192,34,retrograde,direct,2397865.9099339657
42.55331431563258,402.5533143156326,402,direct,retrograde,2398083.592744302
38.57444979483014,38.57444979483014,38,retrograde,direct,2398235.206447766
46.678089042394696,406.6780890423947,406,direct,retrograde,2398453.0877229385
42.69336937502585,42.69336937502585,42,retrograde,direct,2398604.509980768
50.830186072043844,410.83018607204383,410,direct,retrograde,2398822.621512182
46.84004078770427,46.84004078770427,46,retrograde,direct,2398973.861752879
55.01169502619487,415.01169502619484,415,direct,retrograde,2399192.1548388237
51.014732645641736,51.014732645641736,51,retrograde,direct,2399343.207673681
59.22217282719365,419.2221728271937,419,direct,retrograde,2399561.7476885915
55.21809447066458,55.21809447066458,55,retrograde,direct,2399712.6273292713
63.46215873782405,423.46215873782404,423,direct,retrograde,2399931.329811495
59.44908273170554,59.44908273170554,59,retrograde,direct,2400082.030591365
67.73007001763597,427.73007001763597,427,direct,retrograde,2400300.973909444
63.707464436923104,63.707464436923104,63,retrograde,direct,2400451.5091261007
72.02577345444436,432.02577345444433,432,direct,retrograde,2400670.6053922735
67.99218804978486,67.99218804978486,67,retrograde,direct,2400820.968485293
76.34848870897713,436.34848870897713,436,direct,retrograde,2401040.305782444
72.30416677233379,72.30416677233379,72,retrograde,direct,2401190.508996048
80.69894876029713,440.6989487602971,440,direct,retrograde,2401409.9713027757
76.64340383701708,76.64340383701708,76,retrograde,direct,2401560.0103511214
85.07728630755277,445.07728630755275,445,direct,retrograde,2401779.7373631718
81.01114977671227,81.01114977671227,81,retrograde,direct,2401929.627376953
89.48453500481803,449.48453500481804,449,direct,retrograde,2402149.4328553574
85.40824446702396,85.40824446702396,85,retrograde,direct,2402299.175681986
93.92147626083911,453.9214762608391,453,direct,retrograde,2402519.263902111
89.83632346799573,89.83632346799573,89,retrograde,direct,2402668.871124396
98.38973123360334,458.38973123360336,458,direct,retrograde,2402889.0037423577
94.29686157633816,94.29686157633816,94,retrograde,direct,2403038.481278033
102.89056539035221,462.8905653903522,462,direct,retrograde,2403258.895687472
98.79124252238641,98.79124252238641,98,retrograde,direct,2403408.246620289
107.4247978471625,467.4247978471625,467,direct,retrograde,2403628.6893581497
103.31988488208856,103.31988488208856,103,retrograde,direct,2403777.9321555607
111.99285208762028,471.9928520876203,471,direct,retrograde,2403998.633940585
107.88292686234189,107.88292686234189,107,retrograde,direct,2404147.7815314913
116.59348957241507,476.5934895724151,476,direct,retrograde,2404368.4688414745
112.47829451749635,112.47829451749635,112,retrograde,direct,2404517.5626522545
121.22434786457634,481.2243478645763,481,direct,retrograde,2404738.438651327
117.10343582853125,117.10343582853125,117,retrograde,direct,2404887.4966127276
125.88241274017673,485.88241274017673,485,direct,retrograde,2405108.3278334597
121.7558247556252,121.7558247556252,121,retrograde,direct,2405257.3853191547
130.56506171195085,490.5650617119509,490,direct,retrograde,2405478.312739009
126.43229137606235,126.43229137606235,126,retrograde,direct,2405627.3829499977
135.26885831351038,495.26885831351035,495,direct,retrograde,2405848.2598323748
131.1304633027495,131.1304633027495,131,retrograde,direct,2405997.3318329873
139.99140083706385,499.99140083706385,499,direct,retrograde,2406218.2751256637
135.84690854716914,135.84690854716914,135,retrograde,direct,2406367.3663753597
144.72883376375447,504.72883376375444,504,direct,retrograde,2406588.2652434194
140.57974924536114,140.57974924536114,140,retrograde,direct,2406737.3535494935
149.47971288457515,509.4797128845752,509,direct,retrograde,2406958.285026584
145.32616659650847,145.32616659650847,145,retrograde,direct,2407107.418411808
154.24068415336922,514.2406841533692,514,direct,retrograde,2407328.2905514
150.08487895283085,150.08487895283085,150,retrograde,direct,2407477.455403487
159.01072878641028,519.0107287864103,519,direct,retrograde,2407698.291979177
154.8536225991249,154.8536225991249,154,retrograde,direct,2407847.5591547014
163.78792609644833,523.7879260964484,523,direct,retrograde,2408068.307409551
159.63236498718277,159.63236498718277,159,retrograde,direct,2408217.6769200955
168.5717369379805,528.5717369379805,528,direct,retrograde,2408438.2930739354
164.41858622454916,164.41858622454916,164,retrograde,direct,2408587.806412261
173.3595647929566,533.3595647929566,533,direct,retrograde,2408808.333359167
169.21025843494138,169.21025843494138,169,retrograde,direct,2408957.983296235
178.14902398014783,538.1490239801478,538,direct,retrograde,2409178.314216147
174.00375369739552,174.00375369739552,174,retrograde,direct,2409328.1207907135
182.93627937764848,542.9362793776485,542,direct,retrograde,2409548.366418328
178.79555091284269,178.79555091284269,178,retrograde,direct,2409698.3368766066
187.71780128266573,547.7178012826657,547,direct,retrograde,2409918.3266086522
183.58162679635515,183.58162679635515,183,retrograde,direct,2410068.462555032
192.48969756954327,552.4896975695433,552,direct,retrograde,2410288.3733827453
188.35796613084887,188.35796613084887,188,retrograde,direct,2410438.684391331
197.24802028472325,557.2480202847232,557,direct,retrograde,2410658.3000792414
193.12101866092067,193.12101866092067,193,retrograde,direct,2410808.7927536387
201.98971478400023,561.9897147840002,561,direct,retrograde,2411028.315024101
197.86724905034256,197.86724905034256,197,retrograde,direct,2411178.9857101245
206.71101382022266,566.7110138202227,566,direct,retrograde,2411398.217810984
202.5934023258965,202.5934023258965,202,retrograde,direct,2411549.079708769
211.40898541150798,571.408985411508,571,direct,retrograde,2411768.171081952
207.2962688500512,207.2962688500512,207,retrograde,direct,2411919.2358749714
216.08139327253025,576.0813932725302,576,direct,retrograde,2412138.0294419955
211.97492594347474,211.97492594347474,211,retrograde,direct,2412289.331653717
220.72745915921197,580.727459159212,580,direct,retrograde,2412507.9085320886
216.62808560097048,216.62808560097048,216,retrograde,direct,2412659.4447978996
225.3464386805072,585.3464386805072,585,direct,retrograde,2412877.7350437185
221.25603715154278,221.25603715154278,221,retrograde,direct,2413029.5236970596
229.93897915962086,589.9389791596209,589,direct,retrograde,2413247.5378855886
225.85799819619407,225.85799819619407,225,retrograde,direct,2413399.5568236867
234.50422294830315,594.5042229483031,594,direct,retrograde,2413617.335356001
230.43401556340885,230.43401556340885,230,retrograde,direct,2413769.586985791
239.04259459487437,599.0425945948743,599,direct,retrograde,2413987.092477112
234.982575393509,234.982575393509,234,retrograde,direct,2414139.527927649
243.55228161709286,603.5522816170928,603,direct,retrograde,2414356.8621646566
239.50281543900542,239.50281543900542,239,retrograde,direct,2414509.489318628
248.03273938515383,608.0327393851538,608,direct,retrograde,2414726.577827614
243.99273831908488,243.99273831908488,243,retrograde,direct,2414879.3614431433
252.48247094792166,612.4824709479217,612,direct,retrograde,2415096.3104860205
248.45194071737382,248.45194071737382,248,retrograde,direct,2415249.2615882047
256.90097632945617,616.9009763294562,616,direct,retrograde,2415465.975987129
252.87850327735887,252.87850327735887,252,retrograde,direct,2415619.0797793176
261.28639420036535,621.2863942003653,621,direct,retrograde,2415835.6590165785
257.27141167585694,257.27141167585694,257,retrograde,direct,2415988.9295504307
265.6383381821184,625.6383381821183,625,direct,retrograde,2416205.2433743477
261.62986102226563,261.62986102226563,261,retrograde,direct,2416358.6798593737
269.9559403302274,629.9559403302273,629,direct,retrograde,2416574.8813580684
265.95358390384496,265.95358390384496,265,retrograde,direct,2416728.4658346856
274.2400041375815,634.2400041375815,634,direct,retrograde,2416944.3886257242
270.2438706260271,270.2438706260271,270,retrograde,direct,2417098.136891717
278.4917660374989,638.4917660374989,638,direct,retrograde,2417313.9957566774
274.50229673462695,274.50229673462695,274,retrograde,direct,2417467.8416172788
282.7137165493677,642.7137165493677,642,direct,retrograde,2417683.44647769
278.73187310297624,278.73187310297624,278,retrograde,direct,2417837.4195204154
286.90859549593756,646.9085954959376,646,direct,retrograde,2418053.0126161976
282.9348404138053,282.9348404138053,282,retrograde,direct,2418207.0592402276
291.0790270979042,651.0790270979041,651,direct,retrograde,2418422.4351662816
287.11353439969065,287.11353439969065,287,retrograde,direct,2418576.561527458
295.2264607985311,655.2264607985311,655,direct,retrograde,2418791.952430669
291.26909158854323,291.26909158854323,291,retrograde,direct,2418946.1284027975
299.3531530878745,659.3531530878745,659,direct,retrograde,2419161.3456270257
295.40361550433295,295.40361550433295,295,retrograde,direct,2419315.578454118
303.4601328015437,663.4601328015438,663,direct,retrograde,2419530.815620034
299.5174685179035,299.5174685179035,299,retrograde,direct,2419685.071584007
307.5483422251462,667.5483422251461,667,direct,retrograde,2419900.18967057
303.6116871474139,303.6116871474139,303,retrograde,direct,2420054.47434799
311.61825772241696,671.618257722417,671,direct,retrograde,2420269.611184043
307.6859474993318,307.6859474993318,307,retrograde,direct,2420423.903006874
315.6698105643873,675.6698105643873,675,direct,retrograde,2420638.9501982788
311.74092062780704,311.74092062780704,311,retrograde,direct,2420793.2575213667
319.70340189296525,679.7034018929653,679,direct,retrograde,2421008.3424760513
315.7759910406237,315.7759910406237,315,retrograde,direct,2421162.6378938286
323.7189470117741,683.7189470117742,683,direct,retrograde,2421377.6436364762
319.79244738280795,319.79244738280795,319,retrograde,direct,2421531.938794311
327.7176847654527,687.7176847654528,687,direct,retrograde,2421747.0206033485
323.7912556601081,323.7912556601081,323,retrograde,direct,2421901.268866712
331.70192695340637,691.7019269534064,691,direct,retrograde,2422116.300112184
327.7761508315888,327.7761508315888,327,retrograde,direct,2422270.52480431
335.6747720129129,695.6747720129129,695,direct,retrograde,2422485.6716081304
331.7494444017942,331.7494444017942,331,retrograde,direct,2422639.8026776398
339.63901049337625,699.6390104933762,699,direct,retrograde,2422854.9552372945
335.71487946655515,335.71487946655515,335,retrograde,direct,2423009.0348591916
343.5982381298239,703.5982381298239,703,direct,retrograde,2423224.3263594517
339.6752119838115,339.6752119838115,339,retrograde,direct,2423378.2542514624
347.555290833725,707.5552908337249,707,direct,retrograde,2423593.61176013
343.63394963536416,343.63394963536416,343,retrograde,direct,2423747.478459046
351.51346963418285,711.5134696341829,711,direct,retrograde,2423963.0015980806
347.59303795890924,347.59303795890924,347,retrograde,direct,2424116.668778819
355.4747372200288,715.4747372200288,715,direct,retrograde,2424332.3003164064
351.5553551130406,351.5553551130406,351,retrograde,direct,2424485.876337231
359.44146660692866,719.4414666069287,719,direct,retrograde,2424701.709495142
355.5215786379151,355.5215786379151,355,retrograde,direct,2424855.0773929143
3.4145928386373696,363.41459283863736,363,direct,retrograde,2425071.021553684
359.49359036863007,359.49359036863007,359,retrograde,direct,2425224.2607499976
7.394967792238065,367.39496779223805,367,direct,retrograde,2425440.4405548964
3.4705153625288565,3.4705153625288565,3,retrograde,direct,2425593.4979516678
11.381961095941762,371.38196109594173,371,direct,retrograde,2425809.767731717
7.4532526204362055,7.4532526204362055,7,retrograde,direct,2425962.6799098337
15.376531840303556,375.3765318403035,375,direct,retrograde,2426179.1727325497
11.442028361010324,11.442028361010324,11,retrograde,direct,2426331.9291012315
19.37939118311294,379.37939118311294,379,direct,retrograde,2426548.524992625
15.438802274414018,15.438802274414018,15,retrograde,direct,2426701.144642096
23.392438819168888,383.3924388191689,383,direct,retrograde,2426917.9263517503
19.445066422532076,19.445066422532076,19,retrograde,direct,2427070.375511976
27.41745962476594,387.4174596247659,387,direct,retrograde,2427287.322222747
23.46389629362266,23.46389629362266,23,retrograde,direct,2427439.628528758
31.45745778630206,391.4574577863021,391,direct,retrograde,2427656.7253269367
27.49735564261401,27.49735564261401,27,retrograde,direct,2427808.8569336906
35.5145081291359,395.5145081291359,395,direct,retrograde,2428026.1594583876
31.54884274997399,31.54884274997399,31,retrograde,direct,2428178.1387015637
39.59197198426458,399.5919719842646,399,direct,retrograde,2428395.6081165597
35.62017727711006,35.62017727711006,35,retrograde,direct,2428547.397299907
43.69143516528006,403.69143516528004,403,direct,retrograde,2428765.075370785
39.71463893054642,39.71463893054642,39,retrograde,direct,2428916.703440519
47.81641282016553,407.8164128201655,407,direct,retrograde,2429134.589553993
43.833707056717195,43.833707056717195,43,retrograde,direct,2429286.0034970455
51.967857434420175,411.9678574344202,411,direct,retrograde,2429504.1021680404
47.97928883498911,47.97928883498911,47,retrograde,direct,2429655.351192535
56.14709668138519,416.14709668138516,416,direct,retrograde,2429873.6668378077
52.15093850804488,52.15093850804488,52,retrograde,direct,2430024.709595871
60.35357072553795,420.35357072553796,420,direct,retrograde,2430243.233333746
56.349460985729344,56.349460985729344,56,retrograde,direct,2430394.1182557754
64.58769497790543,424.5876949779054,424,direct,retrograde,2430612.820650964
60.57396306037542,60.57396306037542,60,retrograde,direct,2430763.5371116586
68.84870275626106,428.84870275626105,428,direct,retrograde,2430982.4417249355
64.82517700553723,64.82517700553723,64,retrograde,direct,2431133.010094624
73.13744951151934,433.1374495115193,433,direct,retrograde,2431352.0633880403
69.10315513835369,69.10315513835369,69,retrograde,direct,2431502.4758029366
77.45378486405656,437.45378486405656,437,direct,retrograde,2431721.7470557876
73.4094210805573,73.4094210805573,73,retrograde,direct,2431872.0093022995
81.79940320117956,441.79940320117953,441,direct,retrograde,2432091.4174865587
77.74457374578262,77.74457374578262,77,retrograde,direct,2432241.5206001764
86.17449898280205,446.17449898280205,446,direct,retrograde,2432461.170371687
82.11030899586012,82.11030899586012,82,retrograde,direct,2432611.0992974145
90.58056141503633,450.5805614150363,450,direct,retrograde,2432830.9102584496
86.50724069402192,86.50724069402192,86,retrograde,direct,2432980.6727296524
95.0183959230037,455.0183959230037,455,direct,retrograde,2433200.7178660966
90.93769266238016,90.93769266238016,90,retrograde,direct,2433350.3085889816
99.48973437850175,459.48973437850174,459,direct,retrograde,2433570.512408399
95.40201842677975,95.40201842677975,95,retrograde,direct,2433719.9449574156
103.99478739498032,463.99478739498034,463,direct,retrograde,2433940.3720309855
99.90103289870854,99.90103289870854,99,retrograde,direct,2434089.674815055
108.53384223337581,468.5338422333758,468,direct,retrograde,2434310.1993684024
104.43409174135473,104.43409174135473,104,retrograde,direct,2434459.3903142475
113.10547995141033,473.1054799514103,473,direct,retrograde,2434680.0964280814
108.9993813688247,108.9993813688247,108,retrograde,direct,2434829.230165391
117.70728772172286,477.7072877217229,477,direct,retrograde,2435049.9568128595
113.59454907861362,113.59454907861362,113,retrograde,direct,2435199.034729163
122.3367447548503,482.3367447548503,482,direct,retrograde,2435419.8949205093
118.21672126366092,118.21672126366092,118,retrograde,direct,2435568.973371721
126.99069234898786,486.99069234898786,486,direct,retrograde,2435789.785312807
122.86367376135014,122.86367376135014,122,retrograde,direct,2435938.8475425504
131.6672174608829,491.6672174608829,491,direct,retrograde,2436159.7687094035
127.53298347713012,127.53298347713012,127,retrograde,direct,2436308.85240966
136.36328526094775,496.36328526094775,496,direct,retrograde,2436529.7006734135
132.22254198079955,132.22254198079955,132,retrograde,direct,2436678.7899142914
141.07693317475054,501.07693317475054,501,direct,retrograde,2436899.6989515927
136.92994085210262,136.92994085210262,136,retrograde,direct,2437048.824197091
145.80577748711968,505.8057774871197,505,direct,retrograde,2437269.6807854604
141.6543277853174,141.6543277853174,141,retrograde,direct,2437418.826714323
150.54874774419963,510.54874774419966,510,direct,retrograde,2437639.685569927
146.39372822657452,146.39372822657452,146,retrograde,direct,2437788.8730398826
155.30387820829236,515.3038782082924,515,direct,retrograde,2438009.716963892
151.1477937074811,151.1477937074811,151,retrograde,direct,2438158.9280006997
160.07093645450158,520.0709364545016,520,direct,retrograde,2438379.716354643
155.91507592375774,155.91507592375774,155,retrograde,direct,2438528.976638777
164.84810375542597,524.848103755426,524,direct,retrograde,2438749.7815020066
160.69478379032552,160.69478379032552,160,retrograde,direct,2438899.1055186493
169.63420993827503,529.634209938275,529,direct,retrograde,2439119.754486244
165.4835763926696,165.4835763926696,165,retrograde,direct,2439269.1923201224
174.42546417163993,534.42546417164,534,direct,retrograde,2439489.813068565
170.2785256883053,170.2785256883053,170,retrograde,direct,2439639.400401742
179.2184255974448,539.2184255974448,539,direct,retrograde,2439859.759823003
175.0746908337074,175.0746908337074,175,retrograde,direct,2440009.52505954
184.00867624964943,544.0086762496494,544,direct,retrograde,2440229.811565454
179.86875789238118,179.86875789238118,179,retrograde,direct,2440379.77382385
188.79239685316745,548.7923968531675,548,direct,retrograde,2440599.7561647044
184.65574326856668,184.65574326856668,184,retrograde,direct,2440749.902720819
193.56501906720618,553.5650190672062,553,direct,retrograde,2440969.7875965415
189.4317871494966,189.4317871494966,189,retrograde,direct,2441120.118871819
198.32298646125938,558.3229864612593,558,direct,retrograde,2441339.7261115424
194.1932844290779,194.1932844290779,194,retrograde,direct,2441490.227566283
203.06261323520968,563.0626132352097,563,direct,retrograde,2441709.7289365754
198.93640840616035,198.93640840616035,198,retrograde,direct,2441860.417067865
207.78049321989806,567.7804932198981,567,direct,retrograde,2442079.6225165557
203.65871922105447,203.65871922105447,203,retrograde,direct,2442230.510872636
212.4748004227173,572.4748004227173,572,direct,retrograde,2442449.5748255663
208.35790178809827,208.35790178809827,208,retrograde,direct,2442600.665543231
217.14375821584656,577.1437582158466,577,direct,retrograde,2442819.424419176
213.03411837573523,213.03411837573523,213,retrograde,direct,2442970.753236629
221.7881449080879,581.7881449080879,581,direct,retrograde,2443189.32653825
217.68654994071343,217.68654994071343,217,retrograde,direct,2443340.8618011847
226.4072238205186,586.4072238205185,586,direct,retrograde,2443559.1426202487
222.31566299272234,222.31566299272234,222,retrograde,direct,2443710.9189148583
231.0014482195568,591.0014482195568,591,direct,retrograde,2443928.9985208865
226.91992675993504,226.91992675993504,226,retrograde,direct,2444080.957371478
235.56979715281287,595.5697971528128,595,direct,retrograde,2444298.7775283614
231.49942334191869,231.49942334191869,231,retrograde,direct,2444450.985167172
240.1119127538106,600.1119127538107,600,direct,retrograde,2444668.5743142627
236.05175397903682,236.05175397903682,236,retrograde,direct,2444820.9511470636
244.6255982898521,604.6255982898521,604,direct,retrograde,2445038.319855607
240.5758822301752,240.5758822301752,240,retrograde,direct,2445190.931124133
249.11031912422456,609.1103191242246,609,direct,retrograde,2445408.0440751724
245.06989879778288,245.06989879778288,245,retrograde,direct,2445560.7989663295
253.56400997750623,613.5640099775062,613,direct,retrograde,2445777.758979465
249.532672608553,249.532672608553,249,retrograde,direct,2445930.7362508653
257.98595417979396,617.9859541797939,617,direct,retrograde,2446147.4183211764
253.96226009663184,253.96226009663184,253,retrograde,direct,2446300.513088499
262.374018072483,622.3740180724831,622,direct,retrograde,2446517.0949708633
258.3575551294223,258.3575551294223,258,retrograde,direct,2446670.385694784
266.72790933394776,626.7279093339478,626,direct,retrograde,2446886.690682168
262.7177604169055,262.7177604169055,262,retrograde,direct,2447040.0994426617
271.0473071672577,631.0473071672577,631,direct,retrograde,2447256.309164159
267.04401827543575,267.04401827543575,267,retrograde,direct,2447409.9035821008
275.33400588137664,635.3340058813767,635,direct,retrograde,2447625.870701126
271.3375135157251,271.3375135157251,271,retrograde,direct,2447779.5512495534
279.58913223068885,639.5891322306888,639,direct,retrograde,2447995.4314995557
275.60054983058546,275.60054983058546,275,retrograde,direct,2448149.2698693667
283.81591866448156,643.8159186644816,643,direct,retrograde,2448364.9398560924
279.8355749251284,279.8355749251284,279,retrograde,direct,2448518.858861137
288.0160882035041,648.0160882035041,648,direct,retrograde,2448734.4715699786
284.0441746480614,284.0441746480614,284,retrograde,direct,2448888.4898072975
292.19160597404493,652.1916059740449,652,direct,retrograde,2449103.918967467
288.22804475067596,288.22804475067596,288,retrograde,direct,2449258.0200120397
296.34392267532075,656.3439226753208,656,direct,retrograde,2449473.429063214
292.38813677083726,292.38813677083726,292,retrograde,direct,2449627.574185606
300.4743506350742,660.4743506350742,660,direct,retrograde,2449842.824934166
296.5259868389148,296.5259868389148,296,retrograde,direct,2449997.040102371
304.58408367766896,664.584083677669,664,direct,retrograde,2450212.31626153
300.64183770830687,300.64183770830687,300,retrograde,direct,2450366.5378989
308.67366953376154,668.6736695337615,668,direct,retrograde,2450581.6704447763
304.736543752921,304.736543752921,304,retrograde,direct,2450735.949730265
312.743209204217,672.743209204217,672,direct,retrograde,2450951.125550758
308.809702457216,308.809702457216,308,retrograde,direct,2451105.3917473285
316.7933664004491,676.793366400449,676,direct,retrograde,2451320.4337610425
312.8624667297593,312.8624667297593,312,retrograde,direct,2451474.7584498497
320.8244624869307,680.8244624869308,680,direct,retrograde,2451689.847618263
316.8949015591331,316.8949015591331,316,retrograde,direct,2451844.1418434195
324.8376805400537,684.8376805400537,684,direct,retrograde,2452059.13265034
320.90938418227944,320.90938418227944,320,retrograde,direct,2452213.455046217
328.8354105486258,688.8354105486258,688,direct,retrograde,2452428.5077974023
324.9082209514523,324.9082209514523,324,retrograde,direct,2452582.7691461183
332.820458874873,692.820458874873,692,direct,retrograde,2452797.7908403035
328.8950565426226,328.8950565426226,328,retrograde,direct,2452952.0303917034
336.79598255310555,696.7959825531055,696,direct,retrograde,2453167.1577971317
332.8720796776455,332.8720796776455,332,retrograde,direct,2453321.2996971393
340.76458815590456,700.7645881559046,700,direct,retrograde,2453536.442812328
336.8428586907593,336.8428586907593,336,retrograde,direct,2453690.505615973
344.72922084175974,704.7292208417598,704,direct,retrograde,2453905.8192634676
340.8091179663108,340.8091179663108,340,retrograde,direct,2454059.756172579
348.6923643913836,708.6923643913835,708,direct,retrograde,2454275.112793099
344.774057178153,344.774057178153,344,retrograde,direct,2454428.9272430623
352.6562988727015,712.6562988727014,712,direct,retrograde,2454644.50042836
348.73856651517116,348.73856651517116,348,retrograde,direct,2454798.172580676
356.62221338149857,716.6222133814986,716,direct,retrograde,2455013.8173669847
352.7044535241441,352.7044535241441,352,retrograde,direct,2455167.3522783546
0.5915406007649339,360.5915406007649,360,direct,retrograde,2455383.2001397684
356.6720725508636,356.6720725508636,356,retrograde,direct,2455536.5760675417
4.564404075180685,364.5644040751807,364,direct,retrograde,2455752.523761577
0.6419889078500186,0.6419889078500186,0,retrograde,direct,2455905.794763156
8.541093825600868,368.54109382560085,368,direct,retrograde,2456121.9087832905
4.613841968326917,4.613841968326917,4,retrograde,direct,2456275.0014970265
12.521801577737564,372.52180157773756,372,direct,retrograde,2456491.2218534164
8.589364215616666,8.589364215616666,8,retrograde,direct,2456644.2354470976
16.508438451418822,376.50843845141884,376,direct,retrograde,2456860.6201080903
12.569729439976555,12.569729439976555,12,retrograde,direct,2457013.4475986194
20.502692407399735,380.50269240739976,380,direct,retrograde,2457229.942762851
16.558341098287222,16.558341098287222,16,retrograde,direct,2457382.661248125
24.50778142849767,384.50778142849765,384,direct,retrograde,2457599.3793018404
20.557245038747514,20.557245038747514,20,retrograde,direct,2457751.894950337
28.525886842198137,388.52588684219813,388,direct,retrograde,2457968.729760806
24.570293191467975,24.570293191467975,24,retrograde,direct,2458121.090944119
32.56086467791349,392.5608646779135,392,direct,retrograde,2458338.2011160823
28.600021289076885,28.600021289076885,28,retrograde,direct,2458490.3516465984
36.61519188302468,396.6151918830247,396,direct,retrograde,2458707.601940358
32.64985143395503,32.64985143395503,32,retrograde,direct,2458859.574949218
40.69184073990435,400.69184073990436,400,direct,retrograde,2459077.1017095847
36.72169663940373,36.72169663940373,36,retrograde,direct,2459228.858262797
44.79301761530944,404.79301761530945,404,direct,retrograde,2459446.569624177
40.8184027618863,40.8184027618863,40,retrograde,direct,2459598.143006552
48.920831782713975,408.920831782714,408,direct,retrograde,2459816.078972053
44.94042440423694,44.94042440423694,44,retrograde,direct,2459967.45706765
53.07528903411185,413.07528903411185,413,direct,retrograde,2460185.6102666743
49.08846392975713,49.08846392975713,49,retrograde,direct,2460336.8160554394
57.25670930487526,417.25670930487524,417,direct,retrograde,2460555.137255472
53.261496409872265,53.261496409872265,53,retrograde,direct,2460706.182098288
61.46371452987709,421.4637145298771,421,direct,retrograde,2460924.7023328515
57.45977865009114,57.45977865009114,57,retrograde,direct,2461075.606346287
65.69697743849218,425.6969774384922,425,direct,retrograde,2461294.2689225907
61.682622823668,61.682622823668,61,retrograde,direct,2461445.02046208
69.95568784457353,429.9556878445735,429,direct,retrograde,2461663.8814185243
65.93113149387257,65.93113149387257,65,retrograde,direct,2461814.4926540153
74.24095173805404,434.24095173805404,434,direct,retrograde,2462033.5009764647
70.20542160908853,70.20542160908853,70,retrograde,direct,2462183.952574391
78.5531793297151,438.55317932971514,438,direct,retrograde,2462403.1817682385
74.50770405412374,74.50770405412374,74,retrograde,direct,2462553.4740370763
82.89422064843494,442.89422064843495,442,direct,retrograde,2462772.8519685725
78.83859622078191,78.83859622078191,78,retrograde,direct,2462922.9751493037
87.2647017387386,447.2647017387386,447,direct,retrograde,2463142.61292917
83.20034735643252,83.20034735643252,83,retrograde,direct,2463292.5656052036
91.66694234522782,451.6669423452278,451,direct,retrograde,2463512.328093484
87.59445094555868,87.59445094555868,87,retrograde,direct,2463662.1119009303
96.10217291831626,456.1021729183162,456,direct,retrograde,2463882.1696545295
92.02309893464358,92.02309893464358,92,retrograde,direct,2464031.783696574
100.57228361657171,460.5722836165717,460,direct,retrograde,2464251.927903331
96.48674587873347,96.48674587873347,96,retrograde,direct,2464401.396096509
105.07732289743728,465.0773228974373,465,direct,retrograde,2464621.834836047
100.98585820244824,100.98585820244824,100,retrograde,direct,2464771.145366949
109.61667138210996,469.61667138211,469,direct,retrograde,2464991.6410986613
105.51858160481733,105.51858160481733,105,retrograde,direct,2465140.851538428
114.18835494925574,474.18835494925577,474,direct,retrograde,2465361.5827695653
110.08365420759273,110.08365420759273,110,retrograde,direct,2465510.6853210144
118.79027063181178,478.7902706318118,478,direct,retrograde,2465731.4175961977
114.67804569678198,114.67804569678198,114,retrograde,direct,2465880.480865107
123.41947401166425,483.41947401166425,483,direct,retrograde,2466101.3782347795
119.29981999802354,119.29981999802354,119,retrograde,direct,2466250.405499626
128.07384717123495,488.07384717123495,488,direct,retrograde,2466471.245830917
123.94682596634833,123.94682596634833,123,retrograde,direct,2466620.2953702956
132.75101572507,492.75101572507003,492,direct,retrograde,2466841.2199179567
128.61667452687007,128.61667452687007,128,retrograde,direct,2466990.289829176
137.44822454459097,497.44822454459097,497,direct,retrograde,2467211.135774969
133.30744466692215,133.30744466692215,133,retrograde,direct,2467360.242400232
142.16386755411318,502.16386755411315,502,direct,retrograde,2467581.1515610516
138.01716724304129,138.01716724304129,138,retrograde,direct,2467730.2854338316
146.8954557490731,506.8954557490731,506,direct,retrograde,2467951.1155473627
142.74495116230014,142.74495116230014,142,retrograde,direct,2468100.2647172622
151.64251380110045,511.64251380110045,511,direct,retrograde,2468321.1681423597
147.48915441971766,147.48915441971766,147,retrograde,direct,2468470.327812357
156.40294875980518,516.4029487598052,516,direct,retrograde,2468691.1731382143
152.24925323188845,152.24925323188845,152,retrograde,direct,2468840.340351861
161.17623788683343,521.1762378868334,521,direct,retrograde,2469061.2236089846
157.02290423476782,157.02290423476782,157,retrograde,direct,2469210.442600406
165.95975321869102,525.959753218691,525,direct,retrograde,2469431.237859236
161.80848361517533,161.80848361517533,161,retrograde,direct,2469580.532779854
170.7511595610956,530.7511595610956,530,direct,retrograde,2469801.2581569366
166.60148254108148,166.60148254108148,166,retrograde,direct,2469950.675708319
175.5457367077745,535.5457367077745,535,direct,retrograde,2470171.2804582343
171.39845703181987,171.39845703181987,171,retrograde,direct,2470320.850434102
180.34027630283612,540.3402763028362,540,direct,retrograde,2470541.2674736623
176.19508169658408,176.19508169658408,176,retrograde,direct,2470691.010898739
185.13036707977682,545.1303670797768,545,direct,retrograde,2470911.2963416837
180.98779676431508,180.98779676431508,180,retrograde,direct,2471061.233761714
189.91249378974229,549.9124937897423,549,direct,retrograde,2471281.249939137
185.77231363630727,185.77231363630727,185,retrograde,direct,2471431.379726514
194.6826672121879,554.6826672121879,554,direct,retrograde,2471651.2717445306
190.54533678241862,190.54533678241862,190,retrograde,direct,2471801.6112707723
199.43758404726685,559.4375840472669,559,direct,retrograde,2472021.186861228
195.303472337276,195.303472337276,195,retrograde,direct,2472171.731018235
204.17434846376577,564.1743484637658,564,direct,retrograde,2472391.1874923967
200.04415656877606,200.04415656877606,200,retrograde,direct,2472541.9200820634
208.89063756628664,568.8906375662866,568,direct,retrograde,2472761.0883954437
204.76552241083638,204.76552241083638,204,retrograde,direct,2472912.0043362714
213.58504276014338,573.5850427601433,573,direct,retrograde,2473131.044515648
209.46654313565037,209.46654313565037,209,retrograde,direct,2473282.138168211
218.25733677554848,578.2573367755485,578,direct,retrograde,2473500.9267501375
214.1473523952212,214.1473523952212,214,retrograde,direct,2473652.2048179163
222.9073254389651,582.9073254389651,582,direct,retrograde,2473870.8345935587
218.80662177376746,218.80662177376746,218,retrograde,direct,2474022.3001150433
227.53377393829797,587.5337739382979,587,direct,retrograde,2474240.6787415305
223.44345021656184,223.44345021656184,223,retrograde,direct,2474392.3711036555
232.13612454424313,592.1361245442431,592,direct,retrograde,2474610.5074273674
228.05578396415586,228.05578396415586,228,retrograde,direct,2474762.421655589
236.71203542401395,596.712035424014,596,direct,retrograde,2474980.3114577224
232.64225027293543,232.64225027293543,232,retrograde,direct,2475132.4691847777
241.26049926352806,601.2604992635281,601,direct,retrograde,2475350.0766711645
237.19997262817287,237.19997262817287,237,retrograde,direct,2475502.443840186
245.77875301194896,605.778753011949,605,direct,retrograde,2475719.831872412
241.72768739020145,241.72768739020145,241,retrograde,direct,2475872.4219786488
250.26589425904993,610.2658942590499,610,direct,retrograde,2476089.5464956993
246.22289312575853,246.22289312575853,246,retrograde,direct,2476242.3201826587
254.7197611945516,614.7197611945517,614,direct,retrograde,2476459.258945898
250.6847668047799,250.6847668047799,250,retrograde,direct,2476612.227973843
259.1395449308844,619.1395449308844,619,direct,retrograde,2476828.918413276
255.1111334368748,255.1111334368748,255,retrograde,direct,2476982.054119006
263.523461943357,623.523461943357,623,direct,retrograde,2477198.580516572
259.5019059066006,259.5019059066006,259,retrograde,direct,2477351.902295878
267.87268441497923,627.8726844149792,627,direct,retrograde,2477568.1702158535
263.85793666881074,263.85793666881074,263,retrograde,direct,2477721.6369098173
272.18795990682617,632.1879599068261,632,direct,retrograde,2477937.8030639617
268.1810091496337,268.1810091496337,268,retrograde,direct,2478091.4204605
276.47191768979695,636.471917689797,636,direct,retrograde,2478307.330947672
272.4734195436827,272.4734195436827,272,retrograde,direct,2478461.0575908367
280.7265689650579,640.7265689650578,640,direct,retrograde,2478676.943799181
276.7373562061481,276.7373562061481,276,retrograde,direct,2478830.7642900534
284.9546867033864,644.9546867033864,644,direct,retrograde,2479046.4243352506
280.9749521825146,280.9749521825146,280,retrograde,direct,2479200.323769724
289.15769293399404,649.157692933994,649,direct,retrograde,2479415.9969967986
285.1874249465695,285.1874249465695,285,retrograde,direct,2479569.9815288195
293.33746338848385,653.3374633884839,653,direct,retrograde,2479785.4546442367
289.3759417626437,289.3759417626437,289,retrograde,direct,2479939.4746458996
297.4943421848414,657.4943421848413,657,direct,retrograde,2480154.964966392
293.54107258489364,293.54107258489364,293,retrograde,direct,2480309.0782482354
301.6300027928091,661.6300027928091,661,direct,retrograde,2480524.3897972805
297.68374244921694,297.68374244921694,297,retrograde,direct,2480678.5309235565
305.7441977703006,665.7441977703006,665,direct,retrograde,2480893.8512384705
301.8035573157939,301.8035573157939,301,retrograde,direct,2481048.061192848
309.8370298929873,669.8370298929873,669,direct,retrograde,2481263.2270002915
305.90062378053983,305.90062378053983,305,retrograde,direct,2481417.4701469485
313.9084105923694,673.9084105923694,673,direct,retrograde,2481632.634683949
309.97469927947617,309.97469927947617,309,retrograde,direct,2481786.9258882506
317.9585997005978,677.9585997005978,677,direct,retrograde,2482001.961642985
314.02689083331103,314.02689083331103,314,retrograde,direct,2482156.2796194516
321.9887424959353,681.9887424959353,681,direct,retrograde,2482371.3461210653
318.0582301586117,318.0582301586117,318,retrograde,direct,2482525.669085065
326.00081450334807,686.000814503348,686,direct,retrograde,2482740.6390343215
322.0719602847827,322.0719602847827,322,retrograde,direct,2482894.9577168636
329.99760857215387,689.9976085721539,689,direct,retrograde,2483110.0233701672
326.0704657151759,326.0704657151759,326,retrograde,direct,2483264.286675589
333.98242442078663,693.9824244207866,693,direct,retrograde,2483479.299559159
330.0575048958149,330.0575048958149,330,retrograde,direct,2483633.5340945106
337.958152272004,697.958152272004,697,direct,retrograde,2483848.6916945362
334.0352926625003,334.0352926625003,334,retrograde,direct,2484002.812945639
341.92750921373323,701.9275092137332,701,direct,retrograde,2484217.969687961
338.0070124948369,338.0070124948369,338,retrograde,direct,2484372.0362314265
345.8935259443959,705.8935259443958,705,direct,retrograde,2484587.3588998597
341.97491363818926,341.97491363818926,341,retrograde,direct,2484741.276269925
349.8585041466696,709.8585041466696,709,direct,retrograde,2484956.6475698017
345.94143425086764,345.94143425086764,345,retrograde,direct,2485110.490680732
353.8242552261695,713.8242552261695,713,direct,retrograde,2485326.0427820273
349.90731245772304,349.90731245772304,349,retrograde,direct,2485479.718248212
357.7917895538552,717.7917895538552,717,direct,retrograde,2485695.33536538
353.8742183604067,353.8742183604067,353,retrograde,direct,2485848.9136652322
1.7618868694525565,361.76188686945255,361,direct,retrograde,2486064.7333003096
357.84170300890406,357.84170300890406,357,retrograde,direct,2486218.1531053
5.7345915085904595,365.7345915085905,365,direct,retrograde,2486434.0245550023
1.8108912225608795,1.8108912225608795,1,retrograde,direct,2486587.32433955
9.710636549273232,369.7106365492732,369,direct,retrograde,2486803.423262748
5.781862054201647,5.781862054201647,5,retrograde,direct,2486956.575996561
13.690913582996327,373.6909135829963,373,direct,retrograde,2487172.7339008255
9.757036805901164,9.757036805901164,9,retrograde,direct,2487325.7399727087
17.677894832887493,377.6778948328875,377,direct,retrograde,2487542.1290513687
13.738442753954288,13.738442753954288,13,retrograde,direct,2487694.981320787
21.673804220712476,381.6738042207125,381,direct,retrograde,2487911.4836797845
17.72903453988246,17.72903453988246,17,retrograde,direct,2488064.1752050174
25.681235637353,385.681235637353,385,direct,retrograde,2488280.896806116
21.731059774559807,21.731059774559807,21,retrograde,direct,2488433.392743713
29.702835357043863,389.70283535704385,389,direct,retrograde,2488650.286161623
25.748036358769603,25.748036358769603,25,retrograde,direct,2488802.628146153
33.74183243426997,393.74183243426995,393,direct,retrograde,2489019.7279741876
29.78197164584765,29.78197164584765,29,retrograde,direct,2489171.8570851237
37.80014479380601,397.800144793806,397,direct,retrograde,2489389.152092062
33.835967608966065,33.835967608966065,33,retrograde,direct,2489541.1222192813
41.88084829625781,401.8808482962578,401,direct,retrograde,2489758.6426049722
37.911290336593794,37.911290336593794,37,retrograde,direct,2489910.399767045
45.984809142330796,405.9848091423308,405,direct,retrograde,2490128.095355455
42.01001790412865,42.01001790412865,42,retrograde,direct,2490279.6881048493
50.11380163558162,410.11380163558164,410,direct,retrograde,2490497.6375730187
46.13183072031713,46.13183072031713,46,retrograde,direct,2490649.025458969
54.26706623484694,414.26706623484694,414,direct,retrograde,2490867.121691784
50.27736854317622,50.27736854317622,50,retrograde,direct,2491018.359492421
58.44491394314453,418.4449139431445,418,direct,retrograde,2491236.6959686186
54.44584233765653,54.44584233765653,54,retrograde,direct,2491387.752707879
62.6471727378982,422.6471727378982,422,direct,retrograde,2491606.224068596
58.6387416211709,58.6387416211709,58,retrograde,direct,2491757.1435695766
66.87508137895439,426.8750813789544,426,direct,retrograde,2491975.8182226364
62.85618898868215,62.85618898868215,62,retrograde,direct,2492126.5792249655
71.1288261186461,431.1288261186461,431,direct,retrograde,2492345.410089014
67.10017004374411,67.10017004374411,67,retrograde,direct,2492496.0309004523
75.41055702529236,435.41055702529235,435,direct,retrograde,2492715.038184801
71.37187110215305,71.37187110215305,71,retrograde,direct,2492865.5050186943
79.72104032265071,439.7210403226507,439,direct,retrograde,2493084.6980457706
75.67364838949361,75.67364838949361,75,retrograde,direct,2493235.0187139204
84.06269079968563,444.06269079968564,444,direct,retrograde,2493454.381561445
80.00654995852491,80.00654995852491,80,retrograde,direct,2493604.5328029916
88.43632299663828,448.4363229966383,448,direct,retrograde,2493824.1268010475
84.37312175560265,84.37312175560265,84,retrograde,direct,2493974.099793465
92.84418164370616,452.8441816437062,452,direct,retrograde,2494193.887197177
88.77405379323866,88.77405379323866,88,retrograde,direct,2494343.6746723773
97.28693196358539,457.2869319635854,457,direct,retrograde,2494563.703877669
93.21102810532729,93.21102810532729,93,retrograde,direct,2494713.3032256374
101.76536456707204,461.765364567072,461,direct,retrograde,2494933.5280755227
97.68275608168372,97.68275608168372,97,retrograde,direct,2495082.9459644817
106.27757336277821,466.2775733627782,466,direct,retrograde,2495303.396939231
102.18826218653496,102.18826218653496,102,retrograde,direct,2495452.6828750856
110.82217750767835,470.82217750767836,470,direct,retrograde,2495673.2325822525
106.72529419393587,106.72529419393587,106,retrograde,direct,2495822.3968451433
115.39655935505296,475.39655935505294,475,direct,retrograde,2496043.1356789134
111.29163505706545,111.29163505706545,111,retrograde,direct,2496192.248584344
119.99831022330346,479.99831022330346,479,direct,retrograde,2496412.9812127613
115.8850384815954,115.8850384815954,115,retrograde,direct,2496562.042022436
124.62547277178841,484.6254727717884,484,direct,retrograde,2496782.9188839607
120.50386375100696,120.50386375100696,120,retrograde,direct,2496931.9866029136
129.27586386404334,489.27586386404334,489,direct,retrograde,2497152.791657555
125.14642388188874,125.14642388188874,125,retrograde,direct,2497301.849048841
133.94805864279542,493.94805864279544,493,direct,retrograde,2497522.774516182
129.8112555332134,129.8112555332134,129,retrograde,direct,2497671.860859136
138.64011848050293,498.6401184805029,498,direct,retrograde,2497892.6885723304
134.4972162557111,134.4972162557111,134,retrograde,direct,2498041.7806448564
143.35107180340563,503.3510718034056,503,direct,retrograde,2498262.70010392
139.20335867832495,139.20335867832495,139,retrograde,direct,2498411.8321120394
148.07990805529414,508.07990805529414,508,direct,retrograde,2498632.6723269196
143.9297118318235,143.9297118318235,143,retrograde,direct,2498781.8130266033
152.82647323962894,512.826473239629,512,direct,retrograde,2499002.7049415195
148.67494595441886,148.67494595441886,148,retrograde,direct,2499151.8796273815
157.58897699417432,517.5889769941743,517,direct,retrograde,2499372.7371669225
153.43817608966594,153.43817608966594,153,retrograde,direct,2499521.9118284434
162.36651013465055,522.3665101346505,522,direct,retrograde,2499742.7757039107
158.21657076674893,158.21657076674893,158,retrograde,direct,2499891.990514422
167.155203701539,527.155203701539,527,direct,retrograde,2500112.8467803374
163.00722262748005,163.00722262748005,163,retrograde,direct,2500262.0984879937
171.9518284445407,531.9518284445408,531,direct,retrograde,2500482.8433151646
167.80493126150702,167.80493126150702,167,retrograde,direct,2500632.2104173126
176.75128902475964,536.7512890247597,536,direct,retrograde,2500852.900260252
172.60641918399384,172.60641918399384,172,retrograde,direct,2501002.4015279245
181.55005143667645,541.5500514366764,541,direct,retrograde,2501222.853055292
177.4064180678142,177.4064180678142,177,retrograde,direct,2501372.558719934
186.34327959233352,546.3432795923335,546,direct,retrograde,2501592.8858224563
182.20167653393773,182.20167653393773,182,retrograde,direct,2501742.807086548
191.12737686729838,551.1273768672984,551,direct,retrograde,2501962.814428119
186.98717863852212,186.98717863852212,186,retrograde,direct,2502112.9556935094
195.89775701852082,555.8977570185208,555,direct,retrograde,2502332.829445107
191.75980354603087,191.75980354603087,191,retrograde,direct,2502483.1883241013
200.6517623759762,560.6517623759762,560,direct,retrograde,2502702.7480324917
196.51659851153605,196.51659851153605,196,retrograde,direct,2502853.298234267
205.38664633351976,565.3866463335198,565,direct,retrograde,2503072.7524796287
201.25539469800907,201.25539469800907,201,retrograde,direct,2503223.494683426
210.10072600467603,570.1007260046761,570,direct,retrograde,2503442.636283813
205.97525511150815,205.97525511150815,205,retrograde,direct,2503593.555793185
214.7938276482567,574.7938276482566,574,direct,retrograde,2503812.6198198013
210.67551150345244,210.67551150345244,210,retrograde,direct,2503963.712997962
219.4651857245693,579.4651857245693,579,direct,retrograde,2504182.4700057013
215.3559379406393,215.3559379406393,215,retrograde,direct,2504333.762247122
224.11462592479768,584.1146259247977,584,direct,retrograde,2504552.4076794563
220.0145194841857,220.0145194841857,220,retrograde,direct,2504703.882520955
228.74028515542207,588.740285155422,588,direct,retrograde,2504922.2202999406
224.65033456718947,224.65033456718947,224,retrograde,direct,2505073.911792826
233.34119004118332,593.3411900411834,593,direct,retrograde,2505292.1011072556
229.2607774172911,229.2607774172911,229,retrograde,direct,2505443.9908736357
237.91524175888028,597.9152417588803,597,direct,retrograde,2505661.866122051
233.8447948884145,233.8447948884145,233,retrograde,direct,2505814.006161291
242.46120347923122,602.4612034792312,602,direct,retrograde,2506031.6788598187
238.39949883629092,238.39949883629092,238,retrograde,direct,2506184.0128279906
246.97654031521034,606.9765403152103,606,direct,retrograde,2506401.3953032903
242.92368692796313,242.92368692796313,242,retrograde,direct,2506553.9907731973
251.46052082995215,611.4605208299522,611,direct,retrograde,2506771.121239109
247.41527745530797,247.41527745530797,247,retrograde,direct,2506923.895413475
255.9108472385115,615.9108472385115,615,direct,retrograde,2507140.802303355
251.87315576717063,251.87315576717063,251,retrograde,direct,2507293.823182311
260.32695006661027,620.3269500666103,620,direct,retrograde,2507510.4561743
256.2959181380662,256.2959181380662,256,retrograde,direct,2507663.6122233896
264.70806519136005,624.70806519136,624,direct,retrograde,2507880.1000196096
260.6846692651425,260.6846692651425,260,retrograde,direct,2508033.4603116075
269.05596819306606,629.0559681930661,629,direct,retrograde,2508249.707219721
265.0403762870597,265.0403762870597,265,retrograde,direct,2508403.1739789955
273.3717504946782,633.3717504946783,633,direct,retrograde,2508619.3200951023
269.36534909475466,269.36534909475466,269,retrograde,direct,2508772.936655665
277.6580363676884,637.6580363676884,637,direct,retrograde,2508988.9009935074
273.6607352927321,273.6607352927321,273,retrograde,direct,2509142.5819886858
281.91577707954735,641.9157770795473,641,direct,retrograde,2509358.4685849287
277.9283710391236,277.9283710391236,277,retrograde,direct,2509512.279221148
286.14736746257756,646.1473674625776,646,direct,retrograde,2509727.998186115
282.16933030245247,282.16933030245247,282,retrograde,direct,2509881.8716353234
290.3533044483039,650.3533044483039,650,direct,retrograde,2510097.543468397
286.3842543016252,286.3842543016252,286,retrograde,direct,2510251.50397557
294.53462360988476,654.5346236098848,654,direct,retrograde,2510466.9962465297
290.5737565965038,290.5737565965038,290,retrograde,direct,2510621.0422670767
298.6919237223405,658.6919237223406,658,direct,retrograde,2510836.518796023
294.7382776027251,294.7382776027251,294,retrograde,direct,2510990.611080274
302.8258250880761,662.825825088076,662,direct,retrograde,2511205.9094965514
298.8782590883119,298.8782590883119,298,retrograde,direct,2511360.0875054738
306.93618789552403,666.936187895524,666,direct,retrograde,2511575.3971702103
302.9932575984979,302.9932575984979,302,retrograde,direct,2511729.6056708274
311.0233319483494,671.0233319483493,671,direct,retrograde,2511944.7385026943
307.08394829365176,307.08394829365176,307,retrograde,direct,2512099.011160018
315.0875004076276,675.0875004076277,675,direct,retrograde,2512314.1739373486
311.15090585386713,311.15090585386713,311,retrograde,direct,2512468.475588016
319.13073796074764,679.1307379607476,679,direct,retrograde,2512683.4837845666
315.1966666472756,315.1966666472756,315,retrograde,direct,2512837.8193384465
323.1549103606705,683.1549103606706,683,direct,retrograde,2513052.8880360676
319.2234790244361,319.2234790244361,319,retrograde,direct,2513207.214185022
327.1631688413871,687.1631688413871,687,direct,retrograde,2513422.184655837
323.2348483200768,323.2348483200768,323,retrograde,direct,2513576.499626331
331.1586990190375,691.1586990190375,691,direct,retrograde,2513791.559570482
327.2336577440908,327.2336577440908,327,retrograde,direct,2513945.8288955074
335.1445737365844,695.1445737365843,695,direct,retrograde,2514160.860189924
331.22300493760775,331.22300493760775,331,retrograde,direct,2514315.066455641
339.123224000848,699.123224000848,699,direct,retrograde,2514530.226230843
335.2046510759033,335.2046510759033,335,retrograde,direct,2514684.3543256186
343.0970828248847,703.0970828248846,703,direct,retrograde,2514899.5211832356
339.18148520462086,339.18148520462086,339,retrograde,direct,2515053.548869134
347.0682122585552,707.0682122585551,707,direct,retrograde,2515268.8994142627
343.15446232558014,343.15446232558014,343,retrograde,direct,2515422.8195840493
351.03800390468314,711.0380039046831,711,direct,retrograde,2515638.1898506023
347.12513985297113,347.12513985297113,347,retrograde,direct,2515791.9990417548
355.0071217729169,715.0071217729169,715,direct,retrograde,2516007.578933914
351.0934047080872,351.0934047080872,351,retrograde,direct,2516161.2565008653
358.9756540813864,718.9756540813864,718,direct,retrograde,2516376.8688534508
355.05977586307796,355.05977586307796,355,retrograde,direct,2516530.4477964295
2.9439838262200126,362.94398382622,362,direct,retrograde,2516746.244392013
359.02425757115844,359.02425757115844,359,retrograde,direct,2516899.681677969
6.91248766264518,366.91248766264516,366,direct,retrograde,2517115.5376368193
2.9880351185292735,2.9880351185292735,2,retrograde,direct,2517268.889016551
10.882407794097894,370.8824077940979,370,direct,retrograde,2517484.9219236197
6.952446695558821,6.952446695558821,6,retrograde,direct,2517638.1039152257
14.855995805805092,374.8559958058051,374,direct,retrograde,2517854.2130280836
10.921024754152981,10.921024754152981,10,retrograde,direct,2518007.3046781216
18.836346003616026,378.83634600361603,378,direct,retrograde,2518223.6292702295
14.895979179066337,14.895979179066337,14,retrograde,direct,2518376.527993855
22.82600003055757,382.82600003055757,382,direct,retrograde,2518592.942071032
18.881129280213475,18.881129280213475,18,retrograde,direct,2518745.705259842
26.828515685341053,386.8285156853411,386,direct,retrograde,2518962.3966581663
22.879001035961473,22.879001035961473,22,retrograde,direct,2519114.9494996713
30.846618276996843,390.8466182769968,390,direct,retrograde,2519331.750095497
26.89334628721058,26.89334628721058,26,retrograde,direct,2519484.1199972434
34.88377720896764,394.8837772089677,394,direct,retrograde,2519701.234285515
30.926324656236943,30.926324656236943,30,retrograde,direct,2519853.3919762764
38.94216525888117,398.9421652588812,398,direct,retrograde,2520070.652152866
34.980539501568316,34.980539501568316,34,retrograde,direct,2520222.6038741097
43.02362655192366,403.02362655192366,403,direct,retrograde,2520440.160517554
39.05671980829892,39.05671980829892,39,retrograde,direct,2520591.8985158615
47.12894488235817,407.12894488235816,407,direct,retrograde,2520809.630781725
43.15596116477355,43.15596116477355,43,retrograde,direct,2520961.1864815
51.25835008407185,411.2583500840718,411,direct,retrograde,2521179.1458680304
47.27729352166987,47.27729352166987,47,retrograde,direct,2521330.512667844
55.410777599751846,415.41077759975184,415,direct,retrograde,2521548.6573159676
51.42110047859979,51.42110047859979,51,retrograde,direct,2521699.876758497
59.587005503276835,419.5870055032768,419,direct,retrograde,2521918.1793126194
55.58716722111319,55.58716722111319,55,retrograde,direct,2522069.2496116534
63.7867187059154,423.7867187059154,423,direct,retrograde,2522287.7186289188
59.777095080841086,59.777095080841086,59,retrograde,direct,2522438.660349817
68.01171907435798,428.011719074358,428,direct,retrograde,2522657.288013627
63.99129774703745,63.99129774703745,63,retrograde,direct,2522808.082971259
72.26237227025786,432.26237227025786,432,direct,retrograde,2523026.8734425716
68.23225046104147,68.23225046104147,68,retrograde,direct,2523177.5321035376
76.54096585882382,436.5409658588238,436,direct,retrograde,2523396.504459885
72.5009514244764,72.5009514244764,72,retrograde,direct,2523547.0020179637
80.84870399264857,440.84870399264855,440,direct,retrograde,2523766.1637314884
76.80031597521776,76.80031597521776,76,retrograde,direct,2523916.4985541515
85.1881784624638,445.1881784624638,445,direct,retrograde,2524135.857550308
81.13148480076686,81.13148480076686,81,retrograde,direct,2524286.0140000694
89.56037543557248,449.5603754355725,449,direct,retrograde,2524505.609336461
85.4969917140972,85.4969917140972,85,retrograde,direct,2524655.5822111797
93.96783117008162,453.96783117008164,453,direct,retrograde,2524875.3563601486
89.89761267469258,89.89761267469258,89,retrograde,direct,2525025.150517639
98.41054234637099,458.410542346371,458,direct,retrograde,2525245.193100539
94.33398216947496,94.33398216947496,94,retrograde,direct,2525394.8098454727
102.8884394072978,462.8884394072978,462,direct,retrograde,2525614.9769132463
98.80438603948582,98.80438603948582,98,retrograde,direct,2525764.4527218323
107.399535742201,467.399535742201,467,direct,retrograde,2525984.875833912
103.30816085008442,103.30816085008442,103,retrograde,direct,2526134.1955816224
111.94256085506088,471.9425608550609,471,direct,retrograde,2526354.6953250673
107.8428354232473,107.8428354232473,107,retrograde,direct,2526503.925339857
116.51521501218345,476.51521501218343,476,direct,retrograde,2526724.6227366766
112.4074729791812,112.4074729791812,112,retrograde,direct,2526873.736642749
121.11611805220376,481.1161180522038,481,direct,retrograde,2527094.4730586996
116.99975813736417,116.99975813736417,116,retrograde,direct,2527243.543113929
125.74284608912708,485.74284608912706,485,direct,retrograde,2527464.4219434652
121.61872360684923,121.61872360684923,121,retrograde,direct,2527613.4454066837
130.39430574030922,490.3943057403092,490,direct,retrograde,2527834.2932169857
126.26280775804173,126.26280775804173,126,retrograde,direct,2527983.3303930126
135.06867389289027,495.0686738928903,495,direct,retrograde,2528204.264236766
130.93063860373323,130.93063860373323,130,retrograde,direct,2528353.311323802
139.76434107925627,499.76434107925627,499,direct,retrograde,2528574.178184619
135.6213472353938,135.6213472353938,135,retrograde,direct,2528723.265130315
144.48088546834524,504.48088546834526,504,direct,retrograde,2528944.1974717863
140.33432686852296,140.33432686852296,140,retrograde,direct,2529093.3064389955
149.21702545853017,509.2170254585302,509,direct,retrograde,2529314.1628459515
145.06896897922854,145.06896897922854,145,retrograde,direct,2529463.289549349
153.97223750145977,513.9722375014597,513,direct,retrograde,2529684.239006196
149.8232348314204,149.8232348314204,149,retrograde,direct,2529833.364128288
158.74385917854087,518.7438591785409,518,direct,retrograde,2530054.2528061904
154.59524677767033,154.59524677767033,154,retrograde,direct,2530203.3860543612
163.52951472525746,523.5295147252575,523,direct,retrograde,2530424.335281533
159.38090340322415,159.38090340322415,159,retrograde,direct,2530573.5039671455
168.32468900336616,528.3246890033662,528,direct,retrograde,2530794.354556892
164.17680136086025,164.17680136086025,164,retrograde,direct,2530943.5949190864
173.12585270568772,533.1258527056877,533,direct,retrograde,2531164.400516916
168.9779800965391,168.9779800965391,168,retrograde,direct,2531313.752975883
177.9280586358794,537.9280586358794,537,direct,retrograde,2531534.4132382097
173.78105450124465,173.78105450124465,173,retrograde,direct,2531683.927673813
182.72825004178233,542.7282500417823,542,direct,retrograde,2531904.410389033
178.58178756302075,178.58178756302075,178,retrograde,direct,2532054.099950582
187.52193171986247,547.5219317198624,547,direct,retrograde,2532274.426061799
183.37672427253804,183.37672427253804,183,retrograde,direct,2532424.323738857
192.30574125310224,552.3057412531023,552,direct,retrograde,2532644.377308815
188.16187311544567,188.16187311544567,188,retrograde,direct,2532794.4833969595
197.07640025591817,557.0764002559182,557,direct,retrograde,2533014.384881476
192.93524747207994,192.93524747207994,192,retrograde,direct,2533164.7192565696
201.83188012912217,561.8318801291222,561,direct,retrograde,2533384.302905161
197.69454076612456,197.69454076612456,197,retrograde,direct,2533534.845807803
206.57040444210534,566.5704044421053,566,direct,retrograde,2533754.3028222723
202.4387506900627,202.4387506900627,202,retrograde,direct,2533905.033866388
211.29133123453332,571.2913312345333,571,direct,retrograde,2534124.2154912893
207.16697555075524,207.16697555075524,207,retrograde,direct,2534275.116571646
215.993739589726,575.993739589726,575,direct,retrograde,2534494.188995407
211.87807367754974,211.87807367754974,211,retrograde,direct,2534645.247823011
220.67667417329773,580.6766741732977,580,direct,retrograde,2534864.0925257625
216.57043450416404,216.57043450416404,216,retrograde,direct,2535015.30874316
225.3381617528688,585.3381617528688,585,direct,retrograde,2535234.020435457
221.24119392751842,221.24119392751842,221,retrograde,direct,2535385.4081475222
229.97545973947308,589.9754597394731,589,direct,retrograde,2535603.869457363
225.8880563285819,225.8880563285819,225,retrograde,direct,2535755.482406955
234.58688411170792,594.586884111708,594,direct,retrograde,2535973.7184633873
230.50814111688626,230.50814111688626,230,retrograde,direct,2536125.5508736707
239.1693355837708,599.1693355837708,599,direct,retrograde,2536343.5147746196
235.09936347912796,235.09936347912796,235,retrograde,direct,2536495.6136991084
243.72114159638383,603.7211415963839,603,direct,retrograde,2536713.282596103
239.6584697549686,239.6584697549686,239,retrograde,direct,2536865.616417691
248.23947401828974,608.2394740182897,608,direct,retrograde,2537083.014028157
244.18436212946116,244.18436212946116,244,retrograde,direct,2537235.6084328387
252.72337663165763,612.7233766316576,612,direct,retrograde,2537452.7261642786
248.67455968354022,248.67455968354022,248,retrograde,direct,2537605.5250774454
257.1709044403668,617.1709044403668,617,direct,retrograde,2537822.403814978
253.12899760430238,253.12899760430238,253,retrograde,direct,2537975.4295884706
261.58266088756636,621.5826608875664,621,direct,retrograde,2538192.0624335464
257.54745626048316,257.54745626048316,257,retrograde,direct,2538345.249809433
265.9590018079179,625.959001807918,625,direct,retrograde,2538561.700112505
261.9321907329141,261.9321907329141,261,retrograde,direct,2538715.0824377984
270.3029680254146,630.3029680254147,630,direct,retrograde,2538931.3069076054
266.2850781288725,266.2850781288725,266,retrograde,direct,2539084.7973892447
274.61604154637376,634.6160415463737,634,direct,retrograde,2539300.9271294363
270.60816133270555,270.60816133270555,270,retrograde,direct,2539454.568360458
278.90065327891455,638.9006532789145,638,direct,retrograde,2539670.4792634677
274.9028220785514,274.9028220785514,274,retrograde,direct,2539824.1858726945
283.15804515803416,643.1580451580342,643,direct,retrograde,2540040.0776824104
279.17065630202626,279.17065630202626,279,retrograde,direct,2540193.8948862366
287.390106383544,647.390106383544,647,direct,retrograde,2540409.586401781
283.4123695074406,283.4123695074406,283,retrograde,direct,2540563.449440608
291.5968521650361,651.5968521650361,651,direct,retrograde,2540779.144459878
287.62837195161376,287.62837195161376,287,retrograde,direct,2540933.110514418
295.7795057234381,655.7795057234381,655,direct,retrograde,2541148.6239163894
291.8188747274856,291.8188747274856,291,retrograde,direct,2541302.60694497
299.9375025112084,659.9375025112083,659,direct,retrograde,2541518.114615191
295.9839384194958,295.9839384194958,295,retrograde,direct,2541672.2246791534
304.07152244158885,664.0715224415889,664,direct,retrograde,2541887.5538435047
300.12320817517104,300.12320817517104,300,retrograde,direct,2542041.6799470596
308.18055940608787,668.1805594060879,668,direct,retrograde,2542256.988496463
304.23638021202845,304.23638021202845,304,retrograde,direct,2542411.2190891933
312.26510226436886,672.2651022643688,672,direct,retrograde,2542626.355757192
308.3241475146786,308.3241475146786,308,retrograde,direct,2542780.6276132716
316.3263253854329,676.3263253854329,676,direct,retrograde,2542995.7540191896
312.38830553644385,312.38830553644385,312,retrograde,direct,2543150.07860751
320.36645230424597,680.366452304246,680,direct,retrograde,2543365.073944253
316.4315734138868,316.4315734138868,316,retrograde,direct,2543519.42183691
324.38793890639363,684.3879389063936,684,direct,retrograde,2543734.4635930173
320.45635178431905,320.45635178431905,320,retrograde,direct,2543888.8014222635
328.3940124082841,688.3940124082841,688,direct,retrograde,2544103.7531414106
324.4662230512609,324.4662230512609,324,retrograde,direct,2544258.075692307
332.3874519372244,692.3874519372243,692,direct,retrograde,2544473.1456844117
328.46343074867303,328.46343074867303,328,retrograde,direct,2544627.404777496
336.3711959485026,696.3711959485026,696,direct,retrograde,2544842.421906572
332.45084608799243,332.45084608799243,332,retrograde,direct,2544996.641017466
340.3474046026925,700.3474046026924,700,direct,retrograde,2545211.8192068813
336.43034397634807,336.43034397634807,336,retrograde,direct,2545365.9276273055
344.3185223155846,704.3185223155846,704,direct,retrograde,2545581.093902747
340.4041960457219,340.4041960457219,340,retrograde,direct,2545735.1436235122
348.2863448688663,708.2863448688663,708,direct,retrograde,2545950.483683151
344.37355657879806,344.37355657879806,344,retrograde,direct,2546104.4081615964
352.25203070586576,712.2520307058658,712,direct,retrograde,2546319.7696897667
348.33950102553814,348.33950102553814,348,retrograde,direct,2546473.6117662434
356.2158325790585,716.2158325790585,716,direct,retrograde,2546689.1423837347
352.3018541875675,352.3018541875675,352,retrograde,direct,2546842.8690856006
0.17840884315680036,360.1784088431568,360,direct,retrograde,2547058.418967882
356.2620168985539,356.2620168985539,356,retrograde,direct,2547212.0461942405
4.140591263685364,364.14059126368534,364,direct,retrograde,2547427.789527638
0.22034939686371985,0.22034939686371985,0,retrograde,direct,2547581.299543063
8.103646565510813,368.1036465655108,368,direct,retrograde,2547797.06517201
4.17940181326112,4.17940181326112,4,retrograde,direct,2547950.449390908
12.069870572880198,372.0698705728802,372,direct,retrograde,2548166.4511238737
8.141241039440667,8.141241039440667,8,retrograde,direct,2548319.691305194
16.04180285045462,376.04180285045464,376,direct,retrograde,2548535.754698798
12.109146724902468,12.109146724902468,12,retrograde,direct,2548688.8415590283
20.02234611554681,380.02234611554684,380,direct,retrograde,2548905.1553086685
16.085556582365616,16.085556582365616,16,retrograde,direct,2549058.0661129504
24.014141880229914,384.0141418802299,384,direct,retrograde,2549274.5111136837
20.073499673949193,20.073499673949193,20,retrograde,direct,2549427.243873777
28.01980193582072,388.01980193582074,388,direct,retrograde,2549643.9391705645
24.075210989305276,24.075210989305276,24,retrograde,direct,2549796.4576171665
32.04203547088082,392.0420354708808,392,direct,retrograde,2550013.3217867166
28.093759160333658,28.093759160333658,28,retrograde,direct,2550165.674300587
36.08335641355668,396.08335641355666,396,direct,retrograde,2550382.799739062
32.130241546592345,32.130241546592345,32,retrograde,direct,2550534.9188660486
40.14459631857786,400.14459631857784,400,direct,retrograde,2550752.205619108
36.18637851245692,36.18637851245692,36,retrograde,direct,2550904.1668877285
44.22722775461371,404.2272277546137,404,direct,retrograde,2551121.72206352
40.26199730628811,40.26199730628811,40,retrograde,direct,2551273.472243215
48.33066277857526,408.3306627785753,408,direct,retrograde,2551491.1479103677
44.35779041936886,44.35779041936886,44,retrograde,direct,2551642.7466235273
52.455443642128614,412.4554436421286,412,direct,retrograde,2551860.6934632473
48.473093010278504,48.473093010278504,48,retrograde,direct,2552012.1127327494
56.60137827370863,416.60137827370863,416,direct,retrograde,2552230.147762579
52.609425893555326,52.609425893555326,52,retrograde,direct,2552381.4219357595
60.769831835320225,420.76983183532025,420,direct,retrograde,2552599.7205735873
56.76753539335871,56.76753539335871,56,retrograde,direct,2552750.8274388285
64.96210357342332,424.9621035734233,424,direct,retrograde,2552969.22613563
60.9500000662687,60.9500000662687,60,retrograde,direct,2553120.189940254
69.18037238400201,429.180372384002,429,direct,retrograde,2553338.8296356443
65.15818373010295,65.15818373010295,65,retrograde,direct,2553489.62367641
73.42589432713586,433.4258943271359,433,direct,retrograde,2553708.409211267
69.39485246460406,69.39485246460406,69,retrograde,direct,2553859.055003361
77.70164679122438,437.7016467912244,437,direct,retrograde,2554078.044283326
73.66195382595248,73.66195382595248,73,retrograde,direct,2554228.525203566
82.0090781821192,442.0090781821192,442,direct,retrograde,2554447.701089192
77.96215996144791,77.96215996144791,77,retrograde,direct,2554598.0266343867
86.35074687338557,446.35074687338556,446,direct,retrograde,2554817.3952516783
82.29651271853265,82.29651271853265,82,retrograde,direct,2554967.5483973855
90.72749026051707,450.7274902605171,450,direct,retrograde,2555187.1339035463
86.66704869205738,86.66704869205738,86,retrograde,direct,2555337.1146416496
95.1405996775857,455.14059967758567,455,direct,retrograde,2555556.9012364754
91.07288888778749,91.07288888778749,91,retrograde,direct,2555706.7046864135
99.58864727709161,459.5886472770916,459,direct,retrograde,2555926.7133169873
95.51365199191845,95.51365199191845,95,retrograde,direct,2556076.34264745
104.070594596751,464.070594596751,464,direct,retrograde,2556296.538587492
99.98686669249905,99.98686669249905,99,retrograde,direct,2556446.0015581613
108.58379338506556,468.5837933850656,468,direct,retrograde,2556666.4023235254
104.49141689903641,104.49141689903641,104,retrograde,direct,2556815.73986343
113.12713306831543,473.1271330683154,473,direct,retrograde,2557036.2377340076
109.02532607182287,109.02532607182287,109,retrograde,direct,2557185.450139269
117.69845008965585,477.69845008965586,477,direct,retrograde,2557406.1480354574
113.58737141913335,113.58737141913335,113,retrograde,direct,2557555.2946397625
122.29619921667287,482.2961992166729,482,direct,retrograde,2557775.985958631
118.17600560713576,118.17600560713576,118,retrograde,direct,2557925.073570055
126.91919326459414,486.9191932645941,486,direct,retrograde,2558145.9334414443
122.79084568110622,122.79084568110622,122,retrograde,direct,2558295.0067154244
131.56640124615464,491.56640124615467,491,direct,retrograde,2558515.800142047
127.43080426176716,127.43080426176716,127,retrograde,direct,2558664.8572236877
136.23699978563334,496.2369997856333,496,direct,retrograde,2558885.7936059106
132.09572499124104,132.09572499124104,132,retrograde,direct,2559034.8597452184
140.93060381842474,500.93060381842474,500,direct,retrograde,2559255.7067777216
136.78545222488376,136.78545222488376,136,retrograde,direct,2559404.7666636603
145.6470446301315,505.6470446301315,505,direct,retrograde,2559625.7447279766
141.49979025475162,141.49979025475162,141,retrograde,direct,2559774.8278911337
150.38557674317846,510.3855767431785,510,direct,retrograde,2559995.715372365
146.2376288078707,146.2376288078707,146,retrograde,direct,2560144.8004857125
155.14472669279488,515.1447266927948,515,direct,retrograde,2560365.7776017375
150.996332772732,150.996332772732,150,retrograde,direct,2560514.901447516
159.9209182404487,519.9209182404487,519,direct,retrograde,2560735.80125444
155.77285428199949,155.77285428199949,155,retrograde,direct,2560884.9400367057
164.7112033669759,524.711203366976,524,direct,retrograde,2561105.870613562
160.56291142125244,160.56291142125244,160,retrograde,direct,2561255.0647890475
169.51058320144148,529.5105832014415,529,direct,retrograde,2561475.9272423023
165.36269413213432,165.36269413213432,165,retrograde,direct,2561625.157380988
174.3154503191764,534.3154503191764,534,direct,retrograde,2561845.9546205066
170.16712397323673,170.16712397323673,170,retrograde,direct,2561995.298976127
179.1209235010982,539.1209235010982,539,direct,retrograde,2562216.00267997
174.9733079120803,174.9733079120803,174,retrograde,direct,2562365.459383134
183.92373852427465,543.9237385242747,543,direct,retrograde,2562585.9768158607
179.7760881294051,179.7760881294051,179,retrograde,direct,2562735.642011731
188.71907314971043,548.7190731497104,548,direct,retrograde,2562955.9896375947
184.57270306429976,184.57270306429976,184,retrograde,direct,2563105.865200203
193.50434798496173,553.5043479849617,553,direct,retrograde,2563325.928262498
189.3593316483846,189.3593316483846,189,retrograde,direct,2563476.037169885
198.27623324425844,558.2762332442585,558,direct,retrograde,2563695.933655653
194.13466594840884,194.13466594840884,194,retrograde,direct,2563846.2690449636
203.03381725890173,563.0338172589018,563,direct,retrograde,2564065.8615400083
198.89695516308083,198.89695516308083,198,retrograde,direct,2564216.3870663485
207.7755316201785,567.7755316201785,567,direct,retrograde,2564435.876892549
203.64524048211703,203.64524048211703,203,retrograde,direct,2564586.584007293
212.50049756508344,572.5004975650834,572,direct,retrograde,2564805.7797787003
208.3780664984297,208.3780664984297,208,retrograde,direct,2564956.6448897235
217.2075625127903,577.2075625127903,577,direct,retrograde,2565175.790599795
