body,startCelestialTimeDegrees,endCelestialTimeDegrees,startOffsetSeconds,endOffsetSeconds,startJulianDay,endJulianDay,userFacingMotion
Jupiter,243.279213751,240.919351322,0,3504159,2475819.141790453345,2475859.699183113873,retrograde
NorthNode,278.959911663,278.862235763,0,497187,2475819.141790453345,2475824.896264470182,retrograde
Uranus,242.814427458,241.727687390,0,4603407,2475819.141790453345,2475872.421962297522,retrograde
Mercury,105.909190151,96.616568821,158626,2244978,2475820.977741323411,2475845.125330969691,retrograde
Pluto,0.027709392,357.912298273,1036178,15311178,2475831.134594469331,2475996.354493028484,retrograde
NorthNode,278.889912310,278.889906376,1098512,1129763,2475831.856048548594,2475832.217751200311,retrograde
NorthNode,278.910983941,278.822646961,1670286,2301844,2475838.473809695803,2475845.783504064195,retrograde
NorthNode,278.920572157,278.550466188,2853953,3666601,2475852.173656477593,2475861.579304371029,retrograde
NorthNode,278.618187948,278.070289231,4036540,4859096,2475865.861006995663,2475875.381326071918,retrograde
NorthNode,278.136125238,277.103665711,5205183,6195133,2475879.386966869235,2475890.844714888372,retrograde
NorthNode,277.121598034,275.937151085,6389126,7426734,2475893.090011671185,2475905.099361352623,retrograde
NorthNode,275.941435574,274.427638652,7549291,8717336,2475906.517839156091,2475920.036878388375,retrograde
Venus,206.780421864,190.984099445,8243204,11870124,2475914.549240158871,2475956.527489511296,retrograde
NorthNode,274.427646283,272.951219584,8730994,9888444,2475920.194962858222,2475933.591376071796,retrograde
Neptune,94.294774037,91.478256595,9628057,23145456,2475930.577634642832,2476087.029015575536,retrograde
NorthNode,272.954815661,271.660522114,10003033,11061879,2475934.917632825673,2475947.172796173021,retrograde
Mercury,222.730877204,206.951802869,10335443,12122618,2475938.764975868165,2475959.449871875346,retrograde
NorthNode,271.678204817,270.616314999,11251590,12232911,2475949.368522777222,2475960.726408250630,retrograde
NorthNode,270.687003945,270.080682739,12580537,13413069,2475964.749852661975,2475974.385644122027,retrograde
NorthNode,270.155011853,269.784848222,13786892,14585575,2475978.712304295041,2475987.956320819445,retrograde
NorthNode,269.889401582,269.812718564,15154107,15780124,2475994.536542460322,2476001.782109478489,retrograde
Saturn,160.961067417,154.078694715,16122782,27839924,2476005.748066313565,2476141.363128811121,retrograde
NorthNode,269.821585573,269.820037151,16138165,16331135,2476005.926107664593,2476008.159561739303,retrograde
NorthNode,269.872157080,269.655487975,16943396,17718383,2476015.245912008919,2476024.215670998208,retrograde
NorthNode,269.738453402,269.364427347,18156602,18888240,2476029.287649314851,2476037.755677570589,retrograde
NorthNode,269.459451468,268.484483515,19294635,20271507,2476042.459328014404,2476053.765717368573,retrograde
Mercury,327.553434646,312.098189279,19718978,21567054,2476047.370705053210,2476068.760472953320,retrograde
NorthNode,268.519328537,267.519456101,20518316,21455723,2476056.622299632058,2476067.471912461333,retrograde
NorthNode,267.533463175,265.872021063,21637141,22812497,2476069.571664919145,2476083.175321866758,retrograde
NorthNode,265.872373178,264.504716087,22861455,23974763,2476083.741967537440,2476096.627471646294,retrograde
Uranus,250.265894259,246.222893126,23362966,36562614,2476089.546492244117,2476242.320194584318,retrograde
NorthNode,264.505175171,262.947441786,24031427,25194348,2476097.283311853185,2476110.743043962866,retrograde
NorthNode,262.956751219,261.894173394,25345700,26320291,2476112.494803982787,2476123.774786608294,retrograde
NorthNode,261.938363614,261.112234641,26606757,27538095,2476127.090365286916,2476137.869738077745,retrograde
Jupiter,282.769751922,272.933149306,27304534,37861667,2476135.166484542191,2476257.355523817241,retrograde
NorthNode,261.173010789,260.716606151,27871684,28674914,2476141.730730029754,2476151.027374851517,retrograde
NorthNode,260.823909129,260.629140594,29177981,29897516,2476156.849898796529,2476165.177849704400,retrograde
Mercury,85.870343145,77.274594174,30030783,32102670,2476166.720301784575,2476190.700474031270,retrograde
NorthNode,260.678362400,260.649415188,30396483,30987527,2476170.952938099392,2476177.793718016706,retrograde
NorthNode,260.649463522,260.601441943,31048804,31740786,2476178.502948895097,2476186.511998143978,retrograde
NorthNode,260.664337236,260.491722264,32268338,32924829,2476192.617927100509,2476200.216203401797,retrograde
Pluto,1.160273381,359.050938727,32698864,46964368,2476197.600859948434,2476362.710864203982,retrograde
NorthNode,260.583689986,259.986750850,33388780,34295206,2476205.586006537080,2476216.077046235092,retrograde
NorthNode,260.048598658,259.418889229,34634531,35462155,2476220.004418819211,2476229.583395130932,retrograde
NorthNode,259.457582389,258.074776931,35733915,36840901,2476232.728766934015,2476245.541112815030,retrograde
NorthNode,258.082807513,256.976202011,36987812,38011261,2476247.241468173452,2476259.086935757659,retrograde
Mars,16.101753777,4.269468986,37961678,43414313,2476258.513063914143,2476321.622260636650,retrograde
NorthNode,256.976780005,255.178691418,38072427,39325347,2476259.794885586947,2476274.296274825931,retrograde
NorthNode,255.179163958,254.019144014,39380598,40412269,2476274.935751976445,2476286.876388431527,retrograde
Mercury,206.539771166,191.181966638,40417841,42267277,2476286.940881885588,2476308.346380196512,retrograde
NorthNode,254.029366219,252.664882481,40575198,41661846,2476288.762133243494,2476301.339081528597,retrograde
Neptune,96.526264997,93.709899354,41373488,54892745,2476298.001600042917,2476454.474489367567,retrograde
NorthNode,252.699926561,251.992089856,41913404,42764978,2476304.250628321432,2476314.106815752573,retrograde
NorthNode,252.076128566,251.532548236,43149543,44009769,2476318.557802630588,2476328.514118717052,retrograde
NorthNode,251.615706390,251.432715313,44444348,45127425,2476333.543963232078,2476341.449948601425,retrograde
NorthNode,251.501429472,251.489094896,45731133,46133204,2476348.437310373411,2476353.090916261077,retrograde
NorthNode,251.492322963,251.435551854,46376043,46976645,2476355.901543904096,2476362.852962871082,retrograde
NorthNode,251.511044040,251.152676091,47490568,48311776,2476368.801139926538,2476378.305864349008,retrograde
NorthNode,251.249300535,250.737587649,48742189,49515296,2476383.287492533214,2476392.235493079759,retrograde
Saturn,174.121608093,167.271497089,48797839,60576790,2476383.931588806212,2476520.262042388320,retrograde
NorthNode,250.801047190,249.566670068,49840533,50886750,2476395.999809546396,2476408.108806169592,retrograde
Mercury,311.397450981,295.443127312,49857419,51645892,2476396.195251740515,2476416.895164996386,retrograde
NorthNode,249.590201662,248.513413650,51101194,52062288,2476410.590800818987,2476421.714567627758,retrograde
NorthNode,248.517622471,246.610326301,52177961,53439934,2476423.053375287913,2476437.659548853524,retrograde
NorthNode,246.610333584,245.389546748,53453642,54514401,2476437.818202333525,2476450.095504509285,retrograde
NorthNode,245.392645887,243.777322056,54619323,55778754,2476451.309877472930,2476464.729219066910,retrograde
Uranus,254.719761195,250.684766805,55306122,68522647,2476459.258948541246,2476612.227980163880,retrograde
NorthNode,243.801807799,243.017547151,55998696,56865274,2476467.274849763140,2476477.304679316469,retrograde
NorthNode,243.074816685,242.326104758,57182661,58121885,2476480.978142692707,2476491.848798198625,retrograde
NorthNode,242.410013074,242.153510904,58533625,59229054,2476496.614296491258,2476504.663244803436,retrograde
Venus,68.870928817,52.388551012,58908445,62611743,2476500.952496567741,2476543.814736643806,retrograde
NorthNode,242.239222255,242.132790505,59750430,60476515,2476510.697689440101,2476519.101450488903,retrograde
Mercury,65.988731440,57.229384432,59886008,61946098,2476512.266879826784,2476536.110517747700,retrograde
NorthNode,242.144367009,242.143568359,60895455,61057278,2476523.950300773606,2476525.823248216882,retrograde
NorthNode,242.174081418,242.031155057,61596723,62318744,2476532.066825125366,2476540.423549561761,retrograde
Jupiter,316.760048215,306.916915877,61956962,72363787,2476536.236252740026,2476656.685619555414,retrograde
NorthNode,242.128290724,241.808344309,62840892,63580242,2476546.466933797114,2476555.024222166277,retrograde
NorthNode,241.878901834,241.126527565,63953610,64886264,2476559.345610975288,2476570.140214988030,retrograde
Pluto,2.286287198,0.182847898,64357958,78619533,2476564.025568342768,2476729.090086086653,retrograde
NorthNode,241.179638612,240.351937685,65200402,66103514,2476573.776075834408,2476584.228753767908,retrograde
NorthNode,240.369059828,238.860914952,66297284,67449710,2476586.471462154761,2476599.809729314409,retrograde
NorthNode,238.863334223,237.683888494,67549582,68627368,2476600.965661825612,2476613.440034820698,retrograde
NorthNode,237.683893419,235.922175401,68639466,69887967,2476613.580056305043,2476628.030301539227,retrograde
NorthNode,235.926400590,234.913531171,70007937,70974154,2476629.418836980127,2476640.601908769459,retrograde
Mercury,189.999567265,175.259809546,70480151,72399093,2476634.884276367724,2476657.094261266291,retrograde
NorthNode,234.933048163,233.726750005,71176060,72227003,2476642.938785480335,2476655.102477298118,retrograde
NorthNode,233.789249045,233.289998044,72557789,73332214,2476658.931010474451,2476667.894267229363,retrograde
Neptune,98.755965334,95.940497025,73125004,86644766,2476665.496005094610,2476821.974727273919,retrograde
NorthNode,233.372070562,232.967806370,73731133,74574966,2476672.511381802149,2476682.277971333824,retrograde
NorthNode,233.055022758,232.982776648,75100637,75701692,2476688.362124645151,2476695.318786692806,retrograde
NorthNode,232.995426211,232.994132594,76114267,76297601,2476700.093957726844,2476702.215881520882,retrograde
NorthNode,233.049553248,232.878051341,76933343,77636882,2476709.573998369277,2476717.716811475344,retrograde
NorthNode,232.956555107,232.507428448,78071992,78879431,2476722.752803185023,2476732.098170559853,retrograde
NorthNode,232.605452406,231.828407224,79291987,80171515,2476736.873116871342,2476747.052840650082,retrograde
Mercury,295.413214445,279.194953764,80003243,81745231,2476745.105251736939,2476765.267152063549,retrograde
NorthNode,231.865985285,230.599597290,80425181,81464546,2476749.988793971948,2476762.018479266204,retrograde
Saturn,186.965771504,180.151063011,81441356,93294367,2476761.750082641840,2476898.937708273530,retrograde
NorthNode,230.613009937,229.272007506,81642583,82706436,2476764.079095195979,2476776.392209647223,retrograde
NorthNode,229.272531227,227.501657419,82762001,83982244,2476777.035323916934,2476791.158503223211,retrograde
NorthNode,227.502360027,226.238454873,84047040,85097078,2476791.908460844308,2476804.061679589562,retrograde
NorthNode,226.247608610,224.888344646,85246153,86321960,2476805.787083071657,2476818.238547588699,retrograde
NorthNode,224.937507110,224.276643260,86617308,87449304,2476821.656931517646,2476831.286515678279,retrograde
Uranus,259.139544931,255.111133437,87244700,100475625,2476828.918413803913,2476982.054121014662,retrograde
NorthNode,224.341707818,223.795995075,87790117,88669171,2476835.231107007712,2476845.405340209603,retrograde
NorthNode,223.899963910,223.754630455,89172892,89817296,2476851.235447629355,2476858.693830832839,retrograde
Mercury,46.734614480,36.989299731,89767863,91822697,2476858.121684662998,2476881.904485628009,retrograde
NorthNode,223.803193411,223.786492021,90341091,90804789,2476864.756266067736,2476870.123143234290,retrograde
NorthNode,223.788673883,223.719544778,91025419,91712865,2476872.676728337072,2476880.633279871196,retrograde
NorthNode,223.779209196,223.554150638,92189743,92896439,2476886.152702676132,2476894.332060962915,retrograde
NorthNode,223.660330211,223.093472729,93379669,94243170,2476899.924994254485,2476909.919218793511,retrograde
NorthNode,223.145119148,222.351034814,94551325,95459741,2476913.485826583579,2476923.999899130315,retrograde
NorthNode,222.387711338,221.213792423,95729704,96766850,2476927.124472149648,2476939.128474939615,retrograde
Pluto,3.405562896,1.307657732,96016968,110268712,2476930.449292645790,2477095.400030300952,retrograde
Jupiter,352.683678806,342.797282784,96771297,107025492,2476939.179950878024,2477057.862758882344,retrograde
NorthNode,221.219633057,219.847478482,96896776,98027317,2476940.632252248004,2476953.717214730568,retrograde
NorthNode,219.847702263,218.439149088,98072913,99231255,2476954.244955131784,2476967.651689282618,retrograde
NorthNode,218.439732633,217.023695113,99290192,100412601,2476968.333822952583,2476981.324667559937,retrograde
Mercury,172.938667756,159.069807887,100520330,102507342,2476982.571531727910,2477005.569361902773,retrograde
NorthNode,217.037409035,216.023345589,100597729,101572322,2476983.467354810797,2476994.747365521267,retrograde
NorthNode,216.055286568,215.193482442,101815966,102758406,2476997.567327267490,2477008.475190049037,retrograde
NorthNode,215.284223282,214.885178381,103164942,103929899,2477013.180468014441,2477022.034135008231,retrograde
NorthNode,214.960668721,214.735914143,104350370,105111437,2477026.900705855340,2477035.709344221279,retrograde
Neptune,100.985568952,98.171452929,104876383,118390187,2477032.988813607953,2477189.398589045741,retrograde
Mars,78.068147719,61.121975893,105720682,112035005,2477042.760794297792,2477115.843233154155,retrograde
NorthNode,214.802787301,214.793804168,105727814,106098109,2477042.843342395499,2477047.129164278507,retrograde
NorthNode,214.795648265,214.747217495,106302994,106895801,2477049.500515535474,2477056.361707760952,retrograde
NorthNode,214.837230232,214.489864938,107467422,108280652,2477062.977691765875,2477072.390075147152,retrograde
NorthNode,214.568374594,214.061936906,108673846,109457349,2477076.940935418941,2477086.009260971099,retrograde
Venus,281.554512556,266.246428599,109374390,112907622,2477085.049076581374,2477125.942976018414,retrograde
NorthNode,214.139350208,212.989076174,109817726,110827630,2477090.180283985101,2477101.868985555135,retrograde
Mercury,279.534950578,263.226486273,110148149,111862153,2477094.004621557891,2477113.842635653913,retrograde
NorthNode,213.010706188,211.839410714,111030760,112032038,2477104.220030700788,2477115.808898823336,retrograde
NorthNode,211.844563325,210.110949295,112159363,113363525,2477117.282562839799,2477131.219627637416,retrograde
NorthNode,210.110951855,208.676595811,113372884,114497967,2477131.327951086685,2477144.349745900370,retrograde
Saturn,199.498219164,192.720272177,114060995,125987839,2477139.292190507054,2477277.334369428456,retrograde
NorthNode,208.680639098,207.259861838,114615497,115703119,2477145.710040578619,2477158.298260375857,retrograde
NorthNode,207.280292677,206.311486735,115902477,116844851,2477160.605647346936,2477171.512751677074,retrograde
NorthNode,206.384439107,205.764346496,117198166,118052498,2477175.602047110908,2477185.490152160637,retrograde
NorthNode,205.838772215,205.522390160,118434528,119200813,2477189.911792482249,2477198.780834654346,retrograde
Uranus,263.523461943,259.501905907,119183506,132430508,2477198.580518686213,2477351.902294768952,retrograde
Mercury,28.312847215,17.110152607,119710013,121750447,2477204.674345843494,2477228.290483109653,retrograde
NorthNode,205.620890452,205.548142826,119773302,120418121,2477205.406858173199,2477212.870048354380,retrograde
NorthNode,205.554754675,205.552916075,120751399,120963971,2477216.727424510755,2477219.187748037279,retrograde
NorthNode,205.598215393,205.403642903,121558868,122334726,2477226.073128974065,2477235.052965763025,retrograde
NorthNode,205.484359447,205.166041072,122789747,123504960,2477240.319413675927,2477248.597343840636,retrograde
NorthNode,205.251786101,204.387208534,123910348,124884622,2477253.289342250675,2477264.565656739287,retrograde
NorthNode,204.425688665,203.595028706,125152296,126050808,2477267.663736405782,2477278.063175755553,retrograde
NorthNode,203.612823714,202.062717096,126252852,127422917,2477280.401650997810,2477293.944068172947,retrograde
NorthNode,202.063918192,200.865742190,127499156,128589911,2477294.826469752938,2477307.450945816003,retrograde
Pluto,4.518097037,2.425193943,127669723,141923128,2477296.800622544251,2477461.770587931387,retrograde
NorthNode,200.865755354,199.228679863,128607387,129834704,2477307.653219203465,2477321.858274309896,retrograde
NorthNode,199.233065349,198.185107526,129953225,130935285,2477323.230039997026,2477334.596476708539,retrograde
Mercury,155.209822717,142.486501298,130533874,132578760,2477329.950511991978,2477353.618180692196,retrograde
NorthNode,198.211607067,197.182788714,131170291,132174443,2477337.316453507170,2477348.938589276746,retrograde
Jupiter,29.619210027,19.655653517,131605811,141765339,2477342.357191123068,2477459.944324232638,retrograde
NorthNode,197.233957482,196.696703153,132478312,133290338,2477352.455589971505,2477361.854037380777,retrograde
NorthNode,196.796911615,196.474814201,133741006,134528352,2477367.070098333992,2477376.182901510037,retrograde
NorthNode,196.543129890,196.459312191,135003724,135651834,2477381.684891893528,2477389.186165609397,retrograde
NorthNode,196.471982040,196.468942438,136063566,136312047,2477393.951580382884,2477396.827516398393,retrograde
Neptune,103.215532627,100.403189009,136628049,150147207,2477400.484952717088,2477556.956688859500,retrograde
NorthNode,196.516134357,196.386753948,136895187,137532337,2477403.576829019934,2477410.951248573139,retrograde
NorthNode,196.477284334,195.947743990,138010189,138887072,2477416.481936601922,2477426.631051340140,retrograde
NorthNode,196.027533892,195.405886278,139263392,140072593,2477430.986609559506,2477440.352361616679,retrograde
Mercury,263.716731463,247.438465795,140285979,141993273,2477442.822107680142,2477462.582450032234,retrograde
NorthNode,195.452852693,194.001479513,140356628,141454704,2477443.639804184437,2477456.349012582563,retrograde
NorthNode,194.013090159,192.853418502,141619270,142625593,2477458.253711945377,2477469.900969506241,retrograde
NorthNode,192.854267782,190.869471930,142692867,143958003,2477470.679601294920,2477485.322379031219,retrograde
NorthNode,190.869962627,189.682262484,144013366,145031968,2477485.963158753701,2477497.752530493774,retrograde
NorthNode,189.692746884,188.223207841,145191977,146293483,2477499.604491088539,2477512.353395871818,retrograde
NorthNode,188.264184966,187.595583274,146559783,147386716,2477515.435579873621,2477525.006555650383,retrograde
Saturn,211.738619512,204.997718613,146658907,158656239,2477516.582842968404,2477655.440857693553,retrograde
NorthNode,187.678262348,187.131710307,147766846,148640383,2477529.406212838367,2477539.516598897986,retrograde
NorthNode,187.218438089,187.065947727,149095913,149752718,2477544.788935340941,2477552.390841978602,retrograde
Mercury,10.661409554,357.931225880,149720102,151723728,2477552.013339743018,2477575.203457631171,retrograde
NorthNode,187.123446044,187.116144626,150346349,150684499,2477559.261567657813,2477563.175344250165,retrograde
NorthNode,187.122471810,187.056485800,151000758,151623607,2477566.835752744228,2477574.044653680176,retrograde
Uranus,267.872684415,263.857936669,151116056,164375578,2477568.170215920545,2477721.636907360516,retrograde
NorthNode,187.125272155,186.802899589,152116965,152919314,2477579.754816439003,2477589.041254918091,retrograde
NorthNode,186.899604217,186.410801105,153365296,154150265,2477594.203081162646,2477603.288380365819,retrograde
NorthNode,186.467274739,185.408308848,154469090,155487797,2477606.978477169760,2477618.769066836685,retrograde
NorthNode,185.435265480,184.447352280,155722593,156679483,2477621.486622564495,2477632.561730494723,retrograde
NorthNode,184.452814742,182.761102241,156808326,158045887,2477634.052976720035,2477648.376597148366,retrograde
NorthNode,182.761129836,181.597854972,158068037,159144606,2477648.632959580049,2477661.093244552612,retrograde
NorthNode,181.598808756,179.996290720,159215734,160404731,2477661.916492123157,2477675.678026284091,retrograde
Pluto,5.623099667,3.534640331,159313452,173587737,2477663.047486706637,2477828.259118883871,retrograde
Venus,135.636290870,119.167072062,159610757,163333962,2477666.488511918113,2477709.581164846197,retrograde
Mercury,136.690613247,125.333069391,160514398,162597682,2477676.947317756712,2477701.059407509863,retrograde
NorthNode,180.011676961,179.179673525,160594836,161492148,2477677.878323885612,2477688.263876957819,retrograde
NorthNode,179.218090495,178.323047278,161760955,162746244,2477691.375064769760,2477702.778869153932,retrograde
NorthNode,178.401786463,178.067842815,163133250,163854337,2477707.258114058524,2477715.604021820240,retrograde
NorthNode,178.154052238,177.945009331,164317465,165098117,2477720.964302178472,2477729.999626104720,retrograde
NorthNode,177.993267594,177.987388950,165666731,165989507,2477736.580812064931,2477740.316636558622,retrograde
NorthNode,177.989931858,177.924754694,166223567,166883786,2477743.025667326525,2477750.667085641064,retrograde
Jupiter,66.084971199,56.045316695,166319920,176491177,2477744.140869304538,2477861.863747999072,retrograde
NorthNode,178.017480706,177.744420960,167457891,168192434,2477757.311827677302,2477765.813481207937,retrograde
Neptune,105.446437172,102.635345306,168384869,181898628,2477768.040736946277,2477924.449988217093,retrograde
NorthNode,177.821328256,177.188920510,168587220,169461028,2477770.382763504051,2477780.496275769547,retrograde
NorthNode,177.262532234,176.389767934,169816936,170723156,2477784.615581287071,2477795.104249840602,retrograde
Mercury,247.904418241,231.745826782,170412276,172134729,2477791.506096653640,2477811.441894128919,retrograde
NorthNode,176.413340765,174.931244154,170934814,172042227,2477797.553987814113,2477810.371263844892,retrograde
NorthNode,174.936021879,173.600100666,172166140,173258347,2477811.805447861552,2477824.446737400256,retrograde
Mars,120.589752741,101.599251780,172231356,179011081,2477812.560264742933,2477891.029301914386,retrograde
NorthNode,173.600106139,171.758476541,173270476,174504747,2477824.587118604220,2477838.872655258514,retrograde
NorthNode,171.762481969,170.629204681,174620792,175608093,2477840.215770411305,2477851.642861442640,retrograde
NorthNode,170.648928207,169.406426353,175804941,176844298,2477853.921197606251,2477865.950792789459,retrograde
NorthNode,169.477420933,168.963718632,177188815,177966101,2477869.938262959942,2477878.934622496367,retrograde
NorthNode,169.044579333,168.658036865,178359425,179193143,2477883.486986801960,2477893.136499846354,retrograde
Saturn,223.718794020,217.013406134,179239403,191305320,2477893.671921156347,2478033.323737777770,retrograde
NorthNode,168.748150923,168.688777343,179743411,180338166,2477899.505340499803,2477906.389079399407,retrograde
Mercury,353.626499274,339.576467164,179786534,181734355,2477900.004447594285,2477922.548682063818,retrograde
NorthNode,168.694480776,168.690473573,180645187,180919548,2477909.942569249310,2477913.118042255752,retrograde
NorthNode,168.752042987,168.557390604,181549387,182282605,2477920.407837971114,2477928.894157920964,retrograde
NorthNode,168.632245942,168.225149418,182708574,183490582,2477933.824360683560,2477942.875381970778,retrograde
Uranus,272.187959907,268.181009150,183052334,196324877,2477937.803063592874,2478091.420459351502,retrograde
NorthNode,168.319010472,167.533514449,183904955,184813175,2477947.671364556067,2477958.183168883435,retrograde
NorthNode,167.567915741,166.496877068,185064251,186062498,2477961.089145087637,2477972.642927769572,retrograde
NorthNode,166.511814311,165.199578099,186253224,187337894,2477974.850396472029,2477987.404455946758,retrograde
NorthNode,165.200396649,163.688699065,187403866,188593842,2477988.168013792485,2478001.940891368315,retrograde
NorthNode,163.688849229,162.398227133,188633678,189739044,2478002.401954700239,2478015.195541199297,retrograde
NorthNode,162.403220451,161.129956456,189862079,190935451,2478016.619552460499,2478029.042846604250,retrograde
Mercury,117.383330830,107.414115345,190456129,192549214,2478023.495138503611,2478047.720654293895,retrograde
Pluto,6.720099479,4.635804089,190968766,205243345,2478029.428430520929,2478194.643463655375,retrograde
NorthNode,161.164450855,160.403763616,191198538,192086181,2478032.087826871313,2478042.361474802718,retrograde
NorthNode,160.453861305,159.832092388,192389634,193283130,2478045.873666478321,2478056.215048561804,retrograde
NorthNode,159.935295885,159.710047605,193755958,194449574,2478061.687603989616,2478069.715564274229,retrograde
NorthNode,159.773185822,159.689091870,194925631,195637025,2478075.225484148599,2478083.459205936641,retrograde
NorthNode,159.693569389,159.683898460,195922659,196302877,2478086.765157178044,2478091.165832109749,retrograde
NorthNode,159.725842346,159.588928042,196821915,197471927,2478097.173217547126,2478104.696495606564,retrograde
NorthNode,159.695722974,159.200438418,197992239,198846510,2478110.718626547605,2478120.606027839705,retrograde
NorthNode,159.265214880,158.597299238,199189247,200034046,2478124.572891131043,2478134.350658701733,retrograde
Neptune,107.677568085,104.867756221,200134418,213652407,2478135.512363589369,2478291.970570390113,retrograde
NorthNode,158.650695616,157.398961020,200341585,201383824,2478137.910135945305,2478149.973084952682,retrograde
Mercury,232.020437418,216.069295846,200523784,202282026,2478140.018925353885,2478160.368943810463,retrograde
Jupiter,100.867853988,90.798526246,200837417,211098096,2478143.648927979171,2478262.406786575913,retrograde
NorthNode,157.409432190,156.087130930,201539995,202609485,2478151.780621959828,2478164.158973952755,retrograde
NorthNode,156.088138702,154.431754042,202683090,203874594,2478165.010885188356,2478178.801439391449,retrograde
NorthNode,154.432026573,152.982144758,203919128,205022523,2478179.316886150278,2478192.087658899836,retrograde
NorthNode,152.994065981,151.783455468,205193901,206212192,2478194.071202655323,2478205.856971394271,retrograde
NorthNode,151.816970136,150.948244881,206453686,207370285,2478208.652046813630,2478219.260828120634,retrograde
NorthNode,151.044969945,150.599201573,207777716,208567562,2478223.976462661289,2478233.118206884712,retrograde
NorthNode,150.677506441,150.471487662,208991316,209726235,2478238.022765756585,2478246.528769179247,retrograde
Mercury,337.027140965,321.984837683,209891878,211775803,2478248.445928290486,2478270.250622719526,retrograde
NorthNode,150.535424885,150.531058059,210354461,210634437,2478253.799905684777,2478257.040361386724,retrograde
Venus,356.851158334,340.775561447,210394719,214001483,2478254.265851834789,2478296.010804289952,retrograde
NorthNode,150.536796565,150.477180438,210939152,211533219,2478260.567165050656,2478267.442932728678,retrograde
Saturn,235.477944109,228.804895862,211813624,223926998,2478270.688363112509,2478410.889450110495,retrograde
NorthNode,150.566494571,150.189257061,212082792,212915145,2478273.803736982867,2478283.437453651801,retrograde
NorthNode,150.268517132,149.780899330,213310333,214083909,2478288.011390846223,2478296.964812608436,retrograde
NorthNode,149.850182104,148.696492897,214431546,215463631,2478300.988389127888,2478312.933819019236,retrograde
Uranus,276.471917690,272.473419544,214979543,228261525,2478307.330949162133,2478461.057589924894,retrograde
NorthNode,148.717087435,147.682347478,215668129,216641978,2478315.300696625374,2478326.572087347507,retrograde
NorthNode,147.687563943,145.992865049,216771938,217997672,2478328.076258582994,2478342.262996366248,retrograde
NorthNode,145.992871427,144.749106970,218010748,219110963,2478342.414335730486,2478355.148304315284,retrograde
NorthNode,144.751204274,143.295674040,219206813,220343986,2478356.257681330666,2478369.419408204965,retrograde
Mercury,97.488796872,88.582562383,220354125,222432822,2478369.536750428379,2478393.595748864114,retrograde
NorthNode,143.310447248,142.413796799,220526296,221458667,2478371.529473799281,2478382.320801815949,retrograde
NorthNode,142.467277581,141.736971633,221774430,222688909,2478385.975471824408,2478396.559723816812,retrograde
Pluto,7.809001263,5.728834406,222624254,236895933,2478395.811397531070,2478560.992864216678,retrograde
NorthNode,141.803074036,141.444637335,223047950,223815641,2478400.715287437662,2478409.600594656542,retrograde
NorthNode,141.546667270,141.400786936,224342432,225048464,2478415.697711037472,2478423.869378530420,retrograde
NorthNode,141.435314482,141.431928811,225572758,225837064,2478429.937596083619,2478432.996696672402,retrograde
NorthNode,141.438750067,141.342198177,226176507,226906935,2478436.925440270454,2478445.379467470571,retrograde
NorthNode,141.419933298,141.187348442,227417664,228098471,2478451.290682485327,2478459.170388237573,retrograde
NorthNode,141.277232438,140.548530570,228530326,229468432,2478464.168711719103,2478475.026421791874,retrograde
NorthNode,140.604565675,139.854873485,229783001,230638827,2478478.667270337231,2478488.572653902695,retrograde
Mercury,215.980907866,200.356108653,230618181,232429680,2478488.333702281117,2478509.300121583045,retrograde
NorthNode,139.883227351,138.302051275,230873769,232023766,2478491.291896842420,2478504.602041678503,retrograde
Neptune,109.908131667,107.098861750,231892300,245406146,2478503.080447665416,2478659.490698543377,retrograde
NorthNode,138.305722221,137.089954328,232134087,233192699,2478505.878908776678,2478518.131358277053,retrograde
NorthNode,137.089972327,135.207800250,233211457,234470165,2478518.348466061987,2478532.916844761930,retrograde
NorthNode,135.210827676,134.089575297,234572618,235552402,2478534.102651991881,2478545.442739790305,retrograde
Jupiter,133.590777871,123.539682901,235153750,245552261,2478540.828716076910,2478661.181850329041,retrograde
NorthNode,134.111776949,132.877484730,235764066,236807272,2478547.892548838630,2478559.966702910140,retrograde
NorthNode,132.933661600,132.371846649,237113517,237909520,2478563.511204457842,2478572.724197068252,retrograde
Mars,155.468405772,135.964105084,238311463,245299602,2478577.376317619346,2478658.257558052428,retrograde
NorthNode,132.472861088,132.101140291,238344401,239158548,2478577.757547760382,2478587.180535908788,retrograde
NorthNode,132.176465321,132.100638772,239649042,240274455,2478592.857559546828,2478600.096127466299,retrograde
Mercury,320.737981260,305.034794436,240021530,241842998,2478597.168759956956,2478618.250560440123,retrograde
NorthNode,132.109476103,132.103770825,240623633,240926821,2478604.137542611919,2478607.646668886766,retrograde
NorthNode,132.161827565,132.007227274,241523908,242181216,2478614.557394378819,2478622.165123767219,retrograde
NorthNode,132.094601943,131.551956508,242636439,243507956,2478627.433911698870,2478637.520909098908,retrograde
NorthNode,131.634274363,130.980947342,243889452,244715916,2478641.936378897168,2478651.501925670542,retrograde
Saturn,247.060281231,240.414477337,244373574,256525707,2478647.539640955627,2478788.189324185252,retrograde
NorthNode,131.021187355,129.627969219,244983273,246078174,2478654.596339936368,2478667.268803185783,retrograde
NorthNode,129.639005086,128.522903331,246243882,247255117,2478669.186723347753,2478680.890825154260,retrograde
Uranus,280.726568965,276.737356206,246914094,260204184,2478676.943798963912,2478830.764289801009,retrograde
NorthNode,128.523637825,126.675402738,247319711,248583773,2478681.638443806209,2478696.268789498135,retrograde
NorthNode,126.675771245,125.573158943,248635769,249658332,2478696.870602009818,2478708.705820516683,retrograde
NorthNode,125.580540820,124.157496693,249802018,250921149,2478710.368855016306,2478723.321759264916,retrograde
Mercury,77.437084436,68.883399438,250214426,252278730,2478715.142094001174,2478739.034500889480,retrograde
NorthNode,124.191852591,123.542610467,251178247,252011668,2478726.297428503633,2478735.943500589579,retrograde
NorthNode,123.606418189,122.990711048,252355449,253265979,2478739.922450748272,2478750.460995269939,retrograde
NorthNode,123.076872072,122.888581712,253709592,254376867,2478755.595401585102,2478763.318487042561,retrograde
Pluto,8.890171107,6.814360666,254281449,268540282,2478762.214121450670,2478927.246909444220,retrograde
NorthNode,122.958781587,122.901990149,254916207,255617640,2478769.560852677561,2478777.679294779897,retrograde
NorthNode,122.902275931,122.883516175,255729295,256233036,2478778.971592102200,2478784.801933667623,retrograde
NorthNode,122.930033918,122.736376779,256744951,257482342,2478790.726869204082,2478799.261492811143,retrograde
NorthNode,122.839759703,122.434089749,257983365,258755619,2478805.060368392617,2478813.998487395234,retrograde
NorthNode,122.498748782,121.647110626,259102189,260053523,2478818.009714631364,2478829.020532092080,retrograde
NorthNode,121.691722570,120.719315374,260340766,261282218,2478832.345106028952,2478843.241540924646,retrograde
Venus,204.458456045,188.638546002,260491605,264124920,2478834.090927200392,2478876.143174385652,retrograde
Mercury,199.651685561,184.525727520,260692654,262570149,2478836.417881973088,2478858.148139372468,retrograde
NorthNode,120.730434158,119.108701315,261444690,262625079,2478845.121996188536,2478858.783913154155,retrograde
NorthNode,119.109328770,117.819373721,262687644,263778128,2478859.508037795313,2478872.129385823384,retrograde
Neptune,112.137243187,109.328143303,263640752,277156118,2478870.539379916154,2479026.967227081768,retrograde
NorthNode,117.819566756,116.070888561,263818469,265024869,2478872.596294213086,2478886.559260638431,retrograde
NorthNode,116.082530268,115.102690383,265193734,266122331,2478888.513714496046,2478899.261365481652,retrograde
NorthNode,115.135790806,114.094494700,266365268,267365515,2478902.073127966374,2478913.650066105649,retrograde
NorthNode,114.181764635,113.793502484,267753263,268484496,2478918.137891192921,2478926.601232711226,retrograde
NorthNode,113.881125110,113.636916646,268925725,269716156,2478931.708050695248,2478940.856554865837,retrograde
Jupiter,164.600054821,154.600471346,269337345,279869837,2478936.472176402807,2479058.376011051238,retrograde
Mercury,304.668509392,288.580832326,270163754,271931370,2478946.037086032331,2478966.495611727238,retrograde
NorthNode,113.694125314,113.688287944,270303088,270613254,2478947.649749713950,2478951.239635965787,retrograde
NorthNode,113.691682674,113.624674075,270860138,271497192,2478954.097094506025,2478961.470398480073,retrograde
NorthNode,113.725949966,113.403294118,272075182,272841746,2478968.160096456297,2478977.032370040193,retrograde
NorthNode,113.479783881,112.856255098,273225041,274076614,2478981.468649454415,2478991.324817542918,retrograde
NorthNode,112.929962233,111.963309894,274430883,275374598,2478995.425153156742,2479006.347782004625,retrograde
NorthNode,111.983565522,110.610257224,275574323,276656818,2479008.659418877214,2479021.188294271007,retrograde
NorthNode,110.614492113,109.236821173,276777588,277900735,2479022.586094275117,2479035.585486487485,retrograde
Saturn,258.514582263,251.889321336,276927674,289118183,2479024.323197998106,2479165.417057074606,retrograde
NorthNode,109.236827227,107.603198975,277913399,279116721,2479035.732051072642,2479049.659391992725,retrograde
Uranus,284.954686703,280.974952183,278837212,292134123,2479046.424338757060,2479200.323764956556,retrograde
NorthNode,107.606816520,106.477259743,279231844,280247434,2479050.991832418367,2479062.746349322610,retrograde
Mercury,57.787862204,48.697575272,280073773,282133928,2479060.736386947334,2479084.580766715109,retrograde
NorthNode,106.493759091,105.369187111,280435544,281458736,2479064.923548777588,2479076.766046423465,retrograde
NorthNode,105.431523312,104.895721763,281795112,282601764,2479080.659292988479,2479089.995544179343,retrograde
NorthNode,104.963916649,104.555883827,282969967,283807960,2479094.257153104059,2479103.956141730770,retrograde
NorthNode,104.652267302,104.558794384,284345884,284969402,2479110.182112648152,2479117.398753442802,retrograde
NorthNode,104.585428639,104.585184675,285513109,285621339,2479123.691663984209,2479124.944327631965,retrograde
Pluto,9.964597061,7.893293389,285927588,300193936,2479128.488876107149,2479293.608638350852,retrograde
NorthNode,104.607899117,104.487867192,286164088,286885222,2479131.226144878194,2479139.572599631734,retrograde
NorthNode,104.554765675,104.282978880,287342430,288062782,2479144.864365493879,2479153.201771808788,retrograde
NorthNode,104.384293803,103.703353378,288517292,289417059,2479158.462302135304,2479168.876267133281,retrograde
NorthNode,103.748669781,102.890604206,289703563,290625446,2479172.192283797078,2479182.862224933691,retrograde
Mercury,182.897392601,168.496279768,290744946,292693790,2479184.245334640145,2479206.801396995783,retrograde
NorthNode,102.918331528,101.577356150,290865017,291944832,2479185.635042054579,2479198.132897390053,retrograde
NorthNode,101.580478167,100.169238537,292048153,293195227,2479199.328747435473,2479212.605060746893,retrograde
NorthNode,100.169244891,98.652193027,293208924,294381561,2479212.763598056510,2479226.335785010830,retrograde
NorthNode,98.654480190,97.305907144,294473734,295546614,2479227.402602819726,2479239.820192572661,retrograde
Neptune,114.363868171,111.554630699,295391469,308909958,2479238.024533190764,2479394.488527462818,retrograde
NorthNode,97.331936830,96.354335466,295776889,296723612,2479242.485412627459,2479253.442857121117,retrograde
NorthNode,96.401170232,95.689092407,297005727,297895346,2479256.708076633513,2479267.004589503631,retrograde
NorthNode,95.800414241,95.500168987,298354174,299084081,2479272.315105704591,2479280.763099133037,retrograde
NorthNode,95.571320959,95.463669004,299545557,300250035,2479286.104257249273,2479294.257931745611,retrograde
Mercury,288.740616930,272.471116194,300309784,302038108,2479294.949473425746,2479314.953222110868,retrograde
NorthNode,95.474800167,95.469362677,300629058,300924077,2479298.644771635532,2479302.059342887253,retrograde
NorthNode,95.513795934,95.375712762,301458927,302095677,2479308.249741144478,2479315.619528862648,retrograde
NorthNode,95.484986150,94.928737083,302607014,303483665,2479321.537789782509,2479331.684207534418,retrograde
Jupiter,194.632898703,184.690608854,303473566,314106615,2479331.567319855094,2479454.635024234653,retrograde
NorthNode,94.997456392,94.324946017,303828083,304657178,2479335.670533517376,2479345.266537535936,retrograde
Mars,188.756074794,169.603476979,304425883,311405520,2479342.589506446384,2479423.372342674993,retrograde
NorthNode,94.375694930,93.000104811,304953960,306030865,2479348.701515220106,2479361.165692338720,retrograde
NorthNode,93.009315981,91.763198968,306180295,307227559,2479362.895199518651,2479375.016312889755,retrograde
NorthNode,91.763928533,90.037036475,307293545,308515473,2479375.780041824095,2479389.922724020667,retrograde
NorthNode,90.037466597,88.755213627,308568107,309633529,2479390.531912875362,2479402.863188368268,retrograde
Saturn,269.890954480,263.279189451,309484309,321694882,2479401.136113278568,2479542.462186627090,retrograde
NorthNode,88.766395634,87.538326693,309803353,310852942,2479404.828749474138,2479416.976765026338,retrograde
Mercury,38.888489629,28.556127265,309979239,312030308,2479406.864463724196,2479430.603690676391,retrograde
Uranus,289.157692934,285.187424947,310768289,324072553,2479415.996992117725,2479569.981526867487,retrograde
NorthNode,87.570040801,86.808892775,311095350,311983702,2479419.782419315539,2479430.064269402996,retrograde
Venus,66.677808642,50.204494983,311166855,314868655,2479420.610017320141,2479463.454922581092,retrograde
NorthNode,86.893142793,86.416192981,312376670,313204393,2479434.612509406172,2479444.192632344551,retrograde
NorthNode,86.489519708,86.280293235,313619722,314341174,2479448.999687452801,2479457.349824694917,retrograde
NorthNode,86.354910031,86.329182646,314943911,315514043,2479464.325941072777,2479470.924701057374,retrograde
NorthNode,86.329254876,86.302800953,315584292,316145163,2479471.737759726122,2479478.229322570376,retrograde
NorthNode,86.366252951,86.103054435,316699995,317502920,2479484.650986067951,2479493.944105150178,retrograde
Pluto,11.032856638,8.966337534,317566753,331852738,2479494.682916174643,2479660.029961816035,retrograde
NorthNode,86.185139822,85.814231144,317940259,318677004,2479499.005896735005,2479507.533041372895,retrograde
NorthNode,85.888836303,84.909768836,319049991,320053612,2479511.850016380660,2479523.466000139713,retrograde
NorthNode,84.941698670,84.055918741,320301263,321219734,2479526.332339640707,2479536.962785243988,retrograde
Mercury,165.571038095,152.161028942,320773221,322788285,2479531.794816240668,2479555.117310069501,retrograde
NorthNode,84.067484255,82.379991151,321390868,322596156,2479538.943501838483,2479552.893590317108,retrograde
NorthNode,82.380362275,81.168656276,322647269,323727682,2479553.485182098113,2479565.989958974533,retrograde
NorthNode,81.168964615,79.471751173,323777018,324981470,2479566.560981050134,2479580.501400029287,retrograde
NorthNode,79.481017297,78.500736031,325133924,326074234,2479582.265908975154,2479593.149132792838,retrograde
NorthNode,78.541030131,77.575989979,326345956,327321946,2479596.294063916430,2479607.590240550227,retrograde
Neptune,116.587778530,113.778257776,327135487,340657048,2479605.432151011191,2479761.931693195365,retrograde
NorthNode,77.643928690,77.214793937,327666439,328432977,2479611.577426657081,2479620.449397791177,retrograde
NorthNode,77.322811941,77.100687623,328924980,329677487,2479626.143874799833,2479634.853440965526,retrograde
NorthNode,77.151138483,77.136963925,330197637,330624474,2479640.873705483973,2479645.813947302289,retrograde
Mercury,272.904812474,256.595818862,330452619,332160825,2479643.824878223240,2479663.595785617828,retrograde
NorthNode,77.138229187,77.061175990,330800920,331507537,2479647.856143101119,2479656.034575466067,retrograde
NorthNode,77.147930276,76.899971502,332046140,332733323,2479662.268411418423,2479670.221916262992,retrograde
NorthNode,76.991115102,76.231158873,333155131,334086911,2479675.103949233890,2479685.888448311947,retrograde
NorthNode,76.294059768,75.485335878,334411276,335275293,2479689.642672490329,2479699.642865660600,retrograde
NorthNode,75.511544127,73.860423662,335498095,336656384,2479702.221594285220,2479715.627718012780,retrograde
NorthNode,73.863635069,72.635191214,336762132,337823019,2479716.851653832942,2479729.130438077264,retrograde
Jupiter,224.560401106,214.669408556,337642519,348317467,2479727.041320934892,2479850.593953765929,retrograde
NorthNode,72.635197795,70.753080651,337836277,339098666,2479729.283879811876,2479743.894874413498,retrograde
NorthNode,70.757032043,69.709988569,339212786,340175625,2479745.215703580528,2479756.359667254612,retrograde
Mercury,20.811618544,8.942543882,339951882,341977710,2479753.770056478679,2479777.217140994966,retrograde
NorthNode,69.731396899,68.533218104,340385496,341436630,2479758.788737480529,2479770.954636559822,retrograde
NorthNode,68.590258708,68.085593016,341753779,342533728,2479774.625344987027,2479783.652526483871,retrograde
Saturn,281.239973276,274.633531199,342046231,354261944,2479778.010209366679,2479919.395767994225,retrograde
Uranus,293.337463388,289.375941763,342689430,355996758,2479785.454637487419,2479939.474642169662,retrograde
NorthNode,68.172902751,67.793618426,342950185,343785888,2479788.472635109909,2479798.145127169788,retrograde
NorthNode,67.869759800,67.789443395,344283068,344899521,2479803.899516348727,2479811.034398846328,retrograde
NorthNode,67.809167627,67.808946516,345413604,345518192,2479816.984427134506,2479818.194941299967,retrograde
NorthNode,67.848840786,67.731775718,346147091,346804836,2479825.473862803541,2479833.086646099575,retrograde
NorthNode,67.804583158,67.412824498,347264448,348085914,2479838.406240166165,2479847.913940384984,retrograde
NorthNode,67.502867288,66.942249677,348508757,349326987,2479852.807961602695,2479862.278208439238,retrograde
Pluto,12.096146402,10.034749884,349219798,363504153,2479861.037602876313,2480026.365785882808,retrograde
NorthNode,66.987500094,65.855551742,349615308,350652020,2479865.615264089778,2479877.614241941832,retrograde
Mercury,147.518577816,135.358935595,350774429,352838665,2479879.031010083854,2479902.922636009753,retrograde
NorthNode,65.875725507,64.824348519,350863708,351852940,2479880.064339146949,2479891.513776149601,retrograde
NorthNode,64.827083311,63.089348440,351953776,353203847,2479892.680869272910,2479907.149274406955,retrograde
NorthNode,63.089354215,61.913795362,353216991,354289638,2479907.301406932063,2479919.716305701993,retrograde
NorthNode,61.916459894,60.340831660,354389164,355544234,2479920.868226587772,2479934.237092453055,retrograde
NorthNode,60.365610696,59.586039539,355769141,356638999,2479936.840184817091,2479946.907977802679,retrograde
NorthNode,59.636687416,58.836561183,356937200,357886921,2479950.359386775643,2479961.351529642008,retrograde
NorthNode,58.931543224,58.671785965,358316444,359004453,2479966.322855133563,2479974.285919227637,retrograde
Neptune,118.808584766,115.998811799,358884407,372407961,2479972.896506260149,2480129.419114985503,retrograde
NorthNode,58.752927795,58.635272232,359499372,360239322,2479980.014147993177,2479988.578393289819,retrograde
Mercury,257.093821650,240.850848619,360586591,362296800,2479992.597703687847,2480012.391789078712,retrograde
NorthNode,58.645137516,58.641915364,360608755,360856861,2479992.854234834202,2479995.725829068571,retrograde
NorthNode,58.679137485,58.520698291,361377351,362074394,2480001.750017164275,2480009.817643218674,retrograde
Venus,279.071011730,263.765730550,361619816,365152345,2480004.556323634461,2480045.442079784349,retrograde
NorthNode,58.635891933,58.190654383,362600120,363392639,2480015.902443164028,2480025.075112136081,retrograde
NorthNode,58.259885204,57.424897039,363739432,364657855,2480029.088917982765,2480039.718812212348,retrograde
NorthNode,57.476297377,56.366829103,364955603,365927128,2480043.164972055703,2480054.409478103742,retrograde
NorthNode,56.377481597,54.770828863,366083430,367242016,2480056.218527109362,2480069.628087159246,retrograde
NorthNode,54.771352946,53.367212339,367300710,368416126,2480070.307410463691,2480083.217317351140,retrograde
NorthNode,53.367550391,51.707586690,368464226,369638534,2480083.774031766690,2480097.365563336760,retrograde
NorthNode,51.721358321,50.732721757,369819419,370759205,2480099.459142600186,2480110.336292508058,retrograde
Mercury,3.447063354,350.119085470,369987616,371969214,2480101.405867703259,2480124.341023556888,retrograde
NorthNode,50.766040346,49.818060373,371004053,371981427,2480113.170181555673,2480124.482381920330,retrograde
Mars,225.272553873,207.612440136,371035191,377731579,2480113.530574734323,2480191.035066754557,retrograde
Jupiter,255.267286307,245.413714646,371941877,382584388,2480124.024627961218,2480247.201838232577,retrograde
NorthNode,49.907011026,49.535677179,372382340,373120149,2480129.122581795789,2480137.662039254792,retrograde
NorthNode,49.613758611,49.384831581,373549700,374332692,2480142.633686623536,2480151.696092970669,retrograde
Uranus,297.494342185,293.541072585,374615121,387930510,2480154.964953861199,2480309.078250550665,retrograde
Saturn,292.612058768,286.003150034,374619101,386822373,2480155.011018827558,2480296.252593331039,retrograde
NorthNode,49.444693797,49.434999570,374930095,375320992,2480158.610477001406,2480163.134754156694,retrograde
NorthNode,49.436075781,49.391319317,375494555,376101876,2480165.143587787636,2480172.172760916874,retrograde
NorthNode,49.476589637,49.200501361,376689186,377465026,2480178.970327939838,2480187.949959193356,retrograde
NorthNode,49.271593830,48.801919811,377860539,378660943,2480192.527662106790,2480201.791592955589,retrograde
NorthNode,48.880549359,48.003694724,379042418,379991384,2480206.206809476018,2480217.190212036483,retrograde
NorthNode,48.028933952,46.927178622,380214571,381226375,2480219.773402022198,2480231.484087971039,retrograde
Mercury,128.666554431,117.911531099,380740969,382829782,2480225.865970350802,2480250.042048506439,retrograde
Pluto,13.155095772,11.098989453,380870305,395157723,2480227.362912134267,2480392.726548179053,retrograde
NorthNode,46.936500509,45.563398663,381388635,382513663,2480233.362100326456,2480246.383262185380,retrograde
NorthNode,45.563590883,44.081362855,382553976,383728694,2480246.849847739562,2480260.446118158288,retrograde
NorthNode,44.082097031,42.790148956,383796439,384888856,2480261.230210413225,2480273.873918343335,retrograde
NorthNode,42.798965992,41.605259931,385038266,386071308,2480275.603207495995,2480287.559709181078,retrograde
NorthNode,41.652021301,40.939998490,386365853,387237115,2480290.968791077845,2480301.052838511765,retrograde
NorthNode,41.000554465,40.473642789,387567998,388421024,2480304.882504260167,2480314.755489662290,retrograde
NorthNode,40.585268858,40.418581984,388931761,389602607,2480320.666799893603,2480328.431223802269,retrograde
NorthNode,40.467225125,40.446475023,390108063,390599703,2480334.281407359056,2480339.971684256569,retrograde
Neptune,121.026718100,118.216687474,390630360,404153539,2480340.326508763246,2480496.844790386967,retrograde
Mercury,241.253841991,225.168678484,390707019,392441769,2480341.213766932487,2480361.291892074049,retrograde
NorthNode,40.447753503,40.369738455,390777712,391491207,2480342.031971644610,2480350.290021825582,retrograde
NorthNode,40.437076373,40.205618250,391977139,392661626,2480355.914236504585,2480363.836534870788,retrograde
NorthNode,40.316247573,39.590635594,393130505,394042830,2480369.263374919072,2480379.822689674795,retrograde
NorthNode,39.644492274,38.805587603,394343242,395229724,2480383.299685008824,2480393.559898035601,retrograde
NorthNode,38.837902883,37.305778229,395476214,396586513,2480396.412781341933,2480409.263463428244,retrograde
NorthNode,37.309097644,35.918255217,396690181,397806692,2480410.463335147128,2480423.385908213444,retrograde
NorthNode,35.918258523,34.219872308,397817503,399023386,2480423.511035118252,2480437.468016503379,retrograde
NorthNode,34.222883123,32.961095480,399123842,400156828,2480438.630703395233,2480450.586560903117,retrograde
Mercury,346.619024236,332.109439928,400072024,401994358,2480449.605025589466,2480471.854269236326,retrograde
NorthNode,32.989290537,31.961200352,400392784,401363878,2480453.317536050454,2480464.557047963142,retrograde
NorthNode,32.011156746,31.387554067,401656086,402508875,2480467.939078846946,2480477.809326160699,retrograde
NorthNode,31.495995351,31.198993635,402971654,403722029,2480483.165558499284,2480491.850459391251,retrograde
NorthNode,31.265466384,31.174585614,404187298,404866741,2480497.235514092259,2480505.099439676851,retrograde
NorthNode,31.185422959,31.181089487,405256779,405540116,2480509.613764584996,2480512.893127778545,retrograde
NorthNode,31.223154670,31.103575584,406092376,406721201,2480519.285033616237,2480526.563102940097,retrograde
Jupiter,287.541330831,277.706774084,406420910,416955718,2480523.087506741285,2480645.018151618540,retrograde
Uranus,301.630002793,297.683742449,406533428,419851221,2480524.389802361839,2480678.530922406353,retrograde
Saturn,304.060007796,297.439578217,407196381,419382533,2480532.062869377434,2480673.106297940016,retrograde
NorthNode,31.197000586,30.712716686,407222731,408096093,2480532.367844196968,2480542.476201189682,retrograde
NorthNode,30.782233693,30.226124305,408460571,409261619,2480546.694691674784,2480555.966089536436,retrograde
NorthNode,30.277534366,29.043778078,409569722,410640063,2480559.532094769180,2480571.920291815884,retrograde
Mercury,109.071727412,99.618602576,410663076,412752488,2480572.186656147242,2480596.369656726718,retrograde
NorthNode,29.056928295,28.003170009,410815739,411811007,2480573.953589433804,2480585.472891729325,retrograde
Venus,133.476079033,116.996019734,411871751,415595712,2480586.175945514813,2480629.277343349531,retrograde
NorthNode,28.005442611,26.304106930,411909197,413154860,2480586.609348368831,2480601.026744815521,retrograde
Pluto,14.210047635,12.159274747,412530583,426795614,2480593.801318085752,2480758.905842774548,retrograde
NorthNode,26.304130570,25.110404372,413175275,414248868,2480601.263031293638,2480613.688875378110,retrograde
NorthNode,25.114664027,23.708181842,414370669,415491475,2480615.098610648885,2480628.070901533589,retrograde
NorthNode,23.729795550,22.912513601,415701951,416598424,2480630.506963020191,2480640.882803442888,retrograde
NorthNode,22.976586107,22.312631525,416938420,417837324,2480644.817944676615,2480655.221927176230,retrograde
NorthNode,22.387571020,22.099615336,418226373,418957883,2480659.724814542569,2480668.191366378218,retrograde
NorthNode,22.195946636,22.104903647,419511783,420198196,2480674.602247302420,2480682.546831668355,retrograde
NorthNode,22.113748257,22.112429065,420568046,420753444,2480686.827509270050,2480688.973319679499,retrograde
Mercury,225.314924583,209.489293575,420810987,422590487,2480689.639325886965,2480710.235384240746,retrograde
NorthNode,22.151784877,21.960502230,421319475,422086604,2480695.524608707987,2480704.403416236863,retrograde
Neptune,123.241996806,120.432470613,422376372,435910036,2480707.757203313522,2480864.396837097593,retrograde
NorthNode,22.054253616,21.709866332,422567605,423288663,2480709.970552870072,2480718.316129432991,retrograde
NorthNode,21.792758533,20.818213442,423672567,424658440,2480722.759463382885,2480734.170027030632,retrograde
NorthNode,20.861078949,19.940987035,424931141,425834912,2480737.326287934557,2480747.786605997011,retrograde
NorthNode,19.955205689,18.119711280,426012739,427222369,2480749.844785056077,2480763.845130162314,retrograde
NorthNode,18.120215307,16.855968912,427278310,428347856,2480764.492602913640,2480776.871600531042,retrograde
NorthNode,16.856259118,15.009973953,428394762,429612854,2480777.414501136169,2480791.512784028426,retrograde
NorthNode,15.021322274,14.061033804,429775654,430694655,2480793.397043629549,2480804.033632547595,retrograde
Mercury,330.175486464,314.817225706,430189432,432046539,2480798.186147831380,2480819.680439829826,retrograde
NorthNode,14.102419857,13.106789613,430964767,431952689,2480807.159930011258,2480818.594212938100,retrograde
NorthNode,13.182187982,12.800922673,432316495,433056413,2480822.804930513725,2480831.368795574643,retrograde
NorthNode,12.900666840,12.690106109,433540859,434306806,2480836.975812406279,2480845.840928570367,retrograde
NorthNode,12.736035946,12.728881684,434848055,435188433,2480852.105387649499,2480856.044955946505,retrograde
NorthNode,12.731507994,12.656227300,435423262,436116988,2480858.762875285931,2480866.792110823095,retrograde
NorthNode,12.743798321,12.498427908,436670436,437373882,2480873.197763346136,2480881.339499260299,retrograde
NorthNode,12.577699096,11.927182329,437782525,438688679,2480886.069158272818,2480896.557054075412,retrograde
Uranus,305.744197770,301.803557316,438454896,451778637,2480893.851237739436,2481048.061194703914,retrograde
Mars,272.813177164,259.090022017,438937052,444879667,2480899.431748487987,2480968.212006450631,retrograde
NorthNode,11.992420800,11.247337493,439032404,439900348,2480900.535356462002,2480910.580999127589,retrograde
Saturn,315.635651796,308.995495123,439794667,451953899,2480909.357841782272,2481050.089693397284,retrograde
NorthNode,11.273303078,9.855998010,440127798,441252332,2480913.213529450819,2480926.228965360671,retrograde
Mercury,89.052919724,80.402407445,440541385,442615382,2480918.000416502357,2480942.005005843937,retrograde
Jupiter,321.849339763,312.005669661,441107930,451490495,2480924.557642132044,2481044.726225771010,retrograde
NorthNode,9.861394050,8.722304624,441383612,442431263,2480927.748411264271,2480939.874004954472,retrograde
NorthNode,8.722402278,6.969427352,442464306,443723353,2480940.256448657252,2480954.828742060810,retrograde
NorthNode,6.970852139,5.916691968,443806461,444804251,2480955.790639488026,2480967.339139953256,retrograde
Pluto,15.261561579,13.215874426,444186566,458435912,2480960.190002596937,2481125.112996366806,retrograde
NorthNode,5.927978932,4.628857161,444971450,446061652,2480969.274318557233,2480981.892395638861,retrograde
NorthNode,4.673561346,4.087419770,446350078,447159141,2480985.230659927242,2480994.594815092161,retrograde
NorthNode,4.157587826,3.630683998,447521786,448407913,2480998.792090967298,2481009.048192942515,retrograde
NorthNode,3.721023388,3.579709208,448885462,449526457,2481014.575378346257,2481021.994296704419,retrograde
NorthNode,3.632832771,3.620056909,450083857,450501288,2481028.445691783912,2481033.277073579840,retrograde
NorthNode,3.623770881,3.556427319,450764218,451415730,2481036.320233740844,2481043.860885265283,retrograde
Mercury,209.170382321,193.738934189,450896413,452735938,2481037.850271828473,2481059.141076318920,retrograde
NorthNode,3.620346921,3.332589186,451894817,452656700,2481049.405872895382,2481058.223964331672,retrograde
NorthNode,3.440865480,2.884782823,453124945,453944664,2481063.643464539200,2481073.130962318741,retrograde
Neptune,125.455847063,122.647143274,454129017,467659837,2481075.264677978121,2481231.871388838626,retrograde
NorthNode,2.939691495,1.885962487,454251416,455237145,2481076.681328151375,2481088.090225663036,retrograde
NorthNode,1.916604302,0.746700999,455479751,456478547,2481090.898168140091,2481102.458312014118,retrograde
NorthNode,0.750840204,358.971818129,456591049,457816176,2481103.760417632759,2481117.940119637176,retrograde
NorthNode,358.971820141,357.638876971,457825283,458924781,2481118.045531792566,2481130.771205920726,retrograde
NorthNode,357.641374831,356.010114563,459019214,460160375,2481131.864178682677,2481145.072059902363,retrograde
Mercury,313.985292085,298.086371847,460325974,462122258,2481146.988710761070,2481167.779038250446,retrograde
NorthNode,356.038232035,355.204090742,460393090,461272647,2481147.765519099310,2481157.945570321754,retrograde
NorthNode,355.256105590,354.468271146,461568282,462504215,2481161.367275642231,2481172.199830981903,retrograde
Venus,354.497646785,338.455297214,462651049,466254720,2481173.899305304512,2481215.608461255208,retrograde
NorthNode,354.572922592,354.326119611,462954533,463639196,2481177.411847361363,2481185.336184100248,retrograde
NorthNode,354.399824068,354.300203648,464126103,464857598,2481190.971684822813,2481199.438060591929,retrograde
NorthNode,354.304986658,354.296083101,465141567,465501290,2481202.724736495875,2481206.888207424432,retrograde
NorthNode,354.337266413,354.183572282,466012398,466690941,2481212.803806417622,2481220.657308715396,retrograde
NorthNode,354.294909859,353.832387946,467214326,468036004,2481226.715007627383,2481236.225166420452,retrograde
NorthNode,353.895429293,353.179787684,468376729,469260668,2481240.168749452569,2481250.399519626983,retrograde
NorthNode,353.230660726,352.144475594,469566607,470562540,2481253.940484305844,2481265.467487920076,retrograde
Uranus,309.837029893,305.900623781,470368962,483695569,2481263.227002439089,2481417.470138943754,retrograde
Mercury,69.116480696,60.438480607,470397345,472457212,2481263.555510587990,2481287.396564155817,retrograde
NorthNode,352.155346783,350.811323422,470723900,471831573,2481267.335073354654,2481280.155365636572,retrograde
NorthNode,350.812494912,349.421780150,471910903,473058790,2481281.073536631651,2481294.359263739549,retrograde
Saturn,327.390259920,320.724172861,472417427,484525206,2481286.936086341739,2481427.072410985827,retrograde
NorthNode,349.421840940,347.948795613,473086449,474250747,2481294.679400125518,2481308.155069951899,retrograde
NorthNode,347.956188990,346.885893997,474400153,475398802,2481309.884302813560,2481321.442744802684,retrograde
NorthNode,346.907983402,345.938486997,475610702,476594825,2481323.895291472785,2481335.285599845462,retrograde
Pluto,16.309289945,14.268145852,475825081,490090740,2481326.376525876112,2481491.488321893848,retrograde
Jupiter,357.992413592,348.098578877,475927843,486162903,2481327.565894290805,2481446.027238182724,retrograde
NorthNode,346.011814703,345.533551925,476962033,477753959,2481339.535690884106,2481348.701499416493,retrograde
NorthNode,345.604521970,345.282106186,478141342,478946121,2481353.185101573355,2481362.499672873877,retrograde
NorthNode,345.371408452,345.313118471,479516125,480123100,2481369.096945997328,2481376.122111221775,retrograde
NorthNode,345.318617751,345.315857043,480434953,480681949,2481379.731523459777,2481382.590277918614,retrograde
Mercury,192.696280415,177.847811606,480962267,482870135,2481385.834691420197,2481407.916506826878,retrograde
NorthNode,345.368623604,345.172771771,481301572,482062488,2481389.761835625395,2481398.568731539883,retrograde
NorthNode,345.248073227,344.888954508,482494985,483236715,2481403.574484608136,2481412.159322225489,retrograde
NorthNode,344.984467392,344.112971135,483654423,484603015,2481416.993912713602,2481427.972984679975,retrograde
NorthNode,344.148997496,343.137449989,484855300,485805977,2481430.892943620682,2481441.896154067479,retrograde
Neptune,127.668927164,124.862089766,485875913,499411195,2481442.705602436326,2481599.363951212727,retrograde
NorthNode,343.153903075,341.593925215,485999426,487139352,2481444.135147404857,2481457.328733467497,retrograde
NorthNode,341.594518495,340.106734444,487197228,488338074,2481457.998595696874,2481471.202834452502,retrograde
NorthNode,340.107045179,338.567898303,488387496,489530221,2481471.774840905331,2481485.000824489631,retrograde
NorthNode,338.576488931,337.365722941,489674674,490681471,2481486.672743145376,2481498.325478211045,retrograde
Mercury,297.979338402,281.787564939,490471034,492218993,2481495.889874272048,2481516.120881535113,retrograde
NorthNode,337.414208374,336.595298011,490972414,491875501,2481501.692883044481,2481512.145276050083,retrograde
NorthNode,336.660501658,336.156115909,492210060,493034183,2481516.017485667951,2481525.555940566584,retrograde
NorthNode,336.273092252,336.104203455,493552976,494239800,2481531.560492638499,2481539.509851770476,retrograde
NorthNode,336.148034444,336.137352362,494749454,495130669,2481545.408617835492,2481549.820834216662,retrograde
NorthNode,336.141216843,336.045036862,495392032,496122108,2481552.845861238427,2481561.295815327205,retrograde
NorthNode,336.118420764,335.881342817,496613228,497294514,2481566.980078591034,2481574.865334024653,retrograde
NorthNode,335.982439452,335.239729370,497745010,498677397,2481580.079404678196,2481590.870918357745,retrograde
NorthNode,335.291508726,334.529743357,498979229,499847465,2481594.364346203394,2481604.413380420767,retrograde
NorthNode,334.559045649,333.066291030,500089104,501219010,2481607.210127726197,2481620.287740115076,retrograde
Mercury,49.747469871,40.192596355,500271489,502327821,2481609.321063503623,2481633.121197521687,retrograde
NorthNode,333.069841184,331.868726137,501328283,502406838,2481621.552472548559,2481634.035745380446,retrograde
Uranus,313.908410592,309.974699279,502285786,515616546,2481632.634683880024,2481786.925883940421,retrograde
NorthNode,331.868751734,330.188413021,502428625,503664009,2481634.287915186957,2481648.586335902102,retrograde
NorthNode,330.190161413,329.067698707,503750092,504770086,2481649.582664389163,2481661.388159858994,retrograde
NorthNode,329.085567185,327.963711452,504973713,506002617,2481663.744955481961,2481675.653558690101,retrograde
Saturn,339.372433856,332.673570912,505059925,517110814,2481664.742777042091,2481804.220661789179,retrograde
NorthNode,328.003265144,327.375602480,506273461,507122809,2481678.788335332647,2481688.618749065325,retrograde
Pluto,17.352794971,15.315589688,507467834,521746140,2481692.612089761533,2481857.870265883394,retrograde
NorthNode,327.465832001,327.059482488,507541609,508354696,2481693.465966682881,2481702.876699564047,retrograde
NorthNode,327.131647264,326.984093318,508794752,509482410,2481707.969937868416,2481715.928944274783,retrograde
Mars,344.938520112,334.845874626,508855916,514039722,2481708.677851553075,2481768.675614218228,retrograde
NorthNode,327.036571351,327.033839597,510108869,510355103,2481723.179624483921,2481726.029556543566,retrograde
NorthNode,327.042376390,326.981249003,510720680,511319386,2481730.260770248249,2481737.190240542404,retrograde
Jupiter,34.926373792,24.950427709,510750200,520910898,2481730.602436862886,2481848.203113153577,retrograde
Mercury,175.721536452,161.704121200,511005782,512982730,2481733.560569114983,2481756.441905461252,retrograde
NorthNode,327.057419883,326.704601635,511841251,512673293,2481743.230340282433,2481752.860462148674,retrograde
Venus,202.152250906,186.304253758,512738963,516377908,2481753.620533885434,2481795.737942835316,retrograde
NorthNode,326.789335494,326.321817376,513088887,513853329,2481757.670576888137,2481766.518281313591,retrograde
NorthNode,326.386409726,325.220443278,514190475,515232998,2481770.420432757586,2481782.486679004505,retrograde
NorthNode,325.243796422,324.218667368,515448221,516400738,2481784.977679373696,2481796.002183944918,retrograde
NorthNode,324.224116645,322.360501201,516529195,517783124,2481797.488958742470,2481812.002019611187,retrograde
Neptune,129.882312598,127.077428185,517633609,531166080,2481810.271526766010,2481966.897343215533,retrograde
NorthNode,322.360505016,321.103097089,517794071,518866266,2481812.128722777590,2481824.538387944922,retrograde
NorthNode,321.105586398,319.448960894,518963966,520125149,2481825.669171044603,2481839.108792535961,retrograde
NorthNode,319.470905754,318.607331509,520331931,521216084,2481841.502099294215,2481851.735358892009,retrograde
Mercury,282.095431685,265.794510221,520616333,522333581,2481844.793788358569,2481864.669354096055,retrograde
NorthNode,318.669772627,317.894291373,521539517,522468342,2481855.478787483647,2481866.229078668170,retrograde
NorthNode,317.979392171,317.696729821,522870063,523579120,2481870.878636322916,2481879.085308646783,retrograde
NorthNode,317.792157175,317.699906658,524122278,524826350,2481885.371859127656,2481893.520840336569,retrograde
NorthNode,317.704778188,317.699790125,525112251,525403215,2481896.829885011539,2481900.197516848333,retrograde
NorthNode,317.744605803,317.538187619,525944813,526704640,2481906.466011156328,2481915.260312506929,retrograde
NorthNode,317.640212402,317.259672744,527194394,527936047,2481920.928758511320,2481929.512701594271,retrograde
NorthNode,317.333813808,316.380064814,528299080,529280023,2481933.714470211416,2481945.067987652496,retrograde
NorthNode,316.421952548,315.507195797,529555431,530471657,2481948.255576626398,2481958.860041727312,retrograde
Mercury,31.207065951,20.236527248,530203451,532248006,2481955.755809172988,2481979.419638857245,retrograde
NorthNode,315.519037919,313.811019599,530639500,531843275,2481960.802665643394,2481974.735253613442,retrograde
NorthNode,313.811571483,312.630007238,531902810,532974311,2481975.424308007583,2481987.825949651189,retrograde
NorthNode,312.630178548,310.899649934,533014129,534239339,2481988.286801260896,2482002.467476709746,retrograde
Uranus,317.958599701,314.026890833,534195635,547528708,2482001.961637162603,2482156.279615280218,retrograde
NorthNode,310.908484435,310.002409283,534393777,535320391,2482004.254951807670,2482014.979646755382,retrograde
NorthNode,310.032093880,309.005221361,535562249,536579259,2482017.778929547407,2482029.549882933497,retrograde
NorthNode,309.071994499,308.668495659,536930565,537680497,2482033.615926898085,2482042.295687290840,retrograde
Saturn,351.620216962,344.882920927,537729518,549714353,2482042.863065727055,2482181.576432205737,retrograde
NorthNode,308.754432365,308.461425907,538118492,538929401,2482047.365081389435,2482056.750598780811,retrograde
Pluto,18.391052686,16.357028476,539113266,553402649,2482058.878665152006,2482224.265048387460,retrograde
NorthNode,308.527884827,308.485863059,539457968,540046088,2482062.868269953877,2482069.675215064548,retrograde
NorthNode,308.487396244,308.474122877,540243801,540681840,2482071.963563526049,2482077.033452373929,retrograde
Mercury,158.098414865,145.189526986,541022919,543060893,2482080.981127023697,2482104.568794734776,retrograde
NorthNode,308.538731250,308.365889548,541289467,541980981,2482084.066177731380,2482092.069807715714,retrograde
NorthNode,308.441107347,307.971363612,542412807,543251459,2482097.067801666446,2482106.774417540058,retrograde
NorthNode,308.057107794,307.370524391,543649648,544505020,2482111.383088119328,2482121.283228462562,retrograde
NorthNode,307.407112793,306.147715781,544763103,545824309,2482124.270300097764,2482136.552771736868,retrograde
Jupiter,71.166269814,61.120879419,545440440,555619142,2482132.109851032495,2482249.918892167509,retrograde
NorthNode,306.160676975,304.955013758,546002148,547035336,2482138.611095538363,2482150.569285347126,retrograde
NorthNode,304.955802228,303.145905549,547100140,548342504,2482151.319340899587,2482165.698550456204,retrograde
NorthNode,303.146324928,301.929128969,548396863,549436059,2482166.327704696916,2482178.355432562530,retrograde
Neptune,132.096603908,129.293735386,549381077,562917721,2482177.719076299109,2482334.393195859157,retrograde
NorthNode,301.936894976,300.471916017,549577275,550680720,2482179.989881873131,2482192.761234944686,retrograde
Mercury,266.276317998,249.989023130,550755484,552462586,2482193.626560844481,2482213.384679511189,retrograde
NorthNode,300.516999138,299.832688575,550961702,551788886,2482196.013341173530,2482205.587225228548,retrograde
NorthNode,299.901287926,299.296307354,552130993,553026221,2482209.546804754063,2482219.908240284771,retrograde
NorthNode,299.401603415,299.247304347,553516877,554158012,2482225.587130892090,2482233.007672371343,retrograde
NorthNode,299.300764582,299.287710858,554697175,555101273,2482239.247977818362,2482243.925045496784,retrograde
NorthNode,299.292706232,299.208787382,555383636,556061196,2482247.193127413280,2482255.035257468931,retrograde
NorthNode,299.276671834,298.984512787,556531231,557272505,2482260.475485304371,2482269.055038397200,retrograde
NorthNode,299.097164682,298.461994254,557740225,558596891,2482274.468471638858,2482284.383579380810,retrograde
NorthNode,298.512526286,297.513246598,558890044,559852279,2482287.776563690975,2482298.913539663889,retrograde
NorthNode,297.542025289,296.303617390,560091643,561127119,2482301.683952128515,2482313.668629555963,retrograde
Mercury,13.456563069,0.943665288,560204524,562214355,2482302.990447364748,2482326.252375118434,retrograde
NorthNode,296.306846803,294.715998104,561231142,562425535,2482314.872599518858,2482328.696589889005,retrograde
NorthNode,294.716003049,293.379393241,562438120,563564789,2482328.842258919962,2482341.882407804020,retrograde
Venus,64.514069610,48.045343120,563426574,567125260,2482340.282688474283,2482383.091559587047,retrograde
NorthNode,293.381605797,291.938847799,563656885,564773269,2482342.948329863138,2482355.869443078525,retrograde
NorthNode,291.962703831,291.118405840,564999253,565910331,2482358.484994864091,2482369.029882226139,retrograde
Uranus,321.988742496,318.058230159,566110454,579443958,2482371.346114412881,2482525.669081299566,retrograde
NorthNode,291.160594524,290.405045580,566187808,567118770,2482372.241425806656,2482383.016444514506,retrograde
NorthNode,290.501227130,290.215420318,567556362,568272297,2482388.081170252524,2482396.367450552061,retrograde
NorthNode,290.286166308,290.136636940,568724552,569470751,2482401.601883028634,2482410.238444381393,retrograde
NorthNode,290.170832443,290.170821408,570102392,570140915,2482417.549108362757,2482417.994977152906,retrograde
Saturn,4.161479893,357.382325924,570423159,582336390,2482421.261684417725,2482559.146308064461,retrograde
NorthNode,290.187372933,290.108180710,570645888,571270097,2482423.839572262950,2482431.064205475152,retrograde
Pluto,19.422893590,17.391661474,570768979,585044692,2482425.264236493967,2482590.492394319735,retrograde
Mercury,139.706884707,128.140389736,571008884,573088634,2482428.040914967656,2482452.112094618380,retrograde
NorthNode,290.203997962,289.846111618,571827206,572637665,2482437.512230856344,2482446.892545662820,retrograde
NorthNode,289.915115340,289.384571653,573012682,573826825,2482451.233015992679,2482460.655968694948,retrograde
NorthNode,289.452986190,288.420645896,574178388,575167815,2482464.724983152933,2482476.176684190519,retrograde
NorthNode,288.439758169,287.268324955,575366079,576394976,2482478.471406994388,2482490.379938439466,retrograde
NorthNode,287.273158923,285.734361606,576522350,577692579,2482491.854169086553,2482505.398492627777,retrograde
Mars,57.272298119,41.930612389,577494535,583517497,2482503.106314162724,2482572.816522917710,retrograde
NorthNode,285.734370910,284.256561175,577707154,578861405,2482505.567183064297,2482518.926567113027,retrograde
NorthNode,284.259884443,282.934581087,578972609,580038727,2482520.213656373322,2482532.552977706306,retrograde
Jupiter,105.629324631,95.559560414,579919185,590199741,2482531.169391922653,2482650.157311543822,retrograde
NorthNode,282.952001727,281.885489106,580226860,581205992,2482534.730447073467,2482546.062995525077,retrograde
Mercury,250.474011435,234.290781458,580884026,582602697,2482542.336540736258,2482562.228563904762,retrograde
Neptune,134.311149755,131.509950120,581132692,594671901,2482545.214608772658,2482701.918422863819,retrograde
NorthNode,281.955969228,281.335939970,581551983,582389452,2482550.067522739992,2482559.760449280031,retrograde
NorthNode,281.410521218,281.039293383,582762558,583558998,2482564.078809046187,2482573.296855971217,retrograde
NorthNode,281.144681868,281.066385453,584127280,584756375,2482579.874203385785,2482587.155389145948,retrograde
NorthNode,281.075438132,281.073966541,585117099,585306576,2482591.330438668840,2482593.523461661302,retrograde
NorthNode,281.125315295,280.909413927,585916963,586692761,2482600.588118921034,2482609.567263818346,retrograde
NorthNode,280.992681345,280.622842400,587132669,587862208,2482614.658787518740,2482623.102536733262,retrograde
NorthNode,280.717159252,279.746261207,588268126,589246297,2482627.800660699606,2482639.122081111185,retrograde
NorthNode,279.781354249,278.798813066,589494565,590427664,2482641.995553548448,2482652.795306800865,retrograde
Mercury,356.339194153,342.464239126,590263699,592220127,2482650.897567979991,2482673.541411191225,retrograde
NorthNode,278.813055185,277.157966313,590610498,591787070,2482654.911446382292,2482668.529178526253,retrograde
NorthNode,277.158360857,275.814320353,591838106,592948067,2482669.119868174195,2482681.966639116406,retrograde
NorthNode,275.814695678,274.250801645,593001135,594171211,2482682.580850258470,2482696.123398242518,retrograde
NorthNode,274.259512451,273.205598005,594319553,595293674,2482697.840321087278,2482709.114869938232,retrograde
NorthNode,273.247441059,272.403396783,595574562,596514450,2482712.365886934102,2482723.244223706424,retrograde
NorthNode,272.462704005,271.999717814,596844431,597648376,2482727.063446554355,2482736.368365978822,retrograde
Uranus,326.000814503,322.071960285,598017363,611350495,2482740.639050886966,2482894.957704073749,retrograde
NorthNode,272.105923025,271.897955652,598144884,598873067,2482742.114984786138,2482750.543025238439,retrograde
NorthNode,271.949677680,271.913384758,599368054,599993823,2482756.272044016048,2482763.514744807035,retrograde
NorthNode,271.913442991,271.875545825,600059080,600707979,2482764.270028789528,2482771.780431647785,retrograde
Mercury,120.513611236,110.348550311,600957749,603050213,2482774.671292774379,2482798.889623068273,retrograde
NorthNode,271.935966174,271.773357926,601243463,601895344,2482777.978169646114,2482785.523088351823,retrograde
NorthNode,271.864661827,271.287699992,602362901,603263686,2482790.934623685665,2482801.360382593237,retrograde
Pluto,20.448056589,18.419385824,602417229,616687816,2482791.563417580910,2482956.732250270434,retrograde
Saturn,17.014211568,10.192463077,603138871,614987874,2482799.915761992335,2482937.056999363005,retrograde
NorthNode,271.351962303,270.735029989,603609845,604431867,2482805.366850171238,2482814.880988295190,retrograde
NorthNode,270.775585212,269.399892625,604708264,605811374,2482818.080035583116,2482830.847508679144,retrograde
NorthNode,269.408816651,268.305562584,605963719,606980705,2482832.610762513243,2482844.381426827051,retrograde
NorthNode,268.306291453,266.484162382,607046584,608301468,2482845.143916439265,2482859.668036407791,retrograde
NorthNode,266.484556900,265.315759911,608353383,609386131,2482860.268909360282,2482872.222012086771,retrograde
NorthNode,265.325383840,263.928429894,609544939,610637763,2482874.060063787736,2482886.708486214280,retrograde
NorthNode,263.963325270,263.248440980,610888117,611738897,2482889.606106102467,2482899.453099872917,retrograde
Mercury,234.608646007,218.617171074,610998264,612749557,2482890.880961105227,2482911.150554433465,retrograde
NorthNode,263.331828257,262.773801407,612120102,612985250,2482903.865188534372,2482913.878474918194,retrograde
Neptune,136.525470848,133.725336810,612879462,626418891,2482912.654080721550,2483069.360439465381,retrograde
NorthNode,262.858132685,262.673606288,613420441,614101768,2482918.915413346142,2482926.801137277856,retrograde
Venus,276.590466064,261.282105125,613866070,617398859,2482924.073154935613,2482964.961918937042,retrograde
Jupiter,138.069177744,128.025636151,614217571,624632732,2482928.141457736492,2483048.687294133008,retrograde
NorthNode,262.742916236,262.729647309,614702584,615114036,2482933.755026738159,2482938.517201438546,retrograde
NorthNode,262.732703390,262.675865548,615351489,615953363,2482941.265507936478,2482948.231642777100,retrograde
NorthNode,262.750763859,262.395227442,616465461,617284388,2482954.158700358123,2482963.637022044510,retrograde
NorthNode,262.492732749,261.980237168,617717061,618491402,2482968.644813378341,2482977.607087579556,retrograde
NorthNode,262.043149614,260.819836976,618815616,619859776,2482981.359569359571,2482993.444754982367,retrograde
NorthNode,260.843687255,259.772468350,620075913,621036787,2482995.946336886846,2483007.067565895617,retrograde
Mercury,339.684435095,324.769270277,620364074,622257940,2482999.281539320946,2483021.201277129352,retrograde
NorthNode,259.776737946,257.886913052,621153121,622414094,2483008.414022723213,2483023.008616231382,retrograde
NorthNode,257.886919748,256.674738408,622427472,623489429,2483023.163458762690,2483035.454624293372,retrograde
NorthNode,256.677590756,255.066016372,623591553,624753885,2483036.636615031399,2483050.089532142505,retrograde
NorthNode,255.089604464,254.305621312,624971602,625840062,2483052.609408774413,2483062.661024551839,retrograde
NorthNode,254.360533410,253.599672263,626152306,627096801,2483066.274956705980,2483077.206617689691,retrograde
NorthNode,253.682900045,253.420166721,627506192,628203659,2483081.944940304384,2483090.017473496497,retrograde
NorthNode,253.505954302,253.389083819,628717905,629450851,2483095.969395816326,2483104.452570738271,retrograde
Uranus,329.997608572,326.070465715,629932168,643260518,2483110.023365258239,2483264.286677935161,retrograde
NorthNode,253.405032997,253.404863491,629933947,630030068,2483110.043952545151,2483111.156471994705,retrograde
NorthNode,253.431137264,253.301501582,630571945,631285094,2483117.428189060651,2483125.682225088589,retrograde
Mercury,100.690803131,91.661536052,630862349,632943436,2483120.789345577359,2483144.876008182764,retrograde
NorthNode,253.397884869,253.089020750,631814853,632552086,2483131.813705336303,2483140.346486562863,retrograde
NorthNode,253.160150390,252.435001468,632929295,633852707,2483144.712339698337,2483155.399968543090,retrograde
Pluto,21.466351589,19.440209527,634056194,648334976,2483157.755143423565,2483323.018828774802,retrograde
NorthNode,252.490921651,251.670014410,634174270,635075081,2483159.121765548363,2483169.547823969275,retrograde
NorthNode,251.688354931,250.198715205,635273530,636417469,2483171.844683689065,2483185.084720879793,retrograde
Saturn,30.181467412,23.318899892,635883371,647659199,2483178.903031587601,2483315.197337768972,retrograde
NorthNode,250.201616818,249.011880650,636523685,637600651,2483186.314068890177,2483198.778958869167,retrograde
NorthNode,249.011886863,247.238494021,637613682,638862152,2483198.929774166085,2483213.379656424746,retrograde
NorthNode,247.242324991,246.208980015,638977978,639949720,2483214.720238690265,2483225.967255225405,retrograde
NorthNode,246.227651447,244.998258169,640147448,641201117,2483228.255771349184,2483240.451017682441,retrograde
Mercury,218.592936750,202.910563579,641095216,642897727,2483239.225304998457,2483260.087699271739,retrograde
NorthNode,245.060697424,244.549411886,641530321,642307523,2483244.261241425760,2483253.256635962054,retrograde
NorthNode,244.631122748,244.215829565,642702690,643548889,2483257.830334075727,2483267.624298369512,retrograde
NorthNode,244.305202858,244.230544104,644075281,644677081,2483273.716799389571,2483280.682076781057,retrograde
Mars,105.635691856,87.183345176,644366774,651000899,2483277.090563238598,2483353.874418898486,retrograde
Neptune,138.738144879,135.938515087,644627956,658171363,2483280.113502419554,2483436.865903851576,retrograde
NorthNode,244.244270576,244.243266555,645102047,645269655,2483285.600671552122,2483287.540571403690,retrograde
NorthNode,244.297965417,244.125562736,645907263,646613262,2483294.920295073651,2483303.091583231464,retrograde
NorthNode,244.204115834,243.759810654,647048257,647851492,2483308.126250143163,2483317.422944723628,retrograde
NorthNode,243.858609501,243.074814412,648265455,649148342,2483322.214184179902,2483332.432783371769,retrograde
Jupiter,168.908709153,158.916230164,648389332,658934994,2483323.647945888340,2483445.704219982028,retrograde
NorthNode,243.112293437,241.861578247,649401821,650436466,2483335.366564860567,2483347.341633024625,retrograde
Mercury,323.356053055,307.734579828,650490549,652321395,2483347.967591591179,2483369.157936505973,retrograde
NorthNode,241.875191222,240.528435313,650615735,651682699,2483349.416506032459,2483361.765625653788,retrograde
NorthNode,240.528975943,238.783095375,651738908,652955338,2483362.416192082688,2483376.495241636410,retrograde
NorthNode,238.783747010,237.516068907,653018696,654073758,2483377.228549618274,2483389.439918500371,retrograde
NorthNode,237.524852383,236.178648704,654220942,655295367,2483391.143430443481,2483403.578912043944,retrograde
NorthNode,236.226512450,235.559057709,655588529,656425469,2483406.971991454251,2483416.658798237331,retrograde
NorthNode,235.622394737,235.072007263,656762586,657642639,2483420.560606741346,2483430.746409520507,retrograde
NorthNode,235.175975085,235.024083610,658143839,658792838,2483436.547335418873,2483444.058898744173,retrograde
NorthNode,235.074462389,235.051898137,659310710,659834252,2483450.052789147012,2483456.112304141745,retrograde
NorthNode,235.052838979,234.992157411,660000122,660684080,2483458.032087562606,2483465.948268718086,retrograde
Mercury,80.627163840,72.077775116,660725659,662792798,2483466.429512672126,2483490.354727789760,retrograde
NorthNode,235.049703817,234.839146549,661165589,661864304,2483471.521293597296,2483479.608269572258,retrograde
Uranus,333.982424421,330.057504896,661837632,675163495,2483479.299568259157,2483633.534092600457,retrograde
NorthNode,234.945200203,234.393364238,662352915,663214631,2483485.263492661528,2483495.237056431361,retrograde
NorthNode,234.446411500,233.679558850,663527743,664426239,2483498.861036855727,2483509.260301707312,retrograde
Venus,131.329190891,114.845013520,664132835,667858294,2483505.864415226504,2483548.983156716451,retrograde
NorthNode,233.718519154,232.548379007,664702863,665738755,2483512.461963499896,2483524.451453299262,retrograde
Pluto,22.478620914,20.455153437,665698870,679983218,2483523.989822468720,2483689.317925940268,retrograde
NorthNode,232.554933283,231.202658835,665873959,666993699,2483526.016310723498,2483538.976268763654,retrograde
NorthNode,231.202997842,229.771909508,667046043,668208327,2483539.582098128274,2483553.034465406090,retrograde
NorthNode,229.772373234,228.351342227,668262776,669385650,2483553.664658043534,2483566.660886988044,retrograde
Saturn,43.648933022,36.748949150,668652005,680350968,2483558.169620722532,2483693.574284955859,retrograde
NorthNode,228.364042149,227.318534959,669565329,670548866,2483568.740509600379,2483580.124033503234,retrograde
NorthNode,227.349614328,226.473248285,670788861,671731519,2483582.901758863591,2483593.812143718824,retrograde
Mercury,202.313390405,187.102563850,671172339,673039831,2483587.340162791312,2483608.954649217427,retrograde
NorthNode,226.563669386,226.148436122,672134692,672905846,2483598.478506843559,2483607.403899246827,retrograde
NorthNode,226.224609272,225.992491093,673323631,674084681,2483612.239367305301,2483621.047820992768,retrograde
NorthNode,226.062372580,226.051525907,674699841,675094830,2483628.167725504376,2483632.739363950677,retrograde
NorthNode,226.052934464,226.006555989,675279998,675869330,2483634.882510902360,2483641.703478451818,retrograde
Neptune,140.948536739,138.148843918,676371271,689918322,2483647.512984476052,2483804.307558066212,retrograde
NorthNode,226.095909697,225.748199959,676440992,677255256,2483648.319939145818,2483657.744286613539,retrograde
NorthNode,225.827656760,225.324329689,677650223,678430645,2483662.315667561255,2483671.348329043016,retrograde
NorthNode,225.402037632,224.242845380,678791070,679803718,2483675.519913970493,2483687.240382763557,retrograde
NorthNode,224.264649621,223.103656184,680007459,681004682,2483689.598486542702,2483701.140425335616,retrograde
Mercury,307.262364555,291.217368413,680631560,682406410,2483696.821887478232,2483717.364133782685,retrograde
NorthNode,223.108865997,221.364938717,681132443,682339753,2483702.619141018018,2483716.592632407323,retrograde
NorthNode,221.364942189,219.949318985,682350133,683470975,2483716.712769604288,2483729.685478502885,retrograde
Jupiter,198.901510420,188.968153183,682525047,693164573,2483718.737237088382,2483841.879902996123,retrograde
NorthNode,219.953211321,218.524479331,683587107,684679968,2483731.029608717188,2483743.678460438736,retrograde
NorthNode,218.544546655,217.587522407,684878626,685818094,2483745.977743921801,2483756.851213159971,retrograde
NorthNode,217.658709526,217.029984844,686168523,687028832,2483760.907103913836,2483770.864380196668,retrograde
NorthNode,217.103593876,216.785701337,687409204,688174231,2483775.266835876741,2483784.121315954253,retrograde
NorthNode,216.884656242,216.805997623,688742671,689393432,2483790.700486634858,2483798.232437067665,retrograde
NorthNode,216.815055866,216.814216200,689774040,689936228,2483802.637618128210,2483804.514794969000,retrograde
NorthNode,216.855056652,216.673485900,690532737,691303883,2483811.418840359896,2483820.344139774330,retrograde
Mercury,60.881199103,51.923326237,690582260,692642632,2483811.992016479373,2483835.838916204870,retrograde
NorthNode,216.753786979,216.449158266,691765122,692475493,2483825.682554435916,2483833.904445376247,retrograde
NorthNode,216.535072608,215.694567377,692884329,693854099,2483838.636336774565,2483849.860534547828,retrograde
Uranus,337.958152272,334.035292662,693753112,707069187,2483848.691701325588,2484002.812940753065,retrograde
NorthNode,215.734897984,214.924565611,694127971,695019376,2483853.030345310457,2483863.347526604310,retrograde
NorthNode,214.943723216,213.403350708,695226965,696393282,2483865.750177141279,2483879.249224271625,retrograde
NorthNode,213.404847456,212.215812909,696475507,697562797,2483880.200893847272,2483892.785273322836,retrograde
Pluto,23.485458046,21.464964880,697337624,711637321,2483890.179099603556,2484055.684852614067,retrograde
NorthNode,212.215818324,210.554168492,697575766,698811155,2483892.935382721014,2483907.233866464347,retrograde
NorthNode,210.558072834,209.500863015,698924937,699908918,2483908.550781250931,2483919.939448737539,retrograde
NorthNode,209.525699030,208.462156848,700137435,701150425,2483922.584321220405,2483934.308741665445,retrograde
Mercury,185.634000404,171.110333017,701227789,703166562,2483935.204165071249,2483957.643665179610,retrograde
Saturn,57.382974495,50.451540093,701435340,713072747,2483937.606376811862,2484072.298582546413,retrograde
NorthNode,208.512720707,207.963277916,701451299,702264019,2483937.791087630205,2483947.197560161352,retrograde
NorthNode,208.062915845,207.723783777,702709076,703503679,2483952.348686897196,2483961.545482107438,retrograde
NorthNode,207.794199816,207.705261944,703977581,704625807,2483967.030457260087,2483974.533072009683,retrograde
NorthNode,207.720838473,207.718900729,705069970,705281569,2483979.673855610192,2483982.122913490050,retrograde
NorthNode,207.764781946,207.637152714,705870429,706507269,2483988.938423083164,2483996.309254901484,retrograde
NorthNode,207.727452549,207.201352281,706984923,707859191,2484001.837656501681,2484011.956505972892,retrograde
Neptune,143.155705825,140.355952558,708113593,721673193,2484014.900962966494,2484171.840781099163,retrograde
NorthNode,207.282822511,206.658547090,708238521,709047736,2484016.346891499124,2484025.712812241167,retrograde
NorthNode,206.705702762,205.252143842,709331473,710428705,2484028.996804337949,2484041.696246706881,retrograde
Mars,142.579329799,123.158597562,710549150,717480766,2484043.090289379470,2484123.317323974334,retrograde
NorthNode,205.263983362,204.102794553,710594456,711600168,2484043.614656813443,2484055.254846715368,retrograde
Mercury,291.316797742,275.061518712,710777750,712510383,2484045.736115470529,2484065.789738260210,retrograde
NorthNode,204.103653615,202.117008741,711667589,712933237,2484056.035176158883,2484070.683885863982,retrograde
NorthNode,202.117497687,200.935313788,712988633,714006542,2484071.325039420277,2484083.106398519129,retrograde
NorthNode,200.945569540,199.475084349,714165290,715268858,2484084.943763731048,2484097.716530607082,retrograde
Venus,352.132871775,336.123010887,714905264,718506949,2484093.508273536339,2484135.194443626329,retrograde
NorthNode,199.515835180,198.851846871,715535302,716361313,2484100.800378602929,2484110.360686395317,retrograde
Jupiter,228.919430890,219.034202801,716716513,727387371,2484114.471805401146,2484237.977102823555,retrograde
NorthNode,198.932705014,198.381152208,716738260,717615505,2484114.723508699797,2484124.876799178310,retrograde
NorthNode,198.467978059,198.313826285,718070989,718727360,2484130.148610524833,2484137.745497572236,retrograde
NorthNode,198.372571968,198.362724095,719315563,719694415,2484144.553399282508,2484148.938258216716,retrograde
NorthNode,198.367236738,198.306139490,719975553,720597877,2484152.192174965516,2484159.395001316443,retrograde
Mercury,41.853321389,31.734231538,720479152,722531284,2484158.020866572857,2484181.772389478981,retrograde
NorthNode,198.372414470,198.066949280,721092055,721887320,2484165.114652682096,2484174.319102063775,retrograde
NorthNode,198.164261133,197.687786446,722339397,723122921,2484179.551476726308,2484188.620040225796,retrograde
NorthNode,197.744820981,196.719199946,723444722,724455277,2484192.344586386345,2484204.040826804936,retrograde
NorthNode,196.747924049,195.771111235,724696693,725650593,2484206.834999755956,2484217.875509133562,retrograde
Uranus,341.927509214,338.007012495,725658731,738970080,2484217.969700978138,2484372.036230848171,retrograde
NorthNode,195.777189488,194.106824308,725784362,727014012,2484219.423755888827,2484233.655813938007,retrograde
NorthNode,194.106881893,192.937960373,727042379,728120358,2484233.984140329994,2484246.460748010315,retrograde
NorthNode,192.938699953,191.322275985,728185538,729379331,2484247.215148908086,2484261.032195712440,retrograde
Pluto,24.487552210,22.470482380,728990206,743277781,2484256.528435614891,2484421.893891100772,retrograde
NorthNode,191.336546239,190.486723803,729564294,730467355,2484263.172965345904,2484273.625061106868,retrograde
NorthNode,190.523297057,189.601260754,730729842,731720622,2484276.663105044514,2484288.130466194823,retrograde
Mercury,168.410786423,154.833772911,731260566,733266180,2484282.805751055479,2484306.018873386085,retrograde
NorthNode,189.679855938,189.332957172,732104613,732829330,2484292.574807131663,2484300.962741967291,retrograde
NorthNode,189.419321834,189.196535643,733286179,734072126,2484306.250340999104,2484315.346954325214,retrograde
Saturn,71.331372571,64.376517950,734223262,745819152,2484317.096216909587,2484451.307898655534,retrograde
NorthNode,189.248666032,189.240238402,734639969,735006821,2484321.919214031659,2484326.165178712457,retrograde
NorthNode,189.241714717,189.182089242,735199130,735853043,2484328.390986035578,2484335.959414738230,retrograde
NorthNode,189.274420641,189.002482659,736431677,737167550,2484342.656566773541,2484351.173615475185,retrograde
NorthNode,189.079966484,188.455628641,737563398,738431573,2484355.755192065611,2484365.803509995341,retrograde
NorthNode,188.531047752,187.648193898,738790498,739699214,2484369.957743484527,2484380.475290148519,retrograde
Neptune,145.359739486,142.559367270,739862929,753421578,2484382.370130703785,2484539.298946461640,retrograde
NorthNode,187.672085429,186.197230012,739911418,741014193,2484382.931348610669,2484395.694952197373,retrograde
Mercury,275.465861573,259.153153133,740921651,742631242,2484394.623859263957,2484414.410795815289,retrograde
NorthNode,186.202175033,184.851334023,741139516,742234664,2484397.145444163121,2484409.820769461803,retrograde
NorthNode,184.851339885,183.019185613,742247054,743478137,2484409.964177950285,2484424.212818448432,retrograde
NorthNode,183.023158405,181.882775881,743593963,744584448,2484425.553394204006,2484437.017349360511,retrograde
NorthNode,181.902283067,180.667535392,744780471,745817927,2484439.286133832298,2484451.293725341558,retrograde
NorthNode,180.738314372,180.222726443,746162633,746942179,2484455.283371672034,2484464.305894910358,retrograde
NorthNode,180.302431025,179.915172006,747333238,748166860,2484468.832048896700,2484478.480451376177,retrograde
NorthNode,180.006024242,179.944493857,748717333,749314085,2484484.851661646739,2484491.758512576111,retrograde
NorthNode,179.951410848,179.948579846,749646313,749890440,2484495.603742812760,2484498.429289909080,retrograde
Mercury,23.658194076,12.021500280,750441168,752472423,2484504.803459227085,2484528.313349105418,retrograde
NorthNode,180.006920191,179.819156795,750522835,751256219,2484505.748680915684,2484514.236923501827,retrograde
Jupiter,259.825731996,249.975574282,751032016,761661266,2484511.641974411905,2484634.665700025856,retrograde
NorthNode,179.893018789,179.503273369,751684547,752459592,2484519.194420077838,2484528.164850789122,retrograde
NorthNode,179.597684140,178.825505962,752878121,753786334,2484533.008928893134,2484543.520659288391,retrograde
NorthNode,178.860747088,177.823162857,754040856,755029689,2484546.466516850516,2484557.911336383782,retrograde
NorthNode,177.839296749,176.531726347,755226310,756310315,2484560.187042145990,2484572.733403282240,retrograde
NorthNode,176.532727356,175.044729842,756381045,757566962,2484573.552028573118,2484587.277928013355,retrograde
Uranus,345.893525944,341.974913638,757573958,770872419,2484587.358899689279,2484741.276266151108,retrograde
NorthNode,175.044816934,173.735868220,757600211,758716122,2484587.662747730501,2484600.578385611065,retrograde
NorthNode,173.740257444,172.461898313,758833750,759908702,2484601.939821233973,2484614.381393183954,retrograde
NorthNode,172.494374118,171.707959619,760165562,761062491,2484617.354313277639,2484627.735438868403,retrograde
Pluto,25.486147200,23.472831437,760643357,774914823,2484622.884349501692,2484788.063353947364,retrograde
Mercury,150.472600506,138.110960845,761266537,763324164,2484630.097085021436,2484653.912202514708,retrograde
NorthNode,171.756552954,171.117693651,761360682,762256410,2484631.186725902371,2484641.553948924877,retrograde
NorthNode,171.221101772,170.981772109,762724645,763425342,2484646.973328254186,2484655.083244221285,retrograde
NorthNode,171.046615027,170.953164646,763896260,764610545,2484660.533689215779,2484668.800877844915,retrograde
NorthNode,170.960458323,170.954167924,764950062,765273836,2484672.730465951376,2484676.477851963602,retrograde
Venus,199.846938813,183.963650426,764987371,768630394,2484673.162283098325,2484715.326906872913,retrograde
NorthNode,170.993991067,170.863456176,765797665,766442486,2484682.540687686764,2484690.003891206346,retrograde
NorthNode,170.970277697,170.477709046,766965571,767819830,2484696.058120525442,2484705.945376817137,retrograde
Saturn,85.425468428,78.456140693,767014479,778582925,2484696.624181829393,2484830.518241092563,retrograde
NorthNode,170.543967865,169.883641196,768165675,769004945,2484709.948219635524,2484719.661984376609,retrograde
NorthNode,169.938430234,168.672404909,769314775,770359258,2484723.247984125279,2484735.336908693425,retrograde
NorthNode,168.683230765,167.366996260,770516953,771580984,2484737.162084647454,2484749.477252468467,retrograde
Mercury,259.652519626,243.394487298,771057228,772765827,2484743.415264979005,2484763.190715111792,retrograde
Neptune,147.560178468,144.759731222,771606100,785174070,2484749.767945134081,2484906.804642365314,retrograde
NorthNode,167.368069781,165.687347013,771655997,772851703,2484750.345463440754,2484764.184654317796,retrograde
NorthNode,165.687611714,164.246147209,772895722,773995459,2484764.694130598567,2484777.422564642504,retrograde
NorthNode,164.257921751,163.032689532,774165915,775189026,2484779.395433712751,2484791.236994815059,retrograde
NorthNode,163.066208296,162.205617453,775430555,776343549,2484794.032478389330,2484804.599534178153,retrograde
Mars,175.913473337,156.518409035,776599903,783609378,2484807.566590695642,2484888.694771262817,retrograde
NorthNode,162.301726480,161.851373770,776750045,777544003,2484809.304350125603,2484818.493675854057,retrograde
NorthNode,161.929426777,161.724276506,777967381,778699877,2484823.393883961253,2484831.871852364391,retrograde
NorthNode,161.789125831,161.783974125,779327312,779625731,2484839.133825138211,2484842.587755601853,retrograde
NorthNode,161.788877954,161.732071399,779914694,780507195,2484845.932231226936,2484852.789884470403,retrograde
Mercury,6.205126987,353.081695028,780468402,782458420,2484852.340886868536,2484875.373501174152,retrograde
NorthNode,161.818915707,161.452025277,781056411,781887260,2484859.146552280523,2484868.762856257148,retrograde
NorthNode,161.531381475,161.057547414,782285971,783055643,2484873.377567379735,2484882.285807689652,retrograde
NorthNode,161.126951884,159.993456286,783405251,784435572,2484886.332195393741,2484898.257209239528,retrograde
NorthNode,160.014907313,159.004147576,784644139,785611180,2484900.671175437979,2484911.863785982132,retrograde
Jupiter,292.365966140,282.531090241,785545679,796063098,2484911.105669230223,2485032.835049271584,retrograde
NorthNode,159.009880008,157.323212485,785745670,786970285,2484913.420381892473,2484927.594165159389,retrograde
NorthNode,157.323224772,156.093269785,786986604,788084652,2484927.783035101369,2484940.491924800910,retrograde
NorthNode,156.094970475,154.618557813,788173961,789320663,2484941.525602504611,2484954.797617688775,retrograde
Uranus,349.858504147,345.941434251,789480499,802772544,2484956.647569811903,2485110.490684784018,retrograde
NorthNode,154.632244018,153.729831496,789498153,790432205,2484956.851899300702,2484967.662681160495,retrograde
NorthNode,153.780571658,153.022154838,790740666,791664937,2484971.232830162160,2484981.930411993526,retrograde
Mercury,131.727278388,120.762398805,791238045,793325378,2484976.989535637200,2485001.148479826748,retrograde
NorthNode,153.087512275,152.717223681,792019799,792789306,2484986.037613323890,2484994.943946735933,retrograde
Pluto,26.481939635,24.472460353,792284716,806556654,2484989.103785636835,2485154.288248526864,retrograde
NorthNode,152.819936378,152.660438949,793309067,794023924,2485000.959695319645,2485009.233504921198,retrograde
NorthNode,152.698668578,152.692418274,794544656,794873619,2485015.260498863645,2485019.067934498191,retrograde
NorthNode,152.696378114,152.609409296,795150246,795875043,2485022.269640230574,2485030.658491488546,retrograde
NorthNode,152.686754815,152.460509588,796392619,797070783,2485036.648950942792,2485044.498071858659,retrograde
NorthNode,152.550902334,151.831691508,797504767,798438969,2485049.521039368585,2485060.333555526100,retrograde
NorthNode,151.889902216,151.141999891,798758271,799611330,2485064.029182050377,2485073.902557063848,retrograde
Saturn,99.583736967,92.610155118,799802694,811359042,2485076.117414452136,2485209.871438689530,retrograde
NorthNode,151.171300290,149.582351424,799848328,800996912,2485076.645591882989,2485089.939387247898,retrograde
NorthNode,149.586279703,148.365843911,801109683,802165640,2485091.244597672485,2485103.466326544993,retrograde
Mercury,243.820029736,227.707746356,801179604,802909796,2485092.053868271410,2485112.079241715372,retrograde
NorthNode,148.365865482,146.462957953,802185493,803445924,2485103.696105229668,2485118.284425825812,retrograde
Neptune,149.757696287,146.957378402,803359618,816929848,2485117.285520476289,2485274.348366023041,retrograde
NorthNode,146.465945400,145.342825768,803547850,804526622,2485119.464127541520,2485130.792505919933,retrograde
NorthNode,145.364724519,144.117721470,804736678,805782901,2485133.223709788173,2485145.332769158296,retrograde
NorthNode,144.174321822,143.615077350,806090068,806883981,2485148.887950628065,2485158.076754525304,retrograde
NorthNode,143.715122431,143.339940506,807316673,808133936,2485163.084759451449,2485172.543832341209,retrograde
NorthNode,143.415698761,143.340041601,808625874,809249580,2485178.237553516403,2485185.456378326751,retrograde
NorthNode,143.349323240,143.344291245,809606821,809898035,2485189.591110242531,2485192.961639736779,retrograde
NorthNode,143.401539382,143.248975381,810498559,811157010,2485199.912150287069,2485207.533111577854,retrograde
Mercury,349.303554066,334.948492783,810546740,812478219,2485200.469803728163,2485222.824876010418,retrograde
NorthNode,143.334829712,142.806480639,811611464,812478637,2485212.792999343015,2485222.829720404930,retrograde
NorthNode,142.889450306,142.244831731,812863764,813690115,2485227.287208700553,2485236.851455650292,retrograde
NorthNode,142.285191551,140.922656420,813958695,815048307,2485239.960019797087,2485252.571263856255,retrograde
NorthNode,140.934348280,139.829961316,815218219,816227168,2485254.537845733576,2485266.215489275753,retrograde
Venus,62.334527340,45.862542645,815687278,819382597,2485259.966764526442,2485302.736660046503,retrograde
NorthNode,139.830817636,138.002560640,816295284,817558554,2485267.003868272528,2485281.625051991083,retrograde
NorthNode,138.002833151,136.899942887,817605720,818633756,2485282.170959649608,2485294.069524160586,retrograde
NorthNode,136.906493777,135.472041675,818771636,819896058,2485295.665360318497,2485308.679498975165,retrograde
NorthNode,135.504724559,134.844186821,820148614,820986603,2485311.602596475743,2485321.301544278860,retrograde
Jupiter,326.932036196,317.082473693,820246935,830610725,2485312.740580074489,2485432.691853910685,retrograde
Mercury,112.226245050,102.601963792,821166713,823258200,2485323.386154741049,2485347.593183696270,retrograde
NorthNode,134.905404555,134.267275021,821323240,822240567,2485325.197811724618,2485335.815023917705,retrograde
Uranus,353.824255226,349.907312458,821396246,834673806,2485326.042781346478,2485479.718246306293,retrograde
NorthNode,134.353850217,134.155461194,822680769,823351774,2485340.909953594208,2485348.676208782941,retrograde
NorthNode,134.227745002,134.160142662,823883124,824594083,2485354.826096344739,2485363.054785015061,retrograde
Pluto,27.475734797,25.470094019,823925428,838204441,2485355.315730781294,2485520.582081791945,retrograde
NorthNode,134.161194773,134.148016910,824767899,825204362,2485365.066546981223,2485370.118198201060,retrograde
NorthNode,134.191539838,134.010502088,825720120,826449243,2485376.087619831786,2485384.526547107846,retrograde
NorthNode,134.114892834,133.715087826,826957055,827728735,2485390.403995512053,2485399.335483646952,retrograde
NorthNode,133.780974491,132.945907252,828078222,829021784,2485403.380473885685,2485414.301326569170,retrograde
NorthNode,132.992850442,132.013647252,829314445,830256048,2485417.688611244783,2485428.586795381270,retrograde
NorthNode,132.025385116,130.407853841,830421142,831595619,2485430.497598212212,2485444.091082639061,retrograde
Mercury,227.905939499,212.034653946,831286109,833058085,2485440.508794382215,2485461.017770834267,retrograde
NorthNode,130.408582423,129.099574596,831661308,832754475,2485444.851375836879,2485457.503774768673,retrograde
Saturn,113.719844240,106.752869051,832581536,844142838,2485455.502164974809,2485589.313528880477,retrograde
NorthNode,129.099741432,127.342869040,832792765,833998660,2485457.946938890964,2485471.904055114836,retrograde
NorthNode,127.354362691,126.361107473,834166542,835098275,2485473.847140692174,2485484.631082209758,retrograde
Neptune,151.953268275,149.153927952,835103979,848681973,2485484.697099770419,2485641.849816278554,retrograde
NorthNode,126.393909099,125.347624657,835339651,836339392,2485487.424784391187,2485498.995867374353,retrograde
NorthNode,125.435609631,125.044641367,836727990,837460390,2485503.493529715575,2485511.970377824269,retrograde
NorthNode,125.131697253,124.886358677,837899584,838690111,2485517.053639866412,2485526.203259633854,retrograde
NorthNode,124.944306171,124.938306285,839279289,839590986,2485533.022445582785,2485536.630057755858,retrograde
NorthNode,124.941493088,124.876301740,839835659,840469624,2485539.461923025548,2485546.799476492219,retrograde
Mercury,332.800596809,317.545372954,840660177,842526431,2485549.004946410656,2485570.605110041797,retrograde
NorthNode,124.976751951,124.655512129,841048674,841817613,2485553.501446700655,2485562.401196841151,retrograde
NorthNode,124.731450803,124.123339060,842201258,843047486,2485566.841531313024,2485576.635836087167,retrograde
Mars,210.510674143,192.072032759,842948836,849796597,2485575.494057820179,2485654.750556121580,retrograde
NorthNode,124.197440256,123.236122819,843404029,844349833,2485580.762496306561,2485591.709298909642,retrograde
NorthNode,123.256626455,121.916673557,844551051,845626112,2485594.038212057203,2485606.481051304378,retrograde
NorthNode,121.921254031,120.546001087,845750615,846875681,2485607.922062437050,2485620.943651949055,retrograde
NorthNode,120.546008724,118.937875766,846889395,848089973,2485621.102380501106,2485634.997962265275,retrograde
NorthNode,118.941023952,117.799805019,848200107,849224266,2485636.272657483816,2485648.126353697851,retrograde
NorthNode,117.815130055,116.688426087,849407650,850432137,2485650.248854071833,2485662.106334680691,retrograde
NorthNode,116.748366135,116.195953019,850763283,851577825,2485665.939048903063,2485675.366617989726,retrograde
Mercury,92.241880816,83.518474008,851051704,853127311,2485669.277255550027,2485693.300487264991,retrograde
NorthNode,116.262544721,115.840167199,851940336,852781377,2485679.562348436564,2485689.296620472334,retrograde
Uranus,357.791789554,353.874218360,853303125,866572290,2485695.335366348736,2485848.913664077409,retrograde
NorthNode,115.938415069,115.835629686,853314880,853945200,2485695.471424998716,2485702.766793206334,retrograde
NorthNode,115.866368478,115.865171478,854481751,854666763,2485708.976865782402,2485711.118209903128,retrograde
Jupiter,3.224944939,353.318575255,855077704,865302235,2485715.874472618103,2485834.213958419859,retrograde
NorthNode,115.881514705,115.772015160,855137374,855855454,2485716.565097293817,2485724.876210915856,retrograde
Pluto,28.467765015,26.465635011,855563835,869857836,2485721.500995685346,2485886.940813469701,retrograde
NorthNode,115.838061064,115.579764217,856318172,857030804,2485730.231742803939,2485738.479797624983,retrograde
NorthNode,115.682479315,115.009809232,857490526,858389023,2485743.800650804304,2485754.199921431951,retrograde
NorthNode,115.056918621,114.215138612,858680121,859593536,2485757.569120955653,2485768.141046050936,retrograde
NorthNode,114.244654377,112.890527594,859838163,860918535,2485770.972384638153,2485783.476681030355,retrograde
NorthNode,112.893987539,111.488236721,861025297,862165147,2485784.712358017452,2485797.905070628971,retrograde
Mercury,211.797306938,196.294944079,861374634,863204153,2485788.755605816841,2485809.930596411228,retrograde
NorthNode,111.488246775,109.939451776,862181063,863358662,2485798.089280417189,2485811.718902292661,retrograde
NorthNode,109.941610257,108.589361960,863448736,864519591,2485812.761416605674,2485825.155578557402,retrograde
NorthNode,108.614907993,107.614911984,864747588,865700224,2485827.794434588403,2485838.820308493450,retrograde
Saturn,127.750643288,120.800497374,865342195,876926988,2485834.676460444927,2485968.759710259736,retrograde
NorthNode,107.661753478,106.948013177,865981484,866868604,2485842.075628561899,2485852.343228737824,retrograde
Venus,274.093910331,258.787349279,866113472,869646822,2485843.603271955624,2485884.498521639034,retrograde
Neptune,154.147879230,151.350321584,866854369,880435780,2485852.178470795043,2486009.370720447041,retrograde
NorthNode,107.059737894,106.753837384,867326654,868060361,2485857.644733414985,2485866.136707906611,retrograde
NorthNode,106.825248745,106.717297593,868521356,869223714,2485871.472300302237,2485879.601448691450,retrograde
NorthNode,106.728906194,106.723795434,869608770,869897453,2485884.058105938137,2485887.399344702251,retrograde
NorthNode,106.768274146,106.631594148,870434938,871070321,2485893.620238360018,2485900.974211594090,retrograde
Mercury,316.576091552,300.738203331,870794513,872599165,2485897.781986519694,2485918.669157765806,retrograde
NorthNode,106.739793571,106.186311680,871580587,872458114,2485906.880070063286,2485917.036633145064,retrograde
NorthNode,106.255291025,105.593387992,872804162,873630076,2485921.041813591495,2485930.601007927209,retrograde
NorthNode,105.644092914,104.276315996,873927410,875005372,2485934.042370674200,2485946.518786820583,retrograde
NorthNode,104.285772009,103.062977007,875156715,876198217,2485948.270438545384,2485960.324855188839,retrograde
NorthNode,103.063794916,101.339018196,876266916,877492285,2485961.119980382733,2485975.302500540391,retrograde
NorthNode,101.339381081,100.074385562,877542163,878606939,2485975.879785330035,2485988.203583812341,retrograde
NorthNode,100.084620114,98.841965109,878771867,879829631,2485990.112477816641,2486002.355114568956,retrograde
NorthNode,98.872344707,98.110221613,880068811,880957142,2486005.123402909376,2486015.405004306696,retrograde
Mercury,72.257965843,63.642282982,880908836,882969539,2486014.845916233957,2486038.696636788547,retrograde
NorthNode,98.191587593,97.696856848,881343844,882180338,2486019.880723881535,2486029.562373992056,retrograde
NorthNode,97.769988902,97.551998637,882591950,883314798,2486034.326394309290,2486042.692688189447,retrograde
NorthNode,97.630034877,97.596582874,883910980,884527522,2486049.592946019955,2486056.728848151863,retrograde
NorthNode,97.596629516,97.576216971,884588288,885116101,2486057.432159393094,2486063.541106115095,retrograde
Uranus,1.761886869,357.841703009,885219106,898474578,2486064.733300223015,2486218.153105578385,retrograde
NorthNode,97.635598967,97.388550933,885673970,886470662,2486069.997927300632,2486079.218901068904,retrograde
NorthNode,97.471654348,97.112803021,886915371,887647251,2486084.365989721380,2486092.836823757738,retrograde
Pluto,29.457625499,27.458571995,887216515,901496730,2486087.851450121962,2486253.131726370193,retrograde
NorthNode,97.188858679,96.226428100,888024304,889023127,2486097.200866067782,2486108.761316721328,retrograde
NorthNode,96.260399237,95.383553122,889276846,890189487,2486111.697880020365,2486122.260847621597,retrograde
Jupiter,40.116838888,30.130530826,889889438,900045518,2486118.788057945669,2486236.335280723870,retrograde
NorthNode,95.396124925,93.700309567,890365231,891567940,2486124.294930316508,2486138.215166392736,retrograde
Mercury,195.371268184,180.420007913,891443750,893340654,2486136.777785211802,2486158.732693918049,retrograde
NorthNode,93.700782371,92.485157982,891623309,892701678,2486138.856011632830,2486151.337135192938,retrograde
NorthNode,92.485398132,90.756144107,892746869,893957551,2486151.860184399411,2486165.872709380463,retrograde
NorthNode,90.765095599,89.776089673,894107843,895048126,2486167.612191653810,2486178.495103059337,retrograde
NorthNode,89.815506590,88.826850730,895316304,896297649,2486181.599017215893,2486192.957170915790,retrograde
NorthNode,88.895382770,88.462927513,896642120,897407157,2486196.944107910618,2486205.798694491386,retrograde
NorthNode,88.570885573,88.342991405,897896235,898652786,2486211.459328329191,2486220.215703560971,retrograde
Saturn,141.601355560,134.676609266,898081123,909704259,2486213.599233925343,2486348.126274026930,retrograde
Neptune,156.343225437,153.547998155,898601201,912182786,2486219.618651545607,2486376.812927364372,retrograde
NorthNode,88.394407211,88.379830091,899174552,899605092,2486226.254660219885,2486231.237761068158,retrograde
NorthNode,88.380987199,88.305411196,899775940,900479617,2486233.215165623464,2486241.359574768692,retrograde
Mercury,300.546158726,284.386785155,900938717,902693250,2486246.673234425485,2486266.980334475636,retrograde
NorthNode,88.392859090,88.144204013,901021145,901709755,2486247.627263025381,2486255.597284560092,retrograde
NorthNode,88.234598225,87.481972572,902130181,903059543,2486260.463328496553,2486271.219830210321,retrograde
NorthNode,87.545493022,86.739311262,903385994,904250563,2486274.998206882738,2486285.004788222723,retrograde
NorthNode,86.765434626,85.132208776,904473295,905629188,2486287.582700470462,2486300.961094563827,retrograde
NorthNode,85.135561431,83.916157771,905736889,906796563,2486302.207632005215,2486314.472379082814,retrograde
NorthNode,83.916166594,82.047480752,906811198,908073693,2486314.641761637293,2486329.253977162763,retrograde
NorthNode,82.051163408,81.008582169,908185529,909150629,2486330.548372742720,2486341.718518508598,retrograde
NorthNode,81.028748924,79.823825444,909356250,910411719,2486344.098393063061,2486356.314465109259,retrograde
Mars,252.369686341,236.702944878,910215668,916521908,2486354.045356106944,2486427.034238842316,retrograde
NorthNode,79.879465660,79.370083154,910726303,911508444,2486359.955485285260,2486369.008034911938,retrograde
Mercury,52.774642356,43.396051664,910776367,912834353,2486360.534922786057,2486384.354212857783,retrograde
NorthNode,79.455005425,79.061686825,911918566,912760524,2486373.754828061908,2486383.499711578712,retrograde
NorthNode,79.139392182,79.052717406,913255336,913874272,2486389.226693033241,2486396.390305118635,retrograde
NorthNode,79.077631411,79.077626237,914453922,914483834,2486403.099226384424,2486403.445420408621,retrograde
NorthNode,79.111807734,79.003387342,915121383,915777645,2486410.824460566975,2486418.420087541454,retrograde
NorthNode,79.074591838,78.703912616,916239829,917052166,2486423.769443583675,2486433.171487954445,retrograde
Venus,129.171979717,112.687839286,916392543,920120117,2486425.536960551515,2486468.680178416893,retrograde
Uranus,5.734591509,1.810891223,917125871,930370972,2486434.024555082433,2486587.324339714833,retrograde
NorthNode,78.796139368,78.245865009,917482610,918298823,2486438.153475160711,2486447.600395529531,retrograde
NorthNode,78.292674362,77.186715548,918591379,919619003,2486450.986452634446,2486462.880248124711,retrograde
Pluto,30.444631377,28.448074481,918864761,933135801,2486454.150592931546,2486619.324670485221,retrograde
NorthNode,77.208744160,76.155815418,919837676,920824547,2486465.411183450371,2486476.833301052451,retrograde
NorthNode,76.158969874,74.424795888,920930135,922176104,2486478.055392101407,2486492.476325689815,retrograde
Mercury,178.476823629,164.319313903,921490411,923457508,2486484.540071308613,2486507.307391852140,retrograde
NorthNode,74.424799991,73.230906045,922187821,923265541,2486492.611942768097,2486505.085548245348,retrograde
NorthNode,73.233277523,71.636944481,923360815,924518406,2486506.188263637014,2486519.586306225508,retrograde
Jupiter,76.147078618,66.094509465,924546009,934737069,2486519.905778311193,2486637.857862651348,retrograde
NorthNode,71.661080429,70.864169957,924740572,925614455,2486522.157671203837,2486532.272057808936,retrograde
NorthNode,70.913961463,70.096575827,925908952,926860965,2486535.680589423515,2486546.699260636233,retrograde
NorthNode,70.192806634,69.927069193,927290332,927979917,2486551.668776285835,2486559.650094749406,retrograde
NorthNode,70.008608374,69.886749198,928471345,929213049,2486565.337915762328,2486573.922449609265,retrograde
NorthNode,69.897660974,69.894793674,929595342,929832581,2486578.347135099582,2486581.092964480631,retrograde
Neptune,158.539885818,155.747227909,930349043,943934167,2486587.070527649485,2486744.305761796422,retrograde
NorthNode,69.931668805,69.775740568,930353499,931046457,2486587.122108487412,2486595.142444550991,retrograde
Saturn,155.210935299,148.318529682,930795670,942469389,2486592.239827960730,2486727.352305613458,retrograde
Mercury,284.651197129,268.359539087,931084372,932805256,2486595.581282831728,2486615.498920068145,retrograde
NorthNode,69.891588489,69.442635349,931573810,932369451,2486601.246070086025,2486610.454878856428,retrograde
NorthNode,69.511793788,68.687055387,932715931,933629850,2486614.465069376864,2486625.042827496305,retrograde
NorthNode,68.738873366,67.623538091,933928894,934903807,2486628.503989148885,2486639.787708287127,retrograde
NorthNode,67.634204984,66.051492993,935060260,936213551,2486641.598499579355,2486654.946782203391,retrograde
NorthNode,66.052057427,64.644794025,936273877,937392923,2486655.644993557595,2486668.596913041547,retrograde
NorthNode,64.645105829,63.007322495,937439813,938611847,2486669.139626976103,2486682.704837462865,retrograde
NorthNode,63.020496417,62.026263764,938790505,939735740,2486684.772634845227,2486695.712857929058,retrograde
NorthNode,62.058353482,61.112577314,939977543,940954940,2486698.511503172107,2486709.823969040997,retrograde
Mercury,34.107595535,23.363481857,940698565,942746193,2486706.856666542590,2486730.556065633893,retrograde
NorthNode,61.199917576,60.820469624,941353096,942096029,2486714.432250312530,2486723.031017540954,retrograde
NorthNode,60.897510080,60.659899191,942520748,943306087,2486727.946739051491,2486737.036319679581,retrograde
NorthNode,60.723462770,60.709556325,943900756,944349683,2486743.919059689157,2486749.114972048439,retrograde
NorthNode,60.709924831,60.672483216,944472792,945070618,2486750.539845849387,2486757.459126157686,retrograde
NorthNode,60.753822194,60.491169031,945662603,946436063,2486764.310803552158,2486773.262888489291,retrograde
NorthNode,60.562454250,60.114688001,946836606,947627871,2486777.898804739118,2486787.056962870061,retrograde
NorthNode,60.195511569,59.330905335,948015654,948962959,2486791.545197584666,2486802.509374942631,retrograde
Uranus,9.710636549,5.781862054,949041919,962274315,2486803.423263630830,2486956.575996563770,retrograde
NorthNode,59.357671146,58.282163150,949191444,950192654,2486805.153873680159,2486816.741951235570,retrograde
NorthNode,58.292682157,56.909686675,950361844,951485666,2486818.700166999362,2486831.707364468835,retrograde
Pluto,31.427689580,29.433129160,950505596,964775760,2486820.363961369731,2486985.527906031348,retrograde
Mercury,160.960392150,147.872473067,951511378,953542014,2486832.004959732294,2486855.507688716054,retrograde
NorthNode,56.909960568,55.434368648,951531364,952701741,2486832.236279731616,2486845.782312273048,retrograde
NorthNode,55.434928654,54.111215308,952763474,953865813,2486846.496812320314,2486859.255365300924,retrograde
NorthNode,54.119440011,52.913174779,954011151,955044415,2486860.937519183382,2486872.896591575816,retrograde
NorthNode,52.958672606,52.221517650,955334621,956213384,2486876.255464958027,2486886.426332165487,retrograde
NorthNode,52.281774688,51.743679542,956541373,957394273,2486890.222500157543,2486900.094020005316,retrograde
NorthNode,51.856803332,51.682516624,957902975,958578470,2486905.981780816801,2486913.800003168173,retrograde
Jupiter,110.337493437,100.269458497,959005992,969301423,2486918.748184591532,2487037.908260852098,retrograde
NorthNode,51.732629031,51.709317457,959081654,959593607,2486919.623896518722,2486925.549273218960,retrograde
NorthNode,51.710240258,51.634506817,959752107,960464850,2486927.383764378726,2486935.633109117858,retrograde
NorthNode,51.702265859,51.472908832,960953429,961635263,2486941.287960410118,2486949.179559363052,retrograde
Mercury,268.827159041,252.531478891,961224957,962932137,2486944.430644109845,2486964.189674898982,retrograde
Neptune,160.738530224,157.948005639,962092570,975679779,2486954.472456700169,2487111.731827170588,retrograde
NorthNode,51.583701803,50.853904771,962104048,963018256,2486954.605311185122,2486965.186421809718,retrograde
NorthNode,50.908303414,50.075804819,963319792,964202790,2486968.676425816491,2486978.896303163841,retrograde
Saturn,168.536414352,161.680966479,963481878,975221263,2486970.552418053150,2487106.424925625324,retrograde
NorthNode,50.108248764,48.567391759,964449482,965562804,2486981.751531788148,2486994.637201721780,retrograde
NorthNode,48.570754605,47.196864903,965667048,966778660,2486995.843737468123,2487008.709610167891,retrograde
NorthNode,47.196869388,45.490964460,966790635,968000328,2487008.848216530867,2487022.849286191165,retrograde
Venus,349.748754515,333.774689018,967157770,970756311,2487013.097466366366,2487054.747241707519,retrograde
NorthNode,45.493895203,44.249092060,968100075,969130038,2487024.003764765337,2487035.924643139355,retrograde
NorthNode,44.276322294,43.238825818,969363401,970340570,2487038.625599408522,2487049.935421376489,retrograde
NorthNode,43.287825648,42.667631177,970631237,971482281,2487053.299631348811,2487063.149672591127,retrograde
Mercury,16.248718967,3.957134672,970690259,972705787,2487053.982753984630,2487077.310618482530,retrograde
NorthNode,42.774140768,42.468197016,971941070,972697959,2487068.459727018140,2487077.220016641542,retrograde
NorthNode,42.535184677,42.439194911,973160666,973840141,2487082.575423246250,2487090.439721831121,retrograde
NorthNode,42.453873191,42.451609426,974281837,974509148,2487095.551941163838,2487098.182854702696,retrograde
NorthNode,42.490332128,42.379083742,975067987,975692647,2487104.650897559710,2487111.880759111606,retrograde
NorthNode,42.470227588,42.006459519,976196693,977065066,2487117.714626344852,2487127.765237779357,retrograde
NorthNode,42.077497451,41.539479017,977436022,978231053,2487132.058710115030,2487141.260464902036,retrograde
NorthNode,41.592526782,40.379286839,978543888,979609822,2487144.881240652874,2487157.218435285613,retrograde
Mars,313.800966961,303.364731873,979456946,984756927,2487155.449037640356,2487216.791411289014,retrograde
NorthNode,40.393704358,39.356149840,979791774,980778929,2487159.324363380671,2487170.749769864604,retrograde
NorthNode,39.358885200,37.649234025,980883367,982130782,2487171.958543121815,2487186.396211392246,retrograde
Uranus,13.690913583,9.757036806,980950359,994170083,2487172.733903215267,2487325.739974579774,retrograde
Mercury,142.697696905,130.921667229,981502945,983578014,2487179.129581727087,2487203.146582596004,retrograde
Pluto,32.406659781,30.413799346,982143337,996419309,2487186.541519328021,2487351.772684850730,retrograde
NorthNode,37.649245702,36.453698716,982146918,983222693,2487186.582976771519,2487199.034074277617,retrograde
NorthNode,36.457366646,35.016340612,983338064,984467786,2487200.369385059923,2487213.444871476851,retrograde
NorthNode,35.037068780,34.207229328,984674534,985572113,2487215.837783806026,2487226.226431545801,retrograde
NorthNode,34.269556549,33.578703509,985906261,986813012,2487230.093889994547,2487240.588683496229,retrograde
NorthNode,33.654350000,33.358004103,987200977,987931837,2487245.079025127925,2487253.538051919080,retrograde
NorthNode,33.455949176,33.357714215,988481023,989173180,2487259.894373171031,2487267.905449325219,retrograde
NorthNode,33.368496412,33.367671166,989569231,989728550,2487272.489365946501,2487274.333343267441,retrograde
NorthNode,33.405248656,33.218345094,990294184,991057827,2487280.880028736778,2487289.718486901373,retrograde
Mercury,253.026782221,236.819647384,991355573,993070813,2487293.164625145495,2487313.016943752766,retrograde
NorthNode,33.313528037,32.968584812,991542786,992263984,2487295.331440468319,2487303.678645876236,retrograde
NorthNode,33.051675426,32.078557357,992647500,993631595,2487308.117485710420,2487319.507470352575,retrograde
Jupiter,142.546542642,132.508931798,993277456,1003710116,2487315.408645793796,2487436.157026492059,retrograde
Neptune,162.938090697,160.149280854,993833557,1007431689,2487321.845002020709,2487479.230787432753,retrograde
NorthNode,32.122272036,31.199643789,993906299,994809941,2487322.686922875233,2487333.145737517625,retrograde
NorthNode,31.213906014,29.378224558,994987635,996196887,2487335.202385596000,2487349.198353742249,retrograde
Saturn,181.552899660,174.736190241,996135175,1007956340,2487348.484097033739,2487485.303136974573,retrograde
NorthNode,29.378746683,28.117776368,996253579,997322545,2487349.854512444697,2487362.226804458536,retrograde
NorthNode,28.118054599,26.272890335,997368764,998588230,2487362.761740695685,2487376.875932294875,retrograde
NorthNode,26.284117104,25.329953722,998750838,999669343,2487378.757965692319,2487389.388814812526,retrograde
NorthNode,25.370236801,24.370745750,999936903,1000928026,2487392.485570499673,2487403.956903458573,retrograde
Mercury,359.045953301,345.355650388,1000741588,1002706742,2487401.799061164260,2487424.543894946575,retrograde
NorthNode,24.445618166,24.064670709,1001291521,1002031086,2487408.164023594931,2487416.723809357733,retrograde
NorthNode,24.162810740,23.945570930,1002510903,1003281613,2487422.277244729921,2487431.197493538260,retrograde
NorthNode,23.993525901,23.984086333,1003822166,1004202494,2487437.453901877627,2487441.855837762356,retrograde
NorthNode,23.985639835,23.918375841,1004398569,1005085289,2487444.125224438496,2487452.073370461352,retrograde
NorthNode,24.003946984,23.767872294,1005644780,1006347056,2487458.548963002861,2487466.677155692130,retrograde
NorthNode,23.846327659,23.222907746,1006757945,1007656007,2487471.432818143629,2487481.827061172575,retrograde
NorthNode,23.290244728,22.558676034,1008006469,1008872096,2487485.883324355818,2487495.902158169076,retrograde
NorthNode,22.585805850,21.200020781,1009103788,1010219791,2487498.583780950867,2487511.500478834845,retrograde
NorthNode,21.206226823,20.070216773,1010357914,1011401703,2487513.099128701724,2487525.180014140904,retrograde
NorthNode,20.070373743,18.320026830,1011440390,1012697924,2487525.627782865427,2487540.182573462836,retrograde
Mercury,123.620832693,113.252745512,1011458335,1013549826,2487525.835479892790,2487550.042553350329,retrograde
NorthNode,18.321169473,17.251980281,1012775114,1013779835,2487541.075981698930,2487552.704698160291,retrograde
Uranus,17.677894833,13.738442754,1012866099,1026072535,2487542.129051364027,2487694.981320793740,retrograde
Pluto,33.381493723,31.390226881,1013775832,1028071615,2487552.658370132558,2487718.118812195025,retrograde
NorthNode,17.262217963,15.937910224,1013940874,1015036203,2487554.568577663973,2487567.245992623270,retrograde
NorthNode,15.981346391,15.378077006,1015320550,1016134253,2487570.537042249925,2487579.954898785800,retrograde
NorthNode,15.446778160,14.898136232,1016490781,1017382145,2487584.081388588995,2487594.398094207048,retrograde
Venus,197.563701974,181.642321426,1017238276,1020884445,2487592.732953431085,2487634.933974122629,retrograde
NorthNode,14.990502117,14.841368077,1017858053,1018501670,2487599.906291472726,2487607.355563152581,retrograde
NorthNode,14.897147230,14.880058923,1019053164,1019515850,2487613.738590860739,2487619.093753223307,retrograde
NorthNode,14.882403666,14.818643432,1019738304,1020390172,2487621.668455691077,2487629.213227424771,retrograde
NorthNode,14.881896850,14.601041787,1020870752,1021626876,2487634.775497187860,2487643.526932160370,retrograde
Mercury,237.175407833,221.147664265,1021472238,1023217114,2487641.737135127187,2487661.932463392615,retrograde
NorthNode,14.711122574,14.150546727,1022098673,1022921042,2487648.987545617856,2487658.505706716329,retrograde
NorthNode,14.206099113,13.160018659,1023227949,1024208574,2487662.057861074805,2487673.407689799555,retrograde
NorthNode,13.191461018,12.007550550,1024453243,1025455014,2487676.239511661232,2487687.834077332169,retrograde
NorthNode,12.011743151,10.242218918,1025567771,1026788995,2487689.139143644832,2487703.273680555634,retrograde
Neptune,165.137850111,162.349766963,1025582856,1039176480,2487689.313730900176,2487846.647341581993,retrograde
NorthNode,10.242221184,8.898323454,1026798476,1027901359,2487703.383409786038,2487716.148257577792,retrograde
Jupiter,173.251949852,163.270443405,1027447079,1038005959,2487710.890389062464,2487833.099647536874,retrograde
NorthNode,8.900787960,7.280784544,1027995300,1029133922,2487717.235545641743,2487730.414037283510,retrograde
Saturn,194.252743800,187.474891905,1028770075,1040661895,2487726.202840223908,2487863.839648328722,retrograde
NorthNode,7.308724355,6.471150269,1029366494,1030248955,2487733.105838279240,2487743.319515933283,retrograde
NorthNode,6.522347099,5.737927491,1030542950,1031477968,2487746.722225032747,2487757.544200000353,retrograde
Mercury,342.338550393,327.558779873,1030836579,1032740537,2487750.120717853308,2487772.157265372574,retrograde
NorthNode,5.842223825,5.593138964,1031928163,1032615181,2487762.754783161916,2487770.706386635080,retrograde
NorthNode,5.666249969,5.563063927,1033098534,1033831272,2487776.300745151006,2487784.781517837197,retrograde
NorthNode,5.569247356,5.562350048,1034144784,1034474541,2487788.410125651397,2487792.226756973192,retrograde
NorthNode,5.601497675,5.456660312,1034988264,1035660880,2487798.172625612468,2487805.957535827532,retrograde
NorthNode,5.566468312,5.115785279,1036187681,1037009116,2487812.054764681496,2487821.562118694186,retrograde
NorthNode,5.179100075,4.490706499,1037353015,1038228443,2487825.542429490015,2487835.674700508825,retrograde
NorthNode,4.543277924,3.469250750,1038539772,1039535064,2487839.278045632876,2487850.797623962164,retrograde
NorthNode,3.480895561,2.169422123,1039700916,1040798082,2487852.717210486531,2487865.415892477147,retrograde
NorthNode,2.170902237,0.772870681,1040884080,1042036052,2487866.411231920123,2487879.744240799919,retrograde
Mercury,103.864807407,94.698267787,1041368989,1043452993,2487872.023604057729,2487896.144018881023,retrograde
NorthNode,0.772903037,359.307953826,1042058479,1043224039,2487880.003815631382,2487893.494098166935,retrograde
NorthNode,359.314410767,358.217599895,1043366610,1044375590,2487895.144219015725,2487906.822225301526,retrograde
NorthNode,358.238318834,357.253813676,1044582045,1045568135,2487909.211754060350,2487920.624840163626,retrograde
Uranus,21.673804221,17.729034540,1044778338,1057970887,2487911.483670040034,2488064.175210357644,retrograde
Pluto,34.352222063,32.362644242,1045422157,1059714815,2487918.935277028941,2488084.359558173455,retrograde
NorthNode,357.325284035,356.825240095,1045929752,1046729975,2487924.810215941630,2487934.072053635493,retrograde
NorthNode,356.895796468,356.558635978,1047112293,1047919499,2487938.497030597180,2487947.839696646668,retrograde
NorthNode,356.651352974,356.585744729,1048485960,1049099020,2487954.395958008245,2487961.491558196023,retrograde
Mars,32.489707572,19.340282290,1049009922,1054671659,2487960.460334257223,2488025.989695950411,retrograde
NorthNode,356.593927560,356.592589017,1049461432,1049652553,2487965.686147432774,2487967.898193928413,retrograde
NorthNode,356.641519524,356.451868287,1050274948,1051034812,2487975.101834628731,2487983.896562241949,retrograde
NorthNode,356.527879429,356.175860487,1051471124,1052207718,2487988.946460776031,2487997.471856909804,retrograde
Mercury,221.185940558,205.450262418,1051571569,1053365576,2487990.109027281404,2488010.872996553779,retrograde
NorthNode,356.272877255,355.396171444,1052627793,1053577634,2488002.333844278939,2488013.327367600054,retrograde
NorthNode,355.433190111,354.427974425,1053832077,1054777412,2488016.272314197384,2488027.213683298789,retrograde
NorthNode,354.444960894,352.863607171,1054972545,1056115679,2488029.472168464214,2488042.702891506255,retrograde
NorthNode,352.864225195,351.383855048,1056174276,1057311065,2488043.381093639880,2488056.538372219540,retrograde
Neptune,167.336522986,164.548979264,1057324599,1070929003,2488056.695022839122,2488214.153404603712,retrograde
NorthNode,351.384146001,349.825143175,1057359336,1058507247,2488057.097062650137,2488070.383074262179,retrograde
NorthNode,349.833722025,348.633147798,1058651462,1059654623,2488072.052228501998,2488083.662894668989,retrograde
NorthNode,348.681188929,347.853996524,1059944544,1060852197,2488087.018458145671,2488097.523698823527,retrograde
Mercury,325.972601951,310.438369512,1060959904,1062800091,2488098.770308963954,2488120.068764247000,retrograde
NorthNode,347.918937279,347.419135696,1061186532,1062007703,2488101.393312848173,2488110.897608278319,retrograde
Saturn,206.647082308,199.906973318,1061384697,1073338614,2488103.686889976263,2488242.042415842414,retrograde
Jupiter,203.228018007,193.303475364,1061587324,1072231665,2488106.032111898065,2488229.230508007109,retrograde
NorthNode,347.535415960,347.363504426,1062525053,1063216061,2488116.885462543927,2488124.883237677626,retrograde
NorthNode,347.407796748,347.395780762,1063724474,1064124994,2488130.767652599141,2488135.403293689713,retrograde
NorthNode,347.398789830,347.307682044,1064365427,1065093940,2488138.186086378992,2488146.617946721613,retrograde
NorthNode,347.380144447,347.150965340,1065588873,1066267276,2488152.346339126118,2488160.198225715198,retrograde
NorthNode,347.250715856,346.526060026,1066718759,1067649016,2488165.423728706315,2488176.190583836287,retrograde
Venus,60.151317877,43.680670295,1067949568,1071640698,2488179.669199103490,2488222.390604967251,retrograde
NorthNode,346.578774936,345.837883586,1067954984,1068817625,2488179.731877335347,2488189.716156888753,retrograde
NorthNode,345.868153139,344.394255813,1069062940,1070190577,2488192.555444010533,2488205.606806763448,retrograde
NorthNode,344.398233423,343.218440447,1070304607,1071375026,2488206.926593183540,2488219.315700022504,retrograde
Mercury,83.804794985,75.239448243,1071236521,1073306243,2488217.712636537850,2488241.667746566236,retrograde
NorthNode,343.218489384,341.530300275,1071402094,1072640818,2488219.628992496058,2488233.966077070683,retrograde
NorthNode,341.531743963,340.411094040,1072721641,1073743768,2488234.901528311893,2488246.731696348637,retrograde
NorthNode,340.427274246,339.275340560,1073940078,1074979042,2488249.003809203394,2488261.028854151256,retrograde
NorthNode,339.313388866,338.673852982,1075245315,1076096423,2488264.110718933865,2488273.961497796699,retrograde
NorthNode,338.761927797,338.332665807,1076507852,1077330378,2488278.723408925347,2488288.243392565288,retrograde
Uranus,25.681235637,21.731059775,1076695633,1089871282,2488280.896806367673,2488433.392743491568,retrograde
Pluto,35.319337654,33.331686359,1077073801,1091350248,2488285.273741488345,2488450.510401069187,retrograde
NorthNode,338.401293612,338.401273283,1077693108,1077693126,2488292.441655516624,2488292.441855513491,retrograde
NorthNode,338.406032184,338.248755882,1077766711,1078456412,2488293.293537010439,2488301.276190730743,retrograde
NorthNode,338.306223856,338.300764727,1079076462,1079389601,2488308.452698460780,2488312.076989669353,retrograde
NorthNode,338.306165190,338.250473009,1079695456,1080291879,2488315.616974107921,2488322.520024274476,retrograde
NorthNode,338.324736758,337.982776413,1080815534,1081642818,2488328.580843362957,2488338.155889369547,retrograde
Mercury,204.960631247,189.669564277,1081651448,1083509184,2488338.255776107311,2488359.757343485951,retrograde
NorthNode,338.069594487,337.606017407,1082064002,1082826083,2488343.030701321550,2488351.851081737317,retrograde
NorthNode,337.671872296,336.507182769,1083165119,1084205085,2488355.775107787922,2488367.811752622016,retrograde
NorthNode,336.531640477,335.503676235,1084423681,1085373718,2488370.341796769761,2488381.337602173910,retrograde
NorthNode,335.509377841,333.629680767,1085503706,1086758328,2488382.842094481923,2488397.363180449232,retrograde
NorthNode,333.629684329,332.368346119,1086769020,1087840613,2488397.486924967729,2488409.889624943957,retrograde
NorthNode,332.370750753,330.697955428,1087936883,1089100849,2488411.003864137456,2488424.475692759268,retrograde
Neptune,169.533113500,166.745266526,1089076093,1102685613,2488424.189164317213,2488581.706758649088,retrograde
NorthNode,330.720016831,329.858536283,1089308022,1090190482,2488426.873530346900,2488437.087183783762,retrograde
NorthNode,329.920307911,329.138719815,1090512097,1091443881,2488440.809576191008,2488451.594118236564,retrograde
Mercury,309.853167464,293.854194868,1091099741,1092881900,2488447.611016035080,2488468.237852454185,retrograde
NorthNode,329.224216491,328.943476817,1091846780,1092553857,2488456.257301899604,2488464.441062301397,retrograde
NorthNode,329.037982914,328.943791710,1093094087,1093801911,2488470.693726706319,2488478.886129994877,retrograde
Saturn,218.764298730,212.059280648,1093972864,1105997320,2488480.864750593901,2488620.036697551608,retrograde
NorthNode,328.949056259,328.944520588,1094097140,1094380646,2488482.303129456937,2488485.584454931319,retrograde
NorthNode,328.987868790,328.788321635,1094919619,1095675436,2488491.822570766322,2488500.570446298458,retrograde
Jupiter,233.330396253,223.454482419,1095786942,1106456189,2488501.861021526158,2488625.347678437829,retrograde
NorthNode,328.890159016,328.515429916,1096168846,1096910916,2488506.281213673763,2488514.869990186766,retrograde
NorthNode,328.588844248,327.660695742,1097274368,1098249986,2488519.076606276445,2488530.368485475890,retrograde
NorthNode,327.703678132,326.801463071,1098529679,1099444522,2488533.605667212978,2488544.194126619026,retrograde
NorthNode,326.813786851,325.136836233,1099615155,1100812956,2488546.169042830355,2488560.032480859198,retrograde
NorthNode,325.137521776,323.962633288,1100877252,1101950036,2488560.776651769876,2488573.193127863109,retrograde
Mercury,63.984984330,55.143243108,1101091998,1103152008,2488563.262133367360,2488587.104840256274,retrograde
NorthNode,323.962745496,322.235276945,1101984629,1103214261,2488573.593517476693,2488587.825363494456,retrograde
NorthNode,322.243234146,321.328570513,1103363545,1104295627,2488589.553187225014,2488600.341175860725,retrograde
NorthNode,321.356183494,320.307107934,1104530721,1105554054,2488603.062171975151,2488614.906300631352,retrograde
NorthNode,320.372395167,319.955959783,1105901103,1106655375,2488618.923075456172,2488627.653078152798,retrograde
NorthNode,320.040538654,319.728798308,1107085620,1107903807,2488632.632768441923,2488642.102521787398,retrograde
NorthNode,319.798653741,319.749798345,1108429558,1109022390,2488648.187595085241,2488655.049076692201,retrograde
Uranus,29.702835357,25.748036359,1108610874,1121773221,2488650.286165461875,2488802.628141907044,retrograde
Pluto,36.283324885,34.297843806,1108719181,1122981679,2488651.539716753177,2488816.614922103472,retrograde
NorthNode,319.753182767,319.744959595,1109283194,1109648680,2488658.067645478994,2488662.297806071118,retrograde
NorthNode,319.805699002,319.640060659,1110263215,1110953705,2488669.410476893187,2488677.402264250442,retrograde
NorthNode,319.715117186,319.260802025,1111388485,1112219186,2488682.434436250478,2488692.049036177807,retrograde
Mercury,188.357551713,173.716101285,1111710511,1113638763,2488686.161597386003,2488708.479327782989,retrograde
NorthNode,319.349344730,318.662426493,1112623328,1113478748,2488696.726608808152,2488706.627295212820,retrograde
NorthNode,318.700249860,317.451659637,1113739481,1114793887,2488709.645045610145,2488721.848810173571,retrograde
NorthNode,317.465551899,316.244442395,1114975833,1116009832,2488723.954671243206,2488735.922247960232,retrograde
NorthNode,316.245310353,314.431802903,1116076534,1117316293,2488736.694264027290,2488751.043332706206,retrograde
Mars,88.959281012,71.367897184,1116398776,1122839431,2488740.423925486393,2488814.968543774448,retrograde
NorthNode,314.432179231,313.196901911,1117368646,1118412236,2488751.649273066781,2488763.727853004821,retrograde
Venus,271.623500909,256.325965685,1118361097,1121895106,2488763.135970635340,2488804.038847347721,retrograde
NorthNode,313.204498598,311.733523678,1118551936,1119654537,2488765.344759017229,2488778.106339204125,retrograde
NorthNode,311.778783383,311.087813754,1119935647,1120764837,2488781.359923728742,2488790.957035969943,retrograde
Neptune,171.726830210,168.938353246,1120818603,1134437589,2488791.579320509918,2488949.206478795968,retrograde
NorthNode,311.155954703,310.549327668,1121105297,1122000154,2488794.897544810548,2488805.254682922736,retrograde
Mercury,293.890165350,277.652472794,1121245900,1122983280,2488796.524892412126,2488816.633457288146,retrograde
NorthNode,310.655396697,310.500433153,1122492131,1123134093,2488810.948864299804,2488818.378977943212,retrograde
NorthNode,310.553563060,310.539854837,1123670316,1124082584,2488824.585262859240,2488829.356877500191,retrograde
NorthNode,310.544437070,310.461338481,1124356991,1125037018,2488832.532894779928,2488840.403578565456,retrograde
NorthNode,310.528492893,310.243651613,1125507233,1126244145,2488845.845871982165,2488854.374954430386,retrograde
Saturn,230.644250291,223.969960691,1126549175,1138633921,2488857.905388280749,2488997.775140978396,retrograde
NorthNode,310.355895784,309.724885744,1126713538,1127572319,2488859.807734291069,2488869.747335286811,retrograde
NorthNode,309.775351809,308.802376076,1127866505,1128822122,2488873.152267229743,2488884.212648245506,retrograde
NorthNode,308.831897574,307.600905940,1129064696,1130068799,2488887.020214611664,2488898.641778026707,retrograde
NorthNode,307.600920452,307.599767605,1130068816,1130101537,2488898.641978030093,2488899.020690308884,retrograde
Jupiter,264.401085991,254.555334667,1130130144,1140750204,2488899.351793147624,2489022.269154712558,retrograde
NorthNode,307.603207027,306.046127229,1130208108,1131395538,2488900.254155677743,2488913.997553754598,retrograde
Mercury,44.845007419,34.932384893,1130980843,1133034303,2488909.197845265269,2488932.964739404619,retrograde
NorthNode,306.046134224,304.704531006,1131409713,1132541921,2488914.161620969884,2488927.265875388868,retrograde
NorthNode,304.706440232,303.274390203,1132629697,1133746627,2488928.281806285493,2488941.209233978763,retrograde
NorthNode,303.296564404,302.435148932,1133967133,1134886819,2488943.761383115314,2488954.405903240666,retrograde
NorthNode,302.475401971,301.708038578,1135158969,1136092192,2488957.555783146992,2488968.356980673969,retrograde
NorthNode,301.802805260,301.502681652,1136524719,1137248099,2488973.363078674302,2488981.735523996875,retrograde
NorthNode,301.573788663,301.411863979,1137694167,1138444320,2488986.898357389495,2488995.580680833198,retrograde
NorthNode,301.452335963,301.452053137,1139071506,1139185785,2489002.839775377885,2489004.162454463542,retrograde
NorthNode,301.464164885,301.393425901,1139621384,1140238627,2489009.204102868214,2489016.348126173951,retrograde
Pluto,37.245156813,35.261993855,1140356306,1154624570,2489017.710149954073,2489182.852089623921,retrograde
Uranus,33.741832434,29.781971646,1140530646,1153674602,2489019.727971837856,2489171.857085903175,retrograde
NorthNode,301.487040850,301.140449627,1140800452,1141608865,2489022.850722880103,2489032.207355192862,retrograde
Mercury,171.226723682,157.489309043,1141747435,1143743102,2489033.811179600656,2489056.909172311425,retrograde
NorthNode,301.210739000,300.695778962,1141988801,1142795012,2489036.604760416783,2489045.935912269168,retrograde
NorthNode,300.766662205,299.732944597,1143151603,1144140807,2489050.063121982850,2489061.512239463627,retrograde
NorthNode,299.753202250,298.593186748,1144342995,1145363716,2489063.852379319258,2489075.666283073835,retrograde
NorthNode,298.598557056,297.034232217,1145495396,1146668003,2489077.190350541845,2489090.762191609479,retrograde
NorthNode,297.034243537,295.555947891,1146683513,1147834368,2489090.941709785722,2489104.261788218282,retrograde
NorthNode,295.559045255,294.204097505,1147942619,1149015601,2489105.514693017118,2489117.933473462239,retrograde
NorthNode,294.221324892,293.152499195,1149202446,1150179094,2489120.096022185870,2489131.399828339927,retrograde
NorthNode,293.222778505,292.590305167,1150523678,1151365891,2489135.388068316504,2489145.135901398957,retrograde
Mercury,278.024367694,261.711790422,1151390538,1153102159,2489145.421169355512,2489165.231587924063,retrograde
NorthNode,292.665093943,292.293927445,1151738492,1152532474,2489149.448416203260,2489158.638012333773,retrograde
Neptune,173.916699945,171.127523625,1152567741,1166194451,2489159.046203563921,2489316.762748365290,retrograde
NorthNode,292.399877628,292.320127964,1153100420,1153732771,2489165.211463573389,2489172.530345460400,retrograde
NorthNode,292.329321404,292.327928574,1154096169,1154282209,2489176.736338991672,2489178.889575312845,retrograde
NorthNode,292.378378402,292.163898273,1154890505,1155666891,2489185.930044100620,2489194.915990413167,retrograde
NorthNode,292.247351129,291.882421975,1156108641,1156836085,2489200.028834390454,2489208.448331989348,retrograde
NorthNode,291.975957049,291.011647106,1157241656,1158220679,2489213.142438435927,2489224.473727962933,retrograde
NorthNode,291.047054842,290.082806060,1158470717,1159399353,2489227.367684745230,2489238.115784745663,retrograde
Saturn,242.329545862,235.679737275,1159113571,1171249261,2489234.808125957847,2489375.267494358122,retrograde
NorthNode,290.097347860,288.450649719,1159583930,1160761231,2489240.252089138143,2489253.878264810890,retrograde
NorthNode,288.451097182,287.130103014,1160814657,1161921474,2489254.496616729535,2489267.306993510574,retrograde
Mercury,26.529919940,15.127031343,1160932099,1162968529,2489255.855898760259,2489279.425696164370,retrograde
NorthNode,287.130397889,285.559746121,1161970513,1163148047,2489267.874577709474,2489281.503448072821,retrograde
NorthNode,285.567827618,284.521043678,1163292973,1164267115,2489283.180834685452,2489294.455619928427,retrograde
NorthNode,284.560512045,283.696948190,1164542076,1165490785,2489297.638042915612,2489308.618474088609,retrograde
Jupiter,297.148951378,287.315071930,1164656275,1175159618,2489298.959785617888,2489420.526258781552,retrograde
NorthNode,283.754784527,283.284340551,1165817049,1166621886,2489312.394671215676,2489321.709918736480,retrograde
NorthNode,283.389345221,283.167271672,1167111572,1167848639,2489327.377573320642,2489335.908447797410,retrograde
NorthNode,283.221390677,283.177566292,1168339619,1168975418,2489341.591082781553,2489348.949871004559,retrograde
Venus,127.033541018,110.550418437,1168650853,1172380212,2489345.193331530318,2489388.357212228701,retrograde
NorthNode,283.177914056,283.149370102,1169094342,1169675182,2489350.326308985241,2489357.048993315548,retrograde
NorthNode,283.207123027,283.053888994,1170218506,1170866165,2489363.337463089265,2489370.833509233780,retrograde
NorthNode,283.144448226,282.586312655,1171337059,1172232273,2489376.283679320477,2489386.644951916300,retrograde
Mercury,153.399844183,140.842550341,1171757518,1173808409,2489381.150102272630,2489404.887264952064,retrograde
Pluto,38.205298872,36.224514696,1171984471,1186276609,2489383.776873764582,2489549.195140344091,retrograde
Uranus,37.800144794,33.835967609,1172448890,1185579109,2489389.152096607722,2489541.122219278477,retrograde
NorthNode,282.652983426,282.047284658,1172585093,1173402018,2489390.728510317393,2489400.183669042774,retrograde
NorthNode,282.089632233,280.719864797,1173682672,1174782062,2489403.431972973049,2489416.156399063766,retrograde
NorthNode,280.729692332,279.628348535,1174939527,1175950700,2489417.978903328069,2489429.682300250046,retrograde
NorthNode,279.629234758,277.783365350,1176020787,1177277529,2489430.493496358395,2489445.039114809595,retrograde
NorthNode,277.783696374,276.606355748,1177326395,1178360077,2489445.604697198607,2489457.568609203212,retrograde
NorthNode,276.615471735,275.187982293,1178515218,1179613625,2489459.364223083481,2489472.077266970649,retrograde
NorthNode,275.222827390,274.502216411,1179863133,1180712912,2489474.965093236417,2489484.800497896969,retrograde
NorthNode,274.585011564,274.014085709,1181091124,1181960725,2489489.177943378687,2489499.242770032026,retrograde
Mercury,262.211355251,245.941678280,1181527247,1183234946,2489494.225668080151,2489513.990697480738,retrograde
NorthNode,274.099543352,273.914193066,1182396953,1183076232,2489504.291713151149,2489512.153734956868,retrograde
Mars,129.115455449,109.926140323,1182766204,1189605958,2489508.565450818278,2489587.729267547838,retrograde
NorthNode,273.983864544,273.969843373,1183674308,1184093333,2489519.075916139409,2489523.925735023804,retrograde
Neptune,176.102895470,173.313103734,1184314004,1197946457,2489526.479799482040,2489684.262821660377,retrograde
NorthNode,273.972769156,273.915716788,1184326657,1184930191,2489526.626240873709,2489533.611592792906,retrograde
NorthNode,273.990015559,273.637796181,1185440371,1186256820,2489539.516457378864,2489548.966092558578,retrograde
NorthNode,273.736103001,273.223566540,1186691827,1187467426,2489554.000896484591,2489562.977734253742,retrograde
NorthNode,273.285905179,272.076497448,1187790755,1188832437,2489566.719970519654,2489578.776476549916,retrograde
NorthNode,272.100711252,271.036343426,1189050511,1190011101,2489581.300482496619,2489592.418418671004,retrograde
NorthNode,271.040699696,269.171200913,1190128374,1191387991,2489593.775747802109,2489608.354651241563,retrograde
Mercury,8.973782779,356.059868769,1190950163,1192947794,2489603.287193872035,2489626.407922305167,retrograde
NorthNode,269.171206940,267.967379959,1191400960,1192464577,2489608.504757516086,2489620.815138028935,retrograde
Saturn,253.863680105,247.231033889,1191675724,1203849637,2489611.684892416000,2489752.586657956243,retrograde
NorthNode,267.969965375,266.362075091,1192563478,1193728947,2489621.959819363430,2489635.449046999216,retrograde
NorthNode,266.384651396,265.599457381,1193943948,1194814919,2489637.937482739799,2489648.018162398599,retrograde
NorthNode,265.651931261,264.877421383,1195121641,1196071655,2489651.568195399828,2489662.563719880767,retrograde
NorthNode,264.959871932,264.689902226,1196478300,1197178314,2489667.270265221596,2489675.372281921096,retrograde
NorthNode,264.775668924,264.647417157,1197685112,1198425226,2489681.237995690666,2489689.804127343930,retrograde
NorthNode,264.668250833,264.668249826,1198978909,1198996410,2489696.212501975708,2489696.415059330873,retrograde
Jupiter,331.909711503,322.053583449,1199381563,1209729250,2489700.872841045260,2489820.637743189931,retrograde
NorthNode,264.690044411,264.573261992,1199547160,1200251363,2489702.789473309182,2489710.939968464896,retrograde
NorthNode,264.668689690,264.370570880,1200788740,1201523994,2489717.159615825862,2489725.669499260373,retrograde
Mercury,134.775667192,123.600767398,1201733952,1203819299,2489728.099565789104,2489752.235534317791,retrograde
NorthNode,264.442295440,263.743026016,1201905004,1202819150,2489730.079337649047,2489740.659735347144,retrograde
NorthNode,263.801844246,262.986337325,1203148070,1204046885,2489744.466678922065,2489754.869628980756,retrograde
Pluto,39.164324356,37.185953210,1203630348,1217916965,2489750.048598772846,2489915.402959310450,retrograde
NorthNode,263.005923136,261.533201527,1204249820,1205385384,2489757.218411028385,2489770.361510675400,retrograde
Uranus,41.880848296,37.911290337,1204372871,1217484689,2489758.642607270740,2489910.399767658673,retrograde
NorthNode,261.536624503,260.334912738,1205497685,1206573643,2489771.661297786981,2489784.114505369216,retrograde
NorthNode,260.334922404,258.549919092,1206588689,1207836239,2489784.288655145094,2489798.727885505185,retrograde
NorthNode,258.553410199,257.499286249,1207948244,1208925374,2489800.024244425818,2489811.333616497926,retrograde
NorthNode,257.517234172,256.266764791,1209119365,1210175152,2489813.578882596456,2489825.798640391789,retrograde
NorthNode,256.329259660,255.806814906,1210503141,1211282935,2489829.594811624847,2489838.620202653110,retrograde
Mercury,246.390868264,230.253184168,1211651626,1213377611,2489842.887466296554,2489862.864145755768,retrograde
NorthNode,255.888191529,255.463563601,1211674783,1212522787,2489843.155488070101,2489852.970348262228,retrograde
NorthNode,255.554856502,255.478311793,1213050279,1213652623,2489859.075579046272,2489866.047150217928,retrograde
NorthNode,255.492812096,255.491979125,1214085962,1214242551,2489871.062647400424,2489872.875021029264,retrograde
NorthNode,255.546138063,255.372587144,1214881111,1215589794,2489880.265755082481,2489888.468113853596,retrograde
NorthNode,255.451126075,255.011905936,1216024517,1216823664,2489893.499629827216,2489902.749013373628,retrograde
Neptune,178.285534431,175.495700617,1216058588,1229703007,2489893.893970469944,2490051.815480864607,retrograde
NorthNode,255.111258776,254.321970772,1217238862,1218125219,2489907.554541436024,2489917.813307536766,retrograde
NorthNode,254.359328052,253.126715115,1218378455,1219408145,2489920.744277182035,2489932.661992844194,retrograde
Venus,347.375653605,331.432259516,1219409386,1223004031,2489932.676354797557,2489974.281039567664,retrograde
NorthNode,253.140550912,251.790267523,1219588831,1220658748,2489934.753254632466,2489947.136559191160,retrograde
NorthNode,251.790831515,250.072291102,1220715842,1221928406,2489947.797372428700,2489961.831679021940,retrograde
Mercury,351.995341473,337.801365360,1221022083,1222962384,2489951.341821111739,2489973.799010924995,retrograde
NorthNode,250.072880140,248.801471755,1221989845,1223050503,2489962.542776656337,2489974.818904107437,retrograde
NorthNode,248.809819770,247.476094359,1223195378,1224268744,2489976.495706958696,2489988.918917633593,retrograde
Saturn,265.292344071,258.669409990,1224234090,1236428713,2489988.517837204039,2490129.659301616251,retrograde
NorthNode,247.522444732,246.846749440,1224559113,1225401654,2489992.279668442905,2490002.031300010160,retrograde
NorthNode,246.908272551,246.351729267,1225734704,1226616071,2490005.886053853668,2490016.087055018172,retrograde
NorthNode,246.455663804,246.296175858,1227114249,1227768389,2490021.853010954335,2490029.424073776230,retrograde
NorthNode,246.348444138,246.318780992,1228280254,1228866865,2490035.348436656408,2490042.137907465920,retrograde
NorthNode,246.319052896,246.267083847,1228976194,1229654921,2490043.403296081349,2490051.258936297148,retrograde
NorthNode,246.322379326,246.125897021,1230141402,1230832088,2490056.889502566308,2490064.883546007797,retrograde
NorthNode,246.231791998,245.694715336,1231326159,1232185941,2490070.601962024346,2490080.553147057071,retrograde
Mercury,115.389899022,105.583047519,1231669732,1233762430,2490074.578500740230,2490098.799550704658,retrograde
NorthNode,245.749264143,245.007922604,1232504136,1233392840,2490084.235960924998,2490094.521879569627,retrograde
NorthNode,245.049246931,243.881315466,1233676026,1234710786,2490097.799498892389,2490109.775889366865,retrograde
Jupiter,8.299270141,358.384339074,1234212110,1244421138,2490104.004179239273,2490222.164219692349,retrograde
NorthNode,243.888628232,242.553958191,1234851118,1235960373,2490111.400099375285,2490124.238704105839,retrograde
Pluto,40.122442411,38.146242953,1235277259,1249556350,2490116.332293502055,2490281.599549870007,retrograde
NorthNode,242.554439342,241.099084928,1236019141,1237185379,2490124.918888726272,2490138.417008938268,retrograde
Uranus,45.984809142,42.010017904,1236293588,1249391201,2490128.095354228280,2490279.688102942891,retrograde
NorthNode,241.099453016,239.673204098,1237235664,1238358656,2490138.999017486349,2490151.996610715985,retrograde
NorthNode,239.685025678,238.608028473,1238533332,1239525436,2490154.018318337388,2490165.501001012512,retrograde
NorthNode,238.638404991,237.749273747,1239762262,1240704610,2490168.242041637190,2490179.148851840757,retrograde
NorthNode,237.839474243,237.409000962,1241104854,1241881850,2490183.781299009919,2490192.774318200536,retrograde
Mercury,230.499465431,214.584311515,1241760816,1243525339,2490191.373455688357,2490211.796177998185,retrograde
NorthNode,237.485800125,237.247739327,1242297434,1243057943,2490197.584316198714,2490206.386502760462,retrograde
NorthNode,237.320099574,237.307631824,1243672270,1244085942,2490213.496762992814,2490218.284635001794,retrograde
NorthNode,237.308768359,237.263893769,1244257117,1244843398,2490220.265830690973,2490227.051491829567,retrograde
NorthNode,237.352605870,237.004321127,1245414579,1246229960,2490233.662380852737,2490243.099655979313,retrograde
NorthNode,237.084581853,236.584487353,1246626548,1247404185,2490247.689797929488,2490256.690230208449,retrograde
NorthNode,236.662262005,235.496568801,1247764434,1248779627,2490260.859770862386,2490272.609694484621,retrograde
Neptune,180.465912566,177.676543310,1247800464,1261449144,2490261.276787291281,2490419.247620203532,retrograde
Mars,163.243220292,143.744275674,1248817876,1255821362,2490273.052392606623,2490354.111258615740,retrograde
NorthNode,235.518531773,234.369859964,1248984071,1249977186,2490274.975940738805,2490286.470336751081,retrograde
NorthNode,234.375141918,232.624564636,1250105572,1251315755,2490287.956284653395,2490301.963032310829,retrograde
Mercury,335.439337386,320.294803571,1251131278,1253006847,2490299.827874638140,2490321.535857304931,retrograde
NorthNode,232.624569222,231.228842529,1251327165,1252444036,2490302.095089172944,2490315.021840115078,retrograde
NorthNode,231.232536201,229.796015777,1252558262,1253656789,2490316.343902613036,2490329.058324433863,retrograde
NorthNode,229.815584479,228.869059388,1253853829,1254791354,2490331.338880673982,2490342.189871856011,retrograde
NorthNode,228.938217146,228.298990948,1255138246,1256005102,2490346.204826437868,2490356.237874838524,retrograde
NorthNode,228.371731321,228.050967981,1256383307,1257147638,2490360.615251298063,2490369.461672488600,retrograde
Saturn,276.665708610,270.044505052,1256788378,1269001476,2490365.303577162325,2490506.658870853484,retrograde
NorthNode,228.150468547,228.064912829,1257711363,1258368705,2490375.986267569475,2490383.594400326721,retrograde
NorthNode,228.077034543,228.076798397,1258801187,1258907444,2490388.599971279502,2490389.829802940600,retrograde
NorthNode,228.112873870,227.944547960,1259506674,1260272585,2490396.765329270624,2490405.630045803264,retrograde
NorthNode,228.024431301,227.733067035,1260740441,1261445932,2490411.045037384145,2490419.210445287637,retrograde
Mercury,95.449877823,86.635093972,1261561696,1263638969,2490420.550305351615,2490444.592821791768,retrograde
NorthNode,227.819245948,227.002046637,1261858368,1262823345,2490423.984018117189,2490435.152726196684,retrograde
NorthNode,227.044365266,226.252459216,1263103584,1263988110,2490438.396237638779,2490448.633799034171,retrograde
NorthNode,226.273039397,224.740669332,1264201141,1265363663,2490451.099444350228,2490464.554560336284,retrograde
NorthNode,224.742501352,223.560539018,1265451777,1266534613,2490465.574392298236,2490478.107223067433,retrograde
NorthNode,223.560542401,221.873433888,1266545673,1267787508,2490478.235228691250,2490492.608319085091,retrograde
Pluto,41.079095310,39.104606762,1266921847,1281190090,2490482.589088068344,2490647.730791256763,retrograde
NorthNode,221.876926393,220.810178167,1267896899,1268882583,2490493.874414581805,2490505.282801757567,retrograde
Uranus,50.113801636,46.131830720,1268222035,1281301950,2490497.637569685467,2490649.025476449169,retrograde
Jupiter,45.140593995,35.143466032,1269005431,1279162645,2490506.704643711448,2490624.264992721379,retrograde
NorthNode,220.833560339,219.736066369,1269105143,1270126350,2490507.858720881864,2490519.678243601695,retrograde
Venus,195.283230928,179.323482179,1269490645,1273140167,2490512.320547865704,2490554.560395611450,retrograde
NorthNode,219.786184672,219.225811715,1270424695,1271237750,2490523.131312803365,2490532.541669548489,retrograde
NorthNode,219.324908676,218.969936249,1271677760,1272478988,2490537.634379982017,2490546.907854583114,retrograde
Mercury,214.426106804,198.856260418,1271852659,1273672294,2490539.658678598702,2490560.719271332026,retrograde
NorthNode,219.042288083,218.949111389,1272952346,1273599817,2490552.386536664329,2490559.880408235826,retrograde
NorthNode,218.967260519,218.965999752,1274070243,1274252118,2490565.325156850740,2490567.430190608837,retrograde
NorthNode,219.010851985,218.884294000,1274845708,1275482798,2490574.300451313145,2490581.674176864326,retrograde
NorthNode,218.974293969,218.451241216,1275959735,1276831553,2490587.194279828109,2490597.284761615098,retrograde
NorthNode,218.534191756,217.907287847,1277213589,1278023191,2490601.706473303027,2490611.076870247722,retrograde
NorthNode,217.954461583,216.501591624,1278306392,1279402634,2490614.354662596248,2490627.042646126822,retrograde
Neptune,182.644920146,179.857050245,1279539379,1293200656,2490628.625341788866,2490786.741971396841,retrograde
NorthNode,216.513633271,215.352547127,1279569532,1280574777,2490628.974340653978,2490640.609116024338,retrograde
NorthNode,215.353417935,213.369493978,1280642432,1281908355,2490641.392164319754,2490656.044044688344,retrograde
Mercury,319.187510244,303.419167728,1281263252,1283076775,2490648.577573135495,2490669.567426562309,retrograde
NorthNode,213.369974740,212.194154867,1281963565,1282981215,2490656.683055207133,2490668.461408515461,retrograde
NorthNode,212.204116717,210.733648867,1283138393,1284244155,2490670.280596468598,2490683.078767565079,retrograde
NorthNode,210.773997329,210.113487682,1284510360,1285335942,2490686.159846794792,2490695.715192935430,retrograde
NorthNode,210.192377151,209.634206373,1285709237,1286590524,2490700.035731626675,2490710.235821842216,retrograde
NorthNode,209.721139136,209.564345546,1287045522,1287701957,2490715.501994621009,2490723.099631774239,retrograde
NorthNode,209.624587713,209.611239848,1288284157,1288710020,2490729.838050357997,2490734.767018018290,retrograde
NorthNode,209.614107546,209.558422941,1288950525,1289569498,2490737.550648618490,2490744.714680518024,retrograde
Saturn,288.035944144,281.409732212,1289354963,1301572280,2490742.231634505093,2490883.635767258704,retrograde
NorthNode,209.622080215,209.333838779,1290067192,1290854876,2490750.475035733543,2490759.591741803102,retrograde
NorthNode,209.431830195,208.967784404,1291313447,1292095324,2490764.899273397401,2490773.948777990416,retrograde
Mercury,75.417208114,66.843338858,1291420169,1293482631,2490766.134488068521,2490790.005576767027,retrograde
NorthNode,209.025526759,208.032549411,1292420411,1293422440,2490777.711360338144,2490789.308914794587,retrograde
NorthNode,208.063210622,207.096239283,1293670741,1294621683,2490792.182771041989,2490803.189041694626,retrograde
NorthNode,207.102997611,205.452539045,1294760473,1295981926,2490804.795418694615,2490818.932603762485,retrograde
NorthNode,205.452644748,204.276251880,1296016722,1297096131,2490819.335330777802,2490831.828493266366,retrograde
NorthNode,204.276818833,202.645801872,1297155614,1298353823,2490832.516949183308,2490846.385107952170,retrograde
NorthNode,202.659055989,201.790568758,1298533828,1299442609,2490848.468501742929,2490858.986799013801,retrograde
Pluto,42.033930931,40.060597229,1298563494,1312826753,2490848.811856773682,2491013.895875685848,retrograde
NorthNode,201.825475150,200.877025397,1299699156,1300694913,2490861.956099442206,2490873.481060655788,retrograde
Uranus,54.267066235,50.277368543,1300145464,1313212411,2490867.121694930829,2491018.359505818225,retrograde
NorthNode,200.955578044,200.595999415,1301076221,1301804369,2490877.894346845336,2490886.321981581859,retrograde
Mercury,198.051956823,183.004051752,1301924771,1303811056,2490887.715526111424,2490909.547536708415,retrograde
NorthNode,200.682476039,200.446675573,1302255421,1303046057,2490891.542496753857,2490900.693370691501,retrograde
NorthNode,200.502362580,200.491305354,1303613239,1304018000,2490907.257976928726,2490911.942714795470,retrograde
Jupiter,80.995336243,70.938262195,1303648000,1313845316,2490907.660310424864,2491025.684794411063,retrograde
NorthNode,200.492146814,200.437220991,1304175174,1304822958,2490913.761859617196,2490921.259361951612,retrograde
NorthNode,200.529244615,200.257564313,1305405477,1306143001,2490928.001472800039,2490936.537640686147,retrograde
NorthNode,200.335532743,199.718382821,1306539634,1307402509,2490941.128296046518,2490951.115274552256,retrograde
NorthNode,199.795379739,198.902232000,1307764022,1308675624,2490955.299448855221,2490965.850396136753,retrograde
NorthNode,198.926340138,197.460357691,1308888058,1309986278,2490968.309125860222,2490981.020012891851,retrograde
NorthNode,197.465445596,196.101212842,1310112824,1311210967,2490982.484662988223,2490995.194647140801,retrograde
NorthNode,196.101219427,194.282108037,1311223833,1312451449,2490995.343561061658,2491009.552079496905,retrograde
Neptune,184.824518156,182.038310824,1311287982,1324944332,2490996.086026118137,2491154.145630919375,retrograde
Mercury,303.135349618,287.012776310,1311406552,1313168029,2490997.458368822932,2491017.845826536417,retrograde
NorthNode,194.286032065,193.139617735,1312566945,1313560863,2491010.888840960339,2491022.392514572479,retrograde
NorthNode,193.158842105,191.933115078,1313755909,1314791499,2491024.649993431754,2491036.635988318361,retrograde
Mars,196.764936172,177.808173594,1314992496,1321937137,2491038.962347493507,2491119.340137257241,retrograde
NorthNode,192.003416834,191.485359028,1315135997,1315918251,2491040.623234579340,2491049.677108609118,retrograde
NorthNode,191.563790367,191.174988438,1316306746,1317140497,2491054.173567644320,2491063.823466707952,retrograde
NorthNode,191.266673723,191.202312632,1317690668,1318289772,2491070.191185008734,2491077.125262327492,retrograde
NorthNode,191.210909052,191.209150713,1318653632,1318861348,2491081.336600057781,2491083.740720714442,retrograde
NorthNode,191.263712936,191.083879205,1319496301,1320229355,2491091.089717224240,2491099.574137233198,retrograde
Venus,57.953588317,41.487770777,1320211953,1323899779,2491099.372727843001,2491142.055900515988,retrograde
NorthNode,191.156726120,190.784748119,1320660499,1321428220,2491104.564226933755,2491113.449887793511,retrograde
Mercury,55.831885336,46.614542553,1321282505,1323341841,2491111.763378098607,2491135.598285242915,retrograde
NorthNode,190.879846987,190.121940693,1321851293,1322758971,2491118.346575013362,2491128.852105708793,retrograde
Saturn,299.456557461,292.819115693,1321931940,1334133926,2491119.279988914728,2491260.506672680378,retrograde
NorthNode,190.158204857,189.153528432,1323017455,1323996511,2491131.843818805180,2491143.175487407483,retrograde
NorthNode,189.171015793,187.867497680,1324199415,1325282431,2491145.523913997225,2491158.058821635321,retrograde
NorthNode,187.868720072,186.402770811,1325358263,1326539970,2491158.936498164199,2491172.613664484583,retrograde
NorthNode,186.402815627,185.073483703,1326566624,1327693194,2491172.922159791924,2491185.961164124310,retrograde
NorthNode,185.077328420,183.792571240,1327805456,1328881906,2491187.260494115762,2491199.719401724637,retrograde
NorthNode,183.823144011,183.009474967,1329132581,1330038807,2491202.620741264895,2491213.109460677952,retrograde
Pluto,42.986271212,41.013663072,1330194572,1344475805,2491214.912304305471,2491380.204347451217,retrograde
NorthNode,183.056701944,182.400752335,1330332006,1331229649,2491216.502970523201,2491226.892354729585,retrograde
NorthNode,182.504412942,182.250818398,1331693518,1332401102,2491232.261217029765,2491240.450839589350,retrograde
Mercury,181.240061181,166.949271436,1331974631,1333931953,2491235.514840126038,2491258.169029116631,retrograde
Uranus,58.444913943,54.445842338,1332076681,1345127984,2491236.695967516862,2491387.752712122165,retrograde
NorthNode,182.317298870,182.214988111,1332867428,1333583900,2491245.848128184676,2491254.140635525808,retrograde
NorthNode,182.225616838,182.221763184,1333973289,1334244313,2491258.647447541356,2491261.784296595491,retrograde
NorthNode,182.259626340,182.134685321,1334773516,1335413686,2491267.909334963188,2491275.318710525520,retrograde
NorthNode,182.241422034,181.750412278,1335938954,1336793623,2491281.398200166412,2491291.290209047496,retrograde
NorthNode,181.817999753,181.163831957,1337142110,1337976493,2491295.323618580587,2491304.980824552476,retrograde
Jupiter,114.966697713,104.900548389,1338076876,1348387194,2491306.142671152949,2491425.475050665438,retrograde
NorthNode,181.219743234,179.939280682,1338287989,1339334998,2491308.586111374199,2491320.704263367690,retrograde
NorthNode,179.950381287,178.640850291,1339493865,1340552870,2491322.543003955856,2491334.800004514866,retrograde
NorthNode,178.641975467,176.939638443,1340628933,1341828735,2491335.680361769162,2491349.566960415803,retrograde
Mercury,287.224350461,270.943136645,1341552482,1343277292,2491346.369588501751,2491366.332675032318,retrograde
NorthNode,176.939900504,175.509498304,1341872590,1342968414,2491350.074547635391,2491362.757692717016,retrograde
Neptune,187.005236774,184.221033370,1343028052,1356694930,2491363.447949583642,2491521.629407391883,retrograde
NorthNode,175.521112366,174.283420103,1343137968,1344165846,2491364.720118511468,2491376.616860305890,retrograde
NorthNode,174.316858710,173.465350507,1344407351,1345316826,2491379.412055357359,2491389.938390803523,retrograde
NorthNode,173.560526798,173.105261122,1345721987,1346520386,2491394.627750980668,2491403.868475694209,retrograde
NorthNode,173.182981630,172.977978047,1346943128,1347673480,2491408.761324924417,2491417.214472522028,retrograde
NorthNode,173.044012718,173.037602014,1348299014,1348623490,2491424.454450328834,2491428.209959639236,retrograde
NorthNode,173.041486929,172.988115867,1348890271,1349480875,2491431.297700135037,2491438.133399984799,retrograde
NorthNode,173.072196729,172.717623599,1350030074,1350858554,2491444.489865318872,2491454.078756893054,retrograde
Mercury,37.038547044,26.517722063,1351195497,1353245146,2491457.978563465178,2491481.701345480978,retrograde
NorthNode,172.797189439,172.338233711,1351261513,1352026853,2491458.742630850524,2491467.600740178488,retrograde
NorthNode,172.407987541,171.296855621,1352379034,1353406778,2491471.676910876296,2491483.572096745484,retrograde
NorthNode,171.319360408,170.332208516,1353620079,1354579942,2491486.040851271711,2491497.150375216268,retrograde
Saturn,310.981252114,304.326750250,1354526697,1366698099,2491496.534120380878,2491637.406821772456,retrograde
NorthNode,170.338563448,168.659405742,1354719505,1355942048,2491498.765686267987,2491512.915497078560,retrograde
NorthNode,168.659430679,167.441065976,1355962767,1357058387,2491513.155295457691,2491525.836089367978,retrograde
NorthNode,167.442411390,165.942481347,1357140873,1358297275,2491526.790788545273,2491540.175063738599,retrograde
NorthNode,165.955125699,165.045026138,1358469842,1359405761,2491542.172371291555,2491553.004766938277,retrograde
NorthNode,165.093148557,164.304773379,1359706882,1360640906,2491556.489962458611,2491567.300421033986,retrograde
NorthNode,164.369484148,163.986985316,1360992355,1361762986,2491571.368116208352,2491580.287456946447,retrograde
Pluto,43.935815896,41.963830050,1361835348,1376117862,2491581.124989795499,2491746.431865268387,retrograde
Mercury,163.824518292,150.561448646,1361999434,1364021961,2491583.024122893810,2491606.433004386723,retrograde
NorthNode,164.090323764,163.916916522,1362275924,1362999300,2491586.224239925854,2491594.596647548489,retrograde
NorthNode,163.958642469,163.948821758,1363516802,1363904651,2491600.586258422583,2491605.075247036293,retrograde
Uranus,62.647172738,58.638741621,1364003908,1377043354,2491606.224063220434,2491757.143570152111,retrograde
NorthNode,163.950912332,163.872389641,1364124029,1364843576,2491607.614350671880,2491615.942443540320,retrograde
NorthNode,163.949453835,163.728191976,1365367589,1366043691,2491622.007398857735,2491629.832655867562,retrograde
NorthNode,163.819044960,163.107103739,1366479285,1367410014,2491634.874251033179,2491645.646587282419,retrograde
NorthNode,163.167345166,162.419313114,1367733499,1368584550,2491649.390622351319,2491659.240752370097,retrograde
NorthNode,162.449364066,160.852338819,1368822945,1369970485,2491661.999954311177,2491675.281668815762,retrograde
NorthNode,160.856477428,159.631480122,1370085171,1371139108,2491676.609043812379,2491688.807388566434,retrograde
Venus,269.125930338,253.836647830,1370605872,1374141961,2491682.635675730184,2491723.562639182433,retrograde
NorthNode,159.631504401,157.711730066,1371159692,1372421555,2491689.045634036884,2491703.650526260957,retrograde
Mercury,271.390416234,255.085992095,1371694325,1373401928,2491695.233516074717,2491714.997443489730,retrograde
Jupiter,146.988552926,136.956980241,1372341851,1382791609,2491702.728028438985,2491823.674303226173,retrograde
NorthNode,157.714703033,156.591858135,1372523296,1373500929,2491704.828090961091,2491716.143288666382,retrograde
NorthNode,156.613480467,155.357330605,1373709610,1374758457,2491718.558576085605,2491730.698010900058,retrograde
Neptune,189.187214591,186.404513455,1374778648,1388445980,2491730.931701040827,2491889.118411601521,retrograde
NorthNode,155.414254806,154.858484140,1375066562,1375858502,2491734.264038698748,2491743.430012853816,retrograde
NorthNode,154.957331764,154.578952151,1376288843,1377109251,2491748.410805131309,2491757.906270948239,retrograde
NorthNode,154.655117193,154.579245455,1377602375,1378224672,2491763.613720974885,2491770.816234174185,retrograde
NorthNode,154.589282065,154.585100704,1378594631,1378868645,2491775.098163093440,2491778.269625744782,retrograde
NorthNode,154.641032874,154.491567094,1379473129,1380132508,2491785.265963862650,2491792.897672522813,retrograde
NorthNode,154.575781699,154.063963140,1380586514,1381448638,2491798.152369052172,2491808.130654390901,retrograde
Mercury,19.068081497,7.003649314,1381177297,1383198353,2491804.990137733519,2491828.381981864572,retrograde
Mars,234.774378066,217.685829572,1381793357,1388374577,2491812.120457575656,2491888.291992307641,retrograde
NorthNode,154.147713440,153.513346883,1381837981,1382663844,2491812.636935311370,2491822.195534715429,retrograde
NorthNode,153.554011869,152.224294194,1382934193,1384017707,2491825.324578726664,2491837.865247040987,retrograde
NorthNode,152.236792813,151.144088133,1384192487,1385198812,2491839.888167831115,2491851.535446275026,retrograde
NorthNode,151.145099955,149.336608237,1385270966,1386533268,2491852.370569016784,2491866.980537453666,retrograde
NorthNode,149.336797054,148.231688974,1386575122,1387609258,2491867.464959279634,2491879.434130064212,retrograde
Saturn,322.662299115,315.985525291,1387137863,1399265280,2491873.978169351816,2492014.341790504754,retrograde
NorthNode,148.237447821,146.789546954,1387741097,1388870893,2491880.960047558881,2491894.036380934529,retrograde
NorthNode,146.820577740,146.146970355,1389118685,1389961585,2491896.904350175522,2491906.660139732063,retrograde
NorthNode,146.205713840,145.543896891,1390291080,1391215090,2491910.473740085028,2491921.168298882432,retrograde
NorthNode,145.630924340,145.421976336,1391651938,1392326718,2491926.224409759045,2491934.034360522404,retrograde
Mercury,145.673304145,133.688932447,1391996086,1394065684,2491930.207598365843,2491954.161276698112,retrograde
NorthNode,145.496164294,145.417502236,1392850286,1393569170,2491940.094173217192,2491948.414588072337,retrograde
Pluto,44.882776431,42.911373350,1393480728,1407756418,2491947.390962257050,2492112.618846553378,retrograde
NorthNode,145.420045775,145.411376698,1393805152,1394176154,2491951.145867631771,2491955.439872106537,retrograde
NorthNode,145.451952861,145.282228400,1394695324,1395416604,2491961.448783477768,2491969.796924684197,retrograde
NorthNode,145.387564967,144.992211172,1395930725,1396702431,2491975.747401146218,2491984.679182606749,retrograde
Uranus,66.875081379,62.856188989,1395936844,1408962594,2491975.818221247755,2492126.579224956222,retrograde
NorthNode,145.059255580,144.238517482,1397054304,1397990594,2491988.751791147515,2491999.588479837403,retrograde
NorthNode,144.287649968,143.299771527,1398288074,1399230446,2492003.031539211981,2492013.938622471876,retrograde
NorthNode,143.312050031,141.698132064,1399397630,1400566579,2492015.873623065650,2492029.403123516589,retrograde
NorthNode,141.698953756,140.370893266,1400634880,1401730898,2492030.193643713370,2492042.879033387639,retrograde
NorthNode,140.371041120,138.609267815,1401767554,1402972351,2492043.303294116631,2492057.247701217420,retrograde
Mercury,255.582353214,239.353674654,1401826751,1403539043,2492043.988442108035,2492063.806636966765,retrograde
NorthNode,138.620665991,137.615661086,1403139588,1404074307,2492059.183321979828,2492070.001830181107,retrograde
NorthNode,137.648211660,136.600010264,1404314413,1405313213,2492072.780826126225,2492084.341013160534,retrograde
NorthNode,136.688580467,136.295594291,1405702717,1406436349,2492088.849160404876,2492097.340272567235,retrograde
Jupiter,177.576142038,167.599808045,1406497108,1417071578,2492098.043497920036,2492220.433200754225,retrograde
Neptune,191.370294607,188.588860308,1406522342,1420195002,2492098.335558525287,2492256.583942198195,retrograde
NorthNode,136.381944973,136.135892962,1406873546,1407664037,2492102.400430002250,2492111.549628620036,retrograde
NorthNode,136.194576697,136.188277032,1408254941,1408573110,2492118.388798021711,2492122.071302941069,retrograde
NorthNode,136.191190387,136.128227915,1408811076,1409441924,2492124.825538193807,2492132.127021384425,retrograde
NorthNode,136.227493551,135.909067947,1410022111,1410793020,2492138.842150980607,2492147.764708587900,retrograde
NorthNode,135.984431429,135.393272753,1411177425,1412017944,2492152.213844193146,2492161.942070900463,retrograde
Mercury,1.774306751,348.276241424,1411220342,1413194283,2492152.710562676191,2492175.557102620602,retrograde
NorthNode,135.467852809,134.513944329,1412377146,1413324524,2492166.099493177608,2492177.064526790753,retrograde
NorthNode,134.534811857,133.229209461,1413527767,1414594900,2492179.416870310903,2492191.767943515442,retrograde
NorthNode,133.234207120,131.861553332,1414723634,1415850044,2492193.257928069681,2492206.295079103671,retrograde
NorthNode,131.861564443,130.277876365,1415865620,1417063219,2492206.475349698216,2492220.336459443904,retrograde
NorthNode,130.280564300,129.125786368,1417167874,1418201130,2492221.547739773989,2492233.506723444909,retrograde
NorthNode,129.139945044,128.009495115,1418379519,1419405507,2492235.571407414973,2492247.446273243986,retrograde
NorthNode,128.067010362,127.496304120,1419731099,1420553905,2492251.214692967013,2492260.737914110534,retrograde
Saturn,334.550202935,327.845672795,1419766591,1431850476,2492251.625480815768,2492391.485261775553,retrograde
Venus,124.874986307,108.386421754,1420908579,1424638783,2492264.842940470204,2492308.016599183902,retrograde
NorthNode,127.561337702,127.123854754,1420910699,1421754776,2492264.867467777804,2492274.636884637177,retrograde
Mercury,126.705973394,116.130402605,1421957506,1424047717,2492276.983293078840,2492301.175547994673,retrograde
NorthNode,127.223855265,127.111243818,1422283700,1422921012,2492280.758690077811,2492288.134980394505,retrograde
NorthNode,127.145826772,127.142616982,1423451080,1423710219,2492294.270030500367,2492297.269320200197,retrograde
NorthNode,127.153553911,127.054045627,1424110571,1424825578,2492301.903032861650,2492310.178568499163,retrograde
Pluto,45.827265336,43.856614330,1425127018,1439385831,2492313.667467231862,2492478.700019880198,retrograde
NorthNode,127.119234427,126.873166947,1425293885,1425999202,2492315.598789785057,2492323.762179749086,retrograde
NorthNode,126.977205000,126.311354110,1426463763,1427361229,2492329.139051567763,2492339.526387777179,retrograde
NorthNode,126.360227468,125.532639497,1427656653,1428562161,2492342.945644366555,2492353.426062296145,retrograde
Uranus,71.128826119,67.100170044,1427869580,1440883219,2492345.410081106238,2492496.030902550556,retrograde
NorthNode,125.563853952,124.195050238,1428811303,1429892610,2492356.309646004811,2492368.824780487455,retrograde
NorthNode,124.198827550,122.797863230,1430002395,1431135326,2492370.095437612385,2492383.208061601967,retrograde
NorthNode,122.797878247,121.217838323,1431153466,1432335761,2492383.418016948737,2492397.101984748617,retrograde
Mercury,239.738880067,223.679024038,1431945611,1433684754,2492392.586366839707,2492412.715333379805,retrograde
NorthNode,121.219886781,119.866041656,1432424596,1433492561,2492398.130167541094,2492410.490880487487,retrograde
NorthNode,119.891208906,118.870757211,1433718708,1434676869,2492413.108313059434,2492424.198146877810,retrograde
NorthNode,118.917664872,118.204547324,1434957628,1435841888,2492427.447665411979,2492437.682156627066,retrograde
NorthNode,118.316507680,118.005890340,1436299315,1437036690,2492442.976459745318,2492451.510888064280,retrograde
NorthNode,118.077423847,117.969593667,1437497412,1438197499,2492456.843320409767,2492464.946179109626,retrograde
Neptune,193.553494535,190.773032677,1438271837,1451951190,2492465.806572376750,2492624.132410227321,retrograde
NorthNode,117.981607309,117.976799017,1438587869,1438870793,2492469.464348075911,2492472.738936545327,retrograde
NorthNode,118.021183137,117.886156938,1439410845,1440045012,2492478.989531387575,2492486.329432656057,retrograde
NorthNode,117.993009209,117.444075822,1440554162,1441432229,2492492.222370149568,2492502.385184656829,retrograde
Jupiter,207.517036908,197.598800897,1440643164,1451298351,2492493.252483397722,2492616.576409526169,retrograde
Mercury,345.001105435,330.363483886,1441309617,1443223664,2492500.966057352722,2492523.119377925992,retrograde
NorthNode,117.513260069,116.863269929,1441780125,1442602790,2492506.411751523614,2492515.933338570409,retrograde
NorthNode,116.913958597,115.557414409,1442900905,1443979410,2492519.383751192130,2492531.866444769315,retrograde
NorthNode,115.567173790,114.368665067,1444133031,1445168517,2492533.644466774538,2492545.629256932065,retrograde
NorthNode,114.369593150,112.648345490,1445240347,1446469069,2492546.460622846149,2492560.681941348128,retrograde
NorthNode,112.648638510,111.399872327,1446515661,1447580415,2492561.221203697845,2492573.544746863656,retrograde
NorthNode,111.409126791,110.150257217,1447739905,1448806285,2492575.390686931089,2492587.733050669543,retrograde
NorthNode,110.179222670,109.414398302,1449041613,1449930607,2492590.456751081161,2492600.746041693725,retrograde
Mars,286.519188230,274.051444210,1450131753,1455839365,2492603.074120855890,2492669.134437744506,retrograde
NorthNode,109.492796346,108.978246981,1450310560,1451156250,2492605.143643092364,2492614.931715549901,retrograde
NorthNode,109.051183499,108.823496621,1451563940,1452288462,2492619.650350678712,2492628.036025795154,retrograde
Mercury,107.029349486,97.713561888,1451874352,1453961299,2492623.243085853755,2492647.397560201585,retrograde
Saturn,346.687757821,339.951913554,1452427556,1464449074,2492629.645912334323,2492768.783851735294,retrograde
NorthNode,108.904838920,108.862835276,1452877642,1453513833,2492634.855241427198,2492642.218561140820,retrograde
NorthNode,108.863091151,108.848446870,1453621889,1454086974,2492643.469208739698,2492648.852139745839,retrograde
NorthNode,108.903596574,108.672159852,1454647931,1455438259,2492655.344698672183,2492664.492010885850,retrograde
NorthNode,108.756286549,108.408523844,1455890397,1456617732,2492669.725090384483,2492678.143323859200,retrograde
Pluto,46.770302572,44.800634264,1456766367,1471023897,2492679.863627259620,2492844.881340456195,retrograde
NorthNode,108.486031979,107.538730252,1456998659,1457992716,2492682.552191216499,2492694.057490293868,retrograde
NorthNode,107.574788100,106.704835192,1458252340,1459159700,2492697.062394358218,2492707.564241467975,retrograde
NorthNode,106.718396439,105.012709407,1459339636,1460539998,2492709.646833188832,2492723.539913609624,retrograde
Uranus,75.410557025,71.371871102,1459805449,1472805783,2492715.038188346662,2492865.505018676631,retrograde
NorthNode,105.013289537,103.792503125,1460599221,1461675751,2492724.225367603824,2492736.685206935741,retrograde
NorthNode,103.792692054,102.032241997,1461717281,1462933539,2492737.165871988051,2492751.242931746878,retrograde
Mercury,223.773034562,207.987892405,1462047317,1463833383,2492740.985737018287,2492761.657799378037,retrograde
NorthNode,102.040961670,101.044243260,1463082139,1464022089,2492752.962845843285,2492763.841894715093,retrograde
NorthNode,101.082955205,100.073136811,1464287251,1465273305,2492766.910897530615,2492778.323560714722,retrograde
NorthNode,100.142352563,99.708068554,1465618123,1466381430,2492782.314506611787,2492791.149085122161,retrograde
NorthNode,99.815802300,99.583338278,1466867928,1467628105,2492796.779840956442,2492805.578186037019,retrograde
NorthNode,99.635453255,99.620779048,1468152219,1468583102,2492811.644323564135,2492816.631394183263,retrograde
NorthNode,99.621875479,99.547489485,1468750674,1469451765,2492818.570887650363,2492826.685362455435,retrograde
NorthNode,99.635520263,99.386305846,1469996047,1470686222,2492832.984927609563,2492840.973061649129,retrograde
Neptune,195.736557979,192.956524713,1470020296,1483703282,2492833.265592134558,2492991.633477783762,retrograde
NorthNode,99.475779485,98.732015704,1471105249,1472031992,2492845.822909227572,2492856.549105263315,retrograde
Mercury,328.591711437,313.148696667,1471429890,1473279279,2492849.580329805613,2492870.985296316445,retrograde
Venus,344.988969891,329.067606349,1471661686,1475251917,2492852.263151587918,2492893.816753989086,retrograde
NorthNode,98.796070777,97.993605461,1472360588,1473225738,2492860.352296179160,2492870.365607419051,retrograde
NorthNode,98.019661277,96.407671987,1473448552,1474601498,2492872.944472990930,2492886.288757359609,retrograde
NorthNode,96.411199321,95.201726135,1474711517,1475769909,2492887.562126059085,2492899.812037367374,retrograde
Jupiter,237.685358789,227.811450385,1474858934,1485527392,2492889.268342651427,2493012.745862185955,retrograde
NorthNode,95.201738071,93.348096395,1475786119,1477048643,2492899.999649018049,2492914.612194515765,retrograde
NorthNode,93.351474498,92.312304894,1477157668,1478125710,2492915.874058153480,2492927.078244575299,retrograde
NorthNode,92.331164670,91.118266789,1478326647,1479386733,2492929.403906372376,2492941.673423233442,retrograde
NorthNode,91.172356578,90.656787891,1479698288,1480483190,2492945.279382515699,2492954.363896038383,retrograde
NorthNode,90.739269925,90.330419683,1480886617,1481735107,2492959.033188797534,2492968.853671757504,retrograde
Mercury,86.993927664,78.392601884,1481747607,1483819623,2492968.998354680836,2492992.980020962656,retrograde
NorthNode,90.409712750,90.316066100,1482227301,1482849114,2492974.550362369977,2492981.747280805372,retrograde
NorthNode,90.346223860,90.346210563,1483452761,1483493771,2492988.733929079026,2492989.208578907885,retrograde
NorthNode,90.374169042,90.274368925,1484095565,1484749483,2492996.173788654618,2493003.742284812033,retrograde
Saturn,359.109390164,352.339999334,1485115753,1497059262,2493007.981526233256,2493146.216576367617,retrograde
NorthNode,90.343939628,89.993485580,1485215195,1486018288,2493009.132470840588,2493018.427531781606,retrograde
NorthNode,90.087927553,89.547216494,1486456388,1487270654,2493023.498137297109,2493032.922510854900,retrograde
NorthNode,89.595597535,88.513871799,1487567469,1488586195,2493036.357863403857,2493048.148672778159,retrograde
Pluto,47.712467727,45.744019961,1488392451,1502673675,2493045.906273401342,2493211.198212406598,retrograde
NorthNode,88.537790551,87.481396226,1488811556,1489796588,2493050.757026484236,2493062.157855333760,retrograde
NorthNode,87.484974979,85.753107931,1489906516,1491147510,2493063.430168178864,2493077.793529431336,retrograde
NorthNode,85.753112570,84.539807348,1491159701,1492241510,2493077.934629362077,2493090.455560705625,retrograde
Uranus,79.721040323,75.673648389,1491744061,1504731767,2493084.698046385311,2493235.018717939965,retrograde
Mercury,207.595225428,192.227396480,1492130216,1493978209,2493089.167433716357,2493110.556241638958,retrograde
NorthNode,84.541940521,82.926392337,1492333041,1493492469,2493091.514949660748,2493104.934252405539,retrograde
NorthNode,82.950030495,82.136592755,1493712369,1494589999,2493107.479395868257,2493117.637150639668,retrograde
NorthNode,82.185707882,81.353704727,1494881349,1495834947,2493121.009255991317,2493132.046274455264,retrograde
NorthNode,81.451191899,81.180542042,1496264572,1496955486,2493137.018784332089,2493145.015475800261,retrograde
NorthNode,81.262263396,81.137247880,1497443884,1498186824,2493150.668222255073,2493159.267065701075,retrograde
NorthNode,81.148943065,81.146288757,1498577972,1498808416,2493163.794240940362,2493166.461418322287,retrograde
NorthNode,81.182972971,81.029240967,1499329617,1500018815,2493172.493838540278,2493180.470667080954,retrograde
NorthNode,81.145513592,80.693243775,1500547431,1501346154,2493186.588903681375,2493195.833388294093,retrograde
Mercury,312.437389880,296.489033832,1501568196,1503357754,2493198.403317242861,2493219.115790784359,retrograde
NorthNode,80.762228694,79.949080235,1501692401,1502601708,2493199.840880596079,2493210.365267500281,retrograde
Neptune,197.918297837,195.138305196,1501764820,1515461397,2493200.679054413922,2493359.204256986268,retrograde
NorthNode,80.001266226,78.882172457,1502902114,1503880215,2493213.842186129652,2493225.162799708545,retrograde
NorthNode,78.892875223,77.336764554,1504037089,1505184683,2493226.978464084677,2493240.260806400329,retrograde
NorthNode,77.337380398,75.928139054,1505246979,1506369774,2493240.981826186180,2493253.977141787298,retrograde
NorthNode,75.928419018,74.313268642,1506415086,1507585123,2493254.501578119583,2493268.043673989363,retrograde
NorthNode,74.325755111,73.324657817,1507761018,1508712304,2493270.079504316673,2493281.089750150219,retrograde
NorthNode,73.355429206,72.410499472,1508950689,1509928402,2493283.848838049918,2493295.164966760203,retrograde
Jupiter,268.925871741,259.082938332,1509217627,1519828411,2493286.938404254615,2493409.748396098614,retrograde
NorthNode,72.496068340,72.107093027,1510323273,1511071905,2493299.735230859369,2493308.399947546422,retrograde
NorthNode,72.183103742,71.935861499,1511491547,1512279463,2493313.256919518113,2493322.376319527626,retrograde
Mercury,67.105279589,58.360749557,1511602899,1513662670,2493314.545711718500,2493338.385656610131,retrograde
NorthNode,72.003184579,71.984213908,1512871142,1513383180,2493329.224455941468,2493335.150815933943,retrograde
NorthNode,71.984295355,71.953945822,1513455096,1514039205,2493335.983178634197,2493342.743701053783,retrograde
NorthNode,72.031137012,71.781686903,1514635987,1515406925,2493349.650903875940,2493358.573792550713,retrograde
NorthNode,71.853213532,71.425968250,1515812631,1516594941,2493363.269467862323,2493372.323975972831,retrograde
NorthNode,71.508995742,70.655420929,1516988880,1517934541,2493376.883453723975,2493387.828612042591,retrograde
Saturn,11.840266387,5.036107260,1517826025,1529696761,2493386.572638481855,2493523.965417064726,retrograde
NorthNode,70.683760466,69.632174770,1518168276,1519159241,2493390.533879015595,2493402.003377940506,retrograde
NorthNode,69.643934919,68.249326827,1519335024,1520458209,2493404.037903402932,2493417.037724911235,retrograde
Pluto,48.654719657,46.687762005,1520034983,1534313661,2493412.139279539697,2493577.401751927100,retrograde
Mars,3.202561110,352.333157582,1520159672,1525457047,2493413.582437769510,2493474.894653256051,retrograde
NorthNode,68.249698942,66.779620374,1520508701,1521674731,2493417.622121477500,2493431.117845225148,retrograde
NorthNode,66.780047341,65.423843867,1521730962,1522842767,2493431.768661183305,2493444.636779499240,retrograde
Venus,192.994311188,177.000896673,1521743850,1525397548,2493431.917837535962,2493474.206003578380,retrograde
Mercury,191.060757702,176.305216102,1522192967,1524110320,2493437.115946136415,2493459.307532295585,retrograde
NorthNode,65.431573776,64.213773947,1522984517,1524017474,2493446.277399750426,2493458.232923085801,retrograde
Uranus,84.062690800,80.006549959,1523684716,1536657783,2493454.381560622714,2493604.532801243477,retrograde
NorthNode,64.258200135,63.496570607,1524303806,1525189688,2493461.546948348172,2493471.800213631243,retrograde
NorthNode,63.556648860,63.009289906,1525515268,1526367509,2493475.568498354405,2493485.432407608256,retrograde
NorthNode,63.123755028,62.942716195,1526874530,1527554386,2493491.300706514157,2493499.169403348118,retrograde
NorthNode,62.993986566,62.968702860,1528055813,1528582094,2493504.972956857644,2493511.064179375768,retrograde
NorthNode,62.969413894,62.895306975,1528726569,1529438660,2493512.736335609108,2493520.978134864010,retrograde
NorthNode,62.963576110,62.735830321,1529929692,1530609260,2493526.661370431073,2493534.526742948219,retrograde
NorthNode,62.846562227,62.113138731,1531077592,1531993679,2493539.947252929211,2493550.550106749870,retrograde
Mercury,296.452903146,280.237863762,1531713964,1533456730,2493547.312665142119,2493567.483572795987,retrograde
NorthNode,62.167978266,61.342565883,1532296257,1533175963,2493554.052170503885,2493564.233958135359,retrograde
NorthNode,61.375062985,59.828380369,1533422764,1534538873,2493567.090444768779,2493580.008376820013,retrograde
Neptune,200.098272034,197.317876070,1533507189,1547209095,2493568.067594082095,2493726.654459233396,retrograde
NorthNode,59.831794433,58.476440172,1534643828,1535750472,2493581.223132397979,2493594.031516912393,retrograde
NorthNode,58.476446282,56.765359453,1535763760,1536977218,2493594.185310658067,2493608.229957853444,retrograde
NorthNode,56.768181464,55.540907008,1537075983,1538103275,2493609.373070674017,2493621.263027743436,retrograde
NorthNode,55.567059857,54.520064861,1538333680,1539317218,2493623.929749918170,2493635.313292419538,retrograde
NorthNode,54.568020590,53.950474862,1539606101,1540455685,2493638.656847174279,2493648.489999425597,retrograde
NorthNode,54.054956028,53.739010160,1540910091,1541673830,2493653.749328385107,2493662.588897980750,retrograde
Mercury,47.841085426,38.124865697,1541483626,1543538710,2493660.387457855046,2493684.173157751560,retrograde
NorthNode,53.806577676,53.704965160,1542133834,1542813579,2493667.913017797284,2493675.780433566310,retrograde
NorthNode,53.724290028,53.723390056,1543310893,1543477566,2493681.536382211372,2493683.465476140380,retrograde
Jupiter,301.929801575,292.093668702,1543777401,1554262508,2493686.935786239803,2493808.291187375784,retrograde
NorthNode,53.758414780,53.655462244,1544043574,1544663935,2493690.016494317912,2493697.196589682251,retrograde
NorthNode,53.744261698,53.300883512,1545170690,1546033732,2493703.061813774519,2493713.050725687295,retrograde
NorthNode,53.373523817,52.852698777,1546411408,1547200557,2493717.421973036602,2493726.555641585961,retrograde
NorthNode,52.907431217,51.713995869,1547518108,1548579462,2493730.231004588306,2493742.515192816034,retrograde
NorthNode,51.729770486,50.706746272,1548767730,1549747086,2493744.694222443737,2493756.029365192167,retrograde
NorthNode,50.709990756,48.991043647,1549857590,1551106137,2493757.308342635632,2493771.759116739966,retrograde
Saturn,24.890046603,18.051395524,1550562635,1562358546,2493765.468582645059,2493901.995330959558,retrograde
NorthNode,48.991049722,47.792441625,1551119110,1552196543,2493771.909263772890,2493784.379555994645,retrograde
Pluto,49.597827724,47.632495683,1551681706,1565951543,2493778.420795747079,2493943.580947467126,retrograde
Mercury,174.013241394,160.122936220,1552233528,1554219154,2493784.807623952627,2493807.789411254227,retrograde
NorthNode,47.795601180,46.319589591,1552305813,1553444019,2493785.644252564758,2493798.817941847257,retrograde
NorthNode,46.339525271,45.497363769,1553647287,1554545830,2493801.170571642928,2493811.570374312811,retrograde
NorthNode,45.558093351,44.840900472,1554874492,1555788655,2493815.374336075969,2493825.954924551770,retrograde
Uranus,88.436322997,84.373121756,1555630705,1568588372,2493824.126801113598,2493974.099796772934,retrograde
NorthNode,44.917298253,44.613433144,1556174945,1556905826,2493830.425881537609,2493838.885148207657,retrograde
NorthNode,44.712725408,44.607835743,1557450638,1558148128,2493845.190842989832,2493853.263638465665,retrograde
NorthNode,44.620396440,44.619845941,1558571426,1558704683,2493858.162929097190,2493859.705248391256,retrograde
NorthNode,44.655969737,44.472701905,1559268980,1560029304,2493866.236461728811,2493875.036514636129,retrograde
NorthNode,44.569297848,44.223239734,1560517928,1561239643,2493880.691881789826,2493889.045062366873,retrograde
NorthNode,44.306358891,43.335202536,1561622486,1562604805,2493893.476118291728,2493904.845549381338,retrograde
Mercury,280.573111387,264.265201944,1561858870,1563573276,2493896.212042130530,2493916.054712623358,retrograde
NorthNode,43.379664659,42.454891810,1562881359,1563785168,2493908.046405974776,2493918.507158739492,retrograde
NorthNode,42.469154188,40.636532720,1563962602,1565171234,2493920.560799022205,2493934.549591008574,retrograde
NorthNode,40.637074493,39.380488199,1565228743,1566297298,2493935.215204005130,2493947.582736657001,retrograde
Neptune,202.275780102,199.495130208,1565244804,1578963429,2493935.401093200780,2494094.181476053782,retrograde
NorthNode,39.380753529,37.539451283,1566342775,1567563503,2493948.109094887041,2493962.237888175063,retrograde
NorthNode,37.550506500,36.602408117,1567725718,1568644086,2493964.115381212905,2493974.744634877890,retrograde
NorthNode,36.641485236,35.638049427,1568908840,1569903269,2493977.808918955736,2493989.318514670245,retrograde
NorthNode,35.712254163,35.330859243,1570266142,1571005755,2493993.518428223208,2494002.078770870343,retrograde
Mercury,29.401779301,18.232011520,1571424276,1573465360,2494006.922757171094,2494030.546422176063,retrograde
NorthNode,35.427380394,35.202572261,1571480624,1572256303,2494007.574933964759,2494016.552709010430,retrograde
Venus,55.766756678,39.312228750,1572474145,1576160184,2494019.074019061401,2494061.736511399969,retrograde
NorthNode,35.252783927,35.240422141,1572795823,1573220683,2494022.797149785794,2494027.714504833333,retrograde
NorthNode,35.241179252,35.182192535,1573374391,1574053196,2494029.493536893278,2494037.350077102892,retrograde
NorthNode,35.265471612,35.039080075,1574619080,1575320018,2494043.899657301605,2494052.012371945195,retrograde
NorthNode,35.116761976,34.520277389,1575733401,1576623014,2494056.796891979873,2494067.093337996863,retrograde
NorthNode,34.589855781,33.871388168,1576980479,1577843760,2494071.230667752214,2494081.222349820659,retrograde
NorthNode,33.899778800,32.544620755,1578079836,1579187031,2494083.954702985473,2494096.769466317259,retrograde
Jupiter,336.958518613,327.098008799,1578523707,1588845935,2494089.092105962336,2494208.562334530056,retrograde
NorthNode,32.551734841,31.417356030,1579332153,1580372209,2494098.449111821130,2494110.486803627573,retrograde
NorthNode,31.417593327,29.668978868,1580416574,1581672374,2494111.000289458781,2494125.535005477257,retrograde
NorthNode,29.669884483,28.584267773,1581743760,1582755462,2494126.361239437014,2494138.070747497492,retrograde
Mercury,156.299914206,143.551983743,1582247705,1584291554,2494132.193937219679,2494155.849593520164,retrograde
NorthNode,28.593571300,27.244035968,1582910629,1584010653,2494139.866659979336,2494152.598418472335,retrograde
Saturn,38.249701877,31.378631513,1583320992,1595045714,2494144.616235487163,2494280.319034114480,retrograde
Pluto,50.541873821,48.578138173,1583326994,1597581328,2494144.685699348338,2494309.666423420422,retrograde
NorthNode,27.286325251,26.665681590,1584291155,1585109408,2494155.844977594912,2494165.315492223017,retrograde
NorthNode,26.733045556,26.163456877,1585460209,1586356300,2494169.375693018548,2494179.747116811574,retrograde
NorthNode,26.257739702,26.101313307,1586830835,1587476899,2494185.239417504519,2494192.717010438442,retrograde
Uranus,92.844181644,88.774053793,1587578003,1600519641,2494193.887197547592,2494343.674672120251,retrograde
NorthNode,26.159224745,26.137985207,1588022904,1588522777,2494199.036513655446,2494204.822080796584,retrograde
Mars,69.922259895,53.622033936,1588283033,1594476503,2494202.047264608555,2494273.730944930576,retrograde
NorthNode,26.139491169,26.078618938,1588712647,1589364925,2494207.019647050649,2494214.569162079133,retrograde
NorthNode,26.141425573,25.866437087,1589846771,1590597491,2494220.146081008017,2494228.834972796030,retrograde
NorthNode,25.978171148,25.412502866,1591072380,1591897356,2494234.331373236142,2494243.879709583707,retrograde
Mercury,264.761554176,248.481436290,1591996858,1593704167,2494245.031351625919,2494264.791870296001,retrograde
NorthNode,25.468531955,24.430480620,1592204508,1593180238,2494247.434701678343,2494258.727883811109,retrograde
NorthNode,24.462596278,23.265758443,1593426670,1594431618,2494261.580100927502,2494273.211441078223,retrograde
NorthNode,23.269985611,21.513346312,1594544537,1595761562,2494274.518375639804,2494288.604313403368,retrograde
NorthNode,21.513349107,20.160338715,1595771741,1596877981,2494288.722130960785,2494301.525827902369,retrograde
NorthNode,20.162759304,18.556626566,1596971337,1598107409,2494302.606344700791,2494315.755318433978,retrograde
Neptune,204.451189577,201.670097584,1596992099,1610708797,2494302.846638862975,2494461.604713764973,retrograde
NorthNode,18.584248357,17.743203136,1598339517,1599225289,2494318.441757235676,2494328.693744941615,retrograde
NorthNode,17.793426882,17.011997579,1599517369,1600451655,2494332.074302093126,2494342.887800130993,retrograde
NorthNode,17.115764136,16.863398374,1600901247,1601591097,2494348.091412891634,2494356.075780013576,retrograde
Mercury,11.737580252,359.038232680,1601433059,1603437479,2494354.246641226113,2494377.445940375328,retrograde
NorthNode,16.936104502,16.828220864,1602070609,1602804754,2494361.625688883476,2494370.122740636580,retrograde
NorthNode,16.836472810,16.831638112,1603155592,1603447505,2494374.183359427378,2494377.561990397051,retrograde
NorthNode,16.868343324,16.732965329,1603964148,1604630405,2494383.541649715975,2494391.252964962274,retrograde
NorthNode,16.841078469,16.403451433,1605161035,1605981712,2494397.394504671916,2494406.893091091886,retrograde
NorthNode,16.467184234,15.805923487,1606329284,1607195844,2494410.915915531106,2494420.945542065427,retrograde
NorthNode,15.860406083,14.798490592,1607512953,1608507301,2494424.615788365714,2494436.124441188760,retrograde
NorthNode,14.811030795,13.530499679,1608677945,1609764357,2494438.099483987316,2494450.673704577610,retrograde
NorthNode,13.532353865,12.125234318,1609857278,1611013155,2494451.749170694500,2494465.127377775498,retrograde
NorthNode,12.125249435,10.666691945,1611030542,1612197286,2494465.328621521592,2494478.832596538588,retrograde
Mercury,137.802245378,126.416037983,1612228970,1614311733,2494479.199311442673,2494503.305366680026,retrograde
NorthNode,10.672306930,9.547137159,1612333081,1613352380,2494480.404302257113,2494492.201742553152,retrograde
Jupiter,13.519596160,3.594144437,1613355767,1623553861,2494492.240940481424,2494610.274439722300,retrograde
NorthNode,9.566606404,8.566834954,1613553628,1614541397,2494494.530998939648,2494505.963513790630,retrograde
NorthNode,8.636596246,8.114298866,1614897654,1615706005,2494510.086854842491,2494519.442779291421,retrograde
Pluto,51.487317331,49.524849608,1614971596,1629212643,2494510.942666907795,2494675.769598823972,retrograde
NorthNode,8.184547249,7.833388273,1616083720,1616892839,2494523.814474074170,2494533.179275930859,retrograde
Saturn,51.891240825,44.991219798,1616096458,1627760842,2494523.961906440556,2494658.966349162161,retrograde
NorthNode,7.929266749,7.856640203,1617456131,1618074789,2494539.698859020136,2494546.859259863384,retrograde
NorthNode,7.867619028,7.867039159,1618481474,1618624073,2494551.566258615814,2494553.216704906896,retrograde
NorthNode,7.912509066,7.727928613,1619248406,1620007537,2494560.442786696367,2494569.229028683156,retrograde
Uranus,97.286931964,93.211028105,1619530164,1632455548,2494563.703877772205,2494713.303225697018,retrograde
NorthNode,7.804687775,7.458423554,1620447314,1621179352,2494574.319032077678,2494582.791692805476,retrograde
NorthNode,7.556686038,6.673995751,1621601198,1622552592,2494587.674177108333,2494598.685678842478,retrograde
Mercury,248.952408614,232.789440792,1622123492,1623845464,2494593.719244904816,2494613.649476334453,retrograde
NorthNode,6.711864671,5.712724308,1622808830,1623749305,2494601.651397245005,2494612.536518642679,retrograde
Venus,266.646436661,251.362429882,1622848780,1626387708,2494602.113780414686,2494643.073595719412,retrograde
NorthNode,5.730128550,4.129246536,1623945682,1625092109,2494614.809404003434,2494628.078238422051,retrograde
NorthNode,4.129885166,2.659160769,1625151307,1626284053,2494628.763397425413,2494641.873879845254,retrograde
NorthNode,2.659434747,1.083420114,1626331311,1627484253,2494642.420857544057,2494655.765092316084,retrograde
NorthNode,1.091948492,359.903323821,1627627776,1628627799,2494657.426234779879,2494669.000573726371,retrograde
Neptune,206.624686195,203.843981627,1628728747,1642459581,2494670.168949910440,2494829.090646118857,retrograde
NorthNode,359.950738790,359.115595448,1628916413,1629828871,2494672.341009908356,2494682.901867006905,retrograde
NorthNode,359.180123406,358.684468309,1630162792,1630981213,2494686.766700757667,2494696.239163652994,retrograde
NorthNode,358.799917841,358.624116904,1631496597,1632192197,2494702.204254779965,2494710.255183332600,retrograde
Mercury,354.687674482,340.663307191,1631498405,1633447297,2494702.225179046392,2494724.781806133687,retrograde
NorthNode,358.669148618,358.655212658,1632699082,1633125367,2494716.121900986880,2494721.055758645758,retrograde
NorthNode,358.657327818,358.572349342,1633338961,1634065132,2494723.527909732424,2494731.932670504786,retrograde
NorthNode,358.643683287,358.423178860,1634564463,1635239631,2494737.711965668947,2494745.526407118887,retrograde
NorthNode,358.521646172,357.816587781,1635692572,1636620040,2494750.768782330677,2494761.503367805853,retrograde
NorthNode,357.870438146,357.150193242,1636930678,1637787518,2494765.098710874096,2494775.015846288763,retrograde
NorthNode,357.181584780,355.726494528,1638036864,1639161715,2494777.901787958108,2494790.920901885256,retrograde
NorthNode,355.730973932,354.570778233,1639280890,1640342983,2494792.300237623975,2494804.592981437221,retrograde
NorthNode,354.570865275,352.873295984,1640375799,1641617551,2494804.972793064080,2494819.344928895123,retrograde
NorthNode,352.874474173,351.753973519,1641693119,1642717480,2494820.219553775154,2494832.075590574183,retrograde
Mercury,118.528124129,108.530048079,1642171970,1644265053,2494825.761814400554,2494849.987306945026,retrograde
NorthNode,351.768608877,350.585255801,1642906592,1643955414,2494834.264381094836,2494846.403524750844,retrograde
NorthNode,350.621920004,349.970234963,1644217247,1645070060,2494849.433997414075,2494859.304524399340,retrograde
NorthNode,350.056272823,349.603819821,1645474362,1646306027,2494863.983943300322,2494873.609693166800,retrograde
Pluto,52.433780505,50.471837255,1646602066,1660859633,2494877.036067494191,2495042.054212498479,retrograde
NorthNode,349.678383124,349.511820707,1646739256,1647430412,2494878.623923958279,2494886.623407605104,retrograde
NorthNode,349.573688761,349.564682598,1648044171,1648417984,2494893.727106007747,2494898.053642339073,retrograde
Jupiter,50.342375718,40.336940343,1648145541,1658299749,2494894.900361336768,2495012.425916828215,retrograde
NorthNode,349.567900876,349.516946675,1648670275,1649264799,2494900.973682032898,2494907.854747549631,retrograde
Saturn,65.765698376,58.841037505,1648882043,1660497563,2494903.424696460366,2495037.863580390811,retrograde
NorthNode,349.589434692,349.256890974,1649789908,1650612737,2494913.932392743416,2494923.455878800713,retrograde
NorthNode,349.345721068,348.884845565,1651039113,1651799396,2494928.390782099217,2494937.190353061073,retrograde
Uranus,101.765364567,97.682756082,1651482976,1664392681,2494933.528082077391,2495082.945964750834,retrograde
NorthNode,348.951749870,347.787927324,1652139837,1653177497,2494941.130643200129,2494953.140597723424,retrograde
Mercury,233.074922340,217.117910841,1652235468,1653992698,2494942.237479694188,2494962.575795613229,retrograde
NorthNode,347.813384594,346.782298471,1653399070,1654347175,2494955.705099978484,2494966.678535073064,retrograde
NorthNode,346.788203642,344.895235818,1654478301,1655733442,2494968.196195537224,2494982.723292908631,retrograde
Mars,114.799363396,96.018899762,1654938394,1661653483,2494973.521345532499,2495051.242291866802,retrograde
NorthNode,344.895239330,343.631516964,1655744079,1656815048,2494982.846407314762,2494995.241887660697,retrograde
NorthNode,343.633847368,341.948541330,1656910062,1658076477,2494996.341581162997,2495009.841751382686,retrograde
NorthNode,341.970673793,341.112288505,1658284018,1659164960,2495012.243853861466,2495022.439941029064,retrograde
NorthNode,341.173231378,340.386261966,1659484597,1660419364,2495026.139435340650,2495036.958508348092,retrograde
Neptune,208.797474203,206.017653280,1660476627,1674207527,2495037.621266138740,2495196.543722734787,retrograde
NorthNode,340.471988860,340.192777786,1660823199,1661528614,2495041.632519052364,2495049.797049134970,retrograde
Mercury,338.082693959,323.057754234,1661603020,1663488230,2495050.658228069544,2495072.477785684168,retrograde
NorthNode,340.286372704,340.189529945,1662065471,1662777293,2495056.010664843954,2495064.249349988066,retrograde
NorthNode,340.195469742,340.191617498,1663087537,1663357196,2495067.840133069083,2495070.961184354499,retrograde
NorthNode,340.233135723,340.041704071,1663894465,1664645650,2495077.179580474272,2495085.873855844140,retrograde
NorthNode,340.143240956,339.775564791,1665143226,1665885379,2495091.632832787000,2495100.222567122430,retrograde
NorthNode,339.848388204,338.947514380,1666249718,1667219333,2495104.439456477761,2495115.661851335317,retrograde
NorthNode,338.991808264,338.102437779,1667503869,1668417068,2495118.955090867355,2495129.524523326196,retrograde
NorthNode,338.115345055,336.469412432,1668590909,1669782126,2495131.536571166478,2495145.323803185485,retrograde
NorthNode,336.470268007,335.300521807,1669851663,1670925845,2495146.128630679101,2495158.561295067891,retrograde
NorthNode,335.300589002,333.574620516,1670955006,1672189116,2495158.898809307255,2495173.182487846352,retrograde
Mercury,98.639436182,89.716062890,1672070813,1674149958,2495171.813242532313,2495195.877410165966,retrograde
NorthNode,333.581740536,332.656640109,1672333039,1673270929,2495174.848263164982,2495185.703472740017,retrograde
Venus,122.749746093,106.252581974,1673168297,1676897717,2495184.515595620498,2495227.680186288431,retrograde
NorthNode,332.682307339,331.609749992,1673499297,1674528784,2495188.346613398753,2495200.261974521913,retrograde
NorthNode,331.673645267,331.243441504,1674871609,1675630309,2495204.229854769073,2495213.011104157194,retrograde
NorthNode,331.326729805,330.995802895,1676053023,1676878163,2495217.903626556508,2495227.453860037029,retrograde
NorthNode,331.068936291,331.013256867,1677401310,1677998215,2495233.508801106364,2495240.417432784103,retrograde
Pluto,53.380233823,51.418213121,1678239714,1692501811,2495243.212551516481,2495408.283125865273,retrograde
NorthNode,331.019271317,331.014603757,1678318946,1678616047,2495244.129587675445,2495247.568257831037,retrograde
NorthNode,331.071449854,330.912154751,1679236950,1679926758,2495254.754632675089,2495262.738525493070,retrograde
NorthNode,330.987053089,330.546380627,1680364227,1681187416,2495267.801823103800,2495277.329470177181,retrograde
NorthNode,330.637574733,329.948789462,1681596989,1682452960,2495282.069908374920,2495291.976977472194,retrograde
Saturn,79.808071409,72.865337969,1681676270,1693249812,2495282.987505249679,2495416.940535478294,retrograde
Mercury,217.038246064,201.405940129,1682330361,1684140485,2495290.558004796505,2495311.508514620364,retrograde
NorthNode,329.987711727,328.748828446,1682715911,1683763923,2495295.020395428874,2495307.150162119418,retrograde
Jupiter,86.000510289,75.941709620,1682753691,1692961473,2495295.457660660148,2495413.603281095624,retrograde
Uranus,106.277573363,102.188262187,1683439645,1696337949,2495303.396939015947,2495452.682871152647,retrograde
NorthNode,328.763575475,327.526457542,1683949451,1684984863,2495309.297469166107,2495321.281409515999,retrograde
NorthNode,327.527391095,325.712497737,1685052994,1686289995,2495322.069956013002,2495336.387108366005,retrograde
NorthNode,325.712841381,324.460832947,1686340727,1687388505,2495336.974277960137,2495349.101333824918,retrograde
NorthNode,324.468297269,322.995041709,1687526994,1688628291,2495350.704223585315,2495363.450715291314,retrograde
NorthNode,323.040433684,322.344140785,1688909607,1689740877,2495366.706686964259,2495376.327866463922,retrograde
NorthNode,322.411733373,321.805086240,1690079803,1690974055,2495380.250621966086,2495390.600765276700,retrograde
NorthNode,321.911735675,321.756122689,1691467315,1692110204,2495396.309782868251,2495403.750636346638,retrograde
Mercury,321.796384589,306.104142476,1691732304,1693555098,2495399.376791015267,2495420.473946973681,retrograde
Neptune,210.971011996,208.192702030,1692219554,1705951639,2495405.016255960800,2495563.952425434254,retrograde
NorthNode,321.809009546,321.794408547,1692643562,1693067061,2495409.923755803145,2495414.825372427702,retrograde
NorthNode,321.798442572,321.716982058,1693330272,1694012378,2495417.871792748570,2495425.766535662115,retrograde
NorthNode,321.783209191,321.506973542,1694483191,1695215357,2495431.215755227953,2495439.689902680926,retrograde
NorthNode,321.618718741,320.994251803,1695686822,1696547279,2495445.146669302136,2495455.105670221150,retrograde
NorthNode,321.044787954,320.100009253,1696842946,1697791368,2495458.527742814273,2495469.504848925397,retrograde
NorthNode,320.130459822,318.906211458,1698037753,1699075383,2495472.356524795294,2495484.366135858931,retrograde
NorthNode,318.909922697,317.386655593,1699185103,1700364407,2495485.636038499884,2495499.285393781029,retrograde
NorthNode,317.386668411,316.038808543,1700381809,1701519114,2495499.486801583320,2495512.650049623102,retrograde
NorthNode,316.040418743,314.617119603,1701602079,1702719983,2495513.610300840810,2495526.549000825733,retrograde
Mercury,78.578868448,70.027322253,1701931312,1703996022,2495517.420865528286,2495541.317968159914,retrograde
NorthNode,314.637577794,313.756524760,1702934488,1703863341,2495529.031697773375,2495539.782314136624,retrograde
NorthNode,313.794850257,313.013861826,1704129912,1705065599,2495542.867627275176,2495553.697329537943,retrograde
NorthNode,313.107163307,312.791307132,1705492706,1706223923,2495558.640707888640,2495567.103856944479,retrograde
NorthNode,312.862779190,312.687868303,1706663843,1707417876,2495572.195529344492,2495580.922762452625,retrograde
NorthNode,312.734437481,312.733207974,1708040858,1708229023,2495588.133197485469,2495590.311033030972,retrograde
NorthNode,312.741338884,312.678419039,1708596757,1709207457,2495594.567220431753,2495601.635510658845,retrograde
NorthNode,312.769789391,312.433433100,1709773703,1710580250,2495608.189280261286,2495617.524310359731,retrograde
Pluto,54.325794701,52.363128202,1709881700,1724145721,2495609.439242281951,2495774.532077214681,retrograde
NorthNode,312.505032558,312.003714844,1710964919,1711763713,2495621.976506599225,2495631.221797048114,retrograde
NorthNode,312.076964616,311.039865550,1712124837,1713114194,2495635.401478883810,2495646.852363790385,retrograde
Mercury,200.719911622,185.582645289,1712405123,1714281214,2495638.645533122122,2495660.359550863504,retrograde
NorthNode,311.061214404,309.910702981,1713319891,1714333077,2495649.233127078973,2495660.959809883498,retrograde
NorthNode,309.916572425,308.326054348,1714468433,1715643700,2495662.526434163563,2495676.129064070061,retrograde
Saturn,93.947425745,86.995813030,1714470652,1726018589,2495662.552116617560,2495796.208789743483,retrograde
Uranus,110.822177508,106.725294194,1715393446,1728281237,2495673.232595636509,2495822.396843391471,retrograde
NorthNode,308.326067664,306.848333753,1715660032,1716807331,2495676.318092213944,2495689.597014307044,retrograde
NorthNode,306.851254620,305.468654473,1716913150,1717992503,2495690.821769470349,2495703.314275312237,retrograde
Jupiter,119.689866365,109.626853258,1717160703,1727493052,2495693.686968721449,2495813.274336434901,retrograde
NorthNode,305.485770101,304.417506664,1718178537,1719152222,2495705.467446710914,2495716.736949587241,retrograde
NorthNode,304.487595901,303.844387008,1719495654,1720342391,2495720.711855076253,2495730.512057997286,retrograde
NorthNode,303.919300328,303.549448073,1720714704,1721505999,2495734.821239614859,2495743.979747517966,retrograde
Mars,150.481988383,131.000855583,1721054634,1728017128,2495738.755609956570,2495819.340031729080,retrograde
Mercury,305.720621015,289.637760892,1721874333,1723642928,2495748.242864601314,2495768.712721325457,retrograde
NorthNode,303.655658613,303.574558383,1722073537,1722709273,2495750.548470077105,2495757.906523910351,retrograde
NorthNode,303.583911884,303.582621271,1723075503,1723257547,2495762.145298141986,2495764.252289757133,retrograde
NorthNode,303.631926100,303.420021888,1723864031,1724640571,2495771.271780632436,2495780.259508478455,retrograde
Venus,342.603598268,326.703158438,1723915148,1727500466,2495771.863412017003,2495813.360152469948,retrograde
Neptune,213.145766190,210.369245251,1723969427,1737706836,2495772.491638236679,2495931.489431583323,retrograde
NorthNode,303.503487538,303.144855216,1725084516,1725809708,2495785.397761600092,2495793.791190410033,retrograde
NorthNode,303.237521636,302.283528638,1726215230,1727194483,2495798.484726392664,2495809.818680785596,retrograde
NorthNode,302.319361771,301.375227027,1727446779,1728370586,2495812.738766527735,2495823.430975466035,retrograde
NorthNode,301.390182079,299.754607647,1728557452,1729734788,2495825.593786782585,2495839.220356001519,retrograde
NorthNode,299.755126461,298.456755073,1729791142,1730894993,2495839.872600438073,2495852.648652681150,retrograde
NorthNode,298.456971748,296.878216642,1730939304,1732124882,2495853.161514320411,2495866.883474848233,retrograde
Mercury,58.908259726,49.838945450,1731789967,1733849936,2495863.007145352662,2495886.849385589361,retrograde
NorthNode,296.885625246,295.843636643,1732265861,1733240613,2495868.515180747956,2495879.797035925090,retrograde
NorthNode,295.880652385,294.994732916,1733509072,1734467105,2495882.904195178300,2495893.992538969032,retrograde
NorthNode,295.051075948,294.571517232,1734789141,1735595435,2495897.719816735014,2495907.051919632591,retrograde
NorthNode,294.675306489,294.437638706,1736077938,1736824216,2495912.636446980760,2495921.273923009634,retrograde
NorthNode,294.494217908,294.442456027,1737311161,1737951943,2495926.909852933139,2495934.326312894933,retrograde
NorthNode,294.443714096,294.423514630,1738135829,1738642259,2495936.454625823535,2495942.316082480364,retrograde
NorthNode,294.478411447,294.333816834,1739193467,1739837130,2495948.695811595768,2495956.145607969724,retrograde
NorthNode,294.423708641,293.882677963,1740311260,1741200959,2495961.633221485652,2495971.930666732602,retrograde
Pluto,55.269463582,53.305818155,1741530947,1755775386,2495975.749975997023,2496140.616170889698,retrograde
NorthNode,293.951842749,293.355339417,1741560290,1742372644,2495976.089593068697,2495985.491833901964,retrograde
Mercury,183.988908533,169.570562563,1742458033,1744405471,2495986.480137608945,2496009.019922174513,retrograde
NorthNode,293.399418600,292.033266329,1742657135,1743753100,2495988.784551821649,2496001.469331380911,retrograde
NorthNode,292.043980901,290.942569893,1743915245,1744921376,2496003.346020299010,2496014.991054574028,retrograde
NorthNode,290.943609197,289.074062556,1744995031,1746253532,2496015.843534409069,2496030.409520919435,retrograde
NorthNode,289.074345636,287.889057219,1746299827,1747334104,2496030.945344259031,2496042.916147757322,retrograde
Saturn,108.104740192,101.152730584,1747255577,1758800777,2496042.007263459265,2496175.632259421051,retrograde
Uranus,115.396559355,111.291635057,1747353072,1760236427,2496043.135680318810,2496192.248584725894,retrograde
NorthNode,287.897770075,286.442820488,1747486172,1748589432,2496044.676187213510,2496057.445402612910,retrograde
NorthNode,286.477730982,285.753414111,1748838565,1749687032,2496060.328888307326,2496070.149108548649,retrograde
NorthNode,285.835620780,285.254035896,1750062625,1750936203,2496074.496245253831,2496084.607106027193,retrograde
NorthNode,285.340431912,285.155103217,1751373474,1752050815,2496089.668108142912,2496097.507709298283,retrograde
Jupiter,151.436537279,141.412180699,1751394890,1761868475,2496089.915977194905,2496211.138027384877,retrograde
Mercury,289.793030340,273.524149339,1752020410,1753749342,2496097.155796088278,2496117.166578456759,retrograde
NorthNode,285.224766020,285.210101878,1752646223,1753071704,2496104.398997763172,2496109.323547706008,retrograde
NorthNode,285.212911699,285.155732708,1753301553,1753906773,2496111.983843993396,2496118.988697445020,retrograde
NorthNode,285.229211909,284.881612987,1754415285,1755228996,2496124.874259632081,2496134.292209425010,retrograde
NorthNode,284.980510123,284.469530556,1755666480,1756443245,2496139.355681056157,2496148.346010765992,retrograde
Neptune,215.322401207,212.547376017,1755720122,1769457321,2496139.976535723545,2496298.971890588291,retrograde
NorthNode,284.531286376,283.339815468,1756765949,1757804502,2496152.081012464128,2496164.101306760684,retrograde
NorthNode,283.364501699,282.308835264,1758025000,1758985009,2496166.653369948268,2496177.764584780671,retrograde
NorthNode,282.313330522,280.466885615,1759103731,1760361437,2496179.138677176088,2496193.695453933440,retrograde
NorthNode,280.466891167,279.270655469,1760374108,1761439852,2496193.842113439925,2496206.177116843872,retrograde
NorthNode,279.272946479,277.667328175,1761534905,1762703963,2496207.277267174795,2496220.808026926592,retrograde
Mercury,39.992391139,29.691226965,1761694177,1763745236,2496209.120688818395,2496232.859800696373,retrograde
NorthNode,277.688768042,276.900095365,1762915631,1763789838,2496223.257885921746,2496233.376032023691,retrograde
NorthNode,276.950053520,276.159490961,1764090545,1765046458,2496236.856430377811,2496247.920238835737,retrograde
NorthNode,276.241119331,275.962611050,1765449961,1766153022,2496252.590412943624,2496260.727698982693,retrograde
NorthNode,276.048360147,275.907634911,1766652066,1767399629,2496266.503660786897,2496275.156012102962,retrograde
NorthNode,275.933568286,275.933560482,1767977043,1768011388,2496281.839050622657,2496282.236557093449,retrograde
NorthNode,275.950683795,275.846118130,1768522349,1769217567,2496288.150459632277,2496296.196963182651,retrograde
NorthNode,275.940473782,275.652393907,1769762563,1770495638,2496302.504793778993,2496310.989456284791,retrograde
NorthNode,275.724756344,275.049329463,1770880742,1771785780,2496315.446670345962,2496325.921655281447,retrograde
NorthNode,275.111083794,274.299041020,1772121819,1773019054,2496329.810991615057,2496340.195659479126,retrograde
Mercury,166.675118326,153.241156124,1772486803,1774500546,2496334.035343185067,2496357.342559397221,retrograde
Pluto,56.211327102,54.246468780,1773174011,1787407518,2496341.989144808613,2496506.728800483979,retrograde
NorthNode,274.319857429,272.861905845,1773226149,1774353659,2496342.592588459142,2496355.642471897416,retrograde
Venus,190.733939017,174.716962085,1773997097,1777656203,2496351.515596704558,2496393.866366198286,retrograde
NorthNode,272.865867152,271.650548097,1774471591,1775546808,2496357.007432563230,2496369.452066582628,retrograde
NorthNode,271.650563101,269.854592819,1775564168,1776810238,2496369.652992005460,2496384.075103821233,retrograde
NorthNode,269.857808404,268.783266120,1776918944,1777901129,2496385.333269950934,2496396.701156052761,retrograde
NorthNode,268.800633566,267.532062341,1778091956,1779149122,2496398.909798907116,2496411.145516423509,retrograde
Uranus,119.998310223,115.885038482,1779307726,1792186580,2496412.981215096079,2496562.042024605907,retrograde
NorthNode,267.594754790,267.062519039,1779476368,1780258475,2496414.933091904037,2496423.985249009915,retrograde
Saturn,122.192993708,115.248746647,1780021021,1791590473,2496421.236945807934,2496555.142639301717,retrograde
NorthNode,267.143584741,266.711712682,1780647510,1781496684,2496428.487968518399,2496438.316368584521,retrograde
NorthNode,266.804662861,266.726803062,1782025525,1782628351,2496444.437214379199,2496451.414370601997,retrograde
Mercury,273.956463787,257.645984746,1782163473,1783871904,2496446.033835843205,2496465.807348497212,retrograde
NorthNode,266.741768281,266.741045195,1783066509,1783215477,2496456.485647802241,2496458.209810519591,retrograde
NorthNode,266.794778255,266.620055513,1783854882,1784566363,2496465.610333484598,2496473.845068487339,retrograde
NorthNode,266.698443053,266.264949484,1785000766,1785795861,2496478.872874802910,2496488.075368443504,retrograde
Jupiter,181.829241391,171.860855454,1785545643,1796139998,2496485.179324284196,2496607.799177788198,retrograde
NorthNode,266.364620110,265.571631829,1786212216,1787101826,2496492.894287433475,2496503.190703904256,retrograde
Mars,183.714223514,164.435521944,1787131857,1794127739,2496503.538280813955,2496584.509142921306,retrograde
NorthNode,265.608843879,264.397014535,1787355086,1788379525,2496506.121955887415,2496517.978887702338,retrograde
Neptune,217.500204704,214.726540400,1787465404,1801214392,2496507.398786223494,2496666.530592129566,retrograde
NorthNode,264.411112299,263.059424801,1788561884,1789634534,2496520.089517687447,2496532.504447285086,retrograde
NorthNode,263.060021163,261.370399535,1789692799,1790901464,2496533.178814820014,2496547.167994068936,retrograde
NorthNode,261.370915396,260.095359571,1790960421,1792027316,2496547.850371217355,2496560.198686021380,retrograde
Mercury,21.906222645,10.071400284,1791665600,1793692114,2496556.012162804604,2496579.467179626226,retrograde
NorthNode,260.103214036,258.781082833,1792169433,1793242094,2496561.843563766219,2496574.258623034693,retrograde
NorthNode,258.825715984,258.140034367,1793529068,1794377864,2496577.580077520572,2496587.404106070288,retrograde
NorthNode,258.199659016,257.635498440,1794706477,1795589474,2496591.207501702011,2496601.427373435348,retrograde
NorthNode,257.739313290,257.571174216,1796084080,1796743968,2496607.151973308995,2496614.789572307840,retrograde
NorthNode,257.625345015,257.587462293,1797249500,1797897613,2496620.640637567267,2496628.141937932000,retrograde
NorthNode,257.587508499,257.544412056,1797958105,1798625283,2496628.842077294365,2496636.564043412916,retrograde
NorthNode,257.597286770,257.414398947,1799117163,1799799789,2496642.257099483162,2496650.157862258144,retrograde
NorthNode,257.520077320,256.997449508,1800299390,1801157062,2496655.940287392586,2496665.867041298188,retrograde
NorthNode,257.053603144,256.336180843,1801480496,1802359543,2496669.610493779182,2496679.784643683583,retrograde
Mercury,148.634714389,136.445906508,1802488603,1804551948,2496681.278404504061,2496705.159707963467,retrograde
NorthNode,256.379952095,255.212926618,1802649186,1803682866,2496683.136996859685,2496695.100891703740,retrograde
NorthNode,255.221036727,253.902254567,1803828251,1804927310,2496696.783581753261,2496709.504179819487,retrograde
Pluto,57.151272472,55.185168757,1804800884,1819055821,2496708.040916412137,2496873.028613305651,retrograde
NorthNode,253.902905065,252.421827404,1804992207,1806162444,2496710.255291797221,2496723.799706711434,retrograde
NorthNode,252.422119049,250.990518114,1806209013,1807331634,2496724.338700756431,2496737.331996438093,retrograde
NorthNode,251.001568159,249.892910493,1807501680,1808502040,2496739.300127631053,2496750.878362301737,retrograde
NorthNode,249.922719110,249.022383879,1808736143,1809677692,2496753.587892599404,2496764.485452103429,retrograde
NorthNode,249.112466021,248.667585793,1810075379,1810857919,2496769.088306228630,2496778.145482944325,retrograde
Uranus,124.625472772,120.503863751,1811270340,1824149792,2496782.918874653988,2496931.986609180458,retrograde
NorthNode,248.744983603,248.502295692,1811271788,1812031243,2496782.935636417009,2496791.725621783175,retrograde
Mercury,258.148420655,241.902663283,1812297688,1814007714,2496794.809473492205,2496814.601447507739,retrograde
NorthNode,248.576700400,248.562917336,1812644912,1813072340,2496798.828268207610,2496803.775350182317,retrograde
Saturn,136.129448987,129.200861272,1812764089,1824374084,2496800.207636564970,2496934.582572676241,retrograde
NorthNode,248.563897567,248.520041915,1813234160,1813817910,2496805.648270810954,2496812.404637326486,retrograde
NorthNode,248.608190914,248.259020264,1814388176,1815204774,2496819.004936250858,2496828.456308953464,retrograde
NorthNode,248.339982408,247.843072503,1815602827,1816378000,2496833.063399299979,2496842.035314576700,retrograde
NorthNode,247.920698129,246.750431785,1816737819,1817755470,2496846.199881115928,2496857.978246781044,retrograde
NorthNode,246.772521057,245.637590939,1817960602,1818949670,2496860.352461080067,2496871.800006113015,retrograde
NorthNode,245.642946701,243.888978249,1819078747,1820291642,2496873.293953840621,2496887.332087623887,retrograde
Neptune,219.679111093,216.906302832,1819212316,1832962455,2496874.839894087054,2497033.985015475191,retrograde
Jupiter,211.697788141,201.783977743,1819687059,1830351824,2496880.334600694478,2497003.769388392568,retrograde
NorthNode,243.888984045,242.514249746,1820304010,1821417157,2496887.475235975347,2496900.358888518997,retrograde
NorthNode,242.517715822,241.074136730,1821529114,1822633589,2496901.654688460752,2496914.437964250334,retrograde
Mercury,4.522845068,351.223553300,1821700027,1823682765,2496903.632842294872,2496926.581198781729,retrograde
NorthNode,241.093120681,240.156423677,1822829115,1823764643,2496916.700995150954,2496927.528858663514,retrograde
NorthNode,240.223323188,239.572291456,1824107464,1824981337,2496931.496703225188,2496941.610967180692,retrograde
Venus,53.560396491,37.121245406,1824733466,1828418687,2496938.742089601234,2496981.395106723532,retrograde
NorthNode,239.644041945,239.319457874,1825357055,1826121053,2496945.959551615641,2496954.802130613476,retrograde
NorthNode,239.419457468,239.326061888,1826679529,1827344007,2496961.265968344174,2496968.956688617356,retrograde
NorthNode,239.341793820,239.341779122,1827835382,1827877250,2496974.643891487271,2496975.128484652378,retrograde
NorthNode,239.372702156,239.217969936,1828480665,1829240820,2496982.112445884384,2496990.910540706478,retrograde
NorthNode,239.297321450,239.019124671,1829715691,1830416223,2496996.406735884026,2497004.514736464247,retrograde
NorthNode,239.105611875,238.311764650,1830832462,1831792268,2497009.332328635268,2497020.441190081649,retrograde
NorthNode,238.356232164,237.581582801,1832079129,1832956889,2497023.761340733618,2497033.920600968413,retrograde
Mercury,129.788381041,119.004262920,1832455860,1834544382,2497028.121656343341,2497052.294360026717,retrograde
NorthNode,237.603678111,236.078329549,1833175389,1834333948,2497036.449529119767,2497049.858777948655,retrograde
NorthNode,236.080545554,234.903838380,1834427972,1835504973,2497050.947019443847,2497063.412316140719,retrograde
NorthNode,234.903843129,233.189930833,1835517321,1836763788,2497063.555226746947,2497077.981929044239,retrograde
Pluto,58.089842255,56.122691141,1836436094,1850698854,2497074.189176238142,2497239.267420223914,retrograde
NorthNode,233.193062687,232.115905210,1836869017,1837856289,2497079.199861270376,2497090.626621656120,retrograde
NorthNode,232.137997548,231.006348744,1838073277,1839102225,2497093.138050920330,2497105.047173970379,retrograde
NorthNode,231.056193272,230.485424653,1839398475,1840211532,2497108.475996354595,2497117.886373698711,retrograde
NorthNode,230.584079175,230.213989714,1840646884,1841454281,2497122.925172959454,2497132.270042588003,retrograde
NorthNode,230.288139139,230.191538572,1841927094,1842573892,2497137.742411316372,2497145.228504963219,retrograde
Mercury,242.316477092,226.227137872,1842418572,1844152653,2497143.430820450187,2497163.501203194261,retrograde
NorthNode,230.211811157,230.210952730,1843064110,1843223010,2497150.902318490669,2497152.741442915983,retrograde
Uranus,129.275863864,125.146423882,1843227348,1856105907,2497152.791652358137,2497301.849042228423,retrograde
NorthNode,230.255155053,230.128922066,1843820990,1844458596,2497159.662502273917,2497167.042211328633,retrograde
NorthNode,230.218644166,229.698017374,1844934609,1845804138,2497172.551618675701,2497182.615607053973,retrograde
Saturn,149.843710990,142.937833615,1845487267,1857145977,2497178.948120288551,2497313.886898621917,retrograde
NorthNode,229.782281421,229.152542366,1846188588,1846998935,2497187.065259867348,2497196.444274153560,retrograde
NorthNode,229.199574867,227.749755347,1847281369,1848376513,2497199.713192556985,2497212.388464693911,retrograde
NorthNode,227.761969420,226.602350646,1848544492,1849549445,2497214.332667512819,2497225.964069533162,retrograde
NorthNode,226.603233466,224.626275370,1849617374,1850883355,2497226.750280905515,2497241.402847202495,retrograde
NorthNode,224.626742573,223.458130155,1850938193,1851955974,2497242.037544783205,2497253.817418410443,retrograde
Neptune,221.858032811,219.085716653,1850953314,1864719918,2497242.212549406104,2497401.548248487525,retrograde
Mercury,347.683300023,333.194440881,1851783534,1853707234,2497251.821585871279,2497274.086624540389,retrograde
NorthNode,223.467736938,221.998520568,1852111276,1853219370,2497255.614887639880,2497268.440056184307,retrograde
NorthNode,222.038264474,221.380451536,1853484882,1854310599,2497271.513106172904,2497281.070016648620,retrograde
Mars,219.254532240,201.206921585,1853612884,1860382534,2497272.994618103839,2497351.347047672607,retrograde
Jupiter,241.932889262,232.063511502,1853917238,1864586626,2497276.517235137522,2497400.005520343781,retrograde
NorthNode,221.457166971,220.891226561,1854679769,1855565451,2497285.342819036916,2497295.593766998500,retrograde
NorthNode,220.978227948,220.817915816,1856019481,1856676524,2497300.848743913695,2497308.453409694135,retrograde
NorthNode,220.879843666,220.861823521,1857252350,1857731613,2497315.118067484349,2497320.665093963034,retrograde
NorthNode,220.863354094,220.813567225,1857925810,1858543951,2497322.912739057094,2497330.067146481015,retrograde
NorthNode,220.874493594,220.603849745,1859042363,1859821950,2497335.835803478956,2497344.858800909482,retrograde
NorthNode,220.702554077,220.251179653,1860287436,1861067454,2497350.246374782175,2497359.274358467199,retrograde
NorthNode,220.309768459,219.348922627,1861396151,1862389233,2497363.078727467917,2497374.572729712352,retrograde
Mercury,110.204862924,100.728553693,1862378839,1864468529,2497374.452424235642,2497398.638650745153,retrograde
NorthNode,219.381719968,218.423392338,1862644730,1863592722,2497377.529874894768,2497388.501993753947,retrograde
NorthNode,218.430903992,216.798845327,1863736659,1864949677,2497390.167936346494,2497404.207491015084,retrograde
NorthNode,216.799021876,215.613110741,1864991016,1866071925,2497404.685951554216,2497417.196479789913,retrograde
NorthNode,215.613539575,213.966865383,1866125944,1867328207,2497417.821697216481,2497431.736779242754,retrograde
NorthNode,213.979202263,213.090961964,1867503454,1868417912,2497433.765098497272,2497444.349109596573,retrograde
Pluto,59.027995451,57.060139056,1868077156,1882340079,2497440.405173464678,2497605.485297418199,retrograde
NorthNode,213.124386856,212.149984178,1868668937,1869669115,2497447.254487612285,2497458.830623246729,retrograde
NorthNode,212.228638261,211.856731951,1870048098,1870779463,2497463.217003989033,2497471.681870909408,retrograde
NorthNode,211.943314179,211.695491785,1871225246,1872019920,2497476.841398352757,2497486.039016339928,retrograde
Mercury,226.375124966,210.542861373,1872522768,1874301190,2497491.859011210501,2497512.442600987852,retrograde
NorthNode,211.754377195,211.740885213,1872587028,1873021488,2497492.602766470052,2497497.631237122230,retrograde
NorthNode,211.741380459,211.690179518,1873151855,1873793545,2497499.140113911591,2497506.567083041184,retrograde
NorthNode,211.782074893,211.509482652,1874379282,1875118970,2497513.346445458010,2497521.907647700049,retrograde
Venus,264.176786503,248.891976619,1875091645,1878632250,2497521.591387929395,2497562.570611005649,retrograde
Uranus,133.948058643,129.811255533,1875193867,1888074928,2497522.774513340555,2497671.860859137960,retrograde
NorthNode,211.587869974,210.976743462,1875515926,1876373906,2497526.502044457011,2497536.432374182157,retrograde
NorthNode,211.055055839,210.151386830,1876737497,1877652312,2497540.640601624735,2497551.228734598495,retrograde
NorthNode,210.175600235,208.720293773,1877864725,1878958497,2497553.687216705643,2497566.346616186202,retrograde
Saturn,163.283432043,156.405779576,1878185632,1889901371,2497557.401416935027,2497693.000248834491,retrograde
NorthNode,208.725495366,207.349671856,1879086058,1880187261,2497567.823019423522,2497580.568423714489,retrograde
NorthNode,207.349679497,205.547234546,1880200774,1881424682,2497580.724823120050,2497594.890427736565,retrograde
NorthNode,205.551093606,204.399686645,1881539733,1882537333,2497596.222033124417,2497607.768332633190,retrograde
Mercury,331.230549899,315.885726936,1881900429,1883758812,2497600.396752595901,2497621.905816458166,retrograde
Neptune,224.036394001,221.263789823,1882702095,1896468131,2497609.675303115509,2497769.004422700964,retrograde
NorthNode,204.418561247,203.202914451,1882731248,1883765007,2497610.012712883763,2497621.977523908950,retrograde
NorthNode,203.272503680,202.751290323,1884108897,1884894319,2497625.957725152373,2497635.048262828030,retrograde
NorthNode,202.828366796,202.437174859,1885279987,1886114050,2497639.512006458826,2497649.165521311574,retrograde
NorthNode,202.529807606,202.461991936,1886663393,1887265289,2497655.523656141944,2497662.490043707192,retrograde
NorthNode,202.472795979,202.471926663,1887667313,1887831141,2497667.143095606007,2497669.039258010685,retrograde
Jupiter,273.387091778,263.543647864,1888305900,1898901695,2497674.534151926637,2497797.170662879944,retrograde
NorthNode,202.522245707,202.351330579,1888469787,1889201857,2497676.430986316875,2497684.904018823057,retrograde
NorthNode,202.423169713,202.069297033,1889636440,1890396499,2497689.933922454715,2497698.730893765576,retrograde
NorthNode,202.165148219,201.422123858,1890824473,1891731305,2497703.684304258786,2497714.180046285503,retrograde
NorthNode,201.459529138,200.486564815,1891994052,1892963180,2497717.221090631559,2497728.437856353819,retrograde
Mercury,90.198329954,81.539960289,1892258343,1894332505,2497720.280018866062,2497744.286524698138,retrograde
NorthNode,200.505530208,199.204937207,1893172533,1894254301,2497730.860918347724,2497743.381381241605,retrograde
NorthNode,199.206425244,197.760765129,1894335507,1895512762,2497744.321267997846,2497757.946909303777,retrograde
NorthNode,197.760785376,196.409319399,1895533213,1896670255,2497758.183606326580,2497771.343818027526,retrograde
NorthNode,196.412677803,195.120899573,1896777326,1897855055,2497772.583064873703,2497785.056773490272,retrograde
NorthNode,195.149707339,194.307836267,1898099715,1899015135,2497787.888492344879,2497798.483626063913,retrograde
NorthNode,194.353847677,193.681401228,1899303709,1900202842,2497801.823610406369,2497812.230238190852,retrograde
Pluto,59.966305410,57.998070012,1899721580,1913972525,2497806.660082102753,2497971.601575245149,retrograde
NorthNode,193.785311618,193.517523476,1900662589,1901376864,2497817.551389178261,2497825.818456349894,retrograde
NorthNode,193.585504983,193.474961005,1901839021,1902557144,2497831.167501953430,2497839.479101907462,retrograde
Mercury,210.231727905,194.789827356,1902608648,1904446751,2497840.075219042599,2497861.349558196962,retrograde
NorthNode,193.489109935,193.486816333,1902990026,1903215483,2497844.489316801541,2497847.098774993792,retrograde
NorthNode,193.522918855,193.402573873,1903749476,1904385525,2497853.279242306948,2497860.640922357328,retrograde
NorthNode,193.509251433,193.018703999,1904912379,1905767679,2497866.738763934933,2497876.638079335913,retrograde
NorthNode,193.087555197,192.438593963,1906118542,1906948494,2497880.698990715668,2497890.304916065186,retrograde
Uranus,138.640118481,134.497216256,1907154442,1920035996,2497892.688576928340,2498041.780633307062,retrograde
NorthNode,192.495422245,191.200932058,1907261221,1908310893,2497893.924438501708,2497906.073417920619,retrograde
NorthNode,191.212264896,189.910329578,1908470733,1909524983,2497907.923425087705,2497920.125387933105,retrograde
NorthNode,189.911497851,188.189988427,1909601895,1910805688,2497921.015571692958,2497934.948367833160,retrograde
NorthNode,188.190248741,186.772861839,1910849448,1911941381,2497935.454850225709,2497948.092961166985,retrograde
Saturn,176.416305467,169.571315141,1910853808,1922640070,2497935.505309991539,2498071.920381702483,retrograde
Mercury,315.036451130,299.144899636,1912036692,1913834096,2497949.196091651917,2497969.999385572970,retrograde
NorthNode,186.784292985,185.535519161,1912109976,1913142645,2497950.044290060177,2497961.996483296156,retrograde
NorthNode,185.568799958,184.726770265,1913384078,1914290104,2497964.790843184106,2497975.277254784480,retrograde
Neptune,226.213407829,223.440357999,1914439391,1928220740,2497977.005111859180,2498136.511471080594,retrograde
NorthNode,184.820793922,184.360155120,1914693607,1915496709,2497979.947431974113,2497989.242584730498,retrograde
NorthNode,184.437520487,184.232125731,1915918574,1916647033,2497994.125285094604,2498002.556528694928,retrograde
NorthNode,184.299567316,184.291452405,1917269978,1917625810,2498009.766535958275,2498013.884956980124,retrograde
NorthNode,184.294311593,184.244752964,1917865981,1918454243,2498016.664719340391,2498023.473302326165,retrograde
NorthNode,184.325897628,183.984609806,1919003788,1919829401,2498029.833786645904,2498039.389486790635,retrograde
NorthNode,184.064452176,183.620456211,1920236999,1920997878,2498044.107052813284,2498052.913523180410,retrograde
Mars,263.959604762,249.296265093,1921201464,1927318310,2498055.269846399315,2498126.066678506322,retrograde
NorthNode,183.690667367,182.602468558,1921352886,1922377635,2498057.022419963963,2498068.882934383117,retrograde
Mercury,70.245569899,61.577714575,1922114208,1924174260,2498065.834012962878,2498089.677206322551,retrograde
NorthNode,182.626146975,181.661467722,1922595961,1923548644,2498071.409854871221,2498082.436281035654,retrograde
Jupiter,306.716582421,296.879799250,1922900100,1933356989,2498074.929985344410,2498195.958791591227,retrograde
NorthNode,181.668510740,179.996215415,1923693419,1924913399,2498084.111918782815,2498098.232054503635,retrograde
NorthNode,179.996262594,178.787878259,1924939085,1926032148,2498098.529351820238,2498111.180545414798,retrograde
Venus,120.605509224,104.095578868,1925429199,1929157009,2498104.201960669830,2498147.347915584221,retrograde
NorthNode,178.788925541,177.264314061,1926107894,1927273814,2498112.057226456702,2498125.551670811139,retrograde
NorthNode,177.275992443,176.357500488,1927441559,1928379336,2498127.493172876537,2498138.347071311437,retrograde
NorthNode,176.403178244,175.584164305,1928673321,1929616827,2498141.749677765183,2498152.669881436974,retrograde
NorthNode,175.648328795,175.253823703,1929964669,1930736680,2498156.695830872282,2498165.631137143821,retrograde
NorthNode,175.357653366,175.170287321,1931243063,1931974598,2498171.492056868970,2498179.958897191100,retrograde
Pluto,60.905920478,58.937655209,1931368589,1945602749,2498172.944900696166,2498337.692126235925,retrograde
NorthNode,175.215275897,175.201426754,1932489790,1932930485,2498185.921763712540,2498191.022401552647,retrograde
Mercury,193.755689430,178.892883975,1932674897,1934581182,2498188.064209610224,2498210.127693936229,retrograde
NorthNode,175.202400028,175.131425868,1933097950,1933812450,2498192.960651787929,2498201.230328216217,retrograde
NorthNode,175.208244029,174.991030360,1934342578,1935017103,2498207.366068460979,2498215.173071297817,retrograde
NorthNode,175.082245191,174.376466454,1935453882,1936381345,2498220.228391422890,2498230.962918662466,retrograde
NorthNode,174.438627729,173.689453118,1936708678,1937558248,2498234.751493165269,2498244.584470557980,retrograde
NorthNode,173.720117507,172.116017934,1937797636,1938944208,2498247.355167264119,2498260.625683961436,retrograde
NorthNode,172.120343640,170.891411419,1939060563,1940112837,2498261.972382233478,2498274.151481770910,retrograde
Uranus,143.351071803,139.203358678,1939123437,1952008443,2498262.700089677237,2498411.832104441710,retrograde
NorthNode,170.891438241,168.958570691,1940134057,1941397070,2498274.397076253779,2498289.015289557166,retrograde
NorthNode,168.961539671,167.840381838,1941498806,1942475324,2498290.192780788057,2498301.495073211379,retrograde
Mercury,299.025267205,282.837157923,1942181699,1943930525,2498298.096643194556,2498318.337684802711,retrograde
NorthNode,167.861722114,166.598685855,1942682698,1943733939,2498303.895241965540,2498316.062380654737,retrograde
Saturn,189.230332174,182.420822402,1943495412,1955355171,2498313.301649607718,2498450.567380562425,retrograde
NorthNode,166.655839026,166.103780986,1944042938,1944833074,2498319.638763491996,2498328.783845915459,retrograde
NorthNode,166.201271407,165.819584608,1945260892,1946084477,2498333.735442721285,2498343.267682710662,retrograde
Neptune,228.388463596,225.614497561,1946186046,1959969601,2498344.443250386976,2498503.975136154331,retrograde
NorthNode,165.896179953,165.819696870,1946578680,1947199681,2498348.987624712288,2498356.175131645985,retrograde
NorthNode,165.830804661,165.827557482,1947586687,1947838906,2498360.654374570586,2498363.573577472940,retrograde
NorthNode,165.881742339,165.736170947,1948447648,1949107469,2498370.619199322537,2498378.256013065577,retrograde
NorthNode,165.818678192,165.324813645,1949561604,1950418110,2498383.512206779793,2498393.425469978712,retrograde
NorthNode,165.409438307,164.786231151,1950812123,1951637245,2498397.985804021358,2498407.535834655166,retrograde
NorthNode,164.827329938,163.531482103,1951909766,1952986576,2498410.690008759499,2498423.153085785918,retrograde
Mercury,50.858732554,41.328130436,1951987342,1954044031,2498411.587879121304,2498435.392149344087,retrograde
NorthNode,163.544914662,162.463326807,1953166691,1954170225,2498425.237749286927,2498436.852729219012,retrograde
NorthNode,162.464527730,160.675062680,1954246759,1955507883,2498437.738541795872,2498452.334886358120,retrograde
NorthNode,160.675184310,159.565983808,1955544122,1956584827,2498452.754318318330,2498464.799507853575,retrograde
NorthNode,159.571004229,158.108205369,1956710487,1957845640,2498466.253907361999,2498479.392256752588,retrograde
Jupiter,342.092090388,332.223416583,1957669797,1967967912,2498477.357033766806,2498596.548173598945,retrograde
NorthNode,158.137617854,157.449504485,1958088523,1958936610,2498482.203395105898,2498492.019222108647,retrograde
NorthNode,157.505892911,156.819477618,1959259056,1960189537,2498495.751230970025,2498506.520690376870,retrograde
NorthNode,156.906988279,156.687124433,1960623099,1961301684,2498511.538771812804,2498519.392763185315,retrograde
NorthNode,156.763036878,156.673159043,1961817703,1962543686,2498525.365200388245,2498533.767787141725,retrograde
Mercury,176.789612412,162.753594506,1962718867,1964694425,2498535.795338340104,2498558.660595081747,retrograde
NorthNode,156.677969278,156.672684261,1962839371,1963148331,2498537.190062473528,2498540.765986819752,retrograde
Pluto,61.847808094,59.879584233,1963001771,1977246314,2498539.069698662497,2498703.937093154527,retrograde
NorthNode,156.710399662,156.550805584,1963670589,1964384394,2498546.810648758896,2498555.072277602740,retrograde
NorthNode,156.657045785,156.264882226,1964904377,1965675971,2498561.090603897348,2498570.021090036258,retrograde
NorthNode,156.332985367,155.524749829,1966030441,1966959867,2498574.123743555509,2498584.880995090120,retrograde
NorthNode,155.575925948,154.577935526,1967261649,1968205347,2498588.373844575137,2498599.296265885234,retrograde
NorthNode,154.590669629,152.980647463,1968374164,1969537896,2498601.250165943988,2498614.719285106286,retrograde
NorthNode,152.981552483,151.634909964,1969608364,1970707382,2498615.534889460541,2498628.255009687506,retrograde
NorthNode,151.635044416,149.871925639,1970742791,1971945943,2498628.664837581106,2498642.590200748295,retrograde
Uranus,148.079908055,143.929711832,1971089038,1983974793,2498632.672327016480,2498781.813007867895,retrograde
NorthNode,149.883266665,148.868081026,1972112806,1973050428,2498644.521491054446,2498655.373596633784,retrograde
Mercury,283.131827329,266.831052844,1972326899,1974044693,2498646.999416664243,2498666.881293043494,retrograde
NorthNode,148.900394905,147.852975446,1973289461,1974286973,2498658.140178964473,2498669.685457011685,retrograde
NorthNode,147.941963292,147.547369559,1974677343,1975412358,2498674.203626609407,2498682.710747394711,retrograde
NorthNode,147.632886753,147.386248191,1975847491,1976637911,2498687.747006096877,2498696.895390419289,retrograde
Saturn,201.731649461,194.958693008,1976111246,1988046953,2498690.799728058279,2498828.944490566850,retrograde
Venus,340.197578952,324.321989141,1976169710,1979750711,2498691.476400410756,2498732.923164045438,retrograde
NorthNode,147.445681638,147.438920841,1977230400,1977558879,2498703.752905940637,2498707.554744264111,retrograde
NorthNode,147.441472768,147.381188357,1977786452,1978413840,2498710.188685535453,2498717.450118994340,retrograde
Neptune,230.561647800,227.786840365,1977928655,1991714680,2498711.834555300884,2498871.395033770241,retrograde
NorthNode,147.478982162,147.164866470,1978995502,1979767961,2498724.182325845584,2498733.122824158520,retrograde
NorthNode,147.239667217,146.666944001,1980153559,1980987940,2498737.585763711482,2498747.242949257605,retrograde
NorthNode,146.742134995,145.797540804,1981350239,1982298799,2498751.436226638034,2498762.414928537793,retrograde
Mercury,32.292624151,21.354976440,1981917816,1983962734,2498758.005397528410,2498781.673430636525,retrograde
NorthNode,145.818892742,144.548277550,1982504489,1983563153,2498764.795596363023,2498777.048654028215,retrograde
NorthNode,144.553777637,143.183477817,1983696651,1984823836,2498778.593764576130,2498791.639896181412,retrograde
NorthNode,143.183495693,141.622866234,1984842125,1986036451,2498791.851570854895,2498805.674788497388,retrograde
NorthNode,141.625114659,140.454585888,1986135181,1987178031,2498806.817492741160,2498818.887516533956,retrograde
NorthNode,140.467608729,139.331758302,1987351225,1988378840,2498820.892082507722,2498832.785774385557,retrograde
NorthNode,139.386860530,138.796160321,1988698638,1989530012,2498836.487140361220,2498846.109521663748,retrograde
NorthNode,138.859715808,138.406510181,1989881155,1990728147,2498850.173675058410,2498859.976823040284,retrograde
Mars,331.428493664,321.464146640,1990873375,1996063398,2498861.657706410624,2498921.727416780777,retrograde
NorthNode,138.508228606,138.385268460,1991252501,1991896822,2498866.045735235326,2498873.503151807003,retrograde
NorthNode,138.423444599,138.416940549,1992420528,1992752111,2498879.564572943375,2498883.402336084284,retrograde
Jupiter,18.861436890,8.924197757,1992519279,2002700186,2498880.707522965968,2498998.542092502117,retrograde
Mercury,159.189073787,146.255234506,1992736745,1994773654,2498883.224488899112,2498906.799818299711,retrograde
NorthNode,138.423630043,138.333355487,1993083683,1993796051,2498887.239972022362,2498895.484972923063,retrograde
NorthNode,138.397667474,138.162381403,1994269599,1994968189,2498900.965848288499,2498909.051390229724,retrograde
Pluto,62.792627312,60.824349581,1994642269,2008884594,2498905.279161618091,2499070.120887332596,retrograde
NorthNode,138.267597213,137.606787739,1995437009,1996333848,2498914.477542052977,2498924.857619901188,retrograde
NorthNode,137.657337110,136.841800658,1996633167,1997531445,2498928.321963226423,2498938.718695655465,retrograde
NorthNode,136.874561436,135.489866747,1997784431,1998867173,2498941.646781665273,2498954.178516291082,retrograde
NorthNode,135.493927444,134.097722135,1998979446,2000105897,2498955.477974923328,2498968.515596808866,retrograde
NorthNode,134.097742783,132.488003529,2000126013,2001312849,2498968.748417414725,2498982.484950330108,retrograde
NorthNode,132.489981775,131.137353583,2001399714,2002465526,2498983.490326944739,2498995.826122382656,retrograde
Mercury,267.314214502,251.024440823,2002466362,2004173578,2498995.835794031620,2499015.595242008567,retrograde
NorthNode,131.162208406,130.123552344,2002690139,2003653547,2498998.425805383362,2499009.576358130202,retrograde
Uranus,152.826473240,148.674945954,2003059857,2015948549,2499002.704946682788,2499151.879625585862,retrograde
NorthNode,130.170533566,129.460018606,2003934037,2004815189,2499012.822777021676,2499023.021296023391,retrograde
NorthNode,129.571960598,129.257085543,2005271923,2006013040,2499028.307564196177,2499036.885305112228,retrograde
NorthNode,129.328634751,129.220919934,2006473455,2007171352,2499042.214190410450,2499050.291699886322,retrograde
NorthNode,129.233497674,129.229128850,2007569633,2007843769,2499054.901435046457,2499058.074306166731,retrograde
NorthNode,129.273145854,129.140511944,2008386640,2009019425,2499064.357530064881,2499071.681432899088,retrograde
Saturn,213.940891207,207.204109034,2008705398,2020716462,2499068.046863056719,2499207.063808731735,retrograde
NorthNode,129.245793964,128.703917032,2009527746,2010405728,2499077.564771451056,2499087.726600336842,retrograde
Neptune,232.732975087,229.957893078,2009676689,2023469928,2499079.288656585850,2499238.932621204294,retrograde
NorthNode,128.773382233,128.136853226,2010755975,2011575054,2499091.780394651927,2499101.260471260175,retrograde
NorthNode,128.187683801,126.845244246,2011874462,2012952790,2499104.725835767575,2499117.206485667266,retrograde
Mercury,14.520674899,2.040027710,2011917562,2013928071,2499105.224684841931,2499128.494460158050,retrograde
NorthNode,126.855406010,125.681238666,2013109269,2014138355,2499119.017587273382,2499130.928310403600,retrograde
NorthNode,125.682308437,123.964288006,2014213850,2015445835,2499131.802085672505,2499146.061172496527,retrograde
NorthNode,123.964513349,122.729877192,2015488651,2016553951,2499146.556736499071,2499158.886589055881,retrograde
NorthNode,122.738158389,121.460630488,2016707560,2017782903,2499160.664479405619,2499173.110578204505,retrograde
NorthNode,121.488177696,120.718910369,2018014164,2018904100,2499175.787207885645,2499186.087393118069,retrograde
NorthNode,120.794384579,120.258394418,2019277077,2020132140,2499190.404260270298,2499200.300821575336,retrograde
NorthNode,120.331189225,120.093411640,2020535953,2021262174,2499204.974575199187,2499213.379910661839,retrograde
NorthNode,120.177791179,120.126864087,2021844320,2022492434,2499220.117717865855,2499227.619039199315,retrograde
NorthNode,120.127808758,120.118031525,2022660898,2023057915,2499229.568850946613,2499234.163958547637,retrograde
Mercury,140.817059348,129.219539788,2022723428,2024802687,2499230.292576618493,2499254.358069919050,retrograde
NorthNode,120.169020595,119.951780883,2023621892,2024406105,2499240.691465948708,2499249.768000698648,retrograde
NorthNode,120.036909211,119.698601670,2024865381,2025588758,2499255.083698481321,2499263.456114353612,retrograde
NorthNode,119.777431817,118.842747698,2025973056,2026962730,2499267.904008591548,2499279.358568124473,retrograde
Venus,188.456380944,172.416619542,2026248544,2029913951,2499271.092531001195,2499313.516222750768,retrograde
Pluto,63.740456888,61.771674856,2026282940,2040527816,2499271.490637962706,2499436.361878165044,retrograde
NorthNode,118.880824167,118.015409271,2027227759,2028130592,2499282.426034548320,2499292.875488786027,retrograde
Jupiter,55.641502055,45.623960198,2027284596,2037437620,2499283.083877168596,2499400.595720671117,retrograde
NorthNode,118.029880707,116.313321434,2028314074,2029512478,2499294.999123616144,2499308.869547703303,retrograde
NorthNode,116.314006261,115.087755025,2029575005,2030649911,2499309.593238439411,2499322.034279182553,retrograde
NorthNode,115.087906596,113.298955538,2030688333,2031909431,2499322.478980943561,2499336.612060246989,retrograde
NorthNode,113.307513236,112.305023028,2032056810,2032996133,2499338.317831313238,2499349.189628497697,retrograde
Mercury,251.510275475,235.323228410,2032595280,2034313437,2499344.550119303167,2499364.436205826700,retrograde
NorthNode,112.343143585,111.315306650,2033258720,2034248922,2499352.228832740337,2499363.689496654086,retrograde
NorthNode,111.385185238,110.950527010,2034594405,2035355793,2499367.688146726228,2499376.500509184785,retrograde
Uranus,157.588976994,153.438176090,2035030640,2047919331,2499372.737161791883,2499521.911829006858,retrograde
NorthNode,111.057787635,110.821604457,2035839841,2036603429,2499382.102912736125,2499390.940742452629,retrograde
NorthNode,110.874261645,110.859558677,2037128868,2037561121,2499397.022211571224,2499402.025136905722,retrograde
NorthNode,110.860587323,110.787623794,2037725156,2038423742,2499403.923687753268,2499412.009179207496,retrograde
NorthNode,110.876010691,110.627056193,2038970829,2039662536,2499418.341202828102,2499426.347072666511,retrograde
NorthNode,110.715500678,109.983457965,2040080335,2041003896,2499431.182702728547,2499441.872070689686,retrograde
Saturn,225.889765746,219.188126616,2041290738,2053356527,2499445.192001417279,2499584.842339038849,retrograde
NorthNode,110.048115742,109.251562110,2041335056,2042200572,2499445.704933280125,2499455.722490366548,retrograde
Neptune,234.903989409,232.129310177,2041427209,2055218299,2499446.771523575298,2499606.390625801869,retrograde
Mercury,357.394813363,343.546367219,2041975743,2043933253,2499453.120295889676,2499475.776661917567,retrograde
NorthNode,109.277632033,107.690833000,2042423888,2043573246,2499458.307156871073,2499471.609919392504,retrograde
NorthNode,107.694579530,106.495536729,2043686040,2044742969,2499472.915405428037,2499485.148378866725,retrograde
NorthNode,106.495553339,104.657309514,2044761094,2046023535,2499485.358158313669,2499499.969747437164,retrograde
NorthNode,104.660354898,103.622788056,2046129188,2047100879,2499501.192579391412,2499512.439005280845,retrograde
NorthNode,103.640301377,102.417481838,2047296702,2048361682,2499514.705470911227,2499527.031623902731,retrograde
NorthNode,102.469930872,101.946513532,2048669806,2049457988,2499530.597875230946,2499539.720349720679,retrograde
NorthNode,102.026563000,101.600703219,2049854462,2050709647,2499544.309172846377,2499554.207153615542,retrograde
NorthNode,101.681618310,101.580453555,2051199020,2051824057,2499559.871193984523,2499567.105409042910,retrograde
NorthNode,101.615599120,101.615281567,2052418984,2052537577,2499573.991141878068,2499575.363742875867,retrograde
Mercury,121.641646972,111.446158160,2052673316,2054765822,2499576.934797994792,2499601.153623454273,retrograde
NorthNode,101.636863526,101.545419923,2053069633,2053721314,2499581.521797210909,2499589.064405615442,retrograde
NorthNode,101.613340908,101.281743492,2054190563,2054984567,2499594.495529026724,2499603.685391691513,retrograde
NorthNode,101.378393679,100.845886244,2055430108,2056242934,2499608.842111147940,2499618.249827931635,retrograde
NorthNode,100.895836414,99.836135168,2056543591,2057553614,2499621.729646756314,2499633.419734890573,retrograde
NorthNode,99.861975880,98.800228585,2057785355,2058769064,2499636.101923487149,2499647.487437745556,retrograde
Pluto,64.690449069,62.720648484,2057933338,2072158463,2499637.814682475291,2499802.457337067463,retrograde
NorthNode,98.804230620,97.074049357,2058882930,2060118400,2499648.805327638984,2499663.104755829088,retrograde
Mars,47.466351933,33.043023036,2059950137,2065818278,2499661.157269296236,2499729.075567689724,retrograde
NorthNode,97.074056289,95.840752944,2060132318,2061217568,2499663.265838586725,2499675.826605509967,retrograde
NorthNode,95.842689826,94.210175163,2061305795,2062466433,2499676.847751204856,2499690.281063163653,retrograde
Jupiter,91.043974679,80.977752897,2061865074,2072092551,2499683.320887282491,2499801.694464460015,retrograde
NorthNode,94.233429209,93.404478979,2062684495,2063565648,2499692.804924192838,2499703.003454583697,retrograde
Mercury,235.645804755,219.649168490,2062709958,2064460268,2499693.099638365209,2499713.357852585614,retrograde
NorthNode,93.453030760,92.609082080,2063854297,2064808880,2499706.344298984855,2499717.392714013346,retrograde
NorthNode,92.707765176,92.433086680,2065239038,2065931165,2499722.371401996352,2499730.382128776051,retrograde
NorthNode,92.514791142,92.387384833,2066416804,2067160665,2499736.002944119275,2499744.612453147769,retrograde
Uranus,162.366510135,158.216570767,2067001971,2079894130,2499742.775712008588,2499891.990513331257,retrograde
NorthNode,92.399693757,92.397179928,2067558780,2067784342,2499749.220264251344,2499751.830932221375,retrograde
NorthNode,92.433714750,92.282241048,2068305682,2068991248,2499757.864959677681,2499765.799751221202,retrograde
NorthNode,92.398669205,91.944106009,2069520981,2070322782,2499771.930925355293,2499781.211030717008,retrograde
NorthNode,92.012816808,91.213173159,2070668841,2071573342,2499785.216338544153,2499795.685106221586,retrograde
NorthNode,91.265723662,90.145383853,2071875274,2072856418,2499799.179685944691,2499810.535513757728,retrograde
Mercury,340.730079102,325.833096187,2072075258,2073970522,2499801.494310721755,2499823.430241785944,retrograde
NorthNode,90.156168292,88.629317139,2073013927,2074155303,2499812.358534395695,2499825.568909109570,retrograde
Neptune,237.075861927,234.302425992,2073172996,2086973345,2499814.199610580690,2499973.925870792009,retrograde
Saturn,237.619685424,230.949717612,2073856987,2085973225,2499822.116175182164,2499962.350418344140,retrograde
NorthNode,88.630000905,87.219737338,2074220029,2075346703,2499826.318055928685,2499839.358265705407,retrograde
NorthNode,87.219979160,85.627458922,2075389936,2076558378,2499839.858644117601,2499853.382274690084,retrograde
NorthNode,85.639159678,84.629449216,2076730872,2077688909,2499855.378738347441,2499866.467125514522,retrograde
Venus,51.341821140,34.918133261,2076991696,2080675759,2499858.397535083815,2499901.037145519629,retrograde
NorthNode,84.658807193,83.712790048,2077923450,2078901826,2499869.181720053777,2499880.505518548191,retrograde
NorthNode,83.796405315,83.396060360,2079292797,2080047786,2499885.030640919693,2499893.768940149806,retrograde
NorthNode,83.471046692,83.212882295,2080462014,2081252833,2499898.563245865516,2499907.716249966994,retrograde
NorthNode,83.284065050,83.259206832,2081840969,2082397438,2499914.523376162164,2499920.963983821683,retrograde
NorthNode,83.259249891,83.235859328,2082456251,2083007604,2499921.644698191434,2499928.026099433191,retrograde
Mercury,101.812601276,92.765573120,2082578612,2084659932,2499923.060906782746,2499947.150265999138,retrograde
NorthNode,83.308602032,83.072332919,2083609330,2084377498,2499934.990517194383,2499943.881355879828,retrograde
NorthNode,83.144143041,82.736269300,2084788609,2085562065,2499948.639580275863,2499957.591612569988,retrograde
NorthNode,82.821566980,81.977871151,2085962096,2086906173,2499962.221601220779,2499973.148425759748,retrograde
NorthNode,82.007861817,80.977922296,2087145076,2088126074,2499975.913507947698,2499987.267651852220,retrograde
NorthNode,80.990976977,79.582749736,2088308181,2089430962,2499989.375362817198,2500002.370515089482,retrograde
NorthNode,79.583232818,78.117456728,2089485977,2090647681,2500003.007262366824,2500016.452910327353,retrograde
Pluto,65.642154669,63.670820936,2089582497,2103786856,2500004.124399158172,2500168.526699221693,retrograde
NorthNode,78.117780544,76.728613196,2090698799,2091819733,2500017.044562382624,2500030.018324327655,retrograde
NorthNode,76.735923938,75.508475792,2091958332,2092990504,2500031.622479953803,2500043.568915469572,retrograde
Mercury,219.640376521,203.950455056,2092807269,2094608527,2500041.448143221438,2500062.296036563814,retrograde
NorthNode,75.552021791,74.767299411,2093273512,2094166046,2500046.844475202262,2500057.174730922095,retrograde
NorthNode,74.827343505,74.272971364,2094489810,2095340760,2500060.921997528523,2500070.770957293920,retrograde
NorthNode,74.388628279,74.201750768,2095846518,2096530387,2500076.624640967697,2500084.539784065448,retrograde
Jupiter,124.407163996,114.347480267,2096240128,2106593523,2500081.180309109390,2500201.011270731688,retrograde
NorthNode,74.253900815,74.227190048,2097030512,2097566682,2500090.328267058358,2500096.533945533447,retrograde
NorthNode,74.227768748,74.154838318,2097700944,2098412635,2500098.087902854197,2500106.325069785118,retrograde
NorthNode,74.223608230,73.997355730,2098905911,2099583539,2500112.034283160232,2500119.877194769681,retrograde
Uranus,167.155203702,163.007222627,2098976111,2111871460,2500112.846776996739,2500262.098500872962,retrograde
NorthNode,74.107738168,73.372316794,2100051147,2100968994,2500125.289328742772,2500135.912551317364,retrograde
NorthNode,73.427501089,72.610799587,2101272628,2102149071,2500139.426836188883,2500149.570849333890,retrograde
Mercury,324.399574526,308.789402891,2102201389,2104033572,2500150.176388971508,2500171.382203459740,retrograde
NorthNode,72.643326100,71.095135431,2102396088,2103514549,2500152.429841509089,2500165.374996365048,retrograde
NorthNode,71.098622087,69.763901737,2103620530,2104721984,2500166.601625736803,2500179.349934651516,retrograde
NorthNode,69.763910264,68.049597036,2104736854,2105954088,2500179.522039541043,2500193.610404798761,retrograde
Neptune,239.250006411,236.478059852,2104922319,2118720550,2500181.668626661412,2500341.370381745510,retrograde
NorthNode,68.052267763,66.841705618,2106051303,2107076562,2500194.735576139763,2500206.601993057877,retrograde
Saturn,249.176830860,242.532878392,2106414037,2118577114,2500198.933887042105,2500339.710236720741,retrograde
NorthNode,66.866588668,65.808014955,2107303270,2108293831,2500209.225938458927,2500220.690756940283,retrograde
NorthNode,65.854734228,65.237800350,2108580300,2109429092,2500224.006379440427,2500233.830355988815,retrograde
NorthNode,65.340054031,65.012062882,2109878348,2110649638,2500239.030071752146,2500247.957041383721,retrograde
NorthNode,65.080326461,64.972066786,2111106586,2111787083,2500253.245794296265,2500261.121920915321,retrograde
NorthNode,64.997015221,64.996830874,2112346793,2112444999,2500267.600043756887,2500268.736680670641,retrograde
Mercury,81.745917904,73.196645733,2112442239,2114509627,2500268.704741135240,2500292.632845684886,retrograde
NorthNode,65.027598309,64.933124645,2113019096,2113634936,2500275.381330307573,2500282.509110733867,retrograde
NorthNode,65.019522636,64.596624592,2114144718,2115001964,2500288.409365114756,2500298.331186496653,retrograde
NorthNode,64.671028461,64.166472427,2115386716,2116170015,2500302.784332900308,2500311.850291914307,retrograde
NorthNode,64.223011836,63.048099688,2116492389,2117548946,2500315.581481937319,2500327.810144815594,retrograde
NorthNode,63.065341016,62.054555101,2117743608,2118715512,2500330.063179533929,2500341.312069634907,retrograde
NorthNode,62.058353714,60.328125125,2118831865,2120080672,2500342.658745145425,2500357.112526375800,retrograde
NorthNode,60.328129382,59.124803896,2120092184,2121170428,2500357.245770527981,2500369.725443704054,retrograde
Pluto,66.594959273,64.621719480,2121213178,2135434952,2500370.220238859765,2500534.824102944694,retrograde
NorthNode,59.127539772,57.616159163,2121274067,2122420172,2500370.924970098771,2500384.190080293454,retrograde
NorthNode,57.635449178,56.781493163,2122620447,2123519596,2500386.508069717325,2500396.914888617583,retrograde
Mercury,203.370752062,188.148842421,2122884713,2124750887,2500389.566709749401,2500411.165941677988,retrograde
NorthNode,56.840880038,56.098718064,2123843367,2124764266,2500400.662236678414,2500411.320794432424,retrograde
NorthNode,56.175968200,55.865974842,2125149667,2125879890,2500415.781450643204,2500424.233106819913,retrograde
NorthNode,55.966321469,55.855759352,2126420907,2127123096,2500430.494881770574,2500438.622069585137,retrograde
Mars,99.163447595,81.046572353,2127033208,2133583833,2500437.581695285626,2500513.399113402702,retrograde
Venus,261.705336751,246.405859651,2127335316,2130877560,2500441.078318869695,2500482.076517434791,retrograde
NorthNode,55.869733477,55.869350130,2127560201,2127680157,2500443.681151782162,2500445.069529509172,retrograde
NorthNode,55.904420473,55.723904259,2128243852,2129001183,2500451.593780635856,2500460.359189828858,retrograde
NorthNode,55.821836826,55.474200883,2129493029,2130215661,2500466.051850636490,2500474.415641490370,retrograde
Jupiter,155.890872290,145.872984912,2130459547,2140953637,2500477.238396920264,2500598.697775363922,retrograde
NorthNode,55.557127545,54.589281034,2130597527,2131578044,2500478.835388340056,2500490.183969807811,retrograde
Uranus,171.951828445,167.804931262,2130943812,2143849129,2500482.843315168284,2500632.210413939320,retrograde
NorthNode,54.634366299,53.708713119,2131856309,2132760482,2500493.404627034441,2500503.869590801187,retrograde
Mercury,308.299706361,292.260280978,2132342204,2134118044,2500499.028405331075,2500519.582114808261,retrograde
NorthNode,53.722946481,51.898232916,2132937656,2134145261,2500505.920221255161,2500519.897121583112,retrograde
NorthNode,51.898799755,50.648293008,2134203796,2135272150,2500520.574619321153,2500532.939820960164,retrograde
NorthNode,50.648540796,48.813979868,2135316611,2136538695,2500533.454420368187,2500547.598904573359,retrograde
Neptune,241.426640023,238.656442220,2136665722,2150477648,2500549.069131524302,2500708.929386422969,retrograde
NorthNode,48.824763264,47.882166452,2136700032,2137618898,2500549.466229660437,2500560.101255441085,retrograde
NorthNode,47.919846340,46.911327947,2137880337,2138878431,2500563.127167387865,2500574.679184867069,retrograde
Saturn,260.609412090,253.985478236,2138968286,2151163011,2500575.719177246094,2500716.861821211874,retrograde
NorthNode,46.984647994,46.601373445,2139240145,2139980421,2500578.865694712847,2500587.433697533794,retrograde
NorthNode,46.696226854,46.462291504,2140449764,2141230895,2500592.865916067734,2500601.906775346026,retrograde
NorthNode,46.515002803,46.498868139,2141769163,2142243978,2500608.136734708212,2500613.632276942953,retrograde
Mercury,62.000348361,53.061574714,2142298906,2144359127,2500614.268012434244,2500638.113163530827,retrograde
NorthNode,46.499129638,46.448660645,2142351327,2143020585,2500614.874744918197,2500622.620786867104,retrograde
NorthNode,46.529352309,46.313045618,2143593320,2144292413,2500629.249661741778,2500637.341016453691,retrograde
NorthNode,46.390053237,45.820233042,2144708892,2145589631,2500642.161373255774,2500652.355113223195,retrograde
NorthNode,45.892245685,45.186203566,2145954431,2146815281,2500656.577338617295,2500666.540871319361,retrograde
NorthNode,45.215970608,43.889993735,2147055945,2148154104,2500669.326335751452,2500682.036517130211,retrograde
NorthNode,43.898118510,42.763471980,2148306323,2149342864,2500683.798306400888,2500695.795304793864,retrograde
NorthNode,42.763812349,41.015635550,2149392837,2150646701,2500696.373696907423,2500710.886016699485,retrograde
NorthNode,41.016345826,39.912827595,2150712469,2151731139,2500711.647218177095,2500723.437385907397,retrograde
NorthNode,39.921310681,38.546821001,2151880804,2152984999,2500725.169617394917,2500737.949651370756,retrograde
Pluto,67.548666526,65.573199485,2152846939,2167080850,2500736.351730548777,2500901.096068578772,retrograde
Mercury,186.707143082,172.166599678,2152940706,2154878017,2500737.436997622252,2500759.859575197101,retrograde
NorthNode,38.588116071,37.950116788,2153262000,2154084625,2500741.155675746500,2500750.676802210510,retrograde
NorthNode,38.016329187,37.427006366,2154430254,2155330387,2500754.677136488259,2500765.095341854729,retrograde
NorthNode,37.523224087,37.360106899,2155803999,2156452177,2500770.576963112690,2500778.079029339366,retrograde
NorthNode,37.419851374,37.394667584,2156993291,2157524173,2500784.341914498247,2500790.486381530762,retrograde
NorthNode,37.395648133,37.337067431,2157687287,2158340179,2500792.374274589121,2500799.930900379084,retrograde
NorthNode,37.399539861,37.129480193,2158822873,2159568593,2500805.517634202726,2500814.148650310002,retrograde
NorthNode,37.242664585,36.671428469,2160046062,2160873787,2500819.674915202893,2500829.255062079057,retrograde
NorthNode,36.727774247,35.698331571,2161181097,2162152097,2500832.811895665713,2500844.050316954963,retrograde
NorthNode,35.731001405,34.522484708,2162400034,2163408349,2500846.919957648031,2500858.590279439464,retrograde
Mercury,292.354778191,276.100844168,2162488420,2164221734,2500847.942946210504,2500868.004454135895,retrograde
Uranus,176.751289025,172.606419184,2162916732,2175833641,2500852.900260300376,2501002.401527441107,retrograde
NorthNode,34.526730623,32.786289893,2163521353,2164733908,2500859.898186055943,2500873.932392173447,retrograde
Jupiter,186.138843711,176.179119642,2164595670,2175203839,2500872.332419194281,2500995.112144865096,retrograde
NorthNode,32.786293521,31.425832197,2164745028,2165854660,2500874.061098020524,2500886.904056364670,retrograde
NorthNode,31.428197266,29.838132681,2165947323,2167080839,2500887.976550222374,2500901.095949764363,retrograde
NorthNode,29.865292746,29.020496359,2167312107,2168201656,2500903.772655240260,2500914.068365503103,retrograde
Neptune,243.606357105,240.837457016,2168417942,2182225951,2500916.571677424945,2501076.386590884067,retrograde
NorthNode,29.069612745,28.290657934,2168491530,2169425279,2500917.423390404321,2500928.230669924989,retrograde
NorthNode,28.393701632,28.137091306,2169873750,2170566962,2500933.421304537915,2500941.444591686130,retrograde
NorthNode,28.209487845,28.096023595,2171042331,2171778109,2500946.946545675397,2500955.462499061599,retrograde
Saturn,271.969028395,265.357857085,2171524199,2183738353,2500952.523722603917,2501093.891248360276,retrograde
NorthNode,28.107065776,28.104093351,2172172246,2172419939,2500960.024265685119,2500962.891083705239,retrograde
Mercury,42.957032948,32.868574033,2172194705,2174246947,2500960.284204438329,2500984.037013567984,retrograde
NorthNode,28.138042005,28.012447420,2172940066,2173599659,2500968.911075375974,2500976.545250445604,retrograde
NorthNode,28.118723441,27.695025527,2174134394,2174953861,2500982.734309905209,2500992.218885305338,retrograde
NorthNode,27.759313427,27.124767626,2175305540,2176162992,2500996.289238971658,2501006.213453654200,retrograde
NorthNode,27.181322472,26.131390428,2176486153,2177479348,2501009.953747888096,2501021.449060130864,retrograde
NorthNode,26.144921713,24.893727955,2177654980,2178730498,2501023.481842060573,2501035.929960533045,retrograde
Venus,118.461607762,101.942404737,2177691678,2181418033,2501023.906587639824,2501067.035688033327,retrograde
NorthNode,24.896025609,23.478070128,2178830492,2179989904,2501037.087305053137,2501050.506422916427,retrograde
NorthNode,23.478076490,22.024340609,2180002947,2181170486,2501050.657380971126,2501064.170566188172,retrograde
NorthNode,22.029198641,20.873891433,2181299553,2182329174,2501065.664398533292,2501077.581307016313,retrograde
NorthNode,20.892229342,19.877053524,2182525488,2183514611,2501079.853453905322,2501091.301635009237,retrograde
Mercury,169.490622451,155.891814735,2182973968,2184978144,2501085.044193319976,2501108.240684844553,retrograde
NorthNode,19.945232727,19.400208722,2183865722,2184682049,2501095.365423384123,2501104.813654548489,retrograde
Pluto,68.503421175,66.525673957,2184486688,2198725103,2501102.552527072839,2501267.349006799050,retrograde
NorthNode,19.470247936,19.105833349,2185055594,2185866143,2501109.137085793540,2501118.518450403586,retrograde
NorthNode,19.204663246,19.125290320,2186426588,2187050466,2501125.005074936897,2501132.225887396373,retrograde
NorthNode,19.138989055,19.138777541,2187494955,2187595768,2501137.370441502891,2501138.537251956761,retrograde
NorthNode,19.181157066,19.000649810,2188221952,2188980612,2501145.784756996669,2501154.565545820631,retrograde
NorthNode,19.078214422,18.736475097,2189423544,2190151568,2501159.692069748417,2501168.118270229548,retrograde
NorthNode,18.835758012,17.946306513,2190574639,2191527819,2501173.014925567433,2501184.047105332837,retrograde
NorthNode,17.984900453,16.991463287,2191785549,2192721621,2501187.030090886168,2501197.864253107458,retrograde
Mercury,276.510346581,260.196530718,2192632476,2194342351,2501196.832486391068,2501216.622703164816,retrograde
NorthNode,17.009175127,15.390735840,2192918839,2194068682,2501200.146873455495,2501213.455243372358,retrograde
Mars,137.385821222,118.047098539,2193287104,2200178041,2501204.409203049727,2501284.165415554307,retrograde
NorthNode,15.391388421,13.932494045,2194128308,2195257038,2501214.145351851359,2501227.209358287975,retrograde
Uranus,181.550051437,177.406418068,2194880653,2207815223,2501222.853055284359,2501372.558721140958,retrograde
NorthNode,13.932755389,12.342801626,2195303529,2196461224,2501227.747454280965,2501241.146696723998,retrograde
NorthNode,12.351303491,11.176349735,2196605236,2197601000,2501242.813498208299,2501254.338550415821,retrograde
NorthNode,11.223005089,10.380572746,2197888135,2198805517,2501257.661870378070,2501268.279716489837,retrograde
Jupiter,215.999558927,206.094181347,2198750317,2209421180,2501267.640830099583,2501391.146187931299,retrograde
NorthNode,10.444554650,9.952904756,2199138819,2199954718,2501272.137382329442,2501281.580653241836,retrograde
Neptune,245.788527010,243.020706306,2200156332,2213978047,2501283.914150935598,2501443.887700862251,retrograde
NorthNode,10.067344485,9.886988530,2200467661,2201168212,2501287.517499498092,2501295.625726740807,retrograde
NorthNode,9.932958838,9.916492321,2201673366,2202130987,2501301.472413490526,2501306.768952779472,retrograde
Mercury,24.745420098,13.142435562,2202155107,2204187015,2501307.048121005297,2501330.565573051572,retrograde
NorthNode,9.917797797,9.839811840,2202312715,2203035693,2501308.872288858518,2501317.240094169043,retrograde
NorthNode,9.909784463,9.698678094,2203540005,2204211619,2501323.077035713941,2501330.850339867175,retrograde
Saturn,283.306541069,276.700527731,2204090372,2216302794,2501329.447016827762,2501470.794498048723,retrograde
NorthNode,9.795865835,9.112273304,2204666453,2205590431,2501336.114626866765,2501346.808821385726,retrograde
NorthNode,9.167451577,8.468125395,2205906302,2206757071,2501350.464730462059,2501360.311588102020,retrograde
NorthNode,8.500809790,7.065536547,2207010890,2208132345,2501363.249309261329,2501376.229112109169,retrograde
NorthNode,7.070610191,5.928832354,2208257129,2209310613,2501377.673380426131,2501389.866479077376,retrograde
NorthNode,5.928979250,4.220769729,2209349695,2210594206,2501390.318818490021,2501404.722879528068,retrograde
NorthNode,4.221710697,3.099494688,2210664316,2211691234,2501405.534337199293,2501417.419960539788,retrograde
NorthNode,3.112672396,1.895802540,2211873046,2212931729,2501419.524272277020,2501431.777544093318,retrograde
Mercury,151.567598475,139.179012980,2212980541,2215037151,2501432.342500142753,2501456.145854346454,retrograde
NorthNode,1.931154013,1.266394459,2213189204,2214043719,2501434.757582601160,2501444.647802752443,retrograde
NorthNode,1.350486629,0.873937181,2214441028,2215281623,2501449.246277594008,2501458.975384701975,retrograde
NorthNode,0.949757568,0.774059093,2215712090,2216404410,2501463.957644850016,2501471.970614429563,retrograde
Pluto,69.459225229,67.479305879,2216133439,2230359185,2501468.834366747178,2501633.484213412739,retrograde
NorthNode,0.839961068,0.826748764,2217012294,2217441363,2501479.006298687309,2501483.972378606908,retrograde
NorthNode,0.828530899,0.781770175,2217645230,2218238171,2501486.331948432140,2501493.194700000808,retrograde
NorthNode,0.852666621,0.528135437,2218764396,2219583025,2501499.285259250551,2501508.760133320466,retrograde
NorthNode,0.618982770,0.159343916,2220014225,2220773286,2501513.750873404555,2501522.536307496950,retrograde
NorthNode,0.227119314,359.063091367,2221114645,2222150260,2501526.487217169255,2501538.473502288572,retrograde
NorthNode,359.089434413,358.054426928,2222374391,2223321182,2501541.067615832202,2501552.025846355595,retrograde
Mercury,260.700092629,244.440020669,2222768246,2224476716,2501545.626123771071,2501565.400076054037,retrograde
NorthNode,358.060475878,356.156580231,2223452986,2224708545,2501553.551346510649,2501568.083283164538,retrograde
NorthNode,356.156583820,354.891838574,2224719259,2225789574,2501568.207291897386,2501580.595188833773,retrograde
NorthNode,354.894113323,353.200320829,2225883624,2227052014,2501581.683739999309,2501595.206763419323,retrograde
Uranus,186.343279592,182.201676534,2226851485,2239804682,2501592.885825322010,2501742.807086710818,retrograde
NorthNode,353.222522417,352.368467028,2227260027,2228139530,2501597.614330155775,2501607.793753722683,retrograde
Venus,337.798665181,321.951793630,2228424039,2232002071,2501611.086687149480,2501652.499089261517,retrograde
NorthNode,352.428506357,351.637381927,2228457211,2229394782,2501611.470619828440,2501622.322140514851,retrograde
NorthNode,351.723237891,351.445291470,2229799460,2230503397,2501627.005914912559,2501635.153328860179,retrograde
NorthNode,351.537976541,351.437822156,2231036541,2231752448,2501641.323975842446,2501649.609942669049,retrograde
Neptune,247.972322922,245.204789953,2231904447,2245725775,2501651.369191999547,2501811.338265384547,retrograde
NorthNode,351.444738063,351.441658989,2232082540,2232328084,2501653.430449382402,2501656.272390271537,retrograde
Mercury,7.270569705,354.176682058,2232180758,2234171864,2501654.567233271897,2501677.612439535558,retrograde
NorthNode,351.481009644,351.298688298,2232869378,2233615403,2501662.537373931147,2501671.171919736080,retrograde
Jupiter,246.366332424,236.501404252,2232995540,2243657226,2501663.997582674026,2501787.396716974676,retrograde
NorthNode,351.399754193,351.040276735,2234117545,2234859481,2501676.983746089973,2501685.570972930640,retrograde
NorthNode,351.112608090,350.240645244,2235225137,2236188091,2501689.803101637401,2501700.948402321897,retrograde
NorthNode,350.286450513,349.410359586,2236478001,2237389287,2501704.303834842518,2501714.851131420117,retrograde
Saturn,294.673501883,288.063967591,2236654155,2248858822,2501706.342658959329,2501847.600383915007,retrograde
NorthNode,349.423958899,347.809394431,2237566774,2238750730,2501716.905374745838,2501730.608578448184,retrograde
NorthNode,347.810467477,346.644477601,2238826042,2239901715,2501731.480240857229,2501743.930153642781,retrograde
NorthNode,346.644512982,344.918650938,2239925257,2241163896,2501744.202634119429,2501758.538732482120,retrograde
NorthNode,344.924965075,343.987441168,2241302169,2242246298,2501760.139115205035,2501771.066533488221,retrograde
NorthNode,344.011250878,342.913939551,2242467879,2243503440,2501773.631133977324,2501785.616786792874,retrograde
Mercury,132.852526573,121.858475306,2242952972,2245039975,2501779.245637580752,2501803.400754600763,retrograde
NorthNode,342.976458976,342.531799577,2243841993,2244605287,2501789.535223293118,2501798.369648512453,retrograde
NorthNode,342.613842155,342.263630287,2245020753,2245852453,2501803.178281366825,2501812.804445723072,retrograde
NorthNode,342.339978081,342.277592557,2246373314,2246973785,2501818.832926753908,2501825.782816013321,retrograde
NorthNode,342.286866811,342.284530078,2247351297,2247583626,2501830.152173873037,2501832.841166071594,retrograde
Pluto,70.416738560,68.434819801,2247783596,2261989011,2501835.155631485395,2501999.570157243870,retrograde
NorthNode,342.337574371,342.183807960,2248210695,2248900080,2501840.098911284469,2501848.077902789228,retrograde
NorthNode,342.258618291,341.829861256,2249340051,2250156158,2501853.170162271708,2501862.615842511877,retrograde
NorthNode,341.923592314,341.231370874,2250570642,2251427653,2501867.413109738380,2501877.332221470773,retrograde
NorthNode,341.271260783,340.040951882,2251692403,2252734411,2501880.396449257620,2501892.456733679399,retrograde
Mercury,244.876529309,228.760211688,2252890946,2254620532,2501894.268477745354,2501914.286840282381,retrograde
NorthNode,340.056467204,338.802870917,2252923012,2253960338,2501894.639612498693,2501906.645699538291,retrograde
NorthNode,338.803857014,336.989991825,2254029528,2255263607,2501907.446514907293,2501921.729832849465,retrograde
NorthNode,336.990311165,335.723148585,2255313076,2256364864,2501922.302387391217,2501934.475858774967,retrograde
NorthNode,335.730509834,334.258628860,2256502393,2257601989,2501936.067631923594,2501948.794438838027,retrograde
NorthNode,334.304114416,333.603392214,2257883574,2258717003,2501952.053529318422,2501961.699698608369,retrograde
Uranus,191.127376867,186.987178639,2258813316,2271785521,2501962.814427590929,2502112.955691427924,retrograde
NorthNode,333.670347299,333.064545888,2259054429,2259947921,2501965.605086151510,2501975.946433520876,retrograde
Mars,170.981556149,151.524427804,2259330104,2266337324,2501968.795772469603,2502049.897855934687,retrograde
NorthNode,333.171586894,333.015050120,2260442171,2261086324,2501981.666918623261,2501989.122393084690,retrograde
NorthNode,333.067797513,333.051928234,2261616580,2262055338,2501995.259613217786,2502000.337837683968,retrograde
Mercury,350.364858993,336.031649129,2262258262,2264190980,2502002.686492756009,2502025.055915549397,retrograde
NorthNode,333.055306826,332.976263867,2262303532,2262987350,2502003.210451242514,2502011.125003180467,retrograde
NorthNode,333.041382730,332.774736939,2263459131,2264186211,2502016.585431810468,2502025.000717137940,retrograde
Neptune,250.157069702,247.389210552,2263649134,2277470796,2502018.784544193186,2502178.757482380606,retrograde
NorthNode,332.885919305,332.269805961,2264660095,2265521751,2502030.485488323495,2502040.458353264257,retrograde
NorthNode,332.320536738,331.404798897,2265819383,2266760178,2502043.903168707155,2502054.792004116811,retrograde
NorthNode,331.436340706,330.220672903,2267010826,2268048582,2502057.693017225713,2502069.704078947194,retrograde
Jupiter,278.071542225,268.233350884,2267416068,2277993436,2502062.383314363658,2502184.806558631361,retrograde
NorthNode,330.224696196,328.734388150,2268162130,2269332476,2502071.018299675547,2502084.563962769695,retrograde
Saturn,306.122480882,299.500778466,2269236192,2281426641,2502083.449565432966,2502224.542723752558,retrograde
NorthNode,328.734413319,327.378811865,2269354329,2270496353,2502084.816892386414,2502098.034764212556,retrograde
NorthNode,327.380147270,325.963937281,2270574324,2271693326,2502098.937203647569,2502111.888622286730,retrograde
NorthNode,325.982729366,325.080120335,2271901587,2272839904,2502114.299043278210,2502125.159193851985,retrograde
Mercury,113.371367991,103.722372050,2272882588,2274974355,2502125.653222739697,2502149.863494858146,retrograde
NorthNode,325.116611185,324.321192872,2273100915,2274038986,2502128.180155389942,2502139.037461242639,retrograde
NorthNode,324.413044386,324.080603401,2274460634,2275199785,2502143.917643841356,2502152.472634289414,retrograde
NorthNode,324.152420894,323.964486697,2275633827,2276391408,2502157.496264639311,2502166.264572940767,retrograde
NorthNode,324.016783374,324.013713124,2277010395,2277269342,2502173.428766530938,2502176.425845220685,retrograde
NorthNode,324.018686457,323.962834703,2277572052,2278176742,2502179.929424203001,2502186.928155189380,retrograde
Venus,186.199522793,170.137618735,2278499098,2282169477,2502190.659124521539,2502233.140368776396,retrograde
NorthNode,324.051931282,323.724731598,2278746980,2279551886,2502193.528131891042,2502202.844175979495,retrograde
Pluto,71.376519199,69.392731788,2279420886,2293629988,2502201.327965860255,2502365.785171738826,retrograde
NorthNode,323.797607723,323.308260353,2279941055,2280733034,2502207.348441507667,2502216.514868829399,retrograde
NorthNode,323.383671009,322.341803174,2281098102,2282087997,2502220.740194847807,2502232.197307503782,retrograde
NorthNode,322.364160028,321.221909424,2282296772,2283303024,2502234.613692353480,2502246.260124792345,retrograde
Mercury,228.961991808,213.084904770,2282997810,2284768692,2502242.727558694780,2502263.223875157535,retrograde
NorthNode,321.228233181,319.611624936,2283441481,2284619718,2502247.862633589655,2502261.499635218643,retrograde
NorthNode,319.611639935,318.135822877,2284636671,2285780309,2502261.695852939971,2502274.932401040569,retrograde
NorthNode,318.138603823,316.730313164,2285884113,2286969427,2502276.133835750632,2502288.695347833447,retrograde
NorthNode,316.747362012,315.681997639,2287154910,2288125382,2502290.842132857069,2502302.074455560185,retrograde
NorthNode,315.751861108,315.099107802,2288467796,2289318934,2502306.037580535747,2502315.888714964502,retrograde
NorthNode,315.174080175,314.806280874,2289691093,2290479571,2502320.196102100424,2502329.322010793723,retrograde
Uranus,195.897757019,191.759803546,2290782613,2303773621,2502332.829438592307,2502483.188327956013,retrograde
NorthNode,314.912572094,314.830055522,2291046511,2291685825,2502335.883819856681,2502343.283285490237,retrograde
NorthNode,314.839663009,314.838510072,2292057251,2292232874,2502347.582198513672,2502349.614872946404,retrograde
Mercury,333.865595957,318.625652655,2292371264,2294238699,2502351.216604217887,2502372.830431878567,retrograde
NorthNode,314.886425130,314.677947068,2292837566,2293613963,2502356.613615200855,2502365.599693929777,retrograde
NorthNode,314.761329360,314.409631070,2294060311,2294783157,2502370.765756397508,2502379.132031995803,retrograde
NorthNode,314.501469189,313.559943920,2295188858,2296167779,2502383.827644597739,2502395.157748918049,retrograde
Neptune,252.341207044,249.572414456,2295397186,2309226266,2502386.238847137429,2502546.297649680637,retrograde
NorthNode,313.596328867,312.672833086,2296422755,2297341546,2502398.108858043328,2502408.743015591986,retrograde
NorthNode,312.688283709,311.065332908,2297531061,2298707912,2502410.936476123519,2502424.557437653653,retrograde
NorthNode,311.065940332,309.789307648,2298767554,2299868615,2502425.247740699910,2502437.991496712901,retrograde
NorthNode,309.789457218,308.201871135,2299907820,2301101684,2502438.445268008858,2502452.263132223859,retrograde
NorthNode,308.208605120,307.169969910,2301238411,2302214171,2502453.845624475740,2502465.139136019163,retrograde
Saturn,317.703626768,311.062259812,2301839312,2313992022,2502460.800498999655,2502601.456864163280,retrograde
Jupiter,311.722855318,301.884989641,2302037317,2312470109,2502463.092216938734,2502583.842126302421,retrograde
NorthNode,307.204561042,306.294742802,2302475862,2303443402,2502468.167975335382,2502479.366352485493,retrograde
Mercury,93.393539508,84.657793327,2302768524,2304844414,2502471.555261805654,2502495.581771008670,retrograde
NorthNode,306.349567340,305.860192291,2303761925,2304569031,2502483.052961786278,2502492.394461063668,retrograde
NorthNode,305.962673869,305.708508137,2305044217,2305799792,2502497.894303229637,2502506.639388395473,retrograde
NorthNode,305.767455970,305.707630443,2306282791,2306927177,2502512.229650623165,2502519.687825985253,retrograde
NorthNode,305.710702010,305.697393106,2307177731,2307609275,2502522.587752769701,2502527.582474703901,retrograde
NorthNode,305.749245956,305.612714597,2308168358,2308808427,2502534.053346838802,2502541.461546071805,retrograde
NorthNode,305.701856721,305.176833665,2309285509,2310169818,2502546.983331813477,2502557.218393302523,retrograde
NorthNode,305.248467122,304.659771920,2310535435,2311343727,2502561.450063572265,2502570.805295223370,retrograde
Pluto,72.339554226,70.354108114,2311063300,2325269275,2502567.559614167549,2502731.980621670373,retrograde
NorthNode,304.705491749,303.342007695,2311631666,2312724377,2502574.137922606431,2502586.785040072165,retrograde
NorthNode,303.353598305,302.250971221,2312890876,2313892593,2502588.712116133422,2502600.306060998701,retrograde
Mercury,212.860539331,197.348435800,2313086829,2314914930,2502590.980089806020,2502612.138661153615,retrograde
NorthNode,302.252159643,300.359842160,2313969341,2315229479,2502601.194346182048,2502615.779281854630,retrograde
NorthNode,300.360086346,299.167405113,2315273473,2316308229,2502616.288464571349,2502628.264808994718,retrograde
NorthNode,299.175778154,297.695847059,2316457603,2317565185,2502629.993678315543,2502642.812910707667,retrograde
NorthNode,297.730878701,297.004140155,2317814196,2318661257,2502645.694982694462,2502655.498936153948,retrograde
NorthNode,297.085739280,296.494948187,2319034434,2319911671,2502659.818109249696,2502669.971312776208,retrograde
NorthNode,296.582198629,296.397299734,2320350156,2321025514,2502675.046378412284,2502682.863015124574,retrograde
NorthNode,296.466790718,296.451501130,2321618197,2322050397,2502689.722773222253,2502694.725088736042,retrograde
NorthNode,296.454170807,296.397021653,2322276202,2322883720,2502697.338577937335,2502704.370034610853,retrograde
Mercury,317.636076262,301.807635325,2322505288,2324311104,2502699.990030907094,2502720.890681430697,retrograde
Uranus,200.651762376,196.516598512,2322743579,2335751117,2502702.748031322844,2502853.298233165406,retrograde
NorthNode,296.469533270,296.127540327,2323390218,2324200926,2502710.232271361165,2502719.615471621975,retrograde
NorthNode,296.226909598,295.718567583,2324641037,2325418871,2502724.709353632294,2502733.712057498284,retrograde
Mars,205.001051860,186.303180278,2325590519,2332484707,2502735.698722540401,2502815.492568681948,retrograde
NorthNode,295.779759512,294.608879299,2325741206,2326776117,2502737.442786777392,2502749.420922112651,retrograde
NorthNode,294.634122060,293.588147457,2326999396,2327958681,2502752.005170085467,2502763.108002854511,retrograde
Neptune,254.524132987,251.753690850,2327148598,2340972637,2502753.732045874931,2502913.732491624542,retrograde
NorthNode,293.592817974,291.771268120,2328079187,2329334319,2502764.502748355269,2502779.029737477191,retrograde
Venus,49.151264690,32.737550916,2329250016,2332931547,2502778.054009864107,2502820.664325593039,retrograde
NorthNode,291.771273902,290.581908211,2329347218,2330415258,2502779.179031011648,2502791.540609083138,retrograde
NorthNode,290.583902364,288.979931192,2330506055,2331678929,2502792.591497019865,2502806.166426198557,retrograde
NorthNode,289.000165675,288.206368770,2331886838,2332764843,2502808.572784668766,2502818.734886216000,retrograde
Mercury,73.393030322,64.783075175,2332625543,2334686449,2502817.122606515884,2502840.975694656372,retrograde
NorthNode,288.253800735,287.445662433,2333059266,2334021220,2502822.142549267039,2502833.276283687912,retrograde
NorthNode,287.526411640,287.238416059,2334421314,2335127804,2502837.907000022009,2502846.083961594850,retrograde
Saturn,329.467700883,322.799584359,2334459794,2346562955,2502838.352363765240,2502978.435245491564,retrograde
NorthNode,287.324058442,287.170003346,2335618966,2336374045,2502851.768707341515,2502860.508051564917,retrograde
Jupiter,347.370686618,337.496619344,2336831945,2347109463,2502865.807816721499,2502984.760573029518,retrograde
NorthNode,287.200978468,287.200723776,2336947228,2337057738,2502867.142114325427,2502868.421166078188,retrograde
NorthNode,287.213219391,287.120178112,2337497496,2338183890,2502873.510955044068,2502881.455331305973,retrograde
NorthNode,287.213275432,286.934646173,2338736329,2339467563,2502887.849307373166,2502896.312655556016,retrograde
NorthNode,287.007622634,286.354363267,2339856511,2340752615,2502900.814365826547,2502911.185942883603,retrograde
NorthNode,286.419071120,285.608929955,2341095519,2341991545,2502915.154746007174,2502925.525417765602,retrograde
NorthNode,285.630949538,284.186142025,2342202524,2343322262,2502927.967302184552,2502940.927225052379,retrograde
Pluto,73.306541801,71.319483351,2342697954,2356917839,2502933.701447308995,2503098.283439823426,retrograde
Mercury,196.449103500,181.485151120,2343156513,2345051858,2502939.008837439120,2502960.945698395371,retrograde
NorthNode,284.190653808,282.960202374,2343445409,2344520277,2502942.352539879270,2502954.793146502227,retrograde
NorthNode,282.960224296,281.154013109,2344539904,2345784153,2502955.020305127837,2502969.421335514635,retrograde
NorthNode,281.156998648,280.062458719,2345889952,2346876987,2502970.645866557956,2502982.069879963063,retrograde
NorthNode,280.079349476,278.795721215,2347065105,2348123028,2502984.247175679542,2502996.491652767174,retrograde
NorthNode,278.858680862,278.317865491,2348449863,2349234131,2503000.274458487518,2503009.351638594642,retrograde
NorthNode,278.398581897,277.961234260,2349620685,2350470573,2503013.825640436262,2503023.662313031033,retrograde
NorthNode,278.055587283,277.976770467,2351000866,2351604255,2503029.799964241683,2503036.783636211418,retrograde
NorthNode,277.992034323,277.991393583,2352045833,2352188606,2503041.894486121833,2503043.546950381249,retrograde
Mercury,301.604936940,285.449637714,2352649381,2354404924,2503048.879997290671,2503069.198783077300,retrograde
NorthNode,278.044650861,277.869125377,2352828562,2353542828,2503050.953849251382,2503059.220823188312,retrograde
NorthNode,277.947235052,277.520539001,2353976975,2354767899,2503064.245673318394,2503073.399875686504,retrograde
Uranus,205.386646334,201.255394698,2354711964,2367736090,2503072.752481508069,2503223.494684356265,retrograde
NorthNode,277.620390459,276.825909516,2355185515,2356078251,2503078.233403429389,2503088.565997147001,retrograde
NorthNode,276.863039888,275.674706240,2356331704,2357350432,2503091.499469920993,2503103.290310139768,retrograde
NorthNode,275.689148527,274.338191710,2357534906,2358609906,2503105.425421849824,2503117.867552116513,retrograde
NorthNode,274.338834562,272.679336935,2358669768,2359874534,2503118.560398766771,2503132.504450558685,retrograde
Neptune,256.704591886,253.932337697,2358893723,2372727468,2503121.152472798713,2503281.265265583061,retrograde
NorthNode,272.679770370,271.399167932,2359930335,2361004198,2503133.150295775384,2503145.579267227091,retrograde
NorthNode,271.406471175,270.094262762,2361143029,2362215435,2503147.186105079018,2503159.598218840547,retrograde
Mercury,53.898480838,44.543517023,2362492351,2364550557,2503162.803261883557,2503186.625085726380,retrograde
NorthNode,270.137006531,269.439145974,2362498366,2363354103,2503162.872883173637,2503172.777247041464,retrograde
NorthNode,269.496819396,268.923331460,2363677954,2364562866,2503176.525516329333,2503186.767555708997,retrograde
NorthNode,269.026983355,268.849085651,2365053429,2365719592,2503192.445362760685,2503200.155590637587,retrograde
NorthNode,268.905144222,268.858266526,2366218785,2366903575,2503205.933281148784,2503213.859097328968,retrograde
NorthNode,268.858320588,268.823996378,2366967457,2367595470,2503214.598465112969,2503221.867140064947,retrograde
Saturn,341.463828885,334.762905889,2367106449,2379150004,2503216.207176260650,2503355.600172370672,retrograde
NorthNode,268.874330149,268.704237228,2368092871,2368767605,2503227.624094913714,2503235.433512859978,retrograde
NorthNode,268.809643715,268.300547447,2369272621,2370128201,2503241.278604661115,2503251.181153471582,retrograde
NorthNode,268.358354917,267.662621826,2370456829,2371326593,2503254.984717691317,2503265.051431146450,retrograde
NorthNode,267.708843499,266.540780024,2371622352,2372655237,2503268.474562704563,2503280.429260443896,retrograde
Jupiter,24.221367158,14.272721430,2371671233,2381842278,2503269.040321521461,2503386.760744906962,retrograde
NorthNode,266.549701505,265.244654813,2372805347,2373894753,2503282.166640866548,2503294.775500512682,retrograde
Mercury,179.566633636,165.390921358,2373203656,2375169303,2503286.776694796979,2503309.527245193720,retrograde
NorthNode,265.245492629,263.737496383,2373965242,2375139522,2503295.591349114664,2503309.182559956796,retrograde
Pluto,74.277725842,72.288864981,2374346964,2388554249,2503300.009433827363,2503464.445595270954,retrograde
NorthNode,263.737732974,262.301294841,2375182541,2376304594,2503309.680459156632,2503322.667185327969,retrograde
NorthNode,262.311699756,261.172260179,2376470554,2377478684,2503324.588018851355,2503336.256189516746,retrograde
NorthNode,261.201636546,260.292570576,2377710571,2378650785,2503338.940071004443,2503349.822177654132,retrograde
NorthNode,260.382574250,259.924656332,2379046315,2379834066,2503354.400062695146,2503363.517559592612,retrograde
Venus,259.246231395,243.930154206,2379580578,2383124183,2503360.583671076223,2503401.597616141662,retrograde
NorthNode,260.002539741,259.756689423,2380246576,2381004603,2503368.291973034851,2503377.065440345556,retrograde
NorthNode,259.832661356,259.817802786,2381617775,2382055724,2503384.162329250947,2503389.231191831641,retrograde
NorthNode,259.818678720,259.775559284,2382210933,2382792812,2503391.027593036182,2503397.762297006324,retrograde
Mercury,285.704991176,269.413666865,2382795066,2384516582,2503397.788383975625,2503417.713341318071,retrograde
NorthNode,259.862993628,259.513479564,2383361777,2384179545,2503404.347541578114,2503413.812451850623,retrograde
NorthNode,259.594983944,259.102110012,2384579026,2385351818,2503418.436076995917,2503427.380429523066,retrograde
NorthNode,259.179444251,258.008020263,2385711240,2386730943,2503431.540404722095,2503443.342516961507,retrograde
Uranus,210.100726005,205.975255112,2386669923,2399709370,2503442.636272576638,2503593.555791028775,retrograde
NorthNode,258.030268591,256.911129687,2386937042,2387921865,2503445.727920483798,2503457.126337185502,retrograde
NorthNode,256.916596766,255.162421557,2388051994,2389267291,2503458.632460306399,2503472.698395747691,retrograde
NorthNode,255.162428670,253.808843217,2389280570,2390390363,2503472.852095961571,2503485.696916437708,retrograde
NorthNode,253.812037094,252.360587184,2390499434,2391610371,2503486.959316862747,2503499.817380376160,retrograde
Neptune,258.882597693,256.108714241,2390644783,2404477086,2503488.641598583199,2503648.737695659511,retrograde
NorthNode,252.378857427,251.450101068,2391803900,2392737970,2503502.057301143184,2503512.868289411999,retrograde
Mercury,35.215907963,24.506689146,2392413413,2394461187,2503509.111847691238,2503532.812939949334,retrograde
Mars,244.955254366,228.588932057,2392630217,2399066464,2503511.621155352332,2503586.114751123823,retrograde
NorthNode,251.514574732,250.849506634,2393076117,2393957532,2503516.782030783594,2503526.983591678552,retrograde
NorthNode,250.920277355,250.590466442,2394330363,2395094496,2503531.298771250993,2503540.142906603403,retrograde
NorthNode,250.691039796,250.588781993,2395647201,2396319360,2503546.539953676052,2503554.319568836130,retrograde
NorthNode,250.633966163,250.492579060,2397454700,2398208702,2503567.460075246170,2503576.186950207688,retrograde
NorthNode,250.571398268,250.305619633,2398690878,2399386573,2503581.767698335461,2503589.819721933454,retrograde
Saturn,353.731792544,346.992624790,2399774900,2411754444,2503594.314249314368,2503732.966371759772,retrograde
NorthNode,250.392472315,249.620671744,2399806609,2400761117,2503594.681242490187,2503605.728797172196,retrograde
NorthNode,249.667387924,248.907982133,2401054606,2401925995,2503609.125654001720,2503619.211182098836,retrograde
NorthNode,248.931607127,247.411617965,2402149693,2403304386,2503621.800271989778,2503635.164777143858,retrograde
Mercury,162.068368892,148.954233069,2403225028,2405254661,2503634.246280983090,2503657.737405486405,retrograde
NorthNode,247.414248986,246.241042820,2403404065,2404474631,2503636.318463018164,2503648.709275528789,retrograde
NorthNode,246.241052513,244.500200840,2404490244,2405739980,2503648.889986583963,2503663.354525445029,retrograde
NorthNode,244.503028450,243.415685301,2405841427,2406830052,2503664.528679883108,2503675.971097628586,retrograde
Pluto,75.253234276,73.262027143,2406003131,2420181852,2503666.400251532905,2503830.505815423094,retrograde
Jupiter,60.839759748,50.811022067,2406411679,2416577641,2503671.128814399242,2503788.790416046977,retrograde
NorthNode,243.436655823,242.272386094,2407041981,2408078052,2503678.423982108012,2503690.415545524098,retrograde
NorthNode,242.322079240,241.742385279,2408372596,2409185389,2503693.824613288045,2503703.231946635991,retrograde
NorthNode,241.840583915,241.456748601,2409616548,2410429573,2503708.222209786996,2503717.632215579040,retrograde
NorthNode,241.532516809,241.433264847,2410903045,2411548071,2503723.112223661505,2503730.577802778222,retrograde
NorthNode,241.455274791,241.454668153,2412053590,2412194390,2503736.428712589666,2503738.058346780948,retrograde
NorthNode,241.498393334,241.372167024,2412796229,2413434812,2503745.024073299952,2503752.415078257211,retrograde
Mercury,269.880198506,253.581959145,2412935879,2414643126,2503746.640393957496,2503766.400197841227,retrograde
NorthNode,241.461496292,240.943819589,2413909536,2414776739,2503757.909572807141,2503767.946637202054,retrograde
NorthNode,241.029236228,240.397391808,2415163497,2415974767,2503772.423003130592,2503781.812703820877,retrograde
NorthNode,240.444207306,239.001056500,2416256420,2417350092,2503785.072577027604,2503797.730817162432,retrograde
NorthNode,239.013462872,237.856949571,2417519338,2418523943,2503799.689683766104,2503811.317056315951,retrograde
NorthNode,237.857854306,235.891456660,2418592430,2419858267,2503812.109731513076,2503826.760622461326,retrograde
Uranus,214.793827648,210.675511503,2418636501,2431690952,2503812.619817038067,2503963.712991657667,retrograde
NorthNode,235.891899569,234.730410043,2419912300,2420930837,2503827.386002077721,2503839.174622406252,retrograde
NorthNode,234.739585641,233.271349199,2421083797,2422194514,2503840.944995465688,2503853.800517395139,retrograde
Neptune,261.058784747,258.284075613,2422390227,2436235393,2503856.065712845884,2504016.310693523847,retrograde
Mercury,17.334798504,5.076570548,2422403594,2424419727,2503856.220427155495,2503879.555298738182,retrograde
NorthNode,233.310296350,232.653638045,2422458834,2423285294,2503856.859770822339,2503866.425291464664,retrograde
NorthNode,232.728043644,232.152603906,2423649854,2424540296,2503870.644727863371,2503880.950767135248,retrograde
NorthNode,232.239682690,232.074900757,2424992851,2425651099,2503886.188675227575,2503893.807282429188,retrograde
NorthNode,232.138624182,232.114709619,2426220026,2426757555,2503900.392086480744,2503906.613494491205,retrograde
NorthNode,232.115343496,232.071752874,2426901754,2427517220,2503908.282461583614,2503915.405906606466,retrograde
NorthNode,232.129828968,231.876481492,2428017572,2428788733,2503921.197023731656,2503930.122492858209,retrograde
NorthNode,231.975914322,231.536796267,2429261379,2430039535,2503935.592933083884,2503944.599370174110,retrograde
Venus,116.329423459,99.806782125,2429954507,2433680528,2503943.615247892216,2503986.740494912490,retrograde
NorthNode,231.596333884,230.666148868,2430371943,2431355916,2503948.446680655703,2503959.835264707915,retrograde
NorthNode,230.701215057,229.749957933,2431618669,2432563915,2503962.876381329261,2503973.816727741621,retrograde
Saturn,6.300014345,359.518853782,2432468307,2444384081,2503972.710153520107,2504110.624205857515,retrograde
NorthNode,229.758270255,228.143026539,2432712908,2433917472,2503975.541183581576,2503989.482896487229,retrograde
Mercury,143.812768836,132.006359064,2433217171,2435291643,2503981.377564616501,2504005.387655831873,retrograde
NorthNode,228.143298105,226.946188938,2433965235,2435047749,2503990.035716978833,2504002.564815496095,retrograde
NorthNode,226.946511510,225.284105053,2435096709,2436302491,2504003.131473337300,2504017.087282538414,retrograde
NorthNode,225.295630701,224.387260027,2436473299,2437393288,2504019.064237388782,2504029.712250262499,retrograde
NorthNode,224.419393351,223.420458650,2437639277,2438643244,2504032.559348633513,2504044.179333205335,retrograde
Pluto,76.232297601,74.238199672,2437642766,2451827046,2504032.599728279747,2504196.769641092978,retrograde
NorthNode,223.499323894,223.115776366,2439020292,2439754636,2504048.543321425095,2504057.042675555684,retrograde
NorthNode,223.202434532,222.943795730,2440195718,2440993746,2504062.147781188600,2504071.384215643629,retrograde
Jupiter,95.928911961,85.861102745,2440962590,2451204799,2504071.023615702987,2504189.567703887820,retrograde
NorthNode,223.005555087,222.989922305,2441561107,2442018968,2504077.950893579051,2504083.250212891959,retrograde
NorthNode,222.990231216,222.942121489,2442129231,2442764560,2504084.526407406665,2504091.879750744440,retrograde
Mercury,254.077741954,237.867291136,2443066783,2444781526,2504095.377710506320,2504115.224262341857,retrograde
NorthNode,223.033985723,222.760090263,2443353087,2444095037,2504098.691409074701,2504107.278797806241,retrograde
NorthNode,222.838790024,222.233808412,2444492257,2445345578,2504111.876252132468,2504121.752646234818,retrograde
NorthNode,222.313184433,221.399829195,2445710933,2446629077,2504125.981288350187,2504136.607959978282,retrograde
NorthNode,221.424086750,219.981995614,2446841419,2447930644,2504139.065617919900,2504151.672392833978,retrograde
NorthNode,219.987307032,218.602011474,2448059239,2449163432,2504153.160755975172,2504165.940773918293,retrograde
NorthNode,218.602020683,216.819472752,2449177814,2450397868,2504166.107233586721,2504180.228224144317,retrograde
NorthNode,216.823228078,215.667356888,2450512114,2451513862,2504181.550518499687,2504193.144821873866,retrograde
Uranus,219.465185725,215.355937941,2450591557,2463663207,2504182.469999068417,2504333.762242472731,retrograde
NorthNode,215.685775740,214.480347898,2451706314,2452738474,2504195.372280049138,2504207.318571452051,retrograde
Mercury,0.119626209,346.455902858,2452453710,2454420080,2504204.022687911987,2504226.781609140337,retrograde
NorthNode,214.548905239,214.023304572,2453081171,2453870373,2504211.284976092167,2504220.419252840802,retrograde
Neptune,263.234626744,260.459594490,2454142039,2467983872,2504223.563541197218,2504383.769938782789,retrograde
NorthNode,214.098907148,213.703920253,2454252777,2455087539,2504224.845230183564,2504234.506828737445,retrograde
NorthNode,213.797622107,213.725473455,2455635409,2456240690,2504240.847912807018,2504247.853477794677,retrograde
NorthNode,213.739128094,213.738845910,2456688261,2456800434,2504253.033703553490,2504254.331998557784,retrograde
NorthNode,213.784278892,213.623235435,2457443301,2458173867,2504261.772586752661,2504270.228213087656,retrograde
NorthNode,213.694032545,213.358395059,2458612354,2459364417,2504275.303292443976,2504284.007726698183,retrograde
NorthNode,213.455152179,212.727597284,2459797669,2460703179,2504289.022215681151,2504299.502660728991,retrograde
NorthNode,212.766332581,211.824042481,2460970637,2461929566,2504302.598240945488,2504313.696949513629,retrograde
Mars,301.748370673,290.521862993,2461468967,2466930718,2504308.365950868465,2504371.580654508434,retrograde
NorthNode,211.844659372,210.545889411,2462145675,2463226364,2504316.198208778165,2504328.706190662459,retrograde
Mercury,124.745282253,114.348066120,2463173492,2465264726,2504328.094239138067,2504352.298344403505,retrograde
NorthNode,210.547679679,209.120276016,2463312771,2464485131,2504329.706270390190,2504343.275253231637,retrograde
NorthNode,209.120284037,207.744399996,2464500141,2465647305,2504343.448983705603,2504356.726336175576,retrograde
Saturn,19.183789749,12.360049940,2465193891,2477031923,2504351.478492371738,2504488.492754153907,retrograde
NorthNode,207.747334957,206.447312512,2465749326,2466828162,2504357.907133402303,2504370.393665941432,retrograde
NorthNode,206.474501367,205.603173558,2467066995,2467991472,2504373.157941601239,2504383.857904447243,retrograde
NorthNode,205.648139040,204.959688248,2468275773,2469176005,2504387.148424005136,2504397.567769088782,retrograde
Pluto,77.214399012,75.216954590,2469283248,2483471533,2504398.809016072191,2504563.025273070671,retrograde
NorthNode,205.063916544,204.782145300,2469631982,2470352642,2504402.845289268531,2504411.186253967695,retrograde
NorthNode,204.851519496,204.733588385,2470811237,2471530334,2504416.494076170959,2504424.816952942871,retrograde
NorthNode,204.751173009,204.749820186,2472000032,2472187213,2504430.253267828375,2504432.419716083445,retrograde
NorthNode,204.784459234,204.667708992,2472725557,2473358024,2504438.650550734252,2504445.970771212131,retrograde
Mercury,238.222691030,222.189730984,2473183670,2474927736,2504443.952789463103,2504464.138733044267,retrograde
NorthNode,204.774316239,204.283038891,2473885858,2474742104,2504452.079956794158,2504461.990220001899,retrograde
NorthNode,204.353011169,203.708279213,2475094970,2475921061,2504466.074318511412,2504475.635553363711,retrograde
Jupiter,128.979846474,118.922506675,2475309293,2485683623,2504468.554905854166,2504588.628167957067,retrograde
NorthNode,203.765745539,202.458156073,2476234482,2477287005,2504479.263105715625,2504491.445093471557,retrograde
NorthNode,202.469651315,201.176718820,2477447544,2478497351,2504493.303181538358,2504505.453722698614,retrograde
NorthNode,201.177920157,199.440796385,2478574903,2479782561,2504506.351319829002,2504520.328834621236,retrograde
NorthNode,199.441055895,198.039111556,2479826303,2480914387,2504520.835108451545,2504533.428676554933,retrograde
Venus,335.371855070,319.563877490,2480676752,2484251899,2504530.678274789825,2504572.057293457910,retrograde
NorthNode,198.050304959,196.792211968,2481081824,2482119425,2504535.366604673676,2504547.375875447877,retrograde
NorthNode,196.825198391,195.992895110,2482360527,2483263400,2504550.166405679658,2504560.616327173077,retrograde
Mercury,343.392313403,328.631300580,2482547799,2484453218,2504552.333907499909,2504574.387367255986,retrograde
Uranus,224.114625925,220.014519484,2482554174,2495641599,2504552.407688782550,2504703.882520697080,retrograde
NorthNode,196.085430870,195.618567245,2483664723,2484472961,2504565.261264572851,2504574.615877456963,retrograde
NorthNode,195.695533284,195.488750654,2484893623,2485620547,2504579.484650366940,2504587.898120195605,retrograde
Neptune,265.411248365,262.636762798,2485882827,2499736139,2504590.933772339486,2504751.273033297621,retrograde
NorthNode,195.557970220,195.547374550,2486240103,2486635499,2504595.068909265101,2504599.645251620561,retrograde
NorthNode,195.549210455,195.504122553,2486841892,2487427244,2504602.034062476829,2504608.808971378021,retrograde
NorthNode,195.582009655,195.255650809,2487977570,2488799515,2504615.178483678959,2504624.691733610816,retrograde
NorthNode,195.335856812,194.907430748,2489212413,2489968502,2504629.470646093599,2504638.221675736830,retrograde
NorthNode,194.978304195,193.914254831,2490326832,2491347885,2504642.369010209106,2504654.186757013202,retrograde
NorthNode,193.939309856,192.996162770,2491571789,2492517075,2504656.778236967511,2504667.719049511477,retrograde
NorthNode,193.004003874,191.337596604,2492667444,2493884288,2504669.459432470612,2504683.543271215633,retrograde
Mercury,105.001394580,95.816116726,2493085128,2495169440,2504674.293737761676,2504698.417716816068,retrograde
NorthNode,191.337680493,190.137109845,2493915471,2495005949,2504683.904188879766,2504696.525456304662,retrograde
NorthNode,190.137906069,188.586398260,2495074927,2496250282,2504697.323816933669,2504710.927456715144,retrograde
NorthNode,188.597182058,187.668826120,2496413250,2497352942,2504712.813661062159,2504723.689725515433,retrograde
NorthNode,187.712241260,186.861471527,2497639980,2498592694,2504727.011924613267,2504738.038717131130,retrograde
Saturn,32.383880849,25.519303572,2497943274,2509702526,2504730.522281691432,2504866.624725177884,retrograde
NorthNode,186.925233903,186.518895680,2498937181,2499710404,2504742.025827171281,2504750.975170426071,retrograde
NorthNode,186.623177257,186.422080099,2500210625,2500949833,2504756.764769975096,2504765.320409715176,retrograde
Pluto,78.199384788,76.198198587,2500920604,2515120531,2504764.982109754346,2504929.333115736954,retrograde
NorthNode,186.470072973,186.452178241,2501462915,2501949000,2504771.258865398355,2504776.884844915941,retrograde
NorthNode,186.452579944,186.388018784,2502072215,2502781853,2504778.310947650112,2504786.524346335791,retrograde
Mercury,222.242651786,206.499514726,2503283408,2505076375,2504792.329379044473,2504813.081314601004,retrograde
NorthNode,186.464760849,186.250347276,2503317614,2503991155,2504792.725288738497,2504800.520895102993,retrograde
NorthNode,186.341845553,185.640585896,2504428575,2505353150,2504805.583633824252,2504816.284730046988,retrograde
NorthNode,185.704480484,184.952979660,2505683821,2506532559,2504820.111946252175,2504829.935294628143,retrograde
NorthNode,184.984058673,183.374152729,2506772403,2507918206,2504832.711269226857,2504845.972882226110,retrograde
NorthNode,183.378623811,182.146753418,2508035858,2509086906,2504847.334585600533,2504859.499498485588,retrograde
NorthNode,182.146782280,180.205447814,2509108600,2510372468,2504859.750588236377,2504874.378689454868,retrograde
Jupiter,160.242262365,150.232727201,2509511568,2520020960,2504864.414572179317,2504986.051050819457,retrograde
NorthNode,180.208417143,179.090738879,2510474314,2511449816,2504875.557461311109,2504886.847995650955,retrograde
NorthNode,179.111749240,177.844376553,2511655856,2512709351,2504889.232715495862,2504901.425944729708,retrograde
Mercury,327.019044324,311.496154404,2512670754,2514512204,2504900.979215361178,2504922.292303226888,retrograde
NorthNode,177.901573686,177.353236887,2513019014,2513807688,2504905.010003167205,2504914.138181800954,retrograde
NorthNode,177.449142351,177.063558910,2514232626,2515059605,2504919.056444095448,2504928.627956173383,retrograde
Uranus,228.740285155,224.650334567,2514505983,2527612128,2504922.220292934217,2505073.911792901345,retrograde
NorthNode,177.140649497,177.062886122,2515554587,2516174566,2504934.356912388466,2504941.532598360442,retrograde
NorthNode,177.075593942,177.073342324,2516585390,2516808651,2504946.287505609915,2504948.871545712464,retrograde
NorthNode,177.125174428,176.984557807,2517422130,2518082094,2504955.972003685310,2504963.610476136208,retrograde
Neptune,267.589810261,264.816140431,2517632532,2531484973,2504958.407208970748,2505118.736379644834,retrograde
NorthNode,177.065281401,176.590973966,2518536742,2519386927,2504968.872599761002,2504978.712701459415,retrograde
NorthNode,176.676648643,176.065539388,2519786203,2520610211,2504983.333956736140,2504992.871087185107,retrograde
NorthNode,176.107259334,174.845944531,2520885427,2521954872,2504996.056459062733,2505008.434291607700,retrograde
NorthNode,174.860469280,173.789073735,2522140852,2523141389,2505010.586832881905,2505022.167124593630,retrograde
Mercury,84.943317222,76.374674057,2522953455,2525023541,2505019.991966046393,2505043.951287694275,retrograde
NorthNode,173.790505952,172.018657911,2523222674,2524482386,2505023.107925261371,2505037.687926462851,retrograde
NorthNode,172.018729388,170.903216277,2524512803,2525560460,2505038.039979067631,2505050.165636084042,retrograde
NorthNode,170.907563087,169.428128913,2525679902,2526820305,2505051.548059712164,2505064.747174816206,retrograde
NorthNode,169.456000213,168.751988117,2527058254,2527911687,2505067.501206828281,2505077.378904942423,retrograde
NorthNode,168.806184871,168.094668570,2528227299,2529163914,2505081.031819714233,2505091.872274881229,retrograde
NorthNode,168.182713921,167.951851465,2529594377,2530276688,2505096.854484305717,2505104.751608329825,retrograde
Saturn,45.884835112,38.983123742,2530711000,2542402173,2505109.778365999460,2505245.092871814966,retrograde
Venus,183.952996247,167.864432516,2530750332,2534424677,2505110.233590448275,2505152.760738139972,retrograde
NorthNode,168.029236705,167.928396039,2530785509,2531517891,2505110.640739059076,2505119.117378975265,retrograde
Mars,20.644323506,8.573473606,2531313655,2536805777,2505116.753532947041,2505180.319768651389,retrograde
NorthNode,167.936020340,167.932969618,2531867744,2532120133,2505123.166610603221,2505126.087770685554,retrograde
Pluto,79.186900599,77.181771931,2532567283,2546760028,2505131.263124668039,2505295.530998404138,retrograde
NorthNode,167.968090967,167.817162824,2532645969,2533352735,2505132.173837460577,2505140.354004224762,retrograde
Mercury,206.019869765,190.717908242,2533363752,2535220166,2505140.481514863670,2505161.967789150774,retrograde
NorthNode,167.924358016,167.533844578,2533878043,2534650480,2505146.433954319917,2505155.374203555286,retrograde
NorthNode,167.602936317,166.805278174,2535006649,2535929706,2505159.496529570781,2505170.180056388490,retrograde
NorthNode,166.858296419,165.848922965,2536235191,2537180762,2505173.715760868043,2505184.659871337004,retrograde
NorthNode,165.862015293,164.256595150,2537350749,2538509621,2505186.627315276302,2505200.040186505765,retrograde
NorthNode,164.257569128,162.893368877,2538581781,2539683916,2505200.875361925922,2505213.631561624818,retrograde
NorthNode,162.893495166,161.133064011,2539718511,2540919454,2505214.031962616369,2505227.931772447191,retrograde
NorthNode,161.144373536,160.120791340,2541086164,2542026642,2505229.861282291822,2505240.746443619020,retrograde
NorthNode,160.152859944,159.108842662,2542264744,2543260688,2505243.502250741236,2505255.029388478026,retrograde
Mercury,310.894129042,294.901432482,2542810395,2544593566,2505249.817660175264,2505270.456215664744,retrograde
Jupiter,190.402772737,180.450174091,2543651743,2554268744,2505259.555483058095,2505382.437436655164,retrograde
NorthNode,159.198053570,158.802125734,2543651829,2544388411,2505259.556482578628,2505268.081727048382,retrograde
NorthNode,158.886734646,158.639415819,2544821462,2545611731,2505273.093898715451,2505282.240527580492,retrograde
NorthNode,158.699919145,158.692375518,2546205490,2546549326,2505289.112737165764,2505293.092323472723,retrograde
Uranus,233.341190041,229.260777417,2546463685,2559586961,2505292.101103779860,2505443.990872935392,retrograde
NorthNode,158.694440092,158.637530940,2546761874,2547385666,2505295.552374271676,2505302.772183494642,retrograde
NorthNode,158.733299350,158.425068115,2547968880,2548742509,2505309.522347122431,2505318.476381476969,retrograde
NorthNode,158.499277786,157.946209519,2549129666,2549957514,2505322.957370061427,2505332.538939307444,retrograde
Neptune,269.771390082,266.998685184,2549378928,2563230357,2505325.842348854057,2505486.159812337719,retrograde
NorthNode,158.022131739,157.088636661,2550323339,2551272658,2505336.773025955074,2505347.760518246330,retrograde
NorthNode,157.110594093,155.875302952,2551481215,2552530920,2505350.174370641820,2505362.323738254607,retrograde
NorthNode,155.881400406,154.513314713,2552669692,2553797044,2505363.929887339473,2505376.977947840467,retrograde
Mercury,65.112627918,56.285288914,2552808972,2554868926,2505365.541926965117,2505389.383989825845,retrograde
NorthNode,154.513344927,152.974477514,2553818886,2555009682,2505377.230752519332,2505391.013112632558,retrograde
NorthNode,152.976315267,151.788021816,2555102070,2556154960,2505392.082412063144,2505404.268638019450,retrograde
NorthNode,151.799946145,150.657137215,2556322778,2557352151,2505406.210977001116,2505418.125014066696,retrograde
NorthNode,150.709830409,150.097400083,2557665915,2558506135,2505421.756544753909,2505431.481314689852,retrograde
NorthNode,150.159550597,149.689952925,2558851680,2559701497,2505435.480682930909,2505445.316520924680,retrograde
NorthNode,149.793285933,149.659480431,2560221177,2560872601,2505451.331339735538,2505458.870971455239,retrograde
NorthNode,149.701022123,149.690010587,2561390287,2561790795,2505464.862708582543,2505469.498215246014,retrograde
NorthNode,149.693678212,149.612081487,2562056739,2562766612,2505472.576274892315,2505480.792391727678,retrograde
NorthNode,149.675554769,149.449901336,2563245327,2563937632,2505486.333071611822,2505494.345865820535,retrograde
Mercury,189.423045374,174.765644366,2563423321,2565350039,2505488.393189556897,2505510.693171411753,retrograde
Saturn,59.650622328,52.717720230,2563491861,2575128616,2505489.186482578516,2505623.871146105230,retrograde
Pluto,80.177364688,78.168277806,2564219391,2578394864,2505497.606961973943,2505661.674936530180,retrograde
NorthNode,149.556240152,148.899048769,2564410289,2565306738,2505499.816435955465,2505510.192001678050,retrograde
NorthNode,148.951228360,148.145870874,2565609677,2566501277,2505513.698238343000,2505524.017684116960,retrograde
NorthNode,148.180058484,146.778245617,2566757578,2567842106,2505526.984131991863,2505539.536535739899,retrograde
NorthNode,146.782559819,145.390739774,2567956468,2569076877,2505540.860174543224,2505553.827866215259,retrograde
NorthNode,145.390766248,143.752392738,2569098671,2570289920,2505554.080108673312,2505567.867712494917,retrograde
NorthNode,143.754328596,142.405019105,2570376397,2571438505,2505568.868604156189,2505581.161518934183,retrograde
NorthNode,142.429635027,141.374759887,2571661904,2572630248,2505583.747158920392,2505594.954842405394,retrograde
NorthNode,141.421840468,140.715679697,2572910731,2573788523,2505598.201179731637,2505608.360811386257,retrograde
Mercury,294.928142372,278.692122081,2572956530,2574694687,2505598.731261588633,2505618.848810188472,retrograde
NorthNode,140.827430409,140.508869580,2574244599,2574989408,2505613.639459619299,2505622.259936009534,retrograde
NorthNode,140.580350148,140.472878209,2575449580,2576145246,2505627.586008922197,2505635.637694155797,retrograde
NorthNode,140.486094083,140.482215392,2576552608,2576816542,2505640.352529738098,2505643.407327300869,retrograde
NorthNode,140.525658229,140.395851401,2577362372,2577993776,2505649.724800957367,2505657.032712765969,retrograde
Jupiter,220.312021554,210.412993540,2577810128,2588480237,2505654.907165721059,2505778.403789229691,retrograde
Uranus,237.915241759,233.844794888,2578411382,2591556282,2505661.866118921898,2505814.006166369654,retrograde
NorthNode,140.499349904,139.966372289,2578501361,2579378820,2505662.907538403757,2505673.063321053050,retrograde
NorthNode,140.036128285,139.414081404,2579731737,2580547105,2505677.148005298339,2505686.585135548376,retrograde
NorthNode,139.465129823,138.139346557,2580848089,2581925696,2505690.068747486919,2505702.541049214080,retrograde
Neptune,271.955848245,269.184017477,2581128766,2594981923,2505693.317323490046,2505853.654783661477,retrograde
Venus,46.927612819,30.520080809,2581508806,2585186113,2505697.715936357155,2505740.277362914756,retrograde
NorthNode,138.149987842,137.000207012,2582085429,2583107871,2505704.389810947701,2505716.223626438528,retrograde
Mercury,45.940242554,36.055653201,2582696356,2584749947,2505711.460725575686,2505735.229139350355,retrograde
NorthNode,137.001450607,135.287080339,2583187440,2584422569,2505717.144565258175,2505731.440042948350,retrograde
NorthNode,135.287243322,134.065343534,2584461108,2585527555,2505731.886101675220,2505744.229233533144,retrograde
NorthNode,134.072664438,132.774734146,2585674862,2586759489,2505745.934178401716,2505758.487729490735,retrograde
NorthNode,132.800830726,132.025612997,2586986336,2587877625,2505761.113271531649,2505771.429121751338,retrograde
NorthNode,132.098132061,131.538911047,2588243334,2589108002,2505775.661856316030,2505785.669594718143,retrograde
NorthNode,131.611565795,131.363056033,2589507922,2590235918,2505790.298289920203,2505798.724179455079,retrograde
NorthNode,131.450292343,131.389802735,2590810880,2591469212,2505805.378829231486,2505812.998414781876,retrograde
NorthNode,131.392183287,131.386345630,2591702307,2592028801,2505815.696265567094,2505819.475135706365,retrograde
NorthNode,131.433119819,131.229297132,2592595861,2593373938,2505826.038332555443,2505835.043855316006,retrograde
Mercury,172.303139110,158.545024046,2593460956,2595455087,2505836.051003597677,2505859.131221033633,retrograde
NorthNode,131.315443100,130.985566146,2593840317,2594560085,2505840.441756087355,2505848.772405297495,retrograde
NorthNode,131.065701236,130.142345991,2594947512,2595932899,2505853.256510871463,2505864.661454269662,retrograde
Pluto,81.171046904,79.158116125,2595863606,2610037316,2505863.859450486489,2506027.907026144676,retrograde
NorthNode,130.182438539,129.320107170,2596203115,2597102051,2505867.788949193433,2505878.193304353394,retrograde
Saturn,73.625814253,66.669662186,2596282462,2607875597,2505868.707319863141,2506002.887127071619,retrograde
NorthNode,129.335415851,127.607594809,2597288573,2598485357,2505880.352120799944,2505894.203790493309,retrograde
NorthNode,127.608378503,126.376173803,2598550691,2599624179,2505894.959972503595,2505907.384603091516,retrograde
Mars,81.519869580,64.442730533,2599005380,2605339803,2505900.222582560964,2505973.537655775435,retrograde
NorthNode,126.376298120,124.560987460,2599659994,2600885240,2505907.799128099345,2505921.980213235132,retrograde
NorthNode,124.569448241,123.562634068,2601031823,2601970277,2505923.676778883673,2505934.538509617560,retrograde
NorthNode,123.600275657,122.557206619,2602230707,2603224503,2505937.552753288299,2505949.055023425259,retrograde
Mercury,279.067304337,262.754390872,2603101310,2604813366,2505947.629177071154,2505967.444642134011,retrograde
NorthNode,122.627762932,122.193883795,2603570915,2604330258,2505953.064420214854,2505961.853110240772,retrograde
NorthNode,122.300495518,122.061310159,2604811979,2605578760,2505967.428585761227,2505976.303364862688,retrograde
NorthNode,122.114386478,122.099685769,2606103805,2606539846,2505982.380274390802,2505987.427042967640,retrograde
NorthNode,122.100630482,122.029374059,2606699448,2607395573,2505989.274284673855,2505997.331295290031,retrograde
NorthNode,122.117841260,121.869950071,2607945517,2608638680,2506003.696384593844,2506011.719110504724,retrograde
NorthNode,121.957229769,121.239176801,2609055451,2609975382,2506016.542841735296,2506027.190198947676,retrograde
NorthNode,121.304474342,120.515335027,2610309422,2611175101,2506031.056394265033,2506041.075835092925,retrograde
Uranus,242.461203479,238.399498836,2610363203,2623524860,2506031.678858962841,2506184.012853787281,retrograde
NorthNode,120.541515526,118.982718645,2611399304,2612544347,2506043.670769880526,2506056.923579018563,retrograde
Jupiter,250.848902403,240.989867776,2612084905,2622737169,2506051.605963841081,2506174.896065138280,retrograde
Mercury,27.602003129,16.232170041,2612645881,2614683030,2506058.098743192852,2506081.676860615611,retrograde
NorthNode,118.986745220,117.798402093,2612660475,2613715641,2506058.267658335157,2506070.480231576599,retrograde
Neptune,274.143523024,271.372090549,2612882507,2626724881,2506060.837473594584,2506221.050131539814,retrograde
NorthNode,117.798426108,115.975800629,2613736171,2614998381,2506070.717840140685,2506085.326756961644,retrograde
NorthNode,115.978491434,114.940741533,2615100063,2616076135,2506086.503624977544,2506097.800763964653,retrograde
NorthNode,114.956879377,113.722140278,2616266401,2617336575,2506100.002915272489,2506112.389183863997,retrograde
NorthNode,113.772850409,113.239858528,2617640822,2618432831,2506115.910564035177,2506125.077339681797,retrograde
NorthNode,113.317486545,112.873013110,2618822083,2619684151,2506129.582564825192,2506139.560207334347,retrograde
NorthNode,112.955573240,112.846279617,2620170412,2620799070,2506145.188225320540,2506152.464354311116,retrograde
NorthNode,112.886170116,112.884748467,2621385378,2621582246,2506159.250335447490,2506161.528895330615,retrograde
NorthNode,112.900263210,112.816924477,2622043579,2622693143,2506166.868401986547,2506174.386505770497,retrograde
NorthNode,112.883176127,112.569142275,2623165930,2623950989,2506179.858573102392,2506188.944904585369,retrograde
Mercury,154.491495309,141.907085001,2623471602,2625521400,2506183.396445743740,2506207.120960444212,retrograde
NorthNode,112.667972846,112.142372353,2624403781,2625215277,2506194.185549176298,2506203.577872560360,retrograde
NorthNode,112.193864960,111.153906301,2625519743,2626521361,2506207.101777418517,2506218.694578045979,retrograde
NorthNode,111.181660455,110.112556794,2626759089,2627742048,2506221.446057525463,2506232.822895874269,retrograde
Pluto,82.169068299,80.152499603,2627511253,2641678727,2506230.151660148986,2506394.127058074810,retrograde
NorthNode,110.116966628,108.387578821,2627859371,2629089216,2506234.180809178390,2506248.415126709267,retrograde
Saturn,87.739456814,80.769371658,2629076246,2640641699,2506248.265002891421,2506382.124419793487,retrograde
NorthNode,108.387589626,107.133762345,2629105328,2630193709,2506248.601605175994,2506261.198608014733,retrograde
NorthNode,107.135545169,105.488445745,2630279154,2631440308,2506262.187558447011,2506275.626840049401,retrograde
NorthNode,105.511448449,104.668233225,2631657033,2632541401,2506278.135223861784,2506288.370964211412,retrograde
Venus,256.779534306,241.449626804,2631827951,2635373042,2506280.113442694768,2506321.144596377388,retrograde
NorthNode,104.716364382,103.863289753,2632827842,2633782772,2506291.686253055930,2506302.738688345067,retrograde
Mercury,263.250303038,246.978158275,2633238222,2634945853,2506296.436028219759,2506316.200279504061,retrograde
NorthNode,103.963118531,103.685343717,2634213764,2634906956,2506307.727017831989,2506315.750072045252,retrograde
NorthNode,103.766830332,103.637807683,2635390161,2636134579,2506321.342729527503,2506329.958679738455,retrograde
NorthNode,103.650568219,103.648161503,2636537909,2636759973,2506334.626853050664,2506337.197038463317,retrograde
NorthNode,103.684546505,103.535466051,2637281685,2637963730,2506343.235363588668,2506351.129404816777,retrograde
NorthNode,103.651778090,103.196020413,2638494471,2639299221,2506357.272239272483,2506366.586477828212,retrograde
NorthNode,103.264396544,102.479959272,2639645245,2640544708,2506370.591381643899,2506381.001832023263,retrograde
NorthNode,102.532892932,101.413554543,2640848389,2641832291,2506384.516668063588,2506395.904412572272,retrograde
NorthNode,101.424459798,99.928688023,2641990765,2643125465,2506397.738604706712,2506410.871713441797,retrograde
Uranus,246.976540315,242.923686928,2642306703,2655490952,2506401.395298899151,2506553.990775975399,retrograde
Mercury,10.034724644,357.151802055,2642662730,2644661312,2506405.515981756151,2506428.647717662156,retrograde
NorthNode,99.929457700,98.518662685,2643193041,2644323704,2506411.653842343017,2506424.740216417238,retrograde
NorthNode,98.518862831,96.948526664,2644364379,2645531622,2506425.210995945148,2506438.720751086250,retrograde
Neptune,276.333454134,273.562158637,2644630743,2658476974,2506428.293911130168,2506588.551214807667,retrograde
NorthNode,96.959373717,95.939523230,2645700139,2646665555,2506440.671178053133,2506451.844972196035,retrograde
Jupiter,282.814474939,272.977306927,2646528242,2657086363,2506450.255705393851,2506572.456177912652,retrograde
NorthNode,95.967402996,95.019140138,2646895891,2647875226,2506454.510894274339,2506465.845797983930,retrograde
NorthNode,95.100676875,94.687724050,2648261908,2649023694,2506470.321285172366,2506479.138253610581,retrograde
NorthNode,94.761706068,94.491902092,2649432441,2650226218,2506483.869119931944,2506493.056346445344,retrograde
NorthNode,94.566890705,94.535672057,2650810624,2651385465,2506499.820312142372,2506506.473559302278,retrograde
NorthNode,94.535884264,94.518955934,2651486482,2651975978,2506507.642740453593,2506513.308197678067,retrograde
NorthNode,94.587037335,94.363508654,2652582638,2653347946,2506520.329728831537,2506529.187457004562,retrograde
Mercury,135.891548971,124.686045132,2653448621,2655533846,2506530.352682217956,2506554.487233705819,retrograde
NorthNode,94.435594803,94.045685833,2653764546,2654529453,2506534.009217496961,2506542.862307958305,retrograde
NorthNode,94.133180970,93.298203325,2654935313,2655877945,2506547.559762915596,2506558.469859141856,retrograde
NorthNode,93.329847240,92.319578810,2656121836,2657093318,2506561.292667106725,2506572.536672927439,retrograde
NorthNode,92.333936739,90.910864211,2657281324,2658404121,2506574.712670044042,2506587.708005540073,retrograde
NorthNode,90.911465498,89.449473381,2658463207,2659620621,2506588.391871481203,2506601.787861220539,retrograde
Pluto,83.172362251,81.152360893,2659147923,2673329115,2506596.316829300486,2506760.450990679674,retrograde
NorthNode,89.449719110,88.027512201,2659667098,2660796713,2506602.325790286064,2506615.400045818649,retrograde
NorthNode,88.034473877,86.798773540,2660932564,2661963522,2506616.972396560013,2506628.904773940332,retrograde
Saturn,101.908401057,94.934303135,2661864958,2673420079,2506627.763984829187,2506761.503815159202,retrograde
NorthNode,86.841565294,86.034644513,2662243560,2663142451,2506632.145962712355,2506642.549789143726,retrograde
Mercury,247.428920963,231.287280415,2663362925,2665088325,2506645.101572141051,2506665.071474358439,retrograde
NorthNode,86.094718394,85.535039154,2663464740,2664314033,2506646.279980313033,2506656.109762229957,retrograde
NorthNode,85.651705641,85.459623970,2664818714,2665506460,2506661.950975235552,2506669.911006877199,retrograde
Mars,123.575189826,104.543113474,2665487470,2672271591,2506669.691208289005,2506748.211124953814,retrograde
NorthNode,85.512453234,85.484674881,2666005721,2666548983,2506675.689489231445,2506681.977244378999,retrograde
NorthNode,85.485158793,85.413217360,2666675100,2667386581,2506683.436931143515,2506691.671661453322,retrograde
NorthNode,85.482451306,85.257768688,2667882058,2668557942,2506697.406351624057,2506705.229084801860,retrograde
NorthNode,85.367586044,84.631689115,2669024712,2669944075,2506710.631513278931,2506721.272282675840,retrograde
NorthNode,84.687178344,83.880287579,2670248902,2671122095,2506724.800380075350,2506734.906777290627,retrograde
NorthNode,83.912847776,82.366136995,2671369454,2672489889,2506737.769724650308,2506750.737723429687,retrograde
NorthNode,82.369719729,81.056445973,2672597144,2673693301,2506751.979109861888,2506764.666111786850,retrograde
Mercury,353.051542567,338.881511643,2672733901,2674675267,2506753.561940968037,2506776.031459324062,retrograde
NorthNode,81.056457863,79.339935537,2673709940,2674930925,2506764.858683868311,2506778.990463164635,retrograde
Uranus,251.460520830,247.415277455,2674251025,2687450713,2506771.121241734363,2506923.895412744023,retrograde
NorthNode,79.342434401,78.147663464,2675026267,2676049896,2506780.093958382495,2506791.941514311358,retrograde
NorthNode,78.171198024,77.099765205,2676272483,2677270409,2506794.517747473903,2506806.067818288691,retrograde
Neptune,278.525307652,275.753483513,2676386905,2690225753,2506795.842075231485,2506956.013927045278,retrograde
NorthNode,77.145177511,76.527676666,2677554173,2678402520,2506809.352128228173,2506819.170954745263,retrograde
NorthNode,76.627629029,76.286376477,2678846226,2679625423,2506824.306447665207,2506833.324922639877,retrograde
NorthNode,76.355352321,76.240001518,2680079088,2680760679,2506838.575676177628,2506846.464459008537,retrograde
Jupiter,316.746461034,306.906251089,2681180895,2691592211,2506851.328079357743,2506971.829422317445,retrograde
NorthNode,76.270940897,76.270937396,2681385690,2681411917,2506853.698386737145,2506854.001940609887,retrograde
NorthNode,76.297084116,76.210781139,2681994562,2682605950,2506860.745513668284,2506867.821762153879,retrograde
Venus,114.179651340,97.659882006,2682216376,2685942966,2506863.312808906659,2506906.444638559595,retrograde
NorthNode,76.294723001,75.891497219,2683118769,2683970069,2506873.757172104903,2506883.610177790746,retrograde
Mercury,116.510104272,106.676587226,2683385227,2685478086,2506876.841171264648,2506901.064086183906,retrograde
NorthNode,75.967718829,75.478148401,2684361957,2685139683,2506888.145922378637,2506897.147378326394,retrograde
NorthNode,75.536505192,74.378852310,2685466715,2686518469,2506900.932478342205,2506913.105553016067,retrograde
NorthNode,74.397623971,73.397326054,2686719399,2687684332,2506915.431129069068,2506926.599331757985,retrograde
NorthNode,73.401705358,71.659514355,2687806179,2689054305,2506928.009606486186,2506942.455501603894,retrograde
NorthNode,71.659519127,70.450820329,2689066252,2690144360,2506942.593784582801,2506955.071878504939,retrograde
NorthNode,70.453199927,68.907183057,2690242805,2691396256,2506956.211293192580,2506969.561421956867,retrograde
Pluto,84.181549337,82.158365163,2690796911,2704970586,2506962.624555039220,2507126.671726363711,retrograde
NorthNode,68.925931800,68.061074402,2691593905,2692493418,2506971.849027584307,2506982.260056902654,retrograde
NorthNode,68.119265005,67.353534240,2692812728,2693739852,2506985.955773830414,2506996.686372748576,retrograde
Mercury,231.539186654,215.618248964,2693472553,2695236034,2506993.592631317675,2507014.003290377557,retrograde
NorthNode,67.431667763,67.116633932,2694124792,2694854026,2507001.141703244299,2507009.581908294931,retrograde
Saturn,116.045020105,109.077718530,2694641589,2706203495,2507007.123142659664,2507140.941498927772,retrograde
NorthNode,67.217731904,67.102168908,2695391481,2696098104,2507015.802450785413,2507023.980952214450,retrograde
NorthNode,67.117285513,67.116988891,2696545672,2696657284,2507029.161144797690,2507030.452944742516,retrograde
NorthNode,67.151244633,66.973101792,2697218753,2697973170,2507036.951433593407,2507045.683111985214,retrograde
NorthNode,67.072259445,66.723061841,2698468059,2699191870,2507051.410986972973,2507059.788437101059,retrograde
NorthNode,66.805599860,65.842763423,2699572608,2700551176,2507064.195124149323,2507075.521138578653,retrograde
NorthNode,65.888397186,64.963056607,2700831145,2701735793,2507078.761521866545,2507089.231986594386,retrograde
NorthNode,64.977254989,63.164357525,2701912785,2703118933,2507091.280511280522,2507105.240547106601,retrograde
Mercury,336.493109412,321.365600893,2702842569,2704719429,2507102.041893407702,2507123.764813132584,retrograde
NorthNode,63.164956444,61.921553411,2703178734,2704247095,2507105.932688144967,2507118.297981450334,retrograde
NorthNode,61.921779600,60.095854646,2704290250,2705513804,2507118.797458098270,2507132.958968704566,retrograde
NorthNode,60.106281605,59.168406020,2705673830,2706593771,2507134.811115402728,2507145.458581690677,retrograde
Uranus,255.910847239,251.873155767,2706191469,2719412472,2507140.802309648134,2507293.823174932040,retrograde
NorthNode,59.204564152,58.189925068,2706851477,2707853513,2507148.441287156194,2507160.038929749280,retrograde
Neptune,280.717758681,277.944831480,2708136833,2721983831,2507163.318095761351,2507323.584277671762,retrograde
NorthNode,58.262208204,57.875860368,2708213607,2708955094,2507164.206686065532,2507172.788716216572,retrograde
NorthNode,57.969036450,57.724717620,2709418503,2710205418,2507178.152241742238,2507187.260049618781,retrograde
NorthNode,57.780145761,57.759493100,2710741949,2711268435,2507193.469909461215,2507199.563495280221,retrograde
NorthNode,57.759547890,57.717714220,2711332090,2711987638,2507200.300234141760,2507207.887603512965,retrograde
NorthNode,57.795453448,57.589452208,2712567502,2713264828,2507214.598993769847,2507222.669891058467,retrograde
Mercury,96.576256364,87.745705833,2713278154,2715355638,2507222.824134178460,2507246.869079485536,retrograde
NorthNode,57.665830206,57.122089567,2713684405,2714555997,2507227.526103315875,2507237.613977792673,retrograde
NorthNode,57.196674000,56.502338006,2714928329,2715786819,2507241.923378098756,2507251.859606179409,retrograde
Jupiter,352.593882425,342.711274128,2715981061,2726241574,2507254.107775472105,2507372.863711059093,retrograde
NorthNode,56.533560257,55.235333237,2716032100,2717121094,2507254.698503553867,2507267.302598059177,retrograde
NorthNode,55.244565427,54.107923477,2717280424,2718313757,2507269.146697123535,2507281.106568688527,retrograde
NorthNode,54.108389298,52.359598812,2718369153,2719620917,2507281.747722269036,2507296.235734143294,retrograde
NorthNode,52.360150815,51.237462936,2719681306,2720706872,2507296.934686920606,2507308.804658361711,retrograde
NorthNode,51.245231601,49.846361079,2720851425,2721959252,2507310.477723293006,2507323.299799666740,retrograde
NorthNode,49.886811478,49.231668233,2722233109,2723059911,2507326.469441539608,2507336.038912151009,retrograde
Pluto,85.197809392,83.171511345,2722458535,2736599412,2507329.078541505150,2507492.746091359295,retrograde
NorthNode,49.296887637,48.689310445,2723400870,2724304418,2507339.985188907944,2507350.442926787771,retrograde
Mercury,215.474410874,199.896121582,2723564831,2725383106,2507341.882894411683,2507362.927742771804,retrograde
NorthNode,48.787415562,48.618314807,2724777508,2725427523,2507355.918497721665,2507363.441824882291,retrograde
NorthNode,48.679517854,48.650830420,2725964181,2726519768,2507369.653141837567,2507376.083547233604,retrograde
NorthNode,48.651498149,48.594598466,2726662191,2727315708,2507377.731967663392,2507385.295814068988,retrograde
Saturn,130.066494542,123.116344291,2727401937,2738984837,2507386.293842479587,2507520.355183780193,retrograde
NorthNode,48.656859511,48.390982080,2727799032,2728540117,2507390.889842845500,2507399.467213817872,retrograde
NorthNode,48.505392335,47.928500701,2729019714,2729850381,2507405.018108179793,2507414.632317012176,retrograde
NorthNode,47.985018656,46.965282232,2730157698,2731124055,2507418.189217689447,2507429.373912913725,retrograde
NorthNode,46.998403428,45.779958866,2731373339,2732385054,2507432.259140101261,2507443.968809428625,retrograde
Mars,158.296239797,138.790839054,2731559834,2738544890,2507434.417643840425,2507515.263206358068,retrograde
NorthNode,45.784224850,44.063198600,2732498205,2733706016,2507445.278420404531,2507459.257713972591,retrograde
Venus,332.938789305,317.170207854,2732927685,2736499853,2507450.249250927940,2507491.593796191737,retrograde
Mercury,320.228088952,304.469281679,2732974076,2734788871,2507450.786183200777,2507471.790757484734,retrograde
NorthNode,44.063203438,42.696572920,2733718277,2734831389,2507459.399626147002,2507472.282868593000,retrograde
NorthNode,42.698862789,41.125988608,2734923120,2736054224,2507473.344565135427,2507486.436052316800,retrograde
NorthNode,41.152511534,40.303102268,2736284132,2737178040,2507489.097017035820,2507499.443173773587,retrograde
NorthNode,40.350953015,39.573342644,2737465333,2738398843,2507502.768334433436,2507513.572845366783,retrograde
Uranus,260.326950067,256.295918138,2738129563,2751362245,2507510.456174616702,2507663.612223272212,retrograde
NorthNode,39.675464266,39.413430517,2738845588,2739542770,2507518.743508261628,2507526.812737658620,retrograde
Neptune,282.909857408,280.135226560,2739890874,2753732196,2507530.841721133329,2507691.042205267586,retrograde
NorthNode,39.485604319,39.365574719,2740013643,2740751395,2507532.262654050253,2507540.801450417377,retrograde
NorthNode,39.380252983,39.378751158,2741195028,2741391832,2507545.936096426100,2507548.213924091309,retrograde
NorthNode,39.409634680,39.293989321,2741916005,2742568538,2507554.280731444247,2507561.833202582784,retrograde
NorthNode,39.398324981,38.989049378,2743107753,2743925584,2507568.074111520313,2507577.539748772047,retrograde
Mercury,76.546272316,67.977593991,2743137082,2745199790,2507568.413575120270,2507592.287503801286,retrograde
NorthNode,39.054039548,38.445275939,2744281771,2745129948,2507581.662289821543,2507591.479146168567,retrograde
NorthNode,38.504070743,37.465362940,2745459365,2746451167,2507595.291846347973,2507606.771036553197,retrograde
NorthNode,37.479981309,36.256183649,2746632007,2747696627,2507608.864094455726,2507621.186080432497,retrograde
NorthNode,36.258992600,34.828745083,2747803708,2748965903,2507622.425448152237,2507635.876778021455,retrograde
NorthNode,34.828748214,33.378893025,2748976195,2750143639,2507635.995904805139,2507649.507979420945,retrograde
NorthNode,33.383100046,32.196651090,2750266310,2751305972,2507650.927786313929,2507662.960914234631,retrograde
Jupiter,29.466904909,19.506143911,2750814763,2760983217,2507657.275626562536,2507774.966064713895,retrograde
NorthNode,32.213998080,31.184108824,2751497712,2752487785,2507665.180126673542,2507676.639297652058,retrograde
NorthNode,31.250894948,30.683383643,2752834170,2753658124,2507680.648382958956,2507690.184891724028,retrograde
Mercury,199.117409547,184.057317032,2753637458,2755522236,2507689.945701830089,2507711.760267823935,retrograde
NorthNode,30.753317741,30.376994713,2754028033,2754839431,2507694.466244402342,2507703.857431233861,retrograde
Pluto,86.221504762,84.191789607,2754106999,2768242327,2507695.380207537673,2507858.983538332395,retrograde
NorthNode,30.478485799,30.392918372,2755397431,2756026118,2507710.315759433433,2507717.592229051515,retrograde
NorthNode,30.409047536,30.408984045,2756501718,2756568612,2507723.096860791557,2507723.871092332527,retrograde
NorthNode,30.448726234,30.271362431,2757195587,2757953989,2507731.127753457054,2507739.905550472438,retrograde
NorthNode,30.349744688,30.011677725,2758399807,2759124332,2507745.065477070399,2507753.451192806475,retrograde
NorthNode,30.111700875,29.215828734,2759548116,2760503219,2507758.356090650894,2507769.410529395565,retrograde
Saturn,143.899280650,136.975116842,2760139808,2771763644,2507765.204379677773,2507899.739521197975,retrograde
NorthNode,29.255027267,28.268053593,2760762222,2761694193,2507772.408251428045,2507783.194947686978,retrograde
NorthNode,28.285998742,26.653081190,2761892033,2763045127,2507785.484767710790,2507798.830764292739,retrograde
NorthNode,26.653750775,25.208983470,2763105283,2764230043,2507799.527009321377,2507812.545068443753,retrograde
Mercury,304.175470170,288.057108076,2763117111,2764879652,2507799.663909316063,2507820.063685044646,retrograde
NorthNode,25.209229746,23.607682716,2764275616,2765438170,2507813.072525526397,2507826.528021963313,retrograde
NorthNode,23.616081115,22.455309476,2765581776,2766574231,2507828.190121152438,2507839.676874342375,retrograde
NorthNode,22.500960331,21.650462399,2766859365,2767782120,2507842.977028410882,2507853.657063242979,retrograde
NorthNode,21.713732266,21.224867231,2768114448,2768928207,2507857.503453589976,2507866.921965269372,retrograde
NorthNode,21.338221065,21.152070959,2769438066,2770144093,2507872.823105832562,2507880.994720916264,retrograde
Uranus,264.708065191,260.684669265,2770066791,2783317120,2507880.100019783713,2508033.460309184156,retrograde
NorthNode,21.199270016,21.179447147,2770647103,2771143022,2507886.816599260084,2507892.556399343535,retrograde
NorthNode,21.180096215,21.109930726,2771286828,2772005616,2507894.220817315392,2507902.540126437321,retrograde
Neptune,285.100993400,282.324896908,2771633423,2785487892,2507898.232330852188,2508058.584985868074,retrograde
NorthNode,21.178340650,20.977063836,2772515506,2773183297,2507908.441631520167,2507916.170688129961,retrograde
Mercury,56.949884545,47.757185812,2772998900,2775058192,2507914.036467470229,2507937.870859578252,retrograde
NorthNode,21.073055740,20.411575432,2773640404,2774560328,2507921.461276280694,2507932.108546082862,retrograde
NorthNode,20.468289971,19.789018028,2774881876,2775726493,2507935.830173322000,2507945.605827188119,retrograde
NorthNode,19.823133376,18.406677350,2775985004,2777102712,2507948.597853590734,2507961.534292986616,retrograde
NorthNode,18.412424721,17.286871205,2777233326,2778278286,2507963.046025488526,2507975.140474507585,retrograde
NorthNode,17.287102169,15.566447739,2778323722,2779570758,2507975.666353860870,2507990.099639015272,retrograde
NorthNode,15.567191347,14.441762937,2779635566,2780665015,2507990.849731826223,2508002.764646682888,retrograde
NorthNode,14.453650180,13.202456942,2780839860,2781907981,2508004.788323540241,2508017.150827289559,retrograde
NorthNode,13.236667513,12.559017648,2782161424,2783017409,2508020.084199038334,2508029.991436791606,retrograde
Venus,181.711659134,165.589299161,2783002282,2786679935,2508029.816353028640,2508072.381784347817,retrograde
NorthNode,12.641371317,12.141004575,2783408198,2784257185,2508034.514456723817,2508044.340689089149,retrograde
Mercury,182.315260750,168.006143688,2783687531,2785643507,2508037.747479014099,2508060.386079907417,retrograde
NorthNode,12.218123107,12.033970160,2784685332,2785378424,2508049.296092344448,2508057.317989882082,retrograde
Jupiter,65.914050516,55.879273496,2785534115,2795702764,2508059.119969531894,2508176.812675751746,retrograde
Pluto,87.252561674,85.218895754,2785756772,2799887464,2508061.697016614489,2508225.246700770222,retrograde
NorthNode,12.103350673,12.085631841,2785980530,2786458077,2508064.286814268678,2508069.813976164907,retrograde
NorthNode,12.086569976,12.043283730,2786620486,2787212359,2508071.693712488748,2508078.544098177925,retrograde
NorthNode,12.112756752,11.794820598,2787738996,2788553798,2508084.639423963614,2508094.070013117976,retrograde
NorthNode,11.887581291,11.428033405,2788989335,2789747733,2508099.110942530446,2508107.888705147430,retrograde
NorthNode,11.496453309,10.332288514,2790089530,2791123278,2508111.844679033384,2508123.809364794753,retrograde
NorthNode,10.359400461,9.320680183,2791349631,2792295575,2508126.429189820774,2508137.377610038035,retrograde
NorthNode,9.326828131,7.415682626,2792427762,2793683462,2508138.907555419952,2508153.441121222451,retrograde
Saturn,157.484614514,150.593512527,2792847995,2804532042,2508143.771361880004,2508279.003387823701,retrograde
Mercury,288.267726443,271.987360520,2793263125,2794988518,2508148.576110340655,2508168.545931242406,retrograde
NorthNode,7.415686559,6.151589158,2793694515,2794764185,2508153.569050814956,2508165.949485876597,retrograde
NorthNode,6.153809379,4.454992586,2794857329,2796027465,2508167.027541246265,2508180.570780615322,retrograde
NorthNode,4.477176840,3.627919882,2796235775,2797114163,2508182.981775432825,2508193.148310164921,retrograde
NorthNode,3.686834478,2.891788533,2797429562,2798370118,2508196.798758071847,2508207.684827965684,retrograde
Mars,191.597166754,172.475314546,2797681760,2804650436,2508199.717719410546,2508280.373690281995,retrograde
NorthNode,2.977520394,2.700393357,2798775238,2799478165,2508212.373714831658,2508220.509439962916,retrograde
NorthNode,2.792161995,2.688115477,2800007321,2800727348,2508226.633928411640,2508234.967582266778,retrograde
NorthNode,2.696432509,2.694227866,2801083530,2801302900,2508239.090051214211,2508241.629057414830,retrograde
NorthNode,2.731161779,2.558986929,2801844358,2802584507,2508247.895935392939,2508256.462475653738,retrograde
Uranus,269.055968193,265.040376287,2802000853,2815260381,2508249.707220611162,2508403.173978119157,retrograde
Mercury,38.141913054,27.654855068,2802910614,2804960291,2508260.236863121390,2508283.959978625178,retrograde
NorthNode,2.659496753,2.309250634,2803091807,2803833137,2508262.334001924843,2508270.914211181924,retrograde
Neptune,287.291296614,284.513939725,2803384837,2817240495,2508265.725553096272,2508426.091968216933,retrograde
NorthNode,2.381235193,1.539194154,2804200616,2805156273,2508275.167438729666,2508286.228282196447,retrograde
NorthNode,1.586740422,0.723930218,2805452083,2806361233,2508289.652011494152,2508300.174574687146,retrograde
NorthNode,0.738332006,359.154718576,2806542733,2807718898,2508302.275270281360,2508315.888298355974,retrograde
NorthNode,359.156061914,357.992265602,2807800393,2808877556,2508316.831527596340,2508329.298693871126,retrograde
NorthNode,357.992281399,356.265127719,2808895538,2810138591,2508329.506815730594,2508343.894006211311,retrograde
NorthNode,356.270694314,355.318993952,2810271125,2811221720,2508345.427954474464,2508356.430210973136,retrograde
NorthNode,355.341080543,354.218017245,2811436656,2812478016,2508358.917902329937,2508370.970681902021,retrograde
NorthNode,354.279271110,353.819434933,2812812400,2813580306,2508374.840861690231,2508383.728667559102,retrograde
Mercury,164.917403274,151.629826118,2813712853,2815734291,2508385.262773156166,2508408.659047953784,retrograde
NorthNode,353.900329930,353.530626755,2813988818,2814826672,2508388.456812345423,2508398.154203251936,retrograde
NorthNode,353.610092070,353.541104657,2815345490,2815949193,2508404.159039727412,2508411.146344600245,retrograde
NorthNode,353.554013169,353.553005684,2816378603,2816551757,2508416.116362669505,2508418.120464812964,retrograde
NorthNode,353.602343491,353.453281380,2817184471,2817874026,2508425.443534682505,2508433.424496788532,retrograde
Pluto,88.290580078,86.252248952,2817395727,2831543969,2508427.888635783456,2508591.641430887394,retrograde
NorthNode,353.528032051,353.109638242,2818315960,2819125410,2508438.539478182793,2508447.908109799027,retrograde
NorthNode,353.205739813,352.508764738,2819544281,2820402787,2508452.756152397953,2508462.692567686550,retrograde
Jupiter,100.734093904,90.664929471,2820051219,2830310466,2508458.623496174812,2508577.364780783653,retrograde
NorthNode,352.549497256,351.327230580,2820668948,2821705299,2508465.773128045723,2508477.767935854383,retrograde
NorthNode,351.343422605,350.073394970,2821896511,2822936192,2508479.981033410877,2508492.014378710650,retrograde
NorthNode,350.074420974,348.264426536,2823006139,2824237115,2508492.823949726298,2508507.071362749673,retrograde
Mercury,272.435879707,256.130158602,2823405117,2825112764,2508497.441750422120,2508517.206191375852,retrograde
NorthNode,348.264727492,346.984053561,2824285598,2825341300,2508507.632511924021,2508519.851279929280,retrograde
NorthNode,346.991327573,345.524141722,2825478063,2826575625,2508521.434186511673,2508534.137448905967,retrograde
Saturn,170.782104816,163.928740207,2825527475,2837284478,2508522.006081774831,2508658.082506418228,retrograde
NorthNode,345.569625696,344.865145624,2826857423,2827693191,2508537.399003215134,2508547.072247474454,retrograde
NorthNode,344.931340544,344.326931819,2828029041,2828921735,2508550.959393957630,2508561.291502863169,retrograde
NorthNode,344.434197652,344.276297656,2829416617,2830062407,2508567.019303869456,2508574.493721372448,retrograde
NorthNode,344.329083482,344.311406714,2830589264,2831048502,2508580.591608989984,2508585.906859564595,retrograde
NorthNode,344.314030918,344.238344185,2831276816,2831961733,2508588.549387862906,2508596.476667467505,retrograde
NorthNode,344.302143987,344.046220122,2832435049,2833156599,2508601.954854229465,2508610.306133227423,retrograde
Mercury,20.148545701,8.115924748,2832890673,2834912408,2508607.228282645345,2508630.627988971770,retrograde
NorthNode,344.156789945,343.551127818,2833633359,2834495624,2508615.824185297824,2508625.804110415280,retrograde
Venus,44.710352987,28.304553989,2833768779,2837441694,2508617.391545893624,2508659.902139550075,retrograde
Uranus,273.371750495,269.365349095,2833935406,2847207876,2508619.320095558651,2508772.936656051315,retrograde
NorthNode,343.602217892,342.716637767,2834795810,2835728443,2508629.278476343490,2508640.072847965173,retrograde
Neptune,289.481876301,286.703796610,2835131492,2848988118,2508633.163686334155,2508793.541303924285,retrograde
NorthNode,342.749474115,341.543286275,2835983917,2837022158,2508643.029718237929,2508655.046402101405,retrograde
NorthNode,341.547713315,340.089651498,2837139196,2838299775,2508656.400998026133,2508669.833634167910,retrograde
NorthNode,340.089700446,338.724721294,2838327123,2839473627,2508670.150156242773,2508683.419880886562,retrograde
NorthNode,338.725802529,337.314721679,2839546276,2840666651,2508684.260720082559,2508697.228030570783,retrograde
NorthNode,337.331881108,336.405328810,2840868331,2841816490,2508699.562292216346,2508710.536351748742,retrograde
NorthNode,336.440055106,335.628950486,2842071892,2843012342,2508713.492389285006,2508724.377232363448,retrograde
NorthNode,335.719376016,335.369236031,2843428437,2844175659,2508729.193141371943,2508737.841548894532,retrograde
Mercury,146.784487315,134.772228058,2843710506,2845779067,2508732.457829602063,2508756.399505540729,retrograde
NorthNode,335.441435871,335.240310681,2844604041,2845364896,2508742.799676796421,2508751.605870090425,retrograde
NorthNode,335.298081306,335.292204417,2845980128,2846305686,2508758.726604532450,2508762.494637331925,retrograde
NorthNode,335.294916992,335.245421627,2846547304,2847146595,2508765.291144746356,2508772.227376771159,retrograde
NorthNode,335.332305908,335.012813140,2847720289,2848523892,2508778.867353552952,2508788.168320748024,retrograde
NorthNode,335.086992970,334.607542634,2848917213,2849702959,2508792.720648100600,2508801.814921585843,retrograde
Pluto,89.334572988,87.290919702,2849043163,2863191464,2508794.178393748589,2508957.931877593510,retrograde
NorthNode,334.684961653,333.636403864,2850071389,2851062180,2508806.079167190008,2508817.546655626036,retrograde
NorthNode,333.659678702,332.524390825,2851273630,2852273588,2508819.993993565440,2508831.567581303418,retrograde
NorthNode,332.531106136,330.888977048,2852414525,2853595994,2508833.198789408430,2508846.873205219395,retrograde
Mercury,256.636975656,240.405185079,2853537940,2855249874,2508846.201277300715,2508866.015328571200,retrograde
NorthNode,330.888993333,329.417110929,2853613393,2854753284,2508847.074576483108,2508860.267762695439,retrograde
Jupiter,133.527814382,123.477616186,2854380282,2864769493,2508855.950609594584,2508976.196109622717,retrograde
NorthNode,329.419783736,327.988706604,2854855485,2855946359,2508861.450641333126,2508874.076502889395,retrograde
NorthNode,328.005730892,326.946065162,2856131533,2857098566,2508876.219712973572,2508887.412232882343,retrograde
NorthNode,327.015586198,326.354644716,2857440005,2858295500,2508891.364070252515,2508901.265636177734,retrograde
Saturn,183.768457440,176.954814153,2858186410,2870009768,2508900.003012977540,2509036.847433246672,retrograde
NorthNode,326.429530450,326.064341798,2858667502,2859453162,2508905.571209489368,2508914.664501418360,retrograde
NorthNode,326.170522575,326.086265714,2860019186,2860662332,2508921.215704878792,2508928.659526541829,retrograde
NorthNode,326.096359989,326.095410765,2861043559,2861208118,2508933.071868290193,2508934.976494785398,retrograde
NorthNode,326.141483228,325.938106024,2861811111,2862586686,2508941.955569586717,2508950.932139312848,retrograde
Mercury,2.844385828,349.373241697,2862932477,2864907727,2508954.934350788593,2508977.796042621136,retrograde
NorthNode,326.021240690,325.678089207,2863036006,2863756146,2508956.132599280216,2508964.467558557168,retrograde
NorthNode,325.769130095,324.843697995,2864162541,2865140355,2508969.171202627942,2508980.488489173353,retrograde
Mars,228.358501726,210.791051336,2864324185,2870994666,2508971.042077220045,2509048.246724396013,retrograde
NorthNode,324.880819314,323.979270982,2865398648,2866311976,2508983.477998615243,2508994.048915754072,retrograde
Uranus,277.658036368,273.660735293,2865867195,2879145233,2508988.900995808654,2509142.581988968886,retrograde
NorthNode,323.995369462,322.386750766,2866504770,2867680340,2508996.280326932669,2509009.886465359479,retrograde
Neptune,291.673210641,288.895009451,2866878858,2880739028,2509000.610058330931,2509161.028683860786,retrograde
NorthNode,322.387477809,321.131406827,2867743931,2868842328,2509010.622468610294,2509023.335397555493,retrograde
NorthNode,321.131499888,319.533020811,2868875826,2870078467,2509023.723106112331,2509037.642566272058,retrograde
NorthNode,319.539068217,318.501297373,2870210486,2871187774,2509039.170560168102,2509050.481770630926,retrograde
NorthNode,318.533474204,317.596933196,2871442298,2872419672,2509053.427645087242,2509064.739841697738,retrograde
NorthNode,317.650304535,317.149700435,2872733121,2873542655,2509068.367733545601,2509077.737340180203,retrograde
Mercury,127.835205979,117.231791330,2873672698,2875762544,2509079.242456324399,2509103.430492371321,retrograde
NorthNode,317.250876250,316.978973357,2874010373,2874775348,2509083.150736162439,2509092.004619752988,retrograde
NorthNode,317.040285490,316.972234699,2875254470,2875901918,2509097.550010805018,2509105.043619782664,retrograde
NorthNode,316.978162694,316.970126364,2876218315,2876576433,2509108.705621073954,2509112.850510854274,retrograde
NorthNode,317.018817396,316.889529672,2877143208,2877780079,2509119.410396721214,2509126.781597759575,retrograde
NorthNode,316.977949621,316.466985238,2878259817,2879138973,2509132.334117373452,2509142.509530334733,retrograde
NorthNode,316.541072719,315.958116966,2879510555,2880315449,2509146.810248819180,2509156.126152491197,retrograde
NorthNode,316.005331328,314.642384389,2880606258,2881696103,2509159.491998925805,2509172.105947610922,retrograde
Pluto,90.384069216,88.334532591,2880698109,2894831876,2509160.555088506080,2509324.140358376317,retrograde
NorthNode,314.654793016,313.549426369,2881866430,2882864533,2509174.077321176417,2509185.629445008934,retrograde
NorthNode,313.550745104,311.636885561,2882943706,2884205355,2509186.545797173865,2509201.148211575113,retrograde
Mercury,240.796061161,224.731521261,2883657025,2885395508,2509194.801802746952,2509214.923136390746,retrograde
Venus,254.330419085,238.989343907,2884074899,2887623075,2509199.638311022893,2509240.705156648532,retrograde
NorthNode,311.637101735,310.438313462,2884247537,2885282443,2509201.636434042826,2509213.614509934559,retrograde
NorthNode,310.446428244,308.945353719,2885429661,2886540880,2509215.318421371281,2509228.179758109152,retrograde
NorthNode,308.980579711,308.253310931,2886790130,2887635589,2509231.064587472938,2509240.849998190068,retrograde
NorthNode,308.334228296,307.736135066,2888006559,2888887128,2509245.143629223108,2509255.335402724333,retrograde
Jupiter,164.623029259,154.621032770,2888569326,2899091850,2509251.657138995826,2509373.445612356067,retrograde
NorthNode,307.824035222,307.640015834,2889326858,2890000305,2509260.424871225841,2509268.219389995560,retrograde
NorthNode,307.709164727,307.693141643,2890590020,2891030460,2509275.044804774225,2509280.142482993193,retrograde
Saturn,196.437255603,189.663219460,2890819758,2902710628,2509277.703801773489,2509415.329614982009,retrograde
NorthNode,307.695613475,307.638840627,2891250666,2891860462,2509282.691170458682,2509289.748993502930,retrograde
NorthNode,307.710144258,307.375332860,2892365158,2893172421,2509295.590380059555,2509304.933705516160,retrograde
Mercury,346.063978335,331.447412512,2893021017,2894936340,2509303.181344330311,2509325.349429197609,retrograde
NorthNode,307.475047877,306.971054867,2893615493,2894394188,2509310.061845635995,2509319.074519947171,retrograde
NorthNode,307.031755447,305.884877982,2894716523,2895747081,2509322.805249708705,2509334.733006089926,retrograde
NorthNode,305.910826307,304.875818533,2895973703,2896931960,2509337.355941506103,2509348.446885026060,retrograde
NorthNode,304.880723776,303.085516659,2897054746,2898306347,2509349.868016220629,2509364.354137256742,retrograde
Uranus,281.915777080,277.928371039,2897797835,2911087074,2509358.468585456721,2509512.279221261851,retrograde
NorthNode,303.085524116,301.901700270,2898320446,2899390782,2509364.517321561463,2509376.905475744978,retrograde
Neptune,293.866677714,291.088640325,2898630719,2912479825,2509368.108441443183,2509528.399019814096,retrograde
NorthNode,301.903395512,300.299313762,2899476815,2900653844,2509377.901221089065,2509391.524244479835,retrograde
NorthNode,300.318281543,299.517277654,2900857497,2901739911,2509393.881344396621,2509404.094464604743,retrograde
NorthNode,299.562198217,298.734586047,2902027761,2902995933,2509407.426062192768,2509418.631750131026,retrograde
NorthNode,298.814453397,298.515950994,2903392385,2904102638,2509423.220322702080,2509431.440842753276,retrograde
Mercury,108.179775576,98.842033502,2903590448,2905677929,2509425.512710854411,2509449.673380494118,retrograde
NorthNode,298.601467542,298.433273194,2904585883,2905348443,2509437.033957015723,2509445.859876842238,retrograde
NorthNode,298.469231401,298.468099880,2905918756,2906096288,2509452.460728843696,2509454.515489039943,retrograde
NorthNode,298.476470973,298.394180747,2906472570,2907150271,2509458.870609136298,2509466.714369539171,retrograde
NorthNode,298.485909804,298.215888163,2907710042,2908439999,2509473.193197545595,2509481.641776328906,retrograde
NorthNode,298.289512357,297.656445621,2908832309,2909719754,2509486.182407304645,2509496.453755415976,retrograde
NorthNode,297.724080743,296.914068981,2910069174,2910964505,2509500.497966270894,2509510.860596361570,retrograde
NorthNode,296.937239535,295.503985965,2911178937,2912291263,2509513.342449718155,2509526.216597734950,retrograde
Pluto,91.438300203,89.382421209,2912353944,2926474722,2509526.942067448981,2509690.377004439943,retrograde
NorthNode,295.509043099,294.262340055,2912419138,2913494203,2509527.696627111174,2509540.139508576132,retrograde
NorthNode,294.262369643,292.447399508,2913515815,2914757986,2509540.389648240991,2509554.766627915204,retrograde
Mercury,224.838248915,209.046323831,2913759192,2915544232,2509543.206510223448,2509563.866701647639,retrograde
NorthNode,292.450199983,291.336469844,2914861327,2915852948,2509555.962706109509,2509567.439802373759,retrograde
NorthNode,291.352980505,290.057535310,2916038797,2917096878,2509569.590833715163,2509581.837139717303,retrograde
NorthNode,290.120826511,289.572677628,2917423623,2918209905,2509585.618905347772,2509594.719395080581,retrograde
NorthNode,289.653008340,289.211859597,2918594294,2919444460,2509599.168336315081,2509609.008227424696,retrograde
NorthNode,289.307376451,289.227890506,2919976309,2920580332,2509615.163881920278,2509622.154896140099,retrograde
NorthNode,289.243323758,289.242756097,2921024807,2921161959,2509627.299275068566,2509628.886686181650,retrograde
NorthNode,289.295424908,289.119507063,2921802156,2922519114,2509636.296376115642,2509644.594494947232,retrograde
Jupiter,194.729146938,184.787227609,2922707613,2933331940,2509646.776195690036,2509769.742942512035,retrograde
NorthNode,289.197200906,288.778299069,2922953150,2923739785,2509649.618068177253,2509658.722631582990,retrograde
Mercury,329.650576142,314.221101392,2923140794,2924991373,2509651.789872199297,2509673.208602100611,retrograde
Saturn,208.800295469,202.063988520,2923425781,2935390808,2509655.088331386447,2509793.572437047958,retrograde
NorthNode,288.878188480,288.084272185,2924158769,2925054333,2509663.571983112022,2509673.937312858179,retrograde
NorthNode,288.121359624,286.958693421,2925308308,2926320931,2509676.876839211211,2509688.597007817589,retrograde
NorthNode,286.973555573,285.625045211,2926507903,2927584924,2509690.761038467288,2509703.226558266208,retrograde
NorthNode,285.625747550,283.997061769,2927646746,2928847617,2509703.942090204917,2509717.841063373722,retrograde
NorthNode,283.997410444,282.710856710,2928899670,2929981149,2509718.443525891751,2509730.960644994862,retrograde
Uranus,286.147367463,282.169330302,2929725193,2943019859,2509727.998187183402,2509881.871635434218,retrograde
NorthNode,282.717571508,281.413943889,2930116266,2931188765,2509732.524503976107,2509744.937683320604,retrograde
Neptune,296.062683644,293.285163654,2930380827,2944230706,2509735.586544531398,2509895.886069643311,retrograde
NorthNode,281.454664397,280.742722137,2931467109,2932330382,2509748.159254119731,2509758.150843901560,retrograde
Mars,276.627448907,263.134472469,2932295326,2938198192,2509757.745098094456,2509826.065312935971,retrograde
NorthNode,280.798404123,280.214243650,2932649145,2933536248,2509761.840223191306,2509772.107621348463,retrograde
Mercury,88.140251221,79.530696829,2933464362,2935536773,2509771.275609999895,2509795.261843636632,retrograde
NorthNode,280.317631627,280.128950981,2934022353,2934695268,2509777.733837754466,2509785.522209920920,retrograde
Venus,112.038290919,95.522859828,2934475874,2938203912,2509782.982922049239,2509826.131517151371,retrograde
NorthNode,280.186839648,280.130376596,2935188029,2935884692,2509791.225465055555,2509799.288682905026,retrograde
NorthNode,280.130722713,280.104861309,2936003988,2936565411,2509800.669430552982,2509807.167376146652,retrograde
NorthNode,280.152454098,279.994496338,2937068518,2937735587,2509812.990373042412,2509820.711089490913,retrograde
NorthNode,280.099505179,279.603261735,2938245843,2939099370,2509826.616824953817,2509836.495605441742,retrograde
NorthNode,279.662762459,278.986947286,2939433135,2940293927,2509840.358630113304,2509850.321502880193,retrograde
NorthNode,279.035620042,277.864945271,2940595518,2941627819,2509853.812143438496,2509865.760065852664,retrograde
NorthNode,277.874688005,276.581662003,2941782415,2942862621,2509867.549376572482,2509880.051759506576,retrograde
NorthNode,276.582702881,275.046658194,2942938247,2944116642,2509880.927057339810,2509894.565889802761,retrograde
Mercury,208.662599941,193.285148903,2943842514,2945689067,2509891.393104344606,2509912.765250660479,retrograde
Pluto,92.497408903,90.434966508,2944012390,2958117065,2509893.359271832742,2510056.607817239128,retrograde
NorthNode,275.046845968,273.606043056,2944156362,2945277541,2509895.025611159392,2509908.002215186134,retrograde
NorthNode,273.615903307,272.446335590,2945439875,2946455372,2509909.881087594666,2509921.634516546503,retrograde
NorthNode,272.475407132,271.559705153,2946685503,2947623890,2509924.298076010309,2509935.159031406976,retrograde
NorthNode,271.649733951,271.179938094,2948017682,2948810292,2509939.716813685372,2509948.890537327155,retrograde
NorthNode,271.258301666,271.010527915,2949221900,2949978026,2509953.654522612691,2509962.405985688791,retrograde
NorthNode,271.087677226,271.072071487,2950590966,2951035698,2509969.500193251297,2509974.647558235563,retrograde
NorthNode,271.072894828,271.030203150,2951187269,2951767842,2509976.401851936243,2509983.121442349628,retrograde
NorthNode,271.116986328,270.767421094,2952335370,2953154183,2509989.690057553351,2509999.167054622434,retrograde
Mercury,313.496375958,297.555004374,2953278906,2955069570,2510000.610607735813,2510021.335888929665,retrograde
NorthNode,270.849383287,270.361080796,2953555146,2954325679,2510003.807836499065,2510012.726036542095,retrograde
NorthNode,270.437997541,269.268227633,2954684688,2955706136,2510016.881235625595,2510028.703550161794,retrograde
NorthNode,269.290653257,268.188911768,2955913384,2956893854,2510031.102254735306,2510042.450287428685,retrograde
Saturn,220.884397122,214.182953332,2956014513,2968047422,2510032.272724337876,2510171.542511232197,retrograde
Jupiter,224.698609786,214.807650597,2956884680,2967553562,2510042.344105757773,2510165.826533325016,retrograde
NorthNode,268.194517190,266.443247833,2957025298,2958242664,2510043.971628432162,2510058.061516396701,retrograde
NorthNode,266.443256454,265.111222688,2958256869,2959363648,2510058.225920582190,2510071.035860950127,retrograde
NorthNode,265.114116337,263.654650940,2959469317,2960587135,2510072.258889676072,2510085.196595556103,retrograde
NorthNode,263.672104029,262.749987399,2960778091,2961711333,2510087.406733515672,2510098.208149375394,retrograde
Uranus,290.353304448,286.384254302,2961653905,2974956093,2510097.543470631354,2510251.503980471753,retrograde
NorthNode,262.811828983,262.130859344,2962044204,2962933699,2510102.060815960169,2510112.355896815658,retrograde
Neptune,298.261789377,295.484546215,2962139333,2975976435,2510103.161844867282,2510263.313488396816,retrograde
NorthNode,262.200540026,261.864344340,2963303400,2964067967,2510116.634844267741,2510125.484002849087,retrograde
Mercury,68.237804561,59.504272733,2963319640,2965379346,2510116.822813794017,2510140.661996491253,retrograde
NorthNode,261.965408074,261.853165377,2964614357,2965294765,2510131.807957122102,2510139.683049080893,retrograde
NorthNode,261.876770681,261.876698797,2965829607,2965901194,2510145.873348341323,2510146.701906972565,retrograde
NorthNode,261.896581402,261.768594017,2966428749,2967176222,2510152.807863526046,2510161.459175246768,retrograde
NorthNode,261.846739161,261.593056314,2967665978,2968356879,2510167.127649510279,2510175.124182583764,retrograde
NorthNode,261.680302060,260.929988437,2968780795,2969729772,2510180.030626589432,2510191.014147523791,retrograde
NorthNode,260.979089022,260.233398086,2970030006,2970895280,2510194.489083375782,2510204.503829216585,retrograde
NorthNode,260.258612583,258.742413146,2971124054,2972274887,2510207.151669516228,2510220.471497794613,retrograde
NorthNode,258.745497582,257.573810745,2972380061,2973444189,2510221.688797411509,2510234.005088940263,retrograde
NorthNode,257.573829922,255.804951020,2973463721,2974716100,2510234.231149414554,2510248.726283208467,retrograde
Mercury,192.133800716,177.364098151,2973905755,2975821455,2510239.347289711237,2510261.519739426672,retrograde
NorthNode,255.807519534,254.709577452,2974814099,2975803869,2510249.860524713993,2510261.316199372523,retrograde
Pluto,93.561863999,91.492936537,2975655164,2989771680,2510259.595078513958,2510422.980676661246,retrograde
NorthNode,254.729589847,253.533615261,2976011233,2977053830,2510263.716251028702,2510275.783342677169,retrograde
NorthNode,253.583309712,252.995914059,2977347151,2978159325,2510279.178256425075,2510288.578423975967,retrograde
NorthNode,253.093713718,252.697577393,2978586767,2979404870,2510293.525671754032,2510302.994456334040,retrograde
NorthNode,252.774792551,252.673774859,2979876906,2980522381,2510308.457829635590,2510315.928606093861,retrograde
NorthNode,252.696978642,252.696507947,2981037716,2981166570,2510321.893130219541,2510323.384496267885,retrograde
NorthNode,252.740065880,252.613302175,2981771403,2982411369,2510330.384886357002,2510337.791898570955,retrograde
NorthNode,252.702159357,252.187407224,2982884502,2983749466,2510343.267971404828,2510353.279130191542,retrograde
Mercury,297.507278233,281.294442041,2983424528,2985168146,2510349.518271014094,2510369.699041537941,retrograde
NorthNode,252.273775487,251.640222576,2984138317,2984950752,2510357.779715106823,2510367.182898474857,retrograde
Venus,330.530253547,314.795583233,2985177520,2988746763,2510369.807536093518,2510411.118212075904,retrograde
NorthNode,251.686700716,250.253373170,2985231524,2986323468,2510370.432580082677,2510383.070814666338,retrograde
NorthNode,250.265968093,249.114236809,2986494065,2987498384,2510385.045325196348,2510396.669377658516,retrograde
NorthNode,249.115168304,247.163203223,2987567577,2988833096,2510397.470224792138,2510412.117444296367,retrograde
Saturn,232.730144201,226.059316319,2988585576,3000679833,2510409.252623058856,2510549.232452489436,retrograde
NorthNode,247.163614034,246.009516960,2988885973,2989905800,2510412.729437388480,2510424.532994134352,retrograde
NorthNode,246.018202808,244.551192423,2990056038,2991169592,2510426.271858200431,2510439.160218420438,retrograde
Jupiter,255.387238700,245.533277452,2991170278,3001812827,2510439.168157972395,2510562.345805563033,retrograde
NorthNode,244.589160361,243.932389654,2991432208,2992260032,2510442.199753111228,2510451.781053295359,retrograde
NorthNode,244.004349309,243.417840914,2992619543,2993515073,2510455.942056884058,2510466.306992375292,retrograde
Mercury,48.949846815,39.262260005,2993199071,2995254269,2510462.649551190436,2510486.436565250158,retrograde
Uranus,294.534623610,290.573756597,2993574624,3006884201,2510466.996239614673,2510621.042260429822,retrograde
Neptune,300.463654578,297.686615758,2993891949,3007729219,2510470.668983212672,2510630.822569192387,retrograde
NorthNode,243.504971260,243.334795134,2993965816,2994625695,2510471.523923155852,2510479.161413066089,retrograde
NorthNode,243.400407321,243.369294783,2995187387,2995786706,2510485.662477778271,2510492.599033204839,retrograde
NorthNode,243.369465044,243.332403910,2995879602,2996489831,2510493.674217205495,2510500.737057681195,retrograde
NorthNode,243.387477426,243.151308746,2996992794,2997755203,2510506.558392084204,2510515.382571413182,retrograde
NorthNode,243.251469103,242.824470049,2998235264,2999011444,2510520.938829059713,2510529.922391144559,retrograde
NorthNode,242.885057654,241.984392556,2999347772,3000322462,2510533.815072180703,2510545.096206504852,retrograde
NorthNode,242.021868633,241.076098976,3000592548,3001535263,2510548.222209010273,2510559.133257991634,retrograde
NorthNode,241.085258193,239.485038625,3001689208,3002885332,2510560.915032718331,2510574.759060661308,retrograde
Mars,349.786162665,339.593250686,3002268222,3007459369,2510567.616576715373,2510627.699302532710,retrograde
NorthNode,239.485431087,238.275249079,3002939360,3004023607,2510575.384379016235,2510587.933541004546,retrograde
Mercury,175.104876089,161.193447332,3003946912,3005931013,2510587.045868366957,2510610.009994767606,retrograde
NorthNode,238.275490238,236.597090581,3004067876,3005276670,2510588.445906792767,2510602.436585075222,retrograde
NorthNode,236.607905419,235.678983552,3005443383,3006368732,2510604.366129191592,2510615.076191789471,retrograde
NorthNode,235.710004127,234.688051452,3006610179,3007617294,2510617.870712777600,2510629.527139397338,retrograde
Pluto,94.632159529,92.556848441,3007300239,3021425572,2510625.857524550520,2510789.345174948685,retrograde
NorthNode,234.767260414,234.372855338,3007992829,3008729894,2510633.873608868569,2510642.404456879012,retrograde
NorthNode,234.459555100,234.191462785,3009166795,3009967540,2510647.461174910888,2510656.729054608382,retrograde
NorthNode,234.255733180,234.238348197,3010535736,3011009722,2510663.305404756218,2510668.791348721832,retrograde
NorthNode,234.238564564,234.192809756,3011107156,3011736198,2510669.919064692222,2510677.199641076848,retrograde
NorthNode,234.284725800,234.008880716,3012326865,3013071438,2510684.036060391925,2510692.653803688474,retrograde
NorthNode,234.087781646,233.488761002,3013468610,3014317497,2510697.250700115226,2510707.075785359368,retrograde
Mercury,281.626999552,265.318700690,3013569603,3015284500,2510698.419607959688,2510718.267943724990,retrograde
NorthNode,233.568967817,232.646830487,3014684310,3015606236,2510711.321309871040,2510721.991743503138,retrograde
NorthNode,232.671061378,231.244799298,3015818125,3016902679,2510724.444161952473,2510736.996867019683,retrograde
NorthNode,231.250220436,229.857512758,3017032356,3018139505,2510738.497766901739,2510751.311982048675,retrograde
NorthNode,229.857524004,228.097497670,3018154887,3019371005,2510751.490024979226,2510765.565453901887,retrograde
NorthNode,228.101113997,226.940897697,3019484091,3020490441,2510766.874323508702,2510778.521896348335,retrograde
NorthNode,226.958771742,225.763286671,3020681108,3021711891,2510780.728689687327,2510792.659041915089,retrograde
Saturn,244.383686861,237.737533860,3021151649,3033294067,2510786.174764283001,2510926.712013572454,retrograde
NorthNode,225.830580332,225.299317267,3022052862,3022846420,2510796.605469502509,2510805.790173457004,retrograde
Mercury,30.492639424,19.356799959,3023138269,3025179919,2510809.168049551547,2510832.798257976770,retrograde
NorthNode,225.373391278,224.973424296,3023225250,3024060968,2510810.174771914259,2510819.847442269325,retrograde
NorthNode,225.068274646,224.991091755,3024606826,3025216062,2510826.165238618851,2510833.216577566229,retrograde
Uranus,298.691923722,294.738277603,3025501373,3038814947,2510836.518795876764,2510990.611085598357,retrograde
Jupiter,287.561778038,277.725827016,3025643962,3036188158,2510838.169133991003,2510960.208429269493,retrograde
Neptune,302.668286513,299.890997379,3025649683,3039475959,2510838.235349343158,2510998.261682358570,retrograde
NorthNode,225.008055752,225.008029465,3025716213,3025767042,2510839.005361616611,2510839.593659847975,retrograde
NorthNode,225.048131503,224.897333067,3026416836,3027145497,2510847.114427674562,2510855.548010394908,retrograde
NorthNode,224.967092351,224.649164498,3027588252,3028332206,2510860.672490557656,2510869.283062879927,retrograde
NorthNode,224.746867762,224.034436147,3028770870,3029674866,2510874.360194370151,2510884.823114450090,retrograde
NorthNode,224.074609866,223.161161049,3029947209,3030895998,2510887.975227001123,2510898.956577541307,retrograde
NorthNode,223.183522037,221.885090709,3031118819,3032198204,2510901.535527693108,2510914.028415434062,retrograde
NorthNode,221.887230752,220.476366011,3032290029,3033456560,2510915.091205876321,2510928.592717278749,retrograde
NorthNode,220.476369747,219.074704139,3033468185,3034624341,2510928.727268177085,2510942.108705115505,retrograde
Mercury,157.403512018,144.628671173,3033961352,3036004415,2510934.435214556754,2510958.081782653928,retrograde
NorthNode,219.077275821,217.769133612,3034721689,3035801221,2510943.235415819101,2510955.729998846538,retrograde
Venus,179.482984243,163.324945776,3035256665,3038936815,2510949.427263772115,2510992.021592071280,retrograde
NorthNode,217.794867177,216.893962987,3036034582,3036967836,2510958.430939534679,2510969.232480850071,retrograde
NorthNode,216.938036348,216.235055686,3037248357,3038149142,2510972.479260229506,2510982.905005100183,retrograde
NorthNode,216.339619314,216.044447934,3038601752,3039328455,2510988.143544704653,2510996.554467174225,retrograde
Pluto,95.709514534,93.628082583,3038956320,3053068799,2510992.247349903919,2511155.586220608093,retrograde
NorthNode,216.115078618,215.990720175,3039784032,3040503504,2511001.827347728424,2511010.154572157189,retrograde
NorthNode,216.011494825,216.010696514,3041003854,3041159537,2511015.945655480959,2511017.747547358274,retrograde
NorthNode,216.044140641,215.930215458,3041701735,3042331098,2511024.022987841628,2511031.307275534607,retrograde
NorthNode,216.036708811,215.544056914,3042859379,3043716735,2511037.421641218476,2511047.344745293260,retrograde
Mercury,265.809853141,249.527858953,3043707798,3045415069,2511047.241303607821,2511067.001390822232,retrograde
NorthNode,215.615028369,214.974099098,3044071383,3044894017,2511051.449465966783,2511060.970687161200,retrograde
NorthNode,215.031987444,213.712693015,3045207771,3046263166,2511064.602098400705,2511076.817321187817,retrograde
NorthNode,213.724315324,212.441766839,3046424302,3047469809,2511078.682318600826,2511090.783098973334,retrograde
NorthNode,212.442998326,210.693195282,3047547960,3048759365,2511091.687625685707,2511105.708513782360,retrograde
NorthNode,210.693454134,209.308406666,3048803132,3049887429,2511106.215076819994,2511118.764813796617,retrograde
NorthNode,209.319320919,208.052644821,3050053526,3051096178,2511120.687234669924,2511132.754966735840,retrograde
NorthNode,208.085241985,207.262222456,3051336623,3052236703,2511135.537890167907,2511145.955483370461,retrograde
NorthNode,207.353055222,206.879063423,3052635393,3053449149,2511150.569953248836,2511159.988419909030,retrograde
Mercury,12.824570064,0.156754417,3053146156,3055151367,2511156.481558650732,2511179.690015301108,retrograde
Saturn,255.890635936,249.262252123,3053713416,3065885012,2511163.047070406377,2511303.922021523118,retrograde
NorthNode,206.955605522,206.746788809,3053868372,3054594024,2511164.840543323196,2511173.239287699573,retrograde
NorthNode,206.817940821,206.804164126,3055209884,3055649026,2511180.367298759520,2511185.449966801330,retrograde
NorthNode,206.805182236,206.764814053,3055818187,3056400071,2511187.407842119224,2511194.142613717355,retrograde
NorthNode,206.839298500,206.528445105,3056951411,3057769159,2511200.523857722059,2511209.988538819365,retrograde
Neptune,304.874962248,302.097083405,3057399711,3071231966,2511205.712518398650,2511365.808059903793,retrograde
Uranus,302.825825088,298.878259088,3057416730,3070737710,2511205.909494538791,2511360.087507595308,retrograde
NorthNode,206.609075852,206.196031058,3058187774,3058938986,2511214.833622036502,2511223.528205383569,retrograde
NorthNode,206.267656803,205.227922606,3059300846,3060317795,2511227.716396324337,2511239.486644324847,retrograde
Jupiter,321.704471950,311.859807390,3060306213,3070702864,2511239.352584064007,2511359.684193216264,retrograde
NorthNode,205.254485670,204.331610862,3060547554,3061485523,2511242.145891630091,2511253.002007029019,retrograde
NorthNode,204.340321743,202.679098084,3061641548,3062854959,2511254.807851576246,2511268.851964462548,retrograde
NorthNode,202.679236225,201.484944850,3062891848,3063979761,2511269.278923769481,2511281.870511497371,retrograde
Mercury,138.920574186,127.504289835,3063943459,3066025871,2511281.450345449150,2511305.552338212729,retrograde
NorthNode,201.485538502,199.906112661,3064042145,3065226668,2511282.592547990382,2511296.302299812436,retrograde
NorthNode,199.916082742,198.977270146,3065385021,3066326569,2511298.135086499155,2511309.032635446638,retrograde
NorthNode,199.018586055,198.135637353,3066606918,3067568507,2511312.277411436662,2511323.406921312213,retrograde
NorthNode,198.199091491,197.781291517,3067910054,3068684150,2511327.360006470233,2511336.319450824521,retrograde
NorthNode,197.885920283,197.671277083,3069178490,3069925001,2511342.040984234773,2511350.681154167280,retrograde
NorthNode,197.722058034,197.700203848,3070436999,3070961772,2511356.607056157663,2511362.680815838277,retrograde
Pluto,96.794867518,94.707677676,3070612930,3084713750,2511358.643296654336,2511521.847226298414,retrograde
Mars,61.117809485,45.580532906,3070803740,3076861133,2511360.851739509962,2511430.960462926887,retrograde
NorthNode,197.700342004,197.641362175,3071047195,3071751662,2511363.669507526793,2511371.823058874346,retrograde
NorthNode,197.718130224,197.505672683,3072292671,3072965660,2511378.084740097634,2511385.873970725574,retrograde
NorthNode,197.597367837,196.899838331,3073403352,3074325203,2511390.939849997871,2511401.609422450885,retrograde
Mercury,249.997968416,233.831139634,3073834763,3075556219,2511395.933025337756,2511415.857292227447,retrograde
NorthNode,196.965337513,196.210817358,3074658905,3075507277,2511405.471712073311,2511415.290825945325,retrograde
NorthNode,196.242182744,194.628074536,3075747248,3076892271,2511418.068270507269,2511431.320851037279,retrograde
NorthNode,194.632669543,193.398621915,3077011048,3078061141,2511432.695590870455,2511444.849440029822,retrograde
NorthNode,193.398652888,191.452480508,3078083309,3079347742,2511445.106010155752,2511459.740654855967,retrograde
NorthNode,191.455447929,190.342194758,3079449712,3080424390,2511460.920863671228,2511472.201860136352,retrograde
NorthNode,190.362827112,189.092723741,3080629003,3081684673,2511474.570067044348,2511486.788470502011,retrograde
NorthNode,189.149817468,188.604942244,3081994810,3082782333,2511490.378015755676,2511499.492861820385,retrograde
NorthNode,188.699114386,188.309091720,3083204070,3084034619,2511504.374086725526,2511513.986917444505,retrograde
Mercury,355.757304541,341.757296610,3083210468,3085160489,2511504.448136217892,2511527.017818436027,retrograde
NorthNode,188.386727181,188.307182958,3084529906,3085149325,2511519.719411399215,2511526.888612831011,retrograde
NorthNode,188.321898293,188.320516102,3085588347,3085778331,2511531.969880475663,2511534.168773422018,retrograde
Venus,42.496120953,26.096593787,3086030544,3089699296,2511537.087905680761,2511579.550310021266,retrograde
Saturn,267.299542493,260.680147956,3086264519,3098466176,2511539.795950397849,2511681.018827244639,retrograde
NorthNode,188.369537210,188.234416559,3086396589,3087056570,2511541.324531726539,2511548.963205962442,retrograde
NorthNode,188.313357086,187.859281839,3087511928,3088355231,2511554.233549694531,2511563.993998969905,retrograde
NorthNode,187.946147991,187.347548495,3088760221,3089582924,2511568.681380861439,2511578.203407707624,retrograde
Neptune,307.082631957,304.303387516,3089157195,3102985812,2511573.275997587480,2511733.329432201572,retrograde
Uranus,306.936187896,302.993257598,3089340466,3102664080,2511575.397178516723,2511729.605677775107,retrograde
NorthNode,187.390026007,186.163452308,3089861161,3090922720,2511581.423748522066,2511593.710305707529,retrograde
NorthNode,186.179210946,185.117144622,3091114952,3092112432,2511595.935220075771,2511607.480123449117,retrograde
NorthNode,185.118849760,183.363847355,3092198696,3093456704,2511608.478545297869,2511623.038828065619,retrograde
NorthNode,183.363884915,182.240332438,3093481291,3094536147,2511623.323403070681,2511635.532378825359,retrograde
Mercury,119.651387252,109.626234629,3093887387,3095980326,2511628.023582346737,2511652.247418336570,retrograde
NorthNode,182.244074855,180.747050778,3094649423,3095794869,2511636.843451181427,2511650.100920878351,retrograde
Jupiter,357.685037024,347.791097124,3095119843,3105369175,2511642.288123957813,2511760.914648190141,retrograde
NorthNode,180.773461251,180.052416933,3096027900,3096886807,2511652.798041558824,2511662.739089749753,retrograde
NorthNode,180.104579200,179.367698595,3097195838,3098138204,2511666.315838178620,2511677.222852640785,retrograde
NorthNode,179.456352437,179.214430838,3098565800,3099251715,2511682.171882997267,2511690.110709595494,retrograde
NorthNode,179.293213973,179.181572199,3099753883,3100491871,2511695.922841041349,2511704.464375926182,retrograde
NorthNode,179.192543817,179.190989993,3100893182,3101092472,2511709.109176916070,2511711.415770860389,retrograde
NorthNode,179.223594035,179.080357296,3101621475,3102321749,2511717.538491567597,2511725.643510929309,retrograde
Pluto,97.889669460,95.796987466,3102276011,3116357739,2511725.114139602520,2511888.097097636200,retrograde
NorthNode,179.188357650,178.798350789,3102851704,3103625212,2511731.777258427814,2511740.729889708571,retrograde
Mercury,234.128248647,218.164896269,3103947212,3105703463,2511744.456746332347,2511764.783725619316,retrograde
NorthNode,178.868277558,178.079877281,3103982918,3104900024,2511744.870008631609,2511755.484659566544,retrograde
NorthNode,178.134541748,177.113040693,3105208678,3106156571,2511759.057043626904,2511770.028024360538,retrograde
NorthNode,177.126411000,175.527016722,3106327380,3107481550,2511772.004984860308,2511785.363429360092,retrograde
NorthNode,175.528050232,174.147558975,3107555117,3108660474,2511786.214905750938,2511799.008385937661,retrograde
NorthNode,174.147680100,172.393724149,3108694528,3109892872,2511799.402526074089,2511813.272255863063,retrograde
NorthNode,172.404991756,171.374223729,3110059458,3111002923,2511815.200332125649,2511826.120061066002,retrograde
NorthNode,171.405987313,170.366958216,3111240062,3112234334,2511828.864729080349,2511840.372510208748,retrograde
NorthNode,170.456140628,170.058544311,3112625929,3113364460,2511844.904853065498,2511853.452667132020,retrograde
Mercury,339.136558334,324.128479691,3113314333,3115200945,2511852.872496351600,2511874.708284795284,retrograde
NorthNode,170.142154497,169.893534372,3113795156,3114585452,2511858.437573433854,2511867.584516195580,retrograde
NorthNode,169.955322777,169.946589425,3115179899,3115545840,2511874.464700925164,2511878.700128921308,retrograde
NorthNode,169.948120663,169.895170519,3115737389,3116356999,2511880.917122011073,2511888.088538343087,retrograde
NorthNode,169.988615240,169.687817908,3116942230,3117716452,2511894.862043207511,2511903.822949405760,retrograde
NorthNode,169.761525447,169.229146588,3118105744,3118926559,2511908.328637957573,2511917.828816244379,retrograde
Saturn,278.659844957,272.041600350,3118823317,3131041248,2511916.633885972202,2512058.045121274889,retrograde
NorthNode,169.306011538,168.384866425,3119296428,3120245940,2511922.109708948992,2511933.099430024624,retrograde
NorthNode,168.407578933,167.207185783,3120457949,3121498220,2511935.553233923391,2511947.593414492905,retrograde
Neptune,309.290571208,306.509515519,3120905802,3134736038,2511940.736726266332,2512100.808898932301,retrograde
Uranus,311.023331948,307.083948294,3121251554,3134580714,2511944.738482269458,2512099.011164498515,retrograde
NorthNode,167.213986906,165.847049464,3121642737,3122769773,2511949.266065844335,2511962.310456869192,retrograde
NorthNode,165.847100649,164.328013133,3122795851,3123982873,2511962.612289442681,2511976.350971798413,retrograde
Mercury,99.773099390,90.832585480,3123787225,3125866676,2511974.086528912187,2511998.154246911407,retrograde
NorthNode,164.329483457,163.121011914,3124068668,3125131900,2511977.343969444744,2511989.649897234514,retrograde
NorthNode,163.131903797,161.980710870,3125294327,3126325403,2511991.529834485613,2512003.463586502708,retrograde
NorthNode,162.031100410,161.395467625,3126633091,3127482271,2512007.024789520539,2512016.853260743432,retrograde
NorthNode,161.456338242,160.970270816,3127822468,3128674797,2512020.790721294470,2512030.655644649640,retrograde
NorthNode,161.075137863,160.930299627,3129190008,3129848361,2512036.618735487573,2512044.238563545048,retrograde
Jupiter,34.540371069,24.569514920,3129943385,3140104716,2512045.338371440768,2512162.946372784674,retrograde
NorthNode,160.974900412,160.958517515,3130360478,3130824098,2512050.165841598995,2512055.531811653636,retrograde
NorthNode,160.960297366,160.886449264,3131029756,3131737498,2512057.912110759877,2512066.103575150482,retrograde
NorthNode,160.949165102,160.731692390,3132221102,3132907749,2512071.700842193328,2512079.648148828186,retrograde
NorthNode,160.839006765,160.183620794,3133383589,3134280072,2512085.155546770431,2512095.531511285342,retrograde
Pluto,98.995050523,96.896834419,3133927700,3148015162,2512091.453135306947,2512254.502456760965,retrograde
Mercury,218.091230804,202.451010843,3134042398,3135851257,2512092.780652113259,2512113.716529510915,retrograde
NorthNode,160.237293701,159.440265408,3134586181,3135471813,2512099.074437760748,2512109.324815561995,retrograde
NorthNode,159.475667035,158.056049632,3135730718,3136817451,2512112.321391278878,2512124.899329613894,retrograde
Venus,251.869061422,236.521623771,3136320305,3139872621,2512119.145326243713,2512160.260087219998,retrograde
NorthNode,158.060570635,156.673645692,3136933446,3138048246,2512126.241863990203,2512139.144642186351,retrograde
Mars,108.738453481,90.216686479,3137628678,3144271386,2512134.288526154123,2512211.171722696163,retrograde
NorthNode,156.673677654,155.008970124,3138071395,3139266955,2512139.412568498403,2512153.250068792142,retrograde
NorthNode,155.010874807,153.667831570,3139352718,3140411478,2512154.242690845393,2512166.496856174432,retrograde
NorthNode,153.692212047,152.623256922,3140633806,3141606957,2512169.070101539604,2512180.333420977928,retrograde
NorthNode,152.670366007,151.969913074,3141887460,3142761859,2512183.579979509115,2512193.700340144336,retrograde
NorthNode,152.081170608,151.758903308,3143217010,3143965743,2512198.968300393783,2512207.634182148613,retrograde
Mercury,322.837233244,307.155646103,3143442990,3145267116,2512201.583808109164,2512222.696375936270,retrograde
NorthNode,151.830292981,151.722677597,3144425521,3145119105,2512212.955689928494,2512220.983285724185,retrograde
NorthNode,151.736882890,151.733658082,3145539943,3145788508,2512225.854088679887,2512228.731002307497,retrograde
NorthNode,151.776151662,151.650003277,3146338024,3146967731,2512235.091143411584,2512242.379415305331,retrograde
NorthNode,151.751548065,151.229822348,3147474996,3148351217,2512248.250537008047,2512258.391987869516,retrograde
NorthNode,151.300008889,150.693613462,3148707398,3149518696,2512262.514457460493,2512271.904475658201,retrograde
NorthNode,150.745076070,149.438227300,3149821782,3150897958,2512275.412413557991,2512287.868160529993,retrograde
NorthNode,149.449471749,148.323874313,3151061520,3152077003,2512289.761238733307,2512301.514506873675,retrograde
Saturn,290.022797635,283.398872754,3151388779,3163604866,2512293.548951566219,2512434.938848704100,retrograde
NorthNode,148.325332881,146.614246983,3152161113,3153399257,2512302.488002267666,2512316.818379562348,retrograde
Neptune,311.497635721,308.714646835,3152654251,3166489485,2512308.195617184974,2512468.325650305487,retrograde
Uranus,315.087500408,311.150905854,3153170778,3166502440,2512314.173938375898,2512468.475582660176,retrograde
NorthNode,146.614357466,145.403179951,3153433199,3154501208,2512317.211220657453,2512329.572434012778,retrograde
Mercury,79.719180746,71.170260537,3153648470,3155713602,2512319.702787555754,2512343.604773297906,retrograde
NorthNode,145.409593791,144.089038406,3154641970,3155736028,2512331.201630575582,2512343.864336736500,retrograde
NorthNode,144.113743316,143.331163384,3155958356,3156851172,2512346.437575301155,2512356.771097464487,retrograde
NorthNode,143.400839314,142.817042374,3157209588,3158083833,2512360.919432323426,2512371.038002033718,retrograde
NorthNode,142.889636492,142.630220544,3158479736,3159209688,2512375.620222140104,2512384.068736882880,retrograde
NorthNode,142.720042048,142.649723303,3159777631,3160445257,2512390.642148616724,2512398.369302169420,retrograde
NorthNode,142.654316733,142.651253450,3160740773,3161000161,2512401.789631057531,2512404.791806123219,retrograde
NorthNode,142.693904194,142.502197550,3161569857,3162342102,2512411.385501096956,2512420.323524993844,retrograde
NorthNode,142.589328291,142.266486393,3162815230,3163532002,2512425.799539541826,2512434.095513910986,retrograde
NorthNode,142.347757716,141.433821842,3163922023,3164903448,2512438.609646314755,2512449.968737111427,retrograde
Mercury,201.776877988,186.627254386,3164117495,3165992190,2512440.872058428824,2512462.569910161197,retrograde
Jupiter,70.826929126,60.784091731,3164635893,3174814121,2512446.872036017478,2512564.675599902868,retrograde
NorthNode,141.475836730,140.614835995,3165178400,3166074120,2512453.151045580395,2512463.518174283206,retrograde
Pluto,100.111565089,98.007371420,3165584519,3179668241,2512457.851498262025,2512620.857541742735,retrograde
NorthNode,140.630885368,138.891907100,3166263121,3167458525,2512465.705689007416,2512479.541388537735,retrograde
NorthNode,138.892782864,137.654901903,3167526263,3168598533,2512480.325386448763,2512492.735920395702,retrograde
NorthNode,137.655005893,135.816629141,3168632147,3169860947,2512493.124968531542,2512507.347201304510,retrograde
NorthNode,135.825029845,134.815607110,3170007031,3170944501,2512509.037985526025,2512519.888335303403,retrograde
NorthNode,134.852790009,133.797031229,3171202978,3172200030,2512522.879964793101,2512534.419920276850,retrograde
NorthNode,133.868174881,133.435787399,3172547439,3173304787,2512538.440856919624,2512547.206454651430,retrograde
Mercury,306.757698217,290.679847889,3173584852,3175354497,2512550.447952553630,2512570.929949283600,retrograde
NorthNode,133.541538329,133.299496295,3173784095,3174554048,2512552.754000173882,2512561.665497376584,retrograde
NorthNode,133.353086822,133.338113091,3175084843,3175521395,2512567.808955675922,2512572.861637836322,retrograde
NorthNode,133.338928906,133.269978441,3175673615,3176367031,2512574.623443580233,2512582.649091854692,retrograde
NorthNode,133.358210013,133.112422632,3176920090,3177614500,2512589.050240579061,2512597.087395171635,retrograde
NorthNode,133.198491418,132.496794396,3178030589,3178946281,2512601.903237857856,2512612.501521225087,retrograde
NorthNode,132.562864230,131.782492939,3179283676,3180149277,2512616.406562349759,2512626.425090231001,retrograde
NorthNode,131.808900587,130.280119924,3180374795,3181514814,2512629.035251549445,2512642.229918300174,retrograde
NorthNode,130.284493457,129.106412681,3181634816,3182687941,2512643.618831950240,2512655.807777333073,retrograde
NorthNode,129.106448285,127.298805990,3182711387,3183973156,2512656.079141068272,2512670.682953209616,retrograde
Mercury,60.025380391,50.976665118,3183506558,3185566490,2512665.282509475946,2512689.124317571521,retrograde
Saturn,301.442467780,294.806408093,3183969922,3196167349,2512670.645514942706,2512811.819442950189,retrograde
NorthNode,127.301141151,126.261211026,3184070400,3185051464,2512671.808460154571,2512683.163362103514,retrograde
Neptune,313.704428224,310.919566761,3184406182,3198233090,2512675.694820894860,2512835.728480019607,retrograde
Uranus,319.130737961,315.196666647,3185079149,3198413740,2512683.483787975274,2512837.819334683008,retrograde
NorthNode,126.275999583,125.027545926,3185235916,3186311389,2512685.298221466132,2512697.745831718668,retrograde
NorthNode,125.076511574,124.532512689,3186611524,3187407721,2512701.219611966051,2512710.434860756621,retrograde
Venus,109.892375548,93.382133330,3186734906,3190463832,2512702.647646175697,2512745.806512596086,retrograde
NorthNode,124.607774750,124.143635828,3187789710,3188658599,2512714.856021547690,2512724.912614921108,retrograde
NorthNode,124.227825238,124.110090604,3189141875,3189774136,2512730.506084463559,2512737.823915330693,retrograde
NorthNode,124.154353134,124.150673472,3190351908,3190624846,2512744.511093829758,2512747.670096076094,retrograde
NorthNode,124.161027580,124.085335045,3191017383,3191664976,2512752.213357626460,2512759.708643270656,retrograde
NorthNode,124.149936352,123.851929783,3192141308,3192917726,2512765.221743548289,2512774.208066382445,retrograde
NorthNode,123.952892456,123.432717867,3193377400,3194188186,2512779.528369065374,2512788.912462286651,retrograde
Mercury,185.050270885,170.615158052,3194170775,3196116871,2512788.710951149464,2512811.235205627978,retrograde
NorthNode,123.485686599,122.463365338,3194495927,3195489519,2512792.474283237010,2512803.974190955982,retrograde
NorthNode,122.492979195,121.414819943,3195732738,3196715563,2512806.789219089784,2512818.164514959790,retrograde
NorthNode,121.419606039,119.691111268,3196835845,3198060155,2512819.556665613316,2512833.726920655929,retrograde
Pluto,101.239237908,99.128532637,3197240364,3211318784,2512824.238597569056,2512987.183267143555,retrograde
NorthNode,119.691127250,118.416899091,3198078485,3199169938,2512833.939072088338,2512846.571623681113,retrograde
Jupiter,105.419815722,95.351423890,3199137376,3209407311,2512846.194754108787,2512965.059739619493,retrograde
NorthNode,118.418559969,116.760266557,3199253050,3200414082,2512847.533567535691,2512860.971444696188,retrograde
NorthNode,116.783090892,115.927197164,3200629820,3201517259,2512863.468414141797,2512873.739695906639,retrograde
NorthNode,115.974945728,115.115855579,3201801828,3202756614,2512877.033320149407,2512888.084083773196,retrograde
NorthNode,115.216681075,114.936604661,3203188600,3203882838,2512893.083920699544,2512901.119081528857,retrograde
Mercury,290.830764373,274.563078023,3203731033,3205460505,2512899.362078949809,2512919.379112198949,retrograde
Mars,145.407668571,125.972549710,3203796429,3210726801,2512900.118982731365,2512980.331618036143,retrograde
NorthNode,115.017711185,114.887488691,3204363733,3205108539,2512906.684994196519,2512915.305434050970,retrograde
NorthNode,114.900689193,114.898407996,3205517318,3205735492,2512920.036677927710,2512922.561840442009,retrograde
NorthNode,114.934497427,114.788302836,3206257610,3206936114,2512928.604870870709,2512936.457920781337,retrograde
NorthNode,114.904167731,114.448913816,3207467886,3208275319,2512942.612694357522,2512951.957984281704,retrograde
NorthNode,114.516920222,113.749972910,3208621598,3209515644,2512955.965843741782,2512966.313597735018,retrograde
NorthNode,113.803369224,112.687791374,3209821454,3210807518,2512969.853068309836,2512981.265835724771,retrograde
NorthNode,112.698901548,111.236300605,3210967602,3212094992,2512983.118660026230,2512996.167159885168,retrograde
NorthNode,111.237184049,109.826270427,3212166017,3213300781,2512996.989206988364,2513010.123051251285,retrograde
NorthNode,109.826426443,108.277413653,3213338283,3214504853,2513010.557107014582,2513024.059071644209,retrograde
Mercury,41.083998334,30.812830402,3213409350,3215460461,2513011.379633694887,2513035.119345217943,retrograde
NorthNode,108.287338252,107.255039257,3214668713,3215642236,2513025.955597243272,2513037.223228714429,retrograde
NorthNode,107.281373299,106.328591017,3215867954,3216848590,2513039.835700469092,2513051.185656777583,retrograde
Neptune,315.911119630,313.124995526,3216156258,3229985245,2513043.172558736987,2513203.230274911039,retrograde
Saturn,312.972323917,306.317888884,3216561736,3228728095,2513047.865586571395,2513188.679928936064,retrograde
Uranus,323.154910361,319.223479024,3216995675,3230329455,2513052.888030554168,2513207.214181008749,retrograde
NorthNode,106.407911125,105.980285290,3217230408,3217999610,2513055.604846373200,2513064.507651863620,retrograde
NorthNode,106.053274590,105.770542639,3218402613,3219199593,2513069.172030630521,2513078.396341592073,retrograde
NorthNode,105.849362571,105.811146349,3219779894,3220365029,2513085.112784164958,2513091.885187399574,retrograde
NorthNode,105.812009632,105.800853528,3220527744,3220944281,2513093.768457562663,2513098.589489787817,retrograde
NorthNode,105.864002322,105.652870311,3221555887,3222318333,2513105.668258692138,2513114.492867729627,retrograde
NorthNode,105.725256792,105.351920696,3222740433,3223497066,2513119.378283781931,2513128.135604564101,retrograde
NorthNode,105.441618685,104.613738112,3223908517,3224849875,2513132.897776694968,2513143.793126326986,retrograde
Mercury,167.751019033,154.294066657,3224200357,3226212714,2513136.275548703969,2513159.566722333431,retrograde
NorthNode,104.647056166,103.653951211,3225098557,3226061007,2513146.671389624476,2513157.810850771144,retrograde
NorthNode,103.669607315,102.229563391,3226254437,3227377639,2513160.049630002119,2513173.049643991515,retrograde
NorthNode,102.230287470,100.771046844,3227440380,3228593539,2513173.775815926492,2513187.122564565390,retrograde
NorthNode,100.771234917,99.315990526,3228635910,3229773697,2513187.612973541021,2513200.781804447994,retrograde
Pluto,102.377408992,100.259586019,3228902854,3242968031,2513190.702597289346,2513353.494002199732,retrograde
NorthNode,99.322685509,98.080802705,3229907343,3230936515,2513202.328636152670,2513214.240343356505,retrograde
NorthNode,98.123026496,97.295674537,3231214132,3232118907,2513217.453503963538,2513227.925433136523,retrograde
NorthNode,97.355868404,96.793288845,3232440245,3233287324,2513231.644623231143,2513241.448785027489,retrograde
Jupiter,138.008278490,127.962649699,3233440687,3243846150,2513243.223812595010,2513363.657415591180,retrograde
NorthNode,96.910731444,96.714405506,3233791241,3234482618,2513247.281149615534,2513255.283199903555,retrograde
Mercury,274.988667125,258.676673859,3233874244,3235582852,2513248.241831466556,2513268.017387516797,retrograde
NorthNode,96.767639713,96.739252886,3234981207,3235528887,2513261.053905733861,2513267.392795057967,retrograde
NorthNode,96.739672010,96.668471422,3235648879,3236360555,2513268.781592223793,2513277.018579893745,retrograde
NorthNode,96.738076370,96.515113073,3236858116,3237532485,2513282.777391456068,2513290.582591830753,retrograde
Venus,328.077721662,312.371188325,3237425943,3240991914,2513289.349461102858,2513330.622281147167,retrograde
NorthNode,96.624090785,95.889703615,3237998272,3238918862,2513295.973643147387,2513306.628621282987,retrograde
NorthNode,95.945467983,95.150026942,3239225055,3240094868,2513310.172522491775,2513320.239801678807,retrograde
NorthNode,95.182675159,93.641525755,3240342855,3241464707,2513323.110017627478,2513336.094419503585,retrograde
NorthNode,93.645240481,92.354856284,3241573658,3242664194,2513337.355429084972,2513349.977367867716,retrograde
NorthNode,92.354873377,90.637364457,3242683007,3243907736,2513350.195114774629,2513364.370221153833,retrograde
Mercury,22.972129655,11.170145833,3243379013,3245406256,2513358.250736966729,2513381.714194193482,retrograde
NorthNode,90.639651873,89.459516750,3244000583,3245023273,2513365.444833711721,2513377.281529173255,retrograde
NorthNode,89.481568709,88.395105662,3245241058,3246246949,2513379.802185856737,2513391.444436537102,retrograde
NorthNode,88.439052373,87.819146105,3246527587,3247375953,2513394.692562606186,2513404.511618022807,retrograde
NorthNode,87.916662363,87.560215968,3247813505,3248601167,2513409.575877490453,2513418.692338538356,retrograde
Neptune,318.118918879,315.331993924,3247914017,3261729241,2513410.739203891717,2513570.637630759738,retrograde
Uranus,327.163168841,323.234848320,3248902904,3262235717,2513422.184660504572,2513576.499626501463,retrograde
NorthNode,87.629965074,87.506721421,3249051160,3249734349,2513423.900582885370,2513431.807866943069,retrograde
Saturn,324.664717699,317.986093254,3249169267,3261300937,2513425.267570547760,2513565.680413298309,retrograde
NorthNode,87.543832291,87.543814480,3250380448,3250425647,2513439.285868277773,2513439.808998807333,retrograde
NorthNode,87.564862894,87.486632305,3250969920,3251576818,2513446.108451720327,2513453.132740266621,retrograde
NorthNode,87.568072938,87.184045993,3252092824,3252937966,2513459.105030789040,2513468.886765587144,retrograde
NorthNode,87.262145573,86.786335512,3253337114,3254109584,2513473.506537590176,2513482.447161305696,retrograde
Mercury,149.737320776,137.520591398,3254203044,3256265366,2513483.528873287141,2513507.398346729577,retrograde
NorthNode,86.846500027,85.704306745,3254441079,3255488094,2513486.283914051950,2513498.402137312107,retrograde
NorthNode,85.724653597,84.732481967,3255695093,3256653636,2513500.797957449220,2513511.892210934311,retrograde
NorthNode,84.737453520,82.981710717,3256780520,3258027403,2513513.360775517300,2513527.792283207178,retrograde
NorthNode,82.981717881,81.766599841,3258041066,3259118335,2513527.950421996415,2513540.418816525489,retrograde
NorthNode,81.768692660,80.188979233,3259212189,3260372249,2513541.505086310208,2513554.931706472300,retrograde
NorthNode,80.207317944,79.332843041,3260567812,3261467302,2513557.195166514255,2513567.605933763087,retrograde
Pluto,103.525892809,101.400268256,3260574476,3274611620,2513557.272295975126,2513719.739241269417,retrograde
NorthNode,79.390052822,78.603008292,3261782764,3262715404,2513571.257119111717,2513582.051558288746,retrograde
NorthNode,78.682069538,78.363534310,3263100325,3263828250,2513586.506665940396,2513594.931721827015,retrograde
Mercury,259.185455661,242.936271894,3264008777,3265718646,2513597.021154247224,2513616.811300568283,retrograde
NorthNode,78.465070851,78.345493988,3264362615,3265073169,2513601.116500613280,2513609.340502721258,retrograde
NorthNode,78.361393993,78.361165772,3265530665,3265633073,2513614.635599015281,2513615.820877986029,retrograde
NorthNode,78.394864365,78.218748086,3266193652,3266945334,2513622.309060459025,2513631.009083647281,retrograde
NorthNode,78.318976556,77.968399336,3267442995,3268168224,2513636.769051474519,2513645.162898256443,retrograde
Jupiter,168.964821341,158.971771296,3267626459,3278163370,2513638.892477221787,2513760.847460873425,retrograde
NorthNode,78.050373412,77.094906100,3268547718,3269524094,2513649.555196524598,2513660.855843012221,retrograde
NorthNode,77.141040573,76.217748363,3269805847,3270710990,2513664.116877081804,2513674.593059014529,retrograde
Mars,178.718708385,159.343970648,3269851002,3276852816,2513664.639494852163,2513745.679008341394,retrograde
NorthNode,76.231933306,74.435388556,3270887990,3272092098,2513676.641679223627,2513690.578104982153,retrograde
NorthNode,74.436031164,73.200755926,3272153540,3273222147,2513691.289241222665,2513703.657382085919,retrograde
NorthNode,73.200955000,71.385056244,3273263538,3274488834,2513704.136448374949,2513718.318110536784,retrograde
Mercury,5.577989992,352.307808648,3273412352,3275396194,2513705.858826294541,2513728.819961570203,retrograde
NorthNode,71.395030475,70.460561798,3274646988,3275568703,2513720.148592353798,2513730.816596494988,retrograde
NorthNode,70.495052434,69.472532038,3275822155,3276828512,2513733.750066890381,2513745.397711634636,retrograde
NorthNode,69.543611519,69.152683134,3277186458,3277929777,2513749.540609769523,2513758.143843365833,retrograde
NorthNode,69.244166301,68.987976312,3278386802,3279179880,2513763.433485490270,2513772.612626077607,retrograde
Neptune,320.328868092,317.541816202,3279667081,3293479546,2513778.251521498896,2513938.118021306582,retrograde
NorthNode,69.046283047,69.020478885,3279714587,3280278871,2513778.801357436925,2513785.332428076304,retrograde
NorthNode,69.020509711,68.987210530,3280331515,3280954341,2513785.941733595915,2513793.150362048298,retrograde
Uranus,331.158699019,327.233657744,3280816896,3294145767,2513791.559567772783,2513945.828904607333,retrograde
NorthNode,69.061684703,68.865958039,3281541605,3282237376,2513799.947406468913,2513808.000310945325,retrograde
Saturn,336.568945954,329.861964079,3281808249,3293886055,2513803.033564083278,2513942.822986923158,retrograde
NorthNode,68.941750771,68.422952228,3282659930,3283522236,2513812.890980133787,2513822.871369888075,retrograde
NorthNode,68.500228800,67.816314946,3283902161,3284758426,2513827.268649494275,2513837.179123892449,retrograde
Mercury,130.906485322,120.092877466,3284170917,3286259307,2513830.379256166518,2513854.550433263183,retrograde
NorthNode,67.849049738,66.576387173,3285008289,3286088172,2513840.071061491966,2513852.569709211588,retrograde
NorthNode,66.586798372,65.445978771,3286254435,3287285029,2513854.494046015665,2513866.422222972848,retrograde
NorthNode,65.446588105,63.695876381,3287345496,3288595006,2513867.122073204257,2513881.583988388069,retrograde
Venus,177.244984832,161.058539277,3287512774,3291195381,2513869.058161655441,2513911.680923951790,retrograde
NorthNode,63.696305126,62.553181454,3288650426,3289682657,2513882.225423446856,2513894.172537859529,retrograde
NorthNode,62.560347437,61.138150450,3289822596,3290933390,2513895.792211869732,2513908.648614089005,retrograde
NorthNode,61.177927632,60.506261492,3291204556,3292035272,2513911.787114334293,2513921.401881908067,retrograde
Pluto,104.684367016,102.550588286,3292232030,3306269827,2513923.679174394347,2514086.153671429493,retrograde
NorthNode,60.570657760,59.946946924,3292372144,3293278382,2513925.300868387334,2513935.789734344929,retrograde
NorthNode,60.046862106,59.872725249,3293751425,3294402952,2513941.264767662622,2513948.805582474917,retrograde
Mercury,243.355974204,227.262818814,3294129972,3295863474,2513945.646097935736,2513965.709775842726,retrograde
NorthNode,59.934979052,59.903494434,3294935811,3295509022,2513954.972935759462,2513961.607326512225,retrograde
NorthNode,59.903989495,59.848093897,3295637186,3296291509,2513963.090706462972,2513970.663887288421,retrograde
NorthNode,59.910299700,59.647865875,3296775218,3297512040,2513976.262365908362,2513984.790404173546,retrograde
NorthNode,59.763269842,59.180664024,3297993307,3298827212,2513990.360625441186,2514000.012302797288,retrograde
NorthNode,59.237207574,58.228285404,3299134288,3300096079,2514003.566416021436,2514014.698261948302,retrograde
NorthNode,58.261767402,57.035271532,3300346563,3301361773,2514017.597382442094,2514029.347497323528,retrograde
NorthNode,57.039554096,55.341462818,3301475071,3302677832,2514030.658815536648,2514044.579663079232,retrograde
Jupiter,199.019900670,189.083441569,3301764652,3312397776,2514034.010446436703,2514157.079011484981,retrograde
NorthNode,55.341469347,53.970708389,3302691414,3303808166,2514044.736861835234,2514057.662229340523,retrograde
Mercury,348.735935263,334.269518837,3303495075,3305419927,2514054.038493216038,2514076.316874124110,retrograde
NorthNode,53.972903545,52.419359044,3303898728,3305027558,2514058.710398305207,2514071.775568551384,retrograde
NorthNode,52.445114733,51.590669498,3305255732,3306154449,2514074.416461894289,2514084.818279058672,retrograde
NorthNode,51.637140888,50.860137889,3306438884,3307372350,2514088.110352240503,2514098.914362426847,retrograde
NorthNode,50.961175309,50.692641504,3307816873,3308518546,2514104.059301127680,2514112.180520774797,retrograde
NorthNode,50.764662630,50.637167125,3308984675,3309724660,2514117.575526506640,2514126.140166745521,retrograde
NorthNode,50.656354072,50.655813532,3310223399,3310363120,2514131.912614515051,2514133.529754088260,retrograde
NorthNode,50.683294266,50.577688671,3310891955,3311537131,2514139.650524948724,2514147.117838632315,retrograde
Neptune,322.541940819,319.754946540,3311426564,3325223937,2514145.838128891774,2514305.529948747717,retrograde
NorthNode,50.679893460,50.285609931,3312081104,3312896909,2514153.413826358505,2514162.856012400240,retrograde
Uranus,335.144573737,331.223004938,3312724471,3326047891,2514160.860202047043,2514315.066454294138,retrograde
NorthNode,50.351403453,49.767728351,3313257966,3314096759,2514167.034919661470,2514176.743169829249,retrograde
Mercury,111.336163318,101.834643374,3314094695,3316184815,2514176.719275742769,2514200.910486735404,retrograde
NorthNode,49.828890550,48.801052825,3314432584,3315422801,2514180.630033649504,2514192.090871155262,retrograde
Saturn,348.727665051,341.988451173,3314470052,3326480098,2514181.063691914082,2514320.068850748241,retrograde
NorthNode,48.816854853,47.618765785,3315609015,3316662754,2514194.246128834784,2514206.442183692008,retrograde
NorthNode,47.622159410,46.177839113,3316776920,3317940641,2514207.763548215851,2514221.232543655671,retrograde
NorthNode,46.177841774,44.730437800,3317951091,3319116745,2514221.353491607122,2514234.844858327881,retrograde
NorthNode,44.734070192,43.514905641,3319233177,3320282769,2514236.192453704774,2514248.340511321090,retrograde
NorthNode,43.531372268,42.486963485,3320470252,3321460914,2514250.510443110019,2514261.976444249041,retrograde
NorthNode,42.552506393,41.962375300,3321802857,3322634215,2514265.934119620360,2514275.556318014860,retrograde
NorthNode,42.032315482,41.645131786,3323000989,3323812700,2514279.801384506747,2514289.196183699183,retrograde
Pluto,105.852751881,103.710549986,3323889070,3337932551,2514290.080104875378,2514452.620385666378,retrograde
Mercury,227.421829563,211.583411761,3324234591,3326011925,2514294.079190276563,2514314.650183327496,retrograde
NorthNode,41.749075874,41.657762005,3324368602,3325001767,2514295.630238474347,2514302.958542926237,retrograde
NorthNode,41.675999069,41.675985348,3325502479,3325542323,2514308.753810550086,2514309.214971424080,retrograde
NorthNode,41.713517673,41.538415568,3326169283,3326927648,2514316.471453346312,2514325.248822055757,retrograde
NorthNode,41.617661344,41.282336870,3327376075,3328097575,2514330.438960323110,2514338.789651225321,retrograde
NorthNode,41.382854685,40.480465825,3328521616,3329478743,2514343.697535155341,2514354.775393648073,retrograde
NorthNode,40.520152489,39.539787218,3329738832,3330667067,2514357.785680416971,2514368.529135247692,retrograde
NorthNode,39.557873695,37.912935992,3330865251,3332021577,2514370.822939650156,2514384.206341039389,retrograde
NorthNode,37.913619393,36.484727391,3332082199,3333203060,2514384.907985115424,2514397.880916000344,retrograde
NorthNode,36.484959394,34.874330694,3333247744,3334415066,2514398.398083544336,2514411.908757359721,retrograde
Mercury,332.275707110,316.944770169,3333611365,3335470997,2514402.606663070619,2514424.130177952349,retrograde
NorthNode,34.882603499,33.736820752,3334558172,3335547486,2514413.565073290840,2514425.015465726145,retrograde
NorthNode,33.781315058,32.922734458,3335830307,3336758674,2514428.288865524344,2514439.033844896592,retrograde
Jupiter,229.030284441,219.145278338,3335946634,3346617036,2514429.635238826275,2514553.135257914662,retrograde
Mars,213.470718505,195.099251974,3336221870,3343050296,2514432.820838675834,2514511.853552651592,retrograde
NorthNode,32.985171329,32.498532059,3337089871,3337901684,2514442.867152471095,2514452.263133070432,retrograde
Venus,40.251615781,23.864214606,3338291206,3341957001,2514456.771487882361,2514499.199676388875,retrograde
NorthNode,32.610696528,32.417876871,3338408004,3339119865,2514458.123316535726,2514466.362447773106,retrograde
NorthNode,32.466511863,32.442549263,3339620735,3340160150,2514472.159559181891,2514478.402784226462,retrograde
NorthNode,32.442777770,32.381029579,3340261680,3340975010,2514479.577905206941,2514487.834038943052,retrograde
NorthNode,32.447605862,32.256500519,3341490957,3342154708,2514493.805648690090,2514501.487949622795,retrograde
NorthNode,32.351297145,31.712852536,3342614411,3343529687,2514506.808589822613,2514517.402059053071,retrograde
Neptune,324.758458771,321.971898655,3343181388,3356978610,2514513.370814085938,2514673.060891102068,retrograde
NorthNode,31.771275313,31.111654934,3343857375,3344695739,2514521.194743068889,2514530.898024868220,retrograde
Mercury,91.324001176,82.656078571,3343974863,3346049152,2514522.554557956755,2514546.562532693148,retrograde
Uranus,339.123224001,335.204651076,3344637695,3357954363,2514530.226221359335,2514684.354322399013,retrograde
NorthNode,31.147338630,29.749795948,3344959201,3346072717,2514533.947355105542,2514546.835278686136,retrograde
NorthNode,29.756312971,28.645484719,3346209455,3347245930,2514548.417890205979,2514560.414124253206,retrograde
Saturn,1.175269592,354.401261850,3347156921,3359096284,2514559.383928224444,2514697.571005351841,retrograde
NorthNode,28.645830083,26.911492180,3347297856,3348547196,2514561.015121898614,2514575.475078521296,retrograde
NorthNode,26.912070322,25.781877474,3348606745,3349638824,2514576.164302998222,2514588.109663753770,retrograde
NorthNode,25.792589197,24.505754775,3349806853,3350884157,2514590.054435390048,2514602.523232418112,retrograde
NorthNode,24.538920941,23.848114343,3351133786,3351991122,2514605.412457177415,2514615.335326724686,retrograde
NorthNode,23.928816985,23.404687659,3352375645,3353232691,2514619.785831592046,2514629.705338951200,retrograde
NorthNode,23.483046748,23.291284646,3353659284,3354352453,2514634.642760287970,2514642.665548964404,retrograde
Mercury,211.291477508,195.840511710,3354320967,3356157555,2514642.301126927137,2514663.557938940823,retrograde
NorthNode,23.363677433,23.341631713,3354949756,3355467131,2514649.578780028038,2514655.566919703968,retrograde
Pluto,107.031692199,104.880899808,3355543907,3369592816,2514656.455531320535,2514819.058644301258,retrograde
NorthNode,23.342116288,23.301708614,3355596213,3356186690,2514657.060920337215,2514663.895151493140,retrograde
NorthNode,23.370048909,23.057482189,3356713705,3357524911,2514669.994852915406,2514679.383816808462,retrograde
NorthNode,23.152107620,22.691575652,3357964425,3358722689,2514684.470778392628,2514693.246988405474,retrograde
NorthNode,22.760420217,21.596222472,3359064490,3360096535,2514697.203012173995,2514709.147985957563,retrograde
NorthNode,21.623985570,20.581737999,3360324777,3361270335,2514711.789672756568,2514722.733628307469,retrograde
NorthNode,20.587939925,18.673293038,3361402629,3362658212,2514724.264815866947,2514738.797023459338,retrograde
NorthNode,18.673297565,17.411483630,3362669811,3363738884,2514738.931265529245,2514751.304799260572,retrograde
Mercury,316.085410226,300.200970775,3363747394,3365545984,2514751.403290070593,2514772.220306657255,retrograde
NorthNode,17.413649768,15.713418703,3363831168,3365002817,2514752.372906515375,2514765.933655574918,retrograde
NorthNode,15.735518176,14.891484860,3365211305,3366088865,2514768.346709441394,2514778.503651872277,retrograde
NorthNode,14.949130205,14.150275879,3366401767,3367345363,2514782.125208270736,2514793.046458117664,retrograde
NorthNode,14.235772834,13.958647083,3367750617,3368452921,2514797.736899497919,2514805.865408121608,retrograde
NorthNode,14.049585636,13.940595721,3368977597,3369702011,2514811.938053928316,2514820.322477799840,retrograde
NorthNode,13.950836698,13.949457295,3370090892,3370278993,2514824.823409943841,2514827.000500643626,retrograde
Jupiter,259.862563355,250.011481491,3370260618,3380894444,2514826.787828609347,2514949.864525005221,retrograde
NorthNode,13.983590949,13.822372382,3370819418,3371553077,2514833.255425859243,2514841.746848007664,retrograde
NorthNode,13.922167031,13.582024535,3372066011,3372806423,2514847.683578804135,2514856.253165015951,retrograde
NorthNode,13.653787081,12.842362118,3373176156,3374123928,2514860.532482177950,2514871.502070242539,retrograde
Mercury,71.364894251,62.707882581,3373830834,3375890826,2514868.109772503376,2514891.952280558646,retrograde
NorthNode,12.891865540,12.042130172,3374426110,3375332922,2514874.999541899189,2514885.495055749081,retrograde
Neptune,326.978676661,324.192331570,3374944492,3388731636,2514880.999338268302,2515040.572762633674,retrograde
NorthNode,12.057445640,10.504141997,3375518787,3376686652,2514887.646267560311,2514901.163224199787,retrograde
Uranus,343.097082825,339.181485205,3376544779,3389852772,2514899.521181755699,2515053.548873350956,retrograde
NorthNode,10.505817612,9.342503668,3376774701,3377853210,2514902.182315604761,2514914.665052245371,retrograde
NorthNode,9.342509525,7.612694427,3377866115,3379113185,2514914.814422886819,2514929.248097618110,retrograde
NorthNode,7.617573868,6.649954154,3379239922,3380197196,2514930.714956941083,2514941.794517051429,retrograde
Saturn,13.935551824,7.126125331,3379872176,3391734670,2514938.032715953887,2515075.330100946128,retrograde
NorthNode,6.670461235,5.520993332,3380405674,3381452499,2514944.207460542209,2514956.323490383103,retrograde
NorthNode,5.581090784,5.105616405,3381782899,3382555372,2514960.147562884726,2514969.088219965808,retrograde
NorthNode,5.185460515,4.796555282,3382957326,3383800812,2514973.740466827527,2514983.503043786623,retrograde
NorthNode,4.879026237,4.803732616,3384317997,3384924512,2514989.488979462534,2514996.508821855299,retrograde
Mercury,194.824895922,179.948015060,3384387709,3386292325,2514990.295828320086,2515012.339998401701,retrograde
NorthNode,4.820309782,4.819964645,3385400326,3385520262,2515002.015937164426,2515003.404080221429,retrograde
NorthNode,4.865846073,4.720573518,3386158292,3386848284,2515010.788685713895,2515018.774711507373,retrograde
Pluto,108.221501022,106.062055743,3387206014,3401246674,2515022.915105926804,2515185.422734017484,retrograde
NorthNode,4.795335226,4.385729230,3387291964,3388095225,2515023.909896914847,2515033.206894422881,retrograde
NorthNode,4.484009585,3.781045759,3388517906,3389378666,2515038.099037677981,2515048.061538198963,retrograde
Venus,249.415221962,234.061825890,3388563755,3392120290,2515038.629690511152,2515079.793294614181,retrograde
NorthNode,3.822434164,2.607828996,3389645546,3390676574,2515051.150427855551,2515063.083617001772,retrograde
NorthNode,2.624596860,1.338411199,3390869947,3391912409,2515065.321734949946,2515077.387260795571,retrograde
NorthNode,1.339464922,359.536398514,3391982826,3393210515,2515078.202276971191,2515092.411636200733,retrograde
NorthNode,359.536685849,358.244239319,3393258261,3394317809,2515092.964251033030,2515105.227547935210,retrograde
Mercury,300.074306025,283.890074243,3393892373,3395642147,2515100.303519576788,2515120.555532328784,retrograde
NorthNode,358.251432156,356.792071961,3394453914,3395549198,2515106.802826349624,2515119.479729866609,retrograde
NorthNode,356.837440588,356.129674590,3395831087,3396669432,2515122.742338766344,2515132.445405315608,retrograde
NorthNode,356.194999488,355.592307473,3397003611,3397895489,2515136.313219734468,2515146.635877996683,retrograde
NorthNode,355.699658923,355.539914433,3398390661,3399038435,2515152.367031806149,2515159.864420927130,retrograde
NorthNode,355.592916603,355.572878863,3399561760,3400046329,2515165.921420938335,2515171.529855442233,retrograde
NorthNode,355.574743817,355.503203510,3400250185,3400935703,2515173.889304181561,2515181.823540989310,retrograde
NorthNode,355.565530716,355.320973955,3401410967,3402126685,2515187.324279936962,2515195.608051709831,retrograde
NorthNode,355.430898829,354.836882683,3402606625,3403469047,2515201.162910130806,2515211.144654197618,retrograde
Mars,255.809462894,240.313068852,3403538642,3409809283,2515211.950146262534,2515284.527009478770,retrograde
Mercury,51.974039196,42.471303187,3403703248,3405760133,2515213.855303630233,2515237.661845885217,retrograde
NorthNode,354.888472816,354.032888624,3403772232,3404696386,2515214.653736863285,2515225.349962618202,retrograde
Jupiter,292.271000086,282.436403524,3404749979,3415277219,2515225.970251373947,2515347.813307598233,retrograde
NorthNode,354.067171517,352.870494228,3404957025,3405994865,2515228.366613570601,2515240.378651801497,retrograde
NorthNode,352.875371916,351.448268541,3406116285,3407266694,2515241.783981048502,2515255.098894060589,retrograde
Neptune,329.202664084,326.416331407,3406695798,3420480876,2515248.491306803189,2515408.040821417235,retrograde
NorthNode,351.448357058,350.072579650,3407300088,3408450905,2515255.485396135598,2515268.805044818670,retrograde
Uranus,347.068212259,343.154462326,3408459059,3421757762,2515268.899415046908,2515422.819586074911,retrograde
NorthNode,350.073440375,348.666311400,3408518227,3409639941,2515269.584232063033,2515282.567033137195,retrograde
NorthNode,348.681940725,347.729951116,3409835009,3410793099,2515284.824768373743,2515295.913767602295,retrograde
NorthNode,347.763038552,346.936102364,3411043095,3411985662,2515298.807242064737,2515309.716578039341,retrograde
NorthNode,347.025139617,346.656772200,3412396298,3413151551,2515314.469307823107,2515323.210669950582,retrograde
Saturn,27.017157848,20.173110819,3412609677,3424399891,2515316.938972882926,2515453.399787865579,retrograde
NorthNode,346.729334930,346.515343085,3413574673,3414338336,2515328.107918681577,2515336.946604620665,retrograde
Mercury,177.874971230,163.818784370,3414432000,3416406233,2515338.030681401491,2515360.880592890084,retrograde
NorthNode,346.578189520,346.568714877,3414950042,3415337725,2515344.026531606913,2515348.513606647030,retrograde
NorthNode,346.569999276,346.526194538,3415522544,3416116933,2515350.652719425969,2515357.532213616185,retrograde
NorthNode,346.610897949,346.298202765,3416693644,3417496142,2515364.207118618302,2515373.495289126411,retrograde
NorthNode,346.373640697,345.902836832,3417893393,3418673454,2515378.093103177845,2515387.121580639854,retrograde
Pluto,109.423173596,107.255125752,3418878227,3432895969,2515389.491638229229,2515551.734021627344,retrograde
NorthNode,345.982039317,344.926120256,3419044712,3420036660,2515391.418552805670,2515402.899427849799,retrograde
NorthNode,344.950229863,343.821464086,3420250467,3421244590,2515405.374042061158,2515416.880098500289,retrograde
NorthNode,343.828524809,342.161974393,3421387592,3422572371,2515418.535212538205,2515432.247941539623,retrograde
NorthNode,342.161991967,340.695736327,3422590192,3423726275,2515432.454200039618,2515445.603301845491,retrograde
NorthNode,340.698317712,339.246494296,3423827094,3424923291,2515446.770188480616,2515459.457655494101,retrograde
Mercury,284.181278369,267.881144180,3424037659,3425755947,2515449.207293584943,2515469.094877704978,retrograde
NorthNode,339.263500036,338.211169848,3425108269,3426071779,2515461.598602475598,2515472.750343996100,retrograde
NorthNode,338.280214376,337.611638940,3426412145,3427272067,2515476.689759347588,2515486.642562390305,retrograde
NorthNode,337.686351205,337.323852859,3427643915,3428426769,2515490.946360385045,2515500.007169939578,retrograde
NorthNode,337.429839371,337.343480340,3428991566,3429638729,2515506.544171596877,2515514.034490778111,retrograde
NorthNode,337.354283584,337.353568629,3430032612,3430182702,2515518.593317259103,2515520.330471500754,retrograde
NorthNode,337.397497253,337.200238151,3430784702,3431558976,2515527.298063787632,2515536.259570425376,retrograde
NorthNode,337.283066582,336.949125489,3432011639,3432728906,2515541.498720459640,2515549.800425190479,retrograde
NorthNode,337.039420822,336.131818262,3433136295,3434112463,2515554.515577602200,2515565.813816110604,retrograde
Mercury,33.396719846,22.491951152,3433632458,3435677755,2515560.258201159537,2515583.930621616542,retrograde
NorthNode,336.169808054,335.290113255,3434374477,3435282192,2515568.846386916004,2515579.352345554158,retrograde
NorthNode,335.306948882,333.713270199,3435478575,3436652403,2515581.625302541070,2515595.211273903027,retrograde
NorthNode,333.714143118,332.477299234,3436720268,3437816113,2515595.996739305556,2515608.680132295005,retrograde
NorthNode,332.477351229,330.867020984,3437843717,3439055204,2515608.999625178054,2515623.021466317587,retrograde
Neptune,331.429356413,328.642513371,3438449290,3452235528,2515616.008567190729,2515775.571513590403,retrograde
Venus,107.762739565,91.249589567,3438994241,3442722600,2515622.315873669460,2515665.468173997477,retrograde
NorthNode,330.872418432,329.834146727,3439182363,3440161432,2515624.493213091977,2515635.825034150854,retrograde
Jupiter,326.688738454,316.839603405,3439446008,3449821288,2515627.544663339853,2515747.628919638693,retrograde
Uranus,351.038003905,347.125139853,3440365752,3453654867,2515638.189850705676,2515791.999044441618,retrograde
NorthNode,329.864025975,328.899328075,3440408754,3441395912,2515638.687548935413,2515650.112989822403,retrograde
NorthNode,328.951304126,328.438945033,3441705208,3442516322,2515653.692812486552,2515663.080703035928,retrograde
NorthNode,328.538763278,328.248446402,3442976584,3443750882,2515668.407803407870,2515677.369594805874,retrograde
NorthNode,328.312022585,328.235828895,3444226550,3444876409,2515682.875006573275,2515690.396519827656,retrograde
Mercury,160.284028445,147.325854597,3444450338,3446486259,2515685.465142093599,2515709.029050558805,retrograde
NorthNode,328.245551982,328.241164721,3445255848,3445543843,2515694.788184551522,2515698.121449484490,retrograde
Saturn,40.410377937,33.534088744,3445368328,3457092586,2515696.090028807521,2515831.787456624210,retrograde
NorthNode,328.286617986,328.163837113,3446118040,3446752205,2515704.767250652425,2515712.107129921205,retrograde
NorthNode,328.251515675,327.753212515,3447234200,3448108446,2515717.685768487863,2515727.804358379915,retrograde
NorthNode,327.829707079,327.251046698,3448485643,3449287711,2515732.170066390187,2515741.453259634785,retrograde
NorthNode,327.299604928,325.936456381,3449580930,3450668121,2515744.846999785863,2515757.430228200741,retrograde
Pluto,110.637437767,108.461062757,3450549295,3464554419,2515756.054930281825,2515918.151264986955,retrograde
NorthNode,325.949637353,324.840737835,3450841900,3451837019,2515759.441559063271,2515770.959137014113,retrograde
NorthNode,324.842172241,322.908691132,3451918159,3453181139,2515771.898256951012,2515786.516089624725,retrograde
NorthNode,322.908885642,321.705062877,3453221817,3454256757,2515786.986890739761,2515798.965367561206,retrograde
Mercury,268.366368594,252.075218737,3454177305,3455884501,2515798.045782513916,2515817.804998770356,retrograde
NorthNode,321.712963318,320.194174276,3454402137,3455516509,2515800.648008402437,2515813.545833922923,retrograde
NorthNode,320.229611710,319.503261609,3455766199,3456610019,2515816.435757915489,2515826.202197094448,retrograde
NorthNode,319.583426587,318.979446396,3456978916,3457862551,2515830.471835792065,2515840.699094697833,retrograde
NorthNode,319.067906193,318.884902933,3458303730,3458975167,2515845.805330755189,2515853.576598510146,retrograde
NorthNode,318.953719087,318.936781532,3459561903,3460012920,2515860.367521617562,2515865.587628103793,retrograde
NorthNode,318.938983551,318.883047627,3460224998,3460836842,2515868.042235128582,2515875.123757082038,retrograde
NorthNode,318.952956164,318.626728556,3461340125,3462143462,2515880.948795823380,2515890.246678657830,retrograde
NorthNode,318.726729837,318.228485361,3462589860,3463369158,2515895.413323307410,2515904.432965842076,retrograde
Mercury,15.613962081,3.164960985,3463630909,3465642128,2515907.462500140071,2515930.740496106446,retrograde
NorthNode,318.288793106,317.168435014,3463691909,3464717450,2515908.168517017737,2515920.038200628012,retrograde
NorthNode,317.195238596,316.171959903,3464947934,3465904894,2515922.705837287940,2515933.781771516427,retrograde
NorthNode,316.177158757,314.409304618,3466030413,3467277442,2515935.234537447803,2515949.667739167809,retrograde
NorthNode,314.409316456,313.229806905,3467293957,3468366429,2515949.858889296651,2515962.271759912372,retrograde
NorthNode,313.231214771,311.625717080,3468447293,3469628708,2515963.207683190703,2515976.881471620873,retrograde
NorthNode,311.643385979,310.833217159,3469827683,3470715057,2515979.184417868964,2515989.454948876984,retrograde
Neptune,333.658081455,330.869780998,3470204906,3483982375,2515983.550427029841,2516143.011875716038,retrograde
NorthNode,310.875655094,310.026867282,3470996116,3471970598,2515992.707943274640,2516003.986670846120,retrograde
Uranus,355.007121773,351.093404708,3472280969,3485558711,2516007.578929844312,2516161.256499490701,retrograde
NorthNode,310.105827021,309.795840486,3472363165,3473077535,2516008.530278025195,2516016.798443490639,retrograde
Mars,318.375744932,308.067111938,3472863755,3478141945,2516014.324140078388,2516075.414298060350,retrograde
NorthNode,309.881159472,309.698072925,3473552820,3474322805,2516022.299434912391,2516031.211288292892,retrograde
Jupiter,2.878941035,352.977752658,3474269340,3484495751,2516030.592479638755,2516148.953727848828,retrograde
Mercury,141.928250705,130.302011195,3474437706,3476516288,2516032.541166342795,2516056.598829284310,retrograde
NorthNode,309.738882510,309.735988166,3474890241,3475143230,2516037.778833521530,2516040.706957380287,retrograde
NorthNode,309.741005210,309.668629085,3475447569,3476116931,2516044.229391386732,2516051.976637627929,retrograde
NorthNode,309.758875094,309.496576829,3476683717,3477412958,2516058.536660346203,2516066.976947020739,retrograde
NorthNode,309.570849172,308.955975077,3477808155,3478687264,2516071.550996885635,2516081.725869721733,retrograde
Saturn,54.084850346,47.180347320,3478146965,3489807450,2516075.472401030362,2516210.431716248393,retrograde
NorthNode,309.026483106,308.214791401,3479042794,3479937929,2516085.840791236609,2516096.201156308874,retrograde
NorthNode,308.239046216,306.815829577,3480155400,3481260683,2516098.718181686476,2516111.510802315548,retrograde
NorthNode,306.821415318,305.557446291,3481392789,3482468587,2516113.039808571339,2516125.491177015938,retrograde
Pluto,111.865863689,109.681269786,3482225627,3496212594,2516122.679135487415,2516284.565336690284,retrograde
NorthNode,305.557483662,303.735600584,3482491868,3483731738,2516125.760631769896,2516140.110981877893,retrograde
NorthNode,303.738254915,302.606442969,3483833058,3484829020,2516141.283670516685,2516152.810999627225,retrograde
Mercury,252.562619708,236.371467218,3484306414,3486024123,2516146.762317642570,2516166.643218368292,retrograde
NorthNode,302.622656972,301.318968444,3485013023,3486070677,2516154.940666905604,2516167.182032020763,retrograde
NorthNode,301.382592927,300.828334925,3486397547,3487185795,2516170.965247559361,2516180.088491288945,retrograde
NorthNode,300.908192062,300.464695899,3487568219,3488418343,2516184.514691662975,2516194.354089860804,retrograde
NorthNode,300.561147603,300.481092561,3488951763,3489556550,2516200.527938221581,2516207.527788857929,retrograde
Venus,325.642295697,309.957887165,3489675583,3493237609,2516208.905479868874,2516250.132636053488,retrograde
NorthNode,300.496725653,300.496243448,3490004777,3490134737,2516212.715599600226,2516214.219765173271,retrograde
NorthNode,300.548037320,300.372671484,3490775678,3491495119,2516221.638062244281,2516229.964925201610,retrograde
NorthNode,300.449770950,300.040171564,3491929285,3492711383,2516234.989992791787,2516244.042062196881,retrograde
NorthNode,300.140011631,299.349223546,3493131990,3494029974,2516248.910194278695,2516259.303530985489,retrograde
Mercury,358.462886966,344.640809890,3493687719,3495646395,2516255.342243000865,2516278.012098975480,retrograde
NorthNode,299.386361175,298.251554802,3494284907,3495290883,2516262.254137672484,2516273.897376371548,retrograde
NorthNode,298.266955601,296.922336967,3495480899,3496559511,2516276.096635827795,2516288.580569817685,retrograde
NorthNode,296.923118050,295.325148866,3496623747,3497820731,2516289.324045650661,2516303.178029869683,retrograde
NorthNode,295.325413954,294.031254859,3497868373,3498958171,2516303.729440319352,2516316.342840402387,retrograde
NorthNode,294.037357612,292.740202741,3499089127,3500162092,2516317.858539646491,2516330.277115696110,retrograde
NorthNode,292.778819900,292.050466217,3500435339,3501306702,2516333.439691969194,2516343.524917644449,retrograde
NorthNode,292.104185634,291.507849275,3501620186,3502509626,2516347.153198538348,2516357.447645147331,retrograde
Neptune,335.886855940,333.096551835,3501954751,3515736867,2516351.025485056452,2516510.540713886730,retrograde
NorthNode,291.610976920,291.410493984,3502991007,3503671001,2516363.019186288118,2516370.889485516585,retrograde
NorthNode,291.470158545,291.403741743,3504157377,3504860592,2516376.518841004930,2516384.657903566025,retrograde
Uranus,358.975654081,355.059775863,3504187618,3517456839,2516376.868853722699,2516530.447795656510,retrograde
Mercury,122.782774216,112.558666600,3504388827,3506481177,2516379.197658620775,2516403.414677515626,retrograde
NorthNode,291.404995058,291.386603599,3505045332,3505535165,2516386.796091657132,2516392.465459142812,retrograde
NorthNode,291.431421618,291.284536774,3506044111,3506703793,2516398.356041601859,2516405.991241417825,retrograde
NorthNode,291.389154112,290.904381950,3507219071,3508070706,2516411.955107890069,2516421.812000020407,retrograde
NorthNode,290.965592647,290.307322440,3508409421,3509261796,2516425.732312571257,2516435.597758951597,retrograde
Jupiter,39.776349673,29.794706988,3509080906,3519239925,2516433.504127413034,2516551.085365019739,retrograde
NorthNode,290.358362190,289.183109958,3509568695,3510600787,2516439.149831265211,2516451.095346730202,retrograde
NorthNode,289.193643632,287.910890819,3510759441,3511831120,2516452.931616688147,2516465.335304451175,retrograde
Saturn,67.989154880,61.061194130,3510939674,3522541034,2516455.017646782100,2516589.292643614113,retrograde
NorthNode,287.912136419,286.347677279,3511911231,3513093799,2516466.262516124174,2516479.949647554196,retrograde
NorthNode,286.347831038,284.904054153,3513130896,3514250487,2516480.379015411250,2516493.337237485684,retrograde
Pluto,113.109508206,110.916602879,3513886062,3527878969,2516489.119358411990,2516651.074301875196,retrograde
NorthNode,284.913469436,283.715557161,3514409727,3515432100,2516495.180292974226,2516507.013313141651,retrograde
Mercury,236.706137834,220.703886532,3514421464,3516170891,2516495.316143706441,2516515.564139246941,retrograde
NorthNode,283.744417812,282.824853699,3515660860,3516597022,2516509.661007679068,2516520.496216421016,retrograde
NorthNode,282.914856668,282.434577378,3516989320,3517786589,2516525.036702688783,2516534.264347773045,retrograde
NorthNode,282.513269889,282.264657142,3518197547,3518951521,2516539.020806942135,2516547.747362929396,retrograde
NorthNode,282.342664766,282.326348209,3519564073,3520015897,2516554.837078285404,2516560.066528951749,retrograde
NorthNode,282.327108781,282.284914470,3520163206,3520743042,2516561.771488429047,2516568.482553274371,retrograde
NorthNode,282.370728443,282.022489417,3521308959,3522128515,2516575.032524556853,2516584.518118738197,retrograde
NorthNode,282.104767663,281.622439049,3522531159,3523299340,2516589.178350194357,2516598.069341436960,retrograde
NorthNode,281.698911555,280.534634753,3523658184,3524680782,2516602.222618606873,2516614.058251853101,retrograde
Mercury,341.788892697,326.910333563,3523786344,3525682972,2516603.705959774554,2516625.657666131854,retrograde
NorthNode,280.557335560,279.474665730,3524889630,3525865410,2516616.475475577638,2516627.769222495146,retrograde
NorthNode,279.480472990,277.734350747,3525998688,3527217646,2516629.311785338446,2516643.420094858855,retrograde
NorthNode,277.734361414,276.423029232,3527232948,3528337031,2516643.597208661027,2516656.375946753658,retrograde
NorthNode,276.425594868,274.956413754,3528438650,3529563880,2516657.552096320316,2516670.575590480119,retrograde
NorthNode,274.972965055,274.055271071,3529751737,3530684746,2516672.749851885252,2516683.548575182445,retrograde
NorthNode,274.114383372,273.415187460,3531011810,3531909840,2516687.334033488296,2516697.727899494581,retrograde
NorthNode,273.483775800,273.140029036,3532276031,3533041488,2516701.966224771924,2516710.825683429837,retrograde
NorthNode,273.241543670,273.118398385,3533581227,3534270225,2516717.072659960017,2516725.047175179236,retrograde
Neptune,338.114899261,335.321907615,3533709254,3547482030,2516718.554451460950,2516877.961585358717,retrograde
Mercury,102.969553195,93.903240456,3534295170,3536376970,2516725.335890032351,2516749.430792570114,retrograde
NorthNode,273.145932746,273.145352582,3534800241,3534944427,2516731.181618592702,2516732.850435052998,retrograde
NorthNode,273.159838736,273.044609376,3535402804,3536143635,2516738.155729649588,2516746.730156672187,retrograde
Uranus,2.943983826,359.024257571,3536101665,3549358646,2516746.244392055087,2516899.681678642519,retrograde
NorthNode,273.122024100,272.879419580,3536641016,3537327438,2516752.486884826794,2516760.431582637131,retrograde
NorthNode,272.967048107,272.236377479,3537755031,3538698574,2516765.380570613779,2516776.301211368293,retrograde
NorthNode,272.287892523,271.553740662,3539005345,3539865077,2516779.851797237061,2516789.802407507785,retrograde
Venus,175.034686714,158.822099416,3539769106,3543455795,2516788.691631833091,2516831.361638559029,retrograde
NorthNode,271.580495274,270.066410731,3540098467,3541245728,2516792.503679926507,2516805.782160628587,retrograde
NorthNode,270.069956768,268.898346493,3541355953,3542414183,2516807.057911774144,2516819.305945888162,retrograde
Mars,36.769276754,23.372173446,3542342253,3548043330,2516818.473424571566,2516884.458105466329,retrograde
NorthNode,268.898379426,267.102171266,3542437488,3543692147,2516819.575675632805,2516834.097192232497,retrograde
Saturn,82.054556177,75.109219430,3543736410,3555300355,2516834.609504044056,2516968.451453492045,retrograde
Jupiter,75.915774895,65.868164634,3543759595,3553942072,2516834.877842158079,2516952.730592273176,retrograde
NorthNode,267.104529987,265.996796375,3543787160,3544777771,2516835.196879230440,2516846.662283656187,retrograde
Mercury,220.699971121,205.002525186,3544519169,3546319195,2516843.669212035835,2516864.502846159041,retrograde
NorthNode,266.016009667,264.790811842,3544981157,3546029571,2516849.016296547838,2516861.150715446100,retrograde
Pluto,114.368621981,112.166879181,3545550420,3559544689,2516855.604984522797,2517017.575685861520,retrograde
NorthNode,264.840619513,264.247240461,3546322122,3547133366,2516864.536715254188,2516873.926118498668,retrograde
NorthNode,264.344614180,263.937770717,3547557497,3548380187,2516878.835037831217,2516888.356915123761,retrograde
NorthNode,264.016277372,263.914135009,3548854307,3549496846,2516893.844416267239,2516901.281215132214,retrograde
NorthNode,263.938211948,263.937834589,3550019459,3550138822,2516907.329971940257,2516908.711494727992,retrograde
NorthNode,263.981288380,263.853981195,3550746481,3551387965,2516915.744577380829,2516923.169161991216,retrograde
NorthNode,263.942213582,263.431677773,3551859502,3552722031,2516928.626763449050,2516938.609741592780,retrograde
NorthNode,263.518857186,262.884968055,3553113034,3553926625,2516943.135239486583,2516952.551799030975,retrograde
Mercury,325.458013293,309.859640409,3553912081,3555745558,2516952.383469276130,2516973.604270160198,retrograde
NorthNode,262.931098389,261.511577240,3554206703,3555296410,2516955.793440882117,2516968.405798600055,retrograde
NorthNode,261.524412629,260.378920358,3555468683,3556472539,2516970.399694925174,2516982.018401234411,retrograde
NorthNode,260.379893967,258.445031955,3556542827,3557807862,2516982.831912135705,2516997.473532333039,retrograde
NorthNode,258.445399358,257.298043965,3557858991,3558880874,2516998.065301341936,2517009.892645832151,retrograde
NorthNode,257.306169344,255.839462770,3559027853,3560144609,2517011.593791862018,2517024.519204250537,retrograde
NorthNode,255.876267913,255.217608520,3560404960,3561234819,2517027.532525943592,2517037.137384095229,retrograde
NorthNode,255.287016420,254.687533909,3561588803,3562489791,2517041.234422398731,2517051.662514381111,retrograde
NorthNode,254.774693009,254.598140773,3562938149,3563600339,2517056.851845250465,2517064.516079865396,retrograde
NorthNode,254.665653346,254.626163782,3564154441,3564811197,2517070.929307673126,2517078.530644951388,retrograde
Mercury,82.898458502,74.347768940,3564159279,3566227059,2517070.985302321613,2517094.917937934399,retrograde
NorthNode,254.626198897,254.595823209,3564866159,3565461858,2517079.166773825884,2517086.061447858810,retrograde
Neptune,340.341279801,337.545564596,3565459233,3579232585,2517086.031062281691,2517245.444857659750,retrograde
NorthNode,254.647772846,254.428279564,3565968019,3566721466,2517091.919787860475,2517100.640233781189,retrograde
NorthNode,254.529135427,254.113749587,3567209091,3567983264,2517106.284044183791,2517115.244385812432,retrograde
Uranus,6.912487663,2.988035119,3568008601,3581258160,2517115.537636582740,2517268.889016429894,retrograde
NorthNode,254.175468337,253.302748504,3568323634,3569288983,2517119.183845080435,2517130.356874382123,retrograde
NorthNode,253.342753313,252.400874540,3569566369,3570506794,2517133.567355426960,2517144.451909709722,retrograde
NorthNode,252.410917320,250.824183192,3570665555,3571853357,2517146.289420941845,2517160.037130382843,retrograde
NorthNode,250.824721366,249.599861587,3571913386,3572999521,2517160.731911967508,2517173.302914571017,retrograde
NorthNode,249.600041197,247.905908802,3573039490,3574250759,2517173.765521226451,2517187.784837734886,retrograde
NorthNode,247.916105050,246.966536165,3574413724,3575344262,2517189.670997716486,2517200.441118269227,retrograde
Mercury,204.437357130,189.204205267,3574596965,3576461829,2517191.791843235493,2517213.375920623541,retrograde
NorthNode,246.996609581,245.953578731,3575581658,3576591282,2517203.188758280128,2517214.874226273037,retrograde
Saturn,96.204283733,89.250790243,3576526268,3588076183,2517214.121742390096,2517347.801320478320,retrograde
NorthNode,246.033232482,245.628860833,3576965692,3577705253,2517219.207673369907,2517227.767402328551,retrograde
Pluto,115.643514907,113.432173285,3577224750,3591198994,2517222.206026832573,2517383.944964599796,retrograde
NorthNode,245.715555523,245.439410656,3578138449,3578941328,2517232.781241231598,2517242.073823847808,retrograde
Jupiter,110.247494426,100.180387342,3578222847,3588511242,2517233.758074589074,2517352.836717739701,retrograde
NorthNode,245.505832426,245.487074257,3579510579,3579996020,2517248.662378135137,2517254.280907656997,retrograde
NorthNode,245.487244017,245.443274701,3580085211,3580708233,2517255.313213554211,2517262.524118212983,retrograde
NorthNode,245.535267079,245.257206292,3581300609,3582047943,2517269.380322794430,2517278.030015534721,retrograde
NorthNode,245.336191604,244.743500552,3582444966,3583289558,2517282.625190244988,2517292.400559582748,retrograde
NorthNode,244.824329143,243.894866039,3583657641,3584583002,2517296.660785335116,2517307.370983014815,retrograde
Mercury,309.353827058,293.319739646,3584052799,3585829610,2517301.234366163611,2517321.799309529364,retrograde
NorthNode,243.919055272,242.511466774,3584794836,3585874486,2517309.822758430615,2517322.318716282025,retrograde
NorthNode,242.517013285,241.119169527,3586005431,3587115430,2517323.834274204448,2517336.681494696066,retrograde
NorthNode,241.119183355,239.384049029,3587131931,3588344121,2517336.872474570759,2517350.902453663759,retrograde
NorthNode,239.387479722,238.222867028,3588455523,3589467075,2517352.191827974282,2517363.899602618068,retrograde
NorthNode,238.240080554,237.053928813,3589655507,3590685281,2517366.080529133789,2517377.999210308306,retrograde
Venus,38.013512709,21.643831956,3590550751,3594215022,2517376.442154565826,2517418.852696171030,retrograde
NorthNode,237.119646634,236.581221679,3591023853,3591822464,2517381.917862822302,2517391.161054198630,retrograde
NorthNode,236.653654972,236.247273417,3592197288,3593034365,2517395.499293782748,2517405.187681596726,retrograde
NorthNode,236.343339621,236.260217290,3593577575,3594191447,2517411.474833315238,2517418.579837465659,retrograde
Mercury,63.123166655,54.201484693,3594015272,3596075309,2517416.540770694613,2517440.383796833456,retrograde
NorthNode,236.315060306,236.175158098,3595390394,3596116531,2517432.456537009217,2517440.860904255882,retrograde
NorthNode,236.243825328,235.943409714,3596564112,3597299762,2517446.041239883751,2517454.555706641637,retrograde
Neptune,342.566066170,339.767849055,3597218672,3610978570,2517453.617156217806,2517612.875244296156,retrograde
NorthNode,236.042128539,235.344946314,3597744089,3598646262,2517459.698373988271,2517470.140188027173,retrograde
NorthNode,235.386709697,234.500608029,3598923759,3599862374,2517473.351961426437,2517484.215565069579,retrograde
Uranus,10.882407794,6.952446696,3599923403,3613158328,2517484.921919959597,2517638.103916323744,retrograde
NorthNode,234.524849958,233.225325985,3600091986,3601170137,2517486.873106824234,2517499.351710801013,retrograde
NorthNode,233.227857453,231.831481671,3601267279,3602426356,2517500.476033621468,2517513.891283405013,retrograde
NorthNode,231.831485453,230.402040995,3602438010,3603601374,2517514.026167511009,2517527.491026180796,retrograde
NorthNode,230.404297603,229.087326781,3603694302,3604774253,2517528.566580028273,2517541.066019113176,retrograde
Mercury,187.790717587,173.234163650,3604653747,3606589552,2517539.671273723245,2517562.076416589320,retrograde
NorthNode,229.111776904,228.180597830,3605002510,3605944220,2517543.707878300920,2517554.607299776748,retrograde
NorthNode,228.223967266,227.507484339,3606221427,3607122268,2517557.815712325275,2517568.242119827308,retrograde
NorthNode,227.612451966,227.304541745,3607571906,3608304311,2517573.446262748912,2517581.923170128837,retrograde
NorthNode,227.376289524,227.246648494,3608757422,3609476694,2517587.167504002340,2517595.492413769476,retrograde
Pluto,116.933497210,114.711937359,3608897088,3622864102,2517588.784015229903,2517750.439263903536,retrograde
Saturn,110.360891833,103.408848484,3609305789,3620860660,2517593.514349594712,2517727.251281037927,retrograde
Mars,92.314000041,74.603183008,3609674351,3616132547,2517597.780106668361,2517672.527747903951,retrograde
NorthNode,227.270139431,227.269649259,3610000614,3610132053,2517601.556302712299,2517603.077588146552,retrograde
NorthNode,227.302250862,227.190332665,3610677972,3611304755,2517609.396098993719,2517616.650528704748,retrograde
NorthNode,227.296666823,226.802117197,3611832939,3612691596,2517622.763770543039,2517632.701933554374,retrograde
Jupiter,142.554911480,132.515156798,3612509639,3622938516,2517630.595940761268,2517751.300544865429,retrograde
NorthNode,226.873936478,226.236693460,3613047751,3613867321,2517636.824095911346,2517646.309862056747,retrograde
NorthNode,226.294776312,224.966215898,3614181091,3615239274,2517649.941457738169,2517662.188948691823,retrograde
Mercury,293.408537279,277.155663822,3614199132,3615933111,2517650.150257803500,2517670.219467818737,retrograde
NorthNode,224.977937889,223.707893471,3615400975,3616442249,2517664.060484619811,2517676.112267817371,retrograde
NorthNode,223.709157248,221.950588777,3616521078,3617736098,2517677.024634018540,2517691.087366500869,retrograde
NorthNode,221.950842149,220.584268839,3617779637,3618860528,2517691.591296247207,2517704.101604895666,retrograde
NorthNode,220.594804827,219.320153810,3619024799,3620072898,2517706.002894651145,2517718.133666299284,retrograde
NorthNode,219.352174171,218.537552043,3620312328,3621210023,2517720.904849942774,2517731.294836860150,retrograde
NorthNode,218.626338030,218.143581303,3621605383,3622425253,2517735.870755325072,2517745.359993845224,retrograde
NorthNode,218.219672578,218.007497983,3622842487,3623567479,2517750.189088927582,2517758.580199551769,retrograde
Mercury,44.058747103,33.999125571,3623909839,3625962251,2517762.542705804110,2517786.297477006912,retrograde
NorthNode,218.080923765,218.062840193,3624178681,3624669732,2517765.654297715984,2517771.337764144875,retrograde
NorthNode,218.063260369,218.028129389,3624795242,3625372298,2517772.790426065214,2517779.469316854142,retrograde
NorthNode,218.098924351,217.804645999,3625925310,3626738136,2517785.869918360375,2517795.277622479014,retrograde
NorthNode,217.885796992,217.488212829,3627163057,3627909157,2517800.195692667738,2517808.831111008301,retrograde
NorthNode,217.560784780,216.545523693,3628274943,3629287240,2517813.064747319557,2517824.781139419414,retrograde
Neptune,344.790051773,341.990136625,3628972728,3642731863,2517821.140960636549,2517980.390201448463,retrograde
NorthNode,216.573789330,215.669617528,3629523254,3630453899,2517827.512784141116,2517838.284139261581,retrograde
NorthNode,215.679300021,214.021601821,3630615743,3631825435,2517840.157335823402,2517854.158404320478,retrograde
Uranus,14.855995806,10.921024754,3631830156,3645057274,2517854.213034720160,2518007.304679998197,retrograde
NorthNode,214.021815891,212.831500217,3631868179,3632953593,2517854.653121888638,2517867.215784419328,retrograde
NorthNode,212.831934038,211.222755239,3633009609,3634202965,2517867.864117456600,2517881.676110823639,retrograde
NorthNode,211.231997979,210.281803434,3634356933,3635300232,2517883.458139810711,2517894.375953109935,retrograde
Mercury,170.587317732,156.966186190,3634687660,3636690351,2517887.286001779139,2517910.465302340686,retrograde
NorthNode,210.321242818,209.405928616,3635574298,3636544260,2517897.548019689508,2517908.774434546009,retrograde
NorthNode,209.469247029,209.040673963,3636883330,3637657943,2517912.698849637993,2517921.664281080477,retrograde
NorthNode,209.145605015,208.918167289,3638146914,3638900128,2517927.323665306903,2517936.041424714960,retrograde
NorthNode,208.971419998,208.946130941,3639410874,3639965115,2517941.952833681367,2517948.367655741051,retrograde
NorthNode,208.946176682,208.891581586,3640023734,3640722164,2517949.046114378609,2517957.129797864705,retrograde
Pluto,118.238403410,116.005931464,3640580518,3654527038,2517955.490373163484,2518116.908439011313,retrograde
Venus,246.985821102,231.615414920,3640806855,3644367483,2517958.110020847991,2517999.320995232090,retrograde
NorthNode,208.968585866,208.756859470,3641267757,3641940828,2517963.444537098520,2517971.234703655355,retrograde
Saturn,124.442599923,117.499848931,3642070780,3653645709,2517972.738786853850,2518106.707867980003,retrograde
NorthNode,208.848671266,208.153773906,3642378215,3643297623,2517976.297057523392,2517986.938356738538,retrograde
NorthNode,208.220675835,207.462669363,3643633930,3644482453,2517990.830793700181,2518000.651657504030,retrograde
Mercury,277.556815380,261.241494712,3644343328,3646053551,2517999.041421063244,2518018.835672728717,retrograde
NorthNode,207.494145653,205.878437809,3644722168,3645866417,2518003.426143571734,2518016.669759449549,retrograde
NorthNode,205.883129333,204.648514893,3645986130,3647035513,2518018.055327104405,2518030.200967685319,retrograde
Jupiter,173.286409656,163.298642356,3646671355,3657230785,2518025.986181676388,2518148.201807297766,retrograde
NorthNode,204.648548152,202.702374744,3647058183,3648322901,2518030.463354108855,2518045.101297253743,retrograde
NorthNode,202.705327067,201.597718409,3648424899,3649399059,2518046.281829106621,2518057.556821684353,retrograde
NorthNode,201.617888870,200.346529314,3649602035,3650659916,2518059.906086053699,2518072.150073434226,retrograde
NorthNode,200.403303303,199.861241984,3650970170,3651757003,2518075.740983091295,2518084.847840601578,retrograde
NorthNode,199.953504577,199.557968257,3652175130,3653009522,2518089.687274216674,2518099.344593717717,retrograde
NorthNode,199.636290813,199.554209907,3653504557,3654123974,2518105.074160804041,2518112.243346842006,retrograde
Mercury,25.833629180,14.264818039,3653868978,3655901546,2518109.292002364993,2518132.817089974880,retrograde
NorthNode,199.571667041,199.571036352,3654599961,3654746214,2518117.752448486164,2518119.445193049498,retrograde
NorthNode,199.616630672,199.488074988,3655371031,3656030640,2518126.676867132075,2518134.311236190610,retrograde
NorthNode,199.565147500,199.132410714,3656487163,3657323030,2518139.595064125955,2518149.269447118975,retrograde
NorthNode,199.220568322,198.634915228,3657734187,3658555345,2518154.028219556436,2518163.532360966317,retrograde
NorthNode,198.678312311,197.486189685,3658836973,3659890128,2518166.791935759597,2518178.981230412610,retrograde
NorthNode,197.503345989,196.449339904,3660089009,3661083336,2518181.283093132079,2518192.791507339105,retrograde
Neptune,347.014255914,344.213182603,3660734248,3674483243,2518188.751142476685,2518347.883025952615,retrograde
NorthNode,196.451367706,194.711719328,3661174822,3662430751,2518193.850377781317,2518208.386594429612,retrograde
NorthNode,194.711736570,193.578115557,3662449742,3663511883,2518208.606400468387,2518220.899691400118,retrograde
NorthNode,193.581323427,192.065585061,3663619115,3664769335,2518222.140804526396,2518235.453542599455,retrograde
Uranus,18.836346004,14.895979179,3663747718,3676958167,2518223.629272724502,2518376.527987360023,retrograde
Mercury,152.678621593,140.261649144,3664694736,3666750425,2518234.590124867857,2518258.382823608816,retrograde
NorthNode,192.090631314,191.351489172,3664997546,3665861975,2518238.094867265783,2518248.099832085893,retrograde
NorthNode,191.401797321,190.639614615,3666164735,3667112414,2518251.604000569321,2518262.572503183968,retrograde
NorthNode,190.728934282,190.476067627,3667537410,3668226774,2518267.491440162994,2518275.470189552754,retrograde
NorthNode,190.556045927,190.434081161,3668722710,3669465700,2518281.210190605372,2518289.809608866461,retrograde
NorthNode,190.448517240,190.447790684,3669912244,3670065038,2518294.977943276986,2518296.746393324807,retrograde
NorthNode,190.478188498,190.341452316,3670597133,3671291282,2518302.904900671914,2518310.939038351178,retrograde
NorthNode,190.450315885,190.059637560,3671825376,3672600477,2518317.120684626512,2518326.091758691706,retrograde
Pluto,119.558210872,117.314411670,3672254963,3686201828,2518322.092752349563,2518483.514794767834,retrograde
NorthNode,190.130327654,189.350036681,3672959248,3673870772,2518330.244199404493,2518340.794246589765,retrograde
NorthNode,189.406151376,188.372043169,3674182126,3675132794,2518344.397879973985,2518355.400985327549,retrograde
Mercury,261.745504250,245.482722177,3674479233,3676187670,2518347.836615003645,2518367.610192999244,retrograde
Saturn,138.367669248,131.441683374,3674818711,3686427129,2518351.765754707158,2518486.122453719378,retrograde
NorthNode,188.385610159,186.793737127,3675304056,3676453674,2518357.383176873438,2518370.688941084780,retrograde
Mars,132.070749587,112.843913425,3676018453,3682863595,2518365.651665101759,2518444.877840201370,retrograde
NorthNode,186.794820439,185.399416931,3676528395,3677637045,2518371.553775255568,2518384.385367565788,retrograde
NorthNode,185.399535674,183.655528283,3677670828,3678866216,2518384.776369345374,2518398.611884749494,retrograde
NorthNode,183.666736817,182.629894766,3679032667,3679979267,2518400.538395931944,2518411.494416088797,retrograde
NorthNode,182.661295178,181.628638817,3680215427,3681207925,2518414.227746651508,2518425.714993026108,retrograde
Jupiter,203.218933212,193.289149174,3680809167,3691457880,2518421.099746018648,2518544.348734058440,retrograde
NorthNode,181.717554681,181.317968787,3681599702,3682340507,2518430.249451321550,2518438.823582175188,retrograde
NorthNode,181.400516918,181.150077836,3682768670,3683559084,2518443.779179759324,2518452.927489166148,retrograde
Mercury,8.340805120,355.277149204,3683893286,3685885324,2518456.795559711754,2518479.851557381451,retrograde
NorthNode,181.213377001,181.203020572,3684153587,3684545352,2518459.808304552920,2518464.342628965154,retrograde
NorthNode,181.204027076,181.155502038,3684713110,3685328012,2518466.284263478592,2518473.401189827360,retrograde
NorthNode,181.246275836,180.954173854,3685915585,3686689917,2518480.201806515455,2518489.163978410885,retrograde
NorthNode,181.027419802,180.516277412,3687081801,3687895251,2518493.699673349038,2518503.114601125941,retrograde
NorthNode,180.594214127,179.686490385,3688269535,3689218885,2518507.446588571183,2518518.434436611831,retrograde
NorthNode,179.710088008,178.544029556,3689434683,3690465188,2518520.932101447135,2518532.859239328653,retrograde
NorthNode,178.551637792,177.185202478,3690615811,3691742168,2518534.602571262978,2518547.639106932096,retrograde
Venus,105.618175237,89.098604358,3691254958,3694980860,2518542.000103222206,2518585.123971419409,retrograde
NorthNode,177.185286889,175.684478471,3691772964,3692956040,2518547.995545479469,2518561.688545953482,retrograde
Neptune,349.240039698,346.438555504,3692488250,3706231700,2518556.274308678694,2518715.342023526318,retrograde
NorthNode,175.685627122,174.455092938,3693035050,3694108848,2518562.603018330410,2518575.031239746138,retrograde
NorthNode,174.465017012,173.304387310,3694265871,3695298622,2518576.848636495881,2518588.801761788316,retrograde
Mercury,133.963766766,122.939555946,3694667487,3696754297,2518581.496966384351,2518605.649859577417,retrograde
NorthNode,173.352546682,172.692338927,3695600201,3696458414,2518592.292269667611,2518602.225287932903,retrograde
Uranus,22.826000031,18.881129280,3695656344,3708855084,2518592.942067929544,2518745.705263470300,retrograde
NorthNode,172.752031102,172.249370891,3696793471,3697648066,2518606.103263537399,2518615.994403636083,retrograde
NorthNode,172.355709390,172.199577008,3698158918,3698824080,2518621.907043761574,2518629.605674726889,retrograde
NorthNode,172.247028955,172.224668625,3699331108,3699852928,2518635.474058235995,2518641.513644535094,retrograde
NorthNode,172.225385280,172.158621910,3700002827,3700708645,2518643.248589214869,2518651.417773763649,retrograde
NorthNode,172.220665477,172.010252228,3701196932,3701878434,2518657.069248863496,2518664.956997548230,retrograde
NorthNode,172.118460755,171.463571626,3702356937,3703253719,2518670.495225284249,2518680.874646093696,retrograde
NorthNode,171.518668307,170.728592321,3703562682,3704442865,2518684.450609187596,2518694.637914362364,retrograde
Pluto,120.893060536,118.637633950,3703931748,3717874415,2518688.722204961814,2518850.095665152185,retrograde
Mercury,245.923312561,229.803374196,3704602291,3706331296,2518696.483124203980,2518716.494752444327,retrograde
NorthNode,170.765053134,169.327669815,3704703885,3705793080,2518697.658982109278,2518710.265406977385,retrograde
NorthNode,169.332363322,167.951208878,3705910391,3707019977,2518711.623165990226,2518724.465604001656,retrograde
NorthNode,167.951245798,166.262692373,3707044216,3708243951,2518724.746137537062,2518738.631963332184,retrograde
Saturn,152.066621520,145.164547426,3707540732,3719199423,2518730.492860473692,2518865.431411229074,retrograde
NorthNode,166.264584185,164.930118628,3708329404,3709384481,2518739.621004858986,2518751.832538564689,retrograde
NorthNode,164.954276697,163.873149444,3709605885,3710583669,2518754.395085815340,2518765.712032846175,retrograde
NorthNode,163.920258312,163.226557968,3710864311,3711735221,2518768.960208839737,2518779.040186963044,retrograde
NorthNode,163.337087334,163.011130964,3712189258,3712942043,2518784.295243230648,2518793.008030341938,retrograde
NorthNode,163.082413913,162.974339355,3713401375,3714092915,2518798.324370107614,2518806.328311376274,retrograde
Mercury,351.422343118,337.111591958,3713969888,3715903846,2518804.904378622770,2518827.288153253496,retrograde
NorthNode,162.989879204,162.987381524,3714531386,3714760143,2518811.403204218484,2518814.050855017267,retrograde
Jupiter,233.240248871,223.357089304,3715003469,3725676554,2518816.867129348218,2518940.398199252784,retrograde
NorthNode,163.028562631,162.906759974,3715313642,3715941448,2518820.457089871168,2518827.723368902691,retrograde
NorthNode,163.006152615,162.497764294,3716448685,3717323051,2518833.594164044596,2518843.714143423364,retrograde
NorthNode,162.568462978,161.978680813,3717682979,3718489951,2518847.879971035756,2518857.219923620112,retrograde
NorthNode,162.030699388,160.744932167,3718795567,3719869646,2518860.757151367143,2518873.188615330495,retrograde
NorthNode,160.756889150,159.655016446,3720037549,3721045771,2518875.131942693144,2518886.801175572909,retrograde
NorthNode,159.656740613,157.948653982,3721134900,3722375874,2518887.832758651115,2518902.195885137655,retrograde
NorthNode,157.948722151,156.746433335,3722404835,3723474925,2518902.531084125862,2518914.916382151656,retrograde
NorthNode,156.751981041,155.406644712,3723608803,3724712519,2518916.465897250921,2518929.240394991823,retrograde
Neptune,351.468004824,348.666737376,3724246684,3737986502,2518923.848784039728,2519082.874452718534,retrograde
Mercury,114.491413121,104.816126121,3724597968,3726690002,2518927.914566658437,2518952.127921618521,retrograde
NorthNode,155.429962797,154.638404082,3724930102,3725824749,2518931.758710398339,2518942.113416766748,retrograde
NorthNode,154.705277337,154.095127815,3726175692,3727059618,2518946.175257370807,2518956.405884964392,retrograde
NorthNode,154.167718231,153.896885900,3727451790,3728183478,2518960.944917570800,2518969.413522388786,retrograde
Uranus,26.828515685,22.879001036,3727577220,3740757786,2518962.396656111814,2519114.949494055472,retrograde
NorthNode,153.989120745,153.908495011,3728744375,3729420891,2518975.905388351530,2518983.735438361764,retrograde
NorthNode,153.916076367,153.914752750,3729784693,3729970230,2518987.946111560799,2518990.093528363854,retrograde
NorthNode,153.953364368,153.772731135,3730543913,3731310496,2518996.733377102762,2519005.605861025862,retrograde
NorthNode,153.860873694,153.543780777,3731790131,3732504418,2519011.157190488651,2519019.424408293329,retrograde
NorthNode,153.626119031,152.719668238,3732896613,3733874367,2519023.963694494218,2519035.280301265419,retrograde
NorthNode,152.763521594,151.901989190,3734153633,3735046813,2519038.512547547929,2519048.850276057608,retrograde
Mercury,230.008168871,214.125117531,3734709453,3736479259,2519044.945646196604,2519065.429508015513,retrograde
NorthNode,151.918675221,150.168217862,3735237738,3736432065,2519051.060058135539,2519064.883282865398,retrograde
Pluto,122.243896195,119.976742232,3735603487,3749542721,2519055.293259075843,2519216.626985878684,retrograde
NorthNode,150.169173367,148.925573648,3736501739,3737572972,2519065.689695390873,2519078.088224222884,retrograde
NorthNode,148.925663666,147.067496674,3737604891,3738836551,2519078.457658256404,2519092.712979159318,retrograde
NorthNode,147.075892951,146.065622810,3738982535,3739918825,2519094.402606891468,2519105.239301130176,retrograde
NorthNode,146.102408702,145.036969507,3740175665,3741175504,2519108.211988157593,2519119.784197621047,retrograde
Saturn,165.488895433,158.616254271,3740235093,3751955940,2519108.899812676013,2519244.557766214013,retrograde
NorthNode,145.108634921,144.678648673,3741524046,3742279396,2519123.818243446760,2519132.560721586458,retrograde
Venus,323.208796740,307.544884784,3741927949,3745485990,2519128.493054734543,2519169.674081942067,retrograde
Mars,166.057825062,146.562585677,3742067077,3749064624,2519130.103334491141,2519211.093459022231,retrograde
NorthNode,144.783312138,144.538891236,3742756239,3743529291,2519138.079744927585,2519147.027104522102,retrograde
NorthNode,144.592899439,144.577624228,3744060308,3744504592,2519153.173127752729,2519158.315309965052,retrograde
Mercury,334.908377020,319.682523959,3744082255,3745951012,2519153.427143916488,2519175.056278847158,retrograde
NorthNode,144.578297237,144.512140158,3744647736,3745338090,2519159.972072232515,2519167.962278887630,retrograde
NorthNode,144.599865615,144.357196171,3745894587,3746590045,2519174.403209426440,2519182.452501920052,retrograde
NorthNode,144.441991213,143.758846000,3747005767,3747916671,2519187.264097579755,2519197.806961017661,retrograde
NorthNode,143.825789935,143.055609165,3748257849,3749123102,2519201.755779676139,2519211.770288213156,retrograde
Jupiter,264.224724905,254.375506300,3749332141,3759957429,2519214.189720965922,2519337.167584866285,retrograde
NorthNode,143.082357179,141.585678909,3749350375,3750484698,2519214.400758884847,2519227.529503945261,retrograde
NorthNode,141.590472027,140.422427383,3750609094,3751659850,2519228.969262802042,2519241.130794875324,retrograde
NorthNode,140.422481130,138.629454190,3751686787,3752947880,2519241.442569606006,2519256.038545859978,retrograde
NorthNode,138.631438450,137.587429368,3753040206,3754026880,2519257.107136596926,2519268.526970834471,retrograde
NorthNode,137.600892712,136.336988332,3754205224,3755286145,2519270.591137357987,2519283.101797148585,retrograde
Mercury,94.523473655,85.776870548,3754485255,3756561251,2519273.832240797579,2519297.859972946346,retrograde
NorthNode,136.384175025,135.827679480,3755581886,3756382667,2519286.524733226746,2519295.793029971421,retrograde
Neptune,353.699488541,350.898665746,3756005229,3769732862,2519291.424532658421,2519450.309171625413,retrograde
NorthNode,135.900633361,135.415652627,3756757332,3757633003,2519300.129432487302,2519310.264510748908,retrograde
NorthNode,135.501478977,135.374843552,3758113186,3758749240,2519315.822187366895,2519323.183914361522,retrograde
NorthNode,135.423140668,135.415783716,3759318597,3759666766,2519329.773699717596,2519333.803437561728,retrograde
Uranus,30.846618277,26.893346287,3759489358,3772654117,2519331.750099300407,2519484.119997131638,retrograde
NorthNode,135.422056813,135.353566113,3759991066,3760637082,2519337.556905047968,2519345.033938480541,retrograde
NorthNode,135.416516133,135.133058345,3761116714,3761884844,2519350.585244433954,2519359.475635524839,retrograde
NorthNode,135.236070939,134.719888856,3762350996,3763161365,2519364.870907634497,2519374.250179622322,retrograde
NorthNode,134.774253406,133.767476972,3763472153,3764458125,2519377.847265447490,2519389.258977179416,retrograde
NorthNode,133.798872598,132.710048419,3764706332,3765689623,2519392.131743504666,2519403.512432427146,retrograde
Mercury,213.913901521,198.392082248,3764799088,3766625728,2519393.205304846168,2519414.346971876919,retrograde
NorthNode,132.715173928,130.987675063,3765812357,3767031363,2519404.932962538674,2519419.041822782718,retrograde
NorthNode,130.987697022,129.693348086,3767051711,3768146248,2519419.277337840758,2519431.945582096465,retrograde
Pluto,123.611298001,121.332326692,3767281514,3781211837,2519421.937092966400,2519583.167686075903,retrograde
NorthNode,129.694916550,128.028699869,3768227488,3769387776,2519432.885861836374,2519446.315128385089,retrograde
NorthNode,128.051428118,127.184301522,3769602889,3770493219,2519448.804853518493,2519459.109607868828,retrograde
NorthNode,127.231726797,126.369158217,3770776227,3771730421,2519462.385152908042,2519473.429067695513,retrograde
NorthNode,126.470838080,126.188992650,3772163494,3772858802,2519478.441490500234,2519486.489032085985,retrograde
Saturn,178.602867319,171.763286544,3772902691,3784691524,2519486.997015111148,2519623.441839016974,retrograde
NorthNode,126.269574856,126.138413500,3773337489,3774082531,2519492.029395569116,2519500.652570576407,retrograde
Mercury,318.677201202,302.857289477,3774216028,3776023120,2519502.197673685849,2519523.113090194762,retrograde
NorthNode,126.152104708,126.149998226,3774497906,3774710732,2519505.460146707483,2519507.923412689939,retrograde
NorthNode,126.185629230,126.042853317,3775233477,3775908347,2519513.973704472184,2519521.784695677459,retrograde
NorthNode,126.158005319,125.704837433,3776441255,3777251012,2519527.952612154186,2519537.324804515578,retrograde
NorthNode,125.772481791,125.024625390,3777597916,3778486202,2519541.339890120551,2519551.620983668603,retrograde
NorthNode,125.078593541,123.968691157,3778794500,3779782808,2519555.189245700836,2519566.627994243987,retrograde
NorthNode,123.980081039,122.551348361,3779944441,3781064045,2519568.498750865459,2519581.457124129869,retrograde
NorthNode,122.552374005,121.141025789,3781138983,3782277926,2519582.324468280189,2519595.506675888784,retrograde
NorthNode,121.141140599,119.612148583,3782311852,3783478081,2519595.899339618161,2519609.397360368632,retrograde
NorthNode,119.621142402,118.574446558,3783636836,3784618958,2519611.234798190184,2519622.601948036812,retrograde
Jupiter,296.918699144,287.081796775,3783861276,3794367805,2519613.832490026951,2519735.435831427574,retrograde
Mercury,74.515719173,65.914235504,3784342522,3786403591,2519619.402460031211,2519643.257429912686,retrograde
NorthNode,118.599254267,117.640563378,3784839823,3785821935,2519625.158255266957,2519636.525294784456,retrograde
NorthNode,117.717638318,117.274010557,3786198602,3786975564,2519640.884872373194,2519649.877489857376,retrograde
NorthNode,117.346042515,117.049897042,3787372801,3788172978,2519654.475132116117,2519663.736445442773,retrograde
Neptune,355.934740176,353.134608079,3787757693,3801486183,2519658.929903139360,2519817.824462368153,retrograde
NorthNode,117.132377401,117.086834525,3788749045,3789342505,2519670.403887635097,2519677.272638517432,retrograde
NorthNode,117.089090281,117.082476208,3789570307,3789912780,2519679.909227075055,2519683.873042195104,retrograde
NorthNode,117.140596668,116.940990853,3790529103,3791288811,2519691.006402951665,2519699.799328621477,retrograde
Uranus,34.883777209,30.926324656,3791412793,3804559216,2519701.234297757037,2519853.391976510175,retrograde
NorthNode,117.013660865,116.655140058,3791716298,3792465180,2519704.747087785043,2519713.414702592418,retrograde
Venus,172.797286403,156.568172959,3792024191,3795715455,2519708.310673279688,2519751.033631237224,retrograde
NorthNode,116.746903389,115.924283304,3792881730,3793822110,2519718.235889394768,2519729.119915986434,retrograde
NorthNode,115.959238484,114.981065234,3794075245,3795029231,2519732.049714985304,2519743.091218312271,retrograde
Mercury,197.503853836,182.525828332,3794869074,3796762935,2519741.237550266087,2519763.157240167260,retrograde
NorthNode,114.997976918,113.539793125,3795227539,3796351647,2519745.386452278122,2519758.396958949976,retrograde
NorthNode,113.540634919,112.084136490,3796417499,3797566467,2519759.159139964730,2519772.457375930622,retrograde
NorthNode,112.084281850,110.596947296,3797605225,3798750692,2519772.905967527069,2519786.163684122264,retrograde
NorthNode,110.603438495,109.357733046,3798882508,3799909511,2519787.689335754141,2519799.575946248136,retrograde
Pluto,124.996656289,122.705941233,3798970559,3812873746,2519788.708449364640,2519949.624966024421,retrograde
NorthNode,109.399486460,108.553401088,3800185068,3801095412,2519802.765262572095,2519813.301645859145,retrograde
NorthNode,108.613755123,108.050155466,3801416093,3802260652,2519817.013241367415,2519826.788228048012,retrograde
NorthNode,108.168149316,107.968196066,3802763919,3803458845,2519832.613075865433,2519840.656195471063,retrograde
NorthNode,108.021681287,107.992918241,3803957095,3804508184,2519846.422978535295,2519852.801328655332,retrograde
Mercury,302.644132655,286.493527858,3804360070,3806116547,2519851.087042160332,2519871.416634537280,retrograde
NorthNode,107.993279199,107.922939383,3804622300,3805334295,2519854.122112665325,2519862.362799815834,retrograde
Saturn,191.396530728,184.592432799,3805539353,3817407582,2519864.736149668694,2520002.099911347032,retrograde
NorthNode,107.992818071,107.772091299,3805834084,3806506941,2519868.147393261082,2519875.935090292245,retrograde
NorthNode,107.880053496,107.149710792,3806971849,3807893290,2519881.315972894430,2519891.980794235133,retrograde
NorthNode,107.205729773,106.423272428,3808201109,3809067515,2519895.543514645658,2519905.571364549920,retrograde
Mars,199.657267768,180.744234198,3808256039,3815185578,2519896.179278795607,2519976.382276029326,retrograde
NorthNode,106.456022248,104.923559373,3809316319,3810439162,2519908.451037169434,2519921.446904237382,retrograde
NorthNode,104.927433893,103.660296083,3810550087,3811634817,2519922.730763728730,2519935.285507120192,retrograde
NorthNode,103.660320798,101.942342580,3811656132,3812884525,2519935.532205720432,2519949.749718817882,retrograde
NorthNode,101.944403962,100.777606779,3812974445,3813996718,2519950.790455011651,2519962.622327051125,retrograde
Mercury,55.011029112,45.679634996,3814208601,3816267007,2519965.074668571353,2519988.898819431663,retrograde
NorthNode,100.798136915,99.695076232,3814209280,3815223465,2519965.082528996281,2519976.820778708905,retrograde
NorthNode,99.737513035,99.113949706,3815500121,3816349428,2519980.022823460400,2519989.852756975219,retrograde
NorthNode,99.208962240,98.835975620,3816780483,3817576908,2519994.841828379780,2520004.059704536572,retrograde
NorthNode,98.906499757,98.774897792,3818023242,3818708111,2520009.225606631488,2520017.152333277278,retrograde
Jupiter,331.683198720,321.830273203,3818586380,3828931072,2520015.743416570127,2520135.473648004234,retrograde
NorthNode,98.817937932,98.817600152,3819347661,3819469147,2520024.554536885582,2520025.960615959018,retrograde
Neptune,358.174065980,355.374044923,3819514662,3833230271,2520026.487419283949,2520185.232887822203,retrograde
NorthNode,98.833414656,98.762924596,3819945176,3820547742,2520031.470219011419,2520038.444363923743,retrograde
NorthNode,98.841789605,98.476062724,3821066897,3821905816,2520044.453097918071,2520054.162805752829,retrograde
NorthNode,98.556069707,98.092772495,3822312206,3823079741,2520058.866392616183,2520067.749907690100,retrograde
Uranus,38.942165259,34.980539502,3823330495,3836459125,2520070.652146893553,2520222.603879678063,retrograde
NorthNode,98.154731272,97.026682609,3823415495,3824457831,2520071.635946730152,2520083.700018969364,retrograde
NorthNode,97.048645908,96.062902204,3824670702,3825623384,2520086.163809751160,2520097.190211115405,retrograde
Mercury,180.631691978,166.437535147,3824916661,3826880997,2520089.010551750660,2520111.745920874178,retrograde
NorthNode,96.068473280,94.298607629,3825754909,3827000285,2520098.712502174079,2520113.126573020592,retrograde
NorthNode,94.298619065,93.076564339,3827016233,3828092386,2520113.311152661219,2520125.766631120816,retrograde
NorthNode,93.078418083,91.466252412,3828182076,3829348177,2520126.804710043594,2520140.301249978133,retrograde
NorthNode,91.484273098,90.601254373,3829542013,3830441267,2520142.544722232968,2520152.952756817453,retrograde
Pluto,126.401334758,124.099439362,3830654671,3844550575,2520155.422699120827,2520316.254926375113,retrograde
NorthNode,90.657605334,89.851020237,3830753277,3831690938,2520156.563978658058,2520167.416541382670,retrograde
NorthNode,89.931019441,89.610013051,3832076214,3832802573,2520171.875749809667,2520180.282680430450,retrograde
NorthNode,89.711744699,89.588754384,3833334058,3834048312,2520186.434126623906,2520194.700958066620,retrograde
Mercury,286.739236628,270.448713936,3834505687,3836227747,2520199.994652621448,2520219.925898976624,retrograde
NorthNode,89.605263566,89.605050635,3834513711,3834609844,2520200.087523088790,2520201.200167750008,retrograde
NorthNode,89.638308795,89.464232591,3835168537,3835917514,2520207.666521112435,2520216.335236574523,retrograde
NorthNode,89.565375439,89.213816729,3836417845,3837144553,2520222.126105004922,2520230.537076774053,retrograde
NorthNode,89.295109256,88.349163650,3837522867,3838496746,2520234.915719187818,2520246.187464855611,retrograde
Saturn,203.877115638,197.109260915,3838152951,3850100846,2520242.208354987204,2520380.494179695845,retrograde
NorthNode,88.395796837,87.475940431,3838780444,3839686043,2520249.470998707227,2520259.952470188960,retrograde
NorthNode,87.490142353,85.713316339,3839863277,3841064845,2520262.003787619993,2520275.910828921013,retrograde
NorthNode,85.714013752,84.487318015,3841128236,3842197320,2520276.644523076713,2520289.018177785911,retrograde
NorthNode,84.487487091,82.682296945,3842236558,3843463804,2520289.472317776643,2520303.676559453830,retrograde
Venus,35.763828226,19.416052332,3842809057,3846471719,2520296.098473107442,2520338.490389620885,retrograde
NorthNode,82.691753121,81.759259909,3843619627,3844543709,2520305.480069691315,2520316.175463610329,retrograde
Mercury,36.303522900,25.625794211,3844128116,3846176142,2520311.365357846022,2520335.069355621934,retrograde
NorthNode,81.792012171,80.759943885,3844792508,3845803449,2520319.055077768862,2520330.755785448477,retrograde
NorthNode,80.829690235,80.432878172,3846158812,3846904496,2520334.868778119795,2520343.499385405332,retrograde
NorthNode,80.522639456,80.253336916,3847354820,3848154318,2520348.711469691247,2520357.964912791736,retrograde
NorthNode,80.314603343,80.283203479,3848686733,3849264187,2520364.127130217850,2520370.810623915866,retrograde
NorthNode,80.283382486,80.258244412,3849359284,3849920786,2520371.911281398498,2520378.410147848539,retrograde
NorthNode,80.329122633,80.143494238,3850515637,3851208816,2520385.294993184507,2520393.317897086963,retrograde
Neptune,0.416426573,357.616116080,3851267094,3864979200,2520393.992419713177,2520552.697350061499,retrograde
NorthNode,80.218753860,79.723742873,3851635464,3852488418,2520398.255962786265,2520408.128109468147,retrograde
NorthNode,79.803784704,79.129173500,3852875939,3853730163,2520412.613301103003,2520422.500162890181,retrograde
Jupiter,8.148906416,358.236609330,3853421354,3863631105,2520418.925979390740,2520537.094399705529,retrograde
NorthNode,79.163456560,77.914558906,3853984511,3855055351,2520425.443997853436,2520437.837986414321,retrograde
Mercury,163.150428964,150.013283182,3854938711,3856967111,2520436.487979069352,2520459.964829824865,retrograde
NorthNode,77.926217195,76.779520951,3855228370,3856256651,2520439.840512502939,2520451.741915684193,retrograde
Uranus,43.023626552,39.056719808,3855256018,3868366180,2520440.160523005761,2520591.898509119637,retrograde
NorthNode,76.780290640,75.027402421,3856321869,3857569005,2520452.496758360416,2520466.931197722442,retrograde
NorthNode,75.027733448,73.863943201,3857619759,3858658518,2520467.518632855266,2520479.541303547099,retrograde
NorthNode,73.870599861,72.427282049,3858794350,3859907452,2520481.113438162021,2520493.996557644568,retrograde
NorthNode,72.466550456,71.779309278,3860176405,3861010733,2520497.109437513165,2520506.766016975977,retrograde
NorthNode,71.843034942,71.205322624,3861344057,3862252321,2520510.623932446353,2520521.136245773174,retrograde
Pluto,127.826973513,125.514112429,3862346755,3876231095,2520522.229234860279,2520682.927613337524,retrograde
NorthNode,71.306967276,71.128570709,3862725653,3863378489,2520526.614630202763,2520534.170603275299,retrograde
NorthNode,71.191572423,71.157780153,3863907932,3864494668,2520540.298413222656,2520547.089334440418,retrograde
NorthNode,71.158166150,71.102950166,3864612125,3865267513,2520548.448791737668,2520556.034305514768,retrograde
Mercury,270.920193082,254.619626307,3864646731,3866354096,2520548.849329285324,2520568.610490955412,retrograde
NorthNode,71.165098409,70.906068124,3865751411,3866484156,2520561.634977966547,2520570.115821030922,retrograde
NorthNode,71.022179565,70.434857504,3866966863,3867803981,2520575.702704223804,2520585.391570817679,retrograde
NorthNode,70.491343675,69.495482510,3868110870,3869067940,2520588.943522038870,2520600.020727689378,retrograde
NorthNode,69.529312561,68.297389446,3869319748,3870338161,2520602.935169622302,2520614.722360356711,retrograde
NorthNode,68.301711781,66.629506813,3870451971,3871649274,2520616.039598415606,2520629.897279082797,retrograde
Saturn,216.064783536,209.332643245,3870752843,3882763395,2520619.521912075579,2520758.532932244241,retrograde
NorthNode,66.629515833,65.255234405,3871664442,3872785011,2520630.072835962288,2520643.042376791127,retrograde
NorthNode,65.257303424,63.722624852,3872873929,3874000880,2520644.071521497332,2520657.114942717366,retrograde
Mercury,18.402427993,6.176614451,3874116818,3876133686,2520658.456809625030,2520681.800196394324,retrograde
NorthNode,63.747410590,62.886076225,3874226588,3875130878,2520659.727302285843,2520670.193619585596,retrograde
Mars,238.027741392,221.068412677,3875102108,3881649531,2520669.860632396303,2520745.640991092660,retrograde
NorthNode,62.931016775,62.152582331,3875411960,3876345824,2520673.446882079355,2520684.255496688187,retrograde
NorthNode,62.252371090,61.975797789,3876787435,3877494298,2520689.366737521254,2520697.548021718860,retrograde
NorthNode,62.047756383,61.911670037,3877955317,3878697953,2520702.883879602887,2520711.479212102480,retrograde
NorthNode,61.936199621,61.936108451,3879257098,3879334238,2520717.950793741271,2520718.843622527085,retrograde
NorthNode,61.959829173,61.864158635,3879867905,3880505531,2520725.020317689516,2520732.400254623964,retrograde
NorthNode,61.964116660,61.584802455,3881054457,3881867953,2520738.753558003344,2520748.169020673260,retrograde
NorthNode,61.651514649,61.091469875,3882234136,3883063601,2520752.407248931937,2520762.007544066757,retrograde
Neptune,2.660878516,359.859420829,3883027843,3896725595,2520761.593672460876,2520920.132470452227,retrograde
NorthNode,61.155110612,60.136763988,3883405821,3884394454,2520765.968424517661,2520777.410934882239,retrograde
NorthNode,60.153822732,58.978973808,3884586003,3885629127,2520779.627930809744,2520791.701132388785,retrograde
Mercury,144.915845413,133.080321201,3884931592,3887005246,2520783.627814449370,2520807.628431163728,retrograde
NorthNode,58.983008113,57.522676878,3885750127,3886914584,2520793.101597633213,2520806.579109236598,retrograde
NorthNode,57.522682183,56.076680795,3886926813,3888089819,2520806.720643428154,2520820.181357106194,retrograde
Uranus,47.128944882,43.155961165,3887178249,3900272661,2520809.630787805654,2520961.186481970362,retrograde
NorthNode,56.079829942,54.827370389,3888200457,3889259578,2520821.461889361031,2520833.720238874666,retrograde
Jupiter,45.105166959,35.111856313,3888235057,3898386982,2520821.862353354692,2520939.361489526927,retrograde
NorthNode,54.843095485,53.785500099,3889443292,3890434023,2520835.846556121483,2520847.313355063088,retrograde
NorthNode,53.850003710,53.238115660,3890772028,3891610358,2520851.225442823023,2520860.928337150253,retrograde
NorthNode,53.308160139,52.911888510,3891974527,3892785983,2520865.143255379982,2520874.535106998868,retrograde
Venus,244.543136286,229.151100383,3893050481,3896613556,2520877.596429081634,2520918.835728509352,retrograde
NorthNode,53.018014763,52.921646549,3893340254,3893977478,2520880.950289392844,2520888.325561745092,retrograde
Pluto,129.275395906,126.951541737,3894034201,3907911000,2520888.982078698464,2521049.593183728866,retrograde
NorthNode,52.941612909,52.941612041,3894499482,3894515271,2520894.367280042730,2520894.550023407675,retrograde
Mercury,255.117031316,238.902517177,3894777882,3896492204,2520897.589498899877,2520917.431192472577,retrograde
NorthNode,52.977342029,52.803853344,3895143029,3895901551,2520901.815741707571,2520910.594931027852,retrograde
NorthNode,52.883928465,52.550957448,3896352341,3897071178,2520915.812399020419,2520924.132281343453,retrograde
NorthNode,52.651696033,51.744083564,3897495150,3898454277,2520929.039365282282,2520940.140370460227,retrograde
NorthNode,51.784168502,50.811828697,3898715374,3899639985,2520943.162326376885,2520953.863844504580,retrograde
NorthNode,50.830029437,49.176867507,3899838521,3900997755,2520956.161704955623,2520969.578773247078,retrograde
NorthNode,49.177571411,47.766566615,3901059071,3902176128,2520970.288439865224,2520983.217351508327,retrograde
NorthNode,47.766779673,46.148779904,3902219588,3903391941,2520983.720357455313,2520997.289250691421,retrograde
Saturn,227.991464124,221.293263230,3903330559,3915397659,2520996.578819520772,2521136.244330570102,retrograde
NorthNode,46.156851139,45.025608139,3903534173,3904520782,2520998.935458430089,2521010.354540152475,retrograde
Mercury,1.175636332,347.539781410,3904165730,3906133177,2521006.245151281357,2521029.016529068351,retrograde
NorthNode,45.068711340,44.200593156,3904800695,3905735184,2521013.594283584505,2521024.410128798336,retrograde
NorthNode,44.262044473,43.776116631,3906064656,3906875160,2521028.223460519686,2521037.604288896546,retrograde
NorthNode,43.886962737,43.686150803,3907377222,3908095548,2521043.415188529529,2521051.729151963256,retrograde
NorthNode,43.736351997,43.707497443,3908593717,3909179796,2521057.494991073385,2521064.278316191398,retrograde
NorthNode,43.707542538,43.654564636,3909238937,3909943728,2521064.962825683877,2521073.120126319118,retrograde
NorthNode,43.719157950,43.538298538,3910466365,3911125869,2521079.169164258055,2521086.802308882587,retrograde
NorthNode,43.631964808,43.016512770,3911588482,3912498705,2521092.156626713462,2521102.691620062105,retrograde
NorthNode,43.076805560,42.435667356,3912832820,3913665006,2521106.558688194491,2521116.190475748852,retrograde
NorthNode,42.473008590,41.093141791,3913933476,3915042588,2521119.297760381363,2521132.134701486677,retrograde
Neptune,4.905893665,2.102774787,3914781308,3928478858,2521129.110632077791,2521287.647093408741,retrograde
Mercury,125.875458119,115.447695640,3914888935,3916980052,2521130.356313809752,2521154.559061460197,retrograde
NorthNode,41.100507837,40.002350883,3915185522,3916213802,2521133.789039115421,2521145.690430000424,retrograde
NorthNode,40.002840362,38.253529136,3916272069,3917523520,2521146.364813975058,2521160.849194584414,retrograde
NorthNode,38.253975172,37.117995506,3917578084,3918612671,2521161.480725144967,2521173.455109076574,retrograde
NorthNode,37.127679506,35.805148227,3918774294,3919860268,2521175.325744849630,2521187.894892883487,retrograde
Uranus,51.258350084,47.277293522,3919104352,3932182443,2521179.145867605694,2521330.512659451924,retrograde
NorthNode,35.837426097,35.134026846,3920106533,3920964879,2521190.745177897625,2521200.679746217094,retrograde
NorthNode,35.213258599,34.666092839,3921343627,3922208169,2521205.063396803103,2521215.069669557735,retrograde
NorthNode,34.745761889,34.547131675,3922633071,3923326524,2521219.987518864684,2521228.013599320315,retrograde
Jupiter,81.061697871,71.006463194,3922878034,3933071345,2521222.822744816542,2521340.800872229040,retrograde
NorthNode,34.622074015,34.595829370,3923919141,3924470265,2521234.872588624246,2521241.251334960572,retrograde
NorthNode,34.596077598,34.558000744,3924572643,3925161716,2521242.436267862096,2521249.254248545505,retrograde
Mercury,239.265243361,223.227735944,3924895213,3926638420,2521246.169723950326,2521266.345720000565,retrograde
NorthNode,34.625334582,34.317324260,3925688513,3926496362,2521255.351436266676,2521264.701532573439,retrograde
Pluto,130.747174980,128.411912397,3925718843,3939591881,2521255.702469986863,2521416.270039663650,retrograde
NorthNode,34.413689189,33.951687675,3926939487,3927698014,2521269.830293142237,2521278.609543622471,retrograde
NorthNode,34.020767835,32.857866815,3928039523,3929069832,2521282.562201229855,2521294.487064908259,retrograde
NorthNode,32.886203344,31.841396801,3929299831,3930245251,2521297.149088763632,2521308.091458009556,retrograde
NorthNode,31.847636606,29.933678618,3930377600,3931632649,2521309.623267442919,2521324.149304742925,retrograde
NorthNode,29.933684179,28.675514977,3931645091,3932713679,2521324.293310172856,2521336.661222542636,retrograde
NorthNode,28.677612229,26.978361904,3932804917,3933978091,2521337.717215153389,2521351.295624688268,retrograde
NorthNode,27.000250774,26.161026659,3934186412,3935063624,2521353.706745999865,2521363.859658113681,retrograde
Mercury,344.444520712,329.703834338,3934259004,3936165800,2521354.546932451427,2521376.616328254342,retrograde
NorthNode,26.217207967,25.413713121,3935373614,3936320523,2521367.447508794256,2521378.407106213272,retrograde
Saturn,239.700164400,233.032314292,3935893891,3948020327,2521373.469236530364,2521513.821495726705,retrograde
NorthNode,25.498842272,25.220671704,3936725507,3937427658,2521383.094423440285,2521391.221160488203,retrograde
NorthNode,25.310875045,25.195876588,3937947356,3938676494,2521397.236192231067,2521405.675289762206,retrograde
NorthNode,25.208660815,25.207976773,3939104524,3939254587,2521410.629332434386,2521412.366177237593,retrograde
NorthNode,25.238972352,25.089313422,3939794565,3940521153,2521418.615924382582,2521427.025505938567,retrograde
NorthNode,25.188278629,24.858835002,3941040173,3941779298,2521433.032678146847,2521441.587374589406,retrograde
NorthNode,24.930518446,24.149729814,3942151754,3943091162,2521445.898206021637,2521456.770976478234,retrograde
NorthNode,24.201399886,23.364143316,3943400099,3944304500,2521460.346636858769,2521470.814244498499,retrograde
Venus,103.479316611,86.954062033,3943517586,3947240452,2521461.706438099965,2521504.795175271109,retrograde
Mars,290.662389572,278.456090781,3943534495,3949192198,2521461.902147610672,2521527.384817129932,retrograde
NorthNode,23.380471328,21.856145780,3944494926,3945654134,2521473.018249938264,2521486.435009691864,retrograde
Mercury,106.133504557,96.927096173,3944801145,3946885935,2521476.562448725104,2521500.691959924996,retrograde
NorthNode,21.858219214,20.693494987,3945748973,3946828205,2521487.532678775489,2521500.023793016560,retrograde
Neptune,7.150306146,4.344988644,3946542374,3960229657,2521496.715562627651,2521655.133187132888,retrograde
NorthNode,20.693497173,18.959637357,3946837483,3948087683,2521500.131175486371,2521514.601081533358,retrograde
NorthNode,18.963899620,17.978856496,3948208690,3949172723,2521516.001624687575,2521527.159417700954,retrograde
NorthNode,17.997934404,16.821869059,3949375035,3950426897,2521529.500993857160,2521541.675319196656,retrograde
NorthNode,16.880948863,16.389665016,3950753567,3951530487,2521545.456227606162,2521554.448357846588,retrograde
Uranus,55.410777600,51.421100479,3951030142,3964095500,2521548.657319233753,2521699.876746213995,retrograde
NorthNode,16.468567243,16.061101362,3951926362,3952774887,2521559.030234718695,2521568.851131460629,retrograde
NorthNode,16.146455359,16.065258964,3953290746,3953899785,2521574.821722838096,2521581.870788767934,retrograde
NorthNode,16.085281881,16.085199214,3954415675,3954489504,2521587.841727348976,2521588.696238295175,retrograde
Mercury,223.290122318,207.540803880,3954995266,3956787102,2521594.549966968596,2521615.288804993033,retrograde
NorthNode,16.127937397,15.985586284,3955132175,3955822958,2521596.134555386379,2521604.129727148451,retrograde
NorthNode,16.060400705,15.658232705,3956268057,3957065592,2521609.281342619099,2521618.512066932395,retrograde
Jupiter,115.086040131,105.018639098,3957316761,3967627330,2521621.419118396938,2521740.754402324557,retrograde
Pluto,132.242779054,129.895339913,3957408922,3971264854,2521622.485797046684,2521782.855383777060,retrograde
NorthNode,15.758468486,15.048610821,3957491519,3958354293,2521623.441780257970,2521633.427584799938,retrograde
NorthNode,15.090516125,13.883984347,3958622186,3959648162,2521636.528207278810,2521648.402929299511,retrograde
NorthNode,13.901229995,12.600089696,3959843324,3960888855,2521650.661742437631,2521662.762793529779,retrograde
NorthNode,12.601162227,10.808782387,3960959586,3962183816,2521663.581443793140,2521677.750767705962,retrograde
NorthNode,10.809058470,9.506814866,3962230960,3963294386,2521678.296416853555,2521690.604591963813,retrograde
NorthNode,9.513913079,8.065140227,3963429829,3964522720,2521692.172215764411,2521704.821422826499,retrograde
Mercury,328.072844303,312.562406362,3964381693,3966224400,2521703.189164750278,2521724.516786672175,retrograde
NorthNode,8.110206955,7.399232495,3964804415,3965645706,2521708.081783826463,2521717.818942181766,retrograde
NorthNode,7.463516371,6.862230866,3965977965,3966869184,2521721.664533135481,2521731.979565548711,retrograde
NorthNode,6.969520853,6.807118159,3967364135,3968014375,2521737.708168495446,2521745.234088946134,retrograde
Saturn,251.237273615,244.594882160,3968451664,3980620645,2521750.295311190188,2521891.140001878142,retrograde
NorthNode,6.860589628,6.837302007,3968533815,3969050807,2521751.246134149842,2521757.229834490456,retrograde
NorthNode,6.838438470,6.772108953,3969223711,3969909013,2521759.231042369269,2521767.162775901146,retrograde
NorthNode,6.832740418,6.600567285,3970386870,3971096232,2521772.693528100848,2521780.903735117055,retrograde
NorthNode,6.709842569,6.129361146,3971579899,3972441933,2521786.501730875112,2521796.478972638026,retrograde
NorthNode,6.181656077,5.356597880,3972748645,3973663805,2521800.028888742439,2521810.621012588032,retrograde
NorthNode,5.392569242,4.205781026,3973930167,3974967160,2521813.703909968026,2521825.706143175252,retrograde
Mercury,86.073852901,77.500822744,3974670030,3976740451,2521822.267141319811,2521846.230339348316,retrograde
NorthNode,4.211203991,2.813727573,3975093413,3976233095,2521827.167401360348,2521840.358164918609,retrograde
NorthNode,2.813879806,1.425273118,3976273177,3977428184,2521840.822077072226,2521854.190212990157,retrograde
NorthNode,1.425940829,0.020655031,3977489996,3978613207,2521854.905638176948,2521867.905764039606,retrograde
Neptune,9.393768778,6.586528795,3978297273,3991979273,2521864.249120042659,2522022.605596161447,retrograde
NorthNode,0.034826667,359.055033072,3978801488,3979769719,2521870.084935143590,2521881.291313912719,retrograde
NorthNode,359.086586169,358.242908445,3980014399,3980958948,2521884.123260020278,2521895.055538734421,retrograde
NorthNode,358.330648156,357.943241113,3981364221,3982127450,2521899.746196384542,2521908.579871485010,retrograde
NorthNode,358.016224860,357.789647497,3982545673,3983311733,2521913.420408852398,2521922.286848900840,retrograde
Uranus,59.587005503,55.587167221,3982956841,3996009315,2521918.179304278456,2522069.249602616765,retrograde
NorthNode,357.857232099,357.843664161,3983920134,3984364083,2521929.328528582118,2521934.466821960174,retrograde
NorthNode,357.844173192,357.805317293,3984497924,3985087867,2521936.015912902541,2521942.843949193135,retrograde
Mercury,207.079420093,191.767734603,3985076108,3986931159,2521942.707851789892,2521964.178357787430,retrograde
NorthNode,357.888043095,357.580670434,3985667069,3986468824,2521949.547677004710,2521958.827255031094,retrograde
NorthNode,357.657374796,357.193407474,3986869623,3987644634,2521963.466126585379,2521972.436169729568,retrograde
NorthNode,357.274133506,356.209436257,3988018076,3989011564,2521976.758414656855,2521988.257115541957,retrograde
Pluto,133.761747615,131.401361115,3989102645,4002944360,2521989.311287007295,2522149.516329984181,retrograde
NorthNode,356.234257657,355.111320680,3989227285,3990216194,2521990.753890112042,2522002.199588693678,retrograde
NorthNode,355.118648781,353.429344539,3990360681,3991548963,2522003.871892687865,2522017.625156311318,retrograde
NorthNode,353.429363029,351.971184548,3991567075,3992699282,2522017.834786741063,2522030.939034526236,retrograde
Jupiter,147.104281465,137.071478107,3991572568,4002023934,2522017.898367144167,2522138.863250046968,retrograde
NorthNode,351.973694684,350.504363703,3992799019,3993900222,2522032.093404852785,2522044.838799219579,retrograde
NorthNode,350.521350401,349.478541044,3994085442,3995045027,2522046.982551689260,2522058.088857931085,retrograde
Venus,320.753029285,305.117275844,3994179823,3997734497,2522048.074927883223,2522089.216987757012,retrograde
Mercury,311.941304665,295.954521426,3994521121,3996305259,2522052.025140292943,2522072.674880519509,retrograde
NorthNode,349.546954083,348.871354231,3995384207,3996248631,2522062.014551953413,2522072.019463689066,retrograde
NorthNode,348.945754624,348.585711712,3996620140,3997400378,2522076.319335417822,2522085.349868960679,retrograde
NorthNode,348.691413579,348.602261507,3997963315,3998614951,2522091.865340163000,2522099.407428802922,retrograde
NorthNode,348.614151167,348.613680643,3999026762,3999157462,2522104.173757739365,2522105.686485757120,retrograde
NorthNode,348.654940823,348.465362913,3999758352,4000530566,2522112.641238585114,2522121.578891955316,retrograde
NorthNode,348.547768445,348.224265293,4000987198,4001701209,2522126.863989161327,2522135.128000015393,retrograde
Saturn,262.652183746,256.028799425,4001004362,4013204035,2522127.062643207610,2522268.262571461499,retrograde
NorthNode,348.313927550,347.426778594,4002110125,4003083860,2522139.860830765218,2522151.130907180719,retrograde
NorthNode,347.465857179,346.608437504,4003350242,4004251950,2522154.214035779238,2522164.650476053357,retrograde
NorthNode,346.626174246,345.048037060,4004452493,4005623861,2522166.971566437744,2522180.529066932388,retrograde
Mercury,66.236914165,57.425343047,4004525613,4006585397,2522167.817870929837,2522191.657960139215,retrograde
NorthNode,345.049098609,343.829765862,4005696589,4006789924,2522181.370829750784,2522194.025166375563,retrograde
NorthNode,343.829790184,342.205370285,4006811354,4008031896,2522194.273203326389,2522208.399848939851,retrograde
NorthNode,342.210141687,341.169182720,4008153920,4009135130,2522209.812165479176,2522221.168755020946,retrograde
NorthNode,341.196846176,340.201965718,4009375065,4010372111,2522223.945782672614,2522235.485663191415,retrograde
Neptune,11.636043882,8.827284647,4010058519,4023737203,2522231.856125318445,2522390.174231831916,retrograde
NorthNode,340.252627752,339.727914128,4010677142,4011490016,2522239.016116239130,2522248.424384085461,retrograde
NorthNode,339.826450692,339.517117101,4011943014,4012726380,2522253.667416236363,2522262.734151940793,retrograde
NorthNode,339.582922809,339.498809348,4013198866,4013850750,2522268.202740167268,2522275.747693561949,retrograde
Mars,7.961156550,356.889935311,4013535087,4018870783,2522272.094182022847,2522333.849931336008,retrograde
NorthNode,339.512992463,339.510902978,4014289094,4014511246,2522280.821116201580,2522283.392321771942,retrograde
Uranus,63.786718706,59.777095081,4014885039,4027926404,2522287.718626861461,2522438.660350632854,retrograde
NorthNode,339.553185082,339.436017224,4015092898,4015724792,2522290.124402857386,2522297.437997723930,retrograde
Mercury,190.504941608,175.831582030,4015136304,4017061438,2522290.626791514456,2522312.908432282507,retrograde
NorthNode,339.523025869,339.035452157,4016208671,4017078349,2522303.038442791440,2522313.104164730757,retrograde
NorthNode,339.114288742,338.538098747,4017460727,4018260622,2522317.529829755425,2522326.787881832570,retrograde
NorthNode,338.587810800,337.223183403,4018555678,4019640581,2522330.202882042155,2522342.759622015990,retrograde
NorthNode,337.237052320,336.123891053,4019817300,4020810134,2522344.804982666858,2522356.296118989587,retrograde
Pluto,135.303898228,132.929655520,4020804414,4034623070,2522356.229912429117,2522516.168068782426,retrograde
NorthNode,336.125417134,334.174954918,4020892695,4022156819,2522357.251683554612,2522371.882745779119,retrograde
NorthNode,334.175134410,332.968002039,4022196397,4023231170,2522372.340828002430,2522384.317370920442,retrograde
NorthNode,332.975731716,331.443198734,4023375062,4024492078,2522385.982790292241,2522398.911211533472,retrograde
Mercury,295.974710252,279.740575312,4024667206,4026406126,2522400.938156291842,2522421.064545989037,retrograde
NorthNode,331.478834364,330.754718405,4024742334,4025584544,2522401.807690546848,2522411.555497992784,retrograde
Jupiter,177.650082263,167.671939018,4025731101,4036308285,2522413.251752324402,2522535.672872222960,retrograde
NorthNode,330.833970688,330.225148486,4025951335,4026837937,2522415.800762706436,2522426.062356777489,retrograde
NorthNode,330.313994460,330.131881723,4027280340,4027950070,2522431.182765133679,2522438.934267893434,retrograde
NorthNode,330.200419527,330.182146230,4028533457,4028999265,2522445.686428645626,2522451.077733197249,retrograde
NorthNode,330.183986009,330.129529454,4029199273,4029812599,2522453.392637513578,2522460.491312711500,retrograde
NorthNode,330.197768337,329.881786414,4030315121,4031113948,2522466.307538137771,2522475.553222586401,retrograde
NorthNode,329.982030725,329.491134584,4031564149,4032343715,2522480.763884543441,2522489.786638583057,retrograde
NorthNode,329.551181503,328.459746276,4032667366,4033687159,2522493.532601743937,2522505.335765188560,retrograde
Saturn,273.996211612,267.385278123,4033564269,4045775514,2522503.913427606225,2522645.247279569507,retrograde
NorthNode,328.487593285,327.476588448,4033922104,4034877430,2522508.055028821342,2522519.112049358897,retrograde
Mercury,47.050208875,37.195257493,4034411901,4036465563,2522513.723973743618,2522537.493218019605,retrograde
NorthNode,327.482155148,325.741927175,4035006192,4036247610,2522520.602345145307,2522534.970604387112,retrograde
NorthNode,325.741948417,324.565062637,4036267757,4037342182,2522535.203797849827,2522547.639270922169,retrograde
NorthNode,324.566202181,322.957377608,4037417513,4038603519,2522548.511153589003,2522562.238074717112,retrograde
NorthNode,322.973750396,322.152340002,4038797488,4039690269,2522564.483081013896,2522574.816199794412,retrograde
NorthNode,322.192385857,321.320782384,4039964438,4040945210,2522577.989456785843,2522589.340980493464,retrograde
NorthNode,321.398873829,321.076573138,4041333844,4042052486,2522593.839063922875,2522602.156672989950,retrograde
Neptune,13.878295945,11.068306789,4041817864,4055486941,2522599.441145197488,2522757.648047818802,retrograde
NorthNode,321.161685975,320.963196993,4042519977,4043297114,2522607.567453585565,2522616.562090606429,retrograde
NorthNode,321.008727098,321.003095596,4043861967,4044182822,2522623.099741240032,2522626.813341849484,retrograde
Venus,170.590565351,154.347902765,4044278324,4047974162,2522627.918686768040,2522670.694592034444,retrograde
NorthNode,321.005717482,320.942422085,4044422485,4045083825,2522629.587221016176,2522637.241615983658,retrograde
Mercury,173.393760620,159.613997676,4045174228,4047166959,2522638.287945516407,2522661.351964205503,retrograde
NorthNode,321.031113982,320.775625964,4045657376,4046386065,2522643.879939791746,2522652.313837526366,retrograde
NorthNode,320.850490447,320.251782483,4046784062,4047655304,2522656.920282332227,2522667.004110545851,retrograde
Uranus,68.011719074,63.991297747,4046815834,4059844518,2522657.288013533689,2522808.082972015254,retrograde
NorthNode,320.325030130,319.509841927,4048016392,4048911896,2522671.183362548240,2522681.547998073511,retrograde
NorthNode,319.535069363,318.120504515,4049131917,4050230614,2522684.094533299096,2522696.810939059593,retrograde
NorthNode,318.126579853,316.844552382,4050366371,4051443515,2522698.382190357894,2522710.849144171923,retrograde
NorthNode,316.844596588,315.017919988,4051468053,4052705409,2522711.133143097162,2522725.454391069710,retrograde
Pluto,136.868674156,134.480179580,4052503326,4066318129,2522723.115469762124,2522883.009028700180,retrograde
NorthNode,315.020466040,313.871896843,4052805179,4053805197,2522726.609143957496,2522738.183418584056,retrograde
NorthNode,313.887890815,312.579571749,4053987774,4055044426,2522740.296580950730,2522752.526345231570,retrograde
Mercury,280.116195122,263.803173434,4054811983,4056524464,2522749.836037978530,2522769.656420625746,retrograde
NorthNode,312.643555396,312.084408970,4055371696,4056161795,2522756.314202040434,2522765.458863440901,retrograde
NorthNode,312.163740888,311.719282336,4056542504,4057392215,2522769.865221865475,2522779.699828921817,retrograde
NorthNode,311.816490533,311.735950434,4057927135,4058532872,2522785.891040829942,2522792.901878212579,retrograde
NorthNode,311.751780645,311.751372595,4058985099,4059108140,2522798.135993121192,2522799.560082577169,retrograde
NorthNode,311.802071894,311.627780534,4059749144,4060470855,2522806.979109436274,2522815.332246662118,retrograde
Jupiter,207.529928178,197.607317800,4059865031,4070521986,2522808.320394739509,2522931.664774633944,retrograde
NorthNode,311.704222442,311.304861821,4060905386,4061682688,2522820.361531818286,2522829.358082053252,retrograde
NorthNode,311.404646328,310.619049135,4062105184,4063005212,2522834.248088248074,2522844.665076200850,retrograde
NorthNode,310.656324696,309.551012806,4063261490,4064260395,2522847.631257321686,2522859.192654849961,retrograde
Mercury,28.702057981,17.367086162,4064360020,4066397690,2522860.345720514655,2522883.929865635931,retrograde
NorthNode,309.567052060,308.227750114,4064453890,4065533680,2522861.432180824690,2522873.929755982012,retrograde
NorthNode,308.228629236,306.661555977,4065600764,4066793865,2522874.706186692230,2522888.515228346922,retrograde
Saturn,285.321943329,278.715448729,4066120748,4078335317,2522880.724521674216,2523022.096850775182,retrograde
NorthNode,306.661744816,305.358925436,4066836530,4067935252,2522889.009031133726,2522901.725730005652,retrograde
NorthNode,305.364405753,304.072382869,4068061639,4069135412,2522903.188537073322,2522915.616468315944,retrograde
NorthNode,304.108815988,303.362087155,4069403075,4070283059,2522918.714419386350,2522928.899419070221,retrograde
NorthNode,303.413827189,302.804073845,4070591057,4071482995,2522932.464203903452,2522942.787560493685,retrograde
NorthNode,302.906831853,302.693476936,4071959293,4072646764,2522948.300278133713,2522956.257118273526,retrograde
NorthNode,302.754849360,302.677966237,4073126779,4073835244,2522961.812846948393,2522970.012671849690,retrograde
Neptune,16.120606780,13.310139542,4073570259,4087241291,2522966.945717022754,2523125.175254778005,retrograde
NorthNode,302.681094677,302.669084634,4074088928,4074504796,2522972.948826049455,2522977.762117073871,retrograde
NorthNode,302.710923291,302.574472434,4075019647,4075672244,2522983.721032807603,2522991.274247293361,retrograde
Mercury,155.595865381,142.984236215,4075185381,4077234202,2522985.639256089926,2523009.352459177375,retrograde
NorthNode,302.678580072,302.204512787,4076192302,4077042088,2522997.293432997540,2523007.128922589123,retrograde
NorthNode,302.267455213,301.625022101,4077385691,4078230036,2523011.105804096907,2523020.878320815042,retrograde
NorthNode,301.678385968,300.496940650,4078541884,4079574065,2523024.487665753812,2523036.434211879969,retrograde
Uranus,72.262372270,68.232250461,4078748015,4091764923,2523026.873442796059,2523177.532103541307,retrograde
NorthNode,300.508259412,299.234218033,4079736443,4080800102,2523038.313587010838,2523050.624454743229,retrograde
NorthNode,299.235669916,297.642050076,4080884202,4082071002,2523051.597827715799,2523065.333938410506,retrograde
Mars,73.550802166,57.090474607,4081578123,4087794116,2523059.629324045964,2523131.573685384355,retrograde
NorthNode,297.642175983,296.196290011,4082105625,4083223433,2523065.734667637385,2523078.672268500552,retrograde
NorthNode,296.205341770,294.980370904,4083380023,4084408865,2523080.484644984826,2523092.392539677210,retrograde
Pluto,138.456232406,136.052955790,4084209439,4098014600,2523090.084370165132,2523249.866325012408,retrograde
NorthNode,295.009116170,294.087983232,4084636699,4085570183,2523095.029510426335,2523105.833722899668,retrograde
Mercury,264.303955144,248.030160072,4084949095,4086656712,2523098.645204432309,2523118.409296177328,retrograde
NorthNode,294.177972800,293.688508294,4085961282,4086762956,2523110.360334392637,2523119.638970290311,retrograde
NorthNode,293.767449893,293.519071306,4087173551,4087925086,2523124.391219934449,2523133.089545577765,retrograde
NorthNode,293.597630034,293.580764950,4088537419,4088994780,2523140.176734429784,2523145.470259558409,retrograde
NorthNode,293.581472962,293.539703870,4089138720,4089718282,2523147.136235506274,2523153.844125736505,retrograde
NorthNode,293.624415476,293.278304758,4090282549,4091102668,2523160.374993932433,2523169.867116550915,retrograde
NorthNode,293.360794671,292.885276784,4091507091,4092272938,2523174.547933127731,2523183.411901252344,retrograde
NorthNode,292.961235868,291.805458583,4092631722,4093655054,2523187.564497885294,2523199.408623267896,retrograde
NorthNode,291.828482142,290.766201683,4093865790,4094836707,2523201.847697488032,2523213.085157474503,retrograde
Jupiter,237.635300047,227.759683071,4094074710,4104747975,2523204.265751950443,2523327.798907712102,retrograde
Mercury,11.112726460,358.260185720,4094375349,4096374888,2523207.745370604098,2523230.888182297349,retrograde
NorthNode,290.772251732,289.033844433,4094972151,4096192204,2523214.652800665237,2523228.773780167103,retrograde
Venus,33.518900280,17.189701322,4095065760,4098725805,2523215.736236842349,2523258.097867885605,retrograde
NorthNode,289.033858167,287.743086948,4096208912,4097310513,2523228.967166459188,2523241.717168658040,retrograde
NorthNode,287.745315162,286.265744079,4097407561,4098540621,2523242.840417558327,2523255.954534775577,retrograde
Saturn,296.682256176,290.071372629,4098688661,4110899753,2523257.667959332466,2523399.000040553510,retrograde
NorthNode,286.281317294,285.366545230,4098724853,4099658213,2523258.086853340268,2523268.889626044780,retrograde
NorthNode,285.422815150,284.703358476,4099978967,4100885974,2523272.602055971511,2523283.099824901670,retrograde
NorthNode,284.770806411,284.418387664,4101248230,4102015057,2523287.292605020106,2523296.167914457619,retrograde
NorthNode,284.520251826,284.385064397,4102547748,4103245724,2523302.333313884214,2523310.411739163101,retrograde
NorthNode,284.416535272,284.414608174,4103770950,4103988684,2523316.490750519559,2523319.010814446025,retrograde
NorthNode,284.424206622,284.321479880,4104376842,4105110807,2523323.503390346654,2523331.998356580734,retrograde
Mercury,137.012401525,125.777900712,4105163122,4107247954,2523332.603852294385,2523356.733849197626,retrograde
Neptune,18.363987340,15.553383709,4105328587,4118987594,2523334.518958893605,2523492.609317130409,retrograde
NorthNode,284.398011962,284.165970262,4105615979,4106298095,2523337.845252657309,2523345.740117431618,retrograde
NorthNode,284.253979090,283.541982410,4106729312,4107667356,2523350.731053369120,2523361.588044140488,retrograde
NorthNode,283.595998842,282.871720064,4107980621,4108835218,2523365.213798196986,2523375.104960292578,retrograde
NorthNode,282.900012492,281.386264883,4109072942,4110216779,2523377.856396980584,2523391.095246382989,retrograde
NorthNode,281.390288814,280.216874889,4110331752,4111384584,2523392.425959715620,2523404.611514892429,retrograde
Uranus,76.540965859,72.500951424,4110684136,4123687124,2523396.504470990039,2523547.002017968334,retrograde
NorthNode,280.216925664,278.393109506,4111411401,4112668126,2523404.921893056482,2523419.467324135825,retrograde
NorthNode,278.395295074,277.278083269,4112760536,4113751747,2523420.536879574880,2523432.009231720120,retrograde
NorthNode,277.296631088,276.044295251,4113951661,4115005269,2523434.323053318076,2523446.517588894814,retrograde
Mercury,248.492535929,232.346750614,4115074225,4116799045,2523447.315687924623,2523467.278887405992,retrograde
NorthNode,276.094337316,275.496535826,4115297441,4116107505,2523449.899203774519,2523459.274951511063,retrograde
Pluto,140.067147093,137.648825558,4115906923,4129706313,2523456.953404075466,2523616.668566823937,retrograde
NorthNode,275.593466004,275.177556146,4116528729,4117355518,2523464.150228975341,2523473.719542277977,retrograde
NorthNode,275.257153751,275.154585223,4117831144,4118471470,2523479.224478680640,2523486.635653592646,retrograde
NorthNode,275.179143268,275.178821231,4118997956,4119110974,2523492.729244775139,2523494.037322767079,retrograde
NorthNode,275.222297631,275.094365005,4119721447,4120364750,2523501.102982900105,2523508.548617878929,retrograde
NorthNode,275.181829478,274.676467307,4120834521,4121694459,2523513.985787048936,2523523.938768798485,retrograde
NorthNode,274.764322878,274.131264315,4122087649,4122902433,2523528.489580427296,2523537.919952454045,retrograde
NorthNode,274.177022324,272.774944584,4123181938,4124268914,2523541.154964803718,2523553.735703907907,retrograde
NorthNode,272.788072649,271.650389299,4124443194,4125446451,2523555.752833580598,2523567.364607756026,retrograde
Mercury,354.120508628,339.973071191,4124445634,4126388230,2523555.781068965793,2523578.264822266996,retrograde
NorthNode,271.651418915,269.736337714,4125518162,4126782582,2523568.194593882188,2523582.829086180776,retrograde
NorthNode,269.736654077,268.595455011,4126831410,4127856057,2523583.394217552617,2523595.253559720702,retrograde
NorthNode,268.602968806,267.135624419,4127999285,4129119577,2523596.911287972704,2523609.877634884790,retrograde
Jupiter,268.835579239,258.988932524,4128432839,4139044774,2523601.929281406105,2523724.752600811422,retrograde
NorthNode,267.171107519,266.508870701,4129377110,4130209661,2523612.858337091282,2523622.494345297106,retrograde
NorthNode,266.575646168,265.961364807,4130557699,4131464465,2523626.522569019347,2523637.017547605559,retrograde
Saturn,308.127985236,301.505270724,4131273784,4143460378,2523634.810587979853,2523775.859131045640,retrograde
NorthNode,266.048524629,265.864675974,4131910173,4132575042,2523642.176195385866,2523649.871446679346,retrograde
NorthNode,265.934040197,265.885236598,4133121309,4133809119,2523656.193973605521,2523664.154739362188,retrograde
NorthNode,265.885319125,265.861613150,4133882493,4134433800,2523665.003974682651,2523671.384843862616,retrograde
NorthNode,265.910324053,265.706817618,4134943233,4135687642,2523677.281057154760,2523685.896900983527,retrograde
Mercury,117.650128067,107.790956315,4135100884,4137193777,2523679.105729594827,2523703.329024076462,retrograde
NorthNode,265.808318105,265.403867750,4136182864,4136955118,2523691.628647102043,2523700.566762945615,retrograde
Neptune,20.609125691,17.799008322,4137081814,4150738100,2523702.033155295067,2523860.092026893981,retrograde
NorthNode,265.466754075,264.620145886,4137299525,4138255591,2523704.552958293818,2523715.618538469076,retrograde
NorthNode,264.662760022,263.722970595,4138540135,4139478660,2523718.911868902855,2523729.774425190873,retrograde
NorthNode,263.733909807,262.158965697,4139641942,4140821648,2523731.664263137616,2523745.318272796459,retrograde
NorthNode,262.159670661,260.918617219,4140887314,4141975510,2523746.078295819461,2523758.673151240684,retrograde
NorthNode,260.918750848,259.209511362,4142011585,4143224762,2523759.090687166899,2523773.132090251893,retrograde
Uranus,80.848703993,76.800315975,4142622695,4155611624,2523766.163725522347,2523916.498548663221,retrograde
NorthNode,259.219186840,258.249243946,4143384418,4144319885,2523774.979961558245,2523785.807127605192,retrograde
NorthNode,258.278522827,257.216883581,4144553741,4145565216,2523788.513787467964,2523800.220681317151,retrograde
Mercury,232.600845281,216.673546025,4145184276,4146946692,2523795.811649180949,2523816.209983050823,retrograde
Venus,242.129941106,226.707355670,4145295912,4148861765,2523797.103730002418,2523838.375186299905,retrograde
NorthNode,257.297058402,256.883874527,4145938910,4146680727,2523804.545846485533,2523813.131684088148,retrograde
NorthNode,256.970488823,256.687840658,4147110708,4147915125,2523818.108312839642,2523827.418697305955,retrograde
Pluto,141.701661171,139.268298455,4147603474,4161402318,2523823.811622937210,2523983.520466308109,retrograde
Mars,117.843473285,99.011035094,4148194524,4154917962,2523830.652483371086,2523908.470053854398,retrograde
NorthNode,256.756070920,256.736298175,4148485648,4148978641,2523834.021977308206,2523839.727917285636,retrograde
NorthNode,256.736443440,256.693798846,4149062959,4149680790,2523840.703814605251,2523847.854641166516,retrograde
NorthNode,256.785816553,256.505488927,4150274306,4151024631,2523854.724036656320,2523863.408353174105,retrograde
NorthNode,256.584414909,255.998690976,4151421321,4152261690,2523867.999674288556,2523877.726163108833,retrograde
NorthNode,256.079958663,255.144804013,4152630922,4153559751,2523881.999688713811,2523892.750015554950,retrograde
NorthNode,255.168932604,253.782630001,4153771556,4154846045,2523895.201465046033,2523907.637685220689,retrograde
Mercury,337.558269854,322.447015972,4154553727,4156431883,2523904.254372671247,2523925.992284201086,retrograde
NorthNode,253.788321612,252.387143717,4154978464,4156091220,2523909.170303995721,2523922.049430424348,retrograde
NorthNode,252.387160694,250.678370914,4156108912,4157317224,2523922.254195136949,2523936.239286283031,retrograde
NorthNode,250.681581808,249.511977112,4157426482,4158443770,2523937.503847817890,2523949.278018590994,retrograde
NorthNode,249.528453110,248.350587411,4158629628,4159658644,2523951.429154496640,2523963.339063750580,retrograde
NorthNode,248.414567495,247.867396337,4159994320,4160798528,2523967.224199523218,2523976.532158944756,retrograde
NorthNode,247.938186472,247.524123393,4161169045,4162007738,2523980.820554545149,2523990.527648781426,retrograde
NorthNode,247.621408490,247.531685482,4162547850,4163166904,2523996.778947864659,2524003.943922978826,retrograde
Jupiter,301.833998164,291.999484468,4162991887,4173474230,2524001.918256618083,2524123.241669423878,retrograde
NorthNode,247.556096991,247.556075233,4163719807,4163767763,2524010.343257063068,2524010.898307997733,retrograde
Saturn,319.709816535,313.067266418,4163874428,4176024177,2524012.132854349911,2524152.754948563874,retrograde
NorthNode,247.583951032,247.454929709,4164363956,4165087339,2524017.798694337718,2524026.171177842654,retrograde
Mercury,97.730088859,88.885417004,4164995069,4167072736,2524025.103237256408,2524049.150311969221,retrograde
NorthNode,247.522501466,247.238720116,4165539943,4166267362,2524031.409653826617,2524039.828847763129,retrograde
NorthNode,247.338454631,246.655813232,4166717311,4167617612,2524045.036591299810,2524055.456740211695,retrograde
NorthNode,246.699233718,245.838554132,4167900281,4168828943,2524058.728378906846,2524069.476775474846,retrograde
Neptune,22.856768853,20.047026383,4168840060,4182484710,2524069.605452702381,2524227.529635201208,retrograde
NorthNode,245.864737246,244.562718956,4169065151,4170142264,2524072.210663894191,2524084.677256021649,retrograde
NorthNode,244.565675270,243.182418977,4170244498,4171394776,2524085.860521785915,2524099.173923105001,retrograde
NorthNode,243.182426600,241.724279796,4171409472,4172578409,2524099.344008551911,2524112.873374868184,retrograde
NorthNode,241.726269225,240.401082111,4172667213,4173747255,2524113.901194937527,2524126.401690633036,retrograde
NorthNode,240.424381225,239.463223903,4173970765,4174920641,2524128.988603154197,2524139.982539839111,retrograde
Uranus,85.188178462,81.131484801,4174564241,4187537759,2524135.857545365579,2524286.014003283344,retrograde
NorthNode,239.505995527,238.777709650,4175194919,4176095391,2524143.157051103190,2524153.579187532887,retrograde
Mercury,216.537718990,200.949947575,4175276966,4177093902,2524144.106678254902,2524165.136030428112,retrograde
NorthNode,238.883051350,238.563084974,4176542367,4177280220,2524158.752514100634,2524167.292484800331,retrograde
NorthNode,238.635829926,238.501759405,4177731257,4178449927,2524172.512814797461,2524180.830763510428,retrograde
NorthNode,238.527636295,238.527325913,4178993506,4179105729,2524187.122179976664,2524188.421066789888,retrograde
Pluto,143.361281910,140.912909745,4179309305,4193088759,2524190.777269280516,2524350.261681308039,retrograde
NorthNode,238.559273632,238.448929947,4179654216,4180278765,2524194.769286398776,2524201.997867422178,retrograde
NorthNode,238.555016878,238.058699480,4180806523,4181666481,2524208.106177281588,2524218.059398349375,retrograde
NorthNode,238.131274070,237.497995417,4182024068,4182840796,2524222.198135864921,2524231.650998869911,retrograde
NorthNode,237.556144708,236.220529008,4183154444,4184215228,2524235.281191761605,2524247.558786511421,retrograde
NorthNode,236.232350771,234.976193914,4184377580,4185414600,2524249.437860394828,2524261.440398158506,retrograde
Mercury,321.287556932,305.539235082,4184684904,4186500967,2524252.994849234819,2524274.014095693827,retrograde
NorthNode,234.977496140,233.212593482,4185494250,4186712783,2524262.362271787599,2524276.465672490187,retrograde
NorthNode,233.212837790,231.865147785,4186755887,4187833677,2524276.964552299120,2524289.438975325786,retrograde
NorthNode,231.875246991,230.592491738,4187995770,4189049589,2524291.315057616681,2524303.512036173604,retrograde
NorthNode,230.623830173,229.816665925,4189287854,4190183361,2524306.269734044559,2524316.634394507855,retrograde
NorthNode,229.903245641,229.410532982,4190574939,4191401309,2524321.166546932422,2524330.731012345292,retrograde
NorthNode,229.486178099,229.269935534,4191816398,4192540938,2524335.535285573453,2524343.921165931970,retrograde
NorthNode,229.345672151,229.322444122,4193147082,4193691820,2524350.936719418503,2524357.241555948742,retrograde
NorthNode,229.322564255,229.292709269,4193774421,4194344562,2524358.197593566030,2524364.796439620666,retrograde
Mercury,77.688043345,69.122036455,4194853941,4196917063,2524370.692035146058,2524394.570756971836,retrograde
NorthNode,229.359687866,229.081884433,4194899261,4195706831,2524371.216565552168,2524380.563446663320,retrograde
Venus,101.347135370,84.816978894,4195780852,4199501839,2524381.420167079195,2524424.487149959430,retrograde
NorthNode,229.163581725,228.780784532,4196138293,4196879357,2524385.557217971422,2524394.134342581034,retrograde
Saturn,331.477494906,324.808001777,4196499018,4208597042,2524389.732272490859,2524529.755700200796,retrograde
NorthNode,228.854348157,227.862929632,4197249102,4198256520,2524398.413806973025,2524410.073733183555,retrograde
Jupiter,336.905867196,327.046799177,4197739412,4208062477,2524404.088686145842,2524523.568603433669,retrograde
NorthNode,227.893003564,227.006002896,4198498892,4199422461,2524412.878970199265,2524423.568417821079,retrograde
NorthNode,227.016710287,225.361616875,4199590004,4200795911,2524425.507582413964,2524439.464832067490,retrograde
Neptune,25.106946733,22.297672664,4200591407,4214233701,2524437.097884402610,2524594.994810507633,retrograde
NorthNode,225.361929195,224.174228011,4200844440,4201927436,2524440.026510449126,2524452.561185741797,retrograde
NorthNode,224.174539927,222.535119198,4201977449,4203179189,2524453.140041589737,2524467.049068071879,retrograde
NorthNode,222.543713404,221.582026774,4203329033,4204273933,2524468.783381280489,2524479.719720235094,retrograde
NorthNode,221.619771674,220.672469960,4204542100,4205519973,2524482.823505735025,2524494.141481885687,retrograde
Mercury,200.184004277,185.112235480,4205349955,4207233321,2524492.173672094941,2524513.971896074712,retrograde
NorthNode,220.735768813,220.297233753,4205856890,4206631784,2524498.040983094834,2524507.009660707787,retrograde
Uranus,89.560375436,85.496991714,4206510796,4219468452,2524505.609335578047,2524655.582212009467,retrograde
NorthNode,220.402393423,220.162797654,4207115793,4207875232,2524512.611614992842,2524521.401421868242,retrograde
NorthNode,220.218352398,220.190060474,4208385044,4208960547,2524527.302022462711,2524533.962940244004,retrograde
NorthNode,220.190078912,220.139326037,4209003547,4209692779,2524534.460621678270,2524542.437840920873,retrograde
NorthNode,220.216677818,220.005291864,4210242846,4210916348,2524548.804364091717,2524556.599522467703,retrograde
Pluto,145.047300407,142.584569374,4211015386,4224784772,2524557.745792591013,2524717.113692252897,retrograde
NorthNode,220.097061242,219.404928448,4211353151,4212270206,2524561.655115474015,2524572.269171891734,retrograde
NorthNode,219.473066446,218.711639280,4212608883,4213457884,2524576.189051636495,2524586.015443926677,retrograde
NorthNode,218.743130438,217.128585846,4213697167,4214840449,2524588.784931763075,2524602.017362257466,retrograde
Mars,153.321002273,133.831184678,4214301856,4221263913,2524595.783647350036,2524676.363009386696,retrograde
Mercury,305.229595424,289.116076720,4214827717,4216591239,2524601.870001271367,2524622.281125232577,retrograde
NorthNode,217.133369709,215.899465116,4214961106,4216009880,2524603.413849036209,2524615.552441922016,retrograde
NorthNode,215.899501404,213.956925782,4216033198,4217297958,2524615.822328129783,2524630.460745285265,retrograde
NorthNode,213.959841406,212.858259572,4217399775,4218373811,2524631.639188647270,2524642.912752198055,retrograde
NorthNode,212.877873546,211.605736724,4218574855,4219635076,2524645.239653802477,2524657.510724402033,retrograde
NorthNode,211.661990110,211.121795359,4219945031,4220731691,2524661.098171113990,2524670.203029031865,retrograde
NorthNode,211.212006737,210.809747604,4221145751,4221984319,2524674.995388058946,2524684.701040575281,retrograde
NorthNode,210.888839913,210.803524547,4222478889,4223098554,2524690.425226255320,2524697.597274979576,retrograde
NorthNode,210.824286486,210.824108740,4223617349,4223713277,2524703.601847800426,2524704.712125584483,retrograde
NorthNode,210.865712678,210.744217713,4224345459,4225003990,2524712.029043386690,2524719.650935363024,retrograde
Mercury,58.075606309,48.902993993,4224715089,4226774633,2524716.307176239789,2524740.144488573074,retrograde
NorthNode,210.819422446,210.408258939,4225462439,4226290337,2524724.957060829736,2524734.539213575423,retrograde
NorthNode,210.497873662,209.925233658,4226708101,4227527488,2524739.374444776215,2524748.858081473969,retrograde
NorthNode,209.969693041,208.811415294,4227812848,4228857190,2524752.160867840052,2524764.248154954985,retrograde
NorthNode,208.830125412,207.782869082,4229063012,4230054219,2524766.630353095010,2524778.102654378861,retrograde
Saturn,343.479452249,336.777087345,4229140715,4241183733,2524767.529692463577,2524906.916477903724,retrograde
NorthNode,207.785267859,206.059608221,4230151036,4231404302,2524779.223225165159,2524793.728624542244,retrograde
NorthNode,206.059615361,204.914058639,4231418469,4232487662,2524793.892592522316,2524806.267503287643,retrograde
Neptune,27.359431946,24.550021549,4232353518,4245982387,2524804.714910839684,2524962.456455887295,retrograde
Jupiter,13.529573523,3.606527317,4232586805,4242782417,2524807.414997898042,2524925.419770076871,retrograde
NorthNode,204.916802281,203.381555460,4232589066,4233743700,2524807.441164872609,2524820.804981063120,retrograde
NorthNode,203.405353036,202.647263095,4233967277,4234837193,2524823.392676437274,2524833.461148897186,retrograde
NorthNode,202.695903610,201.908846239,4235134098,4236086542,2524836.897551371716,2524847.921207594685,retrograde
Mercury,183.389682843,169.063970071,4235400481,4237355011,2524839.980696037412,2524862.602571316063,retrograde
NorthNode,201.998912176,201.735408173,4236509278,4237201876,2524852.813986466266,2524860.830167084932,retrograde
NorthNode,201.816429559,201.684804822,4237692111,4238439417,2524866.504186683334,2524875.153563964181,retrograde
Uranus,93.967831170,89.897612675,4238456939,4251399154,2524875.356359803118,2525025.150516531430,retrograde
NorthNode,201.702621367,201.702317284,4238924775,4239037848,2524880.771135598421,2524882.079850561917,retrograde
NorthNode,201.730801953,201.599473938,4239572950,4240261421,2524888.273160709068,2524896.241567625664,retrograde
NorthNode,201.709169996,201.316743093,4240799051,4241576181,2524902.464136960916,2524911.458705351688,retrograde
NorthNode,201.388053866,200.615093040,4241935632,4242841949,2524915.619011982344,2524926.108796471730,retrograde
Pluto,146.761875341,144.285226645,4242734764,4256481510,2524924.868226242252,2525083.974083303474,retrograde
NorthNode,200.672424182,199.625799082,4243155524,4244109338,2524929.738135693595,2524940.777648338117,retrograde
NorthNode,199.639491832,198.057509035,4244280771,4245425875,2524942.761826494709,2524956.015346120112,retrograde
Mercury,289.311003868,273.030943161,4244973637,4246699655,2524950.781111419201,2524970.758164934814,retrograde
NorthNode,198.058635921,196.650292326,4245501610,4246613631,2524956.891905927099,2524969.762525385246,retrograde
Venus,318.288913865,302.684531246,4246430697,4249982979,2524967.645222628489,2525008.759600741789,retrograde
NorthNode,196.650409877,194.920068685,4246647277,4247839491,2524970.151935214177,2524983.950715674087,retrograde
NorthNode,194.931165964,193.889170433,4248005622,4248955670,2524985.873528424650,2524996.869455265813,retrograde
NorthNode,193.920094862,192.894542356,4249190648,4250181459,2524999.589106986299,2525011.056820852682,retrograde
NorthNode,192.982906547,192.580507622,4250572936,4251316533,2525015.587814134546,2525024.194250268862,retrograde
NorthNode,192.661956456,192.408656775,4251741828,4252532621,2525029.116653526202,2525038.269344654866,retrograde
NorthNode,192.473832208,192.461202745,4253126596,4253551450,2525045.144063995220,2525050.061353816651,retrograde
NorthNode,192.461741636,192.418223148,4253689193,4254298580,2525051.655593201518,2525058.708689790219,retrograde
Mercury,39.239420734,28.785086143,4254625514,4256675258,2525062.492645800114,2525086.216535605490,retrograde
NorthNode,192.505939470,192.223820090,4254888945,4255662766,2525065.541617655195,2525074.497880448587,retrograde
NorthNode,192.296702001,191.807177986,4256057847,4256863531,2525079.070575511083,2525088.395623246208,retrograde
NorthNode,191.886389298,190.992650260,4257242657,4258191357,2525092.783649439923,2525103.763980745338,retrograde
NorthNode,191.017284522,189.884387927,4258411432,4259431847,2525106.311139131896,2525118.121502919123,retrograde
NorthNode,189.892920201,188.525629971,4259588908,4260714358,2525119.939338621683,2525132.965380718932,retrograde
NorthNode,188.525762308,187.041300756,4260750192,4261929162,2525133.380124422722,2525147.025607530028,retrograde
Saturn,355.757528823,349.017316912,4261810300,4273793056,2525145.649887017906,2525284.339197739959,retrograde
NorthNode,187.042179660,185.787457656,4262001384,4263085803,2525147.861510518938,2525160.412654630840,retrograde
NorthNode,185.796512126,184.625593139,4263237595,4264271791,2525162.169513011351,2525174.139374124818,retrograde
Neptune,29.613408739,26.803473640,4264108269,4277731926,2525172.246752646752,2525329.927967176773,retrograde
NorthNode,184.671689245,183.985972881,4264567438,4265434580,2525177.561207707971,2525187.597576177679,retrograde
Mercury,166.013387878,152.701169923,4265426423,4267446652,2525187.503164164722,2525210.885452859104,retrograde
NorthNode,184.044648625,183.525984688,4265764893,4266621297,2525191.420647117309,2525201.332732940093,retrograde
NorthNode,183.633709507,183.466454954,4267128078,4267799790,2525207.198248594999,2525214.972696913406,retrograde
Jupiter,50.395972203,40.390515605,4267371939,4277525391,2525210.020717792213,2525327.537521511316,retrograde
NorthNode,183.516442445,183.488080405,4268302264,4268874958,2525220.788367099129,2525227.416763176210,retrograde
NorthNode,183.488307652,183.427681201,4268976124,4269680266,2525228.587667603977,2525236.737465504557,retrograde
NorthNode,183.489179122,183.284572494,4270172848,4270849816,2525242.438646694645,2525250.273924480192,retrograde
Uranus,98.410542346,94.333982169,4270410833,4283337720,2525245.193097856827,2525394.809845979325,retrograde
NorthNode,183.393506896,182.737841061,4271330328,4272227779,2525255.835397228599,2525266.222567369230,retrograde
NorthNode,182.794207197,182.010071611,4272539181,4273414504,2525269.826752799563,2525279.957805553451,retrograde
NorthNode,182.047370416,180.592958731,4273677071,4274768981,2525282.996778999455,2525295.634626762941,retrograde
Pluto,148.506929772,146.016798366,4274451480,4288188213,2525291.959840985946,2525450.949812815525,retrograde
NorthNode,180.597788649,179.223824554,4274887299,4275991913,2525297.004046469927,2525309.788932370953,retrograde
Mercury,273.479138184,257.170696580,4275115892,4276823712,2525299.649805054069,2525319.416231699288,retrograde
NorthNode,179.223866272,177.514505241,4276017116,4277220908,2525310.080635268241,2525324.013411452062,retrograde
NorthNode,177.516389063,176.192937396,4277306236,4278357506,2525325.000998743810,2525337.168479741551,retrograde
NorthNode,176.216793625,175.124826098,4278577845,4279560375,2525339.718703960069,2525351.090579632670,retrograde
NorthNode,175.171785203,174.485065186,4279840954,4280708588,2525354.338020526804,2525364.380074945278,retrograde
Mars,186.532027951,167.277627227,4280386547,4287370599,2525360.652747987770,2525441.486681993119,retrograde
NorthNode,174.594570770,174.264179659,4281161033,4281918272,2525369.616706958041,2525378.381044839509,retrograde
NorthNode,174.335411143,174.226124207,4282376802,4283066629,2525383.688109973446,2525391.672219031490,retrograde
NorthNode,174.243592370,174.241884371,4283529200,4283731047,2525397.026053528301,2525399.362241542898,retrograde
NorthNode,174.281292888,174.164622446,4284289230,4284914817,2525405.822688299231,2525413.063281977549,retrograde
Mercury,21.222238743,9.223403746,4284604040,4286626330,2525409.466322802007,2525432.872464925051,retrograde
NorthNode,174.261752121,173.768503400,4285422427,4286294219,2525418.938403690234,2525429.028586785309,retrograde
NorthNode,173.839882761,173.267141798,4286658491,4287460860,2525433.244700212963,2525442.531369398348,retrograde
NorthNode,173.319908104,172.055993333,4287769439,4288840824,2525446.102890118957,2525458.503174657933,retrograde
NorthNode,172.068787971,170.989257846,4289013531,4290014342,2525460.502106986940,2525472.085566117428,retrograde
NorthNode,170.991297904,169.284775487,4290108785,4291352377,2525473.178650299087,2525487.572084175423,retrograde
NorthNode,169.284813510,168.089265866,4291376263,4292448681,2525487.848541849293,2525500.260789190419,retrograde
NorthNode,168.094032694,166.722046118,4292575662,4293688952,2525501.730468886904,2525514.615774441510,retrograde
NorthNode,166.744078304,165.942639557,4293901913,4294798350,2525517.080599512905,2525527.456031357870,retrograde
Saturn,8.340610211,1.559293374,4294512270,4306418167,2525524.144915521145,2525661.944644406438,retrograde
NorthNode,166.006895153,165.369696441,4295142029,4296035368,2525531.433796993457,2525541.773358757608,retrograde
Mercury,147.893707991,135.850772357,4295424755,4297492593,2525534.706089474261,2525558.639390394092,retrograde
Neptune,31.867448660,29.056363960,4295870248,4309489800,2525539.862248082645,2525697.495952039026,retrograde
NorthNode,165.442361992,165.160445060,4296423602,4297157292,2525546.266812240705,2525554.758596916683,retrograde
Venus,168.379392620,152.117513342,4296531341,4300231466,2525547.513788795099,2525590.339311731979,retrograde
NorthNode,165.254728848,165.163968401,4297711413,4298396276,2525561.172033782117,2525569.098684237339,retrograde
NorthNode,165.174865665,165.174448106,4298802472,4298941815,2525573.800036098808,2525575.412801632658,retrograde
NorthNode,165.209359227,165.038339596,4299518066,4300279340,2525582.082368758507,2525590.893405181356,retrograde
NorthNode,165.127521024,164.814778676,4300765051,4301477472,2525596.515060793608,2525604.760679978877,retrograde
NorthNode,164.898005438,163.997497135,4301871281,4302845724,2525609.318659506738,2525620.596931091510,retrograde
Jupiter,86.068881676,76.006446346,4301985869,4312198801,2525610.644906148314,2525728.850139938295,retrograde
Uranus,102.888439407,98.804386039,4302360155,4315274865,2525614.976912173443,2525764.452722505666,retrograde
NorthNode,164.043043048,163.179828837,4303128816,4304020133,2525623.873462636024,2525634.189623622224,retrograde
NorthNode,163.197021013,161.436500683,4304212429,4305405884,2525636.415276021697,2525650.228409137577,retrograde
Mercury,257.675866161,241.441463086,4305249076,4306960677,2525648.413504287601,2525668.223697371781,retrograde
NorthNode,161.437523591,160.189196977,4305477124,4306547487,2525651.052951688878,2525663.441412307322,retrograde
Pluto,150.283826147,147.780173483,4306175656,4319896803,2525659.137811171822,2525817.947376691736,retrograde
NorthNode,160.189277198,158.315600034,4306578108,4307812058,2525663.795814956538,2525678.077650777064,retrograde
NorthNode,158.324006269,157.314618842,4307958111,4308893247,2525679.768076615408,2525690.591410168447,retrograde
NorthNode,157.350966274,156.278159244,4309148508,4310150924,2525693.545821755193,2525705.147857110016,retrograde
NorthNode,156.350209121,155.922849405,4310500576,4311254059,2525709.194753441028,2525717.915625672787,retrograde
NorthNode,156.026310769,155.779081120,4311728273,4312504456,2525723.404209588654,2525732.387803578749,retrograde
NorthNode,155.833743606,155.817641239,4313036332,4313493443,2525738.543775576167,2525743.834415720776,retrograde
NorthNode,155.818125449,155.755538682,4313621916,4314308917,2525745.321373153478,2525753.272769339383,retrograde
Mercury,3.908664650,350.466241264,4314644718,4316621147,2525757.159355342388,2525780.034691706300,retrograde
NorthNode,155.842308369,155.603906523,4314869007,4315565312,2525759.755294462666,2525767.814385107718,retrograde
NorthNode,155.687407630,155.024841700,4315980987,4316886442,2525772.625438060611,2525783.105236077681,retrograde
NorthNode,155.092830638,154.333943567,4317231942,4318096544,2525787.104082684033,2525797.111047293060,retrograde
NorthNode,154.361173693,152.897877528,4318326043,4319453958,2525799.767286184244,2525812.821865407750,retrograde
NorthNode,152.903179892,151.744448645,4319583311,4320631394,2525814.318999278359,2525826.449591367505,retrograde
NorthNode,151.744530089,149.965166349,4320662374,4321922534,2525826.808160435408,2525841.393346184865,retrograde
NorthNode,149.966817367,148.916652013,4322009544,4323002367,2525842.400396515615,2525853.891404433176,retrograde
NorthNode,148.928845325,147.647725135,4323174429,4324260826,2525855.882865074091,2525868.456900949590,retrograde
NorthNode,147.693154852,147.122729580,4324551996,4325357657,2525871.826929747127,2525881.151714696549,retrograde
Mercury,128.956999852,118.322566187,4325387858,4327477497,2525881.501254022121,2525905.686894342303,retrograde
NorthNode,147.193465597,146.686696745,4325725037,4326607345,2525885.403787779622,2525895.615691570565,retrograde
NorthNode,146.774160924,146.638352612,4327084492,4327724362,2525901.138230302371,2525908.544126877561,retrograde
Saturn,21.243147316,14.419357658,4327239591,4339064405,2525902.933353528380,2526039.794629253447,retrograde
Neptune,34.120863847,31.308096991,4327628174,4341240771,2525907.430839617737,2526064.984047734179,retrograde
NorthNode,146.690358325,146.677982347,4328285755,4328705477,2525915.041735181585,2525919.899622764438,retrograde
NorthNode,146.681373857,146.619608026,4328964630,4329609585,2525922.899077825248,2525930.363835590892,retrograde
NorthNode,146.680963776,146.410581516,4330092172,4330852379,2525935.949340115301,2525944.748026611283,retrograde
NorthNode,146.515595760,146.001893307,4331324569,4332134841,2525950.213188559748,2525959.591338410974,retrograde
NorthNode,146.057572927,145.064383016,4332448433,4333427205,2525963.220871591941,2525974.549252741970,retrograde
NorthNode,145.097458026,143.996473337,4333679866,4334664227,2525977.473574163392,2525988.866638679057,retrograde
Uranus,107.399535742,103.308160850,4334319420,4347220647,2525984.875822938047,2526134.195579276420,retrograde
NorthNode,144.001892327,142.275953828,4334788919,4336002852,2525990.309839781374,2526004.359981342219,retrograde
Mercury,241.834915367,225.765964828,4335368490,4337106260,2525997.017837449908,2526017.130910910666,retrograde
NorthNode,142.275982058,140.962100635,4336024948,4337122639,2526004.615729878657,2526017.320479361340,retrograde
Jupiter,119.758341655,109.693605082,4336392350,4346722926,2526008.868061430752,2526128.434911534190,retrograde
NorthNode,140.963600400,139.293160060,4337202412,4338361384,2526018.243775627576,2526031.657810352743,retrograde
Pluto,152.093686574,149.576370711,4337892204,4351601777,2526026.227490459569,2526184.903098423965,retrograde
NorthNode,139.315850327,138.439043310,4338576176,4339469283,2526034.143822128884,2526044.480713074096,retrograde
NorthNode,138.486157999,137.622653295,4339750977,4340704183,2526047.741060688160,2526058.773540210910,retrograde
NorthNode,137.725001025,137.441800507,4341138332,4341834832,2526063.798409496434,2526071.859748185612,retrograde
NorthNode,137.521746541,137.389694550,4342311299,4343056511,2526077.374414097518,2526085.999558296055,retrograde
NorthNode,137.404028647,137.402151473,4343480614,4343685603,2526090.908161641099,2526093.280709340237,retrograde
NorthNode,137.437087021,137.298408809,4344209303,4344880382,2526099.342052622698,2526107.109176770784,retrograde
Mercury,347.113662195,332.517168715,4344732454,4346649140,2526105.397041842341,2526127.580913484097,retrograde
NorthNode,137.412536973,136.963289279,4345414579,4346226366,2526113.292009946890,2526122.687688786536,retrograde
NorthNode,137.030589176,136.303571080,4346574199,4347456316,2526126.713533745147,2526136.923225499690,retrograde
Mars,222.246551227,204.275803113,4346892613,4353637794,2526130.398890576325,2526208.468105518259,retrograde
Venus,31.248777483,14.931957656,4347322019,4350978373,2526135.368866348639,2526177.687773333862,retrograde
NorthNode,136.358241632,135.256026064,4347767526,4348757019,2526140.525198357180,2526151.977657458745,retrograde
NorthNode,135.267777812,133.873680693,4348921291,4350032476,2526153.878954558633,2526166.739888328128,retrograde
NorthNode,133.874889722,132.462749675,4350111945,4351255137,2526167.659674282186,2526180.891059906222,retrograde
NorthNode,132.462827521,130.952509702,4351284991,4352451299,2526181.236595601775,2526194.735531433485,retrograde
NorthNode,130.960552951,129.897082271,4352604366,4353595716,2526196.507133260369,2526207.981091715395,retrograde
NorthNode,129.920349397,128.953907246,4353811435,4354795248,2526210.477849165909,2526221.864567843266,retrograde
NorthNode,129.028665910,128.567229015,4355166360,4355951536,2526226.159842355177,2526235.247530594468,retrograde
Mercury,109.301397343,99.942786384,4355306239,4357394088,2526227.778814904392,2526251.943729728460,retrograde
NorthNode,128.638337754,128.327919886,4356342980,4357146348,2526239.778130157851,2526249.076370214112,retrograde
NorthNode,128.413975456,128.360629873,4357718068,4358319263,2526255.693509172648,2526262.651778233238,retrograde
NorthNode,128.365204384,128.361879679,4358614170,4358880900,2526266.065059127286,2526269.152209335938,retrograde
Neptune,36.372460454,33.558321049,4359383827,4372997039,2526274.973126328550,2526432.533446089365,retrograde
NorthNode,128.414861717,128.226166159,4359502280,4360259336,2526276.344108331017,2526285.106323800050,retrograde
Saturn,34.464733884,27.600088153,4359986190,4371741514,2526281.944916784763,2526418.001910142601,retrograde
NorthNode,128.299164397,127.954100677,4360692148,4361433636,2526290.115722746588,2526298.697760442272,retrograde
NorthNode,128.047873935,127.229121699,4361854951,4362794663,2526303.574091287330,2526314.450386166573,retrograde
NorthNode,127.265654870,126.300375023,4363051913,4363998107,2526317.427817037329,2526328.379138709046,retrograde
NorthNode,126.318450281,124.840657033,4364200631,4365326118,2526330.723169538192,2526343.749637362547,retrograde
NorthNode,124.841608123,123.387612250,4365394579,4366539405,2526344.542013237253,2526357.792311410420,retrograde
Mercury,225.887549637,210.088979156,4365471081,4367255080,2526345.427445754409,2526366.075588501990,retrograde
Uranus,111.942560855,107.842835423,4366271825,4379165298,2526354.695319025777,2526503.925335067324,retrograde
NorthNode,123.387727160,121.869432485,4366575127,4367727692,2526358.205765645020,2526371.545632165857,retrograde
NorthNode,121.875780381,120.628942253,4367857953,4368882511,2526373.053283531219,2526384.911598682404,retrograde
NorthNode,120.670345396,119.807660658,4369156445,4370071969,2526388.082120570354,2526398.678470040672,retrograde
Pluto,153.936381000,151.404989948,4369612250,4383314145,2526393.357651070692,2526551.944398260675,retrograde
NorthNode,119.868182682,119.305641194,4370392278,4371234016,2526402.385745255277,2526412.128084924072,retrograde
Jupiter,151.514945315,141.487654267,4370633355,4381104489,2526405.175989940763,2526526.369669772685,retrograde
NorthNode,119.423902329,119.220916823,4371736706,4372435130,2526417.946262962185,2526426.029873606749,retrograde
NorthNode,119.274521243,119.245440239,4372933059,4373488143,2526431.792941941880,2526438.217518886551,retrograde
NorthNode,119.245739544,119.176593099,4373595407,4374307819,2526439.459000781178,2526447.704511552118,retrograde
NorthNode,119.246514196,119.028745749,4374809953,4375481286,2526453.516245071776,2526461.286301665939,retrograde
Mercury,330.693093267,315.275939166,4374851797,4376703594,2526454.000553265214,2526475.433392606676,retrograde
NorthNode,119.135470809,118.411951955,4375945444,4376867211,2526466.658503495157,2526477.327101007104,retrograde
NorthNode,118.468293847,117.700587394,4377177048,4378039727,2526480.913181441836,2526490.897889616899,retrograde
NorthNode,117.733581423,116.213422019,4378289850,4379412927,2526493.792832202278,2526506.791412353516,retrograde
NorthNode,116.217518529,114.974169985,4379526435,4380604884,2526508.105153718032,2526520.587209094316,retrograde
NorthNode,114.974207038,113.255713827,4380629328,4381861300,2526520.870121122338,2526535.129058095627,retrograde
NorthNode,113.257528736,112.102100484,4381947700,4382970220,2526536.129055627622,2526547.963783569634,retrograde
NorthNode,112.121035352,110.998594482,4383176930,4384199951,2526550.356253205799,2526562.196783320047,retrograde
NorthNode,111.039477488,110.410263099,4384473062,4385322925,2526565.357789416797,2526575.194159774110,retrograde
Mercury,89.261700262,80.646380101,4385180973,4387253595,2526573.551202170551,2526597.539876282215,retrograde
NorthNode,110.502725040,110.111235758,4385747044,4386552625,2526580.102947453037,2526589.426807588898,retrograde
NorthNode,110.182586976,110.041975064,4386995168,4387681937,2526594.548827682622,2526602.497545022517,retrograde
NorthNode,110.090759322,110.089307916,4388314367,4388513648,2526609.817328728735,2526612.123828575015,retrograde
NorthNode,110.100227690,110.037134962,4388920299,4389518755,2526616.830433947966,2526623.757005961612,retrograde
NorthNode,110.113410497,109.764780081,4390040984,4390873696,2526629.801324870437,2526639.439199613407,retrograde
Neptune,38.622870137,35.807365358,4391144154,4404746550,2526642.569501097314,2526800.004636091180,retrograde
NorthNode,109.846746204,109.394301233,4391287238,4392050310,2526644.225567875430,2526653.057410906069,retrograde
NorthNode,109.458006104,108.341748038,4392389957,4393427840,2526656.988516578451,2526669.001055309549,retrograde
Saturn,47.988173001,41.086694412,4392753960,4404443638,2526661.201510511339,2526796.498716674745,retrograde
NorthNode,108.365322914,107.383605336,4393646229,4394593784,2526671.528705785982,2526682.495771518908,retrograde
NorthNode,107.389749529,105.604544647,4394729332,4395973333,2526684.064619296230,2526698.462778574787,retrograde
Mercury,209.717536825,194.329381722,4395554788,4397399968,2526693.618506334722,2526714.974750980735,retrograde
NorthNode,105.604561778,104.375035075,4395991554,4397066505,2526698.673666382208,2526711.115227269940,retrograde
NorthNode,104.376704359,102.734074527,4397152696,4398324020,2526712.112804139964,2526725.669799859636,retrograde
Venus,239.707477208,224.254690661,4397543036,4401112470,2526716.630637200549,2526757.943524049595,retrograde
Uranus,116.515215012,112.407472979,4398233553,4411116996,2526724.622728466056,2526873.736647465266,retrograde
NorthNode,102.751912690,101.862006385,4398516694,4399415319,2526727.899819854647,2526738.300570966676,retrograde
NorthNode,101.917676231,101.094247755,4399724419,4400666448,2526741.878119288944,2526752.781230136752,retrograde
NorthNode,101.175178239,100.853139901,4401052456,4401777000,2526757.248924609274,2526765.634845122695,retrograde
Pluto,155.812208444,153.265938456,4401338473,4415017308,2526760.559307546355,2526918.879154543392,retrograde
NorthNode,100.954734828,100.829175562,4402305840,4403023528,2526771.755676975474,2526780.062248478644,retrograde
NorthNode,100.846027689,100.845838896,4403491902,4403584079,2526785.483249738812,2526786.550114290789,retrograde
NorthNode,100.878739736,100.706817185,4404143390,4404889657,2526793.023617325351,2526801.660970402882,retrograde
Jupiter,181.924556821,171.954409179,4404777951,4415367800,2526800.368076771498,2526922.935768052936,retrograde
Mercury,314.531013312,298.596800969,4404989563,4406781309,2526802.817291438580,2526823.555094808340,retrograde
NorthNode,100.808652391,100.456779265,4405392587,4406120874,2526807.481915319338,2526815.911161092110,retrograde
NorthNode,100.537255956,99.603616591,4406498045,4407469034,2526820.276566190645,2526831.514868479222,retrograde
NorthNode,99.650762516,98.736123618,4407754912,4408660844,2526834.823644688353,2526845.308963675052,retrograde
NorthNode,98.750395929,96.997052660,4408838643,4410036995,2526847.366823770106,2526861.236636527814,retrograde
NorthNode,96.997822979,95.780141968,4410102808,4411172618,2526861.998362408020,2526874.380426946096,retrograde
NorthNode,95.780278013,93.986456934,4411209157,4412438709,2526874.803329274058,2526889.034256797284,retrograde
NorthNode,93.995307241,93.063443639,4412591566,4413518789,2526890.803437018767,2526901.535178427584,retrograde
NorthNode,93.094362423,92.051305734,4413762494,4414778323,2526904.355844397098,2526916.113121557049,retrograde
Mars,267.565074986,253.108480469,4414540151,4420621610,2526913.356500691734,2526983.743757284246,retrograde
Mercury,69.359225561,60.638339255,4415036670,4417096228,2526919.103254407644,2526942.940726496279,retrograde
NorthNode,92.119612726,91.715572511,4415130703,4415879255,2526920.191590074450,2526928.855389350094,retrograde
NorthNode,91.803621867,91.519854031,4416322583,4417128729,2526933.986504845321,2526943.316897578537,retrograde
NorthNode,91.584155096,91.546732836,4417658738,4418242383,2526949.451253416017,2526956.206412847154,retrograde
NorthNode,91.547487610,91.529810572,4418397452,4418887022,2526958.001190570183,2526963.667509319261,retrograde
NorthNode,91.596743933,91.420997758,4419489581,4420180371,2526970.641574278474,2526978.636822454631,retrograde
NorthNode,91.495718669,91.023179797,4420611006,4421454642,2526983.621031913906,2526993.385335045867,retrograde
NorthNode,91.106033853,90.439420719,4421849657,4422702112,2526997.957267486490,2527007.823644467629,retrograde
Neptune,40.872199328,38.055841989,4422896752,4436500027,2527010.076421746053,2527167.521736347117,retrograde
NorthNode,90.475267037,89.248175040,4422960764,4424022747,2527010.817302487791,2527023.108767078258,retrograde
NorthNode,89.261122501,88.106666806,4424202219,4425228752,2527025.185990691185,2527037.067157298326,retrograde
NorthNode,88.107605651,86.351885814,4425298269,4426542912,2527037.871759039350,2527052.277349491604,retrograde
Saturn,61.775633982,54.842945667,4425537687,4437170263,2527040.642798863351,2527175.279094465077,retrograde
Mercury,193.195457651,178.410513052,4425618464,4427532589,2527041.577712118626,2527063.731942787766,retrograde
NorthNode,86.352141623,85.166876039,4426589398,4427634457,2527052.815384008922,2527064.910974075086,retrograde
NorthNode,85.173104885,83.710350103,4427766626,4428881420,2527066.440704479814,2527079.343410196714,retrograde
NorthNode,83.749242398,83.047253355,4429148556,4429986290,2527082.435257428326,2527092.131259813905,retrograde
Uranus,121.116118052,116.999758137,4430188621,4443068273,2527094.473055810668,2527243.543101823889,retrograde
NorthNode,83.110416132,82.460878701,4430316537,4431226216,2527095.953556669876,2527106.482248232700,retrograde
NorthNode,82.564153689,82.382279409,4431700185,4432354137,2527111.968002186157,2527119.536895142868,retrograde
NorthNode,82.445733682,82.410180200,4432880475,4433477097,2527125.628771029413,2527132.534122073092,retrograde
Pluto,157.720558462,155.159250545,4433062649,4446735131,2527127.737267301418,2527285.983578865416,retrograde
NorthNode,82.410497476,82.355618447,4433586749,4434243575,2527133.803237700835,2527141.405388612300,retrograde
NorthNode,82.417735386,82.161990202,4434727588,4435456451,2527147.007397455163,2527155.443311450072,retrograde
Mercury,298.539802135,282.329462745,4435135050,4436879562,2527151.723389282823,2527171.914501138031,retrograde
NorthNode,82.278558024,81.687251112,4435940355,4436780732,2527161.044042106718,2527170.770627604797,retrograde
NorthNode,81.743589893,80.762403764,4437087429,4438039680,2527174.320371332578,2527185.341792374849,retrograde
NorthNode,80.796557255,79.561235628,4438292870,4439314430,2527188.272231534123,2527200.095835885033,retrograde
Jupiter,211.810088222,201.895853084,4438926849,4449588877,2527195.609955005348,2527319.013054318726,retrograde
NorthNode,79.565612727,77.921615386,4439428879,4440620407,2527201.420479652472,2527215.211317114532,retrograde
NorthNode,77.921627852,76.544541657,4440637354,4441761913,2527215.407456235029,2527228.423196570948,retrograde
NorthNode,76.546464905,75.030847442,4441848822,4442974167,2527229.429079783149,2527242.453903817572,retrograde
NorthNode,75.054541270,74.185089572,4443196916,4444107338,2527245.032024386339,2527255.569308864884,retrograde
NorthNode,74.228418221,73.447419827,4444384751,4445319255,2527258.780111852102,2527269.596130950376,retrograde
Mercury,50.051162697,40.390848363,4444914829,4446970193,2527264.915277898312,2527288.704209424555,retrograde
NorthNode,73.545810653,73.260047822,4445757491,4446470055,2527274.668301403522,2527282.915580829605,retrograde
NorthNode,73.331955299,73.186498376,4446925759,4447671279,2527288.189929897897,2527296.818629840389,retrograde
Venus,99.188093304,82.660424835,4448043438,4451763786,2527301.126027630642,2527344.185607435182,retrograde
NorthNode,73.216836179,73.216835907,4448293982,4448305120,2527304.025845425203,2527304.154751996510,retrograde
NorthNode,73.236470867,73.150467962,4448843834,4449473838,2527310.389872799627,2527317.681585071608,retrograde
NorthNode,73.248008176,72.883567381,4450027786,4450838742,2527324.093022750691,2527333.479084553197,retrograde
NorthNode,72.951284322,72.413646741,4451210261,4452030459,2527337.779073344544,2527347.272104825824,retrograde
NorthNode,72.479834120,71.470023621,4452379053,4453366062,2527351.306759208441,2527362.730476633646,retrograde
NorthNode,71.488401220,70.334918199,4453562956,4454595717,2527365.009336031973,2527376.962587922812,retrograde
Neptune,43.121052256,40.304098430,4454652923,4468247733,2527377.624694989063,2527534.972028187476,retrograde
NorthNode,70.339647884,68.861671989,4454723310,4455887884,2527378.439362671226,2527391.918230816722,retrograde
Mercury,176.170387930,162.239726349,4455660071,4457642668,2527389.281501099467,2527412.228226415813,retrograde
NorthNode,68.861682753,67.416257798,4455903281,4457062853,2527392.096432521939,2527405.517399307340,retrograde
NorthNode,67.418996118,66.132491556,4457168065,4458236397,2527406.735137949698,2527419.100089506246,retrograde
Saturn,75.769259644,68.813248795,4458330116,4469920994,2527420.184803098440,2527554.338476918638,retrograde
NorthNode,66.147579483,65.077913095,4458416742,4459407101,2527421.187419283204,2527432.649907372892,retrograde
NorthNode,65.141535388,64.508538255,4459741567,4460586542,2527436.521038391627,2527446.300842178054,retrograde
NorthNode,64.578754697,64.174979930,4460948578,4461759273,2527450.491071829572,2527459.874114697799,retrograde
Uranus,125.742846089,121.618723607,4462152207,4475027832,2527464.421961591579,2527613.445406672545,retrograde
NorthNode,64.282938645,64.182204108,4462312139,4462953266,2527466.273029924370,2527473.693475229666,retrograde
NorthNode,64.203413880,64.203413604,4463483762,4463494490,2527479.833480728790,2527479.957646626979,retrograde
NorthNode,64.237834617,64.065264728,4464116777,4464875664,2527487.160040350631,2527495.943452958018,retrograde
Pluto,159.661404513,157.084410603,4464799251,4478453430,2527495.059051527642,2527653.093526405282,retrograde
Mercury,282.666927630,266.359197086,4465280243,4466995645,2527500.626090027392,2527520.480279840529,retrograde
NorthNode,64.146148649,63.815066397,4465328569,4466045196,2527501.185418817215,2527509.479706297629,retrograde
NorthNode,63.915739031,63.003902702,4466468694,4467429814,2527514.381310001016,2527525.505380882882,retrograde
NorthNode,63.044286555,62.080958060,4467691823,4468613029,2527528.537889431231,2527539.199994024821,retrograde
NorthNode,62.099222657,60.441286062,4468811818,4469973732,2527541.500799821690,2527554.948870949447,retrograde
NorthNode,60.442013535,59.050619769,4470035855,4471149236,2527555.667887073010,2527568.554247402586,retrograde
NorthNode,59.050811645,57.427484531,4471191248,4472368769,2527569.040497595444,2527582.669214404188,retrograde
NorthNode,57.435300127,56.318560384,4472509850,4473494107,2527584.302092377096,2527595.693959786557,retrograde
Jupiter,242.055334090,232.184798241,4473151722,4483817988,2527591.731168843806,2527715.183322109282,retrograde
NorthNode,56.360087688,55.481569701,4473770618,4474711645,2527598.894312576391,2527609.785829082131,retrograde
Mercury,31.574939898,20.472228790,4474852440,4476894698,2527611.415406927466,2527635.052642501891,retrograde
NorthNode,55.541882306,55.055604525,4475039151,4475848631,2527613.576403927989,2527622.945387711748,retrograde
NorthNode,55.165042406,54.955003287,4476345889,4477071160,2527628.700688955374,2527637.095035580918,retrograde
NorthNode,55.006962539,54.972429627,4477566498,4478190675,2527642.828114524484,2527650.052386001684,retrograde
NorthNode,54.972444018,54.928650078,4478231202,4478911983,2527650.521441457793,2527658.400853663683,retrograde
NorthNode,54.990930113,54.820476442,4479441700,4480096808,2527664.531831466593,2527672.114099890925,retrograde
NorthNode,54.913003810,54.320872315,4480562593,4481467263,2527677.505136162974,2527687.975850454532,retrograde
NorthNode,54.383206936,53.759766636,4481808183,4482634206,2527691.921682889573,2527701.482134304009,retrograde
NorthNode,53.798886465,52.436037994,4482907817,4484012256,2527704.648932280019,2527717.431794716977,retrograde
NorthNode,52.444344972,51.357055366,4484161507,4485181845,2527719.159231278114,2527730.968705435283,retrograde
Mars,336.222202227,326.274470108,4484298149,4489466951,2527720.740738739260,2527780.564832328819,retrograde
NorthNode,51.357722124,49.591994047,4485246343,4486499727,2527731.715204367414,2527746.221961192787,retrograde
Mercury,158.485038517,145.685163690,4485674997,4487717026,2527736.676482297480,2527760.311076737940,retrograde
Neptune,45.370087804,42.553324026,4486401803,4499996165,2527745.088588050567,2527902.430731919594,retrograde
NorthNode,49.592333606,48.449217292,4486549490,4487586550,2527746.797918938100,2527758.800931838341,retrograde
NorthNode,48.457994436,47.099167381,4487742107,4488836303,2527760.601359558292,2527773.265670776367,retrograde
NorthNode,47.130690615,46.414981228,4489079489,4489938678,2527776.080322709866,2527786.024633985013,retrograde
NorthNode,46.492936327,45.923468804,4490312133,4491183608,2527790.347030315548,2527800.433548326604,retrograde
Saturn,89.896290530,82.926393672,4491122984,4502687342,2527799.731881514192,2527933.578616864979,retrograde
NorthNode,46.004473709,45.799937034,4491607406,4492300651,2527805.338614183478,2527813.362290144898,retrograde
NorthNode,45.876981300,45.847026077,4492889169,4493465873,2527820.173835887574,2527826.848657472990,retrograde
NorthNode,45.847166003,45.810788049,4493549893,4494137208,2527827.821105381474,2527834.618732032366,retrograde
Uranus,130.394305740,126.262807758,4494109083,4506985895,2527834.293208471499,2527983.330387887545,retrograde
NorthNode,45.877361197,45.572845383,4494663407,4495468195,2527840.708998551592,2527850.023678290658,retrograde
Mercury,266.849802600,250.565749524,4495418673,4497125928,2527849.450508937240,2527869.210401602089,retrograde
NorthNode,45.670833907,45.206641717,4495914508,4496673754,2527855.189331590198,2527863.976909626275,retrograde
Pluto,161.634649471,159.041941987,4496530855,4510177414,2527862.322980971076,2528020.269265160896,retrograde
NorthNode,45.275725191,44.115054387,4497014618,4498043259,2527867.922088914551,2527879.827662001364,retrograde
NorthNode,44.143852398,43.097210885,4498274776,4499220410,2527882.507250291295,2527893.452087007463,retrograde
Venus,315.826490345,300.260579991,4498680482,4502230514,2527887.202920155600,2527928.291255583987,retrograde
NorthNode,43.103458429,41.194038134,4499352657,4500606873,2527894.982722305693,2527909.499119170010,retrograde
NorthNode,41.194045070,39.940700425,4500620295,4501688562,2527909.654462690465,2527922.018670810387,retrograde
NorthNode,39.942718051,38.246987119,4501778611,4502953267,2527923.060902805999,2527936.656459209509,retrograde
NorthNode,38.268550748,37.433872671,4503161095,4504038435,2527939.061874245293,2527949.216266175732,retrograde
NorthNode,37.488423379,36.679765165,4504345165,4505295587,2527952.766382825561,2527963.766634480096,retrograde
Mercury,13.886073550,1.249084078,4504858909,4506864918,2527958.712491109967,2527981.930189393461,retrograde
NorthNode,36.764379272,36.484278029,4505699837,4506402378,2527968.445455136709,2527976.576719597913,retrograde
NorthNode,36.573776849,36.451810551,4506916658,4507650844,2527982.529041359201,2527991.026559657417,retrograde
Jupiter,273.499669605,263.658701686,4507539708,4518135987,2527989.740263514221,2528112.382380843163,retrograde
NorthNode,36.467727971,36.467502682,4508123527,4508228047,2527996.497425328940,2527997.707150101662,retrograde
NorthNode,36.495066267,36.357267783,4508769790,4509488770,2528003.977321749553,2528012.298851860687,retrograde
NorthNode,36.455273310,36.136867006,4510014277,4510752026,2528018.381103531923,2528026.919872478582,retrograde
NorthNode,36.208589069,35.458053612,4511127395,4512058039,2528031.264421709813,2528042.035764174536,retrograde
NorthNode,35.512085029,34.686542425,4512374029,4513275943,2528045.693050591275,2528056.131868279539,retrograde
NorthNode,34.703981069,33.207576060,4513471131,4514621450,2528058.390993848443,2528071.704868267290,retrograde
NorthNode,33.210112311,32.042431098,4514723176,4515801695,2528072.882255767472,2528085.365116380155,retrograde
Mercury,140.034944429,128.589396646,4515658070,4517740073,2528083.702782385051,2528107.800042234361,retrograde
NorthNode,32.042433084,30.303774984,4515810666,4517062064,2528085.468939200975,2528099.952714693733,retrograde
NorthNode,30.307495429,29.303862212,4517177537,4518148302,2528101.289211203344,2528112.524916499853,retrograde
Neptune,47.620166738,44.803821925,4518162219,4531741921,2528112.685986529104,2528269.858469129540,retrograde
NorthNode,29.321672281,28.119454501,4518344848,4519401195,2528114.799748058431,2528127.025988955982,retrograde
NorthNode,28.177666651,27.670697419,4519724482,4520505661,2528130.767738269642,2528139.809164626524,retrograde
NorthNode,27.748772586,27.323794051,4520895970,4521748891,2528144.326626103371,2528154.198397896253,retrograde
NorthNode,27.411881548,27.325320239,4522263830,4522875056,2528160.158345076256,2528167.232716986910,retrograde
NorthNode,27.348374335,27.348365166,4523424291,4523459472,2528173.589601079002,2528173.996796003543,retrograde
Saturn,104.072440234,97.098455633,4523912034,4535464149,2528179.234780073166,2528312.939810633659,retrograde
NorthNode,27.388362631,27.248094814,4524106105,4524798073,2528181.480967049487,2528189.489857077599,retrograde
NorthNode,27.323030071,26.927203604,4525244229,4526036427,2528194.653696147725,2528203.822653378360,retrograde
Mercury,251.042770841,234.872111434,4525546033,4527266923,2528198.146797239780,2528218.064507231116,retrograde
Uranus,135.068673893,130.930638604,4526074579,4538952248,2528204.264233843423,2528353.311323742382,retrograde
NorthNode,27.029161777,26.311874377,4526465106,4527330397,2528208.784224813804,2528218.799164154567,retrograde
NorthNode,26.354162470,25.156421804,4527598860,4528619963,2528221.906378847547,2528233.724694138393,retrograde
Pluto,163.640107079,161.031639215,4528273089,4541906042,2528229.709951416589,2528387.498755655251,retrograde
NorthNode,25.174065821,23.859185084,4528816638,4529865421,2528236.001026697457,2528248.139718974009,retrograde
NorthNode,23.860273218,22.081873402,4529936414,4531157020,2528248.961400063708,2528263.088784715161,retrograde
NorthNode,22.082138128,20.771559699,4531203562,4532271022,2528263.627464083023,2528275.982318302616,retrograde
NorthNode,20.778540412,19.342257043,4532405716,4533496185,2528277.541281024925,2528290.162453405559,retrograde
NorthNode,19.386845543,18.672331136,4533777348,4534622002,2528293.416648323648,2528303.192735086195,retrograde
Mercury,356.816350467,342.840887962,4534922334,4536873446,2528306.668806187809,2528329.251116611063,retrograde
NorthNode,18.735457951,18.135064658,4534952116,4535842810,2528307.013500877656,2528317.322460520081,retrograde
NorthNode,18.242206740,18.076395492,4536337082,4536990236,2528323.043196939863,2528330.602850091644,retrograde
NorthNode,18.130519387,18.103200767,4537505570,4538060166,2528336.567364805378,2528342.986304246821,retrograde
NorthNode,18.103769487,18.043297315,4538197529,4538881797,2528344.576156528667,2528352.495917824097,retrograde
NorthNode,18.102106023,17.882535897,4539362783,4540065499,2528358.062886180356,2528366.196171524934,retrograde
NorthNode,17.991164216,17.424829956,4540553185,4541414425,2528371.840688982978,2528381.808752054349,retrograde
NorthNode,17.477976523,16.682519148,4541725054,4542631034,2528385.403984597884,2528395.889871736057,retrograde
Jupiter,306.796303641,296.960205701,4542126242,4552586614,2528390.047371312976,2528511.116490878165,retrograde
NorthNode,16.720315543,15.542746298,4542903332,4543939320,2528399.041463933885,2528411.032068840228,retrograde
NorthNode,15.548776539,14.179062530,4544070554,4545199401,2528412.550983881578,2528425.616336947307,retrograde
NorthNode,14.179305848,12.776271455,4545246330,4546405429,2528426.159493965097,2528439.574997847900,retrograde
Mercury,120.784526924,110.731898936,4545603104,4547695955,2528430.288832329214,2528454.511642523110,retrograde
NorthNode,12.776783753,11.372337774,4546461979,4547586430,2528440.229506625794,2528453.243985123932,retrograde
NorthNode,11.385191066,10.376448855,4547768122,4548746352,2528455.346909616143,2528466.669009771198,retrograde
Venus,166.181608866,149.896741080,4548785311,4552488368,2528467.119929587469,2528509.979378836229,retrograde
NorthNode,10.406633525,9.546585363,4548986062,4549932194,2528469.443429992534,2528480.394037302583,retrograde
Neptune,49.872037886,47.056600412,4549912950,4563489713,2528480.171298743226,2528637.309763091616,retrograde
NorthNode,9.633167012,9.226495005,4550332409,4551103369,2528485.026157183573,2528493.949303922243,retrograde
NorthNode,9.299918876,9.061414147,4551517119,4552285088,2528498.738077796996,2528507.626601802185,retrograde
NorthNode,9.133283666,9.115402898,4552890444,4553384307,2528514.633041513152,2528520.349044040777,retrograde
Mars,51.507655284,36.860497777,4553271725,4559178558,2528519.046012996696,2528587.412134832703,retrograde
NorthNode,9.115559818,9.080933174,4553473720,4554059530,2528521.383920036256,2528528.164123796858,retrograde
NorthNode,9.161828768,8.858647750,4554640558,4555441852,2528534.888990670443,2528544.163226325996,retrograde
Mercury,235.173830062,219.204910621,4555658902,4557414136,2528546.675374664366,2528566.990587562323,retrograde
NorthNode,8.936582410,8.478210572,4555845878,4556616409,2528548.839453035966,2528557.757634767331,retrograde
Saturn,118.209501369,111.241863361,4556689830,4568246703,2528558.607412964106,2528692.367513902485,retrograde
NorthNode,8.560205887,7.486357546,4556991476,4557986741,2528562.098683329299,2528573.617961298674,retrograde
Uranus,139.764341079,135.621347235,4558035145,4570916257,2528574.178189500235,2528723.265133262612,retrograde
NorthNode,7.511787820,6.394694002,4558204067,4559188186,2528576.133305635303,2528587.523572333157,retrograde
NorthNode,6.402236998,4.692181375,4559333798,4560525572,2528589.208892854862,2528603.002572361380,retrograde
Pluto,165.678202466,163.054474483,4560013456,4573636353,2528597.075306135230,2528754.747732062824,retrograde
NorthNode,4.692200960,3.244017977,4560544019,4561672304,2528603.216084443033,2528616.274942270480,retrograde
NorthNode,3.246461984,1.761882706,4561771056,4562877126,2528617.417905436829,2528630.219642680138,retrograde
NorthNode,1.778823011,0.746819044,4563062226,4564018295,2528632.362003284506,2528643.427609729581,retrograde
NorthNode,0.814359889,0.132268910,4564356010,4565225160,2528647.336354311556,2528657.395952522755,retrograde
Mercury,340.197393678,325.208044803,4565025601,4566913538,2528655.086249865592,2528676.937370382249,retrograde
NorthNode,0.206237890,359.848726427,4565596249,4566373977,2528661.690966301598,2528670.692445065826,retrograde
NorthNode,359.954135817,359.861802489,4566934825,4567590967,2528677.183749068528,2528684.777984650806,retrograde
NorthNode,359.875121678,359.874881486,4568026855,4568131382,2528689.822982283309,2528691.032791265287,retrograde
NorthNode,359.913190198,359.732298218,4568732082,4569501603,2528697.985331740230,2528706.891824780963,retrograde
NorthNode,359.814226037,359.501719961,4569962704,4570673255,2528712.228641799651,2528720.452612739056,retrograde
NorthNode,359.590824760,358.725539984,4571084031,4572054748,2528725.206966792233,2528736.442110721022,retrograde
NorthNode,358.765872044,357.930407148,4572325945,4573221522,2528739.580968897790,2528749.946444176137,retrograde
NorthNode,357.949148904,356.386907801,4573426511,4574594945,2528752.318997532129,2528765.842547011562,retrograde
NorthNode,356.388198951,355.184988560,4574672877,4575763655,2528766.744536800310,2528779.369280428626,retrograde
Mercury,100.914251005,91.955358378,4575503632,4577583392,2528776.359752312303,2528800.431048713624,retrograde
NorthNode,355.184997636,353.545468475,4575779080,4577008520,2528779.547813207842,2528793.777433677576,retrograde
Jupiter,342.114749827,332.250356219,4576895856,4587199144,2528792.473453924060,2528911.724476560950,retrograde
NorthNode,353.549660324,352.504656310,4577125333,4578108870,2528795.129442194477,2528806.512976625003,retrograde
NorthNode,352.530233362,351.503739877,4578341463,4579348260,2528809.205017393455,2528820.857767442241,retrograde
NorthNode,351.553165508,351.015616415,4579649070,4580463739,2528824.339356930926,2528833.768398038112,retrograde
NorthNode,351.112863961,350.783950731,4580909603,4581701828,2528838.928861209191,2528848.098128342070,retrograde
Neptune,52.125850347,49.311278278,4581672850,4595245267,2528847.762744040228,2529004.850895931013,retrograde
NorthNode,350.851946210,350.760078765,4582171582,4582824990,2528853.535105936229,2528861.097697126679,retrograde
NorthNode,350.779143216,350.778324666,4583318291,4583479068,2528866.807195100933,2528868.668039607815,retrograde
NorthNode,350.817452117,350.705220070,4584067794,4584697880,2528875.481993104331,2528882.774665483274,retrograde
NorthNode,350.791576789,350.313443708,4585183237,4586048549,2528888.392224110663,2528898.407402608544,retrograde
Mercury,219.145182742,203.497170826,4585754388,4587562005,2528895.002757646143,2528915.924255788326,retrograde
NorthNode,350.394558949,349.819562721,4586435787,4587234074,2528902.889321837574,2528912.128756403923,retrograde
NorthNode,349.870261675,348.503903032,4587530514,4588613294,2528915.559772838838,2528928.091951551847,retrograde
NorthNode,348.518398758,347.400640020,4588792617,4589783711,2528930.167446087115,2528941.638439801522,retrograde
Saturn,132.224291297,125.273624461,4589449770,4601032941,2528937.773391485214,2529071.837871722877,retrograde
NorthNode,347.402240692,345.437626266,4589867334,4591132366,2528942.606309888884,2528957.247880011797,retrograde
Uranus,144.480885468,140.334326869,4590004810,4602887826,2528944.197464059107,2529093.306443453766,retrograde
NorthNode,345.437795126,344.228636797,4591171139,4592205683,2528957.696638269350,2528969.670534418896,retrograde
Pluto,167.749604675,165.111321248,4591760399,4605372526,2528964.516779272817,2529122.064540036954,retrograde
NorthNode,344.236216614,342.693194442,4592348276,4593467568,2528971.320908570662,2528984.275679565035,retrograde
NorthNode,342.728988958,342.007888991,4593718441,4594559154,2528987.179307076149,2528996.909777021967,retrograde
NorthNode,342.086091810,341.473068714,4594923761,4595813258,2529001.129768679850,2529011.424865767360,retrograde
Mercury,323.889065703,308.218698627,4595153732,4596979107,2529003.791466653347,2529024.918492533267,retrograde
NorthNode,341.562207852,341.380717956,4596256723,4596924992,2529016.557568092830,2529024.292161311954,retrograde
NorthNode,341.449093751,341.429050851,4597504697,4597989576,2529031.001705035567,2529036.613736667670,retrograde
NorthNode,341.430475504,341.378094757,4598173547,4598788656,2529038.743024240248,2529045.862350747921,retrograde
NorthNode,341.444469506,341.140062701,4599290164,4600083900,2529051.666833058931,2529060.853601032868,retrograde
Venus,28.999557529,12.693488110,4599580002,4603231652,2529055.021440045908,2529097.285910783336,retrograde
NorthNode,341.240521809,340.758246468,4600538370,4601317907,2529066.113662927411,2529075.136079808697,retrograde
NorthNode,340.818161361,339.757354066,4601642900,4602656306,2529078.897580004297,2529090.626819384284,retrograde
NorthNode,339.786415247,338.787879905,4602896219,4603849686,2529093.403579468839,2529104.439080708660,retrograde
NorthNode,338.793881824,337.081387219,4603982086,4605217017,2529105.971488632262,2529120.264669176191,retrograde
NorthNode,337.081426177,335.905600882,4605241772,4606318036,2529120.551188073121,2529133.007945260033,retrograde
Mercury,80.853083791,72.304868144,4605364980,4607430601,2529121.977205820382,2529145.884862028062,retrograde
NorthNode,335.906500250,334.292977099,4606387600,4607578263,2529133.813086393289,2529147.593904267065,retrograde
NorthNode,334.308076382,333.473623317,4607766967,4608665552,2529149.777980500832,2529160.178276298568,retrograde
NorthNode,333.511381443,332.615745805,4608932822,4609919761,2529163.271674830467,2529174.694575655274,retrograde
NorthNode,332.693007450,332.357664239,4610304471,4611027489,2529179.147237228230,2529187.515502571128,retrograde
NorthNode,332.442533467,332.228265384,4611487357,4612271353,2529192.838054422289,2529201.912076063454,retrograde
Jupiter,18.825048019,8.891668335,4611734573,4621920107,2529195.699346944690,2529313.587470702827,retrograde
NorthNode,332.278325463,332.269067546,4612833857,4613219539,2529208.422544904053,2529212.886456113309,retrograde
NorthNode,332.270196708,332.214999706,4613397316,4614051305,2529214.944053740241,2529222.513370431960,retrograde
Neptune,54.381788816,51.567655283,4613429239,4626993248,2529215.313540599309,2529372.304378901608,retrograde
NorthNode,332.302136748,332.052273057,4614631029,4615359340,2529229.223150011152,2529237.652669285424,retrograde
NorthNode,332.127761202,331.543145976,4615760033,4616623767,2529242.290317145176,2529252.287243527360,retrograde
Mercury,202.848513704,187.688014986,4615830010,4617703244,2529243.100238807499,2529264.781192280352,retrograde
NorthNode,331.619041672,330.798705547,4616989963,4617886340,2529256.525621566921,2529266.900349500589,retrograde
NorthNode,330.824808365,329.418154563,4618108484,4619200982,2529269.471467785537,2529282.116121463478,retrograde
NorthNode,329.424676292,328.124459397,4619339878,4620418872,2529283.723714459687,2529296.212066286243,retrograde
Mars,102.366318477,84.163423031,4620297887,4626862036,2529294.811781928875,2529370.785728092305,retrograde
NorthNode,328.124509411,326.296112380,4620444362,4621678990,2529296.507093543187,2529310.796772302128,retrograde
NorthNode,326.298574106,325.134942238,4621777541,4622781473,2529311.937399788760,2529323.556988293305,retrograde
Uranus,149.217025459,145.068968979,4621969818,4634854367,2529314.162836926989,2529463.289552121423,retrograde
Saturn,146.044441229,139.120261462,4622179748,4633815747,2529316.592580907047,2529451.268489979208,retrograde
NorthNode,325.150748380,323.841410977,4622962858,4624018123,2529325.656351920217,2529337.870070341043,retrograde
Pluto,169.855676317,167.203549778,4623501245,4637101236,2529331.887676590122,2529489.294989095069,retrograde
NorthNode,323.905638938,323.342450813,4624345794,4625137877,2529341.662551265210,2529350.830177495256,retrograde
Mercury,307.809984467,291.737175430,4625295391,4627066093,2529352.653261601925,2529373.147493854165,retrograde
NorthNode,323.421109864,322.976371350,4625516848,4626366058,2529355.216422362253,2529365.045241813175,retrograde
NorthNode,323.074206583,322.992874293,4626902207,4627509211,2529371.250666264445,2529378.276171557605,retrograde
NorthNode,323.009194832,323.008899849,4627970107,4628080773,2529383.610625376925,2529384.891476761550,retrograde
NorthNode,323.057950068,322.886176678,4628722569,4629446008,2529392.319667971693,2529400.692803253420,retrograde
NorthNode,322.961805723,322.574421883,4629881442,4630653491,2529405.732558513060,2529414.668306740932,retrograde
NorthNode,322.674168074,321.896396037,4631078364,4631979955,2529419.585820569657,2529430.020893936045,retrograde
NorthNode,321.933978352,320.859670847,4632238069,4633229277,2529433.008331854828,2529444.480642044917,retrograde
NorthNode,320.876512860,319.543270157,4633426901,4634507467,2529446.767956634983,2529459.274510260671,retrograde
NorthNode,319.544279406,318.007050141,4634577820,4635767023,2529460.088780287653,2529473.852705178782,retrograde
Mercury,61.149934176,52.121504003,4635222895,4637282773,2529467.554927080870,2529491.396102100611,retrograde
NorthNode,318.007173423,316.693498575,4635804123,4636912388,2529474.282101504505,2529487.109239123762,retrograde
NorthNode,316.698368163,315.409176110,4637033857,4638108725,2529488.515134144574,2529500.955739884637,retrograde
NorthNode,315.443417629,314.675970447,4638370409,4639259451,2529503.984482784756,2529514.274328439496,retrograde
NorthNode,314.725805263,314.101463209,4639561883,4640456354,2529517.774701079354,2529528.127368033864,retrograde
NorthNode,314.203843447,313.976752645,4640927471,4641622565,2529533.580111276358,2529541.625178351067,retrograde
NorthNode,314.039750637,313.952268770,4642096462,4642809381,2529547.110094887204,2529555.361475779675,retrograde
NorthNode,313.958341889,313.951153931,4643130747,4643474636,2529559.080987674184,2529563.061187187210,retrograde
NorthNode,313.989980765,313.862870140,4643995157,4644641194,2529569.085731718689,2529576.563017132692,retrograde
NorthNode,313.966411847,313.501489160,4645165559,4646013852,2529582.632053618319,2529592.450258381665,retrograde
Neptune,56.638627861,53.824702151,4645188158,4658749704,2529582.893620408140,2529739.855958125554,retrograde
Mercury,186.133929287,171.681884603,4645883609,4647828291,2529590.942823380232,2529613.450716182590,retrograde
NorthNode,313.566126121,312.937271054,4646361961,4647198955,2529596.479305534624,2529606.166728146374,retrograde
Jupiter,55.573814105,45.558457626,4646501295,4656662194,2529598.091969691217,2529715.694966122508,retrograde
NorthNode,312.992780380,311.803432488,4647515095,4648547819,2529609.825760722160,2529621.778581820428,retrograde
NorthNode,311.815469005,310.548991906,4648713413,4649769737,2529623.695187056437,2529635.921159000136,retrograde
Venus,237.301704998,221.824555068,4649790962,4653364416,2529636.166816079989,2529677.526232080534,retrograde
NorthNode,310.550635743,308.928463246,4649857173,4651048238,2529636.933145184070,2529650.718623759225,retrograde
NorthNode,308.928569085,307.482643003,4651080832,4652196398,2529651.095864828676,2529664.007506056689,retrograde
NorthNode,307.491402389,306.241672623,4652350788,4653385668,2529665.794424001127,2529677.772210225463,retrograde
NorthNode,306.270361456,305.350206490,4653612873,4654543387,2529680.401897430420,2529691.171733126976,retrograde
Uranus,153.972237501,149.823234831,4653944400,4666828809,2529684.239006903954,2529833.364119981416,retrograde
Saturn,159.613242616,152.722246424,4654885314,4666581705,2529695.129219405353,2529830.504118524492,retrograde
NorthNode,305.440049985,304.942486696,4654933372,4655739377,2529695.685447338037,2529705.014210437424,retrograde
Pluto,171.997032360,169.332009785,4655245463,4668838995,2529699.297606586479,2529856.630158922635,retrograde
Mercury,291.882725132,275.615830896,4655441680,4657171813,2529701.568644471467,2529721.593330219388,retrograde
NorthNode,305.021547173,304.773923169,4656149671,4656898715,2529709.762982937507,2529718.432478921488,retrograde
NorthNode,304.852896685,304.835303847,4657510449,4657976282,2529725.512729967013,2529730.904313515872,retrograde
NorthNode,304.835924891,304.794911352,4658113935,4658693477,2529732.497523040511,2529739.205179096200,retrograde
NorthNode,304.878174553,304.536024484,4659256152,4660076304,2529745.717623741366,2529755.210120330565,retrograde
NorthNode,304.618653080,304.151451915,4660482916,4661246197,2529759.916283991188,2529768.750547192991,retrograde
NorthNode,304.226974505,303.083268318,4661605330,4662628705,2529772.907185080461,2529784.751804253086,retrograde
NorthNode,303.106747447,302.065819626,4662841864,4663807558,2529787.218921164051,2529798.395937433466,retrograde
NorthNode,302.072189758,300.342663388,4663945718,4665166197,2529799.995008406229,2529814.120919703506,retrograde
Mercury,42.197242853,31.959343849,4665124776,4667175768,2529813.641513951123,2529837.379840441048,retrograde
NorthNode,300.342682238,299.070912288,4665184834,4666284098,2529814.336625354365,2529827.059594660066,retrograde
NorthNode,299.072801852,297.580877282,4666376013,4667517337,2529828.123418725096,2529841.333187771030,retrograde
NorthNode,297.595443818,296.681574963,4667697661,4668631734,2529843.420273682103,2529854.231308187358,retrograde
NorthNode,296.734997710,295.993234926,4668945824,4669862086,2529857.866607329808,2529868.471494390629,retrograde
NorthNode,296.059567423,295.697628603,4670220605,4670988682,2529872.621019232087,2529881.510791637003,retrograde
NorthNode,295.799754085,295.651741313,4671514154,4672221237,2529887.592645605095,2529895.776480958797,retrograde
NorthNode,295.687012521,295.682674801,4672742667,4673032279,2529901.811547543854,2529905.163539230824,retrograde
NorthNode,295.688401827,295.597379812,4673350848,4674078009,2529908.850675997324,2529917.266890567727,retrograde
NorthNode,295.672968090,295.450478117,4674590886,4675269098,2529923.202967232093,2529931.052648157813,retrograde
NorthNode,295.538824836,294.843765498,4675703649,4676636351,2529936.082172005437,2529946.877339187078,retrograde
Mercury,168.853348032,155.372037536,4675913875,4677924970,2529938.515339337289,2529961.791907727718,retrograde
Neptune,58.895396626,56.080572545,4676950782,4690502866,2529950.516578997485,2530107.369405380450,retrograde
NorthNode,294.900272951,294.183972958,4676955839,4677805915,2529950.575114298612,2529960.413954960182,retrograde
NorthNode,294.213717816,292.699234275,4678047479,4679188153,2529963.209839476272,2529976.412077731453,retrograde
NorthNode,292.703730892,291.527571042,4679307448,4680355567,2529977.792812147178,2529989.923819490708,retrograde
NorthNode,291.527642072,289.677770721,4680385444,4681644033,2529990.269608898088,2530004.836616591550,retrograde
Jupiter,90.985365896,80.921878724,4681087902,4691311451,2529998.399918921292,2530116.728034265339,retrograde
NorthNode,289.679816622,288.554236209,4681734242,4682725827,2530005.880704985000,2530017.357377616689,retrograde
NorthNode,288.572220432,287.295562561,4682922698,4683980928,2530019.635978895240,2530031.884016918018,retrograde
NorthNode,287.345890135,286.745132665,4684273072,4685081758,2530035.265304407105,2530044.625096618198,retrograde
NorthNode,286.841516184,286.417816124,4685500277,4686330857,2530049.469073256478,2530059.082265658304,retrograde
Mercury,276.041670149,259.728216028,4685585089,4687293875,2530050.450693793595,2530070.228307329118,retrograde
Uranus,158.743859179,154.595246778,4685913592,4698798705,2530054.252804233693,2530203.386056139134,retrograde
Mars,140.259379419,120.898767137,4686533694,4693428731,2530061.429911083542,2530141.233579502441,retrograde
NorthNode,286.498332275,286.395655062,4686807669,4687446256,2530064.600919413380,2530071.991976154037,retrograde
Pluto,174.174959552,171.497063288,4686999887,4700570903,2530066.825673258863,2530223.897611699067,retrograde
Saturn,172.890689526,166.037737709,4687569454,4699326859,2530073.417880974710,2530209.498954951763,retrograde
NorthNode,286.420588898,286.420317685,4687976554,4688083250,2530078.129688442685,2530079.364592309110,retrograde
NorthNode,286.463661458,286.335456355,4688696290,4689341395,2530086.459957941435,2530093.926455280744,retrograde
NorthNode,286.421968768,285.923517662,4689809567,4690666544,2530099.345113130286,2530109.263829630800,retrograde
NorthNode,286.011975108,285.381334749,4691062157,4691877992,2530113.842676816508,2530123.285211366601,retrograde
NorthNode,285.426782965,284.045813217,4692157253,4693240852,2530126.517400137149,2530139.059057537466,retrograde
NorthNode,284.059320273,282.930572109,4693417608,4694420022,2530141.104847466573,2530152.706858931109,retrograde
NorthNode,282.931678653,281.038042467,4694493601,4695757265,2530153.558464043774,2530168.184208245017,retrograde
Mercury,24.065814980,12.297512917,4695092716,4697120628,2530160.492671750486,2530183.963869884610,retrograde
NorthNode,281.038302201,279.902030349,4695803158,4696831362,2530168.715378309600,2530180.615892923437,retrograde
NorthNode,279.908893329,278.439407519,4696970333,4698094497,2530182.224346204661,2530195.235504928045,retrograde
NorthNode,278.473440543,277.805730330,4698348691,4699184572,2530198.177564690821,2530207.852120091207,retrograde
NorthNode,277.869821711,277.238909643,4699526281,4700439101,2530211.807074796408,2530222.372124860063,retrograde
Venus,97.046156557,80.527750703,4700304900,4704025440,2530220.818868448958,2530263.880673894659,retrograde
NorthNode,277.326040404,277.133991679,4700881747,4701549825,2530227.495347227901,2530235.227725796402,retrograde
NorthNode,277.205139927,277.146177869,4702088032,4702789312,2530241.456970038824,2530249.573647259735,retrograde
NorthNode,277.146624058,277.129296889,4702919153,4703405899,2530251.076432205737,2530256.710071659647,retrograde
NorthNode,277.174611024,276.986301817,4703918436,4704653861,2530262.642208182253,2530271.154069437645,retrograde
NorthNode,277.088349293,276.694059998,4705156587,4705927542,2530276.972659666091,2530285.895752677694,retrograde
Mercury,150.847747769,138.602840513,4705917216,4707978525,2530285.776237301528,2530309.633972860873,retrograde
NorthNode,276.758133186,275.935755270,4706275455,4707222378,2530289.922523518093,2530300.882282017730,retrograde
NorthNode,275.981023762,275.041486838,4707513848,4708450892,2530304.255770941265,2530315.101183164865,retrograde
NorthNode,275.053320166,273.488616893,4708618377,4709790259,2530317.039671083912,2530330.603116891347,retrograde
Neptune,61.150134974,58.334187430,4708702679,4722259756,2530318.015391700901,2530474.925999105908,retrograde
NorthNode,273.489505112,272.230867976,4709861143,4710951610,2530331.423541829921,2530344.044682338834,retrograde
NorthNode,272.230967674,270.507662621,4710984197,4712198681,2530344.421851287596,2530358.478375648148,retrograde
NorthNode,270.516906040,269.527062108,4712355472,4713295619,2530360.293083018623,2530371.174416910857,retrograde
NorthNode,269.555699823,268.478106177,4713526450,4714539100,2530373.846072914079,2530385.566554665565,retrograde
NorthNode,268.558904615,268.137959874,4714912466,4715656324,2530389.887926744297,2530398.497397209518,retrograde
Jupiter,124.396279168,114.334108457,4715467827,4725817614,2530396.315710246563,2530516.104919590056,retrograde
Mercury,260.240456402,243.988684607,4715719908,4717429528,2530399.233315266669,2530419.020583793521,retrograde
NorthNode,268.224436568,267.936741260,4716083486,4716888937,2530403.441392350011,2530412.763742418960,retrograde
NorthNode,268.006432305,267.986016585,4717461039,4717958285,2530419.385291846469,2530425.140453984961,retrograde
Uranus,163.529514725,159.380903403,4717888718,4730776892,2530424.335283967666,2530573.503965917043,retrograde
NorthNode,267.986148964,267.944534340,4718039957,4718653442,2530426.085734513588,2530433.186259784736,retrograde
Pluto,176.388972135,173.698702538,4718749359,4732314117,2530434.296413375996,2530591.295927339233,retrograde
NorthNode,268.036526854,267.754285949,4719247944,4720001144,2530440.067063948140,2530448.784658533521,retrograde
Saturn,185.854888780,179.042516664,4720227678,4732049784,2530451.406585790217,2530588.236511573195,retrograde
NorthNode,267.833041054,267.255505849,4720397647,4721233726,2530453.373821668327,2530463.050660528243,retrograde
NorthNode,267.337084538,266.398681438,4721604155,4722536134,2530467.338027243502,2530478.124827430584,retrograde
NorthNode,266.422780978,265.060961537,4722748268,4723817151,2530480.580082695931,2530492.951407413930,retrograde
NorthNode,265.066846531,263.664572803,4723951466,4725066766,2530494.505984962918,2530507.414539595135,retrograde
NorthNode,263.664593832,261.983502166,4725085802,4726290332,2530507.634869838133,2530521.576192231849,retrograde
Mercury,6.658049480,353.416193005,4725124756,4727109845,2530508.085730828345,2530531.061298042536,retrograde
NorthNode,261.986442542,260.810890274,4726396721,4727420523,2530522.807538804598,2530534.657098992728,retrograde
NorthNode,260.826510794,259.655268579,4727603218,4728631994,2530536.771633456461,2530548.678760656156,retrograde
NorthNode,259.717216373,259.159201849,4728964010,4729774596,2530552.521532548591,2530561.903321145102,retrograde
NorthNode,259.228256161,258.804718510,4730140349,4730981100,2530566.136565084569,2530575.867486123927,retrograde
NorthNode,258.903277406,258.805881030,4731517460,4732142425,2530582.075358354487,2530589.308751696721,retrograde
NorthNode,258.834117294,258.833720423,4732685038,4732812073,2530595.588991891593,2530597.059296590276,retrograde
NorthNode,258.855019802,258.737249087,4733337510,4734057678,2530603.140754318796,2530611.476028266363,retrograde
NorthNode,258.803653574,258.535979630,4734515716,4735234810,2530616.777388103306,2530625.100239376538,retrograde
NorthNode,258.636777528,257.968187585,4735690540,4736588775,2530630.374895348214,2530640.771135717630,retrograde
Mercury,132.029677083,121.187678952,4735885591,4737973810,2530632.632421649992,2530656.801628574729,retrograde
NorthNode,258.013393770,257.176156116,4736876773,4737795631,2530644.104437122121,2530654.739373566583,retrograde
NorthNode,257.204373991,255.897858367,4738038326,4739114498,2530657.548343895003,2530670.004033485427,retrograde
NorthNode,255.901266596,254.528902887,4739221683,4740362747,2530671.244607918896,2530684.451359979808,retrograde
NorthNode,254.528919402,253.040299864,4740381720,4741555449,2530684.670959221199,2530698.255782837048,retrograde
Neptune,63.402148961,60.584619157,4740460289,4754010338,2530685.580322346650,2530842.409593607299,retrograde
NorthNode,253.042065720,251.708655510,4741640468,4742720238,2530699.239805025980,2530711.737136691809,retrograde
NorthNode,251.730977606,250.740172306,4742939495,4743897097,2530714.274838290177,2530725.358189893886,retrograde
NorthNode,250.782530447,250.044392304,4744168980,4745068526,2530728.504980813712,2530738.916393693537,retrograde
NorthNode,250.150155163,249.819292964,4745513318,4746256206,2530744.064453108236,2530752.662688454613,retrograde
Mercury,244.410309229,228.312977116,4745841215,4747574152,2530747.859557427466,2530767.916699029505,retrograde
NorthNode,249.892874216,249.755624983,4746705708,4747423238,2530757.865260376595,2530766.170012036338,retrograde
NorthNode,249.783274575,249.783055481,4747979689,4748079292,2530772.610412487760,2530773.763220118359,retrograde
NorthNode,249.814646936,249.705271632,4748630436,4749253299,2530780.142211191356,2530787.351272928528,retrograde
Jupiter,155.943553332,145.924937532,4749691875,4760177154,2530792.427385196090,2530913.784780815244,retrograde
NorthNode,249.810951854,249.312984459,4749780128,4750641462,2530793.448821948841,2530803.417974444106,retrograde
Uranus,168.324689003,164.176801361,4749858383,4762752751,2530794.354561367072,2530943.594922986813,retrograde
Pluto,178.638477390,175.935457518,4750510718,4764062399,2530801.904726936482,2530958.752886685543,retrograde
Venus,313.358193845,297.826307753,4750927039,4754475828,2530806.723259953782,2530847.797201419249,retrograde
NorthNode,249.386138730,248.757378999,4751000314,4751814466,2530807.571349525824,2530816.994411172345,retrograde
NorthNode,248.815417499,247.476270873,4752127834,4753191003,2530820.621345408261,2530832.926545901224,retrograde
Mars,173.785880167,154.342463516,4752578919,4759580569,2530825.842242040671,2530906.879859254695,retrograde
Saturn,198.502180703,191.730197802,4752855040,4764754214,2530829.038087375462,2530966.760011374950,retrograde
NorthNode,247.488188445,246.248292262,4753354093,4754386786,2530834.814165367745,2530846.766630310565,retrograde
NorthNode,246.249643129,244.482089974,4754467491,4755689430,2530847.700715765357,2530861.843531111255,retrograde
Mercury,349.797343578,335.351824319,4755206545,4757132606,2530856.254579164088,2530878.546953365207,retrograde
NorthNode,244.482318245,243.154192065,4755731680,4756806902,2530862.332528069615,2530874.777229944244,retrograde
NorthNode,243.163755145,241.872477860,4756966220,4758026256,2530876.621182840317,2530888.890129207633,retrograde
NorthNode,241.902949000,241.101659309,4758262340,4759156727,2530891.622582418844,2530901.974282400683,retrograde
NorthNode,241.185755362,240.681035017,4759543792,4760377308,2530906.454194584861,2530916.101368516684,retrograde
NorthNode,240.756227439,240.534583084,4760789764,4761514417,2530920.875172053464,2530929.262356781401,retrograde
NorthNode,240.612867345,240.583360219,4762114881,4762710751,2530936.212172759697,2530943.108818722889,retrograde
NorthNode,240.583390591,240.559150711,4762763043,4763316337,2530943.714046105742,2530950.117915876210,retrograde
NorthNode,240.622067856,240.361280298,4763873252,4764674922,2530956.563688052818,2530965.842280494049,retrograde
NorthNode,240.443595242,240.075308471,4765113454,4765849411,2530970.917880299501,2530979.435902291909,retrograde
Mercury,112.479673923,102.955473578,4765810581,4767900988,2530978.986479848623,2531003.181007869542,retrograde
NorthNode,240.149988338,239.181743235,4766223332,4767225536,2530983.763691315427,2530995.363267829642,retrograde
NorthNode,239.213786705,238.342007970,4767474460,4768391161,2530998.244339179248,2531008.854297670536,retrograde
NorthNode,238.353813318,236.699426168,4768564340,4769766433,2531010.858683334664,2531024.771807574667,retrograde
NorthNode,236.699859842,235.512721517,4769820605,4770901301,2531025.398791463114,2531037.906850707717,retrograde
NorthNode,235.512942576,233.842305542,4770945724,4772155325,2531038.420999766327,2531052.421016128734,retrograde
Neptune,65.650830539,62.831958135,4772209692,4785762132,2531053.050265605561,2531209.907204969786,retrograde
NorthNode,233.850339873,232.876937374,4772301392,4773247688,2531054.111603341997,2531065.064106578939,retrograde
NorthNode,232.913211894,231.934790972,4773510480,4774495636,2531068.105676769279,2531079.507952348329,retrograde
NorthNode,231.998223298,231.550885227,4774830874,4775605699,2531083.388016170822,2531092.355895104818,retrograde
Mercury,228.483857637,212.638681225,4775946280,4777722629,2531096.297806754708,2531116.857405103743,retrograde
NorthNode,231.656214075,231.405598066,4776085256,4776850329,2531097.906322320923,2531106.761338834651,retrograde
NorthNode,231.463121557,231.432521933,4777360495,4777945576,2531112.666035149246,2531119.437813250348,retrograde
NorthNode,231.432538883,231.384659190,4777987159,4778663939,2531119.919095509686,2531127.752197945490,retrograde
NorthNode,231.462510036,231.250645115,4779217920,4779892281,2531134.164018166251,2531141.969111826271,retrograde
NorthNode,231.342251550,230.652863731,4780328153,4781242964,2531147.013930810615,2531157.602016442455,retrograde
NorthNode,230.722055898,229.957655405,4781583753,4782433545,2531161.546334459446,2531171.381893168204,retrograde
Uranus,173.125852706,168.977980097,4781830354,4794734406,2531164.400515598245,2531313.752971473150,retrograde
Pluto,180.922183305,178.206499753,4782267559,4795813044,2531169.460755535401,2531326.237204927020,retrograde
NorthNode,229.989053774,228.379368160,4782672242,4783814321,2531174.144595959224,2531187.363096781075,retrograde
Jupiter,186.258431816,176.296171687,4783838848,4794438427,2531187.646971724927,2531310.327291175723,retrograde
NorthNode,228.384241557,227.152852100,4783935969,4784984190,2531188.771056304686,2531200.903249332681,retrograde
NorthNode,227.152892423,225.217968719,4785008336,4786272921,2531201.182711723261,2531215.819116072729,retrograde
Mercury,333.327787640,318.010504640,4785322229,4787183074,2531204.815736807883,2531226.353297159076,retrograde
Saturn,210.843992986,204.110340115,4785460848,4797432858,2531206.420119129121,2531344.985051222146,retrograde
NorthNode,225.220817109,224.125552121,4786374232,4787348658,2531216.991693144664,2531228.269774602726,retrograde
NorthNode,224.144495619,222.871714215,4787547370,4788610161,2531230.569685442373,2531242.870501423255,retrograde
NorthNode,222.927218348,222.387649859,4788919336,4789706403,2531246.448914478533,2531255.558494067751,retrograde
NorthNode,222.475677366,222.065188925,4790115909,4790959023,2531260.298144756816,2531270.056404937990,retrograde
NorthNode,222.145159886,222.055809756,4791452522,4792073115,2531275.768206358887,2531282.950988348573,retrograde
NorthNode,222.080443535,222.080439144,4792646656,4792674644,2531289.589197786525,2531289.913128127344,retrograde
NorthNode,222.117414871,222.003459667,4793319873,4793977869,2531297.381059977226,2531304.996753023006,retrograde
NorthNode,222.076809560,221.687270204,4794437754,4795257258,2531310.319501296617,2531319.804498868994,retrograde
NorthNode,221.778453502,221.218638717,4795681969,4796499456,2531324.720134698786,2531334.181786800735,retrograde
Mercury,92.470439432,83.791923914,4795691735,4797766176,2531324.833164960146,2531348.842905178666,retrograde
NorthNode,221.264294219,220.138699238,4796788784,4797824026,2531337.530498652719,2531349.512466149405,retrograde
NorthNode,220.159108581,219.117011219,4798036966,4799025185,2531351.977047574706,2531363.414767497219,retrograde
NorthNode,219.119826137,217.406553924,4799127326,4800376868,2531364.596948708408,2531379.059241028503,retrograde
NorthNode,217.406557451,216.247302512,4800388071,4801463488,2531379.188913490623,2531391.635864497162,retrograde
Venus,163.985074812,147.674009740,4801041063,4804745458,2531386.746691470966,2531429.621629046276,retrograde
NorthNode,216.249648179,214.694646819,4801559336,4802717967,2531392.745211210102,2531406.155300161801,retrograde
NorthNode,214.717320977,213.939867966,4802937176,4803812476,2531408.692441708408,2531418.823222843930,retrograde
Neptune,67.896381059,65.076076883,4803967006,4817511268,2531420.611771862023,2531577.374062039889,retrograde
NorthNode,213.987040040,213.176162097,4804103998,4805060601,2531422.197318190709,2531433.269120817073,retrograde
NorthNode,213.267054144,212.993448594,4805481456,4806177044,2531438.140125111677,2531446.190910320729,retrograde
Mercury,212.353178140,196.892351603,4806033092,4807868261,2531444.524804331362,2531465.765177123249,retrograde
NorthNode,213.075351468,212.934947470,4806662109,4807413073,2531451.805088941939,2531460.496798343025,retrograde
NorthNode,212.955865702,212.955760917,4807931770,4808010827,2531466.500241500326,2531467.415248192847,retrograde
NorthNode,212.982663873,212.855740373,4808548922,4809232150,2531473.643203813583,2531481.550939603709,retrograde
NorthNode,212.966246892,212.571159403,4809772731,4810552270,2531487.807663800195,2531496.830102478154,retrograde
NorthNode,212.642955632,211.876783023,4810912065,4811813511,2531500.994400103576,2531511.427799154073,retrograde
NorthNode,211.935107932,210.876325571,4812128885,4813086087,2531515.077955035493,2531526.156686325558,retrograde
NorthNode,210.890075183,209.320274940,4813257523,4814398153,2531528.140904240310,2531541.342629872262,retrograde
Uranus,177.928058636,173.781054501,4813799453,4826717500,2531534.413237725385,2531683.927670982666,retrograde
Pluto,183.238378597,180.510079442,4814035524,4827571095,2531537.145539666526,2531693.807242666371,retrograde
NorthNode,209.321439490,207.902059212,4814474778,4815590238,2531542.229503320530,2531555.139911496080,retrograde
Mercury,317.134531569,301.258063099,4815458013,4817257780,2531553.609530270100,2531574.440170399845,retrograde
NorthNode,207.902176534,206.188516766,4815623852,4816812714,2531555.528968476690,2531569.288945723325,retrograde
NorthNode,206.199459893,205.152837506,4816978361,4817932127,2531571.206149914302,2531582.245111197233,retrograde
Jupiter,216.167970778,206.261442881,4817988070,4828651941,2531582.892595380545,2531706.317038096488,retrograde
Saturn,222.905947854,216.207253033,4818045419,4830087214,2531583.556363508105,2531722.928989656270,retrograde
NorthNode,205.183196947,204.165206284,4818165731,4819154942,2531584.948858454823,2531596.398067916743,retrograde
Mars,207.925601304,189.282865174,4818858817,4825735353,2531592.970696561970,2531672.560232547112,retrograde
NorthNode,204.252762847,203.846845029,4819545687,4820292541,2531600.920573825948,2531609.564719327725,retrograde
NorthNode,203.927143323,203.670240265,4820714707,4821506077,2531614.450900042430,2531623.610280004330,retrograde
NorthNode,203.737509050,203.721972805,4822099003,4822561864,2531630.472844473086,2531635.830025563017,retrograde
NorthNode,203.722202539,203.684030348,4822666039,4823268897,2531637.035757866688,2531644.013278501108,retrograde
NorthNode,203.768346074,203.497251149,4823862321,4824635156,2531650.881617014296,2531659.826460971497,retrograde
NorthNode,203.569812810,203.102068559,4825033869,4825831478,2531664.441195094958,2531673.672782500274,retrograde
Mercury,72.500255381,63.851016141,4825547753,4827607831,2531670.388930283487,2531694.232429794967,retrograde
NorthNode,203.182679116,202.303687203,4826215802,4827163486,2531678.120976133272,2531689.089548408985,retrograde
NorthNode,202.329491079,201.228885377,4827388171,4828398255,2531691.690068842843,2531703.380850768648,retrograde
NorthNode,201.238461462,199.869510902,4828562034,4829686064,2531705.276441271417,2531718.286051520146,retrograde
NorthNode,199.869711820,198.400071750,4829727481,4830902245,2531718.765407582745,2531732.362222447991,retrograde
NorthNode,198.400725272,197.119921121,4830967607,4832062753,2531733.118728999980,2531745.794018760324,retrograde
NorthNode,197.128168612,195.946067741,4832209371,4833244926,2531747.490987956524,2531759.476582794450,retrograde
NorthNode,195.990199022,195.277749670,4833534684,4834410748,2531762.830262180418,2531772.969889503904,retrograde
NorthNode,195.335529142,194.801028595,4834736608,4835594500,2531776.741425028071,2531786.670731090941,retrograde
Neptune,70.139190328,67.318173867,4835712750,4849259865,2531788.039360628463,2531944.834666899405,retrograde
NorthNode,194.910097469,194.731672062,4836097413,4836775474,2531792.491474323906,2531800.339403827675,retrograde
Mercury,195.890033481,180.999335420,4836100363,4838003397,2531792.525627233088,2531814.551476612687,retrograde
NorthNode,194.784006353,194.749755150,4837273859,4837890947,2531806.107750411145,2531813.249976409599,retrograde
NorthNode,194.749801940,194.694588361,4837950175,4838652200,2531813.935488279909,2531822.060766348615,retrograde
NorthNode,194.755694439,194.555813470,4839148835,4839821778,2531827.808862092905,2531835.597548954189,retrograde
NorthNode,194.665387414,194.007692279,4840303773,4841202120,2531841.176198724657,2531851.573736198246,retrograde
NorthNode,194.065215265,193.285815936,4841515669,4842386677,2531855.202773522586,2531865.283884295262,retrograde
NorthNode,193.323766702,191.852698421,4842650289,4843745085,2531868.334954797290,2531881.006200121716,retrograde
NorthNode,191.857631079,190.491674851,4843864159,4844964118,2531882.384368026629,2531895.115381020121,retrograde
NorthNode,190.491720777,188.764264118,4844990106,4846197801,2531895.416164976545,2531909.394117207266,retrograde
Mercury,301.120170738,284.939513163,4845602852,4847353614,2531902.508133098483,2531922.771578885615,retrograde
Uranus,182.728250042,178.581787563,4845767207,4858700385,2531904.410389009863,2532054.099951009266,retrograde
Pluto,185.585877550,182.845182017,4845801350,4859329301,2531904.805559213273,2532061.379072261043,retrograde
NorthNode,188.766145836,187.455660179,4846283094,4847330563,2531910.381307204254,2531922.504789652303,retrograde
NorthNode,187.479185438,186.377967625,4847549834,4848537057,2531925.042646590620,2531936.468838385306,retrograde
NorthNode,186.424693246,185.745450710,4848817552,4849681968,2531939.715312277898,2531949.720125206746,retrograde
NorthNode,185.853688764,185.518554457,4850132486,4850894428,2531954.934447070584,2531963.753230081871,retrograde
Saturn,234.727503614,228.059698380,4850619933,4862720071,2531960.576205596328,2532100.624088138342,retrograde
NorthNode,185.589726376,185.478794439,4851351963,4852040251,2531969.048764035106,2531977.015069114044,retrograde
Venus,26.733526982,10.433350234,4851838916,4855486456,2531974.684802906588,2532016.901693904772,retrograde
Jupiter,246.543789015,236.679913840,4852238554,4862899054,2531979.310244418681,2532102.695660687983,retrograde
NorthNode,185.498574486,185.497531523,4852530260,4852701865,2531982.686465726234,2531984.672632264905,retrograde
NorthNode,185.534828596,185.423741227,4853264815,4853887855,2531991.188261663541,2531998.399376786314,retrograde
NorthNode,185.518518571,185.041884410,4854396232,4855264825,2532004.283364337869,2532014.336529120803,retrograde
Mercury,53.076098536,43.598742897,4855418823,4857475994,2532016.118913762271,2532039.928759291768,retrograde
NorthNode,185.114058320,184.558796892,4855633934,4856431479,2532018.608615215868,2532027.839459531009,retrograde
NorthNode,184.612447644,183.371756205,4856743401,4857811480,2532031.449677480385,2532043.811694521457,retrograde
NorthNode,183.385516904,182.327570570,4857989453,4858982692,2532045.871576193720,2532057.367394186556,retrograde
NorthNode,182.329986810,180.624647846,4859082781,4860328687,2532058.525826714002,2532072.946037571877,retrograde
NorthNode,180.624666361,179.434170891,4860347509,4861422488,2532073.163884936832,2532085.605766241439,retrograde
NorthNode,179.438224925,178.037854726,4861542467,4862665321,2532086.994422548451,2532099.990407817997,retrograde
NorthNode,178.058659008,177.246166586,4862873601,4863771979,2532102.401056834497,2532112.798959713429,retrograde
NorthNode,177.307914342,176.642481693,4864108462,4865011063,2532116.693436793983,2532127.140202089213,retrograde
NorthNode,176.715292526,176.422204465,4865396359,4866131122,2532131.599651592784,2532140.103856154718,retrograde
Mercury,178.953870609,164.878566084,4866145310,4868118016,2532140.268059998751,2532163.100312970579,retrograde
NorthNode,176.518476130,176.417327189,4866678794,4867371460,2532146.442644943483,2532154.459616104141,retrograde
Neptune,72.379942730,69.558781521,4867467484,4881012752,2532155.570997879840,2532312.344934488647,retrograde
NorthNode,176.431847736,176.431795840,4867845676,4867909379,2532159.948221244849,2532160.685531125404,retrograde
NorthNode,176.463111217,176.300585336,4868492341,4869248622,2532167.432777408510,2532176.186030912213,retrograde
NorthNode,176.390812600,176.081139350,4869739979,4870451108,2532181.873034179211,2532190.103685623966,retrograde
NorthNode,176.165133267,175.268959920,4870846035,4871817442,2532194.674604461528,2532205.917743638158,retrograde
NorthNode,175.316070767,174.449837059,4872103943,4872994013,2532209.233718938194,2532219.535459468141,retrograde
NorthNode,174.467418739,172.697834262,4873187194,4874379940,2532221.771349298768,2532235.576286900789,retrograde
NorthNode,172.698911928,171.446560070,4874452411,4875522055,2532236.415065206587,2532248.795209432021,retrograde
NorthNode,171.446634254,169.561483384,4875551807,4876787449,2532249.139556696638,2532263.440969732590,retrograde
Mercury,285.231092749,268.931044910,4875748414,4877467292,2532251.415099948645,2532271.309520460665,retrograde
NorthNode,169.569918710,168.562929259,4876933775,4877867757,2532265.134559487924,2532275.944531902671,retrograde
Pluto,187.962760062,185.209910527,4877572006,4891096417,2532272.521490738727,2532429.054027586244,retrograde
Uranus,187.521931720,183.376724273,4877736561,4890687720,2532274.426061795093,2532424.323739097454,retrograde
NorthNode,168.598813286,167.520883356,4878121517,4879126268,2532278.881567937322,2532290.510633485392,retrograde
NorthNode,167.593169203,167.168622106,4879476888,4880228761,2532294.568731172942,2532303.270964126103,retrograde
NorthNode,167.270695004,167.020448059,4880700077,4881479512,2532308.726016376168,2532317.747258705087,retrograde
NorthNode,167.075878155,167.058624372,4882012597,4882486166,2532323.917219114490,2532329.398341947235,retrograde
NorthNode,167.058927524,167.000577350,4882596226,4883279149,2532330.672189367935,2532338.576380993240,retrograde
Saturn,246.356179346,239.713839877,4883185246,4895325423,2532337.489549554884,2532478.000854708254,retrograde
NorthNode,167.086093406,166.853037367,4883843363,4884540090,2532345.106641830876,2532353.170614919625,retrograde
NorthNode,166.935271945,166.294934144,4884956250,4885855616,2532357.987277545035,2532368.396606343798,retrograde
Mercury,34.477644630,23.605042617,4885346682,4887392417,2532362.506164848804,2532386.183651730418,retrograde
Mars,248.280749796,232.064247589,4885941818,4892347378,2532369.394316407852,2532443.532744380645,retrograde
NorthNode,166.364148942,165.617404710,4886205967,4887069623,2532372.451589009725,2532382.447610331699,retrograde
Jupiter,278.194906042,268.354940507,4886645205,4897226510,2532377.535372123122,2532500.004171438515,retrograde
NorthNode,165.645261697,164.216064802,4887301795,4888422664,2532385.134792253375,2532398.107812807895,retrograde
NorthNode,164.221970994,163.071577712,4888557475,4889602647,2532399.668126218952,2532411.765024458058,retrograde
NorthNode,163.071699791,161.304822371,4889638140,4890897108,2532412.175823967904,2532426.747208298184,retrograde
NorthNode,161.306167760,160.247770720,4890978506,4891977917,2532427.689313234761,2532439.256568104029,retrograde
NorthNode,160.258770971,158.958936201,4892143636,4893235423,2532441.174617858604,2532453.811040296219,retrograde
NorthNode,159.002661094,158.417077525,4893521952,4894332692,2532457.127350358292,2532466.510908784345,retrograde
NorthNode,158.485720430,157.956594495,4894692972,4895581618,2532470.680823433213,2532480.966075018048,retrograde
NorthNode,158.045685856,157.900576708,4896055838,4896699493,2532486.454734959640,2532493.904446551576,retrograde
Mercury,161.376527363,148.393082979,4896164025,4898199044,2532487.706891261041,2532511.260350249708,retrograde
NorthNode,157.955904820,157.937442557,4897253188,4897739964,2532500.312952402979,2532505.946934243664,retrograde
NorthNode,157.939029463,157.883371037,4897938106,4898582139,2532508.240241162479,2532515.694321667776,retrograde
NorthNode,157.943218405,157.684299380,4899067698,4899820455,2532521.314222829416,2532530.026686383411,retrograde
Neptune,74.620184865,71.799494655,4899219783,4912758094,2532523.074462092482,2532679.767873673700,retrograde
NorthNode,157.791206166,157.278399641,4900298132,4901109266,2532535.555354542099,2532544.943482276984,retrograde
NorthNode,157.335237642,156.353556566,4901424759,4902396834,2532548.595022923313,2532559.845884316601,retrograde
Venus,234.877945339,219.381475776,4902037782,4905616248,2532555.690196720883,2532597.107626913115,retrograde
NorthNode,156.388162749,155.273557595,4902653345,4903639363,2532562.814762874506,2532574.227007247508,retrograde
NorthNode,155.279217196,153.555536631,4903765519,4904974607,2532575.687153949402,2532589.681220492348,retrograde
NorthNode,153.555570994,152.223053690,4904998175,4906099085,2532589.954005375504,2532602.696010467596,retrograde
Mercury,269.408239739,253.114899048,4905888270,4907595447,2532600.256028629839,2532620.015025109053,retrograde
NorthNode,152.224506679,150.553598601,4906177809,4907334905,2532603.607175258920,2532616.999490451068,retrograde
NorthNode,150.576287016,149.691282691,4907549612,4908445424,2532619.484524173662,2532629.852717994712,retrograde
NorthNode,149.738080820,148.875814249,4908725993,4909677894,2532633.100037880242,2532644.117412609048,retrograde
Pluto,190.367643739,187.603054874,4909339400,4922855940,2532640.199664537795,2532796.641092072241,retrograde
Uranus,192.305741253,188.161873115,4909700349,4922669515,2532644.377309107222,2532794.483396713622,retrograde
NorthNode,148.978634857,148.694295140,4910113048,4910810890,2532649.153916334733,2532657.230798233300,retrograde
NorthNode,148.773532117,148.640517404,4911285100,4912030430,2532662.719334059395,2532671.345840062015,retrograde
NorthNode,148.655702097,148.654121684,4912466199,4912660095,2532676.389464229345,2532678.633631947450,retrograde
NorthNode,148.688144269,148.554181764,4913185099,4913852110,2532684.710067780688,2532692.430100367405,retrograde
NorthNode,148.667089601,148.223379930,4914387871,4915201156,2532698.631041250192,2532708.044057351537,retrograde
Mercury,16.687390638,4.270401664,4915344087,4917355961,2532709.698348678648,2532732.983930952847,retrograde
NorthNode,148.290425820,147.585510457,4915550446,4916425970,2532712.086763367988,2532722.220149816945,retrograde
Saturn,257.841701194,251.217043006,4915737985,4927916890,2532714.257358200848,2532855.216903172433,retrograde
NorthNode,147.641036474,146.548327838,4916740548,4917731106,2532725.861097590998,2532737.325890973210,retrograde
NorthNode,146.560527669,145.201320931,4917898140,4919000567,2532739.259153454565,2532752.018726330251,retrograde
NorthNode,145.202750318,143.789298316,4919084920,4920232380,2532752.995032644831,2532766.275817526504,retrograde
NorthNode,143.789346759,142.296281766,4920257910,4921424507,2532766.571309709921,2532780.073583294638,retrograde
Jupiter,311.717475865,301.879442451,4921258173,4931701209,2532778.148428134620,2532899.016893081367,retrograde
NorthNode,142.303412841,141.221316279,4921571610,4922572502,2532781.776164176874,2532793.360558010638,retrograde
NorthNode,141.243103103,140.267891182,4922783021,4923768535,2532795.797125063837,2532807.203541120514,retrograde
NorthNode,140.340366938,139.859948830,4924133987,4924927534,2532811.433306528255,2532820.617879972793,retrograde
NorthNode,139.930183555,139.605286254,4925313371,4926119705,2532825.083579983562,2532834.416150204837,retrograde
Mercury,143.038154984,131.381691829,4926152246,4928230209,2532834.792784325778,2532858.843283340335,retrograde
NorthNode,139.694721527,139.633305664,4926687047,4927295548,2532840.982613841072,2532848.025451045483,retrograde
NorthNode,139.641019692,139.639711074,4927656253,4927848989,2532852.200273034163,2532854.431010949425,retrograde
NorthNode,139.687518998,139.508895307,4928475447,4929230012,2532861.681688666344,2532870.415075894445,retrograde
NorthNode,139.582186553,139.249045772,4929667991,4930402665,2532875.484273613431,2532883.987453147769,retrograde
NorthNode,139.344664794,138.528247762,4930828192,4931767538,2532888.912535979412,2532899.784596442245,retrograde
Neptune,76.860588607,74.041287865,4930975724,4944513575,2532890.620073960163,2533047.308165556751,retrograde
NorthNode,138.566298877,137.612198511,4932028548,4932967501,2532902.805545588955,2532913.673052699305,retrograde
NorthNode,137.631367255,136.133453121,4933173726,4934300916,2532916.059910956770,2532929.106095848605,retrograde
NorthNode,136.134506740,134.683499142,4934371615,4935512359,2532929.924371533096,2532943.127426438034,retrograde
NorthNode,134.683591055,133.135773399,4935545419,4936704684,2532943.510061263107,2532956.927482776344,retrograde
Mercury,253.600079573,237.404722633,4936017674,4937734871,2532948.975980721414,2532968.850940100849,retrograde
NorthNode,133.142024691,131.896226964,4936833880,4937855524,2532958.422806955874,2532970.247392385267,retrograde
NorthNode,131.937312006,131.059461557,4938128031,4939048549,2532973.401406916790,2532984.055549884215,retrograde
NorthNode,131.120144702,130.559842915,4939368739,4940207408,2532987.761449728161,2532997.468276173808,retrograde
NorthNode,130.678160082,130.472317302,4940709427,4941411431,2533003.278673399240,2533011.403720273636,retrograde
Pluto,192.798857069,190.023676778,4941111032,4954626086,2533007.926881038584,2533164.351120763458,retrograde
Uranus,197.076400256,192.935247472,4941669003,4954657893,2533014.384878794663,2533164.719256539829,retrograde
NorthNode,130.526019336,130.496521771,4941909080,4942469842,2533017.163555099629,2533023.653850760311,retrograde
NorthNode,130.496752505,130.429218076,4942568278,4943280964,2533024.793154837564,2533033.041838441975,retrograde
NorthNode,130.499006713,130.284779959,4943785729,4944455514,2533038.884022950195,2533046.636160164140,retrograde
NorthNode,130.390153808,129.675502616,4944919067,4945840691,2533052.001357523724,2533062.668307419866,retrograde
Mercury,359.526053456,345.730714573,4945399803,4947359642,2533057.565434813499,2533080.248753786087,retrograde
NorthNode,129.732241886,128.980089245,4946152887,4947011715,2533066.281691521406,2533076.221819779836,retrograde
NorthNode,129.013411434,127.507567363,4947263449,4948386278,2533079.135412102565,2533092.131121331826,retrograde
Saturn,269.233849385,262.618630283,4948293524,4960500522,2533091.057578198612,2533232.342273816466,retrograde
NorthNode,127.511925727,126.291886687,4948502695,4949574673,2533093.478542149998,2533105.885688740760,retrograde
NorthNode,126.291941839,124.572701245,4949602636,4950838033,2533106.209334661253,2533120.507910660468,retrograde
NorthNode,124.574272868,123.428672589,4950920594,4951943778,2533121.463478682563,2533133.305890884250,retrograde
NorthNode,123.446045591,122.302631615,4952144374,4953176399,2533135.627605216578,2533147.572335688397,retrograde
Venus,94.896901988,78.384774741,4952564951,4956286331,2533140.495390171185,2533183.566917752847,retrograde
NorthNode,122.341954628,121.706075551,4953445543,4954296456,2533150.687426663935,2533160.535960696638,retrograde
NorthNode,121.795980740,121.384851011,4954713475,4955528327,2533165.362567308359,2533174.793721389025,retrograde
Mars,306.096679001,295.063687325,4954870580,4960299308,2533167.180916504003,2533230.013412232511,retrograde
NorthNode,121.457017560,121.307167216,4955967238,4956655816,2533179.873707036488,2533187.843363171443,retrograde
Jupiter,347.205952948,337.332842602,4956031564,4966321298,2533180.618220321834,2533299.712373115122,retrograde
Mercury,123.892047413,113.639547256,4956103865,4958196051,2533181.455040849745,2533205.670162208378,retrograde
NorthNode,121.361305575,121.357585298,4957281029,4957556962,2533195.079626841471,2533198.273289296776,retrograde
NorthNode,121.364432887,121.308282356,4957895278,4958489952,2533202.188985546120,2533209.071795966476,retrograde
NorthNode,121.381940400,121.049246624,4959015089,4959841704,2533215.149766506627,2533224.717071651481,retrograde
NorthNode,121.133149857,120.690189444,4960262212,4961021292,2533229.584059032612,2533238.369712691754,retrograde
NorthNode,120.755542221,119.649615478,4961364469,4962398097,2533242.341662719846,2533254.304947176948,retrograde
NorthNode,119.674781805,118.695496580,4962621666,4963564731,2533256.892554688267,2533267.807661964558,retrograde
Neptune,79.102578473,76.284845616,4962735789,4976263985,2533258.213420636021,2533414.789759735577,retrograde
NorthNode,118.702185227,116.901778302,4963703804,4964946522,2533269.417294637300,2533283.800604140386,retrograde
NorthNode,116.901802348,115.664957952,4964966896,4966040707,2533284.036416840740,2533296.464787048288,retrograde
NorthNode,115.666475274,113.996142831,4966123816,4967299783,2533297.426697446965,2533311.037429095246,retrograde
Mercury,237.743798285,221.736100881,4966132983,4967881525,2533297.532797701657,2533317.770550385118,retrograde
NorthNode,114.013848256,113.118894578,4967491611,4968389463,2533313.257663729601,2533323.649460209534,retrograde
NorthNode,113.173932196,112.336155548,4968696003,4969641929,2533327.197385357693,2533338.145598259754,retrograde
NorthNode,112.417959300,112.095812415,4970028932,4970751522,2533342.624800873920,2533350.988107796758,retrograde
NorthNode,112.197060413,112.069262344,4971277835,4971998798,2533357.079699727707,2533365.424170427024,retrograde
NorthNode,112.086429864,112.086257086,4972471892,4972561060,2533370.899799766950,2533371.931841538288,retrograde
Pluto,195.255899933,192.470953213,4972885964,4986388683,2533375.692303306423,2533531.973764705472,retrograde
NorthNode,112.118706110,111.949521679,4973118210,4973861606,2533378.380336193368,2533386.984451967292,retrograde
Uranus,201.831880129,197.694540766,4973629920,4986636827,2533384.302904312499,2533534.845809605904,retrograde
NorthNode,112.051822421,111.700667620,4974367221,4975096969,2533392.836478615180,2533401.282635166310,retrograde
NorthNode,111.780265045,110.861810493,4975473254,4976440826,2533405.637784200720,2533416.836533372290,retrograde
Mercury,342.839910584,327.980592863,4975497682,4977395708,2533405.920516259968,2533427.888415612280,retrograde
NorthNode,110.909549468,110.001809785,4976729271,4977635344,2533420.175023473799,2533430.661976658739,retrograde
NorthNode,110.016223913,108.289330978,4977814093,4979008560,2533432.730831481516,2533446.555680134334,retrograde
NorthNode,108.290195878,107.081446684,4979077278,4980148046,2533447.351026139222,2533459.744172319770,retrograde
NorthNode,107.081549557,105.298681418,4980181375,4981413560,2533460.129921839572,2533474.391333149746,retrograde
Saturn,280.582009648,273.967846268,4980850770,4993069690,2533467.877559632063,2533609.300239816308,retrograde
NorthNode,105.306874185,104.373605483,4981562914,4982493941,2533476.119962800294,2533486.895735238679,retrograde
NorthNode,104.402644637,103.346332150,4982732122,4983753136,2533489.652465672232,2533501.469756167382,retrograde
NorthNode,103.413106493,103.000311352,4984102111,4984854055,2533505.508819976822,2533514.211876403540,retrograde
NorthNode,103.086643858,102.787060343,4985290144,4986103115,2533519.259197954088,2533528.668585087173,retrograde
Mercury,104.088837402,95.002557682,4986010947,4988093390,2533527.601830832660,2533551.704177878797,retrograde
NorthNode,102.854437992,102.810575300,4986630438,4987218980,2533534.771862174384,2533541.583693522960,retrograde
NorthNode,102.812657643,102.801310620,4987439557,4987853118,2533544.136664668098,2533548.923252364621,retrograde
NorthNode,102.863977444,102.697737529,4988463436,4989152314,2533555.987109704874,2533563.960237620398,retrograde
NorthNode,102.771926363,102.320325677,4989586553,4990421017,2533568.986150744371,2533578.644304418936,retrograde
NorthNode,102.406003727,101.745872537,4990823321,4991674325,2533583.300599602982,2533593.150183042511,retrograde
Jupiter,23.946828034,14.000860471,4990870704,5001051788,2533583.849016360939,2533701.685631930828,retrograde
NorthNode,101.783260710,100.575748573,4991937044,4992990463,2533596.190914015286,2533608.383257685229,retrograde
NorthNode,100.589999311,99.425838026,4993175985,4994201389,2533610.530504137278,2533622.398608201183,retrograde
NorthNode,99.426947873,97.668056280,4994274690,4995516740,2533623.246996909380,2533637.622574408539,retrograde
Neptune,81.346545053,78.530804661,4994488541,5008019044,2533625.722131379880,2533782.325170398690,retrograde
NorthNode,97.668255350,96.461311810,4995559415,4996610478,2533638.116504224017,2533650.281581248157,retrograde
Mercury,221.740920314,206.036747185,4996230991,4998029863,2533645.889373131096,2533666.709652587771,retrograde
NorthNode,96.467195834,94.987671560,4996739531,4997855301,2533651.775253810920,2533664.689261135645,retrograde
NorthNode,95.026329681,94.310949813,4998121091,4998961955,2533667.765532833524,2533677.497748825699,retrograde
NorthNode,94.373653893,93.714899706,4999289606,5000200080,2533681.290012295358,2533691.827901743352,retrograde
NorthNode,93.819645919,93.635114296,5000674942,5001329901,2533697.323988650925,2533704.904536525719,retrograde
NorthNode,93.698729339,93.661855099,5001853499,5002457471,2533710.964692501351,2533717.955108790658,retrograde
NorthNode,93.662123260,93.607384624,5002560917,5003219698,2533719.152399308048,2533726.777189261280,retrograde
Venus,310.875987079,295.370515946,5003173091,5006719956,2533726.237748926505,2533767.289433667436,retrograde
NorthNode,93.669395583,93.417144039,5003703725,5004428822,2533732.379345839843,2533740.771669867449,retrograde
Pluto,197.737545357,194.944756335,5004655514,5018161683,2533743.395425952040,2533899.716827548109,retrograde
NorthNode,93.533912160,92.940036027,5004913784,5005757239,2533746.384663112462,2533756.146866725758,retrograde
Uranus,206.570404442,202.438750690,5005597914,5018621075,2533754.302827469073,2533905.033864961006,retrograde
Mercury,326.494129163,310.907000003,5005622793,5007457572,2533754.590782813728,2533775.826654680073,retrograde
NorthNode,92.996210389,92.032100140,5006063953,5007011060,2533759.696806046180,2533770.658688932657,retrograde
NorthNode,92.066636910,90.830583488,5007265945,5008290351,2533773.608743556775,2533785.465300395153,retrograde
NorthNode,90.835052781,89.221549570,5008405796,5009591012,2533786.801464829594,2533800.519248412922,retrograde
NorthNode,89.221567376,87.841903584,5009610158,5010738881,2533800.740844802000,2533813.804767232388,retrograde
NorthNode,87.843654104,86.346201730,5010823245,5011947438,2533814.781200062484,2533827.792690359987,retrograde
NorthNode,86.368655918,85.489023819,5012166554,5013083821,2533830.328762377612,2533840.945272642188,retrograde
NorthNode,85.530642895,84.745133636,5013357127,5014292655,2533844.108540490270,2533854.936411649920,retrograde
Saturn,291.936976645,285.316380267,5013419560,5025633070,2533844.831146359444,2533986.191213808954,retrograde
NorthNode,84.842007838,84.545566529,5014726958,5015445820,2533859.963068031706,2533868.283230264671,retrograde
Mercury,84.030953224,75.479370029,5015876297,5017944404,2533873.265597641468,2533897.202025003731,retrograde
NorthNode,84.617459012,84.461732234,5015895966,5016644647,2533873.493244368583,2533882.158536866307,retrograde
NorthNode,84.498020217,84.497974845,5017273868,5017335473,2533889.441192160361,2533890.154203915037,retrograde
NorthNode,84.513260071,84.436545631,5017819720,5018442138,2533895.758924368769,2533902.962827841751,retrograde
NorthNode,84.531523499,84.181446780,5019001094,5019809491,2533909.432229802944,2533918.788673694246,retrograde
NorthNode,84.250191626,83.733143510,5020186348,5020997613,2533923.150449489243,2533932.540089216083,retrograde
NorthNode,83.801858976,82.798803387,5021352283,5022337920,2533936.645066713914,2533948.052903226577,retrograde
NorthNode,82.818514754,81.683942344,5022539866,5023562773,2533950.390241343528,2533962.229443216696,retrograde
NorthNode,81.689390090,80.192168766,5023696464,5024861348,2533963.776794929989,2533977.259246148169,retrograde
Mars,25.133057349,12.815070865,5024662544,5030191829,2533974.958268548362,2534038.954624817707,retrograde
NorthNode,80.192188151,78.747028305,5024880086,5026035856,2533977.476118275896,2533990.853087159805,retrograde
Jupiter,60.560714384,50.538316248,5025617568,5035778485,2533986.011787556112,2534103.614998944104,retrograde
NorthNode,78.749430150,77.429285540,5026136199,5027213227,2533992.014461848885,2534004.480066273361,retrograde
Neptune,83.592551896,80.778119205,5026248616,5039769061,2533993.315591230057,2534149.802217860706,retrograde
Mercury,205.491484800,190.247304265,5026309286,5028172768,2533994.017786867917,2534015.585868030787,retrograde
NorthNode,77.443863873,76.364297427,5027390746,5028380165,2534006.534682219848,2534017.986296448857,retrograde
NorthNode,76.427208326,75.774566178,5028711614,5029562782,2534021.822507914156,2534031.673993413337,retrograde
NorthNode,75.845009522,75.435667394,5029923185,5030732591,2534035.845325014554,2534045.213439971209,retrograde
NorthNode,75.545163750,75.440714778,5031284403,5031929152,2534051.600154810585,2534059.062529641204,retrograde
NorthNode,75.462876353,75.462876332,5032467195,5032471739,2534065.289883239195,2534065.342474015430,retrograde
NorthNode,75.496215434,75.324455402,5033090503,5033849789,2534072.504093743861,2534081.292126522399,retrograde
NorthNode,75.406042263,75.077140110,5034304733,5035019311,2534086.557679160498,2534094.828263341449,retrograde
NorthNode,75.177509307,74.263878355,5035442255,5036405104,2534099.723444429226,2534110.867536236532,retrograde
Mercury,310.388585710,294.359475114,5035763413,5037541282,2534103.440554134548,2534124.017737105489,retrograde
Pluto,200.243600077,197.444058960,5036434486,5049931789,2534111.207597539760,2534267.426383406855,retrograde
NorthNode,74.304549051,73.352158653,5036668171,5037585875,2534113.912288854830,2534124.533860220574,retrograde
Uranus,211.291331235,207.166975551,5037558368,5050596221,2534124.215495553799,2534275.116571136750,retrograde
NorthNode,73.370522793,71.711697336,5037785169,5038949255,2534126.840506146662,2534140.313719492406,retrograde
NorthNode,71.712461425,70.341895563,5039012562,5040122411,2534141.046441041864,2534153.891921734437,retrograde
NorthNode,70.342060940,68.713965578,5040162442,5041345573,2534154.355240130797,2534168.048882020637,retrograde
NorthNode,68.721448002,67.617812802,5041484955,5042467472,2534169.662098487839,2534181.033827186562,retrograde
NorthNode,67.657569521,66.766565502,5042739942,5043688060,2534184.187419579364,2534195.161002160981,retrograde
NorthNode,66.825644932,66.337347139,5044012983,5044822109,2534198.921686721034,2534208.286571565084,retrograde
NorthNode,66.445338119,66.224655025,5045314007,5046046732,2534213.979829688556,2534222.460446021520,retrograde
Mercury,64.243296534,55.340336229,5045732193,5047791917,2534218.819955632091,2534242.659349344671,retrograde
Saturn,303.352149884,296.718479134,5045996360,5058189119,2534221.877437755466,2534362.997333340347,retrograde
NorthNode,66.278496220,66.237738236,5046538938,5047174424,2534228.157270840369,2534235.512440804392,retrograde
NorthNode,66.237849608,66.203170747,5047254975,5047879736,2534236.444740068167,2534243.675772184506,retrograde
NorthNode,66.262926422,66.102580817,5048416971,5049067623,2534249.893764370121,2534257.424467969686,retrograde
NorthNode,66.194005173,65.624294619,5049536744,5050435649,2534262.854106377810,2534273.258101860061,retrograde
NorthNode,65.688790625,65.081389771,5050783485,5051603634,2534277.283976549283,2534286.776448802091,retrograde
NorthNode,65.122323947,63.774483502,5051882211,5052982013,2534290.000719102100,2534302.729908920825,retrograde
NorthNode,63.783782906,62.705006115,5053137408,5054150359,2534304.528458287939,2534316.252427943051,retrograde
Venus,161.799641091,145.461563368,5053299738,5057004930,2534306.407275518402,2534349.291446430609,retrograde
NorthNode,62.705874235,60.922197556,5054220653,5055475819,2534317.066010233015,2534331.593400434591,retrograde
NorthNode,60.922456292,59.771375232,5055521199,5056560463,2534332.118631659076,2534344.147151206620,retrograde
Mercury,188.852178366,174.279305975,5056366455,5058300852,2534341.901691041887,2534364.290542334318,retrograde
NorthNode,59.779381318,58.385033864,5056710485,5057812264,2534345.883516091853,2534358.635589217767,retrograde
Neptune,85.839363279,83.025877577,5058001514,5071521483,2534360.825985628180,2534517.307099518366,retrograde
NorthNode,58.415965863,57.689143233,5058052900,5058912529,2534361.420721730217,2534371.370134371333,retrograde
NorthNode,57.765971099,57.175864103,5059281235,5060159024,2534375.637560442090,2534385.797163374722,retrograde
Jupiter,95.746934329,85.680889561,5060175083,5070413145,2534385.983032852411,2534504.479116693139,retrograde
NorthNode,57.258163408,57.048935265,5060582377,5061274846,2534390.697080636397,2534398.711769444868,retrograde
NorthNode,57.127554690,57.094487025,5061859677,5062454892,2534405.480649966747,2534412.369704874232,retrograde
NorthNode,57.094579788,57.059349490,5062527773,5063113146,2534413.213236072101,2534419.988393124193,retrograde
NorthNode,57.125317591,56.823740100,5063638352,5064440237,2534426.067157277837,2534435.348241674714,retrograde
NorthNode,56.923198423,56.456728946,5064889462,5065649734,2534440.547595016658,2534449.347046954557,retrograde
Mercury,294.444837940,278.193683182,5065909776,5067644344,2534452.356792896986,2534472.432807266712,retrograde
NorthNode,56.525644461,55.369361926,5065989757,5067016564,2534453.282500121742,2534465.166840425692,retrograde
NorthNode,55.398581248,54.351783640,5067249603,5068195525,2534467.864047628827,2534478.812224291265,retrograde
Pluto,202.773003049,199.968244588,5068210151,5081703537,2534478.981499723159,2534635.154945529066,retrograde
NorthNode,54.358043934,52.458296846,5068327798,5069580764,2534480.343153953552,2534494.845073129050,retrograde
Uranus,215.993739590,211.878073678,5069524079,5082575561,2534494.189000385813,2534645.247819484212,retrograde
NorthNode,52.458305691,51.211447850,5069595360,5070663544,2534495.014010782354,2534507.377254152671,retrograde
NorthNode,51.213367708,49.523259057,5070752139,5071928370,2534508.402655508369,2534522.016448369250,retrograde
NorthNode,49.544366080,48.713447844,5072135298,5073013298,2534524.411438774318,2534534.573480924591,retrograde
NorthNode,48.766200872,47.951119029,5073316334,5074270571,2534538.080839944072,2534549.125255743973,retrograde
NorthNode,48.035088317,47.751882848,5074673652,5075377090,2534553.790535696782,2534561.932186177000,retrograde
Mercury,45.161064428,35.131894760,5075625405,5077677821,2534564.806203030050,2534588.561017185450,retrograde
NorthNode,47.840756812,47.710628166,5075885510,5076625127,2534567.816674683243,2534576.377053827047,retrograde
NorthNode,47.730322757,47.730293236,5077148416,5077201197,2534582.433646630496,2534583.044535303488,retrograde
NorthNode,47.754091526,47.628470625,5077745085,5078455945,2534589.339537918568,2534597.567083879374,retrograde
Saturn,314.881884317,308.228029532,5078584339,5090756767,2534599.053121745586,2534739.937701255083,retrograde
NorthNode,47.725346776,47.418395979,5078988330,5079724233,2534603.728946292773,2534612.246341153979,retrograde
NorthNode,47.490261051,46.769618879,5080103074,5081024571,2534616.631075229496,2534627.296544122510,retrograde
NorthNode,46.826207474,46.011631435,5081347914,5082247339,2534631.038947489113,2534641.448952735402,retrograde
NorthNode,46.030274592,44.560260831,5082447401,5083588592,2534643.764482310042,2534656.972719541751,retrograde
NorthNode,44.563334665,43.390745780,5083697324,5084773644,2534658.231183182448,2534670.688598321751,retrograde
NorthNode,43.390750481,41.645970046,5084785576,5086036349,2534670.826694117859,2534685.303238272667,retrograde
NorthNode,41.649211652,40.625589552,5086146431,5087123933,2534686.577333659865,2534697.891011583619,retrograde
Mercury,171.665657277,158.021915535,5086401107,5088402363,2534689.524977564812,2534712.687656149268,retrograde
NorthNode,40.642269239,39.414097421,5087315043,5088375408,2534700.102940781973,2534712.375677902251,retrograde
NorthNode,39.471587682,38.949024011,5088695623,5089480895,2534716.081870494410,2534725.170668985695,retrograde
Neptune,88.085823111,85.272379664,5089758657,5103272380,2534728.385501629673,2534884.794341898523,retrograde
NorthNode,39.026395422,38.584987489,5089866145,5090722842,2534729.629585581832,2534739.545051785186,retrograde
NorthNode,38.675678606,38.584307118,5091237300,5091850360,2534745.499430640601,2534752.595028748736,retrograde
Mars,85.004651394,67.784836462,5092287614,5098643489,2534757.655840623192,2534831.219210936688,retrograde
NorthNode,38.647575055,38.508591443,5093080073,5093773446,2534766.827818016522,2534774.852969777770,retrograde
NorthNode,38.583681002,38.193210539,5094220465,5095007720,2534780.026798641309,2534789.138551379554,retrograde
Jupiter,128.933578297,118.877822876,5094539883,5104901523,2534783.723766639829,2534903.650158509612,retrograde
NorthNode,38.296636060,37.571611913,5095438669,5096307304,2534794.126389681362,2534804.180035802536,retrograde
Mercury,278.592780572,262.277244289,5096054071,5097764557,2534801.249089606106,2534821.046384811401,retrograde
NorthNode,37.614145306,36.426272410,5096575555,5097591938,2534807.284789765254,2534819.048475699499,retrograde
NorthNode,36.444237465,35.117381974,5097789897,5098842090,2534821.339667769149,2534833.517837304622,retrograde
NorthNode,35.118481193,33.357621834,5098913299,5100130149,2534834.342006731778,2534848.425924554467,retrograde
Pluto,205.324245544,202.514983711,5099993299,5113483441,2534846.842010342516,2535002.977915084921,retrograde
NorthNode,33.357874012,32.040622142,5100176016,5101247714,2534848.956789222546,2534861.360705462284,retrograde
NorthNode,32.047449918,30.625351281,5101381488,5102469609,2534862.909007219598,2534875.503010587767,retrograde
Uranus,220.676674173,216.570434504,5101483743,5114548825,2534864.092521197163,2535015.308743347414,retrograde
NorthNode,30.669243565,29.950661507,5102749810,5103598312,2534878.746072745882,2534888.566699699499,retrograde
NorthNode,30.012482980,29.412049416,5103925957,5104816379,2534892.358890517615,2534902.664695912041,retrograde
Venus,24.449908951,8.163465627,5104098476,5107742023,2534894.355628969148,2534936.526320179924,retrograde
NorthNode,29.518982333,29.348691116,5105309414,5105966013,2534908.371114479378,2534915.970640772022,retrograde
Mercury,26.909207049,15.372870161,5105582625,5107615996,2534911.533281564713,2534935.067673452199,retrograde
NorthNode,29.403729339,29.371195829,5106476778,5107076463,2534921.882277858444,2534928.823070485145,retrograde
NorthNode,29.371386784,29.317636040,5107172011,5107853976,2534929.928954220377,2534937.822066911496,retrograde
NorthNode,29.374385755,29.167967015,5108338682,5109034303,2534943.432088853791,2534951.483258847147,retrograde
NorthNode,29.275930823,28.724915137,5109526483,5110386390,2534957.179788287729,2534967.132418762892,retrograde
NorthNode,28.779101247,28.012901687,5110701445,5111597897,2534970.778890524060,2534981.154485363513,retrograde
Saturn,326.577479246,319.898383680,5111200289,5123330140,2534976.552543766797,2535116.944333985448,retrograde
NorthNode,28.052744268,26.884082523,5111876526,5112911249,2534984.379359117709,2534996.355324415490,retrograde
NorthNode,26.890812539,25.547108108,5113047712,5114165477,2534997.934756332077,2535010.871846174821,retrograde
NorthNode,25.547478931,24.127925485,5114219529,5115382687,2535011.497444981709,2535024.959922992624,retrograde
NorthNode,24.128311338,22.722967405,5115433884,5116559616,2535025.552482778206,2535038.581789738499,retrograde
Mercury,153.779060429,141.335831004,5116408882,5118463511,2535036.837184108794,2535060.617614604533,retrograde
NorthNode,22.734602955,21.695066678,5116734761,5117722988,2535040.608930614777,2535052.046745070256,retrograde
NorthNode,21.724001231,20.847601001,5117957961,5118905405,2535054.766333738342,2535065.732121171430,retrograde
NorthNode,20.933089728,20.507193828,5119300806,5120079302,2535070.308531052433,2535079.318891904317,retrograde
NorthNode,20.581093065,20.331778662,5120489215,5121258416,2535084.063256730326,2535092.966050575487,retrograde
Neptune,90.330525968,87.516934028,5121502952,5135021634,2535095.796327334829,2535252.262558718212,retrograde
NorthNode,20.407565516,20.385596947,5121861461,5122396014,2535099.945741377771,2535106.132693473250,retrograde
NorthNode,20.385633842,20.354559171,5122450756,5123031685,2535106.766275750473,2535113.489995783195,retrograde
NorthNode,20.433920491,20.133674353,5123614123,5124415265,2535120.231173115782,2535129.503656783141,retrograde
NorthNode,20.212813570,19.758758536,5124822169,5125588790,2535134.213188910857,2535143.086115214974,retrograde
NorthNode,19.841735367,18.758534354,5125964915,5126962216,2535147.439420081675,2535158.982255827636,retrograde
Mercury,262.790484667,246.525368203,5126190149,5127898526,2535150.046296037734,2535169.819170385599,retrograde
NorthNode,18.784455682,17.673645954,5127180810,5128160568,2535161.512280120514,2535172.852072780952,retrograde
NorthNode,17.681343994,15.953635426,5128306952,5129502159,2535174.546329751611,2535188.379746106453,retrograde
Jupiter,160.322369960,150.310715882,5128749515,5139248466,2535179.668587312102,2535301.184226371348,retrograde
NorthNode,15.953656336,14.518116329,5129521021,5130645361,2535188.598057571799,2535201.611252043396,retrograde
NorthNode,14.520491545,13.023543226,5130743129,5131854018,2535202.742821699008,2535215.600326339714,retrograde
Pluto,207.894884395,205.081689984,5131771574,5145265125,2535214.646122208796,2535370.821477747522,retrograde
NorthNode,13.040368855,12.020205056,5132038546,5132991597,2535217.736074901186,2535228.766754966229,retrograde
NorthNode,12.086631519,11.397594786,5133327472,5134201652,2535232.654194382019,2535242.772018319927,retrograde
Uranus,225.338161753,221.241193928,5133445515,5146525413,2535234.020435470156,2535385.408149720170,retrograde
NorthNode,11.470987939,11.114988355,5134572005,5135347558,2535247.058520101011,2535256.034825319424,retrograde
Mercury,9.405144478,356.370620077,5135605708,5137598782,2535259.022669456899,2535282.090652428567,retrograde
NorthNode,11.220125987,11.123556732,5135905602,5136566766,2535262.493667175062,2535270.146028496325,retrograde
NorthNode,11.138835435,11.138762518,5137034577,5137105006,2535275.560510177165,2535276.375654538162,retrograde
NorthNode,11.173526077,11.002735993,5137705899,5138471888,2535283.330431207083,2535292.196047959849,retrograde
NorthNode,11.084085316,10.783470785,5138938148,5139644857,2535297.592577019706,2535305.772081719711,retrograde
NorthNode,10.872160542,10.030428854,5140058019,5141024983,2535310.554041991942,2535321.745762803592,retrograde
NorthNode,10.072246456,9.258433210,5141301595,5142190762,2535324.947284840979,2535335.238569102250,retrograde
NorthNode,9.278340894,7.731662587,5142400637,5143565560,2535337.667685853317,2535351.150582986884,retrograde
NorthNode,7.733239323,6.544128270,5143649148,5144736966,2535352.118039418012,2535364.708529490978,retrograde
Saturn,338.487522559,331.778958968,5143837580,5155907192,2535354.298966094851,2535493.993544735014,retrograde
NorthNode,6.544130920,4.887301850,5144747191,5145985075,2535364.826876909472,2535379.154237785377,retrograde
NorthNode,4.890963340,3.839994686,5146096643,5147082646,2535380.445525924675,2535391.857595720328,retrograde
Mercury,135.085028906,124.032247335,5146382324,5148468858,2535383.752026125789,2535407.901716925204,retrograde
NorthNode,3.863639589,2.803852664,5147307993,5148324358,2535394.465785478242,2535406.229271057993,retrograde
NorthNode,2.852178912,2.301447951,5148621218,5149437491,2535409.665141964331,2535419.112745789811,retrograde
NorthNode,2.397508899,2.048813477,5149876513,5150677234,2535424.194018634968,2535433.461625079624,retrograde
NorthNode,2.118941932,2.019789328,5151144233,5151799174,2535438.866711079143,2535446.447044610046,retrograde
NorthNode,2.043679467,2.043437158,5152341239,5152447385,2535452.720948176458,2535453.949488688260,retrograde
NorthNode,2.079633906,1.971423555,5153042777,5153671537,2535460.840602679178,2535468.117912538350,retrograde
Neptune,92.572642886,89.758401900,5153256754,5166773454,2535463.317186259665,2535619.760470050387,retrograde
NorthNode,2.057220244,1.586769938,5154157910,5155019239,2535473.747228182852,2535483.716314433143,retrograde
Venus,232.491776371,216.977967628,5154284014,5157868003,2535475.206768071279,2535516.688122523949,retrograde
NorthNode,1.670045464,1.094751280,5155410849,5156208150,2535488.248842396773,2535497.476856285706,retrograde
Mercury,246.972036162,230.848046454,5156313508,5158042001,2535498.696278825402,2535518.701984263957,retrograde
NorthNode,1.146214450,359.777689855,5156505430,5157586384,2535500.917595949024,2535513.428642865270,retrograde
NorthNode,359.792717483,358.670291012,5157767864,5158757800,2535515.529102686793,2535526.986692407168,retrograde
Mars,126.586817997,107.508862958,5158738819,5165534653,2535526.767005757429,2535605.422498309053,retrograde
NorthNode,358.671943315,356.696726396,5158842073,5160107779,2535527.962082920596,2535542.611458717845,retrograde
NorthNode,356.696888956,355.487527508,5160146076,5161180294,2535543.054702913389,2535555.024819146842,retrograde
NorthNode,355.494973775,353.945217351,5161321773,5162442992,2535556.662316119298,2535569.639379138127,retrograde
NorthNode,353.981104792,353.263852173,5162694451,5163533839,2535572.549783675000,2535582.264926160686,retrograde
Jupiter,190.563166280,180.610319162,5162891482,5173500816,2535574.830236151814,2535697.623456023633,retrograde
Pluto,210.481470774,207.664715736,5163557900,5177050811,2535582.543406183831,2535738.711358145811,retrograde
NorthNode,353.340837648,352.724059593,5163896110,5164788518,2535586.457877146080,2535596.786671347916,retrograde
NorthNode,352.813368710,352.632086782,5165232780,5165899904,2535601.928596145473,2535609.649935373105,retrograde
Uranus,229.975459739,225.888056329,5165400471,5178499829,2535603.869461701252,2535755.482408436947,retrograde
Mercury,352.481865950,338.194634231,5165681465,5167616452,2535607.121703803539,2535629.517386913300,retrograde
NorthNode,352.700465020,352.678018238,5166475488,5166984888,2535616.311792239547,2535622.207628549077,retrograde
NorthNode,352.679006194,352.629371712,5167147900,5167764954,2535624.094339236617,2535631.236169331707,retrograde
NorthNode,352.693652902,352.402014443,5168265254,5169053362,2535637.026680015028,2535646.148291923106,retrograde
NorthNode,352.502680005,352.030090858,5169512537,5170291721,2535651.462825017981,2535660.481156685390,retrograde
NorthNode,352.090035751,351.061052772,5170618502,5171624859,2535664.263342171907,2535675.910991422832,retrograde
NorthNode,351.091528534,350.105492786,5171870289,5172821643,2535678.751613022760,2535689.762658529915,retrograde
NorthNode,350.112007568,348.427000297,5172958083,5174185781,2535691.341826148331,2535705.551288606599,retrograde
NorthNode,348.427069903,347.250713445,5174215924,5175293961,2535705.900170991197,2535718.377448853105,retrograde
NorthNode,347.251404231,345.631782152,5175357600,5176552938,2535719.114011439495,2535732.948938051239,retrograde
Mercury,115.634223671,105.932312591,5176313806,5178405996,2535730.181208550930,2535754.396376565099,retrograde
Saturn,350.655806624,343.913822451,5176498913,5188506063,2535732.323652245104,2535871.295293979347,retrograde
NorthNode,345.645653107,344.796458934,5176736206,5177640891,2535735.070098900236,2535745.540988019668,retrograde
NorthNode,344.832051065,343.911370687,5177901323,5178894247,2535748.555245752446,2535760.047431683168,retrograde
NorthNode,343.987854212,343.638894445,5179275028,5180002529,2535764.454610553570,2535772.874764447100,retrograde
NorthNode,343.723515338,343.493270661,5180455091,5181245515,2535778.112748310901,2535787.261182243004,retrograde
NorthNode,343.547702572,343.534182810,5181806191,5182252728,2535793.750478161499,2535798.918732941151,retrograde
NorthNode,343.534540251,343.486702597,5182372056,5183019176,2535800.299847120419,2535807.789665886201,retrograde
NorthNode,343.572275718,343.327238027,5183604698,5184332793,2535814.566540684551,2535822.993564060889,retrograde
NorthNode,343.403310883,342.831221635,5184736076,5185592726,2535827.661188146099,2535837.576120907441,retrograde
Neptune,94.811928490,91.996782926,5185004324,5198517613,2535830.765913515352,2535987.169720591046,retrograde
NorthNode,342.909606426,342.082818154,5185963523,5186861254,2535841.867754850537,2535852.258150847629,retrograde
Mercury,231.065153327,215.175588294,5186421165,5188189938,2535847.164530120790,2535867.636440612376,retrograde
NorthNode,342.109680042,340.710444294,5187085108,5188171734,2535854.849058524705,2535867.425743751228,retrograde
NorthNode,340.717370003,339.398899265,5188313333,5189394608,2535869.064631020650,2535881.579381531104,retrograde
NorthNode,339.398953998,337.571482163,5189420801,5190652496,2535881.882541530766,2535896.138275576755,retrograde
NorthNode,337.573881577,336.396589390,5190750134,5191757838,2535897.268339188769,2535908.931583589874,retrograde
NorthNode,336.412246503,335.104871727,5191938272,5192991778,2535911.019943204708,2535923.213299169205,retrograde
NorthNode,335.169268481,334.602724407,5193319858,5194114031,2535927.010520485230,2535936.202333607711,retrograde
NorthNode,334.680625508,334.236230997,5194491300,5195339873,2535940.568876790814,2535950.390318068676,retrograde
Pluto,213.080924372,210.261144649,5195340527,5208834483,2535950.397884831764,2536106.577931758948,retrograde
Mercury,335.963821735,320.753997146,5195793262,5197663280,2535955.637881331146,2535977.281600482762,retrograde
NorthNode,334.334579397,334.252260718,5195877073,5196485524,2535956.607909515500,2535963.650173770264,retrograde
NorthNode,334.269254017,334.269065456,5196957794,5197053328,2535969.116260150447,2535970.221974007785,retrograde
Jupiter,220.494196449,210.593558165,5197055705,5207721885,2535970.249491393566,2536093.700648434460,retrograde
Uranus,234.586884112,230.508141117,5197355424,5210473745,2535973.718459238298,2536125.550881563686,retrograde
NorthNode,334.316095385,334.147764051,5197695987,5198420874,2535977.660157488659,2535986.050051094033,retrograde
NorthNode,334.222482503,333.847995206,5198857482,5199624019,2535991.103392547928,2535999.975338514894,retrograde
NorthNode,333.947704656,333.179561334,5200051549,5200954236,2536004.923612273298,2536015.371371804737,retrograde
NorthNode,333.217564982,332.174976238,5201214646,5202197764,2536018.385378230363,2536029.764060229063,retrograde
NorthNode,332.192741238,330.866267654,5202399938,5203481091,2536032.104040249251,2536044.617386016063,retrograde
NorthNode,330.867430485,329.359435070,5203554915,5204740190,2536045.471824976616,2536059.190288093872,retrograde
NorthNode,329.359507389,328.033627776,5204771313,5205889568,2536059.550504158251,2536072.493275223300,retrograde
Venus,92.747870991,76.242360568,5204824022,5208544742,2536060.160565422848,2536103.224448205903,retrograde
NorthNode,328.037907960,326.750128049,5206005889,5207082034,2536073.839577203616,2536086.294967317022,retrograde
Mercury,95.663865263,86.903166409,5206201742,5208278008,2536076.106401771307,2536100.137254029512,retrograde
NorthNode,326.782190946,325.992048141,5207337433,5208235879,2536089.250965299085,2536099.649645483121,retrograde
NorthNode,326.040015888,325.400152256,5208532698,5209429704,2536103.085057404824,2536113.467067063786,retrograde
Saturn,3.116997734,356.339184482,5209188110,5221122254,2536110.670835651457,2536248.797511860728,retrograde
NorthNode,325.502085541,325.260353772,5209895454,5210598384,2536118.857697498053,2536126.993457872421,retrograde
NorthNode,325.324895442,325.226596950,5211066286,5211783244,2536132.408992022276,2536140.707117387094,retrograde
NorthNode,325.236712061,325.232920018,5212171081,5212444383,2536145.195973074995,2536148.359180817381,retrograde
NorthNode,325.268647524,325.150094159,5212970668,5213610513,2536154.450446501374,2536161.856060347520,retrograde
NorthNode,325.253024475,324.796168625,5214138851,5214985805,2536167.971089014784,2536177.773790325038,retrograde
NorthNode,324.862492157,324.245440528,5215338239,5216168377,2536181.852884970605,2536191.460969401523,retrograde
NorthNode,324.302980985,323.104215686,5216488340,5217521898,2536195.164239387028,2536207.126717053354,retrograde
Mercury,214.977693473,199.447520525,5216511347,5218336509,2536195.430526055396,2536216.555093809962,retrograde
Neptune,97.047659926,94.232101028,5216753786,5230275237,2536198.236534879543,2536354.734807251953,retrograde
NorthNode,323.116927139,321.856800241,5217690364,5218739910,2536209.076563169248,2536221.224077844061,retrograde
NorthNode,321.858622055,320.208012032,5218830157,5220025487,2536222.268611349165,2536236.103444530629,retrograde
NorthNode,320.208103150,318.763721580,5220056428,5221169376,2536236.461560484022,2536249.342902781442,retrograde
NorthNode,318.772252156,317.500041575,5221321980,5222362495,2536251.109153346159,2536263.152150061913,retrograde
NorthNode,317.528747465,316.612043524,5222589396,5223516630,2536265.778319100849,2536276.510191318579,retrograde
NorthNode,316.701678375,316.197265255,5223905678,5224715840,2536281.013067920692,2536290.389937494881,retrograde
Mars,161.131985885,141.622697997,5224806397,5231790861,2536291.438054568134,2536372.276757643558,retrograde
NorthNode,316.276346825,316.030160119,5225126037,5225872397,2536295.137587257661,2536303.776013499126,retrograde
Mercury,319.736938906,303.926067594,5225926774,5227735139,2536304.405378147960,2536325.335527241230,retrograde
NorthNode,316.109396229,316.091031130,5226483449,5226958806,2536310.848376924172,2536316.350188260898,retrograde
NorthNode,316.091554242,316.051514816,5227088936,5227668578,2536317.856328832917,2536324.565143001266,retrograde
Pluto,215.689183348,212.866703411,5227127703,5240629896,2536318.305018483661,2536474.580399789847,retrograde
NorthNode,316.133099500,315.796304731,5228229780,5229049536,2536331.060536355712,2536340.548457787372,retrograde
Uranus,239.169335584,235.099363479,5229305826,5242447173,2536343.514771428891,2536495.613700835966,retrograde
NorthNode,315.879008805,315.421264716,5229458660,5230219227,2536345.283694388345,2536354.086550871842,retrograde
NorthNode,315.496381506,314.367851258,5230579005,5231601820,2536358.250648225658,2536370.088785029948,retrograde
Jupiter,250.986806775,241.126645067,5231314530,5241967647,2536366.763667590916,2536490.063634566963,retrograde
NorthNode,314.391897982,313.373268494,5231817862,5232778043,2536372.589270970784,2536383.702476717532,retrograde
NorthNode,313.380028927,311.661153641,5232919384,5234139558,2536385.338366279379,2536399.460743979551,retrograde
NorthNode,311.661181223,310.407564237,5234160795,5235257789,2536399.706550662406,2536412.403242134489,retrograde
NorthNode,310.409124595,308.903417913,5235344056,5236494041,2536413.401699853130,2536426.711713558994,retrograde
Mercury,75.648570111,67.053647688,5236059143,5238120555,2536421.678162045777,2536445.537097848952,retrograde
NorthNode,308.916940198,308.887671712,5236670003,5236799040,2536428.748307153583,2536430.241793141700,retrograde
NorthNode,308.887688325,308.002137679,5236799058,5237605314,2536430.241993138567,2536439.573665404692,retrograde
NorthNode,308.052675852,307.286351332,5237912334,5238838186,2536443.127141705714,2536453.843021186069,retrograde
NorthNode,307.351542196,306.979042255,5239192592,5239962354,2536457.944941787980,2536466.854224457406,retrograde
NorthNode,307.081322492,306.919416001,5240480339,5241196743,2536472.849414731376,2536481.141125288792,retrograde
NorthNode,306.958429024,306.950419729,5241713873,5242076095,2536487.126431653276,2536491.318816853687,retrograde
Saturn,15.894239676,9.080011148,5241901861,5253763178,2536489.302221149206,2536626.585974849761,retrograde
NorthNode,306.953326481,306.873437670,5242324809,5243045206,2536494.197451523505,2536502.535374438390,retrograde
NorthNode,306.947968937,306.734234282,5243565745,5244240415,2536508.560138666071,2536516.368811452761,retrograde
NorthNode,306.822905028,306.143220079,5244678050,5245605522,2536521.434032135643,2536532.168661722913,retrograde
NorthNode,306.202242188,305.492012049,5245931014,5246777111,2536535.935937863775,2536545.728720894083,retrograde
Mercury,198.575594493,183.584935858,5246581809,5248474044,2536543.468285173178,2536565.369156010449,retrograde
NorthNode,305.523143151,304.006254987,5247022088,5248159863,2536548.564109158702,2536561.732800764963,retrograde
NorthNode,304.011213075,302.830870763,5248283062,5249327142,2536563.158708068542,2536575.242971046828,retrograde
Neptune,99.280721972,96.464753906,5248507126,5262025361,2536565.752050639130,2536722.213095012121,retrograde
NorthNode,302.830962883,300.955926370,5249359594,5250619867,2536575.618570532650,2536590.205068025738,retrograde
NorthNode,300.957865350,299.824857109,5250708312,5251700006,2536591.228733842261,2536602.706669548526,retrograde
NorthNode,299.842394948,298.544409529,5251894336,5252956547,2536604.955866377801,2536617.249976908788,retrograde
NorthNode,298.595097262,297.993033927,5253248996,5254056126,2536620.634804847650,2536629.976586817764,retrograde
NorthNode,298.088789212,297.658883136,5254472225,5255306207,2536634.792544838972,2536644.445111286826,retrograde
Venus,308.423990898,292.938591057,5255420732,5258964429,2536645.770634377375,2536686.785638837144,retrograde
NorthNode,297.740148333,297.637774627,5255784590,5256421195,2536649.981952618808,2536657.350067163818,retrograde
Mercury,303.700374544,287.553764393,5256070699,5257828202,2536653.293403677642,2536673.634871445596,retrograde
NorthNode,297.662967399,297.662742505,5256955001,5257055266,2536663.528375452384,2536664.688852776773,retrograde
NorthNode,297.705811064,297.577666571,5257671033,5258318147,2536671.815782751888,2536679.305524078198,retrograde
NorthNode,297.663016431,297.172996422,5258784642,5259638372,2536684.704772992991,2536694.585906159133,retrograde
Pluto,218.302802904,215.477819511,5258910011,5272415331,2536686.155807650648,2536842.467376845889,retrograde
NorthNode,297.261959807,296.635191645,5260036575,5260853338,2536699.194745502435,2536708.648021979257,retrograde
NorthNode,296.680377797,295.323696300,5261132641,5262212278,2536711.880695077591,2536724.376489594579,retrograde
Uranus,243.721141596,239.658469755,5261253765,5274415407,2536713.282587011345,2536865.616413378157,retrograde
NorthNode,295.337666959,294.218807689,5262391940,5263393320,2536726.455913548358,2536738.045954791829,retrograde
NorthNode,294.220011206,292.349136952,5263469137,5264731920,2536738.923471646383,2536753.539017928764,retrograde
NorthNode,292.349339180,291.216762203,5264774300,5265806787,2536754.029516578652,2536765.979605001397,retrograde
Jupiter,282.847126798,273.009059876,5265753702,5276319052,2536765.365197375417,2536887.649331375957,retrograde
Mercury,56.130232295,46.824371975,5265924579,5267983045,2536767.342936091125,2536791.167775683105,retrograde
NorthNode,291.222956383,289.749856638,5265941060,5267069375,2536767.533683892339,2536780.592894824222,retrograde
NorthNode,289.782354529,289.107380655,5267319786,5268159557,2536783.491170816123,2536793.210737701505,retrograde
NorthNode,289.168802716,288.519574198,5268494687,5269413705,2536797.089551592246,2536807.726338592358,retrograde
NorthNode,288.606688645,288.405653641,5269853069,5270524686,2536812.811574198306,2536820.584917685948,retrograde
NorthNode,288.478439288,288.408766404,5271054821,5271765750,2536826.720740710385,2536834.949081085622,retrograde
NorthNode,288.410197341,288.398436617,5271959317,5272377550,2536837.189440191723,2536842.030099231750,retrograde
NorthNode,288.440366077,288.266213066,5272893621,5273620171,2536848.003144013695,2536856.412283922546,retrograde
NorthNode,288.368783939,287.983650394,5274130269,5274899960,2536862.316199964844,2536871.224657949992,retrograde
Saturn,28.995931007,22.146767499,5274639329,5286432470,2536868.208099842072,2537004.702786661685,retrograde
NorthNode,288.048904039,287.248668215,5275251419,5276189460,2536875.292478920892,2536886.149429838173,retrograde
NorthNode,287.296589343,286.355482842,5276487514,5277423542,2536889.599125250243,2536900.432782334276,retrograde
Mercury,181.722849990,167.509758212,5276629722,5278592747,2536891.245053961873,2536913.965251788497,retrograde
NorthNode,286.368187427,284.812480420,5277594851,5278759263,2536902.415528723970,2536915.892523853108,retrograde
NorthNode,284.813561033,283.536407509,5278834880,5279927836,2536916.767717549577,2536929.417669395916,retrograde
NorthNode,283.536482132,281.800832939,5279957306,5281172523,2536929.758754626848,2536943.823771196418,retrograde
Neptune,101.511247162,98.695758523,5280256482,5293779723,2536933.221441679634,2537089.740441474132,retrograde
NorthNode,281.809723318,280.800879489,5281326888,5282271463,2536945.610402834602,2536956.542977707461,retrograde
NorthNode,280.828989165,279.738434046,5282499705,5283512942,2536959.184673072770,2536970.911957269534,retrograde
NorthNode,279.819863957,279.392283107,5283886270,5284632043,2536975.232880537398,2536983.864513218403,retrograde
NorthNode,279.478511865,279.187024946,5285056714,5285862770,2536988.779683386907,2536998.109041132964,retrograde
Mercury,287.794961305,271.504512634,5286216390,5287938979,2537002.201864510775,2537022.139236457646,retrograde
NorthNode,279.257942078,279.237019661,5286436552,5286937819,2537004.750029440969,2537010.551728542894,retrograde
NorthNode,279.237137158,279.196462067,5287016181,5287626302,2537011.458703829907,2537018.520290443674,retrograde
NorthNode,279.288206731,279.004645201,5288221521,5288977548,2537025.409395674244,2537034.159705334343,retrograde
NorthNode,279.083115881,278.514997480,5289373951,5290205613,2537038.747703103349,2537048.373424292542,retrograde
NorthNode,278.596812434,277.657202829,5290577348,5291512421,2537052.675915049389,2537063.498518535867,retrograde
Pluto,220.917516303,218.090934015,5290694580,5304210314,2537054.032766283490,2537210.464871511795,retrograde
Mars,194.468812644,175.380876103,5290940476,5297897183,2537056.878784638830,2537137.396226855926,retrograde
NorthNode,277.681326334,276.346061771,5291724986,5292787865,2537065.958759098314,2537078.260596721433,retrograde
NorthNode,276.352187173,274.949939274,5292924448,5294042079,2537079.841421067715,2537092.776963728480,retrograde
Uranus,248.239474018,244.184362129,5293198562,5306382718,2537083.014031662606,2537235.608435277827,retrograde
NorthNode,274.949965522,273.296667383,5294062621,5295263449,2537093.014713461511,2537106.913192441687,retrograde
NorthNode,273.299313777,272.116508780,5295366431,5296397340,2537108.105108955875,2537120.036925013177,retrograde
Mercury,37.408887055,26.763964715,5295842838,5297890954,2537113.619081467390,2537137.324130855501,retrograde
NorthNode,272.131225100,270.965150330,5296576518,5297605331,2537122.110749755055,2537134.018305704929,retrograde
NorthNode,271.024949458,270.454481586,5297933224,5298750708,2537137.813360781409,2537147.274981407449,retrograde
NorthNode,270.521805814,270.087826467,5299111506,5299954465,2537151.450889078900,2537161.207353501581,retrograde
Jupiter,316.637571764,306.796866547,5300382880,5310806000,2537166.165862336755,2537286.803823053837,retrograde
NorthNode,270.187585908,270.081908199,5300486822,5301118053,2537167.368901602924,2537174.674812011421,retrograde
NorthNode,270.113775238,270.112220722,5301653163,5301854813,2537180.868213211186,2537183.202131827362,retrograde
NorthNode,270.127457947,270.020543173,5302311041,5303027929,2537188.482537454925,2537196.779856785201,retrograde
NorthNode,270.085738012,269.832969269,5303491460,5304202567,2537202.144801422022,2537210.375204404816,retrograde
NorthNode,269.934748674,269.278985533,5304663775,5305560068,2537215.713261653669,2537226.087024825625,retrograde
Venus,159.614704538,143.256727763,5305558276,5309265199,2537226.066282091662,2537268.970486445352,retrograde
NorthNode,269.325988241,268.510066615,5305853243,5306762741,2537229.480246409774,2537240.006845111027,retrograde
Mercury,164.251548421,151.089607044,5306652186,5308679549,2537238.727277792990,2537262.192128941417,retrograde
NorthNode,268.540306399,267.227835940,5307011502,5308087027,2537242.886024313048,2537255.334226856008,retrograde
Saturn,42.412127348,35.530733685,5307405236,5319120939,2537247.443134434521,2537383.041552752256,retrograde
NorthNode,267.231709586,265.869128806,5308198838,5309330869,2537256.628345159814,2537269.730555264279,retrograde
NorthNode,265.869160076,264.349693826,5309354285,5310532518,2537270.001568352804,2537283.638530433178,retrograde
NorthNode,264.351277481,263.010899492,5310614407,5311693215,2537284.586318647489,2537297.072515023872,retrograde
NorthNode,263.032378557,262.012931040,5311908671,5312873612,2537299.566222377121,2537310.734524531290,retrograde
Neptune,103.740319811,100.925732217,5312014604,5325530632,2537300.792304999195,2537457.227812721394,retrograde
NorthNode,262.054987282,261.309095096,5313143524,5314041685,2537313.858501539566,2537324.253886748105,retrograde
NorthNode,261.415234638,261.074425197,5314484590,5315232276,2537329.380095881410,2537338.033868135884,retrograde
NorthNode,261.148709640,261.009160203,5315680592,5316396648,2537343.222718938254,2537351.510398826562,retrograde
Mercury,271.971209597,255.669011497,5316357569,5318064958,2537351.058103397489,2537370.819540716708,retrograde
NorthNode,261.038267712,261.038110135,5316963821,5317052796,2537358.074903646484,2537359.104701756500,retrograde
NorthNode,261.069481945,260.960931938,5317606592,5318228033,2537365.514388565905,2537372.706991421990,retrograde
NorthNode,261.066065784,260.567316806,5318753749,5319616297,2537378.791659717448,2537388.774860318750,retrograde
NorthNode,260.640966465,260.017546572,5319976491,5320788155,2537392.943769293837,2537402.338034054264,retrograde
NorthNode,260.075404548,258.735410906,5321101268,5322166462,2537405.962016964331,2537418.290653414093,retrograde
NorthNode,258.747455513,257.525019042,5322330529,5323358753,2537420.189585049637,2537432.090325988829,retrograde
Pluto,223.530472906,220.702706110,5322480660,5335999183,2537421.927203699015,2537578.391594360583,retrograde
NorthNode,257.526432690,255.758314763,5323440793,5324666056,2537433.039860525168,2537447.221143772826,retrograde
NorthNode,255.758522035,254.449772475,5324707084,5325780196,2537447.696002916433,2537460.116284844466,retrograde
Uranus,252.723376632,248.674559684,5325141690,5338343516,2537452.726163505577,2537605.525078480132,retrograde
Mercury,19.499402783,7.306462370,5325830274,5327847810,2537460.695883624256,2537484.046997740865,retrograde
NorthNode,254.458743060,253.158300496,5325936284,5327002904,2537461.922857975587,2537474.267998472787,retrograde
NorthNode,253.187806324,252.391165976,5327237107,5328130127,2537476.978682184592,2537487.314559923485,retrograde
NorthNode,252.472638303,251.954477054,5328512223,5329353283,2537491.736966225319,2537501.471449953504,retrograde
NorthNode,252.029188321,251.801413186,5329762723,5330487939,2537506.210342871025,2537514.604047292843,retrograde
NorthNode,251.882180365,251.845677927,5331082349,5331705915,2537521.483789534308,2537528.700990899466,retrograde
NorthNode,251.845758416,251.827027316,5331778654,5332288185,2537529.542883475311,2537535.440224309452,retrograde
NorthNode,251.885730004,251.641613410,5332847269,5333642785,2537541.911107799038,2537551.118471382186,retrograde
NorthNode,251.724534367,251.369989935,5334088556,5334819542,2537556.277852181345,2537564.738341205753,retrograde
Jupiter,352.363092521,342.480933287,5335182184,5345452859,2537568.935584701598,2537687.809141077101,retrograde
NorthNode,251.445806773,250.499839182,5335197615,5336194459,2537569.114191719331,2537580.651733359322,retrograde
NorthNode,250.533948669,249.675797551,5336449960,5337360146,2537583.608923541382,2537594.143478449434,retrograde
Mercury,146.029600902,134.164888905,5336645764,5338718611,2537585.875171765685,2537609.866450808942,retrograde
NorthNode,249.688736849,248.033964838,5337538733,5338737052,2537596.210462520830,2537610.079889786430,retrograde
NorthNode,248.034542400,246.846618987,5338796673,5339875198,2537610.769951325841,2537623.252873861231,retrograde
NorthNode,246.846773319,245.144684744,5339914450,5341131396,2537623.707187772729,2537637.792212761939,retrograde
Saturn,56.111169972,49.201880332,5340189136,5351835431,2537626.886416941881,2537761.681504406035,retrograde
NorthNode,245.152232124,244.167257643,5341274013,5342221502,2537639.442871859297,2537650.409176822752,retrograde
NorthNode,244.202224129,243.193685344,5342479342,5343471269,2537653.393436269835,2537664.874068495817,retrograde
Neptune,105.968924197,103.156139624,5343766028,5357285228,2537668.285632128827,2537824.757854626514,retrograde
NorthNode,243.257349150,242.802285030,5343805238,5344579690,2537668.739456624724,2537677.703016023152,retrograde
NorthNode,242.907684897,242.646981440,5345055157,5345825437,2537683.206107768230,2537692.121384351514,retrograde
NorthNode,242.706226442,242.673825678,5346336413,5346924842,2537698.035464225337,2537704.845982049592,retrograde
Mercury,256.167368198,239.949142677,5346488944,5348202910,2537699.800867564976,2537719.638435363770,retrograde
NorthNode,242.673850848,242.628225115,5346972072,5347635505,2537705.392625790089,2537713.071243012324,retrograde
NorthNode,242.706635482,242.493894326,5348192956,5348868531,2537719.523221016861,2537727.342381938361,retrograde
NorthNode,242.585191986,241.899110989,5349303208,5350215756,2537732.373360580765,2537742.935259983875,retrograde
NorthNode,241.969221486,241.202520190,5350558535,5351409312,2537746.902610215358,2537756.749572419561,retrograde
NorthNode,241.233767731,239.632359888,5351647391,5352787951,2537759.505116489716,2537772.706038673408,retrograde
NorthNode,239.637332890,238.409869295,5352910727,5353958413,2537774.127051232383,2537786.253054972738,retrograde
NorthNode,238.409914819,236.485682721,5353983559,5355247808,2537786.544095001183,2537801.176601688378,retrograde
Pluto,226.138459434,223.311060938,5354257370,5367793192,2537789.713200540282,2537946.377803958021,retrograde
NorthNode,236.488430696,235.399342164,5355348222,5356323594,2537802.338809162378,2537813.627834289335,retrograde
Mercury,2.248152371,348.639259852,5355877887,5357846585,2537808.469187162817,2537831.255044810474,retrograde
Venus,22.170419558,5.905820713,5356357691,5359997980,2537814.022478422150,2537856.155442418531,retrograde
NorthNode,235.417512891,234.143880617,5356519574,5357585180,2537815.896116454154,2537828.229524170980,retrograde
Uranus,257.170904440,253.128997604,5357081840,5370303267,2537822.403824017383,2537975.429599680938,retrograde
Mars,231.508308340,214.048108522,5357618420,5364261579,2537828.614246384241,2537905.502660158090,retrograde
NorthNode,234.198426465,233.658316521,5357893095,5358681147,2537831.793350706808,2537840.914329225197,retrograde
NorthNode,233.744049428,233.323960184,5359085653,5359933657,2537845.596103941090,2537855.410968460143,retrograde
NorthNode,233.404884111,233.310798336,5360425694,5361047710,2537861.105844755657,2537868.305105825886,retrograde
NorthNode,233.371370050,233.265350009,5362294274,5362949448,2537882.732928320765,2537890.315958105028,retrograde
NorthNode,233.336753687,232.968566913,5363413104,5364223866,2537895.682351419702,2537905.066162479110,retrograde
NorthNode,233.061409041,232.514046667,5364655794,5365471320,2537910.065333621576,2537919.504287239164,retrograde
NorthNode,232.560994109,231.466778016,5365764778,5366790707,2537922.900796740316,2537934.774970625527,retrograde
Mercury,127.003856350,116.547318191,5366604034,5368694957,2537932.614404447377,2537956.814899913967,retrograde
NorthNode,231.489019859,230.450490360,5367010871,5367996289,2537937.323167211376,2537948.728471629322,retrograde
NorthNode,230.453763066,228.751457483,5368103685,5369347841,2537949.971480573528,2537964.371427538805,retrograde
NorthNode,228.751461207,227.576859906,5369359250,5370439374,2537964.503479452804,2537977.004914422520,retrograde
Jupiter,29.195454361,19.239500353,5370016120,5380183433,2537972.106137946248,2538089.783376730978,retrograde
NorthNode,227.578871513,226.003928047,5370530044,5371692142,2537978.054335865192,2537991.504549155012,retrograde
NorthNode,226.025614206,225.228404707,5371907321,5372787832,2537993.995038234629,2538004.186144640669,retrograde
Saturn,70.040489897,63.109000563,5372982270,5384577274,2538006.436578676105,2538140.638014018536,retrograde
NorthNode,225.274301051,224.440923973,5373074455,5374034596,2538007.503538143821,2538018.616280256771,retrograde
NorthNode,224.532717945,224.249729889,5374453985,5375152290,2538023.470318773761,2538031.552556090057,retrograde
Neptune,108.198079802,105.387115440,5375521664,5389037227,2538035.827719843946,2538192.257845108397,retrograde
NorthNode,224.332341299,224.184220294,5375632749,5376386695,2538037.113422308117,2538045.839645653963,retrograde
Mercury,240.324256371,224.282041557,5376606682,5378349137,2538048.385798312724,2538068.553103379905,retrograde
NorthNode,224.207842476,224.207809547,5376931160,5376984397,2538052.141326176934,2538052.757493276149,retrograde
NorthNode,224.233472710,224.110094211,5377525010,5378203413,2538059.014592315070,2538066.866476257332,retrograde
NorthNode,224.221341893,223.823055229,5378746399,5379528544,2538073.151040067896,2538082.203637275845,retrograde
NorthNode,223.895182409,223.136066503,5379888527,5380785293,2538086.370109542273,2538096.749348174781,retrograde
NorthNode,223.195188886,222.125567484,5381102193,5382062893,2538100.417175803334,2538111.536382677034,retrograde
NorthNode,222.139339567,220.584986973,5382234306,5383370258,2538113.520327608101,2538126.667928150855,retrograde
NorthNode,220.586193676,219.158023266,5383447897,5384566877,2538127.566529290751,2538140.517685251310,retrograde
NorthNode,219.158138209,217.463877958,5384600278,5385785898,2538140.904262477532,2538154.626721506938,retrograde
NorthNode,217.474568422,216.423261296,5385950595,5386908632,2538156.532940633595,2538167.621325302869,retrograde
Mercury,345.502778213,330.781199032,5385970264,5387878450,2538156.760582730174,2538178.846068307757,retrograde
Pluto,228.739668180,225.913885367,5386041005,5399580452,2538157.579348762520,2538314.285909817554,retrograde
NorthNode,216.452900818,215.441821779,5387140474,5388128382,2538170.304682419635,2538181.738802589476,retrograde
NorthNode,215.528267684,215.117378970,5388517761,5389268519,2538186.245503395796,2538194.934832682833,retrograde
Uranus,261.582660888,257.547456260,5389020343,5402255732,2538192.062432258390,2538345.249803676270,retrograde
NorthNode,215.196506286,214.934576482,5389687100,5390479465,2538199.779526472092,2538208.950408974662,retrograde
NorthNode,215.004283814,214.985045147,5391070583,5391581516,2538215.792052736506,2538221.705631259829,retrograde
NorthNode,214.985101002,214.952649965,5391645152,5392238807,2538222.442158512771,2538229.313170282170,retrograde
NorthNode,215.033218237,214.773947984,5392835708,5393607013,2538236.221749185584,2538245.148889774457,retrograde
NorthNode,214.846294168,214.399963648,5394009880,5394799160,2538249.811695479788,2538258.946888109669,retrograde
NorthNode,214.482155606,213.617555782,5395188968,5396135381,2538263.458549690433,2538274.412401078269,retrograde
NorthNode,213.644664526,212.574283559,5396364917,5397364616,2538277.069072605111,2538288.639656358398,retrograde
Mercury,107.277042207,98.049741905,5396517357,5398602593,2538278.833427302539,2538302.968099847436,retrograde
NorthNode,212.585008158,211.212398734,5397535176,5398658158,2538290.613733889535,2538303.611209549941,retrograde
NorthNode,211.212688779,209.755737255,5398704800,5399875269,2538304.151055166498,2538317.698145416565,retrograde
NorthNode,209.756214300,208.447526605,5399934029,5401039702,2538318.378232786432,2538331.175376675092,retrograde
NorthNode,208.455070691,207.261680244,5401181518,5402218017,2538332.816764986143,2538344.813286923803,retrograde
NorthNode,207.304059243,206.564669135,5402502292,5403386948,2538348.103507932276,2538358.342578100041,retrograde
NorthNode,206.621715179,206.072731564,5403708857,5404567682,2538362.068374738097,2538372.008484065533,retrograde
Jupiter,65.711780338,55.679957998,5404741303,5414909237,2538374.017977312207,2538491.702408671379,retrograde
NorthNode,206.183034778,205.994038856,5405067146,5405751184,2538377.789308046922,2538385.706425060518,retrograde
Saturn,84.129733396,77.182552240,5405775186,5417341545,2538385.984217517078,2538519.854121848941,retrograde
NorthNode,206.048342521,206.008904951,5406246006,5406895727,2538391.433523791842,2538398.953444094397,retrograde
Venus,230.092372794,214.556778293,5406528069,5410116967,2538394.698144460097,2538436.236310837790,retrograde
Mercury,224.348167093,208.591650893,5406707119,5408497841,2538396.770477317274,2538417.496431395411,retrograde
NorthNode,206.008912189,205.957984449,5406927304,5407624690,2538399.318914916366,2538407.390514300205,retrograde
Neptune,110.428071932,107.618964280,5407269467,5420785101,2538403.279140000232,2538559.710087911226,retrograde
NorthNode,206.018911817,205.822600265,5408124908,5408794401,2538413.180077989586,2538420.928840342909,retrograde
NorthNode,205.932662720,205.272171784,5409277262,5410176792,2538426.517504647374,2538436.928735238500,retrograde
NorthNode,205.330691378,204.555784740,5410492143,5411359291,2538440.578625432216,2538450.615064295009,retrograde
NorthNode,204.594188550,203.108582065,5411623535,5412721286,2538453.673444812186,2538466.378898213618,retrograde
NorthNode,203.113593401,201.757824906,5412840978,5413936368,2538467.764216619544,2538480.442347251810,retrograde
NorthNode,201.757875471,200.015827280,5413963181,5415174659,2538480.752676130272,2538494.774421227165,retrograde
NorthNode,200.017700775,198.721969271,5415259936,5416303659,2538495.761422278360,2538507.841548939236,retrograde
Mercury,329.124069078,313.626050570,5416092504,5417936497,2538505.397628143430,2538526.740138314664,retrograde
NorthNode,198.745038086,197.635129450,5416521520,5417513725,2538510.363091555424,2538521.846936013550,retrograde
NorthNode,197.681451183,197.009135251,5417793790,5418655352,2538525.088435387239,2538535.060217520222,retrograde
Pluto,231.332569321,228.510438449,5417817468,5431369349,2538525.362486676313,2538682.212955425493,retrograde
NorthNode,197.115856955,196.774812788,5419103401,5419870503,2538540.245966889895,2538549.124467776157,retrograde
NorthNode,196.846068049,196.732606193,5420326800,5421013787,2538554.405682291836,2538562.356916467659,retrograde
Uranus,265.959001808,261.932190733,5420957039,5434209272,2538561.700107692741,2538715.082437689416,retrograde
NorthNode,196.755587894,196.755140869,5421541160,5421670754,2538568.460768471472,2538569.960703140125,retrograde
NorthNode,196.789776022,196.685032029,5422240409,5422860593,2538576.553937137127,2538583.731982124038,retrograde
NorthNode,196.777285764,196.318490161,5423370104,5424234882,2538589.629100036807,2538599.638108608313,retrograde
NorthNode,196.391611330,195.853727179,5424609327,5425401850,2538603.971966680139,2538613.144687668420,retrograde
Mars,280.539503006,267.301417637,5425675458,5431531490,2538616.311447904445,2538684.089594040997,retrograde
NorthNode,195.908433809,194.690923723,5425717455,5426781766,2538616.797514338978,2538629.115930618718,retrograde
Mercury,87.221991735,78.644659501,5426387171,5428457831,2538624.548864424229,2538648.514839410782,retrograde
NorthNode,194.705778258,193.667714691,5426965335,5427950989,2538631.240577563643,2538642.648604794405,retrograde
NorthNode,193.670564951,191.964863356,5428056873,5429304657,2538643.874122359790,2538658.316066758707,retrograde
NorthNode,191.964871333,190.777487737,5429318891,5430396327,2538658.480801425874,2538670.951126050204,retrograde
NorthNode,190.780919205,189.350702326,5430509459,5431641623,2538672.260533552617,2538685.364283400588,retrograde
NorthNode,189.370384694,188.546276011,5431845447,5432745636,2538687.723353059962,2538698.142211955041,retrograde
NorthNode,188.605717660,187.911760089,5433075241,5433986719,2538701.957083163783,2538712.506589134224,retrograde
NorthNode,187.984828458,187.681079874,5434369542,5435104979,2538716.937415401451,2538725.449420638382,retrograde
NorthNode,187.779015186,187.667841611,5435646536,5436346518,2538731.717438520864,2538739.819079074077,retrograde
Mercury,208.139224339,192.816483830,5436788288,5438642031,2538744.932164259255,2538766.387514732778,retrograde
NorthNode,187.713961613,187.558716036,5437466767,5438218331,2538752.784931525588,2538761.483589416370,retrograde
Saturn,98.296686947,91.341613661,5438564300,5450117879,2538765.487854316831,2538899.209828890860,retrograde
NorthNode,187.650033062,187.342336696,5438714934,5439425263,2538767.231303201988,2538775.452706927434,retrograde
Neptune,112.658378627,109.850509887,5439024812,5452537129,2538770.817851084284,2538927.210418810137,retrograde
Jupiter,100.662495680,90.596030519,5439279934,5449529003,2538773.770653858781,2538892.394143477082,retrograde
NorthNode,187.426928739,186.534324166,5439820875,5440789493,2538780.031544188969,2538791.242404391989,retrograde
NorthNode,186.582852894,185.713109009,5441079016,5441968359,2538794.593358886428,2538804.886691699736,retrograde
NorthNode,185.730971457,183.954721709,5442162044,5443354096,2538807.128407019190,2538820.925304068252,retrograde
NorthNode,183.955846322,182.700744482,5443427615,5444496676,2538821.776228935458,2538834.149620271288,retrograde
NorthNode,182.700814454,180.808242881,5444525790,5445762746,2538834.486577339470,2538848.803208121099,retrograde
NorthNode,180.816691473,179.813138276,5445909323,5446842354,2538850.499690710567,2538861.298670443706,retrograde
Mercury,312.986636260,297.006022573,5446231753,5448016877,2538854.231528297067,2538874.892682939768,retrograde
NorthNode,179.848458934,178.766627236,5447094472,5448101546,2538864.216694158502,2538875.872642891482,retrograde
NorthNode,178.838956998,178.416820298,5448452903,5449203486,2538879.939280065708,2538888.626578514464,retrograde
Pluto,233.916444692,231.099336482,5449598991,5463156763,2538893.204189068638,2539050.122841536067,retrograde
NorthNode,178.517373459,178.263321493,5449671525,5450454455,2538894.043695555069,2538903.105387831107,retrograde
NorthNode,178.319749767,178.300810974,5450987815,5451484315,2538909.278537249193,2538915.025069409050,retrograde
NorthNode,178.300957310,178.247557665,5451570818,5452248937,2538916.026263125241,2538923.874852200039,retrograde
NorthNode,178.331458126,178.104762548,5452817676,5453514469,2538930.457479602657,2538938.522215196863,retrograde
Uranus,270.302968025,266.285078129,5452891066,5466152644,2538931.306906570680,2539084.797389269806,retrograde
NorthNode,178.185770046,177.568919060,5453931567,5454824244,2538943.349737497047,2538953.681646596640,retrograde
NorthNode,177.639552211,176.905467430,5455179941,5456042419,2538957.798516687937,2538967.780900573358,retrograde
Mercury,67.358888957,58.561257535,5456242302,5458301961,2538970.094354808331,2538993.933009907603,retrograde
NorthNode,176.934084451,175.539067209,5456277637,5457390881,2538970.503335168585,2538983.388101019897,retrograde
Venus,90.596580442,74.091492081,5457084114,5460802199,2538979.837550384924,2539022.870946699753,retrograde
NorthNode,175.545681103,174.402375380,5457531602,5458573660,2538985.016811276786,2538997.077668545768,retrograde
NorthNode,174.402555189,172.646841075,5458614075,5459871599,2538997.545431576669,2539012.100117355585,retrograde
NorthNode,172.647913647,171.579313626,5459947164,5460953528,2539012.974703866988,2539024.622435200959,retrograde
NorthNode,171.589207544,170.269383238,5461112908,5462209943,2539026.467118235305,2539039.164277751930,retrograde
NorthNode,170.311481849,169.709654842,5462491825,5463307772,2539042.426803510636,2539051.870637698099,retrograde
NorthNode,169.776341932,169.224510010,5463661189,5464555826,2539055.961109763011,2539066.315704665147,retrograde
NorthNode,169.315239068,169.160821502,5465027357,5465674636,2539071.773242880590,2539079.264897075482,retrograde
NorthNode,169.219133762,169.193917882,5466221114,5466769436,2539085.589865711518,2539091.936191966757,retrograde
Mercury,191.569430804,176.880721266,5466849150,5468772689,2539092.858803085983,2539115.121986232698,retrograde
NorthNode,169.194525623,169.144390437,5466911567,5467555162,2539093.581222156994,2539101.030237710103,retrograde
NorthNode,169.202865733,168.953959504,5468043323,5468789072,2539106.680250041187,2539115.311600656249,retrograde
NorthNode,169.062701443,168.549401663,5469271701,5470083564,2539120.897588443942,2539130.294157113880,retrograde
NorthNode,168.607297172,167.635944250,5470401151,5471366909,2539133.969921750017,2539145.147684322670,retrograde
Neptune,114.888265951,112.081024466,5470770848,5484281454,2539138.248822693713,2539294.621579027735,retrograde
Saturn,112.459538886,105.506672427,5471346319,5482901139,2539144.909369230270,2539278.645708784461,retrograde
NorthNode,167.671934706,166.543367660,5471626783,5472614959,2539148.155485923402,2539159.592699361034,retrograde
NorthNode,166.549212647,164.829896409,5472742181,5473946668,2539161.065180947073,2539175.006005700678,retrograde
Jupiter,133.572115042,123.519545718,5473609584,5483993664,2539171.104572333395,2539291.290677323937,retrograde
NorthNode,164.829936233,163.480336556,5473971406,5475075605,2539175.292317238636,2539188.072401043959,retrograde
NorthNode,163.481759383,161.814490457,5475153604,5476308365,2539188.975175479427,2539202.340458015911,retrograde
Mercury,297.018419586,280.786652488,5476377832,5478117485,2539203.144475020468,2539223.279350586236,retrograde
NorthNode,161.837170766,160.945398067,5476523085,5477421660,2539204.825639308430,2539215.225815551355,retrograde
NorthNode,160.991817049,160.132546837,5477701141,5478651570,2539218.460553213023,2539229.460886145011,retrograde
NorthNode,160.235583529,159.949969161,5479087479,5479786969,2539234.506133805960,2539242.602078158408,retrograde
NorthNode,160.028469177,159.893952002,5480258752,5481004263,2539248.062535630539,2539256.691127218306,retrograde
Pluto,236.489987145,233.679278367,5481371109,5494943852,2539260.937034212984,2539418.028967422433,retrograde
NorthNode,159.910423526,159.909233664,5481457064,5481633860,2539261.931880676188,2539263.978130985983,retrograde
NorthNode,159.941936414,159.813667558,5482160893,5482823449,2539270.078051086515,2539277.746529886499,retrograde
NorthNode,159.925028815,159.489062686,5483361156,5484175449,2539283.969979926944,2539293.394671797752,retrograde
NorthNode,159.555930658,158.874696079,5484526670,5485395070,2539297.459726707079,2539307.510653723031,retrograde
Uranus,274.616041546,270.608161333,5484826253,5498100856,2539300.927129522897,2539454.568361132406,retrograde
NorthNode,158.931295536,157.849822536,5485713590,5486704638,2539311.197229777463,2539322.667691019364,retrograde
Mercury,48.148199960,38.320471387,5486127191,5488181225,2539315.984283953905,2539339.757820643485,retrograde
NorthNode,157.862600105,156.538240516,5486875015,5487968001,2539324.639652965590,2539337.289946228266,retrograde
NorthNode,156.539954013,155.124170648,5488057936,5489209632,2539338.330859392881,2539351.660679715686,retrograde
NorthNode,155.124196601,153.646363683,5489230408,5490397716,2539351.901141365059,2539365.411653352901,retrograde
NorthNode,153.652599846,152.549071475,5490538354,5491549316,2539367.039400693960,2539378.740354306996,retrograde
NorthNode,152.569411607,151.583451692,5491754405,5492741800,2539381.114072524011,2539392.542253533378,retrograde
NorthNode,151.653653331,151.152426072,5493101333,5493903546,2539396.703510469757,2539405.988390597515,retrograde
NorthNode,151.221866977,150.881857180,5494283831,5495093043,2539410.389838875271,2539419.755715350620,retrograde
NorthNode,150.974574943,150.904737459,5495656038,5496271662,2539426.271864103153,2539433.397139793262,retrograde
Mars,354.640753959,344.328790592,5495669841,5500885949,2539426.431612898596,2539486.803236915730,retrograde
NorthNode,150.916236775,150.915920426,5496698018,5496816345,2539438.331811372191,2539439.701337188482,retrograde
Mercury,174.468816672,160.668400470,5496887571,5498878807,2539440.525712393224,2539463.572425141931,retrograde
NorthNode,150.958603954,150.789093378,5497448634,5498200998,2539447.019502639771,2539455.727413960733,retrograde
NorthNode,150.862734027,150.539804729,5498643866,5499372297,2539460.853202563711,2539469.284122100100,retrograde
NorthNode,150.637151552,149.820947014,5499801473,5500740833,2539474.251437062398,2539485.123649423942,retrograde
NorthNode,149.860418271,148.915239857,5501005183,5501937594,2539488.183255799115,2539498.975055266172,retrograde
NorthNode,148.935368724,147.416326612,5502146833,5503276213,2539501.396800026298,2539514.468333020806,retrograde
Neptune,117.116452437,114.309620239,5502518462,5516038311,2539505.698063033633,2539662.177798547782,retrograde
NorthNode,147.417463834,145.969911710,5503348622,5504485328,2539515.306399248540,2539528.462713961489,retrograde
Saturn,126.540737748,119.598998288,5504114434,5515686749,2539524.169962011278,2539658.108788989484,retrograde
NorthNode,145.969988099,144.394950291,5504516324,5505681668,2539528.821460912935,2539542.309241008013,retrograde
NorthNode,144.401154901,143.159500272,5505810993,5506828563,2539543.806060696021,2539555.583495753817,retrograde
Mercury,281.150144496,264.836268192,5506522593,5508235510,2539552.042170710862,2539571.867603063583,retrograde
NorthNode,143.200320355,142.309687714,5507099963,5508025168,2539558.724697973579,2539569.433091224171,retrograde
Venus,305.934113845,290.463469226,5507668920,5511209565,2539565.309846980497,2539606.289533184841,retrograde
Jupiter,164.716665807,154.712598340,5507806578,5518326749,2539566.903106071055,2539688.664343044162,retrograde
NorthNode,142.370472507,141.814126759,5508345434,5509180842,2539573.139871308580,2539582.808941317722,retrograde
NorthNode,141.932170977,141.723803241,5509682106,5510387742,2539588.610608322546,2539596.777692314237,retrograde
NorthNode,141.777569903,141.747493414,5510885303,5511453997,2539602.536505867727,2539609.118601979688,retrograde
NorthNode,141.747651588,141.682428934,5511541025,5512253745,2539610.125870552845,2539618.374952714890,retrograde
NorthNode,141.751810522,141.542155969,5512761427,5513429435,2539624.250902442262,2539631.982474396937,retrograde
Pluto,239.051410739,236.247716072,5513152319,5526729652,2539628.775112577714,2539785.920174256898,retrograde
NorthNode,141.646029029,140.943377394,5513892739,5514813539,2539637.344788067043,2539648.002196535468,retrograde
NorthNode,141.000633255,140.265647474,5515128636,5515983235,2539651.649149239063,2539661.540339604020,retrograde
Mercury,29.776209067,18.474551340,5516073851,5518112097,2539662.589144252241,2539686.179946169257,retrograde
NorthNode,140.299465426,138.810898640,5516237149,5517358942,2539664.479160868563,2539677.462878781371,retrograde
Uranus,278.900653279,274.902822079,5516755557,5530035809,2539670.479258871637,2539824.185873004608,retrograde
NorthNode,138.815596851,137.618701707,5517478902,5518543918,2539678.851309437305,2539691.177873004228,retrograde
NorthNode,137.618785289,135.898130479,5518576096,5519814752,2539691.550309224054,2539705.886600096710,retrograde
NorthNode,135.899455649,134.761528824,5519892912,5520917411,2539706.791239264421,2539718.648867276497,retrograde
NorthNode,134.777330482,133.610267695,5521111398,5522152824,2539720.894080219790,2539732.947624758817,retrograde
NorthNode,133.648000582,133.003811403,5522417686,5523270032,2539736.013150877319,2539745.878272943199,retrograde
NorthNode,133.091171972,132.658712202,5523679711,5524504012,2539750.619932200760,2539760.160444426350,retrograde
NorthNode,132.731734919,132.572223943,5524939132,5525629745,2539765.196561275050,2539773.189761453308,retrograde
NorthNode,132.631397303,132.624065410,5526247743,5526598975,2539780.342525005341,2539784.407703832723,retrograde
NorthNode,132.627847420,132.578166773,5526870119,5527461373,2539787.545940615237,2539794.389164216816,retrograde
Mercury,156.692269396,144.054083283,5526899358,5528947231,2539787.884359583259,2539811.586589768529,retrograde
NorthNode,132.649245249,132.331051842,5527989245,5528809951,2539800.498795188963,2539809.997700051405,retrograde
NorthNode,132.416898681,131.981733977,5529237162,5529992818,2539814.942280110903,2539823.688290387392,retrograde
NorthNode,132.048620494,130.950854712,5530339054,5531368753,2539827.695657827891,2539839.613464148715,retrograde
NorthNode,130.977552811,129.998702186,5531597040,5532536379,2539842.255679164082,2539853.127655305900,retrograde
NorthNode,130.005878674,128.190122236,5532678339,5533920077,2539854.770716432482,2539869.142680346966,retrograde
NorthNode,128.190153306,126.946156492,5533942239,5535015005,2539869.399188059382,2539881.815454954281,retrograde
Neptune,119.342605444,116.535330920,5534268391,5547786769,2539873.174097198062,2540029.636804708280,retrograde
NorthNode,126.947559410,125.252593077,5535095624,5536275469,2539882.748549849726,2539896.404160195962,retrograde
NorthNode,125.270269896,124.372033572,5536466918,5537363718,2539898.620004037395,2539908.999638915993,retrograde
Mercury,265.339035332,249.062621837,5536659911,5538367598,2539900.853726923466,2539920.618622794747,retrograde
Saturn,140.461992688,133.538546217,5536860491,5548469115,2539903.175254985690,2540037.534323729575,retrograde
NorthNode,124.426525474,123.576997331,5537668072,5538617388,2539912.522256998345,2539923.509701730683,retrograde
NorthNode,123.659601280,123.338290685,5539005538,5539726149,2539928.002188212238,2539936.342594375834,retrograde
NorthNode,123.438932994,123.309261465,5540249951,5540974105,2539942.405107012019,2539950.786521038041,retrograde
NorthNode,123.326718205,123.326626625,5541450273,5541520571,2539956.297731457278,2539957.111367104575,retrograde
NorthNode,123.326632696,123.326591781,5541530324,5541541261,2539957.224238435738,2539957.350835012272,retrograde
Jupiter,194.801326474,184.853017001,5541940226,5552565104,2539961.968484543264,2540084.941606692970,retrograde
NorthNode,123.358435518,123.192646781,5542093023,5542833341,2539963.736960707232,2539972.305457687937,retrograde
NorthNode,123.295156704,122.945830656,5543341760,5544072856,2539978.189941155724,2539986.651702274568,retrograde
NorthNode,123.024500715,122.124063750,5544448511,5545412127,2539990.999561441131,2540002.152516714297,retrograde
Pluto,241.598883554,238.802942201,5544923793,5558512932,2539996.500505688600,2540153.782204599120,retrograde
NorthNode,122.172499100,121.273205040,5545703533,5546609533,2540005.525276715867,2540016.011390607804,retrograde
Mercury,12.172707877,359.351239775,5546087990,5548088253,2540009.975004769862,2540033.126203984022,retrograde
NorthNode,121.287842268,119.589961634,5546789644,5547979520,2540018.096008362249,2540031.867715521716,retrograde
NorthNode,119.590948136,118.390784517,5548051662,5549123615,2540032.702692459337,2540045.109558763914,retrograde
Uranus,283.158045158,279.170656302,5548688861,5561978667,2540040.077682086267,2540193.894883892499,retrograde
NorthNode,118.390856461,116.618415252,5549153234,5550388363,2540045.452363600954,2540059.747843382880,retrograde
NorthNode,116.625912593,115.689293263,5550533691,5551469183,2540061.429879385978,2540072.257337722927,retrograde
NorthNode,115.716445588,114.644980019,5551701510,5552727897,2540074.946299911477,2540086.825786066242,retrograde
NorthNode,114.710162267,114.287259255,5553073130,5553828920,2540090.821538022719,2540099.569108719006,retrograde
NorthNode,114.371877260,114.055349987,5554257598,5555077481,2540104.530658332631,2540114.020042158663,retrograde
NorthNode,114.125790114,114.075164127,5555602101,5556195035,2540120.092034597881,2540126.954700727947,retrograde
NorthNode,114.079536847,114.073061332,5556482590,5556819281,2540130.282874529250,2540134.179769034497,retrograde
Mercury,138.120551388,126.855593070,5556877646,5558962173,2540134.855280913413,2540158.981761440635,retrograde
NorthNode,114.131190449,113.973852616,5557437213,5558124273,2540141.331760241650,2540149.283839009702,retrograde
Venus,157.420654231,141.048636503,5557816613,5561526754,2540145.722961245105,2540188.664404070005,retrograde
NorthNode,114.047521873,113.614988524,5558562127,5559387644,2540154.351595077664,2540163.906184751540,retrograde
NorthNode,113.703496068,113.048057802,5559796945,5560646931,2540168.643468616530,2540178.481267954223,retrograde
NorthNode,113.086966205,111.896809835,5560913369,5561958537,2540181.565043024719,2540193.661892328411,retrograde
NorthNode,111.912359483,110.736672866,5562149677,5563174560,2540195.874160241336,2540207.736239992082,retrograde
NorthNode,110.737949867,108.976012815,5563251152,5564490501,2540208.622711122036,2540222.967036976479,retrograde
Mars,64.893137396,49.167809978,5564107595,5570192380,2540218.535253717564,2540288.961002505384,retrograde
NorthNode,108.976169420,107.747644360,5564529821,5565586598,2540223.422131695785,2540235.653346193954,retrograde
NorthNode,107.753253902,106.259995813,5565713040,5566829107,2540237.116791084409,2540250.034228190780,retrograde
Neptune,121.565621988,118.758139136,5566015188,5579540593,2540240.613868902437,2540397.157910461538,retrograde
Mercury,249.529515582,233.379990951,5566785503,5568509806,2540249.529555842280,2540269.486767508090,retrograde
NorthNode,106.298550280,105.571189967,5567093986,5567937744,2540253.099966543727,2540262.865675857291,retrograde
NorthNode,105.633516266,104.968121407,5568263240,5569173923,2540266.632990098558,2540277.173307762481,retrograde
Saturn,154.154594907,147.256060715,5569581433,5581239647,2540281.889855414629,2540416.822887942195,retrograde
NorthNode,105.074183756,104.887737207,5569649953,5570305796,2540282.682916185819,2540290.273685006425,retrograde
NorthNode,104.951275988,104.913508912,5570826933,5571436450,2540296.305365675129,2540303.359956298955,retrograde
NorthNode,104.913738170,104.859108869,5571534563,5572195645,2540304.495529609732,2540312.146940561011,retrograde
NorthNode,104.920956104,104.672750003,5572679835,5573401205,2540317.750991499983,2540326.100185015239,retrograde
NorthNode,104.789393781,104.194624210,5573887166,5574733623,2540331.724730874412,2540341.521681057289,retrograde
NorthNode,104.250538506,103.305550707,5575040458,5575982263,2540345.073018207215,2540355.973541229963,retrograde
Jupiter,224.691517179,214.796117424,5576102825,5586775617,2540357.368930965662,2540480.896614767611,retrograde
Mercury,355.173475699,341.050607226,5576157445,5578101177,2540358.001108609140,2540380.498008191586,retrograde
NorthNode,103.340476002,102.106018397,5576238989,5577265950,2540358.944903424941,2540370.831024941057,retrograde
Pluto,244.129759262,241.341899854,5576699842,5590304649,2540364.278850252740,2540521.741899256594,retrograde
NorthNode,102.110604978,100.529420846,5577382729,5578561201,2540372.182632835582,2540385.822359275073,retrograde
NorthNode,100.529446565,99.147535979,5578582918,5579715930,2540386.073715506122,2540399.187273721211,retrograde
NorthNode,99.149100910,97.669372455,5579797347,5580920706,2540400.129603492096,2540413.131440066732,retrograde
Uranus,287.390106384,283.412369507,5580614414,5593908181,2540409.586401185952,2540563.449438116513,retrograde
NorthNode,97.690482524,96.799017026,5581135630,5582060356,2540415.618988236412,2540426.321833890863,retrograde
NorthNode,96.838854016,96.047414145,5582329204,5583266042,2540429.433501425199,2540440.276541288011,retrograde
NorthNode,96.142622358,95.834098780,5583695913,5584421619,2540445.251892221160,2540453.651267625391,retrograde
NorthNode,95.905974033,95.739080802,5584866025,5585618063,2540458.794858545065,2540467.499003728852,retrograde
NorthNode,95.781368641,95.780902898,5586243688,5586378863,2540474.740034959279,2540476.304551164620,retrograde
NorthNode,95.791790336,95.724078557,5586795553,5587410346,2540481.127357163467,2540488.243018822744,retrograde
Mercury,118.770233623,108.882766747,5586816338,5588909373,2540481.367920592427,2540505.592865861952,retrograde
NorthNode,95.816286963,95.480396980,5587974385,5588780039,2540494.771246491000,2540504.095943380147,retrograde
NorthNode,95.550234152,95.052563023,5589162396,5589964912,2540508.521374570206,2540517.809749128297,retrograde
NorthNode,95.123857582,94.126445656,5590325525,5591309798,2540521.983517556451,2540533.375560204498,retrograde
NorthNode,94.147545187,93.029970534,5591516750,5592530123,2540535.770844245329,2540547.499691467732,retrograde
NorthNode,93.036173677,91.517987363,5592669612,5593835042,2540549.114149427973,2540562.602925386280,retrograde
NorthNode,91.518018606,90.072384089,5593856970,5595008854,2540562.856716186740,2540576.188715443015,retrograde
NorthNode,90.074503173,88.720336532,5595104723,5596190085,2540577.298302708194,2540589.860366477631,retrograde
NorthNode,88.734501437,87.646462747,5596365184,5597353232,2540591.886975699104,2540603.322714267299,retrograde
Mercury,233.641399008,217.708452464,5596895993,5598657334,2540598.030596710742,2540618.416484430432,retrograde
NorthNode,87.708817945,87.037563940,5597682063,5598539087,2540607.128629214130,2540617.047895001248,retrograde
Neptune,123.785720693,120.977787657,5597770128,5611293362,2540608.147896449082,2540764.666817733087,retrograde
NorthNode,87.108302590,86.695045906,5598898304,5599705954,2540621.205491569825,2540630.553300440311,retrograde
NorthNode,86.805808923,86.698288164,5600256995,5600905169,2540636.931084876880,2540644.433095557615,retrograde
NorthNode,86.721076515,86.721076326,5601443346,5601452753,2540650.662002868019,2540650.770872767083,retrograde
NorthNode,86.753639303,86.582376142,5602064200,5602824003,2540657.847807968967,2540666.641829577275,retrograde
Saturn,167.568238139,160.700021087,5602275284,5613996435,2540660.290908142924,2540795.952381052077,retrograde
NorthNode,86.664593181,86.337818149,5603280845,5603993678,2540671.929350616410,2540680.179726013914,retrograde
NorthNode,86.437655049,85.523926030,5604415842,5605380249,2540685.065891179256,2540696.228001298383,retrograde
NorthNode,85.564828795,84.624579262,5605644431,5606558715,2540699.285672936589,2540709.867659279145,retrograde
Mercury,338.600276407,323.504489289,5606264832,5608144321,2540706.466229476035,2540728.219584919512,retrograde
NorthNode,84.643033185,82.986645921,5606758577,5607924504,2540712.180877170525,2540725.675402043387,retrograde
NorthNode,82.987452722,81.638650611,5607989183,5609095671,2540726.424006658606,2540739.230571627617,retrograde
Pluto,246.641967079,243.862140178,5608471598,5622085396,2540732.007507919334,2540889.574613240547,retrograde
Venus,19.869869618,3.630528845,5608615099,5612253355,2540733.668404689059,2540775.777838246897,retrograde
NorthNode,81.638788427,80.006829405,5609133395,5610322355,2540739.667190378532,2540753.428301764652,retrograde
Jupiter,255.282624152,245.424281761,5610387838,5621034350,2540754.186209969223,2540877.409728430212,retrograde
NorthNode,80.013925659,78.922453763,5610459617,5611440890,2540755.016982187517,2540766.374308312312,retrograde
NorthNode,78.960298633,78.055340015,5611708801,5612664450,2540769.475130341016,2540780.535885181278,retrograde
Uranus,291.596852165,287.628371952,5612544230,5625846898,2540779.144454519264,2540933.110513216816,retrograde
NorthNode,78.113073177,77.621569403,5612986646,5613795614,2540784.265006165951,2540793.628058335744,retrograde
NorthNode,77.727975035,77.495372671,5614281628,5615022292,2540799.253226323053,2540807.825721757486,retrograde
NorthNode,77.551152331,77.503662132,5615511147,5616150774,2540813.483773455024,2540820.886864541098,retrograde
NorthNode,77.504228537,77.478331645,5616290382,5616847093,2540822.502696400508,2540828.946113174781,retrograde
Mercury,98.851727526,89.993096402,5616711487,5618789351,2540827.376590363681,2540851.425941847265,retrograde
NorthNode,77.535247491,77.384863506,5617392159,5618038358,2540835.254736834206,2540842.733892483637,retrograde
NorthNode,77.475162824,76.927537865,5618510933,5619403780,2540848.203514282592,2540858.537393704988,retrograde
NorthNode,76.994320219,76.401855153,5619758712,5620573164,2540862.645399809815,2540872.071934179403,retrograde
NorthNode,76.444666459,75.110828642,5620856670,5621951711,2540875.353253848851,2540888.027331061661,retrograde
NorthNode,75.121196663,74.049336171,5622113223,5623119191,2540889.896685871296,2540901.539833356626,retrograde
NorthNode,74.050432945,72.248433337,5623195014,5624451829,2540902.417418339290,2540916.963879826479,retrograde
NorthNode,72.248629122,71.089133825,5624493117,5625534444,2540917.441752468236,2540929.494154581800,retrograde
NorthNode,71.096482666,69.667333804,5625679438,5626788171,2540931.172317772172,2540944.004881267436,retrograde
Mercury,217.589648421,201.993594323,5626989268,5628804737,2540946.332387655973,2540967.344769872725,retrograde
NorthNode,69.697815282,68.960751664,5627026688,5627886464,2540946.765490831807,2540956.716602401808,retrograde
NorthNode,69.036634911,68.427274437,5628250935,5629134435,2540960.935018101707,2540971.160709036514,retrograde
Neptune,126.002751849,123.194834540,5629517768,5643049896,2540975.597437000833,2541132.219288325869,retrograde
NorthNode,68.510876988,68.297983670,5629557655,5630249150,2540976.059090262279,2540984.062506658956,retrograde
NorthNode,68.377793937,68.342161603,5630830645,5631439164,2540990.792774159461,2540997.835820175707,retrograde
Mars,111.836027590,93.253098757,5630884904,5637542660,2540991.420775628649,2541068.478134558536,retrograde
NorthNode,68.342233379,68.307731406,5631505784,5632089404,2540998.606884827837,2541005.361739791930,retrograde
NorthNode,68.373190460,68.074243501,5632613357,5633412485,2541011.426014951430,2541020.675176267512,retrograde
NorthNode,68.174991535,67.706355942,5633864356,5634625934,2541025.905165515840,2541034.719736028463,retrograde
Saturn,180.671768793,173.837178452,5634938150,5646735512,2541038.333345375955,2541174.876883566380,retrograde
NorthNode,67.774931025,66.625350926,5634964965,5635989764,2541038.643703506328,2541050.504800888710,retrograde
NorthNode,66.654943362,65.609415713,5636224328,5637170659,2541053.219665366225,2541064.172563645989,retrograde
Mercury,322.330533774,306.591872559,5636395652,5638213088,2541055.202576011419,2541076.237711235881,retrograde
NorthNode,65.615692526,63.729446539,5637303048,5638554327,2541065.704850518145,2541080.187236971222,retrograde
NorthNode,63.729457926,62.489620958,5638570256,5639638647,2541080.371606433764,2541092.737246293575,retrograde
NorthNode,62.491420178,60.807914426,5639725398,5640903409,2541093.741303833202,2541107.375686909072,retrograde
Pluto,249.132311683,246.360856772,5640242096,5653873992,2541099.721603323705,2541257.498177201487,retrograde
NorthNode,60.828420572,60.000056226,5641108910,5641988229,2541109.754171251319,2541119.931483401917,retrograde
NorthNode,60.050851344,59.227853113,5642287099,5643245488,2541123.390625899658,2541134.483081398532,retrograde
NorthNode,59.311053770,59.023546824,5643646907,5644351823,2541139.129142245278,2541147.287887345068,retrograde
Uranus,295.779505723,291.818874727,5644467255,5657771390,2541148.623911417089,2541302.606949168257,retrograde
Jupiter,287.378755769,277.541070724,5644844979,5655392196,2541152.995714493096,2541275.069980151951,retrograde
NorthNode,59.111824945,58.972385023,5644853923,5645599390,2541153.099233219400,2541161.727326660417,retrograde
NorthNode,58.996291814,58.996291611,5646173017,5646183209,2541168.366522144526,2541168.484490471892,retrograde
Mercury,78.805697527,70.245458951,5646570634,5648633963,2541172.968568615615,2541196.849694028497,retrograde
NorthNode,59.016009933,58.902508788,5646720456,5647422776,2541174.702620339580,2541182.831324025057,retrograde
NorthNode,58.998094575,58.702560904,5647962335,5648696447,2541189.076219202019,2541197.572886517271,retrograde
NorthNode,58.774667736,58.082840093,5649078797,5649990939,2541201.998241961934,2541212.555440669879,retrograde
NorthNode,58.142134112,57.337284863,5650321755,5651218818,2541216.384327754378,2541226.767001235858,retrograde
NorthNode,57.357194655,55.911753405,5651423733,5652555765,2541229.138704892248,2541242.240921554156,retrograde
NorthNode,55.915428392,54.736058093,5652671401,5653745178,2541243.579304139130,2541256.007282057777,retrograde
NorthNode,54.736069843,52.984514613,5653761332,5655010536,2541256.194245282561,2541270.652619956993,retrograde
NorthNode,52.987345291,51.942905593,5655115536,5656099640,2541271.867896419950,2541283.257991246879,retrograde
NorthNode,51.958606278,50.705719369,5656285807,5657349540,2541285.412709445693,2541297.724429977126,retrograde
Mercury,201.241859908,186.157528919,5657062371,5658944330,2541294.400715604424,2541316.182645536959,retrograde
NorthNode,50.762664259,50.225044995,5657667115,5658456221,2541301.400067768991,2541310.533242095262,retrograde
Venus,227.704595134,212.138128763,5658772672,5662365969,2541314.195866094902,2541355.784950343892,retrograde
NorthNode,50.301846278,49.845525067,5658837000,5659696755,2541314.940403442830,2541324.891267045401,retrograde
NorthNode,49.938716238,49.843114686,5660211188,5660825748,2541330.845360883512,2541337.958320555277,retrograde
Neptune,128.217203301,125.409486693,5661270586,5674803264,2541343.106910861097,2541499.735123557039,retrograde
NorthNode,49.870761843,49.870758832,5661400480,5661424491,2541344.610308125615,2541344.888210157864,retrograde
NorthNode,49.906485691,49.768129121,5662054054,5662749186,2541352.174819818698,2541360.220333260484,retrograde
NorthNode,49.843401482,49.457713312,5663196760,5663979406,2541365.400585166179,2541374.458989406005,retrograde
NorthNode,49.562354950,48.829780996,5664412203,5665283989,2541379.468217538670,2541389.558335259557,retrograde
NorthNode,48.872438600,47.695933114,5665552278,5666563953,2541392.663525044918,2541404.372733609751,retrograde
Mercury,306.271215058,290.162900046,5666538347,5668302844,2541404.076364092529,2541424.498782530427,retrograde
NorthNode,47.714175935,46.377135898,5666763105,5667818737,2541406.677731950767,2541418.895691753365,retrograde
Saturn,193.453447446,186.654189132,5667573450,5679452514,2541416.056723922491,2541553.545889198780,retrograde
NorthNode,46.378249336,44.637886986,5667890248,5669103219,2541419.723367740400,2541433.762381609529,retrograde
NorthNode,44.638123530,43.315105291,5669148205,5670224476,2541434.283054152504,2541446.739893588237,retrograde
NorthNode,43.321741019,41.914565083,5670357083,5671442996,2541448.274696407840,2541460.843128839508,retrograde
NorthNode,41.957561452,41.233975999,5671721770,5672574650,2541464.069683670998,2541473.940980087034,retrograde
Pluto,251.598590740,248.835220437,5672014957,5685656494,2541467.463047192432,2541625.351213137619,retrograde
NorthNode,41.294355734,40.693010907,5672899488,5673789898,2541477.700680741109,2541488.006350814365,retrograde
NorthNode,40.799551796,40.624062536,5674281143,5674941753,2541493.692052458413,2541501.338000357151,retrograde
NorthNode,40.680062996,40.641692872,5675447880,5676094243,2541507.195960992016,2541514.677009255625,retrograde
NorthNode,40.641728184,40.595088372,5676148814,5676825655,2541515.308613962494,2541523.142421462573,retrograde
Uranus,299.937502511,295.983938419,5676391252,5689706361,2541518.114614109509,2541672.224673903547,retrograde
Mercury,59.193127821,50.042946123,5676431472,5678490969,2541518.580120652914,2541542.416899062693,retrograde
NorthNode,40.649690190,40.456290419,5677314594,5678002939,2541528.801441909745,2541536.768399164081,retrograde
NorthNode,40.563559336,40.028052785,5678499800,5679358085,2541542.519101968035,2541552.452957713045,retrograde
Jupiter,321.500861200,311.656757350,5679515157,5689913337,2541554.270922951400,2541674.620222210884,retrograde
NorthNode,40.083387445,39.345196872,5679677832,5680564732,2541556.153731080703,2541566.418781090528,retrograde
NorthNode,39.387187664,38.226642774,5680849745,5681883062,2541569.717547653243,2541581.677231344394,retrograde
NorthNode,38.234139221,36.914761101,5682024874,5683131635,2541583.318578342907,2541596.128301416524,retrograde
NorthNode,36.915296224,35.477926482,5683192749,5684359808,2541596.835641645826,2541610.343273657374,retrograde
NorthNode,35.478210619,34.071466232,5684406108,5685532771,2541610.879153246060,2541623.919230629690,retrograde
NorthNode,34.082011203,33.010902680,5685701629,5686699649,2541625.873602130450,2541637.424765206873,retrograde
NorthNode,33.038735017,32.146724235,5686930305,5687878592,2541640.094399187714,2541651.069942374714,retrograde
Mercury,184.461668971,170.118098363,5687113335,5689066559,2541642.212799184024,2541664.819560825825,retrograde
NorthNode,32.231245916,31.786105788,5688269488,5689055269,2541655.594196975231,2541664.688887462020,retrograde
NorthNode,31.860498825,31.601145029,5689461734,5690231733,2541669.393336780369,2541678.305371646769,retrograde
NorthNode,31.680465830,31.654549432,5690832565,5691398897,2541685.259443591349,2541691.814212034456,retrograde
NorthNode,31.654557763,31.626504682,5691432115,5692004437,2541692.198673228733,2541698.822776489891,retrograde
NorthNode,31.704452176,31.406483079,5692587755,5693388908,2541705.574134272523,2541714.846739652567,retrograde
Neptune,130.429738231,127.623165925,5693017111,5706552649,2541710.543538467027,2541867.204853775911,retrograde
NorthNode,31.486776311,31.036417676,5693798471,5694561590,2541719.587052559480,2541728.419456425123,retrograde
NorthNode,31.120148816,30.028252464,5694938399,5695937780,2541732.780669385567,2541744.347572857514,retrograde
NorthNode,30.054601944,28.950790976,5696157511,5697133132,2541746.890761109069,2541758.182675563730,retrograde
Mercury,290.350686452,274.071941069,5696684237,5698410783,2541752.987129516900,2541772.970301330090,retrograde
Mars,148.272954387,128.824683330,5697041895,5703978324,2541757.126688943245,2541837.409430793487,retrograde
NorthNode,28.958618058,27.215871984,5697280158,5698478584,2541759.884364214726,2541773.755030093715,retrograde
NorthNode,27.215894959,25.794556586,5698498060,5699618460,2541773.980451754294,2541786.948043374345,retrograde
NorthNode,25.796854101,24.289086856,5699715137,5700830886,2541788.066988037899,2541800.980744956061,retrograde
Saturn,205.919317834,199.156067722,5700193105,5712137285,2541793.599020875990,2541931.841852687299,retrograde
NorthNode,24.305747952,23.297556415,5701015001,5701964930,2541803.111711932346,2541814.106258624233,retrograde
NorthNode,23.362668228,22.666085437,5702298587,5703178102,2541817.968025704846,2541828.147599434480,retrograde
NorthNode,22.738825978,22.383611723,5703547443,5704321132,2541832.422386298887,2541841.377109461464,retrograde
Pluto,254.038246043,251.283291510,5703776453,5717442669,2541835.072954786010,2541993.246752941050,retrograde
NorthNode,22.488502991,22.386965273,5704875894,5705542403,2541847.797969150357,2541855.512198115699,retrograde
NorthNode,22.404561809,22.404554597,5706045775,5706078369,2541861.338254613802,2541861.715504772961,retrograde
Mercury,40.341914625,29.918713657,5706340614,5708390500,2541864.750750847161,2541888.476283513010,retrograde
NorthNode,22.435471210,22.275408722,5706679823,5707441707,2541868.676784244366,2541877.494880549610,retrograde
NorthNode,22.356123036,22.067554083,5707913561,5708616277,2541882.956155638210,2541891.089437628165,retrograde
Uranus,304.071522442,300.123208175,5708310802,5721627296,2541887.553848032840,2542041.679942286573,retrograde
NorthNode,22.155901444,21.338214046,5709032088,5709994840,2541895.902066295035,2541907.045033547096,retrograde
Venus,88.454362803,71.944341780,5709345746,5713060347,2541899.532374864444,2541942.525433080271,retrograde
NorthNode,21.381671740,20.588579926,5710277200,5711159953,2541910.313082336448,2541920.530139407143,retrograde
NorthNode,20.609750405,19.078157456,5711374863,5712535927,2541923.017521618865,2541936.455762564205,retrograde
NorthNode,19.080071219,17.903447910,5712625384,5713708789,2541937.491142493673,2541950.030549431220,retrograde
NorthNode,17.903449270,16.228331947,5713716967,5714961554,2541950.125206661411,2541964.530152131803,retrograde
Jupiter,357.540993048,347.652442587,5714334138,5724575708,2541957.268388889730,2542075.805074140429,retrograde
NorthNode,16.231519094,15.173581133,5715067953,5716056463,2541965.761615881696,2541977.202709957026,retrograde
NorthNode,15.195450285,14.101679115,5716274778,5717300409,2541979.729504040442,2541991.600232889876,retrograde
Mercury,167.095207208,153.760572734,5717139857,5719158729,2541989.741985395551,2542013.108558043838,retrograde
NorthNode,14.149025084,13.585233486,5717593551,5718411280,2541994.993080914021,2542004.457534494810,retrograde
NorthNode,13.680157972,13.311736480,5718843780,5719652604,2542009.463316638954,2542018.824701714329,retrograde
NorthNode,13.383936430,13.277985505,5720118004,5720773333,2542024.211278007366,2542031.796107654460,retrograde
NorthNode,13.306431722,13.306392352,5721358636,5721416170,2542038.570444046520,2542039.236346608028,retrograde
NorthNode,13.339840048,13.234926517,5722017854,5722645721,2542046.200289214961,2542053.467260618694,retrograde
NorthNode,13.320202436,12.856179368,5723132691,5723990303,2542059.103493340313,2542069.029559848830,retrograde
NorthNode,12.941516175,12.364916331,5724385893,5725182710,2542073.608143415302,2542082.830564087257,retrograde
Neptune,132.641367402,129.836472477,5724771524,5738304675,2542078.071461603977,2542234.705155775882,retrograde
NorthNode,12.416961002,11.047044412,5725480433,5726559654,2542086.276435830630,2542098.767420525663,retrograde
NorthNode,11.062535235,9.935989891,5726743024,5727732219,2542100.889754860662,2542112.338773509488,retrograde
Mercury,274.524333661,258.214291296,5726826705,5728534653,2542101.858281850815,2542121.626198485494,retrograde
NorthNode,9.937680172,7.955953523,5727816929,5729083046,2542113.319208959118,2542127.973345791921,retrograde
NorthNode,7.956111676,6.748074492,5729121026,5730155008,2542128.412926649675,2542140.380303965881,retrograde
NorthNode,6.755376269,5.201825231,5730295361,5731418339,2542142.004767894745,2542155.002198183909,retrograde
NorthNode,5.237684645,4.524419562,5731670213,5732508589,2542157.917401835322,2542167.620829164982,retrograde
Saturn,218.090270902,211.362052266,5732787053,5744797649,2542170.843787208200,2542309.855325378478,retrograde
NorthNode,4.599986371,3.979191791,5732868237,5733763695,2542171.783427057788,2542182.147524513304,retrograde
NorthNode,4.068586693,3.886808529,5734208502,5734874788,2542187.295747454278,2542195.007394131273,retrograde
NorthNode,3.955430351,3.929759538,5735445872,5735986149,2542201.617160030641,2542207.870363971218,retrograde
Pluto,256.449559530,253.703120977,5735541301,5749218532,2542202.721666726284,2542361.022944333963,retrograde
NorthNode,3.930333994,3.884187019,5736122414,5736736920,2542209.447513225488,2542216.559848056175,retrograde
Mercury,22.307231569,10.341578773,5736317618,5738340706,2542211.706814661622,2542235.122187651694,retrograde
NorthNode,3.946174526,3.668574232,5737240404,5738022187,2542222.387211182155,2542231.435623032972,retrograde
NorthNode,3.769462564,3.307715857,5738486655,5739265125,2542236.811404233798,2542245.821477349848,retrograde
NorthNode,3.367864847,2.371701858,5739594185,5740592843,2542249.630039446987,2542261.188581250608,retrograde
Uranus,308.180559406,304.236380212,5740229955,5753555479,2542256.988489269279,2542411.219088952057,retrograde
NorthNode,2.403809315,1.429986378,5740844323,5741793314,2542264.099237193353,2542275.082926814444,retrograde
NorthNode,1.437102578,359.778809245,5741934198,5743153996,2542276.713526398875,2542290.831556888297,retrograde
NorthNode,359.778928296,358.600100309,5743190156,5744269954,2542291.250072941184,2542303.747736825608,retrograde
NorthNode,358.600615692,356.973255358,5744327587,5745527539,2542304.414791670628,2542318.303119341843,retrograde
NorthNode,356.985959713,356.120249002,5745705252,5746616292,2542320.359989922494,2542330.904432777315,retrograde
NorthNode,356.153817813,355.207275861,5746870028,5747868667,2542333.841191763058,2542345.399508255534,retrograde
Mercury,148.994602873,136.923808377,5747138892,5749205804,2542336.953037977219,2542360.875635355711,retrograde
NorthNode,355.283067549,354.920052683,5748245672,5748977620,2542349.762995454483,2542358.234612249769,retrograde
Jupiter,34.523249282,24.555242568,5749165753,5759325942,2542360.412085287273,2542478.006862930954,retrograde
NorthNode,355.004420626,354.758310225,5749423227,5750219605,2542363.392097177915,2542372.609441573732,retrograde
NorthNode,354.816871477,354.798825121,5750778454,5751280813,2542379.077604264021,2542384.891943950206,retrograde
NorthNode,354.798887205,354.757483601,5751346688,5751987634,2542385.654381657019,2542393.072736240923,retrograde
NorthNode,354.841585259,354.600228578,5752578404,5753307075,2542399.910358139314,2542408.344047991559,retrograde
NorthNode,354.676874827,354.115479588,5753712209,5754562292,2542413.033096620813,2542422.872018146329,retrograde
NorthNode,354.196147175,353.361583355,5754937078,5755836600,2542427.209826544859,2542437.620960302651,retrograde
NorthNode,353.389082814,351.997254064,5756061790,5757142901,2542440.227327619679,2542452.740180645138,retrograde
Neptune,134.853490512,132.050593474,5756515037,5770047831,2542445.473231482320,2542602.102796700783,retrograde
Mercury,258.723505422,242.485757548,5756960099,5758671430,2542450.624416746199,2542470.431494973600,retrograde
NorthNode,352.004526771,350.668493743,5757286737,5758370662,2542454.404949909076,2542466.950378828682,retrograde
NorthNode,350.668552236,348.845727277,5758397379,5759625928,2542467.259608155116,2542481.478915656917,retrograde
NorthNode,348.848076738,347.658977211,5759722867,5760734298,2542482.600903167389,2542494.307276733220,retrograde
Venus,303.458504737,288.004936821,5759918541,5763456802,2542484.865640608594,2542525.817737633362,retrograde
NorthNode,347.674482404,346.371883921,5760913883,5761965395,2542496.385801937431,2542508.556086464785,retrograde
NorthNode,346.436268327,345.866506089,5762293712,5763090240,2542512.356054329313,2542521.575120720081,retrograde
Mars,181.542108409,162.186726706,5763102664,5770096686,2542521.718921312131,2542602.668244563974,retrograde
NorthNode,345.943489974,345.499262177,5763465625,5764313645,2542525.919857216068,2542535.734903100878,retrograde
NorthNode,345.598079059,345.514185613,5764851364,5765461736,2542541.958502069116,2542549.022995702922,retrograde
Saturn,229.999637569,223.303919074,5765361294,5777438539,2542547.860469922423,2542687.643394611776,retrograde
NorthNode,345.532267478,345.532176992,5765951031,5766025940,2542554.686127254739,2542555.553127835505,retrograde
Mercury,4.973189478,351.559674897,5766356878,5768334383,2542559.383438199759,2542582.271221235394,retrograde
NorthNode,345.576552309,345.413057677,5766669414,5767395135,2542563.000752072781,2542571.400292051956,retrograde
Pluto,258.831141015,256.094218217,5767297305,5780999482,2542570.268001225777,2542728.858016836457,retrograde
NorthNode,345.486781501,345.126473849,5767833499,5768594033,2542576.473956375383,2542585.276436069049,retrograde
NorthNode,345.226254882,344.469731912,5769024749,5769927939,2542590.261568176560,2542600.715161536820,retrograde
NorthNode,344.508341050,343.497854793,5770191229,5771165741,2542603.762492216192,2542615.041574293748,retrograde
NorthNode,343.516716425,342.196892424,5771373016,5772453433,2542617.440589536913,2542629.945417369716,retrograde
Uranus,312.265102264,308.324147515,5772143287,5785472375,2542626.355760158040,2542780.627610976808,retrograde
NorthNode,342.198252479,340.717725513,5772532063,5773713335,2542630.855486156419,2542644.527610895224,retrograde
NorthNode,340.717762085,339.377368236,5773738172,5774866778,2542644.815072415397,2542657.877641854808,retrograde
NorthNode,339.381098773,338.092954372,5774977772,5776055329,2542659.162299698219,2542671.634024392813,retrograde
NorthNode,338.122919315,337.308376332,5776304314,5777212335,2542674.515795120038,2542685.025298452936,retrograde
Mercury,130.091956971,119.427593666,5777103160,5779192578,2542683.761702559888,2542707.944780312479,retrograde
NorthNode,337.354630240,336.698895526,5777503721,5778403040,2542688.397821471095,2542698.806606560946,retrograde
NorthNode,336.800423020,336.543604254,5778863579,5779574229,2542704.136917572469,2542712.362029326148,retrograde
NorthNode,336.609605515,336.500765320,5780036653,5780756933,2542717.714166897349,2542726.050742211752,retrograde
NorthNode,336.515657015,336.513931538,5781206831,5781414361,2542731.257888449356,2542733.659853950143,retrograde
NorthNode,336.546637498,336.435559416,5781946230,5782580460,2542739.815749946050,2542747.156371066347,retrograde
NorthNode,336.537860533,336.087540128,5783112200,5783958159,2542753.310771600343,2542763.101964481175,retrograde
Jupiter,70.943095367,60.902672040,5783879178,5794049873,2542762.187827274203,2542879.904209449887,retrograde
NorthNode,336.155475776,335.548341734,5784314537,5785138492,2542767.226711701602,2542776.763225740753,retrograde
NorthNode,335.607677585,334.398513878,5785461625,5786496398,2542780.503194498830,2542792.479733244516,retrograde
NorthNode,334.411820861,333.157766891,5786667290,5787710648,2542794.457646584138,2542806.533551651053,retrograde
Mercury,242.888521476,226.815264343,5787079917,5788816986,2542799.233422391117,2542819.338385500014,retrograde
NorthNode,333.159744587,331.482446432,5787803172,5789002719,2542807.604430258274,2542821.488076122478,retrograde
Neptune,137.066146428,134.265291618,5788259823,5801802247,2542812.889740145765,2542969.630754687823,retrograde
NorthNode,331.482526430,330.042164933,5789032293,5790142391,2542821.830372556113,2542834.678720625117,retrograde
NorthNode,330.050497107,328.758224331,5790293459,5791339346,2542836.427200810052,2542848.532374229282,retrograde
NorthNode,328.786920131,327.875505225,5791566042,5792489922,2542851.156164621934,2542861.849217948504,retrograde
NorthNode,327.964695166,327.453845806,5792877864,5793692316,2542866.339287837036,2542875.765815488994,retrograde
NorthNode,327.532822884,327.287922447,5794102292,5794846114,2542880.510916224681,2542889.119963019155,retrograde
NorthNode,327.367501923,327.347912261,5795456059,5795945848,2542896.179507290013,2542901.848362271674,retrograde
NorthNode,327.348299563,327.309777598,5796063853,5796643363,2542903.214165920392,2542909.921457708813,retrograde
Mercury,348.172369142,333.596902404,5796443734,5798361708,2542907.610930480063,2542929.809712544084,retrograde
NorthNode,327.389313841,327.059870713,5797203451,5798022127,2542916.403955114074,2542925.879366246052,retrograde
Saturn,241.689398428,235.023067958,5797924596,5810055891,2542924.750541843474,2543065.159046657383,retrograde
NorthNode,327.142646049,326.695669653,5798434315,5799191839,2542930.650067861192,2542939.417704395019,retrograde
Pluto,261.183226768,258.456552823,5799058244,5812771903,2542937.871471778490,2543096.594369090162,retrograde
NorthNode,326.770540127,325.659973536,5799552772,5800574276,2542943.595172388479,2542955.418130130507,retrograde
NorthNode,325.684756506,324.688601355,5800793794,5801748127,2542957.958849743009,2542969.004373313859,retrograde
NorthNode,324.695843258,322.987927252,5801893171,5803112297,2542970.683116189204,2542984.793378405273,retrograde
NorthNode,322.987969360,321.750597580,5803136840,5804231585,2542985.077433144674,2542997.748096447438,retrograde
Uranus,316.326325385,312.388305536,5804059296,5817392940,2542995.754007375799,2543150.078599131666,retrograde
NorthNode,321.751852445,320.230207812,5804311807,5805470714,2542998.676592707634,2543012.089869368821,retrograde
NorthNode,320.242698992,319.325029283,5805642073,5806578956,2543014.073192121461,2543024.916741354391,retrograde
NorthNode,319.372764298,318.580028105,5806878734,5807814263,2543028.386395391077,2543039.214281930588,retrograde
Mercury,110.450845215,101.069294039,5807022375,5809110643,2543030.048910275102,2543054.218672193587,retrograde
NorthNode,318.644171747,318.260507015,5808164329,5808936086,2543043.265967839397,2543052.198339035735,retrograde
NorthNode,318.362861846,318.186494607,5809446673,5810172229,2543058.107913477346,2543066.505549523979,retrograde
Venus,155.246155570,138.865270955,5810073606,5813787636,2543065.364082871005,2543108.350540013984,retrograde
NorthNode,318.229093451,318.216396623,5810686108,5811117030,2543072.453221621923,2543077.440748549998,retrograde
NorthNode,318.217586588,318.147960182,5811298722,5812012651,2543079.543670115992,2543087.806735699996,retrograde
NorthNode,318.221361562,318.015303208,5812540593,5813212203,2543093.917173873633,2543101.690431858413,retrograde
NorthNode,318.104215613,317.437998728,5813652534,5814575097,2543106.786857197993,2543117.464674303308,retrograde
NorthNode,317.499452074,316.793399362,5814906158,5815748977,2543121.296393652447,2543131.051242730580,retrograde
NorthNode,316.825767882,315.305577371,5815996780,5817131988,2543133.919339060783,2543147.058319682255,retrograde
Mercury,226.942869038,211.138065184,5817182797,5818965721,2543147.646388687193,2543168.282081469893,retrograde
NorthNode,315.310964913,314.125781522,5817258588,5818299352,2543148.523591181263,2543160.569476731122,retrograde
NorthNode,314.125893647,312.228164761,5818333868,5819595617,2543160.968971338123,2543175.572542736307,retrograde
Jupiter,105.622256121,95.552902511,5818376460,5828644746,2543161.461924709380,2543280.307836271822,retrograde
NorthNode,312.230023961,311.091122558,5819682705,5820674304,2543176.580511431210,2543188.057345447131,retrograde
Neptune,139.279451953,136.479832839,5820008122,5833545805,2543180.346901617013,2543337.033055941574,retrograde
NorthNode,311.108290857,309.792376211,5820866489,5821932124,2543190.281706957147,2543202.615443747491,retrograde
NorthNode,309.843442438,309.241393115,5822225071,5823030612,2543206.006037916057,2543215.329431055114,retrograde
NorthNode,309.336403562,308.901312015,5823444399,5824281547,2543220.118631055579,2543229.807841449976,retrograde
NorthNode,308.983191132,308.881177093,5824761375,5825396255,2543235.361413114704,2543242.709554016590,retrograde
NorthNode,308.906612147,308.906433485,5825934292,5826027305,2543248.936838453636,2543250.013373035938,retrograde
Mercury,331.753822450,316.350027695,5826562718,5828415700,2543256.210286386311,2543277.656832635403,retrograde
NorthNode,308.949037028,308.821509791,5826645674,5827294445,2543257.170426679775,2543264.679349472746,retrograde
NorthNode,308.905621203,308.425977156,5827759748,5828609657,2543270.064796754159,2543279.901710599661,retrograde
NorthNode,308.515477739,307.894309318,5829010897,5829828341,2543284.545696160756,2543294.006849252619,retrograde
Mars,216.432039541,198.123988563,5829494549,5836303337,2543290.143513591029,2543368.948935209773,retrograde
NorthNode,307.939349802,306.610203660,5830108114,5831183048,2543297.244966700673,2543309.686329820193,retrograde
Saturn,253.207437400,246.565640485,5830479438,5842655313,2543301.542697884142,2543442.467173151672,retrograde
Pluto,263.506031244,260.790854961,5830803584,5844541810,2543305.294381934218,2543464.301631054841,retrograde
NorthNode,306.624759570,305.516605359,5831366193,5832366222,2543311.806055502966,2543323.380469844677,retrograde
NorthNode,305.517935984,303.670817050,5832444787,5833706543,2543324.289793257602,2543338.893451292068,retrograde
NorthNode,303.670963720,302.540564316,5833744761,5834782335,2543339.335785103962,2543351.344745325856,retrograde
NorthNode,302.546075734,301.067614653,5834911421,5836044208,2543352.838798255660,2543365.949752117507,retrograde
Uranus,320.366452304,316.431573414,5835968538,5849304196,2543365.073942416348,2543519.421832081862,retrograde
NorthNode,301.098487624,300.414247456,5836290343,5837134615,2543368.798535750248,2543378.570205177180,retrograde
Mercury,90.409469643,81.786383998,5836897708,5838970624,2543375.828221186996,2543399.820313006639,retrograde
NorthNode,300.472995786,299.803571894,5837462872,5838388270,2543382.369479840621,2543393.080096456222,retrograde
NorthNode,299.890638721,299.679685947,5838824097,5839499616,2543398.124398102053,2543405.942905638367,retrograde
NorthNode,299.754031625,299.672815404,5840021517,5840741116,2543411.983418990858,2543420.312110172585,retrograde
NorthNode,299.676160070,299.668995955,5841002197,5841349202,2543423.333881488070,2543427.350150983781,retrograde
NorthNode,299.707381054,299.546548082,5841868791,5842586601,2543433.363907627761,2543441.671894426458,retrograde
NorthNode,299.649534212,299.272615402,5843103911,5843871989,2543447.659278763458,2543456.549065353349,retrograde
NorthNode,299.339104714,298.559033452,5844227432,5845156833,2543460.662992865779,2543471.419947367162,retrograde
NorthNode,298.609609520,297.664992007,5845461137,5846396636,2543474.941986217164,2543485.769518661313,retrograde
NorthNode,297.678535165,296.130369901,5846571379,5847728665,2543487.792016066611,2543501.186527950689,retrograde
Mercury,210.781283926,195.383296914,5847266993,5849110775,2543495.843098945916,2543517.183164067566,retrograde
NorthNode,296.131647090,294.834847249,5847808531,5848904211,2543502.110902038403,2543514.792383173481,retrograde
NorthNode,294.834903486,293.088618061,5848930925,5850146286,2543515.101573996246,2543529.168249194510,retrograde
NorthNode,293.097230167,292.070378040,5850298663,5851247426,2543530.931870948523,2543541.912922672927,retrograde
NorthNode,292.098076519,290.997790978,5851473546,5852486744,2543544.530049313791,2543556.256887209602,retrograde
Neptune,141.492212191,138.693663686,5851753062,5865297672,2543547.765193250962,2543704.531509554945,retrograde
Jupiter,138.229785300,128.182212505,5852688493,5863094751,2543558.591945990920,2543679.034744568169,retrograde
NorthNode,291.079857127,290.646827185,5852860341,5853607892,2543560.580919429660,2543569.233131146990,retrograde
NorthNode,290.732695402,290.438736801,5854030349,5854836625,2543574.122676883824,2543583.454579515383,retrograde
NorthNode,290.510609753,290.489318702,5855412092,5855917199,2543590.115078140981,2543595.961225845851,retrograde
NorthNode,290.489419311,290.449637976,5855991582,5856599252,2543596.822139527649,2543603.855356797576,retrograde
Mercury,315.584880665,299.657575451,5856700159,5858492914,2543605.023262202740,2543625.772744275630,retrograde
NorthNode,290.540883313,290.256843281,5857195044,5857953875,2543610.751091341488,2543619.533857017756,retrograde
NorthNode,290.334906050,289.777752481,5858350221,5859177278,2543624.121205405332,2543633.693616850302,retrograde
NorthNode,289.859737999,288.921662357,5859550511,5860488257,2543638.013447426260,2543648.866988870315,retrograde
NorthNode,288.945883270,287.639942501,5860701702,5861758050,2543651.337413298897,2543663.563661799766,retrograde
Venus,17.574592024,1.362367817,5860870543,5864506328,2543653.291594864801,2543695.372442947701,retrograde
NorthNode,287.646375773,286.246017263,5861897425,5863017083,2543665.176800269634,2543678.135804206133,retrograde
Pluto,265.799950726,263.096787859,5862556379,5876307862,2543672.803580290638,2543831.964263892733,retrograde
Saturn,264.604087726,257.980978296,5863038243,5875237110,2543678.380709037185,2543819.571309722960,retrograde
NorthNode,286.246050710,284.621032344,5863039400,5864236598,2543678.394108462147,2543692.250559713691,retrograde
NorthNode,284.623356044,283.431822071,5864335458,5865374230,2543693.394775291905,2543705.417596294545,retrograde
NorthNode,283.445562592,282.282680520,5865549361,5866578672,2543707.444581948221,2543719.357905760407,retrograde
Mercury,70.484846794,61.775899937,5866753094,5868812640,2543721.376677535474,2543745.214014895260,retrograde
NorthNode,282.340133858,281.754938061,5866901780,5867726853,2543723.097576321103,2543732.647033898160,retrograde
Uranus,324.387938906,320.456351784,5867883804,5881218593,2543734.463598425500,2543888.801431660540,retrograde
NorthNode,281.820502042,281.374385372,5868082382,5868927840,2543736.761956889182,2543746.547343647107,retrograde
NorthNode,281.475357522,281.360356529,5869455693,5870093751,2543752.656760601327,2543760.041688614525,retrograde
NorthNode,281.395854876,281.391924013,5870621821,5870899926,2543766.153607200831,2543769.372412527911,retrograde
NorthNode,281.401776116,281.305758451,5871284541,5871997846,2543773.823976707645,2543782.079825797118,retrograde
NorthNode,281.369671782,281.131027706,5872467154,5873170381,2543787.511625595391,2543795.650831988081,retrograde
NorthNode,281.233787064,280.589920165,5873637028,5874531391,2543801.051834769547,2543811.403264539316,retrograde
NorthNode,280.638785369,279.841929290,5874829692,5875730215,2543814.855816288851,2543825.278543532826,retrograde
NorthNode,279.874202798,278.553460422,5875984694,5877059868,2543828.223901430145,2543840.668045446277,retrograde
NorthNode,278.557802650,277.202992214,5877175955,5878299357,2543842.011644563638,2543855.013975100592,retrograde
Mercury,194.278791234,179.479131515,5877331361,5879243827,2543843.810325123370,2543865.945344917476,retrograde
NorthNode,277.203043991,275.651731154,5878326983,5879509606,2543855.333724496886,2543869.021491044201,retrograde
NorthNode,275.653155125,274.306774805,5879587722,5880666192,2543869.925608771853,2543882.407897794619,retrograde
NorthNode,274.327571624,273.280830190,5880878398,5881850176,2543884.863991686143,2543896.111421545036,retrograde
NorthNode,273.322728208,272.571557030,5882118650,5883014882,2543899.218753281981,2543909.591808445752,retrograde
NorthNode,272.678038389,272.328627367,5883456295,5884208434,2543914.700756466947,2543923.406075962819,retrograde
Neptune,143.703556640,140.905144047,5883504181,5897050314,2543915.254998193122,2544072.038945010863,retrograde
NorthNode,272.403433154,272.262641741,5884655995,5885370171,2543928.586176348850,2543936.852106102742,retrograde
NorthNode,272.292750779,272.292620749,5885943932,5886027173,2543943.492857567035,2543944.456297056749,retrograde
NorthNode,272.323897285,272.216000922,5886582657,5887203018,2543950.885503099300,2543958.065605579875,retrograde
Mercury,299.593864159,283.386106675,5886845650,5888591075,2543953.929403260350,2543974.131080463529,retrograde
Jupiter,169.149862281,159.152726216,5886861660,5897402906,2543954.114705890417,2544076.119864545763,retrograde
NorthNode,272.320343460,271.821989119,5887727385,5888590980,2543964.134671079926,2543974.129988196306,retrograde
NorthNode,271.896008735,271.279265877,5888952571,5889761766,2543978.315066899173,2543987.680753144436,retrograde
NorthNode,271.336885526,270.000331481,5890074756,5891141480,2543991.303320181556,2544003.649659281597,retrograde
NorthNode,270.012551713,268.809727408,5891306873,5892330350,2544005.563927162439,2544017.409727674909,retrograde
NorthNode,268.811227839,267.045360658,5892414181,5893642672,2544018.379992784932,2544032.598642965779,retrograde
NorthNode,267.045539726,265.755750791,5893681869,5894753588,2544033.052307275124,2544045.456466503441,retrograde
Pluto,268.065531381,265.374787075,5894303464,5908066175,2544040.246698562987,2544199.537338842638,retrograde
NorthNode,265.764041351,264.452947008,5894905739,5895979538,2544047.217469769530,2544059.645707701333,retrograde
Saturn,275.931527871,269.319940548,5895588281,5907801457,2544055.117261759937,2544196.473473235965,retrograde
NorthNode,264.481318378,263.687249947,5896210852,5897103574,2544062.322942299768,2544072.655378745869,retrograde
Mercury,51.161152149,41.527283342,5896630289,5898685844,2544067.177544414997,2544090.968693576753,retrograde
Mars,259.282363875,243.965739539,5896861817,5903103677,2544069.857262945734,2544142.101011085324,retrograde
NorthNode,263.765892722,263.231947100,5897480003,5898329227,2544077.012201150879,2544086.841181791387,retrograde
NorthNode,263.306179937,263.070993812,5898735477,5899461519,2544091.543139968067,2544099.946409893222,retrograde
Uranus,328.394012408,324.466223051,5899790421,5913123890,2544103.753144056536,2544258.075703396462,retrograde
NorthNode,263.154300881,263.109860751,5900049294,5900686862,2544106.749354976229,2544114.128615046851,retrograde
NorthNode,263.110264788,263.096857943,5900812497,5901259615,2544115.582728780806,2544120.757703484036,retrograde
NorthNode,263.151149577,262.923472713,5901821308,5902610350,2544127.258785600774,2544136.391208288260,retrograde
NorthNode,263.007025984,262.665410848,5903063588,5903789760,2544141.637020387687,2544150.041787093505,retrograde
NorthNode,262.742430050,261.817325873,5904171965,5905163340,2544154.465464458801,2544165.939705445431,retrograde
NorthNode,261.853603936,261.006948060,5905425393,5906329487,2544168.972733019851,2544179.436779835261,retrograde
NorthNode,261.021046458,259.364014961,5906513195,5907707903,2544181.563028804027,2544195.390672320500,retrograde
Mercury,177.263967764,163.313364883,5907373323,5909354536,2544191.518213272095,2544214.448920853436,retrograde
NorthNode,259.364754296,258.174344727,5907772634,5908849154,2544196.139873921871,2544208.599588502198,retrograde
NorthNode,258.174451752,256.440942246,5908883752,5910107395,2544209.000030469149,2544223.162564743310,retrograde
NorthNode,256.448085097,255.452070880,5910247007,5911195402,2544224.778440084308,2544235.755233826116,retrograde
Venus,225.345819791,209.743606680,5911018957,5914616253,2544233.713053425774,2544275.348424768075,retrograde
NorthNode,255.485937238,254.449316910,5911448859,5912446872,2544238.688766210340,2544250.239849070087,retrograde
NorthNode,254.513352429,254.052124308,5912780098,5913553795,2544254.096630830318,2544263.051455118693,retrograde
NorthNode,254.157500628,253.888112403,5914025666,5914800578,2544268.512928701937,2544277.481810919940,retrograde
Neptune,145.912220264,143.113660634,5915248769,5928805884,2544282.669211993925,2544439.580261711963,retrograde
NorthNode,253.948783529,253.915190671,5915311569,5915901445,2544283.396061555482,2544290.223324268125,retrograde
NorthNode,253.915227482,253.871204039,5915954849,5916607449,2544290.841426973231,2544298.394673042931,retrograde
Mercury,283.717616517,267.409979101,5916990878,5918706854,2544302.832508228719,2544322.693336077034,retrograde
NorthNode,253.950230276,253.736291410,5917167942,5917845059,2544304.881857567467,2544312.718863226473,retrograde
NorthNode,253.827107085,253.145249814,5918278323,5919188557,2544317.733487469144,2544328.268613061868,retrograde
NorthNode,253.216114024,252.448158251,5919533227,5920385146,2544332.257841320708,2544342.118013177998,retrograde
NorthNode,252.479205911,250.890093951,5920622630,5921761277,2544344.866674102843,2544358.045455588959,retrograde
Jupiter,199.132210497,189.193151415,5920996313,5931634629,2544349.191712848842,2544472.320368215442,retrograde
NorthNode,250.895182927,249.673233290,5921885380,5922932547,2544359.481836655177,2544371.601827439852,retrograde
NorthNode,249.673285391,247.762761632,5922958867,5924222632,2544371.906460061669,2544386.533368520439,retrograde
NorthNode,247.765374099,246.681973845,5924321692,5925298644,2544387.679889064282,2544398.987210594118,retrograde
NorthNode,246.699281847,245.423963791,5925491475,5926560142,2544401.219042033888,2544413.587881523184,retrograde
Pluto,270.302253109,267.624225084,5926049842,5939832621,2544407.681627902202,2544567.204533503391,retrograde
Mercury,32.676607111,21.608201979,5926566789,5928609396,2544413.664812572300,2544437.306092984974,retrograde
NorthNode,245.477373526,244.935118439,5926866305,5927655940,2544417.131433996372,2544426.270727496594,retrograde
NorthNode,245.018466525,244.587182814,5928054993,5928908235,2544430.889389615506,2544440.764882821590,retrograde
Saturn,287.243739348,280.635735428,5928145225,5940368585,2544431.933741666377,2544573.407821409404,retrograde
NorthNode,244.669115924,244.569585403,5929398386,5930022379,2544446.437929618172,2544453.660068978556,retrograde
NorthNode,244.602620528,244.602571977,5930627000,5930689813,2544460.657990731299,2544461.384997078218,retrograde
NorthNode,244.628590952,244.530706650,5931268648,5931921661,2544468.084475699812,2544475.642500011250,retrograde
Uranus,332.387451937,328.463430749,5931705936,5945033921,2544473.145680245943,2544627.404765761457,retrograde
NorthNode,244.600166195,244.252862707,5932388479,5933190241,2544481.045479485765,2544490.325136184692,retrograde
NorthNode,244.347430521,243.812041250,5933629573,5934443136,2544495.409996197559,2544504.826235111803,retrograde
NorthNode,243.860375941,242.796124814,5934740821,5935757315,2544508.271668540314,2544520.036634961143,retrograde
NorthNode,242.820322164,241.783771846,5935984721,5936967568,2544522.668654031120,2544534.044200389646,retrograde
NorthNode,241.787541935,240.094905984,5937080105,5938317437,2544535.346708930098,2544549.667679061182,retrograde
Mercury,159.591939114,146.765481104,5937388759,5939429810,2544538.919090792537,2544562.542363479733,retrograde
NorthNode,240.094913424,238.903468267,5938331801,5939415330,2544549.833926744759,2544562.374781246297,retrograde
NorthNode,238.905195423,237.310677729,5939501133,5940666232,2544563.367861767299,2544576.852811154909,retrograde
NorthNode,237.331485363,236.514426457,5940877680,5941763275,2544579.300129073672,2544589.550066324882,retrograde
NorthNode,236.559207911,235.704865856,5942045447,5943008538,2544592.815951133147,2544603.962834051810,retrograde
NorthNode,235.797606073,235.505906640,5943426810,5944127631,2544608.803941699676,2544616.915295510553,retrograde
NorthNode,235.589071667,235.434208164,5944603934,5945360317,2544622.428058604710,2544631.182502144016,retrograde
NorthNode,235.460140881,235.460135675,5945927794,5945956498,2544637.750521547161,2544638.082743686624,retrograde
NorthNode,235.484852243,235.364319405,5946501176,5947175118,2544644.386885338463,2544652.187134767883,retrograde
Neptune,148.117474676,145.318333854,5947000497,5960560171,2544650.166055797599,2544807.106727105565,retrograde
Mercury,267.903127201,251.617040603,5947129620,5948836925,2544651.660535305738,2544671.421018697321,retrograde
NorthNode,235.476243563,235.074311323,5947720050,5948505071,2544658.494224985130,2544667.580116538331,retrograde
NorthNode,235.146656078,234.394735960,5948865015,5949757282,2544671.746127107181,2544682.073290670291,retrograde
NorthNode,234.454485190,233.375015672,5950075461,5951039675,2544685.755927184597,2544696.915808893740,retrograde
NorthNode,233.388791934,231.852229715,5951211116,5952342251,2544698.900072591379,2544711.991912744008,retrograde
NorthNode,231.853481335,230.418210423,5952420975,5953543562,2544712.903077857569,2544725.895985553972,retrograde
NorthNode,230.418321865,228.745467074,5953576642,5954759051,2544726.278847521171,2544739.964140617289,retrograde
NorthNode,228.755839857,227.699797798,5954922462,5955885191,2544741.855476326309,2544752.998169284314,retrograde
Jupiter,229.060283723,219.169621880,5955173434,5965847251,2544744.760244496167,2544868.299784623086,retrograde
NorthNode,227.728614744,226.724210711,5956114999,5957101786,2544755.657986553386,2544767.079131855629,retrograde
Mercury,14.969009943,2.363541166,5956571922,5958578720,2544760.946439594030,2544784.173275552690,retrograde
NorthNode,226.809310282,226.392437833,5957489307,5958244497,2544771.564325725660,2544780.304951831698,retrograde
Pluto,272.510476577,269.844950470,5957798483,5971586308,2544775.142755848356,2544934.724056576379,retrograde
NorthNode,226.470360204,226.202530527,5958659235,5959452813,2544785.105161543004,2544794.290092501789,retrograde
NorthNode,226.274800047,226.251221243,5960041659,5960592786,2544801.105441061780,2544807.484219399281,retrograde
NorthNode,226.251237800,226.224578527,5960634982,5961208640,2544807.972601166926,2544814.612162105739,retrograde
Saturn,298.593709058,291.981868144,5960717424,5972928426,2544808.926794834435,2544950.257830351591,retrograde
Venus,86.305345373,69.791700952,5961608306,5965320024,2544819.237921172753,2544862.197619067505,retrograde
NorthNode,226.301065379,226.054098595,5961809111,5962578523,2544821.562061737292,2544830.467287999578,retrograde
NorthNode,226.126268689,225.700914684,5962985871,5963766677,2544835.181967185810,2544844.219067551196,retrograde
Uranus,336.371195949,332.450846088,5963611403,5976935933,2544842.421915228479,2544996.641015619971,retrograde
NorthNode,225.784769223,224.934690543,5964162159,5965106975,2544848.796403265558,2544859.731774655171,retrograde
NorthNode,224.963231472,223.921777648,5965341653,5966330905,2544862.447960413992,2544873.897630876862,retrograde
Mars,323.011942591,312.823621505,5966282818,5971526208,2544873.341073966585,2544934.028453440405,retrograde
NorthNode,223.933758867,222.556432418,5966508341,5967629860,2544875.951287641190,2544888.931835199706,retrograde
Mercury,141.145553954,129.670436527,5967372280,5969453824,2544885.950589694083,2544910.042534418404,retrograde
NorthNode,222.556836261,221.111182754,5967682141,5968848248,2544889.536940493621,2544903.033553007059,retrograde
NorthNode,221.111521440,219.773330389,5968900568,5970016660,2544903.639100185595,2544916.556835327297,retrograde
NorthNode,219.780241374,218.575250550,5970153881,5971191083,2544918.145048158243,2544930.149695334956,retrograde
NorthNode,218.616017445,217.849038917,5971470093,5972363175,2544933.378980703652,2544943.715577315539,retrograde
NorthNode,217.905494800,217.342832559,5972681519,5973540856,2544947.400109055452,2544957.346140777692,retrograde
NorthNode,217.454374465,217.255133742,5974037247,5974726919,2544963.091412055306,2544971.073721206747,retrograde
NorthNode,217.311292977,217.267244266,5975218969,5975884739,2544976.768744975328,2544984.474418551661,retrograde
NorthNode,217.267251305,217.220154308,5975915855,5976597360,2544984.834560342133,2544992.722349665128,retrograde
NorthNode,217.281013454,217.087529632,5977101040,5977767639,2544998.551973124966,2545006.267244986258,retrograde
Mercury,252.098307955,235.923715808,5977257311,5978977632,2545000.360668577254,2545020.271788120270,retrograde
NorthNode,217.197878641,216.533978528,5978250802,5979151701,2545011.859405633993,2545022.286480278708,retrograde
Neptune,150.318886035,147.519313112,5978746052,5992312945,2545017.591465213336,2545174.615690386854,retrograde
NorthNode,216.593355338,215.822503901,5979468588,5980332306,2545025.954148494639,2545035.950885797851,retrograde
NorthNode,215.861192662,214.362758360,5980596822,5981697557,2545039.012411730364,2545051.752409170382,retrograde
NorthNode,214.367826040,213.023705094,5981817737,5982908699,2545053.143379050307,2545065.770245641470,retrograde
NorthNode,213.023760560,211.270178212,5982936340,5984151463,2545066.090165967122,2545080.154088170268,retrograde
NorthNode,211.272036788,209.992333104,5984236639,5985276803,2545081.139927377924,2545093.178858072497,retrograde
NorthNode,210.014849213,208.896868014,5985493001,5986490360,2545095.681157539599,2545107.224660214037,retrograde
Mercury,357.883782530,343.932486467,5986634252,5988586583,2545108.890079818666,2545131.486498482525,retrograde
NorthNode,208.942635426,208.276789234,5986769718,5987628748,2545110.457973097451,2545120.400443652645,retrograde
NorthNode,208.381756366,208.033796098,5988073807,5988846496,2545125.551591350697,2545134.494755743071,retrograde
NorthNode,208.105154050,207.988431321,5989301107,5989987269,2545139.756451155990,2545147.698142795824,retrograde
Jupiter,259.820557663,249.966590807,5989473765,6000112303,2545141.754806838930,2545264.886043667793,retrograde
Pluto,274.689348821,272.036272849,5989539196,6003346888,2545142.512120124884,2545302.323359898292,retrograde
NorthNode,208.015178096,208.015071894,5990557648,5990638097,2545154.299751667306,2545155.230872511864,retrograde
NorthNode,208.046587962,207.948588552,5991216010,5991832945,2545161.919683283195,2545169.060134852305,retrograde
NorthNode,208.038255358,207.598360792,5992344038,5993204339,2545174.975565678440,2545184.932751300745,retrograde
Saturn,310.033351298,303.409601674,5993301306,6005485928,2545186.055055245757,2545327.080769836903,retrograde
NorthNode,207.672584549,207.152112660,5993584656,5994371984,2545189.334566332400,2545198.447156545706,retrograde
NorthNode,207.208037510,206.014180525,5994691596,5995751600,2545202.146379020065,2545214.414941926487,retrograde
Uranus,340.347404603,336.430343976,5995527328,6008842297,2545211.819197754376,2545365.927631645463,retrograde
NorthNode,206.030274279,205.010793537,5995941160,5996919184,2545216.608917239122,2545227.928641171195,retrograde
NorthNode,205.014147136,203.307007423,5997031065,5998279912,2545229.223566087894,2545243.677809040062,retrograde
Mercury,121.906859896,111.826538302,5997318297,5999411115,2545232.548004522920,2545256.770434193313,retrograde
NorthNode,203.307010906,202.120880706,5998290719,5999370205,2545243.802885607816,2545256.296936951578,retrograde
NorthNode,202.123764532,200.662085396,5999476584,6000617854,2545257.528180705383,2545270.737325017340,retrograde
NorthNode,200.680735392,199.844171485,6000817357,6001719324,2545273.046389630064,2545283.485821307637,retrograde
NorthNode,199.901481921,199.178462770,6002042309,6002962323,2545287.224069634452,2545297.872382421046,retrograde
NorthNode,199.251883159,198.937866289,6003342442,6004078867,2545302.271911596879,2545310.795347548090,retrograde
NorthNode,199.037284598,198.916407823,6004614719,6005321478,2545316.997339583002,2545325.177410437725,retrograde
NorthNode,198.962880909,198.813690453,6006441360,6007188530,2545338.139014402404,2545346.786807970144,retrograde
Mercury,236.224691227,220.250088599,6007370484,6009124700,2545348.892764657736,2545369.196192510426,retrograde
NorthNode,198.906175377,198.599231738,6007689909,6008400022,2545352.589815465733,2545360.808705991134,retrograde
NorthNode,198.684272187,197.794082355,6008795800,6009761913,2545365.389474395663,2545376.571338137612,retrograde
NorthNode,197.843853451,196.969857560,6010054031,6010943198,2545379.952338522300,2545390.243614003062,retrograde
Neptune,152.516321146,149.716329627,6010497215,6024069057,2545385.081780939363,2545542.163284844719,retrograde
NorthNode,196.987881547,195.207102748,6011136972,6012328402,2545392.486371451057,2545406.276069564745,retrograde
Venus,300.979189843,285.551359726,6012168240,6015705070,2545404.422351004556,2545445.357873274013,retrograde
NorthNode,195.208262801,193.951668739,6012402726,6013471343,2545407.136309976690,2545419.504561174661,retrograde
NorthNode,193.951736625,192.056120551,6013500115,6014737939,2545419.837570370175,2545434.164235600270,retrograde
NorthNode,192.064571448,191.065635586,6014884783,6015817039,2545435.863816426136,2545446.653820547275,retrograde
NorthNode,191.100319523,190.016033157,6016067425,6017076749,2545449.551803458482,2545461.233788113110,retrograde
Mercury,341.251458228,326.279494123,6016736688,6018626051,2545457.297903254628,2545479.165526919067,retrograde
NorthNode,190.088234133,189.668154096,6017428594,6018178232,2545465.306073327549,2545473.982437953353,retrograde
NorthNode,189.767090910,189.508509866,6018642658,6019429278,2545479.357740089297,2545488.462139981799,retrograde
NorthNode,189.566158877,189.545008476,6019963558,6020487176,2545494.645933747292,2545500.706331819296,retrograde
NorthNode,189.545054282,189.497206304,6020546058,6021218243,2545501.387828755192,2545509.167749537155,retrograde
Pluto,276.838443801,274.197398689,6021284705,6035100143,2545509.936981932260,2545669.837893354706,retrograde
NorthNode,189.579135587,189.359682129,6021791954,6022488439,2545515.807929147035,2545523.869099190459,retrograde
NorthNode,189.439521136,188.847045613,6022906937,6023792347,2545528.712814994156,2545538.960623364896,retrograde
Jupiter,292.196134579,282.358728860,6023969195,6034498254,2545541.007475666702,2545662.871576748788,retrograde
NorthNode,188.919289004,188.198206853,6024153873,6025014881,2545543.144954034127,2545553.110319310799,retrograde
NorthNode,188.227726032,186.866802811,6025253564,6026358673,2545555.872858228162,2545568.663471844979,retrograde
Saturn,321.613027388,314.969799846,6025903606,6038048570,2545563.396486528218,2545703.963200725615,retrograde
NorthNode,186.874233002,185.736878828,6026505694,6027544549,2545570.365100102499,2545582.388889334165,retrograde
Mercury,102.054130526,93.079286703,6027220224,6029300173,2545578.635126866400,2545602.708606451750,retrograde
Uranus,344.318522316,340.404196046,6027432663,6040742559,2545581.093903328292,2545735.143632492982,retrograde
NorthNode,185.737136792,183.991392237,6027590157,6028845998,2545582.916760461405,2545597.451951467432,retrograde
NorthNode,183.992231155,182.911549412,6028915671,6029929197,2545598.258355248719,2545609.988973176107,retrograde
NorthNode,182.920438182,181.579730648,6030082380,6031184379,2545611.761925483122,2545624.516547382809,retrograde
NorthNode,181.620310023,181.001421687,6031461728,6032282905,2545627.726601157337,2545637.230964565650,retrograde
NorthNode,181.066316595,180.491877105,6032629783,6033529968,2545641.245759086683,2545651.664570339955,retrograde
NorthNode,180.584237163,180.420651966,6033999072,6034649794,2545657.094010527246,2545664.625522765331,retrograde
NorthNode,180.481589575,180.449344980,6035189562,6035793231,2545670.872826394625,2545677.859746501781,retrograde
Mars,41.033421912,27.390883529,6035681068,6041422152,2545676.561563354917,2545743.009294583462,retrograde
NorthNode,180.449514026,180.404275295,6035885167,6036528604,2545678.923810826614,2545686.371008205228,retrograde
NorthNode,180.461507807,180.221250956,6037019054,6037758270,2545692.047511033714,2545700.603252811357,retrograde
Mercury,220.198979918,204.542152949,6037466304,6039272680,2545697.224014244974,2545718.131140165031,retrograde
NorthNode,180.331695973,179.816681289,6038245279,6039058793,2545706.239928895608,2545715.655593844131,retrograde
NorthNode,179.875479121,178.913312075,6039377596,6040337465,2545719.345445573330,2545730.455042921007,retrograde
NorthNode,178.950520032,177.807523252,6040600181,6041590932,2545733.495741225779,2545744.962763981894,retrograde
NorthNode,177.813512870,176.100373601,6041718893,6042918828,2545746.443788029253,2545760.331931962632,retrograde
Neptune,154.710410699,151.910274145,6042238841,6055815700,2545752.461704914458,2545909.601286971010,retrograde
NorthNode,176.100418840,174.735164514,6042944629,6044052173,2545760.630552098155,2545773.449347278103,retrograde
NorthNode,174.736564334,173.076304610,6044129628,6045281763,2545774.345820317045,2545787.680708495900,retrograde
NorthNode,173.098936621,172.201242983,6045496457,6046397954,2545790.165603226982,2545800.599591081031,retrograde
NorthNode,172.247197140,171.391856538,6046676304,6047625198,2545803.821239735000,2545814.803804939613,retrograde
Mercury,324.937388342,309.277867076,6046864465,6048691163,2545805.999029681087,2545827.141364000738,retrograde
NorthNode,171.494892464,171.207599496,6048061561,6048763030,2545819.854303030297,2545827.973154723644,retrograde
NorthNode,171.285381443,171.148792382,6049232183,6049977972,2545833.403167157434,2545842.034983033314,retrograde
NorthNode,171.166998262,171.166207858,6050452775,6050607322,2545847.530395561829,2545849.319131812081,retrograde
NorthNode,171.197294941,171.075311463,6051136707,6051794489,2545855.446267749183,2545863.059490271844,retrograde
NorthNode,171.184955791,170.758058683,6052334442,6053149260,2545869.308946249075,2545878.739706283435,retrograde
Pluto,278.957110913,276.327871977,6053020252,6066859865,2545877.246553958394,2546037.427261755802,retrograde
NorthNode,170.824861333,170.167602855,6053502876,6054363856,2545882.832484778948,2545892.797525931150,retrograde
NorthNode,170.225432274,169.155753075,6054686654,6055677824,2545896.533624366857,2545908.005496850237,retrograde
NorthNode,169.169194004,167.878535422,6055851896,6056935179,2545910.020220123231,2545922.558215357829,retrograde
NorthNode,167.880585845,166.461288837,6057030983,6058186806,2545923.667056255043,2545937.044641274959,retrograde
Mercury,81.988731720,73.441140478,6057081878,6059147856,2545924.256120644510,2545948.167903997004,retrograde
NorthNode,166.461300863,164.997112784,6058202896,6059370906,2545937.230869646184,2545950.749501211569,retrograde
Saturn,333.382497094,326.712319709,6058522054,6070621205,2545940.924827203155,2546080.961297847331,retrograde
Jupiter,326.636346522,316.790281337,6058665454,6069036220,2545942.584548033774,2546062.616560369730,retrograde
Uranus,348.286344869,344.373556579,6059347939,6072647014,2545950.483672288246,2546104.408161328174,retrograde
NorthNode,165.002528087,163.875879045,6059504993,6060526142,2545952.301426467486,2545964.120282914490,retrograde
NorthNode,163.894873372,162.897632324,6060725916,6061715035,2545966.432483927347,2545977.880625447258,retrograde
NorthNode,162.965651046,162.442826162,6062068716,6062879578,2545981.974152201787,2545991.359127226286,retrograde
Venus,153.068968324,136.679662194,6062329558,6066047422,2545984.993160987273,2546028.023989757523,retrograde
NorthNode,162.511538887,162.156768534,6063254628,6064066360,2545995.699989284389,2546005.095030413009,retrograde
NorthNode,162.252494551,162.174273962,6064625200,6065247584,2546011.563089779578,2546018.766605203040,retrograde
NorthNode,162.189751896,162.189744978,6065742908,6065775647,2546024.499517332762,2546024.878446792252,retrograde
NorthNode,162.227517464,162.066149832,6066421870,6067172283,2546032.357882433571,2546041.043215050362,retrograde
Mercury,203.901964476,188.729926405,6067542237,6069414179,2546045.325086534023,2546066.991081267595,retrograde
NorthNode,162.140152719,161.826046739,6067619776,6068342561,2546046.222532034852,2546054.588093884289,retrograde
NorthNode,161.924911441,161.107710852,6068774798,6069714496,2546059.590842259116,2546070.466981178150,retrograde
NorthNode,161.148493632,160.211068469,6069981799,6070908262,2546073.560762418434,2546084.283716506325,retrograde
NorthNode,160.232035590,158.692247698,6071119965,6072251833,2546086.733976163901,2546099.834305593744,retrograde
NorthNode,158.693455690,157.250503725,6072325600,6073458309,2546100.688086555339,2546113.798141178675,retrograde
NorthNode,157.250568765,155.650620507,6073487615,6074658632,2546114.137332533486,2546127.690773689188,retrograde
Neptune,156.901470018,154.102140171,6073981304,6087569645,2546119.851324795745,2546277.123789493926,retrograde
NorthNode,155.656778982,154.421501112,6074787141,6075801636,2546129.178148472682,2546140.919985532761,retrograde
NorthNode,154.462021197,153.559962540,6076071968,6077001794,2546144.048832992092,2546154.810707283206,retrograde
Mercury,308.852555474,292.785241820,6077005975,6078777609,2546154.859093099833,2546175.364116854966,retrograde
NorthNode,153.620799640,153.068983862,6077322142,6078154303,2546158.518430981785,2546168.149932427332,retrograde
NorthNode,153.186592151,152.975385171,6078654550,6079364011,2546173.939820511267,2546182.151181080379,retrograde
NorthNode,153.029299509,152.998214508,6079861032,6080441819,2546187.903735764325,2546194.625806638040,retrograde
NorthNode,152.998303069,152.936024439,6080513721,6081226190,2546195.458010598086,2546203.704169820063,retrograde
NorthNode,153.004752519,152.800359094,6081737056,6082403171,2546209.616977767088,2546217.326635669917,retrograde
NorthNode,152.902662633,152.214030396,6082866463,6083785865,2546222.688815777190,2546233.330043830909,retrograde
NorthNode,152.271913740,151.554666753,6084104298,6084954486,2546237.015604233369,2546246.855744161643,retrograde
Pluto,281.044786751,278.426796247,6084758341,6098609477,2546244.585547582246,2546404.899631836452,retrograde
NorthNode,151.589100989,150.119404109,6085210937,6086331131,2546249.823928319849,2546262.789134895429,retrograde
NorthNode,150.124504606,148.949940200,6086455039,6087512865,2546264.223263259046,2546276.466621076688,retrograde
Mercury,62.274855409,53.264176003,6086939451,6088999453,2546269.829883217812,2546293.672492817044,retrograde
NorthNode,148.950065011,147.227462519,6087549705,6088791412,2546276.893007726409,2546291.264619126916,retrograde
NorthNode,147.228557539,146.096632432,6088864900,6089891102,2546292.115168282762,2546303.992506756447,retrograde
NorthNode,146.110925430,144.918482518,6090078277,6091129200,2546306.158880952746,2546318.322341910563,retrograde
Saturn,345.388706793,338.685656026,6091167038,6103213933,2546318.760287187994,2546458.191945433617,retrograde
Uranus,352.252030706,348.339501026,6091254251,6104546206,2546319.769691559486,2546473.611764269881,retrograde
NorthNode,144.954663348,144.301102656,6091389605,6092243640,2546321.336293029599,2546331.220960501581,retrograde
NorthNode,144.385947876,143.930982859,6092645900,6093479660,2546335.876744392328,2546345.526741247624,retrograde
Jupiter,2.902939464,353.003683249,6093493690,6103721569,2546345.689130455256,2546464.067355491221,retrograde
NorthNode,144.004867943,143.835511977,6093911066,6094603695,2546350.519868246280,2546358.536409370601,retrograde
NorthNode,143.899354053,143.887089942,6095214508,6095638864,2546365.606004226021,2546370.517534362152,retrograde
NorthNode,143.888839873,143.845197021,6095844802,6096433137,2546372.901077349670,2546379.710502608679,retrograde
NorthNode,143.913717494,143.608835755,6096963452,6097778442,2546385.848415107466,2546395.281161372550,retrograde
Mercury,187.196347852,172.727939367,6097596403,6099539642,2546393.174235008657,2546415.665419459343,retrograde
NorthNode,143.696607554,143.267874984,6098212077,6098964839,2546400.300090327859,2546409.012613401748,retrograde
NorthNode,143.336178990,142.245114010,6099313708,6100339712,2546413.050450607203,2546424.925491143949,retrograde
NorthNode,142.273287209,141.293394159,6100572337,6101508585,2546427.617909691297,2546438.454113509506,retrograde
NorthNode,141.301008989,139.470496491,6101652942,6102893844,2546440.124914519489,2546454.487206280231,retrograde
NorthNode,139.470534611,138.219786598,6102917543,6103989390,2546454.761495858431,2546467.167137240060,retrograde
Mars,95.621813902,77.806196404,6102944045,6109421666,2546455.068232673220,2546530.040699816309,retrograde
NorthNode,138.221100052,136.504684275,6104067947,6105251063,2546468.076357245445,2546481.769837077707,retrograde
NorthNode,136.522383422,135.622400368,6105442421,6106338071,2546483.984629705548,2546494.350948203355,retrograde
Neptune,159.091528936,156.293539830,6105727569,6119312055,2546487.284951130860,2546644.512798110954,retrograde
NorthNode,135.676356408,134.817245477,6106640454,6107592800,2546497.850744424388,2546508.873276378959,retrograde
Mercury,292.917345129,276.651381997,6107152229,6108882992,2546503.774066500366,2546523.806045949459,retrograde
NorthNode,134.900541261,134.580608250,6107982205,6108700854,2546513.380268931389,2546521.697970595211,retrograde
NorthNode,134.680462633,134.548967573,6109222084,6109949393,2546527.730728901923,2546536.148653290235,retrograde
NorthNode,134.566836230,134.566723386,6110432505,6110514758,2546541.740230497904,2546542.692232320085,retrograde
NorthNode,134.597767167,134.436138411,6111067831,6111804782,2546549.093540416099,2546557.623060793616,retrograde
NorthNode,134.538622188,134.192228644,6112316202,6113048594,2546563.542272024788,2546572.019032652490,retrograde
Venus,15.259045581,359.071138234,6113125168,6116757407,2546572.905310427770,2546614.945112263784,retrograde
NorthNode,134.269964452,133.389782755,6113423808,6114382892,2546576.361785488203,2546587.462301514111,retrograde
NorthNode,133.439051327,132.549299710,6114677700,6115583360,2546590.874423743226,2546601.356604014523,retrograde
NorthNode,132.564257362,130.897132831,6115765280,6116949846,2546603.462162721902,2546617.172420544550,retrograde
Pluto,283.100995803,280.494248256,6116481404,6130359733,2546611.750628636219,2546772.379443407990,retrograde
Mercury,43.289525994,33.082217363,6116839953,6118891102,2546615.900510534644,2546639.640661880374,retrograde
NorthNode,130.898274721,129.706072519,6117025964,6118099294,2546618.053408578038,2546630.476213486865,retrograde
NorthNode,129.706118032,127.943285515,6118124748,6119363103,2546630.770818731748,2546645.103631048463,retrograde
NorthNode,127.950069061,127.008139924,6119503932,6120444495,2546646.733593076468,2546657.619746717624,retrograde
NorthNode,127.033422378,125.944999105,6120670691,6121702592,2546660.237747716717,2546672.181047975086,retrograde
NorthNode,126.008558853,125.574260504,6122043813,6122803831,2546676.130364862271,2546684.926867884584,retrograde
Uranus,356.215832579,352.301854188,6123168051,6136450038,2546689.142386359163,2546842.869084537961,retrograde
NorthNode,125.657197614,125.322715478,6123225026,6124051806,2546689.801811741665,2546699.371022988111,retrograde
Saturn,357.673215103,350.933212239,6123843273,6135815995,2546696.957454234362,2546835.530616894364,retrograde
NorthNode,125.396187175,125.338530571,6124573469,6125170818,2546705.408790976740,2546712.322549528442,retrograde
NorthNode,125.346211660,125.343111236,6125526033,6125785288,2546716.433837227523,2546719.434473046102,retrograde
NorthNode,125.396495776,125.247593362,6126410912,6127096365,2546726.675497224554,2546734.608981630765,retrograde
NorthNode,125.320762458,124.905909077,6127537721,6128354617,2546739.717261406593,2546749.172083210200,retrograde
Mercury,169.934713971,156.431049003,6127627463,6129637138,2546740.755941547453,2546764.016076438129,retrograde
Jupiter,39.881133455,29.901090882,6128321048,6138476917,2546748.783546701074,2546866.328325442970,retrograde
NorthNode,124.997141165,124.345019585,6128770528,6129619938,2546753.985859040171,2546763.816996438429,retrograde
NorthNode,124.385333859,123.210608849,6129889726,6130927108,2546766.939544932917,2546778.946278223768,retrograde
NorthNode,123.227403885,122.038647839,6131123293,6132148317,2546781.216937798075,2546793.080640183762,retrograde
NorthNode,122.040079278,120.275681361,6132227645,6133464193,2546793.998793166131,2546808.310694087297,retrograde
NorthNode,120.275806549,119.026240293,6133500619,6134562805,2546808.732291127555,2546821.026102914475,retrograde
NorthNode,119.031635122,117.528102066,6134687102,6135802833,2546822.464728835039,2546835.378286369145,retrograde
NorthNode,117.566629451,116.828791724,6136067150,6136913638,2546838.437505310401,2546848.234820612706,retrograde
NorthNode,116.890754450,116.221039306,6137237287,6138147738,2546851.980756538920,2546862.518382200971,retrograde
Mercury,277.080138086,260.764438080,6137295872,6139004949,2546852.658829599619,2546872.439806967974,retrograde
Neptune,161.281681769,158.485992531,6137469581,6151061940,2546854.669352364726,2547011.988321221434,retrograde
NorthNode,116.328198738,116.140277665,6138624988,6139281777,2546868.042115041986,2546875.643843797967,retrograde
NorthNode,116.203590724,116.164942654,6139800481,6140416532,2546881.647355428897,2546888.777577272616,retrograde
NorthNode,116.165127037,116.110896380,6140507795,6141171469,2546889.833857970312,2546897.515278090723,retrograde
NorthNode,116.172374278,115.929038332,6141655879,6142373372,2546903.121872300282,2546911.426185277291,retrograde
NorthNode,116.045353533,115.451802966,6142860491,6143709530,2546917.064143455587,2546926.890975849703,retrograde
NorthNode,115.507536469,114.584078397,6144016919,6144952900,2546930.448717691936,2546941.281837212853,retrograde
NorthNode,114.619548599,113.389011851,6145212007,6146241042,2546944.280763241462,2546956.190890968777,retrograde
NorthNode,113.393778139,111.845890485,6146359667,6147530730,2546957.563863577321,2546971.117837092839,retrograde
Mercury,25.134775183,13.400021124,6146806300,6148834823,2546962.733225174248,2546986.211497731507,retrograde
NorthNode,111.845928971,110.460981384,6147555656,6148693038,2546971.406324271113,2546984.570474676788,retrograde
Pluto,285.125795783,282.530403066,6148208388,6162104916,2546978.961098189466,2547139.800544506870,retrograde
NorthNode,110.462345880,108.998403021,6148770949,6149893964,2546985.472219233401,2546998.470079140738,retrograde
NorthNode,109.018082379,108.112256968,6150104067,6151036913,2547000.901823916472,2547011.698655491695,retrograde
NorthNode,108.150290394,107.350924556,6151301000,6152239404,2547014.755217858590,2547025.616374421865,retrograde
NorthNode,107.444413216,107.122344839,6152664420,6153397439,2547030.535537105054,2547039.019562424161,retrograde
NorthNode,107.194237689,107.015507413,6153836026,6154591504,2547044.095796179958,2547052.839751400985,retrograde
Uranus,0.178408843,356.262016899,6155073548,6168346940,2547058.418968045153,2547212.046190178953,retrograde
NorthNode,107.063651701,107.061981551,6155213363,6155422965,2547060.037198183127,2547062.463146393187,retrograde
NorthNode,107.069001092,107.009664294,6155771300,6156378747,2547066.494802752510,2547073.525432250462,retrograde
Saturn,10.266703969,3.486202207,6156543931,6168440297,2547075.437289625406,2547213.126707695425,retrograde
NorthNode,107.099032777,106.776250120,6156947652,6157750654,2547080.109988984652,2547089.403987336904,retrograde
Mercury,151.949390496,139.675589488,6157631563,6159691938,2547088.025617398322,2547111.872548706830,retrograde
NorthNode,106.847210204,106.366800396,6158138414,6158932662,2547093.891948019154,2547103.084634847939,retrograde
NorthNode,106.440583134,105.446665129,6159298766,6160282039,2547107.321954709478,2547118.702423046343,retrograde
NorthNode,105.469116451,104.366103888,6160493589,6161498112,2547121.150918835774,2547132.777340870351,retrograde
NorthNode,104.373042294,102.832548985,6161642730,6162809147,2547134.451165599748,2547147.951357670128,retrograde
NorthNode,102.832594061,101.386606117,6162833866,6163981834,2547148.237465770915,2547161.524124613032,retrograde
Jupiter,76.066482625,66.017885333,6162995056,6173177806,2547150.103081882000,2547267.958989158273,retrograde
Venus,222.975555943,207.333870235,6163267272,6166868604,2547153.253739165142,2547194.935816874728,retrograde
NorthNode,101.388502929,100.001344154,6164073878,6165166951,2547162.589455214329,2547175.240757874213,retrograde
NorthNode,100.015201482,98.921232476,6165340203,6166326295,2547177.245986490510,2547188.659098771401,retrograde
NorthNode,98.983144328,98.295098707,6166652937,6167515446,2547192.439668637700,2547202.422417026013,retrograde
Mercury,261.275168376,245.021075059,6167430953,6169140371,2547201.444489330053,2547221.229417718947,retrograde
NorthNode,98.366125162,97.950844132,6167873859,6168679355,2547206.570718791336,2547215.893587398343,retrograde
Neptune,163.473241983,160.679799915,6169219522,6182810355,2547222.145519019105,2547379.446827457286,retrograde
NorthNode,98.062514488,97.952479504,6169229746,6169881291,2547222.263845961541,2547229.804880243726,retrograde
Mars,134.968487228,115.713863542,6169263336,6176120549,2547222.652628622018,2547302.018518862315,retrograde
NorthNode,97.975674785,97.975674681,6170422085,6170429790,2547236.064072008245,2547236.153246128932,retrograde
NorthNode,98.007546412,97.837065224,6171037838,6171798032,2547243.190835810266,2547251.989378133789,retrograde
NorthNode,97.919761574,97.595785732,6172256854,6172968019,2547257.299821950495,2547265.530903539620,retrograde
NorthNode,97.694905313,96.783992496,6173389442,6174354982,2547270.408485825174,2547281.583707237616,retrograde
NorthNode,96.825164322,95.898888548,6174620572,6175531232,2547284.657665196806,2547295.197717316449,retrograde
NorthNode,95.917508454,94.267061191,6175732042,6176899186,2547297.521909336559,2547311.030518232845,retrograde
Mercury,7.716924790,354.505331138,6176837052,6178823219,2547310.311379551888,2547333.299417100847,retrograde
NorthNode,94.267929576,92.941513670,6176965703,6178069010,2547311.800386797637,2547324.570147227496,retrograde
NorthNode,92.941621100,91.306199039,6178103783,6179299107,2547324.972612928599,2547338.807375651784,retrograde
NorthNode,91.312849942,90.232248437,6179433783,6180414355,2547340.366131487302,2547351.715341926552,retrograde
Pluto,287.120500704,284.536964662,6179931991,6193840993,2547346.132423565723,2547507.116244672798,retrograde
NorthNode,90.268073329,89.347203134,6180677190,6181640802,2547354.757419965230,2547365.910336746834,retrograde
NorthNode,89.403520171,88.907352794,6181959706,6182769144,2547369.601346027106,2547378.969851365313,retrograde
NorthNode,89.012144920,88.766245108,6183248833,6183997842,2547384.521799310111,2547393.190893426538,retrograde
NorthNode,88.824031080,88.769362253,6184483285,6185125828,2547398.809439679608,2547406.246280835010,retrograde
NorthNode,88.771074287,88.753051117,6185330067,6185813980,2547408.610156781040,2547414.210998672061,retrograde
NorthNode,88.806869390,88.666019149,6186367256,6187009171,2547420.614665227011,2547428.044236660935,retrograde
Uranus,4.140591264,0.220349397,6186987164,6200250430,2547427.789527378045,2547581.299542156048,retrograde
NorthNode,88.755176965,88.228541646,6187485149,6188371863,2547433.553240435198,2547443.816125920042,retrograde
Mercury,133.151780734,122.278490449,6187600630,6189688690,2547434.889825083315,2547459.057188011706,retrograde
NorthNode,88.297674435,87.718541151,6188733869,6189543022,2547448.006011117250,2547457.371212407947,retrograde
Saturn,23.183939881,16.361239837,6189268711,6201092325,2547454.196316249669,2547591.043705157936,retrograde
NorthNode,87.763215226,86.441584569,6189831177,6190921567,2547460.706339009106,2547473.326599204913,retrograde
NorthNode,86.453053759,85.386064493,6191088941,6192088560,2547475.263787170872,2547486.833462405950,retrograde
NorthNode,85.387404162,83.566171862,6192169408,6193427750,2547487.769197423942,2547502.333336893469,retrograde
NorthNode,83.566319879,82.397966735,6193465297,6194508482,2547502.767915997654,2547514.841814337298,retrograde
NorthNode,82.404758241,80.942251067,6194648946,6195764005,2547516.467557704076,2547529.373331199400,retrograde
NorthNode,80.972407429,80.226437498,6196000850,6196860471,2547532.114588637836,2547542.063910930417,retrograde
NorthNode,80.301472967,79.674677490,6197221156,6198109825,2547546.238507279195,2547556.524025774561,retrograde
Jupiter,110.410917773,100.341063498,6197466631,6207756749,2547549.079645179212,2547668.178235217929,retrograde
Mercury,245.446156199,229.344639676,6197552529,6199284835,2547550.073835998774,2547570.123674608767,retrograde
NorthNode,79.759531652,79.543981710,6198533472,6199223547,2547561.427351194434,2547569.414319736883,retrograde
NorthNode,79.624585327,79.586840029,6199801948,6200420498,2547576.108786011115,2547583.267929996364,retrograde
NorthNode,79.586900810,79.552821597,6200483309,6201065728,2547583.994898988865,2547590.735859658569,retrograde
Neptune,165.666622112,162.875510063,6200963705,6214562440,2547589.555039615370,2547746.947814407758,retrograde
NorthNode,79.617796088,79.321621578,6201588374,6202384731,2547596.785006977618,2547606.002101557329,retrograde
NorthNode,79.423480295,78.953250557,6202839149,6203602179,2547611.261566660367,2547620.092932099476,retrograde
NorthNode,79.021366402,77.881326848,6203940211,6204962665,2547624.005347583443,2547635.839306881651,retrograde
NorthNode,77.911303639,76.868705375,6205198928,6206145620,2547638.573825848289,2547649.530911460519,retrograde
NorthNode,76.875024644,75.006022704,6206278382,6207527482,2547651.067508959211,2547665.524681640789,retrograde
Mercury,350.847490365,336.423697457,6206918021,6208845278,2547658.470736615360,2547680.776953302324,retrograde
NorthNode,75.006037542,73.773585997,6207544943,6208613855,2547665.726778252050,2547678.098440147936,retrograde
NorthNode,73.775242621,72.098774712,6208698309,6209878372,2547679.075919915922,2547692.734055152163,retrograde
NorthNode,72.118550126,71.291287025,6210081932,6210963210,2547695.090073739178,2547705.290053470992,retrograde
NorthNode,71.339998022,70.507390261,6211257448,6212220326,2547708.695584010333,2547719.840006646700,retrograde
Pluto,289.086163572,286.515129467,6211654866,6225581319,2547713.295332393609,2547874.481126940809,retrograde
NorthNode,70.589728865,70.296700262,6212619657,6213326569,2547724.461895199493,2547732.643745813519,retrograde
NorthNode,70.384427599,70.234518591,6213821970,6214573646,2547738.377557882108,2547747.077512430958,retrograde
Venus,84.134058031,67.622716044,6213871253,6217580794,2547738.947958471254,2547781.882465852425,retrograde
NorthNode,70.262888792,70.262815484,6215146502,6215217866,2547753.707784598693,2547754.533759546466,retrograde
NorthNode,70.278222133,70.176676026,6215695863,6216389282,2547760.066131948493,2547768.091808290221,retrograde
NorthNode,70.270802215,69.986608395,6216936267,6217668671,2547774.422662115656,2547782.899552472867,retrograde
Mercury,113.600916420,104.052785928,6217526078,6219616872,2547781.249178744853,2547805.448177985847,retrograde
NorthNode,70.059025450,69.394879203,6218054537,6218957155,2547787.365597064607,2547797.812565266155,retrograde
Uranus,8.103646566,4.179401813,6218892580,6232144977,2547797.065172181465,2547950.449390872382,retrograde
NorthNode,69.457015633,68.660653745,6219295533,6220190366,2547801.728979929350,2547812.085836911574,retrograde
NorthNode,68.681890326,67.259189716,6220400104,6221522998,2547814.513364293613,2547827.509819342755,retrograde
NorthNode,67.263526805,66.075465083,6221645389,6222716800,2547828.926387468353,2547841.326979235746,retrograde
Saturn,36.422845008,29.559189551,6222018876,6233768509,2547833.249148651958,2547969.240273401141,retrograde
NorthNode,66.075489601,64.316446636,6222737386,6223984615,2547841.565239349380,2547856.000763952732,retrograde
NorthNode,64.318927068,63.252856050,6224084864,6225075409,2547857.161053866148,2547868.625692355447,retrograde
NorthNode,63.267714688,61.991503622,6225257090,6226323579,2547870.728478194214,2547883.072102815844,retrograde
NorthNode,62.048054390,61.496099556,6226638925,6227431630,2547886.721944735385,2547895.896771675907,retrograde
Mercury,229.527454660,213.676594077,6227658015,6229433299,2547898.516965232790,2547919.064232274890,retrograde
NorthNode,61.572382324,61.103069722,6227808408,6228670624,2547900.257628158666,2547910.236972954124,retrograde
NorthNode,61.198453395,61.099468390,6229185366,6229801230,2547916.194636173546,2547923.322695717216,retrograde
NorthNode,61.128587040,61.128573000,6230373682,6230413609,2547929.948291209526,2547930.410413930193,retrograde
NorthNode,61.162918560,61.024576241,6231027997,6231725252,2547937.521381101571,2547945.591469965875,retrograde
Jupiter,142.719944985,132.678769751,6231746805,6242175027,2547945.840926080942,2548066.537937536836,retrograde
NorthNode,61.100005483,60.718726545,6232173068,6232951400,2547950.774518476799,2547959.782998912968,retrograde
Neptune,167.861400399,165.072110809,6232715613,6246314054,2547957.053973688744,2548114.443344105966,retrograde
NorthNode,60.824274476,60.084844455,6233385683,6234260836,2547964.809412252158,2547974.938499131240,retrograde
NorthNode,60.127514855,58.964561755,6234528985,6235535911,2547978.042078727856,2547989.696320604533,retrograde
Mars,168.852723282,149.365761067,6235311768,6242310245,2547987.102071004920,2548068.102964949794,retrograde
NorthNode,58.983049315,57.638485281,6235736249,6236795266,2547992.015037108213,2548004.272184885107,retrograde
NorthNode,57.639619025,55.923249390,6236867224,6238076235,2548005.105027783662,2548019.098210837692,retrograde
Mercury,334.374855230,319.071710737,6237033262,6238895302,2548007.026768937707,2548028.578154817224,retrograde
NorthNode,55.923465332,54.595849580,6238119978,6239201288,2548019.604494865984,2548032.119656797498,retrograde
NorthNode,54.602232246,53.210462562,6239332329,6240416344,2548033.636333373375,2548046.182808957063,retrograde
NorthNode,53.252301742,52.522366938,6240693072,6241550986,2548049.385678005405,2548059.315239051357,retrograde
NorthNode,52.581151877,51.977247464,6241872578,6242763361,2548063.037365771830,2548073.347361147404,retrograde
NorthNode,52.083345202,51.901289683,6243252144,6243917431,2548079.004563924856,2548086.704654890113,retrograde
Pluto,291.024606177,288.466349952,6243384617,6257307405,2548080.537817315198,2548241.681195092387,retrograde
NorthNode,51.958480463,51.913043972,6244418440,6245103208,2548092.503361933865,2548100.428919942118,retrograde
NorthNode,51.913056518,51.874222143,6245142008,6245796630,2548100.877992113121,2548108.454639687203,retrograde
NorthNode,51.926403578,51.746230361,6246290462,6246971219,2548114.170281882398,2548122.049418332055,retrograde
Mercury,93.592509074,84.903987014,6247408149,6249482821,2548127.106479406357,2548151.118890531361,retrograde
NorthNode,51.852778168,51.333350823,6247473110,6248329342,2548127.858345652930,2548137.768435161561,retrograde
NorthNode,51.390014626,50.678836586,6248654182,6249531361,2548141.528153750114,2548151.680688816123,retrograde
NorthNode,50.723163937,49.569715678,6249822975,6250854715,2548155.055850627832,2548166.997292312793,retrograde
Uranus,12.069870573,8.141241039,6250807527,6264047478,2548166.451125512831,2548319.691306645982,retrograde
NorthNode,49.578057851,48.280794728,6251002022,6252097813,2548168.702229677700,2548181.384999303147,retrograde
NorthNode,48.281536780,46.824110670,6252165962,6253336924,2548182.173756717704,2548195.726561415009,retrograde
NorthNode,46.824314281,45.414766886,6253378766,6254505879,2548196.210840082727,2548209.256127513014,retrograde
NorthNode,45.424346128,44.320421870,6254668750,6255676311,2548211.141209520400,2548222.802797813900,retrograde
Saturn,49.964015840,43.063368034,6254787134,6266473589,2548212.511391930282,2548347.771290928125,retrograde
NorthNode,44.347304750,43.440393319,6255902973,6256851744,2548225.426204668358,2548236.407340290025,retrograde
NorthNode,43.524136204,43.060192779,6257238586,6258031268,2548240.884684051387,2548250.059248741716,retrograde
Mercury,213.406609481,197.936191178,6257745309,6259579056,2548246.749532893300,2548267.973459310830,retrograde
NorthNode,43.135140114,42.867115311,6258434853,6259205043,2548254.730364687741,2548263.644607547671,retrograde
NorthNode,42.949511312,42.920199441,6259804187,6260385881,2548270.579142496921,2548277.311704514548,retrograde
NorthNode,42.920210172,42.894460240,6260421755,6260977882,2548277.726916186512,2548284.163573490456,retrograde
NorthNode,42.971302353,42.674433378,6261561430,6262362911,2548290.917597424239,2548300.193998302333,retrograde
NorthNode,42.755808970,42.308238379,6262774774,6263534944,2548304.960934096947,2548313.759201218374,retrograde
NorthNode,42.392389699,41.292419735,6263911902,6264913496,2548318.122137857601,2548329.714657519944,retrograde
Venus,298.483483590,283.081967391,6264415671,6267952324,2548323.952792560682,2548364.886283682659,retrograde
Neptune,170.056843663,167.269004245,6264463023,6278067169,2548324.500852986239,2548481.956246257760,retrograde
NorthNode,41.319077714,40.223194705,6265134141,6266105934,2548332.268423105590,2548343.516029745340,retrograde
Jupiter,173.459242712,163.471216167,6265917689,6276474806,2548341.337262786925,2548463.526118956506,retrograde
NorthNode,40.231109865,38.476853894,6266253394,6267454848,2548345.222735020332,2548359.128462567925,retrograde
Mercury,318.172420398,302.304230903,6267168695,6268969647,2548355.816497966647,2548376.660856358707,retrograde
NorthNode,38.476879574,37.072005295,6267475081,6268591591,2548359.362635901198,2548372.285203573294,retrograde
NorthNode,37.074208887,35.557847389,6268686963,6269807721,2548373.389044563286,2548386.360778061673,retrograde
NorthNode,35.574247169,34.578281955,6269991457,6270938278,2548388.487353557721,2548399.445934717543,retrograde
NorthNode,34.641799494,33.936777650,6271269194,6272154493,2548403.275984397158,2548413.522500026040,retrograde
NorthNode,34.008718894,33.653215136,6272522479,6273294674,2548417.781592980027,2548426.719035984017,retrograde
NorthNode,33.757881362,33.650309832,6273845443,6274517892,2548433.093682426959,2548440.876655736007,retrograde
NorthNode,33.670646671,33.670646659,6275056322,6275060251,2548447.108485558070,2548447.153955461457,retrograde
Pluto,292.936787252,290.391736945,6275102551,6289040254,2548447.643538056873,2548608.959543914534,retrograde
NorthNode,33.697223376,33.548760844,6275653831,6276410880,2548454.024089635350,2548462.786231575534,retrograde
NorthNode,33.628761238,33.352592623,6276888907,6277587343,2548468.318952677771,2548476.402700370178,retrograde
Mercury,73.624502115,64.985131373,6277264722,6279324704,2548472.668670810759,2548496.511051557958,retrograde
NorthNode,33.440723005,32.647654913,6278006214,6278964160,2548481.250750634819,2548492.338084639981,retrograde
NorthNode,32.692974529,31.919733940,6279252738,6280129001,2548495.678115624003,2548505.820040967315,retrograde
NorthNode,31.942294334,30.424966551,6280349164,6281506059,2548508.368223540485,2548521.758210580796,retrograde
NorthNode,30.427275084,29.261155807,6281601565,6282678246,2548522.863604325801,2548535.325191783719,retrograde
NorthNode,29.261159175,27.566060877,6282689294,6283937936,2548535.453064287081,2548549.904941757210,retrograde
Uranus,16.041802850,12.109146725,6282715356,6295942060,2548535.754702375270,2548688.841557181440,retrograde
NorthNode,27.568831485,26.502640932,6284039335,6285030301,2548551.078540940769,2548562.548047592863,retrograde
NorthNode,26.522917946,25.394507774,6285241918,6286276392,2548564.997319791466,2548576.970396927558,retrograde
NorthNode,25.441038598,24.864522309,6286566262,6287385096,2548580.325375652872,2548589.802621850744,retrograde
Saturn,63.768079377,56.836375431,6287570298,6299203129,2548591.946163944900,2548726.585408411920,retrograde
NorthNode,24.958426426,24.570780290,6287811552,6288627930,2548594.738461115398,2548604.187278125435,retrograde
Mercury,196.960633101,182.055712451,6287813114,6289714602,2548594.756533004344,2548616.764495015144,retrograde
NorthNode,24.644960641,24.532980634,6289092232,6289747485,2548609.561138687655,2548617.145084260032,retrograde
NorthNode,24.565416194,24.565415567,6290370059,6290384454,2548624.350808227435,2548624.517415201291,retrograde
NorthNode,24.596478430,24.494031284,6290993019,6291620432,2548631.560994607396,2548638.822721446864,retrograde
NorthNode,24.578874808,24.120028364,6292107560,6292961764,2548644.460772497579,2548654.347395560704,retrograde
NorthNode,24.207266543,23.628498109,6293360909,6294157758,2548658.967122985981,2548668.189915446565,retrograde
NorthNode,23.680906799,22.310504215,6294455501,6295533108,2548671.636011709459,2548684.108314510435,retrograde
NorthNode,22.326382293,21.196463488,6295718091,6296706916,2548686.249324128963,2548697.694059136324,retrograde
Neptune,172.251730770,169.464666977,6296215261,6309825436,2548692.003605649807,2548849.528777287342,retrograde
NorthNode,21.198178914,19.214127451,6296791880,6298058165,2548698.677435789257,2548713.333512310870,retrograde
Mercury,302.159710354,285.982508672,6297313420,6299065174,2548704.713786676526,2548724.988710217178,retrograde
NorthNode,19.214282391,18.009102353,6298095939,6299129804,2548713.770710873418,2548725.736746638082,retrograde
NorthNode,18.016241571,16.461605161,6299268987,6300393606,2548727.347657650709,2548740.364078165032,retrograde
Jupiter,203.404255243,193.472777264,6300050132,6310695033,2548736.388687491417,2548859.593558967113,retrograde
NorthNode,16.497306509,15.788035439,6300645648,6301483381,2548743.281237003393,2548752.977214979939,retrograde
Mars,202.548764574,183.682304867,6301518672,6308434720,2548753.385683153756,2548833.432536139153,retrograde
NorthNode,15.862003210,15.236789117,6301840114,6302738784,2548757.106067918241,2548767.507345219143,retrograde
NorthNode,15.326184354,15.143233001,6303183694,6303849626,2548772.656762200408,2548780.364313330501,retrograde
NorthNode,15.212284057,15.182550769,6304415719,6304992775,2548786.916316570714,2548793.595209731720,retrograde
NorthNode,15.182808456,15.140743488,6305097272,6305712949,2548794.804663250223,2548801.930547485128,retrograde
NorthNode,15.200264500,14.937425679,6306215602,6306990500,2548807.748295936733,2548816.717024171725,retrograde
Pluto,294.823869815,292.292070531,6306827261,6320768819,2548814.827686683275,2548976.188306021504,retrograde
Mercury,54.189306836,44.738254449,6307134864,6309192076,2548818.387904897332,2548842.198224224150,retrograde
NorthNode,15.038553060,14.588305136,6307460727,6308238126,2548822.159459905699,2548831.157135219313,retrograde
NorthNode,14.648803095,13.685582602,6308569923,6309560389,2548834.997375249863,2548846.461111508310,retrograde
NorthNode,13.719510134,12.757276767,6309818318,6310764835,2548849.446402645670,2548860.401450173929,retrograde
NorthNode,12.765069734,11.132439487,6310910396,6312121873,2548862.086191874929,2548876.107907898724,retrograde
NorthNode,11.132631683,9.949582553,6312164409,6313245972,2548876.600232054479,2548889.118314803578,retrograde
NorthNode,9.949957229,8.313657624,6313297699,6314502050,2548889.717008462176,2548903.656255356036,retrograde
Venus,150.890387204,134.488545429,6314584919,6318305203,2548904.615393335000,2548947.674237241969,retrograde
Uranus,20.022346116,16.085556582,6314631568,6327843062,2548905.155310467817,2549058.066113875248,retrograde
NorthNode,8.325285017,7.441643884,6314674285,6315591737,2548905.649714892730,2548916.268372073770,retrograde
NorthNode,7.473379958,6.500503738,6315839076,6316843005,2548919.131092357449,2548930.750647275709,retrograde
NorthNode,6.575724413,6.198379092,6317216456,6317952745,2548935.072997984476,2548943.594858334400,retrograde
Mercury,180.030428759,165.935985202,6317858397,6319829679,2548942.502867303789,2548965.318628437817,retrograde
NorthNode,6.282512133,6.020860770,6318391792,6319193613,2548948.676423440687,2548957.956750077195,retrograde
NorthNode,6.083304204,6.060789452,6319751167,6320303505,2548964.409932607785,2548970.802725083195,retrograde
NorthNode,6.060790590,6.024948210,6320320723,6320956616,2548971.002009064890,2548978.361880434677,retrograde
Saturn,77.776032965,70.820684167,6320363022,6331951170,2548971.491577349603,2549105.613660998642,retrograde
NorthNode,6.107734750,5.868976198,6321552140,6322281631,2548985.254525043070,2548993.697704337537,retrograde
NorthNode,5.946178193,5.393848767,6322688414,6323532373,2548998.405840625986,2549008.173884606920,retrograde
NorthNode,5.476582085,4.633091542,6323910613,6324812425,2549012.551662139595,2549022.989298189990,retrograde
NorthNode,4.661089046,3.276717477,6325038510,6326114433,2549025.606029907241,2549038.058841249906,retrograde
NorthNode,3.284278750,1.931318533,6326260077,6327347019,2549039.744538520463,2549052.324875085615,retrograde
NorthNode,1.931379622,0.116407047,6327374075,6328599269,2549052.638026039116,2549066.818512482569,retrograde
Mercury,286.276662161,269.977552158,6327459040,6329178477,2549053.621420107782,2549073.522313594818,retrograde
Neptune,174.445295894,171.658508416,6327957020,6341573829,2549059.385073096491,2549216.987027968280,retrograde
NorthNode,0.118718574,358.919566859,6328695711,6329710817,2549067.934741922654,2549079.683657086454,retrograde
NorthNode,358.934917003,357.640247800,6329889668,6330938958,2549081.753683414310,2549093.898245200515,retrograde
NorthNode,357.704466495,357.132259382,6331267448,6332066480,2549097.700211423449,2549106.948267044500,retrograde
NorthNode,357.208242652,356.764657789,6332440014,6333287361,2549111.271581310779,2549121.078842911869,retrograde
NorthNode,356.863906229,356.778135736,6333825397,6334437815,2549127.306111059152,2549134.394277069718,retrograde
Jupiter,233.432987679,223.551214215,6334243832,6344916867,2549132.149100713432,2549255.679602630436,retrograde
NorthNode,356.797594688,356.797571977,6334949447,6334996861,2549140.315947786905,2549140.864714405499,retrograde
NorthNode,356.838881398,356.681220226,6335642869,6336368931,2549148.341668908484,2549156.745161862113,retrograde
NorthNode,356.753876156,356.408486239,6336809499,6337563687,2549161.844323312864,2549170.573349715210,retrograde
Mercury,35.575777628,24.737132516,6337061274,6339107341,2549164.758392028511,2549188.439723439515,retrograde
NorthNode,356.508370662,355.765080212,6337997964,6338901204,2549175.599702650681,2549186.053873334080,retrograde
Pluto,296.686522563,294.167770149,6338541305,6352503785,2549181.888375529088,2549343.491154792719,retrograde
NorthNode,355.804437959,354.826296731,6339167800,6340133321,2549189.139475561678,2549200.314489447512,retrograde
NorthNode,354.846403686,353.533648772,6340346128,6341426251,2549202.777535195462,2549215.278957511298,retrograde
NorthNode,353.535254397,352.081307233,6341509249,6342686377,2549216.239576651715,2549229.863751254044,retrograde
NorthNode,352.081322111,350.724908354,6342704805,6343843999,2549230.077035127208,2549243.262148068286,retrograde
NorthNode,350.728125331,349.438169993,6343949510,6345028606,2549244.483345626853,2549256.972881446593,retrograde
NorthNode,349.466088621,348.625131178,6345270970,6346188802,2549259.778020126745,2549270.401072949171,retrograde
NorthNode,348.669735264,347.997362321,6346474797,6347376351,2549273.711196937598,2549284.145852751099,retrograde
Uranus,24.014141880,20.073499674,6346543910,6359740020,2549274.511122503318,2549427.243873788975,retrograde
NorthNode,348.098450503,347.825760991,6347831630,6348550060,2549289.415283708833,2549297.730447430164,retrograde
Mercury,162.467552617,149.459247770,6347877477,6349911472,2549289.945921808481,2549313.487536825240,retrograde
NorthNode,347.893175480,347.773797602,6349007268,6349730486,2549303.022203946486,2549311.392780710012,retrograde
NorthNode,347.794029963,347.793423073,6350239331,6350384337,2549317.282200467773,2549318.960509576835,retrograde
NorthNode,347.823125549,347.718732167,6350921853,6351550894,2549325.181759282015,2549332.462319859304,retrograde
NorthNode,347.820427003,347.375383738,6352085603,6352930809,2549338.651087568142,2549348.433562194929,retrograde
Saturn,91.912822839,84.942906549,6353160514,6364715113,2549351.092182517052,2549484.825971268117,retrograde
NorthNode,347.444917294,346.845970416,6353290852,6354109179,2549352.600721178576,2549362.072099025361,retrograde
NorthNode,346.906929497,345.686103243,6354434949,6355471252,2549365.842594538815,2549377.836832682602,retrograde
NorthNode,345.699941316,344.451228172,6355644189,6356681915,2549379.838417470455,2549391.849136370234,retrograde
NorthNode,344.453337015,342.750495288,6356776213,6357979892,2549392.940556902438,2549406.872022558935,retrograde
Mercury,270.458524512,254.163149848,6357599101,6359306303,2549402.464719504118,2549422.224002137780,retrograde
NorthNode,342.750568207,341.316169799,6358008535,6359115426,2549407.203537399881,2549420.014782209881,retrograde
NorthNode,341.324348477,340.014494652,6359265279,6360316196,2549421.749185857363,2549433.912577702664,retrograde
Neptune,176.636336213,173.849669913,6359699414,6373329920,2549426.773896054365,2549584.534379565157,retrograde
NorthNode,340.043203523,339.139006428,6360542940,6361463250,2549436.536926220171,2549447.188663402572,retrograde
NorthNode,339.227615203,338.711154972,6361850092,6362668791,2549451.666007680818,2549461.141685013659,retrograde
NorthNode,338.789941174,338.546536684,6363078582,6363819846,2549465.884632804431,2549474.464081607759,retrograde
NorthNode,338.626446259,338.605368571,6364428419,6364935542,2549481.507753770798,2549487.377225123346,retrograde
NorthNode,338.605625885,338.569006111,6365038748,6365617930,2549488.571738558821,2549495.275233757682,retrograde
Venus,12.961139163,356.788243636,6365379975,6369008620,2549492.521127859131,2549534.519340390339,retrograde
NorthNode,338.646230730,338.325697975,6366177172,6366994226,2549501.747944069095,2549511.204594448209,retrograde
Mercury,17.760770219,5.374793734,6367057054,6369069688,2549511.931766591966,2549535.226142734289,retrograde
NorthNode,338.408491693,337.973289705,6367409903,6368164208,2549516.015664770268,2549524.746046881191,retrograde
Mars,241.244825352,224.414086311,6368398764,6374921973,2549527.460822644643,2549602.960924184881,retrograde
NorthNode,338.047971781,336.957815811,6368526620,6369546207,2549528.940633930266,2549540.741405649111,retrograde
Jupiter,264.418070694,254.568376100,6368573638,6379198853,2549529.484824381769,2549652.461853563786,retrograde
NorthNode,336.983466671,336.010022703,6369769663,6370717912,2549543.327710572630,2549554.302807237953,retrograde
Pluto,298.524857972,296.018684020,6370258415,6384230042,2549548.984555895440,2549710.693201129325,retrograde
NorthNode,336.017827351,334.321672132,6370867067,6372084448,2549556.029134908691,2549570.119194738567,retrograde
NorthNode,334.321737567,333.099276560,6372112974,6373205467,2549570.449357728474,2549583.093960146420,retrograde
NorthNode,333.100255989,331.561074089,6373279302,6374447352,2549583.948526298627,2549597.467625385150,retrograde
NorthNode,331.572553560,330.650354168,6374613865,6375552646,2549599.394861907698,2549610.260379402898,retrograde
NorthNode,330.695350034,329.874292290,6375845011,6376790311,2549613.644231876358,2549624.585204614326,retrograde
NorthNode,329.937420977,329.541900547,6377136315,6377909852,2549628.589875094593,2549637.542856600136,retrograde
Mercury,144.153220972,132.468405451,6377866643,6379943907,2549637.042756013572,2549661.085153102875,retrograde
NorthNode,329.644248906,329.452656597,6378412997,6379147666,2549643.366289383732,2549651.869405194186,retrograde
Uranus,28.019801936,24.075210989,6378462494,6391640088,2549643.939173272811,2549796.457620370202,retrograde
NorthNode,329.498680188,329.480473795,6379657750,6380154840,2549657.773152711801,2549663.526508815587,retrograde
NorthNode,329.480810474,329.420501778,6380272548,6380980320,2549664.888868495822,2549673.080676464364,retrograde
NorthNode,329.492840029,329.293434872,6381515431,6382184385,2549679.274090209976,2549687.016612887383,retrograde
NorthNode,329.382633789,328.728113903,6382627095,6383544962,2549692.140569763258,2549702.764039864764,retrograde
NorthNode,328.791971658,328.088307984,6383881266,6384721413,2549706.656445401721,2549716.380371287465,retrograde
NorthNode,328.121791909,326.597343489,6384971545,6386104466,2549719.275415706448,2549732.387930131517,retrograde
Saturn,106.093057452,99.118977963,6385950505,6397496245,2549730.605966560543,2549864.237224042416,retrograde
NorthNode,326.603126601,325.412414215,6386234027,6387272133,2549733.887474568561,2549745.902585864998,retrograde
NorthNode,325.412544135,323.494506219,6387308252,6388571267,2549746.320636167191,2549760.938857308589,retrograde
Mercury,254.657780099,238.458610399,6387728870,6389445540,2549751.188894532621,2549771.057768270373,retrograde
NorthNode,323.496309711,322.353026871,6388657392,6389648703,2549761.935675207525,2549773.409180900082,retrograde
NorthNode,322.369893512,321.039474247,6389839093,6390907644,2549775.612774549983,2549787.980259410106,retrograde
NorthNode,321.090910011,320.490159144,6391201337,6392005195,2549791.379492749460,2549800.683394060470,retrograde
Neptune,178.824688724,176.037417784,6391444794,6405074703,2549794.197279936634,2549951.950849355198,retrograde
NorthNode,320.584266319,320.144993750,6392416717,6393256857,2549805.446388443932,2549815.170229936019,retrograde
NorthNode,320.227368486,320.125695604,6393738089,6394371387,2549820.740038650110,2549828.069881630130,retrograde
NorthNode,320.151562583,320.151438234,6394916353,6394998911,2549834.377353035845,2549835.332886708900,retrograde
NorthNode,320.193180222,320.067005784,6395620238,6396270604,2549842.524173547514,2549850.051558926702,retrograde
NorthNode,320.149676839,319.682239716,6396734884,6397580508,2549855.425168867223,2549865.212486635894,retrograde
Mercury,0.593620896,346.823404269,6397111654,6399072719,2549859.785928919911,2549882.483450777829,retrograde
NorthNode,319.772269751,319.158213050,6397985139,6398803020,2549869.895709201694,2549879.361934607849,retrograde
NorthNode,319.203223071,317.903983579,6399083664,6400153234,2549882.610125687905,2549894.989411016926,retrograde
NorthNode,317.919246341,316.822104160,6400340381,6401338821,2549897.155459974892,2549908.711483512074,retrograde
NorthNode,316.823591656,315.000341494,6401420543,6402681130,2549909.657334564254,2549924.247458552942,retrograde
Pluto,300.339062686,297.844984534,6401961560,6415955469,2549915.919100907631,2550077.885648892261,retrograde
NorthNode,315.000439519,313.870529450,6402714661,6403757988,2549924.635553812608,2549936.711097806692,retrograde
Jupiter,297.091706854,287.257593115,6403096677,6413604716,2549929.057027883828,2550050.677853852510,retrograde
NorthNode,313.875379878,312.389850334,6403881585,6405018989,2549938.141622127034,2549951.306014463305,retrograde
NorthNode,312.419081442,311.723863716,6405260537,6406109743,2549954.101703993976,2549963.930488307029,retrograde
NorthNode,311.780013863,311.089107875,6406431033,6407362794,2549967.649113749154,2549978.433385327458,retrograde
NorthNode,311.176138928,310.954693114,6407795013,6408474614,2549983.435923459940,2549991.301679781638,retrograde
Mercury,125.028090789,114.748134053,6407819407,6409911232,2549983.718265704811,2550007.929196067154,retrograde
NorthNode,311.030431113,310.937300057,6408988475,6409715977,2549997.249143210240,2550005.669304695912,retrograde
NorthNode,310.943541669,310.939667836,6410043730,6410321206,2550009.462741008028,2550012.674270938151,retrograde
Uranus,32.042035471,28.093759160,6410377152,6423540409,2550013.321788073517,2550165.674301669933,retrograde
NorthNode,310.974534324,310.825795438,6410843963,6411553437,2550018.724701117724,2550026.936196023598,retrograde
NorthNode,310.929117331,310.559217465,6412077534,6412844527,2550033.002132189460,2550041.879376968369,retrograde
NorthNode,310.626838143,309.864741123,6413203492,6414124683,2550046.034060413949,2550056.695993904956,retrograde
NorthNode,309.917873391,308.968010970,6414434725,6415370294,2550060.284438010305,2550071.112788927741,retrograde
Venus,220.619484321,204.942475501,6415516809,6419122242,2550072.808559386060,2550114.538106964901,retrograde
NorthNode,308.982319899,307.441010709,6415547953,6416698532,2550073.169019229710,2550086.485912695527,retrograde
NorthNode,307.442478685,306.125766425,6416782105,6417880734,2550087.453196326271,2550100.168806388974,retrograde
Mercury,238.800071926,222.786788179,6417844515,6419592147,2550099.749599918723,2550119.976828239858,retrograde
NorthNode,306.125809266,304.371521221,6417905042,6419119978,2550100.450142750517,2550114.511904392391,retrograde
Saturn,120.228989011,113.261136394,6418724274,6430284790,2550109.931994110346,2550243.734271645546,retrograde
NorthNode,304.379920941,303.336426558,6419270793,6420223504,2550116.257448600605,2550127.284200672992,retrograde
NorthNode,303.363797871,302.256947839,6420447856,6421460514,2550129.880860509351,2550141.601443737745,retrograde
NorthNode,302.339610820,301.902084050,6421834557,6422583852,2550145.930641523562,2550154.603040475398,retrograde
NorthNode,301.987494551,301.691943231,6423004293,6423810494,2550159.469261310995,2550168.800282265991,retrograde
Neptune,181.009497222,178.221925004,6423182338,6436827756,2550161.529967482202,2550319.463037461974,retrograde
NorthNode,301.764643356,301.742958752,6424387625,6424898063,2550175.480048097670,2550181.387893409468,retrograde
NorthNode,301.743037222,301.704326816,6424966391,6425572229,2550182.178724463098,2550189.190739384852,retrograde
NorthNode,301.794772404,301.511293076,6426168520,6426929804,2550196.092255547643,2550204.903415178880,retrograde
Mercury,343.908322625,329.068765137,6427208929,6429108361,2550208.134027965367,2550230.118187248707,retrograde
NorthNode,301.588862791,301.044030460,6427326463,6428148664,2550209.494375131093,2550219.010589432903,retrograde
NorthNode,301.126197925,300.191715570,6428523657,6429463739,2550223.350779955275,2550234.231365344487,retrograde
NorthNode,300.216108645,298.940667580,6429678420,6430727839,2550236.716092693619,2550248.862145904452,retrograde
NorthNode,298.947470691,297.549393018,6430870402,6431991762,2550250.512183696963,2550263.490889680572,retrograde
NorthNode,297.549436470,295.951952563,6432016176,6433209762,2550263.773458451964,2550277.588110137731,retrograde
NorthNode,295.953953076,294.752198410,6433304019,6434351176,2550278.679048892111,2550290.798923201859,retrograde
Pluto,302.128434442,299.645746271,6433665867,6447679319,2550282.867103512399,2550445.059830830432,retrograde
NorthNode,294.764951596,293.603955130,6434521982,6435552004,2550292.775837759487,2550304.697397146374,retrograde
NorthNode,293.659015682,293.057599634,6435869974,6436703046,2550308.377598345280,2550318.019634565338,retrograde
Mars,294.774250194,282.790578530,6436925501,6442539665,2550320.594343678094,2550385.573096130975,retrograde
NorthNode,293.121427527,292.662513288,6437053207,6437901221,2550322.072430826724,2550331.887402425520,retrograde
Mercury,105.239432364,96.133491817,6437727200,6439810069,2550329.873276151717,2550353.980546332896,retrograde
Jupiter,331.817875193,321.965766965,6437816010,6448166980,2550330.901168741286,2550450.704058840871,retrograde
NorthNode,292.764571245,292.639690760,6438424374,6439069529,2550337.942410312593,2550345.409483782947,retrograde
NorthNode,292.678567850,292.670857149,6439590993,6439944456,2550351.444952523336,2550355.535958083346,retrograde
NorthNode,292.676554020,292.590908068,6440257983,6440967760,2550359.164747578092,2550367.379749931395,retrograde
NorthNode,292.653489106,292.427796193,6441442817,6442138588,2550372.878102387302,2550380.930999346077,retrograde
Uranus,36.083356414,32.130241547,6442300046,6455443140,2550382.799732475542,2550534.918872169219,retrograde
NorthNode,292.531427531,291.898263093,6442610291,6443502904,2550386.390526249073,2550396.721701246686,retrograde
NorthNode,291.948980953,291.169336734,6443806115,6444698145,2550400.231085804291,2550410.555506831035,retrograde
NorthNode,291.203594344,289.873475237,6444957895,6446033039,2550413.561866440810,2550426.005672575906,retrograde
NorthNode,289.878281703,288.530579143,6446153036,6447268252,2550427.394523933530,2550440.302113883197,retrograde
NorthNode,288.530656519,286.947700867,6447299749,6448486722,2550440.666664473712,2550454.404779570177,retrograde
Mercury,222.801347353,207.089767788,6447942802,6449740597,2550448.109407655895,2550468.917215712368,retrograde
NorthNode,286.949018589,285.598198752,6448563085,6449639181,2550455.288612086326,2550467.743425171822,retrograde
NorthNode,285.618402947,284.545710164,6449848489,6450826793,2550470.165964254178,2550481.488926405087,retrograde
NorthNode,284.587513418,283.833017969,6451094120,6451988118,2550484.582990822382,2550494.930194390938,retrograde
Saturn,134.237173438,127.286043274,6451477118,6463073440,2550489.015846736729,2550623.232528775930,retrograde
NorthNode,283.939725271,283.582502934,6452428185,6453184664,2550500.023563701659,2550508.779108371586,retrograde
NorthNode,283.657710402,283.516212092,6453631632,6454343808,2550513.952351589687,2550522.195127137937,retrograde
NorthNode,283.547159844,283.547055771,6454923730,6455000933,2550528.907184110023,2550529.800732360221,retrograde
Neptune,183.191283930,180.403509596,6454927156,6468575372,2550528.946834267117,2550686.912300302647,retrograde
NorthNode,283.578207868,283.471095175,6455558610,6456178067,2550536.255334011279,2550543.424972074106,retrograde
NorthNode,283.574451151,283.077853054,6456701037,6457565364,2550549.477864782326,2550559.481653554365,retrograde
Mercury,327.555546672,311.980763471,6457333626,6459169605,2550556.799503572285,2550578.049259938300,retrograde
NorthNode,283.152201320,282.543183956,6457928564,6458735249,2550563.685350388288,2550573.021983321756,retrograde
NorthNode,282.600580045,281.270407262,6459048304,6460116099,2550576.645304972306,2550589.004047201946,retrograde
NorthNode,281.282857391,280.100483708,6460283136,6461301685,2550590.937351287343,2550602.726108599454,retrograde
NorthNode,280.102091755,278.339839610,6461387642,6462619285,2550603.720980919898,2550617.976104488596,retrograde
NorthNode,278.339987722,277.068228582,6462656197,6463727067,2550618.403324797750,2550630.797656186856,retrograde
NorthNode,277.075811718,275.752849657,6463874846,6464956159,2550632.508058320731,2550645.023256151006,retrograde
NorthNode,275.780035195,274.987129759,6465184367,6466077073,2550647.664553160779,2550657.996800885536,retrograde
Pluto,303.892827294,301.420717223,6465376127,6479391021,2550649.884006683715,2550812.093421942554,retrograde
Venus,81.992773506,65.488125072,6466134158,6469842740,2550658.657504031435,2550701.580906497315,retrograde
NorthNode,275.062862515,274.511635539,6466447448,6467305169,2550662.283544834703,2550672.210870492272,retrograde
Mercury,85.174399111,76.618606073,6467592798,6469661566,2550675.539910070598,2550699.483990848064,retrograde
NorthNode,274.585371377,274.342129150,6467707974,6468435170,2550676.872970430180,2550685.289596336894,retrograde
NorthNode,274.427822666,274.374765290,6469015995,6469664482,2550692.012106496841,2550699.517744899727,retrograde
NorthNode,274.376044243,274.367250587,6469851495,6470231347,2550701.682236656547,2550706.078674948774,retrograde
NorthNode,274.416980335,274.205059936,6470795356,6471577844,2550712.606562352739,2550721.663136968389,retrograde
NorthNode,274.289193918,273.959538143,6472038564,6472760215,2550726.995539012365,2550735.347980284132,retrograde
Jupiter,8.232822297,358.323943497,6472654360,6482868093,2550734.122805997729,2550852.337316811085,retrograde
NorthNode,274.037722118,273.132105807,6473146372,6474132311,2550739.817387107760,2550751.228725893423,retrograde
Uranus,40.144596319,36.186378512,6474216715,6487346167,2550752.205625199713,2550904.166872133501,retrograde
NorthNode,273.170597928,272.333624721,6474400760,6475299281,2550754.335769591853,2550764.735316874459,retrograde
NorthNode,272.348874013,270.688423375,6475487717,6476679017,2550766.916298352182,2550780.704488432035,retrograde
NorthNode,270.689338124,269.495270749,6476748489,6477823190,2550781.508559149690,2550793.947224986739,retrograde
NorthNode,269.495344405,267.731012756,6477853604,6479083328,2550794.299249089323,2550808.532160783187,retrograde
Mercury,206.560666671,191.306664278,6478021672,6479883746,2550796.244473993778,2550817.796261250973,retrograde
NorthNode,267.737820812,266.731396384,6479220341,6480169387,2550810.117963024415,2550821.102290011011,retrograde
NorthNode,266.764330845,265.701438449,6480418972,6481422448,2550823.991004351526,2550835.605306156911,retrograde
NorthNode,265.765932959,265.299823834,6481755282,6482528001,2550839.457559454255,2550848.401065180078,retrograde
NorthNode,265.405043292,265.128184752,6482996610,6483775744,2550853.824777658097,2550862.842534897849,retrograde
Saturn,148.045799127,141.120716498,6484207918,6495849922,2550867.844550617039,2551002.589960545301,retrograde
NorthNode,265.190039657,265.155722193,6484288626,6484877435,2550868.778668549843,2550875.593583515845,retrograde
NorthNode,265.155769072,265.113006002,6484935184,6485579423,2550876.261975829490,2550883.718443984166,retrograde
NorthNode,265.192625181,264.977557291,6486142843,6486821655,2550890.239514851943,2550898.096135939471,retrograde
Neptune,185.370809801,182.583660389,6486667199,6500324237,2550896.308450442739,2551054.376014112495,retrograde
NorthNode,265.067737464,264.391677169,6487253469,6488161138,2550903.093980771489,2550913.599406293593,retrograde
Mercury,311.447769329,295.424536161,6487474079,6489252969,2550905.647339649498,2550926.236333757639,retrograde
NorthNode,264.463218879,263.695480331,6488507810,6489360877,2550917.611810309812,2550927.485279743560,retrograde
NorthNode,263.726345670,262.153597769,6489597942,6490734118,2550930.229082300328,2550943.379263056442,retrograde
NorthNode,262.158841331,260.943773694,6490859925,6491906416,2550944.835365244187,2550956.947531047277,retrograde
NorthNode,260.943834900,259.049123614,6491934217,6493197401,2550957.269303044304,2550971.889484594576,retrograde
NorthNode,259.051559678,257.972870668,6493294510,6494273788,2550973.013435935602,2550984.347669878975,retrograde
NorthNode,257.989204171,256.710833922,6494462899,6495535047,2550986.536455636844,2550998.945570218377,retrograde
NorthNode,256.762897121,256.216800365,6495838873,6496630771,2551002.462074699812,2551011.627560871653,retrograde
NorthNode,256.297681163,255.853392812,6497023904,6497882763,2551016.177718697116,2551026.118217624724,retrograde
Pluto,305.631370617,303.169360184,6497079058,6511111774,2551016.816074610688,2551179.231762937270,retrograde
Mercury,65.376581699,56.488958638,6497448804,6499508567,2551021.095542423427,2551044.935387350619,retrograde
NorthNode,255.936407645,255.830621904,6498370657,6498997135,2551031.765138496645,2551039.016032929532,retrograde
NorthNode,255.867892618,255.867378224,6499590611,6499729513,2551045.884972074069,2551047.492630133405,retrograde
NorthNode,255.887439247,255.797808391,6500242971,6500893780,2551053.435432706028,2551060.967942885123,retrograde
NorthNode,255.865301254,255.538124103,6501363864,6502156458,2551066.408732649870,2551075.582281928509,retrograde
NorthNode,255.634473093,255.110187360,6502603300,6503414905,2551080.754057001323,2551090.147631789558,retrograde
NorthNode,255.159989924,254.123647801,6503716906,6504723983,2551093.643022553064,2551105.298999706283,retrograde
NorthNode,254.149895618,253.113264319,6504958509,6505939178,2551108.013424301520,2551119.363755880855,retrograde
NorthNode,253.117554480,251.432873739,6506056569,6507286543,2551120.722450876608,2551134.958263029344,retrograde
Uranus,44.227227755,40.261997306,6506142935,6519254151,2551121.722062048502,2551273.472242462449,retrograde
Mars,12.619532311,1.327437918,6506900694,6512269245,2551130.492420964874,2551192.628416684456,retrograde
NorthNode,251.432889557,250.223115874,6507305001,6508391361,2551135.171891691163,2551147.745508231223,retrograde
Jupiter,45.148843535,35.157590985,6507458233,6517613106,2551136.945411972702,2551254.478659950197,retrograde
Mercury,189.930865928,175.342636965,6508079304,6510012150,2551144.133737131953,2551166.504636138678,retrograde
NorthNode,250.224610557,248.611303914,6508472757,6509640227,2551148.687583412975,2551162.199976268224,retrograde
NorthNode,248.631377515,247.794845323,6509848416,6510738814,2551164.609569656663,2551174.915101662278,retrograde
NorthNode,247.838706726,246.965755464,6511017109,6511982426,2551178.136108237319,2551189.308760265820,retrograde
NorthNode,247.059499273,246.760135263,6512400032,6513103086,2551194.142163463868,2551202.279356585816,retrograde
NorthNode,246.843658750,246.683301831,6513575736,6514333959,2551207.749851020984,2551216.525574165396,retrograde
NorthNode,246.711042166,246.711041393,6514916539,6514931698,2551223.268394172192,2551223.443845862523,retrograde
NorthNode,246.735084533,246.616763913,6515477367,6516147323,2551229.759460599162,2551237.513586397283,retrograde
Venus,295.994151443,280.619330884,6516660988,6520197390,2551243.458779769018,2551284.389364527538,retrograde
NorthNode,246.729186324,246.323604885,6516693661,6517481728,2551243.836946458556,2551252.958085046150,retrograde
Saturn,161.599276427,154.707538110,6516918542,6528612338,2551246.439731426537,2551381.784587405622,retrograde
Mercury,295.495935175,279.245476665,6517620387,6519355697,2551254.562931448221,2551274.647542499006,retrograde
NorthNode,246.396009398,245.652444150,6517841501,6518729314,2551257.122130306438,2551267.397740644403,retrograde
Neptune,187.549236328,184.763304337,6518416831,6532073851,2551263.781039188616,2551421.848396188579,retrograde
NorthNode,245.712660583,244.625677304,6519048674,6520016282,2551271.094032284804,2551282.293199988082,retrograde
NorthNode,244.639455069,243.124270330,6520187945,6521313906,2551284.280043313280,2551297.311999384314,retrograde
NorthNode,243.125580066,241.685308676,6521394010,6522520311,2551298.239124874584,2551311.275014810264,retrograde
NorthNode,241.685412774,240.035497780,6522552697,6523732186,2551311.649856543168,2551325.301348973066,retrograde
NorthNode,240.045440678,238.983666511,6523893686,6524861800,2551327.170569314621,2551338.375586419366,retrograde
NorthNode,239.011510089,238.012217082,6525089085,6526075155,2551341.006200101227,2551352.419052895159,retrograde
NorthNode,238.095713725,237.671035601,6526460141,6527220463,2551356.874904101714,2551365.674921514466,retrograde
Mercury,46.271333529,36.273395365,6527340862,6529393188,2551367.068439565599,2551390.822201631963,retrograde
NorthNode,237.747762164,237.472534922,6527630924,6528426130,2551370.425631070510,2551379.629403183237,retrograde
Pluto,307.344114378,304.892010429,6528790206,6542819909,2551383.843243443407,2551546.224065930583,retrograde
NorthNode,237.547661657,237.519037153,6529012214,6529581652,2551386.412780157290,2551393.003505209461,retrograde
NorthNode,237.519113033,237.498418668,6529652092,6530177975,2551393.818776516244,2551399.905385624617,retrograde
NorthNode,237.570504412,237.336341880,6530782511,6531549593,2551406.902328764088,2551415.780603647232,retrograde
NorthNode,237.408400730,237.003225730,6531961843,6532734116,2551420.552011292428,2551429.490356190130,retrograde
NorthNode,237.088847491,236.252303775,6533135362,6534078485,2551434.134410571307,2551445.050178585574,retrograde
NorthNode,236.282373720,235.267393428,6534318378,6535297349,2551447.826726414263,2551459.157409642823,retrograde
NorthNode,235.280709540,233.896522749,6535481506,6536601983,2551461.288845189847,2551474.257337171584,retrograde
NorthNode,233.897063316,232.460892438,6536659452,6537821162,2551474.922483702190,2551488.368207319640,retrograde
NorthNode,232.461129017,231.092223876,6537867477,6538993621,2551488.904251060449,2551501.938330063596,retrograde
Uranus,48.330662779,44.357790419,6538061329,6551159458,2551491.147910584696,2551642.746626003645,retrograde
Mercury,172.763706319,159.096690275,6538114578,6540114457,2551491.764221288264,2551514.910972669721,retrograde
NorthNode,231.098597092,229.882690636,6539126657,6540164113,2551503.478099846281,2551515.485688230954,retrograde
NorthNode,229.922055342,229.127971550,6540438347,6541339446,2551518.659696139395,2551529.089079212397,retrograde
NorthNode,229.183992678,228.609518305,6541654786,6542514025,2551532.738846626133,2551542.683744113892,retrograde
Jupiter,81.096244271,71.041026759,6542106728,6552305121,2551537.969663783908,2551656.006617113948,retrograde
NorthNode,228.722169448,228.513525041,6543007744,6543702710,2551548.398082409985,2551556.441676681861,retrograde
NorthNode,228.571182131,228.523397272,6544192462,6544861299,2551562.110103963874,2551569.851270825602,retrograde
NorthNode,228.523424919,228.479228268,6544910170,6545570402,2551570.416902728379,2551578.058481034823,retrograde
NorthNode,228.540190907,228.348814261,6546077203,6546741290,2551583.924232156947,2551591.610426125117,retrograde
NorthNode,228.459259921,227.792195172,6547224370,6548126709,2551597.201630094089,2551607.645365745761,retrograde
Mercury,279.641464364,263.324973326,6547764776,6549475598,2551603.456329487264,2551623.257504940033,retrograde
NorthNode,227.852299794,227.086151237,6548444982,6549305506,2551611.329085282050,2551621.288855488412,retrograde
NorthNode,227.125001202,225.616975880,6549570141,6550673658,2551624.351752803661,2551637.123939245008,retrograde
Saturn,174.859240191,168.005929153,6549600199,6561357923,2551624.699651718140,2551760.784418210387,retrograde
Neptune,189.727966113,186.943847169,6550162843,6563826085,2551631.211731345393,2551789.351112679578,retrograde
NorthNode,225.622105621,224.291877141,6550794438,6551880862,2551638.521860104986,2551651.096215282567,retrograde
NorthNode,224.291939214,222.529808056,6551909562,6553128235,2551651.428392022848,2551665.533397704363,retrograde
NorthNode,222.531628271,221.268566212,6553213008,6554249992,2551666.514562644064,2551678.516692311503,retrograde
NorthNode,221.290376683,220.163736848,6554464005,6555466969,2551680.993695208803,2551692.602074196562,retrograde
NorthNode,220.208788878,219.548102193,6555745372,6556602145,2551695.824331300333,2551705.740689411759,retrograde
NorthNode,219.651095533,219.294654397,6557043572,6557822413,2551710.849802817218,2551719.864166501909,retrograde
Mercury,27.997710126,16.496219016,6557296346,6559330293,2551713.775421455503,2551737.316480986774,retrograde
NorthNode,219.366221444,219.245315886,6558275075,6558960727,2551725.103308227845,2551733.039099357091,retrograde
NorthNode,219.304354536,219.213420507,6560191623,6560805088,2551747.285571288317,2551754.385859227739,retrograde
Pluto,309.032168533,306.590307642,6560490557,6574533677,2551750.745460665785,2551913.281568945386,retrograde
NorthNode,219.300438762,218.879852624,6561318029,6562173340,2551760.322676830925,2551770.222111449577,retrograde
NorthNode,218.955322420,218.451642429,6562559936,6563342017,2551774.696608640254,2551783.748471532017,retrograde
NorthNode,218.508907424,217.337868231,6563665814,6564721206,2551787.496113891713,2551799.711307205260,retrograde
NorthNode,217.355317736,216.352426119,6564916934,6565887518,2551801.976677128114,2551813.210282701999,retrograde
NorthNode,216.356336639,214.646087642,6566005331,6567253849,2551814.573856904171,2551829.024297444150,retrograde
Venus,148.741643112,132.322358343,6566842809,6570563594,2551824.266894673929,2551867.331532733515,retrograde
NorthNode,214.646090382,213.459556318,6567263830,6568344110,2551829.139824991114,2551841.643065688200,retrograde
Mercury,154.886210841,142.413948733,6568122792,6570176507,2551839.081507086754,2551862.851367250085,retrograde
NorthNode,213.461977775,211.968109144,6568444074,6569594015,2551842.800059841946,2551856.109557264484,retrograde
NorthNode,211.985852441,211.136862645,6569789552,6570693051,2551858.372712834738,2551868.829878157005,retrograde
Uranus,52.455443642,48.473093010,6569990064,6583072690,2551860.693462793715,2552012.112743579783,retrograde
NorthNode,211.192271369,210.440701386,6571009895,6571937895,2551872.497053811327,2551883.237796069123,retrograde
NorthNode,210.514584451,210.191237108,6572316010,6573052804,2551887.614128380083,2551896.141839927994,retrograde
NorthNode,210.291899003,210.161980529,6573583399,6574296392,2551902.282978666015,2551910.535213901661,retrograde
Mars,77.144635800,60.518498547,6574864539,6581106839,2551917.110995654948,2551989.359836704098,retrograde
NorthNode,210.208803125,210.064571398,6575416115,6576159221,2551923.494978919625,2551932.095742057078,retrograde
Jupiter,115.141745921,105.074206814,6576547401,6586854589,2551936.588558658957,2552055.884718224406,retrograde
NorthNode,210.158230218,209.851153716,6576664898,6577375294,2551937.948485277593,2551946.170656525530,retrograde
NorthNode,209.936437188,209.048633919,6577770804,6578734571,2551950.748317561112,2551961.903027883731,retrograde
Mercury,263.835658954,247.568487014,6577901067,6579609326,2551952.255994468927,2551972.027509637177,retrograde
NorthNode,209.099484736,208.221486552,6579028980,6579918366,2551965.310536902398,2551975.604356394149,retrograde
NorthNode,208.239584282,206.457963775,6580111987,6581302638,2551977.845345550217,2551991.626021510921,retrograde
NorthNode,206.459157006,205.202814372,6581377750,6582446071,2551992.495375747792,2552004.860203403980,retrograde
Neptune,191.907558010,189.125371904,6581913218,6595582685,2551998.692924664356,2552156.904345997609,retrograde
Saturn,187.805912912,180.993822816,6582253108,6594083264,2552002.626841716468,2552139.549943752587,retrograde
NorthNode,205.202880583,203.308154024,6582474572,6583713044,2552005.190078324638,2552019.524240120314,retrograde
NorthNode,203.316561628,202.322724715,6583859951,6584791805,2552021.224554585293,2552032.009906538762,retrograde
NorthNode,202.356622863,201.270280844,6585040157,6586051878,2552034.884344142862,2552046.594082484022,retrograde
NorthNode,201.342119599,200.923253776,6586403823,6587152982,2552050.667516269721,2552059.338335761800,retrograde
Mercury,10.481750768,357.477444712,6587318262,6589312386,2552061.251306153834,2552084.331440776587,retrograde
NorthNode,201.020464994,200.756187717,6587613347,6588403981,2552064.666635093279,2552073.817500508390,retrograde
NorthNode,200.815317768,200.791304786,6588937573,6589494111,2552079.993327545933,2552086.434737198986,retrograde
NorthNode,200.791310762,200.749652498,6589524052,6590186990,2552086.781284188852,2552094.454179072753,retrograde
NorthNode,200.829198115,200.617964226,6590766195,6591462109,2552101.157937646843,2552109.212497857399,retrograde
NorthNode,200.696672621,200.129470753,6591882350,6592759881,2552114.076396794058,2552124.233009355143,retrograde
Pluto,310.696674192,308.265487423,6592188519,6606245012,2552117.620020494796,2552280.310909827240,retrograde
NorthNode,200.203539816,199.495810707,6593127759,6593987035,2552128.490854784846,2552138.436173570342,retrograde
NorthNode,199.526387150,198.199271740,6594229570,6595325996,2552141.243289837614,2552153.933406384662,retrograde
NorthNode,198.207648712,197.074850441,6595479748,6596515285,2552155.712945501320,2552167.698325227015,retrograde
NorthNode,197.075212683,195.337932905,6596566365,6597820296,2552168.289531581104,2552182.802624821663,retrograde
NorthNode,195.338571521,194.243741100,6597883930,6598904913,2552183.539127827622,2552195.356057064608,retrograde
Mercury,136.202575918,125.119829919,6598096728,6600183196,2552186.002072967589,2552210.151001006365,retrograde
NorthNode,194.251710923,192.888876255,6599051976,6600158730,2552197.058177048340,2552209.867833067663,retrograde
NorthNode,192.928026017,192.291049012,6600431612,6601258076,2552213.026190398261,2552222.591741362587,retrograde
NorthNode,192.354307330,191.757199881,6601598743,6602504039,2552226.534647874534,2552237.012610169128,retrograde
Uranus,56.601378274,52.609425894,6601910916,6614981006,2552230.147757106461,2552381.421949849464,retrograde
NorthNode,191.851229491,191.678622819,6602971007,6603624967,2552242.417338003404,2552249.986320288852,retrograde
NorthNode,191.741898321,191.702709907,6604158429,6604810510,2552256.160648152232,2552263.707876996137,retrograde
NorthNode,191.702735949,191.661754990,6604859452,6605502545,2552264.274331244640,2552271.717541938648,retrograde
NorthNode,191.717943054,191.484937350,6605994904,6606728072,2552277.416138594039,2552285.901878281496,retrograde
NorthNode,191.596997115,191.078868924,6607218865,6608034370,2552291.582357459702,2552301.021073385142,retrograde
Mercury,248.016239526,231.888408937,6608024659,6609752622,2552300.908682405949,2552320.908250115812,retrograde
NorthNode,191.138424038,190.184294133,6608354097,6609308498,2552304.721613591537,2552315.767926971428,retrograde
NorthNode,190.222529908,189.064880710,6609573535,6610567339,2552318.835488236509,2552330.337846696377,retrograde
NorthNode,189.070963357,187.366264315,6610695651,6611891146,2552331.822938121855,2552345.659682163969,retrograde
Jupiter,147.205602266,137.169325959,6610813557,6621260337,2552333.187590107322,2552454.099395915866,retrograde
NorthNode,187.366314409,185.987325968,6611917840,6613028788,2552345.968638028949,2552358.826835385524,retrograde
NorthNode,185.988711774,184.339302233,6613105903,6614255099,2552359.719367334619,2552373.020254503004,retrograde
Neptune,194.088677873,191.308227344,6613658095,6627330259,2552366.110485629179,2552524.353126152419,retrograde
NorthNode,184.361834630,183.459326939,6614469726,6615374310,2552375.504360873252,2552385.974076870829,retrograde
Saturn,200.437111356,193.666450871,6614881753,6626784393,2552380.273192547262,2552518.035232760012,retrograde
NorthNode,183.504712322,182.654341794,6615651439,6616598778,2552389.181593465619,2552400.146167027764,retrograde
NorthNode,182.757076072,182.467652186,6617035216,6617739063,2552405.197529546916,2552413.343913030811,retrograde
Mercury,353.538760294,339.273209702,6617393113,6619329254,2552409.339861437678,2552431.748897515237,retrograde
Venus,10.637283007,354.478880809,6617635979,6621259891,2552412.150805672631,2552454.094231894240,retrograde
NorthNode,182.544664927,182.405330089,6618205224,6618951546,2552418.739293914288,2552427.377271611243,retrograde
NorthNode,182.425768517,182.425347741,6619454122,6619579703,2552433.194131171331,2552434.647611209191,retrograde
NorthNode,182.454465351,182.339535731,6620112551,6620765041,2552440.814838954248,2552448.366796388291,retrograde
NorthNode,182.447241539,182.031275452,6621307734,6622122508,2552454.647973445244,2552464.078224348836,retrograde
NorthNode,182.098139107,181.465816309,6622479061,6623332115,2552468.204995677806,2552478.078302605078,retrograde
NorthNode,181.525101166,180.468495121,6623659746,6624650576,2552481.870337150060,2552493.338276025839,retrograde
Pluto,312.339531547,309.919529163,6623880670,6637956318,2552484.427325357683,2552647.339912164025,retrograde
NorthNode,180.482737651,179.225259357,6624828798,6625901877,2552495.401021383703,2552507.820922248065,retrograde
NorthNode,179.227725298,177.803705765,6626004074,6627163716,2552509.003761350177,2552522.425536102615,retrograde
NorthNode,177.803710214,176.351246801,6627175303,6628344082,2552522.559653718024,2552536.087182885967,retrograde
Mercury,116.761519459,107.035460328,6628029436,6630121700,2552532.445451900363,2552556.661469370127,retrograde
NorthNode,176.355893466,175.203580484,6628471348,6629502981,2552537.560168286785,2552549.500368216075,retrograde
NorthNode,175.221298337,174.211378631,6629697434,6630688240,2552551.750976823270,2552563.218641445041,retrograde
NorthNode,174.277301259,173.731435776,6631036035,6631855617,2552567.244046331383,2552576.729945638217,retrograde
NorthNode,173.799557014,173.429812130,6632225696,6633039648,2552581.013267661445,2552590.434007833712,retrograde
NorthNode,173.528483282,173.441665894,6633594408,6634223377,2552596.854849007912,2552604.134574573487,retrograde
Uranus,60.769831835,56.767535393,6633842006,6646897640,2552599.720559143461,2552750.827438817360,retrograde
NorthNode,173.494078472,173.339743952,6635395183,6636143964,2552617.697145467624,2552626.363597889431,retrograde
NorthNode,173.414189720,173.107262082,6636595741,6637313466,2552631.592493742704,2552639.899499997497,retrograde
NorthNode,173.207496278,172.387456946,6637748169,6638688589,2552644.930781609379,2552655.815269624814,retrograde
Mercury,232.119845391,216.223405589,6638132911,6639900672,2552649.383820272982,2552669.844017192721,retrograde
NorthNode,172.429420963,171.498127162,6638958406,6639879575,2552658.938156690449,2552669.599832235835,retrograde
NorthNode,171.519778094,169.959436954,6640093116,6641227774,2552672.071371045895,2552685.203993418254,retrograde
NorthNode,169.960699965,168.523657735,6641302543,6642431280,2552686.069371315651,2552699.133454660885,retrograde
Mars,120.890500775,102.003057512,6641446157,6648188619,2552687.731565139256,2552765.769323282875,retrograde
NorthNode,168.523715390,166.901944931,6642459375,6643635564,2552699.458635113202,2552713.071932827123,retrograde
NorthNode,166.908101622,165.681948989,6643764032,6644774738,2552714.558828383684,2552726.256810293533,retrograde
Jupiter,177.804271420,167.823788430,6644969265,6655539909,2552728.508287571371,2552850.853700436652,retrograde
NorthNode,165.722121625,164.810439985,6645044061,6645978422,2552729.373973025940,2552740.188337278552,retrograde
Neptune,196.270495726,193.491570193,6645402173,6659086947,2552733.518789024092,2552891.907379259355,retrograde
NorthNode,164.871190118,164.324690625,6646298857,6647127781,2552743.897079555318,2552753.491112781689,retrograde
Saturn,212.764974014,206.033387701,6647483592,6659464291,2552757.609286621213,2552896.274784296751,retrograde
Mercury,337.010472492,321.815249580,6647504314,6649375630,2552757.849129796028,2552779.507874339819,retrograde
NorthNode,164.441543886,164.227263414,6647626672,6648340212,2552759.265308476053,2552767.523876013234,retrograde
NorthNode,164.281422298,164.248855482,6648836547,6649434280,2552773.268496007659,2552780.186692453921,retrograde
NorthNode,164.248888955,164.190497376,6649486432,6650197948,2552780.790312602185,2552789.025448499247,retrograde
NorthNode,164.258269278,164.060194659,6650712618,6651376475,2552794.982275823131,2552802.665810959414,retrograde
NorthNode,164.160875005,163.488948507,6651840247,6652757495,2552808.033536283299,2552818.649839457124,retrograde
NorthNode,163.547649343,162.849114842,6653079877,6653925309,2552822.381109946407,2552832.166199150495,retrograde
NorthNode,162.884352770,161.435266281,6654184828,6655302691,2552835.169891660102,2552848.108125085011,retrograde
NorthNode,161.440862839,160.287672833,6655431129,6656481387,2552849.594672703184,2552861.750436400995,retrograde
Pluto,313.962185656,311.553748008,6655573036,6669663910,2552851.237120111473,2553014.325935575180,retrograde
NorthNode,160.287858141,158.561961695,6656523472,6657768021,2552862.237532813102,2552876.642036654986,retrograde
NorthNode,158.562842861,157.434652538,6657836473,6658864847,2552877.434302142821,2552889.336777385324,retrograde
Mercury,96.795923167,88.022842132,6657918517,6659994719,2552878.383882440627,2552902.413996666670,retrograde
NorthNode,157.447502294,156.227161380,6659044964,6660105527,2552891.421466588043,2552903.696506193839,retrograde
NorthNode,156.261846919,155.597575668,6660361434,6661217279,2552906.658392715268,2552916.564002350904,retrograde
NorthNode,155.679997953,155.201274677,6661612120,6662455269,2552921.133919205517,2552930.892588954419,retrograde
NorthNode,155.276083071,155.096800539,6662882983,6663577665,2552935.842979131266,2552943.883278971538,retrograde
NorthNode,155.164906299,155.146695801,6664181586,6664674645,2552950.873109614477,2552956.579809098504,retrograde
NorthNode,155.147327121,155.109127477,6664819344,6665405335,2552958.254572480917,2552965.036866491660,retrograde
Uranus,64.962103573,60.950000066,6665767287,6678810561,2552969.226135038771,2553120.189951029606,retrograde
NorthNode,155.175223024,154.881940588,6665937741,6666747362,2552971.198973948136,2552980.569588921033,retrograde
NorthNode,154.971622709,154.547458925,6667186988,6667937527,2552985.657860394567,2552994.344647048041,retrograde
Venus,218.271120101,202.567392059,6667767271,6671377412,2552992.374090047553,2553034.158129094169,retrograde
Mercury,216.033361006,200.493323465,6668223510,6670047306,2552997.654642969370,2553018.763383902609,retrograde
NorthNode,154.617011342,153.530288508,6668288440,6669311112,2552998.406139370985,2553010.242621613666,retrograde
NorthNode,153.559833654,152.577084374,6669547569,6670481469,2553012.979398427531,2553023.788428021595,retrograde
NorthNode,152.585061352,150.740531875,6670627611,6671867918,2553025.479878822342,2553039.835282181390,retrograde
NorthNode,150.740576138,149.483879372,6671892804,6672963856,2553040.123321991414,2553052.519753312692,retrograde
NorthNode,149.485129776,147.751276332,6673040864,6674226562,2553053.411044299603,2553067.134407998063,retrograde
NorthNode,147.769054296,146.869224901,6674418148,6675312524,2553069.351836685091,2553079.703405935317,retrograde
NorthNode,146.922650223,146.056457274,6675613148,6676568165,2553083.182853564620,2553094.236292680725,retrograde
NorthNode,146.140322227,145.822336146,6676958860,6677675626,2553098.758228635415,2553107.054123421200,retrograde
Neptune,198.452843658,195.674716677,6677149507,6690833242,2553100.964787085541,2553259.341348693706,retrograde
Mercury,320.776499977,304.974699658,6677637474,6679447113,2553106.612559832633,2553127.557448737323,retrograde
NorthNode,145.921220197,145.787940320,6678194205,6678924621,2553113.056202597916,2553121.510093459859,retrograde
Jupiter,207.733016149,197.809853110,6679113711,6689765945,2553123.698635280132,2553246.988375194371,retrograde
NorthNode,145.806358264,145.806302127,6679418402,6679482762,2553127.225146689452,2553127.970058492385,retrograde
NorthNode,145.836307988,145.679740327,6680042662,6680775771,2553134.450377909467,2553142.935439746827,retrograde
Saturn,224.814187880,218.118162465,6680071291,6692118348,2553134.781738318503,2553274.215262390673,retrograde
NorthNode,145.781990861,145.439875131,6681290561,6682023854,2553148.893652444705,2553157.380838055164,retrograde
NorthNode,145.516724164,144.659640389,6682399152,6683353077,2553161.724562834948,2553172.765366927721,retrograde
NorthNode,144.709876055,143.831172502,6683651789,6684556883,2553176.222676284611,2553186.698310827836,retrograde
NorthNode,143.846531306,142.211923918,6684741015,6685919645,2553188.829463327304,2553202.471019519493,retrograde
NorthNode,142.213257822,141.028310221,6686000208,6687075075,2553203.403457983397,2553215.844042351469,retrograde
NorthNode,141.028335556,139.274286134,6687096032,6688337786,2553216.086610373110,2553230.458759323694,retrograde
Pluto,315.566375895,313.169666717,6687272038,6701361363,2553218.123710271902,2553381.194600737654,retrograde
Mercury,76.780405386,68.191620431,6687776166,6689837814,2553223.958529300988,2553247.820190943778,retrograde
NorthNode,139.280356017,138.331201751,6688473706,6689419891,2553232.031902437098,2553242.983116623946,retrograde
NorthNode,138.354656883,137.247663443,6689639759,6690677227,2553245.527889591642,2553257.535624074750,retrograde
NorthNode,137.309583850,136.862660305,6691014216,6691778797,2553261.435961714946,2553270.285276525654,retrograde
NorthNode,136.943941492,136.590579654,6692192539,6693026088,2553275.073957208544,2553284.721517045051,retrograde
NorthNode,136.667045063,136.602081201,6693544919,6694146436,2553290.726500928402,2553297.688507152721,retrograde
NorthNode,136.613973813,136.612860587,6694568862,6694750695,2553302.577691041864,2553304.682238842361,retrograde
NorthNode,136.661276126,136.520215502,6695384556,6696068790,2553312.018599684350,2553319.937966070138,retrograde
NorthNode,136.592894172,136.194039581,6696513355,6697321919,2553325.083403863944,2553334.441777979024,retrograde
Uranus,69.180372384,65.158183730,6697701030,6710729636,2553338.829642212950,2553489.623687253334,retrograde
NorthNode,136.287961388,135.637541157,6697744082,6698593269,2553339.327927801758,2553349.156475747935,retrograde
Mercury,199.634502263,184.630706696,6698294374,6700185121,2553345.697042919695,2553367.580686017871,retrograde
NorthNode,135.679217906,134.518138106,6698866132,6699896038,2553352.314614419825,2553364.234819719568,retrograde
NorthNode,134.536144832,133.332879815,6700096845,6701122561,2553366.558979850262,2553378.430685530417,retrograde
NorthNode,133.334452988,131.568253202,6701204191,6702437818,2553379.375477272086,2553393.653576958925,retrograde
NorthNode,131.568354690,130.298171036,6702471725,6703539100,2553394.046015228145,2553406.399893076159,retrograde
NorthNode,130.303401366,128.792688682,6703661664,6704776488,2553407.818462093361,2553420.721512338147,retrograde
NorthNode,128.831269919,128.084194812,6705040546,6705889638,2553423.777733854949,2553433.605194522999,retrograde
NorthNode,128.145830211,127.473839197,6706211761,6707121524,2553437.333464568481,2553447.863128706813,retrograde
Mars,156.159290121,136.659216176,6707545864,6714515077,2553452.774472697638,2553533.436664794572,retrograde
NorthNode,127.581939599,127.392931531,6707600071,6708257847,2553453.401876316406,2553461.015023432672,retrograde
Mercury,304.737640971,288.595546591,6707781158,6709539701,2553455.497781962156,2553475.851293891668,retrograde
NorthNode,127.455910036,127.416474574,6708774244,6709397195,2553466.991841134615,2553474.201918708161,retrograde
Neptune,200.634840364,197.857345518,6708888261,6722587563,2553468.311473862268,2553626.868214108981,retrograde
NorthNode,127.416614889,127.362972580,6709480627,6710147112,2553475.167567430995,2553482.881513435394,retrograde
NorthNode,127.423953612,127.186026423,6710631892,6711345463,2553488.492391032167,2553496.751318599097,retrograde
NorthNode,127.301803053,126.711031553,6711833781,6712685157,2553502.403145284392,2553512.257033649832,retrograde
Saturn,236.621700966,229.957100109,6712646862,6724741847,2553511.813808456063,2553651.802054814994,retrograde
NorthNode,126.766606170,125.866109843,6712993354,6713923240,2553515.824128784239,2553526.586698125117,retrograde
Jupiter,237.867542363,227.991158237,6713319496,6723988752,2553519.598921954632,2553643.085675336421,retrograde
NorthNode,125.902198957,124.677351086,6714185012,6715215495,2553529.616470041685,2553541.543358352035,retrograde
NorthNode,124.682322911,123.168418080,6715336613,6716499805,2553542.945176257752,2553556.408047077246,retrograde
NorthNode,123.168475704,121.780212846,6716528419,6717670212,2553556.739228765480,2553569.954424796626,retrograde
Mercury,57.235982383,47.953347147,6717640585,6719699333,2553569.611529991031,2553593.439630270004,retrograde
NorthNode,121.781378038,120.332266962,6717744218,6718867216,2553570.810975925997,2553583.808647100814,retrograde
Venus,79.809222684,63.317194576,6718394666,6722102947,2553578.339313516393,2553621.259234262630,retrograde
Pluto,317.152874324,314.767867009,6718967324,6733061534,2553584.967298521660,2553748.094730139710,retrograde
NorthNode,120.350484731,119.428493908,6719072055,6720013515,2553586.179460216314,2553597.075993657112,retrograde
NorthNode,119.464714126,118.656188593,6720272607,6721212750,2553600.074738594703,2553610.956021220423,retrograde
NorthNode,118.747856055,118.410959181,6721632566,6722373294,2553615.815006106161,2553624.388254310004,retrograde
NorthNode,118.482848262,118.291665881,6722806022,6723564959,2553629.396678542718,2553638.180671162903,retrograde
NorthNode,118.345528570,118.341527794,6724182647,6724468027,2553645.329838315025,2553648.632841379382,retrograde
NorthNode,118.345451837,118.294043281,6724746866,6725347271,2553651.860152492300,2553658.809280494228,retrograde
NorthNode,118.380407233,118.070182244,6725920905,6726721233,2553665.448562667705,2553674.711619497277,retrograde
NorthNode,118.142276496,117.677688296,6727114401,6727900743,2553679.262167839333,2553688.363347185776,retrograde
NorthNode,117.753911931,116.762080460,6728272021,6729254503,2553692.660548060201,2553704.031866542064,retrograde
Mercury,182.786386200,168.555939981,6728342697,6730304253,2553693.478560812771,2553716.181751914322,retrograde
NorthNode,116.785882410,115.695576805,6729470395,6730466540,2553706.530616967939,2553718.060076837428,retrograde
Uranus,73.425894327,69.394852465,6729632705,6742648501,2553708.409208697267,2553859.054996469058,retrograde
NorthNode,115.703248842,114.139282624,6730615842,6731783534,2553719.788112347946,2553733.303061136045,retrograde
NorthNode,114.139343285,112.693225956,6731810764,6732954817,2553733.618225534447,2553746.859576269053,retrograde
NorthNode,112.694938213,111.276015711,6733043452,6734143836,2553747.885449376889,2553760.621373317204,retrograde
NorthNode,111.289648998,110.192245668,6734315543,6735299380,2553762.608720503747,2553773.995729878545,retrograde
NorthNode,110.253836485,109.550657080,6735624258,6736491866,2553777.755889011547,2553787.797650532797,retrograde
NorthNode,109.622004838,109.206276839,6736849854,6737652814,2553791.941023619846,2553801.234546993859,retrograde
Mercury,288.837201868,272.547299497,6737927028,6739650199,2553804.408322803676,2553824.352431081235,retrograde
NorthNode,109.318581740,109.206489144,6738202685,6738857528,2553807.598793881014,2553815.177993947640,retrograde
NorthNode,109.261158319,109.091764264,6740011439,6740771959,2553828.533444697037,2553837.335757591762,retrograde
Neptune,202.815886353,200.038251338,6740633427,6754334968,2553835.732377110980,2553994.315029191785,retrograde
NorthNode,109.174794819,108.854206960,6741232783,6741942357,2553842.669373083860,2553850.882033846341,retrograde
NorthNode,108.952434965,108.047042192,6742363079,6743329342,2553855.751506063156,2553866.935095984489,retrograde
NorthNode,108.088512195,107.177751587,6743596614,6744503531,2553870.028521720320,2553880.525246317498,retrograde
NorthNode,107.196593039,105.555362445,6744705587,6745873426,2553882.863856796175,2553896.380522564985,retrograde
Saturn,248.235703628,241.596336566,6745204448,6757351132,2553888.637720674276,2554029.224334478378,retrograde
NorthNode,105.556308163,104.252551946,6745942135,6747042455,2553897.175762907602,2553909.910947781056,retrograde
NorthNode,104.252630187,102.613616977,6747073791,6748275842,2553910.273632781580,2553924.186253446154,retrograde
Mercury,38.490644689,27.876930394,6747557423,6749605819,2553915.871219448745,2553939.579513013363,retrograde
Jupiter,269.049437426,259.205255878,6747674887,6758289549,2553917.230764500797,2554040.085640452802,retrograde
NorthNode,102.619772003,101.548294919,6748407373,6749387884,2553925.708606358618,2553937.057110923342,retrograde
NorthNode,101.581990318,100.643024278,6749645064,6750617131,2553940.033739998937,2553951.284513517283,retrograde
Pluto,318.722477596,316.348846643,6750669942,6764752773,2553951.895743175410,2554114.891479923390,retrograde
NorthNode,100.697813372,100.195543166,6750931998,6751742714,2553954.928809426725,2553964.312090398744,retrograde
NorthNode,100.298626707,100.037949100,6752215615,6752973391,2553969.785477811471,2553978.556038680486,retrograde
NorthNode,100.097777893,100.035431709,6753454947,6754100514,2553984.129603001289,2553991.601445231587,retrograde
NorthNode,100.039316991,100.027950823,6754373053,6754780690,2553994.755826432258,2553999.473848973401,retrograde
NorthNode,100.078337799,99.946676877,6755342253,6755980022,2554005.973424267024,2554013.355007874779,retrograde
NorthNode,100.034661635,99.528119144,6756459400,6757339856,2554018.903367184103,2554029.093826176599,retrograde
NorthNode,99.599676161,99.032414939,6757708956,6758513187,2554033.365818870254,2554042.674053044990,retrograde
Mercury,165.329557873,152.144066167,6758365664,6760391894,2554040.966607041657,2554064.418338119984,retrograde
NorthNode,99.078943171,97.767860138,6758805746,6759891597,2554046.060142237693,2554058.627868360840,retrograde
NorthNode,97.780461042,96.716355253,6760064567,6761058465,2554060.629831268452,2554072.133286340162,retrograde
NorthNode,96.717947304,94.876729242,6761143850,6762403607,2554073.121538545005,2554087.702052431181,retrograde
Uranus,77.701646791,73.661953826,6761569175,6774570727,2554078.044283096679,2554228.525209226646,retrograde
NorthNode,94.876841202,93.699216475,6762437755,6763482599,2554088.097290138714,2554100.190385887399,retrograde
NorthNode,93.705545413,92.211284782,6763619066,6764739772,2554101.769867758267,2554114.741004173644,retrograde
NorthNode,92.241252741,91.487736822,6764975377,6765834577,2554117.467908621766,2554127.412357603200,retrograde
NorthNode,91.562064565,90.919879465,6766191958,6767085206,2554131.548706474714,2554141.887233275920,retrograde
NorthNode,91.005943067,90.788815163,6767509576,6768198068,2554146.798917024396,2554154.767573202029,retrograde
Mercury,273.008283315,256.703912570,6768068367,6769775765,2554153.266408361495,2554173.027960076928,retrograde
NorthNode,90.869823751,90.830499779,6768773676,6769399406,2554161.429708106443,2554168.671950896271,retrograde
Venus,293.501205343,278.148975755,6768905743,6772441355,2554162.958264218643,2554203.879692083225,retrograde
NorthNode,90.830553867,90.796562177,6769459727,6770042712,2554169.370116980746,2554176.117620375007,retrograde
NorthNode,90.861084301,90.567742943,6770563412,6771356990,2554182.144249083474,2554191.329171555117,retrograde
NorthNode,90.670554586,90.199296544,6771813851,6772578422,2554196.616918114945,2554205.466117864475,retrograde
Neptune,204.995251063,202.217181564,6772373087,6786082897,2554203.089552880265,2554361.767913973890,retrograde
NorthNode,90.266859539,89.139140547,6772915511,6773935263,2554209.367609074339,2554221.170300922357,retrograde
Mars,189.369796352,170.142512235,6773639337,6780617734,2554217.745228107087,2554298.513708175160,retrograde
NorthNode,89.169518237,88.131434583,6774173415,6775120427,2554223.926683777012,2554234.887468538247,retrograde
NorthNode,88.137821464,86.289515486,6775253814,6776500229,2554236.431303959340,2554250.857398617081,retrograde
NorthNode,86.289535019,85.064618006,6776519439,6777589190,2554251.079746687785,2554263.461123294197,retrograde
Mercury,20.564661279,8.403871339,6777543416,6779561590,2554262.931327499449,2554286.289824478328,retrograde
NorthNode,85.066115593,83.396931840,6777670919,6778853273,2554264.407059712335,2554278.091711840592,retrograde
Saturn,259.707919725,253.086618430,6777760291,6789945105,2554265.441458672285,2554406.469398662448,retrograde
NorthNode,83.415862423,82.588183027,6779054383,6779938266,2554280.419369724579,2554290.649497623555,retrograde
NorthNode,82.634719161,81.790907026,6780227471,6781195105,2554293.996774159372,2554305.196242043748,retrograde
NorthNode,81.872282723,81.572604408,6781591885,6782301365,2554309.788610311225,2554318.000185791403,retrograde
Jupiter,301.966416321,292.130623431,6782222265,6792712275,2554317.084671184421,2554438.496827527881,retrograde
Pluto,320.275548418,317.912924775,6782358551,6796451557,2554318.662060280330,2554481.775552337058,retrograde
NorthNode,81.659728772,81.498360032,6782789768,6783547919,2554323.652998861857,2554332.427887618542,retrograde
NorthNode,81.531238421,81.530778692,6784119193,6784247092,2554339.039854704402,2554340.520169026218,retrograde
NorthNode,81.541954148,81.451910424,6784671309,6785355718,2554345.430090098642,2554353.351492101327,retrograde
NorthNode,81.544362846,81.271088384,6785910136,6786639853,2554359.768365943804,2554368.214164110832,retrograde
NorthNode,81.343835943,80.705754670,6787030302,6787923465,2554372.733247244731,2554383.070785943419,retrograde
NorthNode,80.770782564,79.981410643,6788269256,6789162179,2554387.072989858687,2554397.407748626545,retrograde
Mercury,147.135461598,135.241395996,6788360284,6790432267,2554388.126563504338,2554412.107847407460,retrograde
NorthNode,80.003985372,78.602201929,6789376515,6790490450,2554399.888487740420,2554412.781254108064,retrograde
NorthNode,78.607242716,77.408883390,6790619286,6791688792,2554414.272420708090,2554426.650960925035,retrograde
NorthNode,77.408926588,75.642622180,6791713586,6792958599,2554426.937925579958,2554441.347793499939,retrograde
NorthNode,75.644808902,74.556944126,6793054502,6794051267,2554442.457791530527,2554453.994421837851,retrograde
Uranus,82.009078182,77.962159961,6793507523,6806495650,2554447.701089144684,2554598.026630622335,retrograde
NorthNode,74.571084346,73.273807542,6794228956,6795297540,2554456.051002896391,2554468.418874234892,retrograde
NorthNode,73.330101105,72.764734616,6795611073,6796407146,2554472.047725651413,2554481.261534105986,retrograde
NorthNode,72.840585350,72.360073925,6796780434,6797644467,2554485.581993774511,2554495.582385184243,retrograde
NorthNode,72.457516582,72.355662203,6798159857,6798776840,2554501.547548391856,2554508.688552864827,retrograde
Mercury,257.203808406,240.981927386,6798200130,6799913684,2554502.013668753207,2554521.846468150616,retrograde
NorthNode,72.385920094,72.385882621,6799345916,6799401093,2554515.275080302730,2554515.913703247905,retrograde
NorthNode,72.419064458,72.280501967,6800001877,6800701321,2554522.867216226645,2554530.962635933422,retrograde
NorthNode,72.356030939,71.979306849,6801149382,6801923522,2554536.148523656651,2554545.108476669528,retrograde
NorthNode,72.085537825,71.340331146,6802359113,6803237675,2554550.150041305460,2554560.318587979302,retrograde
NorthNode,71.382973151,70.235627659,6803505694,6804507690,2554563.420658295974,2554575.017832259648,retrograde
Neptune,207.172283726,204.393540288,6804120991,6817833378,2554570.542145497166,2554729.250327027403,retrograde
NorthNode,70.254374251,68.904272966,6804709345,6805771576,2554577.351804585196,2554589.646147657186,retrograde
NorthNode,68.905434570,67.215091234,6805844237,6807049220,2554590.487130630761,2554604.433689357713,retrograde
NorthNode,67.215282391,65.883148033,6807091330,6808178164,2554604.921075507998,2554617.500171908177,retrograde
Mercury,3.307900874,349.727123223,6807589998,6809559882,2554610.692690648139,2554633.492272578180,retrograde
NorthNode,65.889233616,64.512460741,6808307302,6809389662,2554618.994827660732,2554631.522137519903,retrograde
NorthNode,64.552979103,63.815236536,6809663831,6810527351,2554634.695388495922,2554644.689830164425,retrograde
Saturn,271.089196442,264.477782555,6810313672,6822521998,2554642.216698251665,2554783.516767665744,retrograde
NorthNode,63.872361094,63.264719617,6810845401,6811736788,2554648.370970726945,2554658.687947969884,retrograde
NorthNode,63.370319218,63.180783861,6812222669,6812893124,2554664.311571757309,2554672.071466130204,retrograde
NorthNode,63.239198736,63.186151870,6813388851,6814084833,2554677.809051232412,2554685.864399892278,retrograde
Pluto,321.811739623,319.459441128,6814042686,6828154571,2554685.376584394835,2554848.708583996631,retrograde
NorthNode,63.186264887,63.155218731,6814166043,6814767359,2554686.804321605712,2554693.763997090980,retrograde
NorthNode,63.204857772,63.037362233,6815266322,6815939472,2554699.539035566151,2554707.330126889981,retrograde
NorthNode,63.143115672,62.639291365,6816446426,6817300468,2554713.197644635104,2554723.082391231321,retrograde
Jupiter,336.901220242,327.044419377,6816961277,6827293394,2554719.156575389206,2554838.741258904338,retrograde
NorthNode,62.697348082,62.011358902,6817630515,6818498186,2554726.902384462766,2554736.944864618592,retrograde
Mercury,128.121248666,117.635285240,6818319135,6820409887,2554734.872524134815,2554759.071040518582,retrograde
NorthNode,62.058053447,60.910226161,6818796214,6819826515,2554740.394265875220,2554752.319053182378,retrograde
Venus,146.569560926,130.131111265,6819101752,6822822065,2554743.930587658659,2554786.989764751866,retrograde
NorthNode,60.919453374,59.642142137,6819979149,6821064305,2554754.085641197860,2554766.645321827382,retrograde
NorthNode,59.643126861,58.164133089,6821139157,6822313995,2554767.511659460142,2554781.109324478544,retrograde
NorthNode,58.164282426,56.751753203,6822351223,6823478950,2554781.540208429098,2554794.592600369826,retrograde
NorthNode,56.760487833,55.623637475,6823636231,6824652999,2554796.412978509441,2554808.181128395721,retrograde
NorthNode,55.649714554,54.729521757,6824876180,6825824876,2554810.764238604344,2554821.744521453045,retrograde
Uranus,86.350746873,82.296512719,6825449099,6838422331,2554817.395253279246,2554967.548397383653,retrograde
NorthNode,54.812590101,54.330608427,6826208049,6827007320,2554826.179396438412,2554835.430219223723,retrograde
NorthNode,54.406088893,54.130767509,6827408557,6828178368,2554840.074165816419,2554848.984010978602,retrograde
Mercury,241.362072625,225.315503649,6828318141,6830059856,2554850.601752214134,2554870.760495796800,retrograde
NorthNode,54.215793732,54.183526291,6828776089,6829364895,2554855.902078877203,2554862.716958789155,retrograde
NorthNode,54.183554353,54.159608902,6829414030,6829951829,2554863.285659847781,2554869.510183070786,retrograde
NorthNode,54.235491117,53.939287329,6830535137,6831337041,2554876.261436388828,2554885.542727328837,retrograde
NorthNode,54.021672916,53.576692209,6831751048,6832508583,2554890.334478032775,2554899.102236357518,retrograde
NorthNode,53.661053247,52.554755887,6832885435,6833889145,2554903.463953983970,2554915.080970435403,retrograde
NorthNode,52.581684168,51.495368258,6834110697,6835078766,2554917.645230777562,2554928.849726038985,retrograde
NorthNode,51.503360551,49.741448249,6835226682,6836430944,2554930.561718298122,2554944.499942031689,retrograde
Neptune,209.347107491,206.567935341,6835865864,6849586446,2554937.959663546644,2555096.762694916688,retrograde
NorthNode,49.741477290,48.354615042,6836452063,6837564782,2554944.744372662157,2554957.623059283011,retrograde
NorthNode,48.356709332,46.832978959,6837658609,6838784530,2554958.709022925235,2554971.740519682877,retrograde
Mercury,346.559874986,331.859634410,6837681759,6839591255,2554958.976965837181,2554981.077610306442,retrograde
NorthNode,46.849026440,45.864818179,6838967279,6839911662,2554973.855672305450,2554984.786031333730,retrograde
Mars,225.324893616,207.444081676,6840175558,6846901070,2554987.840379490517,2555065.681946999393,retrograde
NorthNode,45.926541895,45.211947430,6840239375,6841130842,2554988.579003008083,2554998.896905237809,retrograde
NorthNode,45.283011495,44.926230459,6841497185,6842268220,2555003.136992952786,2555012.061002904549,retrograde
NorthNode,45.030689636,44.916161613,6842814515,6843493314,2555018.383863222785,2555026.240332426503,retrograde
Saturn,282.429504382,275.819393474,6842875668,6855092244,2555019.091656789184,2555160.487202249467,retrograde
NorthNode,44.939462865,44.939414929,6844025341,6844087059,2555032.398051656783,2555033.112384100445,retrograde
NorthNode,44.961355622,44.824905143,6844627944,6845379542,2555039.372619940899,2555048.071669224650,retrograde
Pluto,323.330849805,320.988033326,6845725551,6859853815,2555052.076411922462,2555215.597984478809,retrograde
NorthNode,44.904098907,44.640323808,6845864208,6846558236,2555053.681237694807,2555061.713970868848,retrograde
NorthNode,44.728296431,43.959964603,6846980412,6847933153,2555066.600265691057,2555077.627354659140,retrograde
NorthNode,44.007302721,43.252814271,6848228224,6849098062,2555081.042525778525,2555091.110095551237,retrograde
Mercury,108.406477646,99.156528593,6848233128,6850319130,2555081.099295206368,2555105.242832548916,retrograde
NorthNode,43.276858758,41.772998900,6849323554,6850476020,2555093.719956754707,2555107.058693729341,retrograde
NorthNode,41.775761672,40.618439533,6850577688,6851646673,2555108.235406203195,2555120.607911360450,retrograde
NorthNode,40.618450298,38.902323628,6851662915,6852914237,2555120.795896166936,2555135.278798456304,retrograde
Jupiter,13.399244358,3.479922771,6851792467,6861996777,2555122.295339748263,2555240.400777786970,retrograde
NorthNode,38.904728090,37.829366173,6853010789,6854004185,2555136.396292528138,2555147.893931008875,retrograde
NorthNode,37.848202613,36.684832630,6854209416,6855252324,2555150.269292959943,2555162.339983990416,retrograde
NorthNode,36.730668699,36.141836076,6855539155,6856358963,2555165.659784650430,2555175.148304078728,retrograde
NorthNode,36.234796015,35.828439001,6856779754,6857603233,2555180.018574322574,2555189.549577216618,retrograde
Uranus,90.727490261,86.667048692,6857394519,6870352854,2555187.133903796785,2555337.114642295055,retrograde
NorthNode,35.904508709,35.787204821,6858067018,6858721674,2555194.917463329621,2555202.494497023523,retrograde
Mercury,225.393899722,209.631264903,6858418974,6860208603,2555198.991021312773,2555219.704323448241,retrograde
NorthNode,35.823056372,35.823055190,6859355564,6859373257,2555209.831190878525,2555210.035962927155,retrograde
NorthNode,35.852047763,35.751401502,6859968258,6860595540,2555216.922559231520,2555224.182762771845,retrograde
NorthNode,35.835864765,35.381372085,6861082527,6861933510,2555229.819187778048,2555239.668527052738,retrograde
NorthNode,35.470372969,34.888935209,6862335891,6863133181,2555244.325719793327,2555253.553607819602,retrograde
NorthNode,34.941536169,33.572304470,6863430652,6864506624,2555256.996560270898,2555269.449933613651,retrograde
NorthNode,33.588516364,32.456274598,6864693068,6865681786,2555271.607850465924,2555283.051352491602,retrograde
NorthNode,32.458009634,30.475926989,6865766952,6867033154,2555284.037065157667,2555298.692187665962,retrograde
NorthNode,30.476078200,29.274939787,6867070695,6868104708,2555299.126682506874,2555311.094427106902,retrograde
Neptune,211.519984151,208.740889017,6867614996,6881342399,2555305.426465501077,2555464.308443586342,retrograde
Mercury,330.168795094,314.683289393,6867803358,6869648549,2555307.606586553156,2555328.962954059243,retrograde
NorthNode,29.281884331,27.728152493,6868242543,6869368802,2555312.689744228497,2555325.725149226375,retrograde
NorthNode,27.763548258,27.057733785,6869620724,6870458227,2555328.640908590518,2555338.334237528034,retrograde
Venus,8.310172517,352.168855885,6869893936,6873512541,2555331.803091390058,2555373.685091717169,retrograde
NorthNode,27.129950528,26.499237606,6870811695,6871713790,2555342.425297670066,2555352.866209967062,retrograde
NorthNode,26.588605378,26.403478063,6872158316,6872824436,2555358.011192888021,2555365.720905740745,retrograde
NorthNode,26.473178594,26.438295064,6873384952,6874004833,2555372.208365538158,2555379.382911093533,retrograde
NorthNode,26.438366302,26.400998088,6874073069,6874686645,2555380.172685560770,2555387.274256006815,retrograde
NorthNode,26.457847193,26.210396824,6875190863,6875958306,2555393.110109601170,2555401.992553150281,retrograde
Saturn,293.779402482,287.162398700,6875440986,6887650030,2555396.005050279200,2555537.313438579440,retrograde
NorthNode,26.311775658,25.873558185,6876434760,6877210878,2555407.507068132982,2555416.489917971194,retrograde
Pluto,324.831744276,322.497720782,6877406298,6891551295,2555418.751717521809,2555582.466968656518,retrograde
NorthNode,25.934565910,25.004123335,6877545732,6878527511,2555420.365544461645,2555431.728717789054,retrograde
Mercury,88.354000571,79.771817530,6878103917,6880174843,2555426.826011471450,2555450.795061565936,retrograde
NorthNode,25.040081427,24.088528433,6878792280,6879736233,2555434.793180024251,2555445.718565903604,retrograde
NorthNode,24.097080695,22.488706193,6879886694,6881089456,2555447.460003459826,2555461.380863006227,retrograde
NorthNode,22.489001532,21.299719754,6881138655,6882222018,2555461.950296774507,2555474.489220526069,retrograde
NorthNode,21.299984684,19.653550769,6882267997,6883476471,2555475.021380993538,2555489.008353069425,retrograde
NorthNode,19.664182986,18.761413259,6883643291,6884567242,2555490.939136140980,2555501.633017501794,retrograde
NorthNode,18.791464042,17.792808035,6884808480,6885817271,2555504.425125199370,2555516.100946861319,retrograde
NorthNode,17.867561053,17.476238364,6886187503,6886927932,2555520.386036947370,2555528.955817447975,retrograde
Jupiter,50.223169545,40.221845963,6886582882,6896741187,2555524.962180212140,2555642.535154506564,retrograde
NorthNode,17.560174358,17.283900102,6887361070,6888167562,2555533.968993887305,2555543.303386754356,retrograde
Mercury,209.202030199,193.869173819,6888500629,6890352919,2555547.158326141536,2555568.596874661744,retrograde
NorthNode,17.349964744,17.323357979,6888724345,6889297222,2555549.747632885352,2555556.378159481101,retrograde
NorthNode,17.323359880,17.292238165,6889317534,6889926264,2555556.613248426467,2555563.658736647107,retrograde
Uranus,95.140599678,91.072888888,6889342416,6902285434,2555556.901236488484,2555706.704686381854,retrograde
NorthNode,17.373897692,17.136760602,6890525925,6891256621,2555570.599251969717,2555579.056385681033,retrograde
NorthNode,17.214473355,16.670018836,6891664703,6892502974,2555583.779562302865,2555593.481769209728,retrograde
NorthNode,16.754563778,15.901766180,6892884141,6893788869,2555597.893418309279,2555608.364807953127,retrograde
NorthNode,15.930134857,14.554593597,6894015280,6895086191,2555610.985303839669,2555623.380116083659,retrograde
NorthNode,14.562400455,13.194292649,6895233377,6896323454,2555625.083657239564,2555637.700281934813,retrograde
NorthNode,13.194356719,11.391295028,6896350909,6897572556,2555638.018051837571,2555652.157484604046,retrograde
NorthNode,11.393560500,10.185872853,6897668428,6898687419,2555653.267112143338,2555665.060989201069,retrograde
Mercury,314.031976931,298.057187744,6897942394,6899728615,2555656.438013046980,2555677.111871644855,retrograde
NorthNode,10.201010602,8.915723755,6898865396,6899912491,2555667.120907232165,2555679.240071369335,retrograde
Neptune,213.692293183,210.913931127,6899359233,6913089420,2555672.836620579474,2555831.750816539861,retrograde
NorthNode,8.979501890,8.404076239,6900240684,6901042737,2555683.038595980033,2555692.321612413041,retrograde
NorthNode,8.478900117,8.034808460,6901414028,6902261024,2555696.618970614858,2555706.422155199572,retrograde
NorthNode,8.134554605,8.046011499,6902798713,6903413731,2555712.645416609012,2555719.763673649170,retrograde
NorthNode,8.067373230,8.067373142,6903957842,6903965321,2555726.061261842027,2555726.147817043588,retrograde
NorthNode,8.104876709,7.954395808,6904616371,6905342021,2555733.683118170127,2555742.081844794564,retrograde
NorthNode,8.025927434,7.696288968,6905785487,6906532853,2555747.214561223984,2555755.864624835551,retrograde
NorthNode,7.796426507,7.067654341,6906971211,6907873940,2555760.938211935572,2555771.386461707763,retrograde
Mars,271.313595915,257.090456676,6907900019,6913943171,2555771.688301754184,2555841.632200698368,retrograde
Mercury,68.481865897,59.699914093,6907959099,6910018338,2555772.372106693685,2555796.205883577466,retrograde
Saturn,305.192029487,298.560173597,6908012154,6920211135,2555772.986167095602,2555914.178076870739,retrograde
NorthNode,7.107961923,6.161595898,6908144382,6909100524,2555774.516585774720,2555785.583038149402,retrograde
Pluto,326.314242840,323.988632189,6909095855,6923237334,2555785.529004330747,2555949.203526820056,retrograde
NorthNode,6.183127711,4.876591799,6909319291,6910398609,2555788.115070630796,2555800.607166976668,retrograde
NorthNode,4.878487398,3.448912645,6910486485,6911659113,2555801.624260243028,2555815.196336784400,retrograde
NorthNode,3.448917261,2.074112282,6911671598,6912821225,2555815.340836050920,2555828.646707300097,retrograde
NorthNode,2.076871595,0.783475733,6912921373,6914001863,2555829.805824767798,2555842.311502622440,retrograde
NorthNode,0.809494606,359.940568726,6914237698,6915165292,2555845.041067774408,2555855.777118234895,retrograde
NorthNode,359.983698785,359.294781279,6915446218,6916349645,2555859.028572043404,2555869.484906065278,retrograde
NorthNode,359.395506150,359.106824761,6916799944,6917525915,2555874.696699421853,2555883.099144495092,retrograde
NorthNode,359.175571152,359.046286131,6917978414,6918703952,2555888.336399411783,2555896.733830597252,retrograde
Mercury,192.641257860,177.936728131,6918561838,6920483854,2555895.088993363082,2555917.334547862411,retrograde
NorthNode,359.071853686,359.071712035,6919265795,6919354453,2555903.236641939729,2555904.262769102585,retrograde
NorthNode,359.098621106,358.999912517,6919897613,6920522012,2555910.549350311980,2555917.776192507707,retrograde
Venus,215.919696352,200.191649244,6920015224,6923631511,2555911.910585952923,2555953.765763239935,retrograde
NorthNode,359.101005192,358.659881835,6921059084,6921903876,2555923.992297556251,2555933.769987732172,retrograde
Jupiter,85.950743471,75.893992270,6921205589,6931410183,2555925.687960855663,2556043.796684391797,retrograde
Uranus,99.588647277,95.513651992,6921294180,6934222154,2555926.713318922557,2556076.342647704296,retrograde
NorthNode,358.730888198,358.138648533,6922267200,6923080558,2555937.975123629905,2555947.388990629464,retrograde
NorthNode,358.200943645,356.968207772,6923408326,6924446479,2555951.182601718232,2555963.198261967860,retrograde
NorthNode,356.982488409,355.739530335,6924621063,6925653636,2555965.218913477845,2555977.169983576983,retrograde
NorthNode,355.741746597,354.015982998,6925749307,6926956995,2555978.277286564931,2555992.255159092136,retrograde
NorthNode,354.016051481,352.590169718,6926985029,6928088509,2555992.579628366977,2556005.351382084191,retrograde
Mercury,298.063395768,281.833921993,6928088382,6929828788,2556005.349911324680,2556025.493501126766,retrograde
NorthNode,352.598195189,351.273124260,6928237223,6929293054,2556007.072616138496,2556019.292882988229,retrograde
NorthNode,351.301795607,350.405947278,6929519726,6930436622,2556021.916394214146,2556032.528622677550,retrograde
NorthNode,350.493700357,349.971497734,6930822061,6931645244,2556036.989723409526,2556046.517302385531,retrograde
Neptune,215.864631169,213.087829598,6931103870,6944847228,2556040.251400195993,2556199.318041778170,retrograde
NorthNode,350.049999353,349.807517860,6932054737,6932793579,2556051.256807460450,2556059.808212105185,retrograde
NorthNode,349.887960689,349.864746590,6933400119,6933931097,2556066.828354376368,2556072.973934638314,retrograde
NorthNode,349.864877745,349.830692779,6934013729,6934592388,2556073.930318873376,2556080.627766317688,retrograde
NorthNode,349.905280854,349.595170278,6935150961,6935965699,2556087.092731767334,2556096.522564182058,retrograde
NorthNode,349.678064408,349.255438422,6936385422,6937136159,2556101.380468590185,2556110.069555344991,retrograde
NorthNode,349.330143021,348.262252284,6937500566,6938517530,2556114.287226368673,2556126.057641636580,retrograde
Mercury,49.262001917,39.464975428,6937842848,6939896939,2556118.248825088143,2556142.023031190038,retrograde
NorthNode,348.288954013,347.337846349,6938745477,6939687382,2556128.695921870880,2556139.597596777603,retrograde
NorthNode,347.346312361,345.661809309,6939841084,6941056047,2556141.376558467746,2556155.438625869341,retrograde
Saturn,316.720064285,310.067519651,6940607986,6952778886,2556150.252739094198,2556291.119633592665,retrograde
Pluto,327.778338629,325.461036404,6940781172,6954924171,2556152.257203585468,2556315.949329626746,retrograde
NorthNode,345.661910858,344.452525837,6941089181,6942179430,2556155.822128981352,2556168.440753661096,retrograde
NorthNode,344.453267437,342.894754385,6942246673,6943423938,2556169.219021331519,2556182.844781989232,retrograde
NorthNode,342.905262066,341.976997536,6943585469,6944526389,2556184.714349414222,2556195.604630624875,retrograde
NorthNode,342.019381589,341.168550165,6944811343,6945766321,2556198.902701387182,2556209.955690545961,retrograde
NorthNode,341.230758612,340.823069946,6946108324,6946883663,2556213.914061335847,2556222.887886066921,retrograde
NorthNode,340.925352685,340.718166226,6947379548,6948123051,2556228.627296323888,2556237.232656481676,retrograde
Mercury,175.557036654,161.734632689,6948600857,6950590653,2556242.762824676931,2556265.792866520584,retrograde
NorthNode,340.767482471,340.743392330,6948630353,6949188945,2556243.104208932258,2556249.569389351644,retrograde
NorthNode,340.743432306,340.691645315,6949246222,6949948263,2556250.232326271944,2556258.357796459459,retrograde
NorthNode,340.762892459,340.569200491,6950490291,6951157145,2556264.631270860322,2556272.349486524239,retrograde
NorthNode,340.658604499,340.014216926,6951601755,6952515226,2556277.495441530831,2556288.068019910716,retrograde
NorthNode,340.080370163,339.377612781,6952856352,6953694441,2556292.016233838163,2556301.716334817000,retrograde
Uranus,104.070594597,99.986866693,6953247084,6966160684,2556296.538591668941,2556446.001555598341,retrograde
NorthNode,339.412052548,337.883262455,6953946404,6955077265,2556304.632576786913,2556317.721248721704,retrograde
NorthNode,337.889403637,336.693079680,6955209388,6956245408,2556319.250448639505,2556331.241418952122,retrograde
Jupiter,119.756946813,109.692203942,6955623228,6965946935,2556324.040267765522,2556443.527615964413,retrograde
NorthNode,336.693224995,334.758129005,6956282775,6957546817,2556331.673903669231,2556346.304029008374,retrograde
NorthNode,334.759892858,333.613818782,6957632257,6958623220,2556347.292912385426,2556358.762387802824,retrograde
Mercury,282.196794759,265.883225827,6958233269,6959946577,2556354.249068528414,2556374.079028397799,retrograde
NorthNode,333.630412149,332.288665730,6958812030,6959883112,2556360.947688791901,2556373.344476363622,retrograde
NorthNode,332.340406796,331.741757222,6960177552,6960979874,2556376.752340937965,2556386.038478956558,retrograde
NorthNode,331.834787123,331.391768389,6961389067,6962232125,2556390.774505134672,2556400.532127755694,retrograde
NorthNode,331.474570108,331.372956900,6962714650,6963346553,2556406.116908078082,2556413.430601168424,retrograde
Neptune,218.038642346,215.263351549,6962853435,6976595443,2556407.723211771809,2556566.774234571494,retrograde
NorthNode,331.399556512,331.399488507,6963902468,6963970182,2556419.864804303274,2556420.648525936529,retrograde
NorthNode,331.439894422,331.315920278,6964594750,6965246369,2556427.877318591811,2556435.419206948951,retrograde
NorthNode,331.397009562,330.943627392,6965710067,6966550804,2556440.786085844971,2556450.516832511872,retrograde
NorthNode,331.034247581,330.428812626,6966959313,6967777246,2556455.244952169247,2556464.711763739586,retrograde
Mercury,30.872022625,19.603728015,6967787899,6969826843,2556464.835069335997,2556488.433960184455,retrograde
NorthNode,330.473944667,329.206782181,6968059306,6969122794,2556467.976350543089,2556480.285243060440,retrograde
NorthNode,329.222899150,328.136990842,6969314522,6970311062,2556482.504312342033,2556494.038344792090,retrograde
NorthNode,328.138674635,326.339339153,6970396426,6971655671,2556495.026356124319,2556509.600947969593,retrograde
Venus,77.648959896,61.168071227,6970654220,6974361738,2556498.010082928464,2556540.921164488420,retrograde
NorthNode,326.339397829,325.208170726,6971684022,6972733753,2556509.929078006186,2556522.078746205196,retrograde
Pluto,329.224765097,326.915940094,6972470653,6986604107,2556519.033610052429,2556682.615246842615,retrograde
NorthNode,325.212383402,323.717869526,6972851525,6973993723,2556523.441846478730,2556536.661736411974,retrograde
Saturn,328.415208414,321.736410968,6973221564,6985345887,2556527.724704198539,2556668.052521027625,retrograde
NorthNode,323.745433404,323.037295726,6974230318,6975084945,2556539.400095311925,2556549.291617901996,retrograde
NorthNode,323.090903173,322.376968196,6975399151,6976337276,2556552.928258835338,2556563.786185768433,retrograde
NorthNode,322.463969381,322.231289786,6976765738,6977449668,2556568.745243902318,2556576.661094012670,retrograde
Mars,341.087934786,331.138184849,6977722550,6982887802,2556579.819450327195,2556639.602464069612,retrograde
NorthNode,322.308303954,322.202757195,6977955537,6978690542,2556582.516056582332,2556591.023062413558,retrograde
Mercury,157.792906559,145.129454798,6978613070,6980660004,2556590.126396469772,2556613.817763932049,retrograde
NorthNode,322.212852578,322.211120385,6979083696,6979293150,2556595.573456540704,2556597.997691790573,retrograde
NorthNode,322.242438889,322.104777975,6979819162,6980520557,2556604.085798984393,2556612.203795605339,retrograde
NorthNode,322.208385406,321.844348515,6981051150,6981817720,2556618.344918864779,2556627.217256429605,retrograde
NorthNode,321.913102024,321.166870659,6982179618,6983092997,2556631.405889152549,2556641.977403840981,retrograde
NorthNode,321.222473662,320.265445425,6983408290,6984344449,2556645.626627459191,2556656.461797397584,retrograde
NorthNode,320.280446911,318.744883961,6984524584,6985668877,2556658.546695639379,2556671.790824474767,retrograde
Uranus,108.583793385,104.491416899,6985203310,6998106074,2556666.402325700037,2556815.739864171483,retrograde
NorthNode,318.746530686,317.409427104,6985755612,6986857392,2556672.794706298970,2556685.546788766980,retrograde
NorthNode,317.409460375,315.650015088,6986879659,6988093592,2556685.804509767331,2556699.854660873301,retrograde
NorthNode,315.658263378,314.599869233,6988243273,6989199695,2556701.587079006247,2556712.656778786331,retrograde
Mercury,266.392086562,250.113754404,6988370779,6990078431,2556703.062841981649,2556722.827331595123,retrograde
NorthNode,314.626987442,313.517152662,6989422688,6990434249,2556715.237712616101,2556726.945596910082,retrograde
Jupiter,151.633043618,141.606183590,6989872668,7000332411,2556720.445821464062,2556841.507657475770,retrograde
NorthNode,313.600319557,313.159339569,6990808899,6991559914,2556731.281829270534,2556739.974123376422,retrograde
NorthNode,313.244145318,312.947857657,6991978488,6992784364,2556744.818730639294,2556754.146002222784,retrograde
NorthNode,313.021253526,312.999061859,6993362985,6993880954,2556760.843007232063,2556766.838019002229,retrograde
NorthNode,312.999114320,312.961781478,6993940840,6994545018,2556767.531145253219,2556774.523941924796,retrograde
Neptune,220.214250617,217.440538021,6994591773,7008349168,2556775.065094218589,2556934.294199631549,retrograde
NorthNode,313.051040130,312.769616718,6995141961,6995905361,2556781.433004984632,2556790.268654929474,retrograde
NorthNode,312.846616574,312.316036835,6996302661,6997119615,2556794.867038592696,2556804.322518425994,retrograde
NorthNode,312.398447317,311.470568713,6997496795,6998438729,2556808.688026457094,2556819.590039523318,retrograde
Mercury,13.254239240,0.462173031,6997800794,6999801957,2556812.206538602710,2556835.368142932653,retrograde
NorthNode,311.495267124,310.252488789,6998655136,6999696968,2556822.094749634154,2556834.152990894392,retrograde
NorthNode,310.259766342,308.865161492,6999843404,7000965854,2556835.847856479697,2556848.839169072919,retrograde
NorthNode,308.865220641,307.294630082,7000992996,7002182970,2556849.153316886164,2556862.926162304357,retrograde
NorthNode,307.296298087,306.082119129,7002271861,7003328183,2556863.954996511340,2556876.180941028520,retrograde
NorthNode,306.093846706,304.932256408,7003494195,7004525345,2556878.102375791408,2556890.036986829713,retrograde
Pluto,330.654659678,328.354634151,7004144232,7018295762,2556885.625952151604,2557049.416819219477,retrograde
NorthNode,304.984802793,304.364663886,7004837603,7005679266,2556893.651088131592,2556903.392558554187,retrograde
Saturn,340.326036919,333.616295209,7005858504,7017927274,2556905.467069312930,2557045.151909023523,retrograde
NorthNode,304.426778610,303.953464259,7006023838,7006874611,2556907.380653142929,2556917.227564273402,retrograde
NorthNode,304.056593357,303.920854753,7007392762,7008045319,2556923.224678358994,2556930.777431557886,retrograde
NorthNode,303.963033578,303.949946486,7008560352,7008989545,2556936.738454137929,2556941.705963918939,retrograde
Mercury,139.239519195,127.946532758,7008592167,7010676265,2556937.106689535081,2556961.228186875582,retrograde
NorthNode,303.952707952,303.877121120,7009231378,7009937607,2556944.504957759753,2556952.678911007941,retrograde
NorthNode,303.938323146,303.724497919,7010418449,7011107101,2556958.244207078591,2556966.214723071083,retrograde
NorthNode,303.828963615,303.204980060,7011583586,7012474641,2556971.729587764479,2556982.042731885798,retrograde
NorthNode,303.257560731,302.492679143,7012782529,7013666629,2556985.606251331046,2556995.838890563697,retrograde
NorthNode,302.528845819,301.187152651,7013931122,7015006664,2556998.900141652673,2557011.348544868641,retrograde
NorthNode,301.192401523,299.850207782,7015130082,7016237763,2557012.777004245669,2557025.597385774367,retrograde
NorthNode,299.850313131,298.235665839,7016272570,7017463848,2557026.000234834850,2557039.788175289519,retrograde
Uranus,113.127133068,109.025326072,7017157089,7030049041,2557036.237731561996,2557185.450136954896,retrograde
NorthNode,298.236888402,296.883362975,7017538060,7018612192,2557040.647115528584,2557053.079202126712,retrograde
Mercury,250.584803604,234.431239423,7018496686,7020220495,2557051.742325551808,2557071.693820126355,retrograde
NorthNode,296.903115234,295.806720050,7018819171,7019803455,2557055.474788900465,2557066.866967779584,retrograde
NorthNode,295.848534752,295.093396960,7020070140,7020961412,2557069.953594580293,2557080.269242287613,retrograde
Venus,291.023731638,275.680522714,7021150254,7024684703,2557082.454916881397,2557123.362894440070,retrograde
NorthNode,295.200214138,294.836540564,7021400399,7022160973,2557085.350112569518,2557094.153056111187,retrograde
NorthNode,294.911986315,294.770486644,7022607656,7023317563,2557099.322997988202,2557107.539508781396,retrograde
NorthNode,294.802068490,294.801977969,7023902068,7023975794,2557114.304619142786,2557115.157930300571,retrograde
Jupiter,182.134190186,172.161792121,7024028577,7034609953,2557115.768841974437,2557238.238471366465,retrograde
NorthNode,294.832883425,294.726740485,7024534465,7025153248,2557121.624028257094,2557128.785868381150,retrograde
NorthNode,294.828788372,294.335774441,7025674716,7026539431,2557134.821372758597,2557144.829650184140,retrograde
Neptune,222.391159795,219.618473731,7026336879,7040095412,2557142.485296339728,2557301.727578626014,retrograde
NorthNode,294.410368698,293.810624889,7026904456,7027708527,2557149.054481028579,2557158.360854085535,retrograde
Mercury,356.239738263,342.140936631,7027869190,7029813969,2557160.220378927886,2557182.729393959045,retrograde
NorthNode,293.867822158,292.548043457,7028021927,7029090175,2557161.988171206787,2557174.352144848555,retrograde
NorthNode,292.560802103,291.400242303,7029259313,7030272599,2557176.309764356352,2557188.037607253529,retrograde
NorthNode,291.401991699,289.645100770,7030361204,7031595894,2557189.063131147996,2557203.353532101959,retrograde
NorthNode,289.645215354,288.390292232,7031629893,7032700653,2557203.747033831663,2557216.140086849220,retrograde
NorthNode,288.397122508,287.060309468,7032843406,7033932763,2557217.792326031253,2557230.400622216053,retrograde
NorthNode,287.086200521,286.292314503,7034157322,7035050630,2557232.999686288647,2557243.338891366497,retrograde
NorthNode,286.365059406,285.794251244,7035414442,7036281090,2557247.549687429331,2557257.580331986770,retrograde
Pluto,332.068891171,329.777906864,7035815135,7049987408,2557252.187338513322,2557416.218273486011,retrograde
NorthNode,285.867519675,285.615210049,7036680081,7037408890,2557262.198285725899,2557270.633572458290,retrograde
NorthNode,285.703194632,285.640821222,7037982653,7038641107,2557277.274350261316,2557284.895341099240,retrograde
Saturn,352.495678121,345.751700532,7038520722,7050522793,2557283.501995846629,2557422.414855882525,retrograde
Mercury,119.917424744,110.003052653,7038532176,7040625085,2557283.634569086134,2557307.858057595789,retrograde
NorthNode,285.643768363,285.638701090,7038892929,7039202381,2557287.809944800101,2557291.391576284543,retrograde
NorthNode,285.683819738,285.486972328,7039769407,7040545182,2557297.954371644184,2557306.933244058862,retrograde
NorthNode,285.571709380,285.252958487,7041013477,7041730912,2557312.353333356790,2557320.656977216713,retrograde
NorthNode,285.332315815,284.444415652,7042120841,7043101402,2557325.170047077350,2557336.519127358682,retrograde
NorthNode,284.485165576,283.655766332,7043376059,7044269561,2557339.698025535792,2557350.039489598945,retrograde
NorthNode,283.672143104,282.006800694,7044462305,7045650454,2557352.270322457887,2557366.022045319900,retrograde
NorthNode,282.007898047,280.808970525,7045724231,7046797335,2557366.875940620899,2557379.296126753092,retrograde
Mars,55.507454992,40.643268665,7046590088,7052528275,2557376.897442466579,2557445.626449924894,retrograde
NorthNode,280.809021143,279.015020896,7046824058,7048059184,2557379.605427335948,2557393.900866736658,retrograde
NorthNode,279.021562258,278.005791310,7048194046,7049143475,2557395.461765947752,2557406.450532246381,retrograde
Mercury,234.704608090,218.765060309,7048607639,7050368002,2557400.248717911541,2557420.623300723732,retrograde
Uranus,117.698450090,113.587371419,7049117339,7062003606,2557406.148024252616,2557555.294639752246,retrograde
NorthNode,278.037948400,276.951496788,7049389698,7050397992,2557409.300333664753,2557420.970402899198,retrograde
NorthNode,277.016530524,276.547062014,7050730863,7051502331,2557424.823080455884,2557433.752101417631,retrograde
NorthNode,276.651988166,276.368902074,7051968003,7052750941,2557439.141825390980,2557448.203607920557,retrograde
NorthNode,276.431694810,276.397011474,7053264598,7053853512,2557454.148713359609,2557460.964849052951,retrograde
NorthNode,276.397063495,276.355325797,7053913220,7054551495,2557461.655911783688,2557469.043356561102,retrograde
NorthNode,276.435426663,276.219434507,7055117657,7055798331,2557475.596157347783,2557483.474327267148,retrograde
NorthNode,276.308816235,275.640229109,7056228658,7057133520,2557488.454956537113,2557498.927899608389,retrograde
NorthNode,275.712370867,274.946313790,7057482291,7058336461,2557502.964597524144,2557512.850831536576,retrograde
Mercury,339.658294823,324.579323171,7057975866,7059856694,2557508.677280232310,2557530.446117408574,retrograde
Neptune,224.569015509,221.796987287,7058078013,7071842969,2557509.859535223804,2557669.176149000414,retrograde
Jupiter,212.059159301,202.142554550,7058170040,7068827220,2557510.924659870565,2557634.271652817726,retrograde
NorthNode,274.977017568,273.424299259,7058573341,7059706490,2557515.592492308468,2557528.707646126859,retrograde
NorthNode,273.429738743,272.222564175,7059834369,7060880084,2557530.187728133053,2557542.290910257958,retrograde
NorthNode,272.222637284,270.345375521,7060909621,7062172121,2557542.632772848010,2557557.245038096793,retrograde
NorthNode,270.347605248,269.272457874,7062266731,7063249045,2557558.340066228993,2557569.709443281405,retrograde
NorthNode,269.287752443,268.005033666,7063433996,7064509899,2557571.850077955984,2557584.302654611878,retrograde
NorthNode,268.055599436,267.504046015,7064810911,7065605666,2557587.786590202712,2557596.985146766528,retrograde
NorthNode,267.582409933,267.123588103,7065992517,7066857258,2557601.462593219243,2557611.471161360852,retrograde
NorthNode,267.207691087,267.094971724,7067342551,7067971999,2557617.087983257137,2557624.373258585110,retrograde
Pluto,333.469009493,331.187185504,7067492577,7081671614,2557618.824395812117,2557782.933618775569,retrograde
Mercury,100.003641884,91.128387569,7068428054,7070506268,2557629.651675015688,2557653.705076754093,retrograde
NorthNode,267.136346448,267.134513945,7068556479,7068770787,2557631.138079442084,2557633.618495909497,retrograde
NorthNode,267.148883579,267.067473110,7069217233,7069865700,2557638.785691001453,2557646.291096309200,retrograde
NorthNode,267.132937965,266.824941959,7070339257,7071122662,2557651.772079202347,2557660.839262056164,retrograde
Saturn,4.960193800,358.179483063,7071205155,7083143112,2557661.794042989612,2557799.964841201901,retrograde
Venus,144.419935207,127.963852571,7071362309,7075082600,2557663.612955668941,2557706.671887552366,retrograde
NorthNode,266.923066552,266.409064069,7071576980,7072386833,2557666.097580789588,2557675.470879120752,retrograde
NorthNode,266.460361817,265.450190540,7072693032,7073690767,2557679.014844625257,2557690.562704458833,retrograde
NorthNode,265.478557624,264.440159783,7073932242,7074911147,2557693.357549041510,2557704.687477574684,retrograde
NorthNode,264.444985166,262.767119407,7075033081,7076255607,2557706.098749136552,2557720.248355049640,retrograde
NorthNode,262.767149345,261.537860448,7076278416,7077367488,2557720.512340356596,2557733.117346287705,retrograde
NorthNode,261.539162625,259.908177938,7077444873,7078614145,2557734.013003930449,2557747.546248218045,retrograde
Mercury,218.652689136,203.048669474,7078701322,7080515436,2557748.555238999426,2557769.551927901804,retrograde
NorthNode,259.927632768,259.072041221,7078819461,7079714462,2557749.922591285780,2557760.281392535195,retrograde
NorthNode,259.115138959,258.225848669,7079989369,7080956276,2557763.463188325986,2557774.654243949801,retrograde
Uranus,122.296199217,118.176005607,7081071336,7093952506,2557775.985958925448,2557925.073571125977,retrograde
NorthNode,258.320633442,258.014518690,7081373582,7082078664,2557779.484175439924,2557787.644844566472,retrograde
NorthNode,258.098267530,257.933531201,7082548115,7083307647,2557793.078303901479,2557801.869183658622,retrograde
NorthNode,257.962736167,257.962736117,7083901417,7083907444,2557808.741522067226,2557808.811282867566,retrograde
NorthNode,257.986361028,257.869924252,7084453542,7085119735,2557815.131858127192,2557822.842427170835,retrograde
NorthNode,257.982717142,257.573706327,7085667238,7086458393,2557829.179266936146,2557838.336148754694,retrograde
NorthNode,257.646046903,256.911538807,7086817985,7087701400,2557842.498099704273,2557852.722810845822,retrograde
NorthNode,256.972111733,255.879206625,7088021847,7088993224,2557856.431685050949,2557867.674478138797,retrograde
Mercury,323.388799206,307.660552380,7088106259,7089925005,2557857.408676691353,2557878.458983466029,retrograde
NorthNode,255.892980259,254.401467670,7089164782,7090285306,2557869.660094872117,2557882.629129610024,retrograde
Neptune,226.746777709,223.974832821,7089825442,7103593577,2557877.306628185324,2558036.660047969781,retrograde
NorthNode,254.402846339,252.959171880,7090367007,7091497125,2557883.574737009592,2557896.654808107764,retrograde
NorthNode,252.959266220,251.333501657,7091528511,7092705310,2557897.018074529245,2557910.638429092243,retrograde
Jupiter,242.282607929,232.410955074,7092396964,7103064412,2557907.069611832500,2558030.535442970693,retrograde
NorthNode,251.342943406,250.274865751,7092864424,7093838461,2557912.480027927086,2557923.753606909886,retrograde
NorthNode,250.301638940,249.306670515,7094062862,7095048503,2557926.350845052861,2557937.758720100857,retrograde
NorthNode,249.388330391,248.954535283,7095430393,7096196440,2557942.178746567108,2557951.045032527298,retrograde
NorthNode,249.030020616,248.746378605,7096602317,7097399443,2557955.742684858851,2557964.968673607334,retrograde
NorthNode,248.824415813,248.790130897,7097982302,7098560803,2557971.714735749178,2557978.410342357121,retrograde
Mercury,79.949512958,71.391740732,7098287371,7100351261,2557975.245621480048,2557999.133232675493,retrograde
NorthNode,248.790514613,248.775506623,7098683415,7099147236,2557979.829463188536,2557985.197762617841,retrograde
Pluto,334.855509296,332.582807823,7099166216,7113356899,2557985.417437986471,2558149.661459377967,retrograde
NorthNode,248.842820348,248.621729998,7099755901,7100520286,2557992.242491750047,2558001.089544112794,retrograde
NorthNode,248.693699084,248.308072156,7100937768,7101701468,2558005.921518193558,2558014.760627449490,retrograde
NorthNode,248.395521496,247.572375929,7102108581,7103049829,2558019.472594750114,2558030.366658583283,retrograde
NorthNode,247.604083743,246.614075257,7103295073,7104263841,2558033.205136728473,2558044.417727105319,retrograde
Saturn,17.742464485,10.924678138,7103920154,7115786152,2558040.439872890711,2558177.777807936072,retrograde
NorthNode,246.628823802,245.236470604,7104454683,7105574136,2558046.626551791094,2558059.583176983520,retrograde
NorthNode,245.237171775,243.809005573,7105636735,7106794038,2558060.307703222148,2558073.702410020865,retrograde
NorthNode,243.809165963,242.408040250,7106834615,7107970592,2558074.172056368552,2558087.319935604930,retrograde
NorthNode,242.413935711,241.187111089,7108099720,7109137127,2558088.814472656697,2558100.821504948661,retrograde
Mercury,202.309412458,187.213117549,7108774826,7110655266,2558096.628200888634,2558118.392559356987,retrograde
NorthNode,241.225225276,240.403879786,7109406901,7110315749,2558103.943883598782,2558114.462963133119,retrograde
NorthNode,240.459601159,239.874562818,7110628472,7111487206,2558118.082435621880,2558128.021484064870,retrograde
NorthNode,239.988280730,239.770853121,7111978604,7112678559,2558133.708963023499,2558141.810301322490,retrograde
Uranus,126.919193265,122.790845681,7113034797,7125914729,2558145.933427452110,2558295.006714682095,retrograde
NorthNode,239.829794130,239.779021823,7113166400,7113835539,2558147.456609141082,2558155.201271755621,retrograde
Mars,105.555583262,87.276645790,7113557232,7120142500,2558151.980124483816,2558228.198499106802,retrograde
NorthNode,239.779090757,239.737065590,7113901541,7114543795,2558155.965181847103,2558163.398680337705,retrograde
NorthNode,239.798292978,239.608310873,7115053371,7115715443,2558169.296545997262,2558176.959421018139,retrograde
NorthNode,239.718689392,239.048389875,7116197972,7117101846,2558182.544244464487,2558193.005748545751,retrograde
NorthNode,239.109080563,238.347767014,7117421318,7118278992,2558196.703343913890,2558206.630119164474,retrograde
Mercury,307.325408834,291.221809453,7118248824,7120014357,2558206.280951946974,2558226.715365685523,retrograde
NorthNode,238.386640410,236.871618429,7118543500,7119649690,2558209.691564385779,2558222.494685588405,retrograde
NorthNode,236.876800759,235.562045005,7119771059,7120853005,2558223.899420963600,2558236.421940969303,retrograde
NorthNode,235.562114640,233.794406645,7120882842,7122104961,2558236.767277210020,2558250.912174863741,retrograde
Neptune,228.923933926,226.151533060,7121570530,7135343314,2558244.726626821794,2558404.133846838959,retrograde
Venus,5.991726932,349.870932722,7122151881,7125766777,2558251.455226400867,2558293.294303895906,retrograde
NorthNode,233.796172272,232.550459560,7122189072,7123223240,2558251.885684914887,2558263.855215126649,retrograde
NorthNode,232.571453246,231.436296754,7123434684,7124443547,2558266.302490159869,2558277.979138125665,retrograde
NorthNode,231.480466959,230.824156910,7124720410,7125575566,2558281.183568960056,2558291.081210304983,retrograde
NorthNode,230.924973814,230.558803617,7126012814,7126798275,2558296.141957545653,2558305.232931653038,retrograde
Jupiter,273.647501464,263.803276452,7126770372,7137370502,2558304.909983247519,2558427.596669644117,retrograde
NorthNode,230.630613445,230.504771900,7127248572,7127934212,2558310.444710566662,2558318.380357299000,retrograde
Mercury,60.308433319,51.180069581,7128147446,7130206922,2558320.848345793784,2558344.684867933393,retrograde
NorthNode,230.564391797,230.480770189,7129167239,7129776877,2558332.651496480219,2558339.707497900352,retrograde
NorthNode,230.565026946,230.164215248,7130292074,7131141890,2558345.670421587303,2558355.506263723597,retrograde
Pluto,336.228925923,333.965249060,7130851763,7145028507,2558352.148306514136,2558516.230995352380,retrograde
NorthNode,230.241037246,229.753757133,7131535152,7132311951,2558360.057906066999,2558369.048628523946,retrograde
NorthNode,229.812473240,228.664041439,7132640112,7133690525,2558372.846787311137,2558385.004346067086,retrograde
NorthNode,228.682981581,227.695136393,7133892643,7134855943,2558387.343673791736,2558398.492978430353,retrograde
NorthNode,227.699666026,225.985181143,7134979680,7136226266,2558399.925126120448,2558414.353197203018,retrograde
NorthNode,225.985185977,224.796567760,7136238327,7137318064,2558414.492800913751,2558426.989749202505,retrograde
Saturn,30.850089757,23.996969267,7136665885,7148447333,2558419.441385895014,2558555.800733566284,retrograde
NorthNode,224.798595527,223.271458083,7137411884,7138570102,2558428.075634716079,2558441.480935823172,retrograde
NorthNode,223.288388204,222.426656427,7138761896,7139666824,2558443.700768979266,2558454.174472152255,retrograde
Mercury,185.546140469,171.185118697,7138826256,7140778124,2558444.445685058832,2558467.036748223007,retrograde
NorthNode,222.480352157,221.700569265,7139977912,7140913423,2558457.775027032942,2558468.602709800936,retrograde
NorthNode,221.775014033,221.443152474,7141289813,7142026798,2558472.959071730264,2558481.488986880518,retrograde
NorthNode,221.544850440,221.406577191,7142552583,7143271277,2558487.574468391947,2558495.892682882026,retrograde
NorthNode,221.432756802,221.432755540,7143835279,7143853576,2558502.420486839488,2558502.632250688039,retrograde
NorthNode,221.453804147,221.313564345,7144391008,7145130231,2558508.852527137846,2558517.408355400898,retrograde
Uranus,131.566401246,127.430804262,7144991281,7157869812,2558515.800134767778,2558664.857211667113,retrograde
NorthNode,221.408441774,221.100448114,7145639877,7146350955,2558523.307029341348,2558531.537100970745,retrograde
NorthNode,221.185814511,220.300468923,7146745878,7147707404,2558536.107976173051,2558547.236749209464,retrograde
NorthNode,220.352248548,219.470515736,7148003847,7148893800,2558550.667799608782,2558560.968182387762,retrograde
Mercury,291.405883031,275.127368977,7148394902,7150122034,2558555.193894460797,2558575.183848962188,retrograde
NorthNode,219.488614476,217.709558570,7149087084,7150276762,2558563.205260163173,2558576.974680936895,retrograde
NorthNode,217.710784185,216.456161796,7150352673,7151420864,2558577.853280336596,2558590.216606271453,retrograde
NorthNode,216.456226209,214.565993389,7151449087,7152688058,2558590.543261951767,2558604.883201274090,retrograde
NorthNode,214.574303303,213.585791340,7152834759,7153766650,2558606.581134542823,2558617.366908808239,retrograde
Neptune,231.099256768,228.325926291,7153318208,7167097396,2558612.176601593383,2558771.657948154025,retrograde
NorthNode,213.618771846,212.530430719,7154012656,7155026930,2558620.214202277362,2558631.953484330326,retrograde
NorthNode,212.601702446,212.183081611,7155378550,7156127740,2558636.023157926276,2558644.694338032976,retrograde
NorthNode,212.278507388,212.007369228,7156583604,7157378578,2558649.970543262549,2558659.171628975309,retrograde
NorthNode,212.068224778,212.040787010,7157911748,7158487546,2558665.342580103315,2558672.006911455654,retrograde
Mercury,41.439270613,31.047001077,7158055439,7160105332,2558667.005663231015,2558690.731285132468,retrograde
NorthNode,212.040795402,212.005675898,7158521196,7159155303,2558672.396370476112,2558679.735573405400,retrograde
NorthNode,212.082484364,211.879985549,7159740406,7160435746,2558686.507605000399,2558694.555517377332,retrograde
NorthNode,211.957627550,211.415593698,7160857811,7161727063,2558699.440531880595,2558709.501314889640,retrograde
Jupiter,306.816397778,296.979260013,7161348847,7171817962,2558705.123817712069,2558826.294123746455,retrograde
NorthNode,211.491656669,210.796836153,7162101608,7162959011,2558713.836332944222,2558723.759969859384,retrograde
Pluto,337.589849567,335.334863268,7162530252,7176705232,2558718.797485087998,2558882.859756029211,retrograde
NorthNode,210.828584190,209.533923026,7163205644,7164293117,2558726.614518215880,2558739.201012571342,retrograde
NorthNode,209.543352995,208.413357767,7164453758,7165486097,2558741.060284379870,2558753.008651110344,retrograde
NorthNode,208.413850134,206.683607901,7165542667,7166794477,2558753.663404640742,2558768.151935756207,retrograde
NorthNode,206.684085530,205.573517423,7166852231,7167880679,2558768.820393944159,2558780.723721093498,retrograde
NorthNode,205.580680529,204.195689744,7168021948,7169132989,2558782.358780998737,2558795.218053549528,retrograde
Mercury,168.193621013,154.834597909,7168853471,7170871101,2558791.982892207801,2558815.335087724030,retrograde
NorthNode,204.233555145,203.578251997,7169401688,7170233307,2558798.327990762889,2558807.953218693845,retrograde
Saturn,44.273658706,37.388502208,7169431793,7181138134,2558798.676432296634,2558934.166489958763,retrograde
NorthNode,203.640040565,203.021258995,7170568221,7171478046,2558811.829529087059,2558822.359915281646,retrograde
NorthNode,203.116896782,202.935795680,7171943178,7172600180,2558827.743382562883,2558835.347580584697,retrograde
Venus,213.587636602,197.834571350,7172262185,7175884843,2558831.435596035793,2558873.364510355517,retrograde
NorthNode,203.000961868,202.955387806,7173127806,7173815890,2558841.454363074154,2558849.418294337578,retrograde
NorthNode,202.955390362,202.917918063,7173838336,7174476784,2558849.678091119044,2558857.067531488836,retrograde
NorthNode,202.973288795,202.746342047,7174970865,7175698422,2558862.786063830368,2558871.206862234510,retrograde
NorthNode,202.859882935,202.337779561,7176192455,7177010201,2558876.924829447642,2558886.389485575259,retrograde
Uranus,136.236999786,132.095724991,7176958717,7189838032,2558885.793607751839,2559034.859748170711,retrograde
NorthNode,202.397938249,201.451627070,7177330641,7178279879,2558890.098288565874,2558901.084829811938,retrograde
Mercury,275.571478938,259.259736072,7178537610,7180245673,2558904.067836642265,2558923.837081417441,retrograde
NorthNode,201.490724930,200.319022147,7178546848,7179543903,2558904.174756878987,2558915.714742231183,retrograde
NorthNode,200.325166770,198.631607826,7179672458,7180863449,2558917.202641332522,2558930.987267382443,retrograde
Mars,143.143948105,123.764377097,7179777292,7186685252,2558918.416005228646,2558998.369240663014,retrograde
NorthNode,198.631663071,197.240676319,7180891040,7182005449,2558931.306607320905,2558944.204860361293,retrograde
NorthNode,197.242047635,195.606249862,7182082253,7183228389,2558945.093791387044,2558958.359251485206,retrograde
NorthNode,195.628594963,194.721565378,7183442732,7184350710,2558960.840072208084,2558971.349085054360,retrograde
NorthNode,194.766272228,193.920973413,7184626459,7185572310,2558974.540621836670,2558985.487976616248,retrograde
Neptune,233.272448478,230.497969505,7185064257,7198845952,2558979.607722363435,2559139.118089429103,retrograde
NorthNode,194.023235625,193.730940860,7186008443,7186715061,2558990.535810044967,2558998.714253650978,retrograde
NorthNode,193.807346392,193.664412775,7187178139,7187924997,2559004.073957310989,2559012.718141960911,retrograde
Mercury,23.398549721,11.466957019,7188031262,7190055074,2559013.948068097234,2559037.371811792254,retrograde
NorthNode,193.687784174,193.687644570,7188463320,7188550670,2559018.948731399141,2559019.959728999063,retrograde
NorthNode,193.714374426,193.606904391,7189088456,7189735388,2559026.184109676629,2559033.671749021858,retrograde
NorthNode,193.712457174,193.308302955,7190281046,7191095324,2559039.987229038961,2559049.411747573875,retrograde
NorthNode,193.375340038,192.767582343,7191455233,7192300152,2559053.577362205833,2559063.356510579586,retrograde
NorthNode,192.828463916,191.784940676,7192632870,7193623039,2559067.207416990772,2559078.667709877715,retrograde
NorthNode,191.800070943,190.574231592,7193805698,7194868446,2559080.781814876944,2559093.082143196836,retrograde
Pluto,338.938066214,336.691246799,7194204301,7208381751,2559085.395271140151,2559249.486133358441,retrograde
NorthNode,190.577178341,189.147203697,7194977198,7196139870,2559094.340836106800,2559107.797692012042,retrograde
Jupiter,342.003436972,332.138755080,7196099716,7206414063,2559107.332944184542,2559226.711960002780,retrograde
NorthNode,189.147205493,187.705110780,7196148448,7197317229,2559107.896976382472,2559121.424528588541,retrograde
NorthNode,187.709072981,186.529649239,7197437721,7198479820,2559122.819117082283,2559134.880443038419,retrograde
NorthNode,186.546196138,185.523437646,7198669128,7199661411,2559137.071513518691,2559148.556272466667,retrograde
Mercury,150.106010657,138.005867268,7198853191,7200919199,2559139.201869763434,2559163.114005379379,retrograde
NorthNode,185.587371287,185.017896721,7200003484,7200831665,2559152.515451055951,2559162.100877520628,retrograde
NorthNode,185.085502552,184.701379638,7201197165,7202012909,2559166.331205422059,2559175.772681525908,retrograde
Saturn,57.982510838,51.069980613,7202211846,7213858360,2559178.075194478035,2559312.872813984752,retrograde
NorthNode,184.802748222,184.707488653,7202563874,7203199071,2559182.149587831460,2559189.501406721771,retrograde
NorthNode,184.758962050,184.610833797,7204368598,7205115920,2559203.037598048337,2559211.687160844915,retrograde
NorthNode,184.685752925,184.384924202,7205571748,7206284973,2559216.962947738357,2559225.217862023972,retrograde
NorthNode,184.486325482,183.662762870,7206721590,7207662945,2559230.271308845840,2559241.166618404910,retrograde
NorthNode,183.705801401,182.780083428,7207934988,7208851323,2559244.315263720229,2559254.920994150452,retrograde
Mercury,259.766898752,243.525464432,7208671217,7210382307,2559252.836432896554,2559272.640709199011,retrograde
Uranus,140.930603818,136.785452225,7208919215,7221797988,2559255.706779225729,2559404.766647494398,retrograde
NorthNode,182.802304332,181.222636972,7209066303,7210203858,2559257.409188517369,2559270.575335349888,retrograde
NorthNode,181.223946253,179.794229351,7210279456,7211404244,2559271.450304792263,2559284.468694094568,retrograde
NorthNode,179.794281491,178.153103112,7211431368,7212612459,2559284.782622990198,2559298.452659807168,retrograde
NorthNode,178.159253078,176.943725892,7212740829,7213747874,2559299.938417708501,2559311.594039015472,retrograde
NorthNode,176.983454292,176.062824941,7214016040,7214955025,2559314.697804440744,2559325.565690058284,retrograde
NorthNode,176.123389287,175.582107262,7215275395,7216101270,2559329.273682394996,2559338.832410277799,retrograde
NorthNode,175.698038355,175.480114375,7216598415,7217316319,2559344.586408310570,2559352.895478906110,retrograde
Neptune,235.443040254,232.667710643,7216809157,7230605495,2559347.025549546815,2559506.705387686379,retrograde
NorthNode,175.534662771,175.500114344,7217811743,7218431244,2559358.629555655643,2559365.799704797566,retrograde
Mercury,6.046053567,352.661494191,7218069324,7220048007,2559361.610817909241,2559384.512243323028,retrograde
NorthNode,175.500119416,175.446290371,7218459145,7219169258,2559366.122634937055,2559374.341538479552,retrograde
NorthNode,175.512874436,175.321692417,7219688140,7220349545,2559380.347108868882,2559388.002259712666,retrograde
NorthNode,175.420740544,174.766898021,7220814098,7221728638,2559393.379032041878,2559403.963990385644,retrograde
NorthNode,174.826557451,174.146657927,7222055393,7222895925,2559407.745870892890,2559417.474252440035,retrograde
Venus,75.482655685,59.008137311,7222913444,7226618923,2559417.677027085796,2559460.564509397373,retrograde
NorthNode,174.182821625,172.754740506,7223158813,7224273840,2559420.516936766915,2559433.422351127490,retrograde
NorthNode,172.760907515,171.627684929,7224407165,7225449738,2559434.965455312282,2559447.032276695594,retrograde
NorthNode,171.627952878,169.897824929,7225497378,7226744545,2559447.583664799109,2559462.018473024480,retrograde
Pluto,340.273444569,338.034173310,7225870818,7240065562,2559451.905891527422,2559616.196911060251,retrograde
NorthNode,169.898519263,168.772493872,7226807843,7227838637,2559462.751082739793,2559474.681566282175,retrograde
NorthNode,168.784004634,167.534392072,7228011698,7229081796,2559476.684587953612,2559489.069979491644,retrograde
Mercury,131.205565245,120.511997880,7228817898,7230907255,2559486.015611857176,2559510.197987183928,retrograde
NorthNode,167.567656579,166.892037752,7229333253,7230190946,2559491.980363309383,2559501.907366929576,retrograde
NorthNode,166.972126498,166.468952555,7230578492,7231430833,2559506.392853892408,2559516.257911776192,retrograde
Jupiter,18.642631782,8.710573288,7230943206,7241135903,2559510.614080943167,2559628.585113242269,retrograde
NorthNode,166.544701804,166.355638277,7231855467,7232551641,2559521.172661217861,2559529.230226343498,retrograde
NorthNode,166.427605398,166.402786951,7233148816,7233706293,2559536.141970282421,2559542.594260280021,retrograde
NorthNode,166.402930599,166.369690059,7233793733,7234378051,2559543.606294454075,2559550.369238174520,retrograde
NorthNode,166.433497119,166.150628925,7234912119,7235716537,2559556.550575632602,2559565.860965170898,retrograde
Saturn,71.923691090,64.990013980,7235002561,7246601778,2559557.597359120846,2559691.847552426159,retrograde
NorthNode,166.242219023,165.821537771,7236161893,7236910674,2559571.015548446216,2559579.682002702728,retrograde
NorthNode,165.892192859,164.809374871,7237263252,7238282851,2559583.762757958844,2559595.563676412217,retrograde
NorthNode,164.840178501,163.854023881,7238522737,7239454937,2559598.340139910579,2559609.129489846528,retrograde
Mercury,243.936025051,227.858574390,7238791317,7240527744,2559601.448704071343,2559621.546239882708,retrograde
NorthNode,163.862288847,162.005808319,7239602366,7240842171,2559610.835842051543,2559625.185439817607,retrograde
NorthNode,162.005858048,160.744329348,7240868029,7241938414,2559625.484717601910,2559637.873433338478,retrograde
Uranus,145.647044630,141.499790255,7240890494,7253771279,2559625.744731468149,2559774.827891136520,retrograde
NorthNode,160.745531457,158.998114154,7242014187,7243201974,2559638.750433260575,2559652.497968615033,retrograde
NorthNode,159.015971377,158.117600640,7243393924,7244287073,2559654.719612059183,2559665.056988674216,retrograde
NorthNode,158.170413243,157.298640600,7244585954,7245543474,2559668.516255918890,2559679.598660064861,retrograde
Mars,176.593690196,157.163656138,7245826238,7252827340,2559682.871397701092,2559763.902672617696,retrograde
NorthNode,157.382899212,157.066761323,7245935337,7246650438,2559684.134119767696,2559692.410743959248,retrograde
NorthNode,157.164599815,157.028982729,7247166045,7247899737,2559698.378423947841,2559706.870224550366,retrograde
Mercury,349.228336883,334.673481949,7248155191,7250074447,2559709.826866596937,2559732.040487557650,retrograde
NorthNode,157.048338326,157.048307080,7248408331,7248458861,2559712.756734987721,2559713.341571417637,retrograde
Neptune,237.611928406,234.835949298,7248558672,7262355293,2559714.496795819141,2559874.179908758961,retrograde
NorthNode,157.076890999,156.926538668,7249017532,7249746261,2559719.807664928026,2559728.242035406642,retrograde
NorthNode,157.028306656,156.691869259,7250264844,7250998750,2559734.244150346145,2559742.738436992280,retrograde
NorthNode,156.767906329,155.935946345,7251374547,7252322605,2559747.087934899144,2559758.060833589174,retrograde
NorthNode,155.987374918,155.120509226,7252625811,7253529953,2559761.570161367767,2559772.034763698466,retrograde
NorthNode,155.136403805,153.534947285,7253716847,7254888779,2559774.197888868861,2559787.761916298419,retrograde
NorthNode,153.536526257,152.357559311,7254974411,7256050879,2559788.753026536666,2559801.212147577666,retrograde
NorthNode,152.357570988,150.610572056,7256067078,7257312407,2559801.399633582681,2559815.813172058202,retrograde
NorthNode,150.615940273,149.657259614,7257443012,7258395347,2559817.324798947200,2559828.347195897251,retrograde
Pluto,341.595202818,339.362939939,7257534812,7271749230,2559818.387296092696,2559982.906022653915,retrograde
NorthNode,149.678958210,148.551458430,7258608745,7259651794,2559830.817077481188,2559842.889400624670,retrograde
Mercury,111.576978034,102.171916672,7258738088,7260826784,2559832.314107261598,2559856.488831616938,retrograde
NorthNode,148.611774689,148.150995040,7259984422,7260753806,2559846.739269062877,2559855.644171326421,retrograde
NorthNode,148.230705967,147.857742192,7261160203,7262000315,2559860.347838744521,2559870.071367789060,retrograde
NorthNode,147.937151961,147.864757250,7262516417,7263121935,2559876.044764882885,2559883.053077639081,retrograde
NorthNode,147.881381687,147.881159711,7263610459,7263715535,2559888.707292735577,2559889.923450794071,retrograde
NorthNode,147.924550232,147.790529374,7264358172,7265041385,2559897.361377193592,2559905.268927225843,retrograde
NorthNode,147.862738774,147.477950034,7265489045,7266289774,2559910.450183257461,2559919.717881720513,retrograde
Jupiter,55.418971483,45.408424148,7265717580,7275872257,2559913.095268242061,2560030.626241602004,retrograde
NorthNode,147.574438239,146.923902748,7266717622,7267567422,2559924.669820724055,2559934.505472392775,retrograde
Saturn,86.026071323,79.078052725,7267798189,7279364118,2559937.176380708814,2560071.041303351521,retrograde
NorthNode,146.966806277,145.817450822,7267842580,7268865528,2559937.690164295956,2559949.529845437035,retrograde
Mercury,227.989327045,212.178156938,7268894484,7270676331,2559949.864987820387,2559970.488214872777,retrograde
NorthNode,145.836568751,144.617687530,7269070337,7270097379,2559951.900318938307,2559963.787376550026,retrograde
NorthNode,144.619379938,142.852884446,7270180778,7271411365,2559964.752650034614,2559978.995552022010,retrograde
NorthNode,142.852969325,141.563525287,7271443266,7272515473,2559979.364771015011,2559991.774579406716,retrograde
NorthNode,141.568637476,140.054783913,7272636744,7273750076,2559993.178176666610,2560006.063963576220,retrograde
Uranus,150.385576743,146.237628808,7272855958,7285736912,2559995.715384189971,2560144.800498285331,retrograde
Venus,288.530719606,273.191757360,7273396255,7276929299,2560001.968815220520,2560042.860523851588,retrograde
NorthNode,140.093441037,139.338692158,7274014109,7274865732,2560009.119906150736,2560018.976650740951,retrograde
NorthNode,139.399946189,138.727636314,7275186484,7276095281,2560022.689056713134,2560033.207543727942,retrograde
NorthNode,138.836418383,138.646449169,7276575014,7277233958,2560038.760004719719,2560046.386674479581,retrograde
NorthNode,138.709070081,138.668541341,7277747968,7278381029,2560052.335860612802,2560059.662956605665,retrograde
Mercury,332.793558760,317.402672689,7278273536,7280127796,2560058.418829530478,2560079.880173146725,retrograde
NorthNode,138.668631854,138.616228043,7278453255,7279122328,2560060.498912035488,2560068.242809599265,retrograde
NorthNode,138.676460870,138.445120396,7279607852,7280317153,2560073.862299572676,2560082.071798194200,retrograde
Neptune,239.779846428,237.004274931,7280297483,7294109038,2560081.844141525216,2560241.700098072179,retrograde
NorthNode,138.560191664,137.974632618,7280807042,7281660245,2560087.741811025888,2560097.616847834550,retrograde
NorthNode,138.030168205,137.154592925,7281969756,7282893004,2560101.199145794846,2560111.884888279252,retrograde
NorthNode,137.191498406,135.974118991,7283158024,7284190224,2560114.952249231748,2560126.899010373279,retrograde
NorthNode,135.979379469,134.499432635,7284313573,7285468226,2560128.326665392146,2560141.690703145228,retrograde
NorthNode,134.499520249,133.106664679,7285501238,7286647435,2560142.072784355842,2560155.338954160921,retrograde
NorthNode,133.107634267,131.671250188,7286717102,7287840469,2560156.145288228057,2560169.147222506814,retrograde
NorthNode,131.687981641,130.747447224,7288039542,7288990143,2560171.451306111179,2560182.453629910015,retrograde
Mercury,91.548076470,82.918081806,7288614756,7290687748,2560178.108873866498,2560202.101833574474,retrograde
Pluto,342.903227595,340.677705018,7289209054,7303420418,2560184.987323409878,2560349.470698409714,retrograde
NorthNode,130.781887331,129.962675587,7289244065,7290186080,2560185.392545100302,2560196.295498257503,retrograde
NorthNode,130.052539001,129.699533466,7290600485,7291349176,2560201.091843216680,2560209.757255411707,retrograde
NorthNode,129.771461846,129.567450091,7291776166,7292538419,2560214.699268752709,2560223.521635415033,retrograde
NorthNode,129.626777619,129.619271834,7293151869,7293511056,2560230.621759208851,2560234.779009342194,retrograde
NorthNode,129.621095442,129.576926748,7293722445,7294316196,2560237.225646784529,2560244.097757885233,retrograde
NorthNode,129.660263472,129.361362486,7294894161,7295692150,2560250.787173589692,2560260.023150837980,retrograde
NorthNode,129.434585461,128.983819563,7296090381,7296869438,2560264.632314799353,2560273.649179507047,retrograde
NorthNode,129.062319390,128.070684954,7297245295,7298227370,2560277.999376588501,2560289.365974959917,retrograde
NorthNode,128.095760977,127.016313154,7298447165,7299435646,2560291.909901976585,2560303.350653218105,retrograde
Mercury,211.834333510,196.425848863,7298979098,7300821504,2560298.066538341343,2560319.390681862831,retrograde
NorthNode,127.024664236,125.436841797,7299588951,7300758436,2560305.125019651838,2560318.660723895766,retrograde
Jupiter,90.943543540,80.882062339,7300312672,7310532577,2560313.501415170729,2560431.787361815572,retrograde
Saturn,100.204505421,93.249380421,7300590991,7312142368,2560316.722710333765,2560450.419201664627,retrograde
NorthNode,125.436917195,123.991586293,7300787655,7301927807,2560318.998913359828,2560332.195116860792,retrograde
NorthNode,123.993154142,122.544332722,7302013588,7303120730,2560333.187945296057,2560346.002088591456,retrograde
NorthNode,122.557818591,121.459549333,7303291492,7304272490,2560347.978507541120,2560359.332643141970,retrograde
NorthNode,121.520828428,120.804158657,7304595830,7305468329,2560363.075007122941,2560373.173377881758,retrograde
Uranus,155.144726693,150.996332773,7304829335,7317713634,2560365.777609334327,2560514.901440315880,retrograde
NorthNode,120.875749676,120.460808070,7305826140,7306626319,2560377.314707173966,2560386.576037745923,retrograde
NorthNode,120.573461712,120.459410686,7307175607,7307833827,2560392.933536921628,2560400.551822693087,retrograde
Mercury,316.620468498,300.699659328,7308410721,7310204573,2560407.228838592768,2560427.991009213030,retrograde
NorthNode,120.513472083,120.346077428,7308985005,7309745452,2560413.875644082204,2560422.677118275315,retrograde
NorthNode,120.429256747,120.113155227,7310208602,7310916454,2560428.037645883858,2560436.230373654515,retrograde
NorthNode,120.210417642,119.313756616,7311336754,7312303149,2560441.094960214570,2560452.280085296370,retrograde
Neptune,241.948500982,239.174005689,7312043913,7325856365,2560449.279675320722,2560609.146010554396,retrograde
Mars,210.829060012,192.239400824,7312123692,7318987213,2560450.203040358610,2560529.641945487820,retrograde
NorthNode,119.355637178,118.461880594,7312572548,7313475421,2560455.398132488132,2560465.848053147085,retrograde
NorthNode,118.481056724,116.851535991,7313679215,7314847094,2560468.206781396642,2560481.723896662705,retrograde
NorthNode,116.852583947,115.570931521,7314918483,7316015994,2560482.550153325312,2560495.252826767042,retrograde
NorthNode,115.570983282,113.927330531,7316043338,7317252547,2560495.569317280315,2560509.564783203416,retrograde
NorthNode,113.932963218,112.868472309,7317380493,7318361469,2560511.045643510297,2560522.399537957273,retrograde
Mercury,71.608285658,62.911585854,7318470061,7320529491,2560523.656380422413,2560547.492380894721,retrograde
NorthNode,112.900010229,111.940629147,7318612565,7319593425,2560525.305732163601,2560536.658284247853,retrograde
NorthNode,111.993926365,111.484161794,7319904747,7320716323,2560540.261551711708,2560549.654785384424,retrograde
Pluto,344.197618524,341.978824396,7320878433,7335094508,2560551.531060044654,2560716.068964884616,retrograde
NorthNode,111.585512271,111.308826734,7321182182,7321948935,2560555.046675456688,2560563.921132025309,retrograde
NorthNode,111.370681605,111.300402676,7322426944,7323075032,2560569.453645546921,2560576.954657367431,retrograde
NorthNode,111.307604730,111.301216206,7323416327,7323747310,2560580.904840124771,2560584.735659591854,retrograde
Venus,142.251299633,125.785393924,7323623019,7327344563,2560583.297102140263,2560626.370524479076,retrograde
NorthNode,111.347962887,111.224749715,7324317159,7324951094,2560591.331125305966,2560598.668341749348,retrograde
NorthNode,111.311586312,110.823385862,7325433684,7326307986,2560604.253869025968,2560614.373107632622,retrograde
NorthNode,110.897416061,110.340159451,7326683987,7327483820,2560618.724975718185,2560627.982301148586,retrograde
NorthNode,110.388469875,109.085907819,7327780363,7328861929,2560631.414514226839,2560643.932631748728,retrograde
NorthNode,109.099630539,108.036591501,7329040099,7330029016,2560645.994785531424,2560657.440592039376,retrograde
Mercury,195.334874769,180.520353221,7329044057,7330954932,2560646.040603935719,2560668.157207027078,retrograde
NorthNode,108.038430335,106.177373614,7330118331,7331379405,2560658.474327375181,2560673.070088371634,retrograde
NorthNode,106.177459218,104.990956020,7331410577,7332456794,2560673.430874519050,2560685.539873834699,retrograde
NorthNode,104.996910331,103.473753885,7332589842,7333715470,2560687.079780255444,2560700.107880407013,retrograde
Saturn,114.371913679,107.419073111,7333372478,7344926573,2560696.138059690595,2560829.866018623114,retrograde
NorthNode,103.503651107,102.744409077,7333950305,7334808782,2560702.825870956294,2560712.761956713162,retrograde
Jupiter,124.481289699,114.421415628,7334708989,7345048020,2560711.606935761869,2560831.271651789546,retrograde
NorthNode,102.818080600,102.162815766,7335163279,7336060577,2560716.864923193119,2560727.250315815210,retrograde
NorthNode,102.249963194,102.032202687,7336485954,7337172701,2560732.173661308363,2560740.122121119872,retrograde
Uranus,159.920918240,155.772854282,7336799377,7349684969,2560735.801249272190,2560884.940044884570,retrograde
NorthNode,102.113282264,102.072690245,7337745620,7338378030,2560746.753137094900,2560754.072693074122,retrograde
NorthNode,102.072736191,102.038823347,7338435086,7339019124,2560754.733061028644,2560761.492762049660,retrograde
Mercury,300.628840355,284.424886210,7338556205,7340302453,2560756.134907685220,2560776.346107542515,retrograde
NorthNode,102.102749915,101.813115756,7339538448,7340329167,2560767.503452392295,2560776.655297640711,retrograde
NorthNode,101.916577973,101.445503328,7340788445,7341554593,2560781.971015278250,2560790.838463126682,retrograde
NorthNode,101.512414435,100.400405761,7341890849,7342907439,2560794.730318781920,2560806.496409758925,retrograde
NorthNode,100.431242172,99.399541345,7343147785,7344094953,2560809.278196434490,2560820.240780517459,retrograde
Neptune,244.119465856,241.346618812,7343786189,7357603368,2560816.667129402049,2560976.588184270076,retrograde
NorthNode,99.406040491,97.581732410,7344229334,7345472427,2560821.796121750958,2560836.183773272671,retrograde
NorthNode,97.581758833,96.364301084,7345493763,7346564648,2560836.430714475922,2560848.825214946643,retrograde
NorthNode,96.365622056,94.703383808,7346643096,7347828118,2560849.733181578107,2560863.448711600155,retrograde
NorthNode,94.721345689,93.891383582,7348026170,7348913383,2560865.740977493115,2560876.009648610838,retrograde
Mercury,52.263742721,42.656219401,7348346003,7350401906,2560869.442753016949,2560893.237925328314,retrograde
NorthNode,93.935644728,93.078534783,7349197074,7350169824,2560879.293113760650,2560890.551789877936,retrograde
NorthNode,93.158851809,92.851131506,7350563622,7351276196,2560895.109636260197,2560903.357018575072,retrograde
NorthNode,92.937672047,92.763542015,7351757232,7352522197,2560908.924564417452,2560917.778333352879,retrograde
Pluto,345.478908586,343.267020459,7352553271,7366758227,2560918.137978366576,2561082.547196871601,retrograde
NorthNode,92.801092879,92.799536416,7353090964,7353293229,2560924.361285256222,2560926.702307242900,retrograde
NorthNode,92.806829450,92.727997050,7353646758,7354321880,2560930.794083551504,2560938.607996707782,retrograde
NorthNode,92.818556588,92.555956582,7354883927,7355612436,2560945.113172775134,2560953.544989350252,retrograde
NorthNode,92.629112929,92.015722267,7356006077,7356889762,2560958.101018757559,2560968.328854409978,retrograde
NorthNode,92.083749745,91.299905279,7357242921,7358134186,2560972.416339327581,2560982.731905351393,retrograde
NorthNode,91.323849569,89.940880469,7358352959,7359458101,2560985.264003725722,2560998.054997582920,retrograde
Mercury,178.333054995,164.362529606,7359086493,7361066300,2560993.753982424736,2561016.668414205313,retrograde
NorthNode,89.946666523,88.735982640,7359593097,7360661205,2560999.617454234511,2561011.979806276970,retrograde
NorthNode,88.736049944,86.961963207,7360689859,7361932493,2561012.311454829760,2561026.693787746131,retrograde
NorthNode,86.963905334,85.853800679,7362024451,7363027205,2561027.758125811815,2561039.364070264623,retrograde
NorthNode,85.867349104,84.551146247,7363201423,7364271422,2561041.380484038033,2561053.764731388539,retrograde
NorthNode,84.607351632,84.029679066,7364583620,7365382770,2561057.378129390068,2561066.627548933029,retrograde
NorthNode,84.105186716,83.615665131,7365753113,7366618291,2561070.913928619586,2561080.927567519248,retrograde
Saturn,128.451048730,121.510318724,7366139239,7377711446,2561075.382986374199,2561209.320560581982,retrograde
NorthNode,83.714935258,83.610943024,7367134725,7367752596,2561086.904805506580,2561094.056096621789,retrograde
NorthNode,83.641896088,83.641836546,7368319497,7368383769,2561100.617447433062,2561101.361343148164,retrograde
Mercury,284.750257016,268.442901543,7368701466,7370417948,2561105.038385212421,2561124.905082151294,retrograde
Uranus,164.711203367,160.562911421,7368773370,7381663747,2561105.870606224053,2561255.064789089374,retrograde
Jupiter,156.108928219,146.087769381,7368935034,7379415518,2561107.741725578904,2561229.043622434139,retrograde
NorthNode,83.674208089,83.535061966,7368975669,7369677581,2561108.212035105564,2561116.336010193452,retrograde
NorthNode,83.610621670,83.238567312,7370125679,7370895828,2561121.522340009920,2561130.436090946198,retrograde
NorthNode,83.345182331,82.595610369,7371332490,7372214287,2561135.490049271844,2561145.696043017320,retrograde
NorthNode,82.638144332,81.508836131,7372482377,7373479288,2561148.798936259001,2561160.337255141698,retrograde
NorthNode,81.527847948,80.174848293,7373682395,7374747577,2561162.688024688512,2561175.016527104191,retrograde
Venus,3.629445018,347.539385147,7374407795,7378019881,2561171.083861751482,2561212.890418602154,retrograde
NorthNode,80.176052462,78.514028553,7374821261,7376022187,2561175.869350177236,2561189.768950177357,retrograde
Neptune,246.293299008,243.522142784,7375534926,7389351636,2561184.129354511388,2561344.044983978383,retrograde
NorthNode,78.514190396,77.177685064,7376062134,7377155097,2561190.231309923343,2561202.881334950216,retrograde
NorthNode,77.183413447,75.821013208,7377281831,7378362956,2561204.348170659505,2561216.861184623092,retrograde
Mercury,33.750455426,22.714045121,7378280874,7380323961,2561215.911161229014,2561239.558001250029,retrograde
NorthNode,75.859966899,75.112591833,7378633852,7379503724,2561219.996560145169,2561230.064525053836,retrograde
Mars,251.590830304,235.527451276,7379248357,7385632283,2561227.108881450258,2561300.996919549070,retrograde
NorthNode,75.167921139,74.554799776,7379817782,7380710179,2561233.699451703578,2561244.028116458096,retrograde
NorthNode,74.659786362,74.461437245,7381192527,7381868806,2561249.610853277147,2561257.438153557479,retrograde
NorthNode,74.521159153,74.459618636,7382358946,7383060371,2561263.111072997563,2561271.229421175085,retrograde
NorthNode,74.460197391,74.436910156,7383201621,7383737431,2561272.864253004082,2561279.065761149861,retrograde
Pluto,346.748346385,344.543710552,7384220342,7398426592,2561284.655006532557,2561449.079196532257,retrograde
NorthNode,74.483769894,74.328735437,7384242112,7384907497,2561284.906981385313,2561292.608189871535,retrograde
NorthNode,74.433656822,73.945345081,7385419727,7386271325,2561298.536777879111,2561308.393241129816,retrograde
NorthNode,74.004940261,73.342666328,7386606802,7387465003,2561312.276071950793,2561322.208950084634,retrograde
NorthNode,73.391859362,72.248367324,7387769454,7388798314,2561325.732697704807,2561337.640793361701,retrograde
NorthNode,72.258546450,70.999341835,7388956240,7390031065,2561339.468646768481,2561351.908747217618,retrograde
Mercury,160.683534249,147.832548137,7389102680,7391142699,2561341.163550004363,2561364.774883672595,retrograde
NorthNode,71.000604964,69.498554540,7390112327,7391291031,2561352.849280856550,2561366.491680580191,retrograde
NorthNode,69.498661761,68.082634342,7391324294,7392451992,2561366.876675421372,2561379.928736072034,retrograde
NorthNode,68.090650778,66.920603312,7392604180,7393629703,2561381.690173806623,2561393.559647310525,retrograde
NorthNode,66.946041623,66.014108297,7393849897,7394797998,2561396.108189467341,2561407.081585205160,retrograde
NorthNode,66.096689454,65.597700413,7395178018,7395983431,2561411.479964416474,2561420.801868137904,retrograde
NorthNode,65.673754242,65.392733393,7396382855,7397151726,2561425.424838590436,2561434.323800722137,retrograde
NorthNode,65.479944603,65.445302903,7397748411,7398341633,2561441.229875383899,2561448.095880762674,retrograde
NorthNode,65.445357368,65.422662647,7398402662,7398926271,2561448.802233992144,2561454.862515406683,retrograde
Mercury,268.942439784,252.654103162,7398840478,7400547868,2561453.869542844594,2561473.631007350981,retrograde
Saturn,142.368807297,135.447574966,7398885934,7410491271,2561454.395656749606,2561588.716691650450,retrograde
NorthNode,65.497775074,65.201740468,7399508862,7400311370,2561461.605474798009,2561470.893755109981,retrograde
NorthNode,65.285007490,64.842519390,7400727282,7401482529,2561475.707555830479,2561484.448842009529,retrograde
Uranus,169.510583201,165.362694132,7400746263,7413639747,2561475.927244122140,2561625.157383368351,retrograde
NorthNode,64.926807201,63.816247109,7401858992,7402864720,2561488.806046819314,2561500.446414446458,retrograde
Jupiter,186.427697969,176.463991998,7403076898,7413675799,2561502.902179047465,2561625.574650138617,retrograde
NorthNode,63.843391549,62.768263800,7403087164,7404051570,2561503.021000738256,2561514.183115463704,retrograde
NorthNode,62.776334886,61.010573071,7404200022,7405406719,2561515.901304413565,2561529.867709031329,retrograde
NorthNode,61.010606707,59.643191071,7405428950,7406538036,2561530.125006071292,2561542.961650677957,retrograde
NorthNode,59.645147775,58.114981916,7406629848,7407761312,2561544.024293069728,2561557.119939915836,retrograde
Neptune,248.470528608,245.700873114,7407282284,7421097394,2561551.575630907901,2561711.472737356089,retrograde
NorthNode,58.130558766,57.157201740,7407942693,7408885074,2561559.219253147021,2561570.126443312503,retrograde
Mercury,16.029700810,3.455007517,7408284757,7410292205,2561563.178330443799,2561586.412680082023,retrograde
NorthNode,57.216869066,56.490947740,7409208937,7410107138,2561573.874853385612,2561584.270699333400,retrograde
NorthNode,56.561012710,56.201557129,7410471283,7411241760,2561588.485338035971,2561597.402902102098,retrograde
NorthNode,56.305829408,56.183112556,7411782922,7412468691,2561603.666348975152,2561611.603492874652,retrograde
NorthNode,56.209630722,56.209301769,7412998394,7413116516,2561617.734314043075,2561619.101471432485,retrograde
NorthNode,56.226385607,56.102346267,7413602138,7414347630,2561624.722091372125,2561633.350465993397,retrograde
NorthNode,56.180625973,55.929165055,7414839439,7415528954,2561639.042699297890,2561647.023199377581,retrograde
Pluto,348.006850125,345.809757185,7415876275,7430104165,2561651.043121512048,2561815.717778210528,retrograde
NorthNode,56.017073858,55.273132673,7415954661,7416901812,2561651.950366136618,2561662.912758196704,retrograde
NorthNode,55.322664638,54.585447270,7417203642,7418067173,2561666.406166451052,2561676.400738128461,retrograde
NorthNode,54.611065050,53.118983907,7418298008,7419445912,2561679.072438137606,2561692.358363000676,retrograde
Mercury,142.256376913,130.751903204,7419086928,7421167821,2561688.203460648656,2561712.287862569094,retrograde
NorthNode,53.122258949,51.971514999,7419553734,7420615059,2561693.606306386180,2561705.890160501003,retrograde
NorthNode,51.971541519,50.232890009,7420636942,7421890442,2561706.143434726633,2561720.651539589278,retrograde
NorthNode,50.234984927,49.149588431,7421982471,7422978102,2561721.716682954691,2561733.240194339305,retrograde
NorthNode,49.167177446,47.969090988,7423177454,7424228191,2561735.547503599897,2561747.708811696619,retrograde
Venus,211.255679746,195.474888564,7424509017,7428136659,2561750.959117392078,2561792.945711364970,retrograde
NorthNode,48.014434563,47.414123051,7424512555,7425332880,2561751.000071555376,2561760.494572428055,retrograde
NorthNode,47.506323292,47.082277281,7425748601,7426578514,2561765.306157823652,2561774.911625443026,retrograde
NorthNode,47.160226887,47.038411074,7427040818,7427695921,2561780.262364818715,2561787.844574450515,retrograde
NorthNode,47.076960120,47.076937269,7428324885,7428372195,2561795.124261086807,2561795.671823292971,retrograde
NorthNode,47.104312306,47.004694142,7428943532,7429571323,2561802.284524869174,2561809.550627256744,retrograde
Mercury,253.140733264,236.962022419,7428968545,7430688371,2561802.574026688933,2561822.479420453310,retrograde
NorthNode,47.088824046,46.637764592,7430057563,7430905611,2561815.178401523270,2561824.993766805157,retrograde
NorthNode,46.728336467,46.143793122,7431310821,7432108976,2561829.683699139394,2561838.921602563933,retrograde
Saturn,156.058405288,149.162828721,7431607549,7443265125,2561833.118050061166,2561968.043695658445,retrograde
NorthNode,46.196384279,44.830111159,7432405858,7433480189,2561842.357744610868,2561854.792120392434,retrograde
Uranus,174.315450319,170.167123973,7432716629,7445619981,2561845.954620516859,2561995.298973587342,retrograde
NorthNode,44.846597717,43.713227193,7433667934,7434656793,2561856.965100018308,2561868.410222579725,retrograde
NorthNode,43.714976707,41.739137339,7434742116,7436008010,2561869.397761472501,2561884.049316029064,retrograde
NorthNode,41.739283707,40.543299307,7436045234,7437079697,2561884.480144606903,2561896.453101901338,retrograde
NorthNode,40.550014280,38.999046249,7437215983,7438343914,2561898.030486035161,2561911.085243147798,retrograde
Jupiter,216.275362123,206.364616625,7437225003,7447891190,2561898.134886346757,2562021.586114026606,retrograde
Mercury,358.940353269,345.015607282,7438346107,7440299575,2561911.110626257956,2561933.720203474164,retrograde
NorthNode,39.033965053,38.331162393,7438595335,7439433109,2561913.995201856829,2561923.691666537896,retrograde
Neptune,250.650501289,247.882025867,7439031891,7452846783,2561919.047935050912,2562078.942515556701,retrograde
NorthNode,38.401397573,37.764688826,7439782877,7440688707,2561927.739904491231,2561938.224042917602,retrograde
NorthNode,37.853896066,37.666068317,7441132606,7441799214,2561943.361765861511,2561951.077139505185,retrograde
NorthNode,37.736536008,37.695747069,7442354126,7443017251,2561957.499724586494,2561965.174790044315,retrograde
NorthNode,37.695757538,37.663547459,7443053407,7443660361,2561965.593255606480,2561972.618189207278,retrograde
NorthNode,37.717588093,37.485828479,7444166161,7444925702,2561978.472355708480,2561987.263337176293,retrograde
NorthNode,37.587436684,37.161604657,7445408747,7446183257,2561992.854144071229,2562001.818375428207,retrograde
NorthNode,37.223239611,36.325229793,7446521582,7447494315,2562005.734173964709,2562016.992655912414,retrograde
Pluto,349.255629677,347.066262519,7447540070,7461776502,2562017.522234967910,2562182.295744013973,retrograde
NorthNode,36.363392592,35.421786703,7447766197,7448707558,2562020.139435524121,2562031.034825323150,retrograde
Mars,310.494272154,299.650655903,7448272131,7453661034,2562025.995156071149,2562088.366722674109,retrograde
NorthNode,35.431174195,33.846051334,7448863056,7450056858,2562032.834572911263,2562046.651720167138,retrograde
Mercury,123.034850165,112.925245678,7449033732,7451126519,2562034.809980906546,2562059.032057113945,retrograde
NorthNode,33.846484318,32.649379423,7450112859,7451198061,2562047.299885841087,2562059.860092152841,retrograde
NorthNode,32.649561419,30.992213772,7451238527,7452450799,2562060.328441448510,2562074.359369173646,retrograde
NorthNode,31.001938321,30.078845879,7452612335,7453542793,2562076.228995638900,2562086.998185315169,retrograde
NorthNode,30.107383196,29.082905082,7453778279,7454791456,2562089.723727346398,2562101.450308119878,retrograde
NorthNode,29.157317959,28.751907002,7455158713,7455903160,2562105.700970915146,2562114.317256253213,retrograde
NorthNode,28.835671525,28.545353398,7456330777,7457141445,2562119.266525008716,2562128.649256187491,retrograde
NorthNode,28.614825109,28.584464281,7457697776,7458271540,2562135.088273596950,2562141.729060536250,retrograde
NorthNode,28.584506035,28.557368737,7458328126,7458896440,2562142.383985877968,2562148.961702859960,retrograde
Mercury,237.271188430,221.290864423,7459082075,7460835301,2562151.110254488885,2562171.402216054499,retrograde
NorthNode,28.638073175,28.401707177,7459499729,7460232006,2562155.944208950736,2562164.419642659836,retrograde
NorthNode,28.479897569,27.942266636,7460641050,7461474022,2562169.153943045996,2562178.794822292402,retrograde
NorthNode,28.028399429,27.165831616,7461857640,7462764766,2562183.234841361642,2562193.733984739520,retrograde
NorthNode,27.194459517,25.828621619,7462992074,7464058148,2562196.364871202037,2562208.703683194704,retrograde
NorthNode,25.836631282,24.454618933,7464206620,7465299974,2562210.422111366875,2562223.076678101905,retrograde
Saturn,169.469728328,162.604936523,7464295267,7476026386,2562211.448126986623,2562347.224961906672,retrograde
Uranus,179.120923501,174.973307912,7464688781,7477601840,2562216.002680608071,2562365.459383134730,retrograde
NorthNode,24.454686123,22.666561785,7465327842,7466545770,2562223.399220674299,2562237.495605063625,retrograde
NorthNode,22.668780034,21.453814433,7466641089,7467664068,2562238.598837614059,2562250.438879239373,retrograde
NorthNode,21.468713042,20.194379423,7467841115,7468885973,2562252.488024874590,2562264.581292952411,retrograde
Mercury,342.302080112,327.348239869,7468447741,7470338455,2562259.509164072573,2562281.392423465848,retrograde
NorthNode,20.257534535,19.678659749,7469213613,7470019001,2562268.373427783139,2562277.695037849247,retrograde
NorthNode,19.752232773,19.307264747,7470387875,7471234619,2562281.964416520670,2562291.764697751030,retrograde
Neptune,252.833143005,250.065359075,7470782390,7484593887,2562286.530568343587,2562446.385858659633,retrograde
Jupiter,246.548142739,236.680281011,7471455904,7482119855,2562294.325859077275,2562417.751219868660,retrograde
NorthNode,19.407489927,19.315652623,7471771562,7472389511,2562297.979313942604,2562305.131503227167,retrograde
NorthNode,19.339143948,19.339142572,7472942768,7472961504,2562311.534942296334,2562311.751790795475,retrograde
NorthNode,19.372387729,19.229869981,7473589920,7474314670,2562319.025119773112,2562327.413429195061,retrograde
NorthNode,19.300221323,18.986605977,7474761465,7475501748,2562332.584667252377,2562341.152759529650,retrograde
Venus,73.311114528,56.838234068,7475173238,7478875512,2562337.350565498695,2562380.200951641425,retrograde
NorthNode,19.087032074,18.373713489,7475944475,7476846297,2562346.276916909963,2562356.714670965448,retrograde
NorthNode,18.415109786,17.499956710,7477120951,7478067470,2562359.893542713486,2562370.848618881777,retrograde
NorthNode,17.523060955,16.222485902,7478292482,7479370659,2562373.452929467894,2562385.931824303232,retrograde
Mercury,103.180411052,94.187940507,7478936223,7481016648,2562380.903632052243,2562404.982618413866,retrograde
Pluto,350.495252292,348.313659268,7479205039,7493445890,2562384.014923241921,2562548.839588160627,retrograde
NorthNode,16.224722730,14.818266188,7479463745,7480630737,2562387.009212930687,2562400.516064807773,retrograde
NorthNode,14.818267693,13.423507531,7480639334,7481798441,2562400.615564534441,2562414.031155655161,retrograde
NorthNode,13.425858436,12.128021479,7481893227,7482975085,2562415.128218971193,2562427.649724231102,retrograde
NorthNode,12.152243462,11.253851276,7483204403,7484141788,2562430.303857083432,2562441.153225206770,retrograde
NorthNode,11.295620277,10.590106580,7484417829,7485322905,2562444.348139883950,2562454.823559295386,retrograde
NorthNode,10.690491938,10.385487653,7485768390,7486501764,2562459.979642902501,2562468.467760927044,retrograde
NorthNode,10.455513635,10.316765873,7486949980,7487677339,2562473.655453335494,2562482.073953176849,retrograde
NorthNode,10.347486295,10.347475981,7488287283,7488324098,2562489.133496995084,2562489.559591080993,retrograde
NorthNode,10.371770597,10.277831704,7488873504,7489493756,2562495.918461712077,2562503.097302297130,retrograde
Mercury,221.253349573,205.589406644,7489178379,7490983384,2562499.447106413543,2562520.338368557394,retrograde
NorthNode,10.378419114,9.939720174,7490032623,7490877294,2562509.334181168117,2562519.110471690074,retrograde
NorthNode,10.012180312,9.425151303,7491243559,7492052491,2562523.349651454017,2562532.712292958051,retrograde
NorthNode,9.488561063,8.243471281,7492381732,7493421959,2562536.522944949567,2562548.562613669783,retrograde
NorthNode,8.258117170,7.021106519,7493597892,7494625774,2562550.598868798465,2562562.495653258637,retrograde
NorthNode,7.023404581,5.277190277,7494722429,7495933983,2562563.614352048375,2562577.636966901831,retrograde
NorthNode,5.277256617,3.862223178,7495961717,7497061613,2562577.957956923172,2562590.688232666813,retrograde
Uranus,183.923738524,179.776088129,7496654546,7509585619,2562585.976816001348,2562735.642011607997,retrograde
Saturn,182.571320828,175.740475189,7496958585,7508764528,2562589.495782166719,2562726.138636834919,retrograde
NorthNode,3.870105609,2.532328611,7497209313,7498269888,2562592.397724940442,2562604.672907318920,retrograde
NorthNode,2.560915263,1.674645431,7498496734,7499410015,2562607.298438733444,2562617.868819954805,retrograde
Mercury,325.993323378,310.345052503,7498575216,7500403294,2562608.206790670753,2562629.365101166070,retrograde
NorthNode,1.761321172,1.233502228,7499793811,7500621652,2562622.310898084193,2562631.892386809923,retrograde
NorthNode,1.311637249,1.069723985,7501030542,7501767284,2562636.624909981154,2562645.152022622526,retrograde
NorthNode,1.150828236,1.124919424,7502371407,7502931275,2562652.144187597558,2562658.624143700115,retrograde
Neptune,255.017036754,252.249377762,7502532108,7516352901,2562654.004156948067,2562813.967037475668,retrograde
NorthNode,1.124963637,1.093737004,7502988931,7503566392,2562659.291450427845,2562665.975032734685,retrograde
NorthNode,1.165385383,0.867294655,7504124809,7504936544,2562672.438191293739,2562681.833268234506,retrograde
NorthNode,0.950281047,0.541093464,7505360875,7506107770,2562686.744504685514,2562695.389124206267,retrograde
Jupiter,278.096814187,268.254992331,7505861884,7516446761,2562692.543228261173,2562815.053371652961,retrograde
NorthNode,0.615937418,359.572120192,7506474592,7507488278,2562699.634749514982,2562711.367235904559,retrograde
NorthNode,359.600045056,358.670970898,7507721233,7508656566,2562714.063471880741,2562724.889080282301,retrograde
Mercury,83.116177709,74.569650174,7508798411,7510864734,2562726.530807606876,2562750.446585245430,retrograde
NorthNode,358.680200848,357.007271514,7508815207,7510027141,2562726.725201591849,2562740.752218739130,retrograde
NorthNode,357.007426867,355.809404616,7510065437,7511153444,2562741.195465181023,2562753.788132527843,retrograde
Pluto,351.726208651,349.552360163,7510878226,7525104554,2562750.602742708288,2562915.259318039753,retrograde
NorthNode,355.809946185,354.230230252,7511213923,7512400465,2562754.488125578500,2562768.221250128932,retrograde
NorthNode,354.239816735,353.303934105,7512556915,7513500164,2562770.032009352930,2562780.949244790711,retrograde
NorthNode,353.343834116,352.461669341,7513777716,7514742283,2562784.161657216959,2562795.325622528791,retrograde
NorthNode,352.523041718,352.102866038,7515080424,7515857495,2562799.239291094244,2562808.233170194551,retrograde
NorthNode,352.205027486,351.981905766,7516346340,7517098370,2562813.891093350016,2562822.595152438618,retrograde
NorthNode,352.034355376,351.960198676,7517602796,7518916630,2562828.433407064527,2562843.639826511033,retrograde
Mars,29.606484661,17.037294623,7518018764,7523584534,2562833.247853838839,2562897.666495204903,retrograde
Mercury,204.965409254,189.782487313,7519254563,7521125114,2562847.551086112857,2562869.200976200402,retrograde
NorthNode,352.030432550,351.841402371,7519465186,7520130417,2562849.988849745132,2562857.688286906108,retrograde
NorthNode,351.930995518,351.294948424,7520576507,7521485893,2562862.851358937100,2562873.376662285998,retrograde
NorthNode,351.363297452,350.659862514,7521831415,7522668083,2562877.375762927346,2562887.059420845471,retrograde
NorthNode,350.695088816,349.161729541,7522921337,7524050420,2562889.990601694211,2562903.058686941862,retrograde
NorthNode,349.168178353,347.966242906,7524184667,7525219178,2562904.612470651977,2562916.585982388817,retrograde
NorthNode,347.966400089,346.017625532,7525257418,7526522253,2562917.028575957753,2562931.667868015356,retrograde
Venus,286.047602389,270.714412651,7525643586,7529176068,2562921.498106265441,2562962.383313825354,retrograde
NorthNode,346.019367870,344.872090206,7526607343,7527597832,2562932.652708766051,2562944.116693254560,retrograde
NorthNode,344.888439198,343.538361103,7527785267,7528858513,2562946.286081145518,2562958.707918433473,retrograde
Uranus,188.719073150,184.572703064,7528623654,7541572903,2562955.989636308514,2563105.865200492553,retrograde
Mercury,309.905634499,293.843298124,7528716664,7530489299,2562957.066146768630,2562977.582756482065,retrograde
NorthNode,343.590326787,342.994443487,7529153727,7529954621,2562962.124742353335,2562971.394352076575,retrograde
Saturn,195.350501774,188.554971688,7529602600,7541473090,2562967.320033833385,2563104.709966778755,retrograde
NorthNode,343.086212239,342.639761009,7530361334,7531207326,2562976.101671364158,2562985.893252759241,retrograde
NorthNode,342.722920177,342.621069100,7531690986,7532321692,2562991.491162131540,2562998.791003965773,retrograde
NorthNode,342.648696676,342.648671514,7532892331,7532941105,2563005.395619129762,2563005.960131425411,retrograde
NorthNode,342.687288446,342.566318282,7533569225,7534221928,2563013.230037446134,2563020.784478160553,retrograde
Neptune,257.201416186,254.432986104,7534285373,7548102921,2563021.518789953552,2563181.444122432731,retrograde
NorthNode,342.645714839,342.207877510,7534685287,7535520587,2563026.147431208752,2563035.815247934312,retrograde
NorthNode,342.299162754,341.703481354,7535933423,7536751176,2563040.593451067805,2563050.058182203211,retrograde
NorthNode,341.748878541,340.514985163,7537035021,7538091801,2563053.343417593278,2563065.574666978791,retrograde
NorthNode,340.532099773,339.457064025,7538288613,7539283055,2563067.852589074522,2563079.362336095423,retrograde
Mercury,63.400841584,54.410293047,7538655974,7540715741,2563072.104449361563,2563095.944343805313,retrograde
NorthNode,339.458983193,337.682831957,7539372415,7540630119,2563080.396594088525,2563094.953356485814,retrograde
Jupiter,311.563189375,301.724705633,7540461011,7550906399,2563092.996090099216,2563213.891780927777,retrograde
NorthNode,337.682862476,336.548578776,7540652987,7541709592,2563095.218027479015,2563107.447249989957,retrograde
NorthNode,336.552202269,335.047518808,7541821422,7542968386,2563108.741584641859,2563122.016633255407,retrograde
Pluto,352.948751290,350.782312510,7542543337,7556766682,2563117.097076647915,2563281.719128708355,retrograde
NorthNode,335.073476590,334.351136917,7543199950,7544060202,2563124.696771250106,2563134.653389514424,retrograde
NorthNode,334.402362539,333.664787792,7544367476,7545311699,2563138.209801332094,2563149.138307264075,retrograde
NorthNode,333.751804260,333.507617995,7545736564,7546424764,2563154.055728055537,2563162.021001853980,retrograde
NorthNode,333.585765299,333.467759477,7546923044,7547664885,2563167.788134874776,2563176.374260542914,retrograde
NorthNode,333.482340764,333.481751580,7548120433,7548264902,2563181.646799454466,2563183.318897257559,retrograde
NorthNode,333.509624220,333.381871939,7548794412,7549488203,2563189.447485063225,2563197.477470797487,retrograde
Mercury,188.279316552,173.793837771,7549309320,7551251156,2563195.407065853477,2563217.882023267448,retrograde
NorthNode,333.485702650,333.126353794,7550024767,7550791309,2563203.687706083059,2563212.559719033539,retrograde
NorthNode,333.196152600,332.464018210,7551155799,7552061795,2563216.778355943039,2563227.264416018501,retrograde
NorthNode,332.521941936,331.556509366,7552381825,7553319017,2563230.968465770595,2563241.815594285727,retrograde
NorthNode,331.572133168,330.042562031,7553501261,7554639585,2563243.924901099876,2563257.099947621115,retrograde
NorthNode,330.044375192,328.687355437,7554729054,7555834149,2563258.135472109541,2563270.925918277353,retrograde
NorthNode,328.687381794,326.925931775,7555854690,7557067136,2563271.163666644134,2563285.196607421152,retrograde
NorthNode,326.934057527,325.862155684,7557215914,7558175980,2563286.918576437049,2563298.030450330116,retrograde
NorthNode,325.889035316,324.778749387,7558397785,7559407947,2563300.597637891769,2563312.289329892956,retrograde
Mercury,293.968574753,277.703732440,7558862955,7560594286,2563305.981550291181,2563326.020099252462,retrograde
NorthNode,324.862280727,324.418259846,7559783147,7560536040,2563316.631913027726,2563325.345960504375,retrograde
Uranus,193.504347985,189.359331648,7560586351,7573555761,2563325.928263361566,2563476.037166840397,retrograde
NorthNode,324.502360415,324.205534330,7560952721,7561758212,2563330.168652555905,2563339.491466493346,retrograde
Saturn,207.812313708,201.052203093,7562215984,7574159765,2563344.789750270545,2563483.027961544693,retrograde
NorthNode,324.279658476,324.256694324,7562338116,7562867207,2563346.203314811923,2563352.327055693604,retrograde
NorthNode,324.256720893,324.221144201,7562915072,7563517687,2563352.881052590907,2563359.855764915235,retrograde
NorthNode,324.308866691,324.030733759,7564115376,7564880484,2563366.773457160220,2563375.628874444403,retrograde
NorthNode,324.107149157,323.591929928,7565278832,7566090217,2563380.239387205802,2563389.630414146930,retrograde
Neptune,259.384971287,256.615519469,7566026275,7579858454,2563388.890340649523,2563548.985008769669,retrograde
NorthNode,323.674670488,322.755044137,7566469932,7567413324,2563394.025267814286,2563404.944147553295,retrograde
NorthNode,322.780156907,321.570344553,7567631853,7568665698,2563407.473424296826,2563419.439217779785,retrograde
Mercury,44.405944471,34.229579569,7568555358,7570606567,2563418.162137754261,2563441.902981445193,retrograde
NorthNode,321.578178153,320.186953668,7568816424,7569939595,2563421.183733664453,2563434.183398758993,retrograde
NorthNode,320.187035299,318.642059712,7569969890,7571156192,2563434.534036195837,2563448.264377679676,retrograde
NorthNode,318.643419932,317.415111234,7571239371,7572305231,2563449.227107699960,2563461.563440455124,retrograde
NorthNode,317.425847956,316.262416824,7572466266,7573498674,2563463.427276723087,2563475.376443627290,retrograde
NorthNode,316.312484400,315.672218015,7573805018,7574655528,2563478.922093343921,2563488.765962497331,retrograde
Pluto,354.162582241,352.002984019,7574204631,7588429933,2563483.547246032394,2563648.191940453835,retrograde
NorthNode,315.732685220,315.244614678,7574994574,7575847999,2563492.690097291023,2563502.567700443789,retrograde
Jupiter,347.079077658,337.208340040,7575248521,7585536774,2563495.629298418760,2563614.706304535270,retrograde
Venus,140.106423228,123.635756098,7575883060,7579607387,2563502.973498458043,2563546.079141950235,retrograde
NorthNode,315.348706898,315.201651791,7576361130,7577021163,2563508.506715855561,2563516.145990811288,retrograde
NorthNode,315.246914624,315.227153921,7577530049,7578032502,2563522.035880104639,2563527.851305499673,retrograde
NorthNode,315.228193457,315.162034831,7578204710,7578907706,2563529.844453334808,2563537.980983365327,retrograde
Mercury,171.026873995,157.500698012,7579340867,7581349128,2563542.994412131608,2563566.238176397979,retrograde
NorthNode,315.221788879,315.018627737,7579394084,7580076156,2563543.610357957892,2563551.504704376683,retrograde
NorthNode,315.123788948,314.507585996,7580556907,7581446641,2563557.068955523893,2563567.366801123135,retrograde
NorthNode,314.561965712,313.810002380,7581758937,7582635693,2563570.981334252283,2563581.128983710892,retrograde
NorthNode,313.847951926,312.493580016,7582904365,7583980659,2563584.238611915149,2563596.695708706975,retrograde
NorthNode,312.499244273,311.162175842,7584107098,7585207754,2563598.159125700593,2563610.898204467259,retrograde
NorthNode,311.162310600,309.516894612,7585245427,7586440982,2563611.334228012711,2563625.171675824560,retrograde
Mars,88.426026303,71.083861794,7585560181,7591941226,2563614.977222983725,2563688.831906304695,retrograde
NorthNode,309.518044239,308.163851398,7586513532,7587585223,2563626.011370449327,2563638.415200864896,retrograde
NorthNode,308.183223304,307.064975808,7587790198,7588780158,2563640.787606145255,2563652.245467418805,retrograde
Mercury,278.130790592,261.814117716,7589006676,7590715968,2563654.867205709219,2563674.650677062571,retrograde
NorthNode,307.106838527,306.352900539,7589046405,7589934746,2563655.327037391253,2563665.608760315925,retrograde
NorthNode,306.459669051,306.090212849,7590372712,7591137325,2563670.677807921544,2563679.527495707385,retrograde
NorthNode,306.165762948,306.024640338,7591583768,7592291396,2563684.694662780501,2563692.884804519825,retrograde
Uranus,198.276233244,194.134665948,7592554817,7605543795,2563695.933652562089,2563846.269046938978,retrograde
NorthNode,306.056801666,306.056739106,7592882856,7592948110,2563699.730403706431,2563700.485651300289,retrograde
NorthNode,306.087387955,305.982607220,7593510218,7594128186,2563706.991530457512,2563714.143944625743,retrograde
NorthNode,306.083224368,305.595637900,7594648416,7595513013,2563720.165120563470,2563730.172032512724,retrograde
Saturn,219.978165342,213.252209586,7594807204,7606825448,2563722.002945840359,2563861.102989226580,retrograde
NorthNode,305.670500446,305.081304030,7595880254,7596681524,2563734.422506719828,2563743.696464808658,retrograde
NorthNode,305.138392272,303.832038914,7596995619,7598063721,2563747.331821154803,2563759.694112282246,retrograde
Neptune,261.566803923,258.795803479,7597774197,7611611815,2563756.343139982782,2563916.500755180605,retrograde
NorthNode,303.845193677,302.707036027,7598235410,7599243159,2563761.681256402284,2563773.345018804073,retrograde
Mercury,26.236899477,14.536368165,7598520216,7600549498,2563764.977619625628,2563788.464681133628,retrograde
NorthNode,302.708960849,300.958371073,7599334851,7600572495,2563774.406266744249,2563788.730855413713,retrograde
NorthNode,300.958453482,299.719069184,7600603057,7601674326,2563789.084585455246,2563801.483530523255,retrograde
NorthNode,299.725141650,298.372820628,7601811588,7602909347,2563803.072209142148,2563815.777751086280,retrograde
NorthNode,298.397375377,297.600900693,7603129953,7604024235,2563818.331064903177,2563828.681543675251,retrograde
NorthNode,297.670609425,297.078439485,7604381111,7605256999,2563832.812060167082,2563842.949645868503,retrograde
NorthNode,297.151234538,296.889121835,7605652134,7606382667,2563847.522976765409,2563855.978208338842,retrograde
Pluto,355.367428506,353.213921399,7605863055,7620097643,2563849.964191610925,2564014.716367698275,retrograde
NorthNode,296.979241573,296.906769608,7606948988,7607617272,2563862.532853292301,2563870.267623544671,retrograde
NorthNode,296.912326911,296.909887690,7607934948,7608173950,2563873.944430927746,2563876.710650450550,retrograde
NorthNode,296.950244343,296.767715474,7608743449,7609512543,2563883.302076317370,2563892.203630105592,retrograde
Mercury,153.055291159,140.753736170,7609345423,7611404921,2563890.269370205700,2563914.106157205999,retrograde
NorthNode,296.852990862,296.544170193,7609988336,7610701913,2563897.710496815853,2563905.969489029609,retrograde
Jupiter,23.933885299,13.992942373,7610096873,7620267707,2563898.966711200774,2564016.684700503945,retrograde
NorthNode,296.624652622,295.752923384,7611095367,7612070667,2563910.523354438134,2563921.811552656814,retrograde
NorthNode,295.795947324,294.972293827,7612351294,7613240354,2563925.059547338635,2563935.349589456804,retrograde
NorthNode,294.989756662,293.318387711,7613436953,7614622191,2563937.625042997301,2563951.343077122234,retrograde
NorthNode,293.319671329,292.114918841,7614699869,7615771602,2563952.242125892080,2563964.646439772099,retrograde
NorthNode,292.114953460,290.292619150,7615795044,7617034966,2563964.917765813880,2563979.268712890334,retrograde
NorthNode,290.298951247,289.274901040,7617168069,7618117659,2563980.809251459315,2563991.799884921871,retrograde
NorthNode,289.306400353,288.198965435,7618360947,7619373504,2563994.615716109984,2564006.335125543177,retrograde
Mercury,262.327275879,246.070805854,7619141800,7620851105,2564003.653367891908,2564023.436991512775,retrograde
NorthNode,288.264565277,287.793062484,7619706681,7620476769,2564010.191342925653,2564019.104396274313,retrograde
NorthNode,287.897523927,287.609249419,7620939706,7621726158,2564024.462456232868,2564033.564910081215,retrograde
NorthNode,287.672782454,287.637929137,7622241294,7622830124,2564039.527135400102,2564046.342304030433,retrograde
NorthNode,287.637981315,287.597226265,7622889872,7623523616,2564047.033831415698,2564054.368827723898,retrograde
NorthNode,287.677614643,287.461197891,7624092373,7624774942,2564060.951658326201,2564068.851770163514,retrograde
Uranus,203.033817259,198.896955163,7624516586,7637521992,2564065.861540916376,2564216.387066249736,retrograde
NorthNode,287.549614484,286.890591857,7625203870,7626105534,2564073.816212194040,2564084.252135530114,retrograde
NorthNode,286.963318460,286.200755855,7626456666,7627311803,2564088.316165938042,2564098.213587098755,retrograde
Venus,1.280258753,345.223996030,7626661906,7630271531,2564090.691627750173,2564132.469690376893,retrograde
Saturn,231.880899133,225.186693713,7627383489,7639464321,2564099.043288417161,2564238.867731325328,retrograde
NorthNode,286.231367517,284.702530616,7627548815,7628678282,2564100.956783509813,2564114.029315454885,retrograde
Mercury,8.791534317,355.609161042,7628549373,7630536591,2564112.537306904793,2564135.537519343197,retrograde
NorthNode,284.708223691,283.509961985,7628808722,7629853447,2564115.539036741480,2564127.630760534666,retrograde
Neptune,263.746787311,260.974332864,7629517817,7643363611,2564123.746153987013,2564283.998402501456,retrograde
NorthNode,283.510051331,281.651326625,7629885076,7631146806,2564127.996837213635,2564142.600197825581,retrograde
NorthNode,281.653322176,280.580211399,7631238286,7632224405,2564143.658994172700,2564155.072405789047,retrograde
NorthNode,280.594401953,279.305431522,7632404686,7633484707,2564157.158994840458,2564169.659229909070,retrograde
NorthNode,279.354359500,278.795496604,7633782373,7634580617,2564173.104442199692,2564182.343371247873,retrograde
NorthNode,278.871330237,278.396190632,7634960832,7635831723,2564186.744018325582,2564196.823765124194,retrograde
NorthNode,278.481435491,278.361047640,7636314109,7636946960,2564202.406936209649,2564209.731606311165,retrograde
Pluto,356.561976318,354.413939857,7637513833,7651771545,2564216.292636799626,2564381.312449895777,retrograde
NorthNode,278.406425602,278.402010917,7637522870,7637813717,2564216.397231681272,2564219.763509694487,retrograde
NorthNode,278.411377746,278.338120051,7638191417,7638837747,2564224.135046901181,2564231.615717451088,retrograde
NorthNode,278.401533331,278.111660300,7639314651,7640088885,2564237.135431637056,2564246.096479451284,retrograde
Mercury,134.284258930,123.381253049,7639315540,7641403326,2564237.145727023482,2564261.309918314219,retrograde
NorthNode,278.211566875,277.706688069,7640550617,7641359073,2564251.440598182380,2564260.797726369463,retrograde
NorthNode,277.759503430,276.773052879,7641669193,7642657809,2564264.387079600245,2564275.829397002235,retrograde
NorthNode,276.803575035,275.761242509,7642905913,7643883560,2564278.700968092307,2564290.016331593506,retrograde
NorthNode,275.766602997,274.094236929,7644009626,7645224910,2564291.475428437814,2564305.541213799268,retrograde
Jupiter,60.701667844,50.679738676,7644854663,7655013319,2564301.255943939090,2564418.832979954779,retrograde
NorthNode,274.094286564,272.844587026,7645251873,7646343708,2564305.853279853240,2564318.490264680237,retrograde
NorthNode,272.845735433,271.199008704,7646417591,7647587976,2564319.345393784344,2564332.891515537165,retrograde
NorthNode,271.217972955,270.344353366,7647790926,7648690220,2564335.240466473624,2564345.648967042565,retrograde
NorthNode,270.386833202,269.484162622,7648962254,7649930086,2564348.797506825998,2564359.999262389727,retrograde
Mercury,246.506985997,230.401442249,7649263793,7650995496,2564352.287548519671,2564372.330396942794,retrograde
NorthNode,269.579965051,269.268181803,7650347442,7651054365,2564364.829778471962,2564373.011752937920,retrograde
NorthNode,269.351950819,269.183879501,7651520993,7652281383,2564378.412543728948,2564387.213351088576,retrograde
Mars,129.530030846,110.417193468,7651983551,7658798120,2564383.766227564774,2564462.638555229641,retrograde
NorthNode,269.214201280,269.214200882,7652877288,7652889313,2564394.110406672582,2564394.249583833851,retrograde
NorthNode,269.237495834,269.122835123,7653429650,7654092396,2564400.503478765488,2564408.174148232676,retrograde
NorthNode,269.235703563,268.824180095,7654640756,7655434941,2564414.520914884284,2564423.712871888652,retrograde
NorthNode,268.896341946,268.172914981,7655794437,7656673256,2564427.873699917458,2564438.045221291482,retrograde
Uranus,207.775531620,203.645240482,7656485912,7669507007,2564435.876886467449,2564586.584006748162,retrograde
NorthNode,268.233808594,267.138007209,7656994973,7657969710,2564441.768792578019,2564453.050468552858,retrograde
NorthNode,267.151833179,265.687193544,7658141628,7659256161,2564455.040257170796,2564467.939949909225,retrograde
Mercury,351.910560116,337.508188601,7658629379,7660557887,2564460.685527257621,2564483.006225332618,retrograde
NorthNode,265.688668434,264.243024133,7659339976,7660474019,2564468.910027877428,2564482.035534332506,retrograde
Saturn,243.562142345,236.896116362,7659944734,7672082351,2564475.909540824592,2564616.391220316291,retrograde
NorthNode,264.243104701,262.641588585,7660503862,7661678439,2564482.380932478234,2564495.975570069626,retrograde
Neptune,265.925002905,263.151584160,7661263430,7675114254,2564491.172229931690,2564651.482698586769,retrograde
NorthNode,262.650425934,261.574189243,7661834431,7662815172,2564497.781042879447,2564509.132207756862,retrograde
NorthNode,261.599757910,260.606934895,7663036147,7664021831,2564511.689793255180,2564523.098170257173,retrograde
NorthNode,260.686550109,260.241602546,7664399971,7665172428,2564527.474791996181,2564536.415260949172,retrograde
NorthNode,260.315858759,260.022373155,7665573368,7666372759,2564541.055775123648,2564550.307987936772,retrograde
NorthNode,260.103435143,260.062826257,7666951773,7667538106,2564557.009528090246,2564563.795796915889,retrograde
NorthNode,260.064038106,260.054110261,7667719995,7668116389,2564565.900993298739,2564570.488884530030,retrograde
NorthNode,260.116369547,259.908172867,7668729267,7669490768,2564577.582383415662,2564586.396051990800,retrograde
Pluto,357.745702116,355.602777820,7669180393,7683430966,2564582.803745535202,2564747.740938351490,retrograde
Mercury,114.752050827,105.179230418,7669242055,7671333068,2564583.517430290580,2564607.718961454928,retrograde
NorthNode,259.980097712,259.612719264,7669913665,7670668943,2564591.290687154979,2564600.032335879281,retrograde
NorthNode,259.702023321,258.890805771,7671081810,7672021237,2564604.810887633823,2564615.683886180632,retrograde
NorthNode,258.924205101,257.956557246,7672271746,7673230709,2564618.583300036378,2564629.682399408892,retrograde
NorthNode,257.972767485,256.570139743,7673427856,7674546703,2564631.964194285683,2564644.913813078776,retrograde
NorthNode,256.571011835,255.149442970,7674613978,7675766870,2564645.692456492223,2564659.036113430746,retrograde
NorthNode,255.149550475,253.715742881,7675802278,7676947578,2564659.445928337984,2564672.701722851954,retrograde
Venus,208.952693620,193.133221287,7676756956,7680389137,2564670.495451459661,2564712.534578373656,retrograde
NorthNode,253.721243558,252.485066030,7677073264,7678110129,2564674.156420742162,2564686.157170913182,retrograde
NorthNode,252.522126762,251.674833130,7678375998,7679292116,2564689.234359014779,2564699.837572835386,retrograde
Mercury,230.587058749,214.729510393,7679369612,7681143851,2564700.734518513083,2564721.269693970680,retrograde
Jupiter,96.008946741,85.942508562,7679429922,7689660119,2564701.432549700141,2564819.837617583573,retrograde
NorthNode,251.730376803,251.137071584,7679602757,7680460414,2564703.432955075987,2564713.359540151432,retrograde
NorthNode,251.251701891,251.026486433,7680949867,7681654501,2564719.024504648522,2564727.179992908612,retrograde
NorthNode,251.086429322,251.033426661,7682140819,7682809370,2564732.808677935041,2564740.546538645402,retrograde
NorthNode,251.033548009,250.993143270,7682888849,7683517519,2564741.466430766508,2564748.742702653632,retrograde
NorthNode,251.054680420,250.865860366,7684029515,7684689900,2564754.668584222905,2564762.311932763085,retrograde
NorthNode,250.975900390,250.303579845,7685171599,7686076902,2564767.887143990025,2564778.365192651749,retrograde
NorthNode,250.364748787,249.609557964,7686397579,7687252478,2564782.076732847840,2564791.971402455121,retrograde
NorthNode,249.648404258,248.130340271,7687516911,7688625421,2564795.031964979135,2564807.861937728710,retrograde
Uranus,212.500497565,208.378066498,7688445522,7701480268,2564805.779773578979,2564956.644887453876,retrograde
Mercury,335.435038190,320.146232897,7688744204,7690607447,2564809.236748613417,2564830.802052952349,retrograde
NorthNode,248.135595668,246.838305959,7688747611,7689824883,2564809.276172595099,2564821.744605974294,retrograde
NorthNode,246.838386026,245.067399912,7689856171,7691081673,2564822.106730704196,2564836.290779042989,retrograde
NorthNode,245.069084406,243.840264896,7691164691,7692196554,2564837.251642377116,2564849.194497192279,retrograde
NorthNode,243.860304711,242.715066052,7692404846,7693420101,2564851.605285152793,2564863.355927159078,retrograde
Saturn,255.069482730,248.427633860,7692504828,7704678792,2564852.762485466897,2564993.664840787649,retrograde
Neptune,268.102933783,265.329245784,7693008356,7706859581,2564858.590360083617,2565018.905460671522,retrograde
NorthNode,242.758177859,242.104559890,7693694786,7694549004,2564866.535147576593,2564876.421932914294,retrograde
NorthNode,242.203026334,241.825416936,7694981469,7695774089,2564881.427305902354,2564890.601158086210,retrograde
NorthNode,241.897533587,241.765938752,7696221695,7696907745,2564895.781780918129,2564903.722177336924,retrograde
NorthNode,241.806750165,241.806685913,7697555617,7697624675,2564911.220686690882,2564912.019972484559,retrograde
NorthNode,241.825797906,241.749586622,7698142846,7698748542,2564918.017319654115,2564925.027695315890,retrograde
Mercury,94.748088665,86.048684905,7699125094,7701199984,2564929.385933354497,2564953.400863185525,retrograde
NorthNode,241.831023603,241.449903033,7699266157,7700110051,2564931.018611049280,2564940.785901976749,retrograde
NorthNode,241.528191037,241.056486738,7700510309,7701281883,2564945.418513298035,2564954.348775157705,retrograde
Pluto,358.918500929,356.780502286,7700842668,7715091541,2564949.265267536975,2565114.182779467665,retrograde
NorthNode,241.116737364,239.989859902,7701614474,7702659695,2564958.198196983896,2564970.295665479265,retrograde
NorthNode,240.010399284,239.035681380,7702868284,7703824608,2564972.709896381944,2564983.778457785025,retrograde
NorthNode,239.040877553,237.320746254,7703954089,7705197906,2564985.277085408568,2564999.673106727190,retrograde
NorthNode,237.320756965,236.128681143,7705213625,7706292061,2564999.855048469268,2565012.336941787973,retrograde
NorthNode,236.130380128,234.569777145,7706380111,7707546122,2565013.356037781574,2565026.851535140537,retrograde
NorthNode,234.586003680,233.711846243,7707734553,7708640652,2565029.032444907352,2565039.519709288143,retrograde
NorthNode,233.764025246,232.957005516,7708946451,7709888925,2565043.059049954638,2565053.967305607162,retrograde
Mercury,214.471449280,198.990800734,7709457513,7711289864,2565048.974112816155,2565070.181887298822,retrograde
NorthNode,233.032102836,232.692776564,7710264113,7711000864,2565058.309765593149,2565066.836978906766,retrograde
NorthNode,232.795285011,232.649439451,7711522243,7712246171,2565072.871451163664,2565081.250250549987,retrograde
NorthNode,232.677544073,232.677499747,7712798957,7712858742,2565087.648234208114,2565088.340196081437,retrograde
NorthNode,232.697070521,232.560027227,7713365998,7714101664,2565094.211215825751,2565102.725860378705,retrograde
Jupiter,129.246583607,119.186598124,7713788235,7724150709,2565099.098217606544,2565219.034259244800,retrograde
NorthNode,232.656087375,232.346654896,7714614828,7715326947,2565108.665259764530,2565116.907384436578,retrograde
NorthNode,232.431915210,231.549768580,7715721016,7716680313,2565121.468362680636,2565132.571338351816,retrograde
NorthNode,231.602343750,230.717623302,7716978626,7717869377,2565136.024032143876,2565146.333651790395,retrograde
Mars,163.928416591,144.419780114,7718047286,7725039369,2565148.392785307951,2565229.319675252773,retrograde
NorthNode,230.735679812,228.963106876,7718062265,7719250660,2565148.566156046465,2565162.320723433048,retrograde
Mercury,319.227377516,303.367883404,7718879364,7720681456,2565158.023312985897,2565178.880865879357,retrograde
NorthNode,228.964369476,227.712955202,7719327495,7720395741,2565163.210017717443,2565175.573978532106,retrograde
Uranus,217.207562513,213.515033104,7720414457,7730722322,2565175.790601293556,2565295.094593528658,retrograde
NorthNode,227.713016715,225.830375804,7720423530,7721662994,2565175.895608294755,2565190.241258529015,retrograde
NorthNode,225.838522463,224.855151495,7721809138,7722741575,2565191.932741478086,2565202.724833144806,retrograde
NorthNode,224.887065253,223.796269935,7722984825,7724001912,2565205.540227775462,2565217.312068573199,retrograde
NorthNode,223.866751510,223.447209861,7724352712,7725102509,2565221.372251178138,2565230.050457761623,retrograde
Neptune,270.281552954,269.187241464,7724756978,7730722322,2565226.051254509948,2565295.094593528658,retrograde
Saturn,266.455017625,263.494631299,7725055896,7730722322,2565229.510958887637,2565295.094593528658,retrograde
NorthNode,223.540758486,223.261407725,7725553351,7726353087,2565235.268536265939,2565244.524739061482,retrograde
NorthNode,223.324165744,223.292726023,7726884731,7727465450,2565250.678029870614,2565257.399312078021,retrograde
Venus,71.137925205,55.109883453,7727434247,7730722322,2565257.038163436577,2565295.094593528658,retrograde
NorthNode,223.292814378,223.264418936,7727539624,7728123320,2565258.257803934626,2565265.013544876128,retrograde
NorthNode,223.338090720,223.144840328,7728714577,7729407667,2565271.856805783696,2565279.878672852181,retrograde
Mercury,74.755348125,66.613927675,7728981340,7730722322,2565274.944337166846,2565295.094593528658,retrograde
NorthNode,223.221495894,222.704740137,7729833309,7730693811,2565284.805085886270,2565294.764603904448,retrograde
