shell_sign_id,shell_id,shell_ordinal,sign_ordinal,sign_name,sign_start_degree,first_direct_ingress_jd_ut,first_direct_ingress_utc,next_sign_first_direct_ingress_jd_ut,next_sign_first_direct_ingress_utc,transition_crossings,transition_crossing_count
W0.01,W0,0,1,Aries,0,487010.37297789264,-3379-04-15T20:57:05.290Z,491816.6455315575,-3366-06-13T03:29:33.927Z,"[{""jd_ut"":487010.37297789264,""utc"":""-3379-04-15T20:57:05.290Z"",""motion"":""direct""},{""jd_ut"":487176.4534006197,""utc"":""-3379-09-28T22:52:53.814Z"",""motion"":""retrograde""},{""jd_ut"":487315.50752104644,""utc"":""-3378-02-15T00:10:49.818Z"",""motion"":""direct""}]",3
W0.02,W0,0,2,Taurus,30,491816.6455315575,-3366-06-13T03:29:33.927Z,496926.5285173517,-3352-06-09T00:41:03.899Z,"[{""jd_ut"":491816.6455315575,""utc"":""-3366-06-13T03:29:33.927Z"",""motion"":""direct""},{""jd_ut"":491921.49976769206,""utc"":""-3366-09-25T23:59:39.929Z"",""motion"":""retrograde""},{""jd_ut"":492119.1204097532,""utc"":""-3365-04-11T14:53:23.403Z"",""motion"":""direct""}]",3
W0.03,W0,0,3,Gemini,60,496926.5285173517,-3352-06-09T00:41:03.899Z,501747.82625388727,-3339-08-21T07:49:48.336Z,"[{""jd_ut"":496926.5285173517,""utc"":""-3352-06-09T00:41:03.899Z"",""motion"":""direct""},{""jd_ut"":497107.12688177044,""utc"":""-3352-12-06T15:02:42.585Z"",""motion"":""retrograde""},{""jd_ut"":497230.96678637236,""utc"":""-3351-04-09T11:12:10.343Z"",""motion"":""direct""}]",3
W0.04,W0,0,4,Cancer,90,501747.82625388727,-3339-08-21T07:49:48.336Z,506868.7168620344,-3325-08-29T05:12:16.880Z,"[{""jd_ut"":501747.82625388727,""utc"":""-3339-08-21T07:49:48.336Z"",""motion"":""direct""},{""jd_ut"":501832.4686825074,""utc"":""-3339-11-13T23:14:54.169Z"",""motion"":""retrograde""},{""jd_ut"":502048.48091268877,""utc"":""-3338-06-17T23:32:30.856Z"",""motion"":""direct""},{""jd_ut"":502294.9817995335,""utc"":""-3337-02-19T11:33:47.480Z"",""motion"":""retrograde""},{""jd_ut"":502335.05954462197,""utc"":""-3337-03-31T13:25:44.655Z"",""motion"":""direct""}]",5
W0.05,W0,0,5,Leo,120,506868.7168620344,-3325-08-29T05:12:16.880Z,511996.7453787102,-3311-09-12T05:53:20.721Z,"[{""jd_ut"":506868.7168620344,""utc"":""-3325-08-29T05:12:16.880Z"",""motion"":""direct""},{""jd_ut"":507002.54136645584,""utc"":""-3324-01-10T00:59:34.062Z"",""motion"":""retrograde""},{""jd_ut"":507175.51642617735,""utc"":""-3324-07-01T00:23:39.222Z"",""motion"":""direct""}]",3
W0.06,W0,0,6,Virgo,150,511996.7453787102,-3311-09-12T05:53:20.721Z,517126.6851776623,-3297-09-30T04:26:39.350Z,"[{""jd_ut"":511996.7453787102,""utc"":""-3311-09-12T05:53:20.721Z"",""motion"":""direct""},{""jd_ut"":512167.2654718751,""utc"":""-3310-03-01T18:22:16.770Z"",""motion"":""retrograde""},{""jd_ut"":512303.6431484036,""utc"":""-3310-07-16T03:26:08.022Z"",""motion"":""direct""}]",3
W0.07,W0,0,7,Libra,180,517126.6851776623,-3297-09-30T04:26:39.350Z,521951.3262728108,-3284-12-14T19:49:49.971Z,"[{""jd_ut"":517126.6851776623,""utc"":""-3297-09-30T04:26:39.350Z"",""motion"":""direct""},{""jd_ut"":517333.2921540843,""utc"":""-3296-04-23T19:00:42.113Z"",""motion"":""retrograde""},{""jd_ut"":517429.3368178577,""utc"":""-3296-07-28T20:05:01.063Z"",""motion"":""direct""}]",3
W0.08,W0,0,8,Scorpio,210,521951.3262728108,-3284-12-14T19:49:49.971Z,527068.5065798883,-3270-12-19T00:09:28.502Z,"[{""jd_ut"":521951.3262728108,""utc"":""-3284-12-14T19:49:49.971Z"",""motion"":""direct""},{""jd_ut"":522049.2353388326,""utc"":""-3283-03-22T17:38:53.275Z"",""motion"":""retrograde""},{""jd_ut"":522254.102782935,""utc"":""-3283-10-13T14:28:00.446Z"",""motion"":""direct""}]",3
W0.09,W0,0,9,Sagittarius,240,527068.5065798883,-3270-12-19T00:09:28.502Z,531890.4175555175,-3256-03-01T22:01:16.797Z,"[{""jd_ut"":527068.5065798883,""utc"":""-3270-12-19T00:09:28.502Z"",""motion"":""direct""},{""jd_ut"":527226.498897197,""utc"":""-3269-05-25T23:58:24.718Z"",""motion"":""retrograde""},{""jd_ut"":527375.6245588141,""utc"":""-3269-10-22T02:59:21.882Z"",""motion"":""direct""}]",3
W0.10,W0,0,10,Capricorn,270,531890.4175555175,-3256-03-01T22:01:16.797Z,536987.8225519366,-3242-02-14T07:44:28.487Z,"[{""jd_ut"":531890.4175555175,""utc"":""-3256-03-01T22:01:16.797Z"",""motion"":""direct""},{""jd_ut"":531954.8618532158,""utc"":""-3256-05-05T08:41:04.118Z"",""motion"":""retrograde""},{""jd_ut"":532184.4864732747,""utc"":""-3256-12-20T23:40:31.291Z"",""motion"":""direct""},{""jd_ut"":532415.853124131,""utc"":""-3255-08-09T08:28:29.925Z"",""motion"":""retrograde""},{""jd_ut"":532480.607180468,""utc"":""-3255-10-13T02:34:20.392Z"",""motion"":""direct""}]",5
W0.11,W0,0,11,Aquarius,300,536987.8225519366,-3242-02-14T07:44:28.487Z,541791.7640479233,-3229-04-11T06:20:13.741Z,"[{""jd_ut"":536987.8225519366,""utc"":""-3242-02-14T07:44:28.487Z"",""motion"":""direct""},{""jd_ut"":537153.8444607763,""utc"":""-3242-07-30T08:16:01.411Z"",""motion"":""retrograde""},{""jd_ut"":537293.5602340521,""utc"":""-3242-12-17T01:26:44.222Z"",""motion"":""direct""}]",3
W0.12,W0,0,12,Pisces,330,541791.7640479233,-3229-04-11T06:20:13.741Z,546892.7232027927,-3215-03-29T05:21:24.721Z,"[{""jd_ut"":541791.7640479233,""utc"":""-3229-04-11T06:20:13.741Z"",""motion"":""direct""},{""jd_ut"":541901.9762159707,""utc"":""-3229-07-30T11:25:45.060Z"",""motion"":""retrograde""},{""jd_ut"":542094.1977235212,""utc"":""-3228-02-07T16:44:43.312Z"",""motion"":""direct""}]",3
W1.01,W1,1,1,Aries,0,546892.7232027927,-3215-03-29T05:21:24.721Z,551694.9697124436,-3202-05-22T11:16:23.155Z,"[{""jd_ut"":546892.7232027927,""utc"":""-3215-03-29T05:21:24.721Z"",""motion"":""direct""},{""jd_ut"":547102.2398291347,""utc"":""-3215-10-24T17:45:21.237Z"",""motion"":""retrograde""},{""jd_ut"":547192.6079912214,""utc"":""-3214-01-23T02:35:30.442Z"",""motion"":""direct""}]",3
W1.02,W1,1,2,Taurus,30,551694.9697124436,-3202-05-22T11:16:23.155Z,556513.5630664292,-3189-08-01T01:30:48.939Z,"[{""jd_ut"":551694.9697124436,""utc"":""-3202-05-22T11:16:23.155Z"",""motion"":""direct""},{""jd_ut"":551846.7721851349,""utc"":""-3202-10-21T06:31:56.796Z"",""motion"":""retrograde""},{""jd_ut"":552000.4273288322,""utc"":""-3201-03-23T22:15:21.211Z"",""motion"":""direct""}]",3
W1.03,W1,1,3,Gemini,60,556513.5630664292,-3189-08-01T01:30:48.939Z,561623.7582629246,-3175-07-28T06:11:53.917Z,"[{""jd_ut"":556513.5630664292,""utc"":""-3189-08-01T01:30:48.939Z"",""motion"":""direct""},{""jd_ut"":556578.9949481015,""utc"":""-3189-10-05T11:52:43.516Z"",""motion"":""retrograde""},{""jd_ut"":556809.1101146226,""utc"":""-3188-05-22T14:38:33.903Z"",""motion"":""direct""},{""jd_ut"":557037.0588084715,""utc"":""-3187-01-05T13:24:41.052Z"",""motion"":""retrograde""},{""jd_ut"":557103.5337578682,""utc"":""-3187-03-13T00:48:36.680Z"",""motion"":""direct""}]",5
W1.04,W1,1,4,Cancer,90,561623.7582629246,-3175-07-28T06:11:53.917Z,566748.889807347,-3161-08-09T09:21:19.355Z,"[{""jd_ut"":561623.7582629246,""utc"":""-3175-07-28T06:11:53.917Z"",""motion"":""direct""},{""jd_ut"":561760.2304041011,""utc"":""-3175-12-11T17:31:46.914Z"",""motion"":""retrograde""},{""jd_ut"":561930.1491259765,""utc"":""-3174-05-30T15:34:44.484Z"",""motion"":""direct""}]",3
W1.05,W1,1,5,Leo,120,566748.889807347,-3161-08-09T09:21:19.355Z,571586.942692084,-3148-11-06T10:37:28.596Z,"[{""jd_ut"":566748.889807347,""utc"":""-3161-08-09T09:21:19.355Z"",""motion"":""direct""},{""jd_ut"":566928.8319166114,""utc"":""-3160-02-05T07:57:57.595Z"",""motion"":""retrograde""},{""jd_ut"":567054.6691340953,""utc"":""-3160-06-10T04:03:33.186Z"",""motion"":""direct""}]",3
W1.06,W1,1,6,Virgo,150,571586.942692084,-3148-11-06T10:37:28.596Z,576705.1166582704,-3134-11-11T14:47:59.275Z,"[{""jd_ut"":571586.942692084,""utc"":""-3148-11-06T10:37:28.596Z"",""motion"":""direct""},{""jd_ut"":571634.9101891874,""utc"":""-3148-12-24T09:50:40.346Z"",""motion"":""retrograde""},{""jd_ut"":571878.9765063848,""utc"":""-3147-08-25T11:26:10.152Z"",""motion"":""direct""},{""jd_ut"":572096.2462685849,""utc"":""-3146-03-30T17:54:37.606Z"",""motion"":""retrograde""},{""jd_ut"":572178.6339834479,""utc"":""-3146-06-21T03:12:56.170Z"",""motion"":""direct""}]",5
W1.07,W1,1,7,Libra,180,576705.1166582704,-3134-11-11T14:47:59.275Z,581828.9723417587,-3120-11-21T11:20:10.328Z,"[{""jd_ut"":576705.1166582704,""utc"":""-3134-11-11T14:47:59.275Z"",""motion"":""direct""},{""jd_ut"":576807.3132421316,""utc"":""-3133-02-21T19:31:04.120Z"",""motion"":""retrograde""},{""jd_ut"":577009.1742909397,""utc"":""-3133-09-11T16:10:58.737Z"",""motion"":""direct""}]",3
W1.08,W1,1,8,Scorpio,210,581828.9723417587,-3120-11-21T11:20:10.328Z,586950.691786414,-3106-11-30T04:36:10.346Z,"[{""jd_ut"":581828.9723417587,""utc"":""-3120-11-21T11:20:10.328Z"",""motion"":""direct""},{""jd_ut"":581976.0819877053,""utc"":""-3119-04-17T13:58:03.738Z"",""motion"":""retrograde""},{""jd_ut"":582136.4853960155,""utc"":""-3119-09-24T23:38:58.216Z"",""motion"":""direct""}]",3
W1.09,W1,1,9,Sagittarius,240,586950.691786414,-3106-11-30T04:36:10.346Z,591762.7891950568,-3092-02-03T06:56:26.453Z,"[{""jd_ut"":586950.691786414,""utc"":""-3106-11-30T04:36:10.346Z"",""motion"":""direct""},{""jd_ut"":587152.3644889384,""utc"":""-3105-06-19T20:44:51.844Z"",""motion"":""retrograde""},{""jd_ut"":587254.4303928812,""utc"":""-3105-09-29T22:19:45.945Z"",""motion"":""direct""}]",3
W1.10,W1,1,10,Capricorn,270,591762.7891950568,-3092-02-03T06:56:26.453Z,596871.0353459984,-3078-01-28T12:50:53.894Z,"[{""jd_ut"":591762.7891950568,""utc"":""-3092-02-03T06:56:26.453Z"",""motion"":""direct""},{""jd_ut"":591885.5698571007,""utc"":""-3092-06-05T01:40:35.654Z"",""motion"":""retrograde""},{""jd_ut"":592067.5552551353,""utc"":""-3092-12-04T01:19:34.044Z"",""motion"":""direct""}]",3
W1.11,W1,1,11,Aquarius,300,596871.0353459984,-3078-01-28T12:50:53.894Z,601671.2404826102,-3065-03-21T17:46:17.698Z,"[{""jd_ut"":596871.0353459984,""utc"":""-3078-01-28T12:50:53.894Z"",""motion"":""direct""},{""jd_ut"":597078.3015725387,""utc"":""-3078-08-23T19:14:15.867Z"",""motion"":""retrograde""},{""jd_ut"":597172.6135508709,""utc"":""-3078-11-26T02:43:30.795Z"",""motion"":""direct""}]",3
W1.12,W1,1,12,Pisces,330,601671.2404826102,-3065-03-21T17:46:17.698Z,606474.9616491874,-3052-05-15T11:04:46.490Z,"[{""jd_ut"":601671.2404826102,""utc"":""-3065-03-21T17:46:17.698Z"",""motion"":""direct""},{""jd_ut"":601825.9810382405,""utc"":""-3065-08-23T11:32:41.704Z"",""motion"":""retrograde""},{""jd_ut"":601976.6069841718,""utc"":""-3064-01-21T02:34:03.432Z"",""motion"":""direct""}]",3
W2.01,W2,2,1,Aries,0,606474.9616491874,-3052-05-15T11:04:46.490Z,611577.7296450038,-3038-05-05T05:30:41.328Z,"[{""jd_ut"":606474.9616491874,""utc"":""-3052-05-15T11:04:46.490Z"",""motion"":""direct""},{""jd_ut"":606575.1248403224,""utc"":""-3052-08-23T14:59:46.204Z"",""motion"":""retrograde""},{""jd_ut"":606775.974398857,""utc"":""-3051-03-12T11:23:08.061Z"",""motion"":""direct""}]",3
W2.02,W2,2,2,Taurus,30,611577.7296450038,-3038-05-05T05:30:41.328Z,616387.1124995647,-3025-07-05T14:41:59.962Z,"[{""jd_ut"":611577.7296450038,""utc"":""-3038-05-05T05:30:41.328Z"",""motion"":""direct""},{""jd_ut"":611770.1125412998,""utc"":""-3038-11-13T14:42:03.568Z"",""motion"":""retrograde""},{""jd_ut"":611880.2698601966,""utc"":""-3037-03-03T18:28:35.921Z"",""motion"":""direct""}]",3
W2.03,W2,2,3,Gemini,60,616387.1124995647,-3025-07-05T14:41:59.962Z,621505.079535967,-3011-07-09T13:54:31.908Z,"[{""jd_ut"":616387.1124995647,""utc"":""-3025-07-05T14:41:59.962Z"",""motion"":""direct""},{""jd_ut"":616508.1829491348,""utc"":""-3025-11-03T16:23:26.805Z"",""motion"":""retrograde""},{""jd_ut"":616691.7221483476,""utc"":""-3024-05-05T05:19:53.617Z"",""motion"":""direct""}]",3
W2.04,W2,2,4,Cancer,90,621505.079535967,-3011-07-09T13:54:31.908Z,626334.2752639316,-2998-09-29T18:36:22.804Z,"[{""jd_ut"":621505.079535967,""utc"":""-3011-07-09T13:54:31.908Z"",""motion"":""direct""},{""jd_ut"":621684.7574383148,""utc"":""-3010-01-05T06:10:42.670Z"",""motion"":""retrograde""},{""jd_ut"":621810.1181745727,""utc"":""-3010-05-10T14:50:10.283Z"",""motion"":""direct""}]",3
W2.05,W2,2,5,Leo,120,626334.2752639316,-2998-09-29T18:36:22.804Z,631455.7476907365,-2984-10-07T05:56:40.480Z,"[{""jd_ut"":626334.2752639316,""utc"":""-2998-09-29T18:36:22.804Z"",""motion"":""direct""},{""jd_ut"":626400.9791238713,""utc"":""-2998-12-05T11:29:56.302Z"",""motion"":""retrograde""},{""jd_ut"":626631.3834472105,""utc"":""-2997-07-23T21:12:09.839Z"",""motion"":""direct""},{""jd_ut"":626859.9076197557,""utc"":""-2996-03-08T09:46:58.347Z"",""motion"":""retrograde""},{""jd_ut"":626926.7052896919,""utc"":""-2996-05-14T04:55:37.029Z"",""motion"":""direct""}]",5
W2.06,W2,2,6,Virgo,150,631455.7476907365,-2984-10-07T05:56:40.480Z,636583.7200576973,-2970-10-22T05:16:52.985Z,"[{""jd_ut"":631455.7476907365,""utc"":""-2984-10-07T05:56:40.480Z"",""motion"":""direct""},{""jd_ut"":631569.7085869531,""utc"":""-2983-01-29T05:00:21.913Z"",""motion"":""retrograde""},{""jd_ut"":631761.4158557493,""utc"":""-2983-08-08T21:58:49.937Z"",""motion"":""direct""}]",3
W2.07,W2,2,7,Libra,180,636583.7200576973,-2970-10-22T05:16:52.985Z,641710.499861289,-2956-11-03T23:59:48.015Z,"[{""jd_ut"":636583.7200576973,""utc"":""-2970-10-22T05:16:52.985Z"",""motion"":""direct""},{""jd_ut"":636733.4042959504,""utc"":""-2969-03-20T21:42:11.170Z"",""motion"":""retrograde""},{""jd_ut"":636891.5151503398,""utc"":""-2969-08-26T00:21:48.989Z"",""motion"":""direct""}]",3
W2.08,W2,2,8,Scorpio,210,641710.499861289,-2956-11-03T23:59:48.015Z,646532.8808407446,-2942-01-17T09:08:24.640Z,"[{""jd_ut"":641710.499861289,""utc"":""-2956-11-03T23:59:48.015Z"",""motion"":""direct""},{""jd_ut"":641901.9156747141,""utc"":""-2955-05-14T09:58:34.295Z"",""motion"":""retrograde""},{""jd_ut"":642016.0176705308,""utc"":""-2955-09-05T12:25:26.734Z"",""motion"":""direct""}]",3
W2.09,W2,2,9,Sagittarius,240,646532.8808407446,-2942-01-17T09:08:24.640Z,651643.8701398575,-2928-01-15T08:53:00.084Z,"[{""jd_ut"":646532.8808407446,""utc"":""-2942-01-17T09:08:24.640Z"",""motion"":""direct""},{""jd_ut"":646624.1531303683,""utc"":""-2942-04-18T15:40:30.464Z"",""motion"":""retrograde""},{""jd_ut"":646834.1451599672,""utc"":""-2942-11-14T15:29:01.821Z"",""motion"":""direct""},{""jd_ut"":647092.4085030004,""utc"":""-2941-07-30T21:48:14.659Z"",""motion"":""retrograde""},{""jd_ut"":647117.6785313357,""utc"":""-2941-08-25T04:17:05.107Z"",""motion"":""direct""}]",5
W2.10,W2,2,10,Capricorn,270,651643.8701398575,-2928-01-15T08:53:00.084Z,656454.1396322937,-2915-03-17T15:21:04.230Z,"[{""jd_ut"":651643.8701398575,""utc"":""-2928-01-15T08:53:00.084Z"",""motion"":""direct""},{""jd_ut"":651808.9365819099,""utc"":""-2928-06-28T10:28:40.677Z"",""motion"":""retrograde""},{""jd_ut"":651950.4104794969,""utc"":""-2928-11-16T21:51:05.429Z"",""motion"":""direct""}]",3
W2.11,W2,2,11,Aquarius,300,656454.1396322937,-2915-03-17T15:21:04.230Z,661554.3960604167,-2901-03-04T21:30:19.620Z,"[{""jd_ut"":656454.1396322937,""utc"":""-2915-03-17T15:21:04.230Z"",""motion"":""direct""},{""jd_ut"":656549.7626340657,""utc"":""-2915-06-21T06:18:11.583Z"",""motion"":""retrograde""},{""jd_ut"":656754.7359518241,""utc"":""-2914-01-12T05:39:46.238Z"",""motion"":""direct""}]",3
W2.12,W2,2,12,Pisces,330,661554.3960604167,-2901-03-04T21:30:19.620Z,666354.56891012,-2888-04-26T01:39:13.834Z,"[{""jd_ut"":661554.3960604167,""utc"":""-2901-03-04T21:30:19.620Z"",""motion"":""direct""},{""jd_ut"":661748.6214914669,""utc"":""-2901-09-15T02:54:56.863Z"",""motion"":""retrograde""},{""jd_ut"":661857.4814218185,""utc"":""-2900-01-01T23:33:14.845Z"",""motion"":""direct""}]",3
W3.01,W3,3,1,Aries,0,666354.56891012,-2888-04-26T01:39:13.834Z,671164.5566514088,-2875-06-27T01:21:34.682Z,"[{""jd_ut"":666354.56891012,""utc"":""-2888-04-26T01:39:13.834Z"",""motion"":""direct""},{""jd_ut"":666498.3360590255,""utc"":""-2888-09-16T20:03:55.500Z"",""motion"":""retrograde""},{""jd_ut"":666659.5042824803,""utc"":""-2887-02-25T00:06:10.006Z"",""motion"":""direct""}]",3
W3.02,W3,3,2,Taurus,30,671164.5566514088,-2875-06-27T01:21:34.682Z,676268.7152065677,-2861-06-18T05:09:53.847Z,"[{""jd_ut"":671164.5566514088,""utc"":""-2875-06-27T01:21:34.682Z"",""motion"":""direct""},{""jd_ut"":671241.0244522444,""utc"":""-2875-09-11T12:35:12.674Z"",""motion"":""retrograde""},{""jd_ut"":671461.6038912788,""utc"":""-2874-04-20T02:29:36.206Z"",""motion"":""direct""},{""jd_ut"":671701.0767399913,""utc"":""-2874-12-15T13:50:30.335Z"",""motion"":""retrograde""},{""jd_ut"":671751.2328152945,""utc"":""-2873-02-03T17:35:15.241Z"",""motion"":""direct""}]",5
W3.03,W3,3,3,Gemini,60,676268.7152065677,-2861-06-18T05:09:53.847Z,681093.267459027,-2848-09-01T18:25:08.460Z,"[{""jd_ut"":676268.7152065677,""utc"":""-2861-06-18T05:09:53.847Z"",""motion"":""direct""},{""jd_ut"":676430.5580724422,""utc"":""-2861-11-27T01:23:37.459Z"",""motion"":""retrograde""},{""jd_ut"":676574.2126879136,""utc"":""-2860-04-18T17:06:16.236Z"",""motion"":""direct""}]",3
W3.04,W3,3,4,Cancer,90,681093.267459027,-2848-09-01T18:25:08.460Z,686209.0595671637,-2834-09-04T13:25:46.603Z,"[{""jd_ut"":681093.267459027,""utc"":""-2848-09-01T18:25:08.460Z"",""motion"":""direct""},{""jd_ut"":681154.8585396209,""utc"":""-2848-11-02T08:36:17.823Z"",""motion"":""retrograde""},{""jd_ut"":681388.3109993229,""utc"":""-2847-06-23T19:27:50.341Z"",""motion"":""direct""},{""jd_ut"":681613.6537988223,""utc"":""-2846-02-04T03:41:28.218Z"",""motion"":""retrograde""},{""jd_ut"":681683.7743526734,""utc"":""-2846-04-15T06:35:04.071Z"",""motion"":""direct""}]",5
W3.05,W3,3,5,Leo,120,686209.0595671637,-2834-09-04T13:25:46.603Z,691336.3488261176,-2820-09-17T20:22:18.577Z,"[{""jd_ut"":686209.0595671637,""utc"":""-2834-09-04T13:25:46.603Z"",""motion"":""direct""},{""jd_ut"":686329.4767871308,""utc"":""-2833-01-02T23:26:34.408Z"",""motion"":""retrograde""},{""jd_ut"":686514.7933993256,""utc"":""-2833-07-07T07:02:29.702Z"",""motion"":""direct""}]",3
W3.06,W3,3,6,Virgo,150,691336.3488261176,-2820-09-17T20:22:18.577Z,696465.7499298137,-2806-10-04T05:59:53.936Z,"[{""jd_ut"":691336.3488261176,""utc"":""-2820-09-17T20:22:18.577Z"",""motion"":""direct""},{""jd_ut"":691494.0436825361,""utc"":""-2819-02-22T13:02:54.171Z"",""motion"":""retrograde""},{""jd_ut"":691643.6823664911,""utc"":""-2819-07-22T04:22:36.465Z"",""motion"":""direct""}]",3
W3.07,W3,3,7,Libra,180,696465.7499298137,-2806-10-04T05:59:53.936Z,701294.9712455666,-2793-12-24T11:18:35.617Z,"[{""jd_ut"":696465.7499298137,""utc"":""-2806-10-04T05:59:53.936Z"",""motion"":""direct""},{""jd_ut"":696659.0238981096,""utc"":""-2805-04-15T12:34:24.797Z"",""motion"":""retrograde""},{""jd_ut"":696770.8250612658,""utc"":""-2805-08-05T07:48:05.293Z"",""motion"":""direct""}]",3
W3.08,W3,3,8,Scorpio,210,701294.9712455666,-2793-12-24T11:18:35.617Z,706410.723720023,-2779-12-26T05:22:09.410Z,"[{""jd_ut"":701294.9712455666,""utc"":""-2793-12-24T11:18:35.617Z"",""motion"":""direct""},{""jd_ut"":701372.463396878,""utc"":""-2792-03-10T23:07:17.490Z"",""motion"":""retrograde""},{""jd_ut"":701594.2163310475,""utc"":""-2792-10-18T17:11:31.003Z"",""motion"":""direct""},{""jd_ut"":701833.9176066271,""utc"":""-2791-06-15T10:01:21.213Z"",""motion"":""retrograde""},{""jd_ut"":701887.5010698156,""utc"":""-2791-08-08T00:01:32.432Z"",""motion"":""direct""}]",5
W3.09,W3,3,9,Sagittarius,240,706410.723720023,-2779-12-26T05:22:09.410Z,711527.2500048776,-2765-12-29T18:00:00.421Z,"[{""jd_ut"":706410.723720023,""utc"":""-2779-12-26T05:22:09.410Z"",""motion"":""direct""},{""jd_ut"":706550.1607183602,""utc"":""-2778-05-14T15:51:26.066Z"",""motion"":""retrograde""},{""jd_ut"":706717.6459390293,""utc"":""-2778-10-29T03:30:09.132Z"",""motion"":""direct""}]",3
W3.10,W3,3,10,Capricorn,270,711527.2500048776,-2765-12-29T18:00:00.421Z,716333.0282753953,-2751-02-24T12:40:42.994Z,"[{""jd_ut"":711527.2500048776,""utc"":""-2765-12-29T18:00:00.421Z"",""motion"":""direct""},{""jd_ut"":711733.2137581813,""utc"":""-2764-07-22T17:07:48.707Z"",""motion"":""retrograde""},{""jd_ut"":711830.1525679461,""utc"":""-2764-10-27T15:39:41.871Z"",""motion"":""direct""}]",3
W3.11,W3,3,11,Aquarius,300,716333.0282753953,-2751-02-24T12:40:42.994Z,721142.1865073375,-2738-04-26T16:28:34.234Z,"[{""jd_ut"":716333.0282753953,""utc"":""-2751-02-24T12:40:42.994Z"",""motion"":""direct""},{""jd_ut"":716473.8545799747,""utc"":""-2751-07-15T08:30:35.710Z"",""motion"":""retrograde""},{""jd_ut"":716638.8107542016,""utc"":""-2751-12-27T07:27:29.163Z"",""motion"":""direct""}]",3
W3.12,W3,3,12,Pisces,330,721142.1865073375,-2738-04-26T16:28:34.234Z,726237.9396091457,-2724-04-08T10:33:02.230Z,"[{""jd_ut"":721142.1865073375,""utc"":""-2738-04-26T16:28:34.234Z"",""motion"":""direct""},{""jd_ut"":721218.209442019,""utc"":""-2738-07-11T17:01:35.790Z"",""motion"":""retrograde""},{""jd_ut"":721438.5316761946,""utc"":""-2737-02-17T00:45:36.823Z"",""motion"":""direct""},{""jd_ut"":721678.5853849831,""utc"":""-2737-10-15T02:02:57.263Z"",""motion"":""retrograde""},{""jd_ut"":721729.8432885162,""utc"":""-2737-12-05T08:14:20.128Z"",""motion"":""direct""}]",5
W4.01,W4,4,1,Aries,0,726237.9396091457,-2724-04-08T10:33:02.230Z,731041.7220776768,-2711-06-03T05:19:47.511Z,"[{""jd_ut"":726237.9396091457,""utc"":""-2724-04-08T10:33:02.230Z"",""motion"":""direct""},{""jd_ut"":726419.4381330048,""utc"":""-2724-10-06T22:30:54.692Z"",""motion"":""retrograde""},{""jd_ut"":726542.0599520572,""utc"":""-2723-02-06T13:26:19.858Z"",""motion"":""direct""}]",3
W4.02,W4,4,2,Taurus,30,731041.7220776768,-2711-06-03T05:19:47.511Z,736152.3104719361,-2697-06-01T19:27:04.775Z,"[{""jd_ut"":731041.7220776768,""utc"":""-2711-06-03T05:19:47.511Z"",""motion"":""direct""},{""jd_ut"":731166.0243689888,""utc"":""-2711-10-05T12:35:05.481Z"",""motion"":""retrograde""},{""jd_ut"":731345.9593768031,""utc"":""-2710-04-03T11:01:30.156Z"",""motion"":""direct""}]",3
W4.03,W4,4,3,Gemini,60,736152.3104719361,-2697-06-01T19:27:04.775Z,740968.5421526984,-2684-08-08T01:00:41.993Z,"[{""jd_ut"":736152.3104719361,""utc"":""-2697-06-01T19:27:04.775Z"",""motion"":""direct""},{""jd_ut"":736354.0447317562,""utc"":""-2697-12-20T13:04:24.824Z"",""motion"":""retrograde""},{""jd_ut"":736453.5266406008,""utc"":""-2696-03-29T00:38:21.748Z"",""motion"":""direct""}]",3
W4.04,W4,4,4,Cancer,90,740968.5421526984,-2684-08-08T01:00:41.993Z,746091.1252175991,-2670-08-17T15:00:18.801Z,"[{""jd_ut"":740968.5421526984,""utc"":""-2684-08-08T01:00:41.993Z"",""motion"":""direct""},{""jd_ut"":741082.086274646,""utc"":""-2684-11-29T14:04:14.129Z"",""motion"":""retrograde""},{""jd_ut"":741272.9467549839,""utc"":""-2683-06-08T10:43:19.631Z"",""motion"":""direct""}]",3
W4.05,W4,4,5,Leo,120,746091.1252175991,-2670-08-17T15:00:18.801Z,751220.040990755,-2656-09-01T12:59:01.601Z,"[{""jd_ut"":746091.1252175991,""utc"":""-2670-08-17T15:00:18.801Z"",""motion"":""direct""},{""jd_ut"":746251.961060965,""utc"":""-2669-01-25T11:03:55.667Z"",""motion"":""retrograde""},{""jd_ut"":746397.7045268395,""utc"":""-2669-06-20T04:54:31.119Z"",""motion"":""direct""}]",3
W4.06,W4,4,6,Virgo,150,751220.040990755,-2656-09-01T12:59:01.601Z,756050.5384811293,-2643-11-23T00:55:24.770Z,"[{""jd_ut"":751220.040990755,""utc"":""-2656-09-01T12:59:01.601Z"",""motion"":""direct""},{""jd_ut"":751417.9548225533,""utc"":""-2655-03-18T10:54:56.669Z"",""motion"":""retrograde""},{""jd_ut"":751523.6451231064,""utc"":""-2655-07-02T03:28:58.636Z"",""motion"":""direct""}]",3
W4.07,W4,4,7,Libra,180,756050.5384811293,-2643-11-23T00:55:24.770Z,761171.81399244,-2629-12-01T07:32:08.947Z,"[{""jd_ut"":756050.5384811293,""utc"":""-2643-11-23T00:55:24.770Z"",""motion"":""direct""},{""jd_ut"":756128.7151876139,""utc"":""-2642-02-09T05:09:52.210Z"",""motion"":""retrograde""},{""jd_ut"":756350.2560848163,""utc"":""-2642-09-18T18:08:45.728Z"",""motion"":""direct""},{""jd_ut"":756590.6557332848,""utc"":""-2641-05-17T03:44:15.356Z"",""motion"":""retrograde""},{""jd_ut"":756642.2220291235,""utc"":""-2641-07-07T17:19:43.316Z"",""motion"":""direct""}]",5
W4.08,W4,4,8,Scorpio,210,761171.81399244,-2629-12-01T07:32:08.947Z,766294.0238202198,-2615-12-09T12:34:18.067Z,"[{""jd_ut"":761171.81399244,""utc"":""-2629-12-01T07:32:08.947Z"",""motion"":""direct""},{""jd_ut"":761299.3077641472,""utc"":""-2628-04-06T19:23:10.822Z"",""motion"":""retrograde""},{""jd_ut"":761478.3555547504,""utc"":""-2628-10-02T20:31:59.930Z"",""motion"":""direct""}]",3
W4.09,W4,4,9,Sagittarius,240,766294.0238202198,-2615-12-09T12:34:18.067Z,771111.1884859097,-2601-02-16T16:31:25.183Z,"[{""jd_ut"":766294.0238202198,""utc"":""-2615-12-09T12:34:18.067Z"",""motion"":""direct""},{""jd_ut"":766472.2561144056,""utc"":""-2614-06-05T18:08:48.285Z"",""motion"":""retrograde""},{""jd_ut"":766600.6366788526,""utc"":""-2614-10-12T03:16:49.053Z"",""motion"":""direct""}]",3
W4.10,W4,4,10,Capricorn,270,771111.1884859097,-2601-02-16T16:31:25.183Z,776216.0568227381,-2587-02-08T13:21:49.485Z,"[{""jd_ut"":771111.1884859097,""utc"":""-2601-02-16T16:31:25.183Z"",""motion"":""direct""},{""jd_ut"":771203.0666201413,""utc"":""-2601-05-19T13:35:55.980Z"",""motion"":""retrograde""},{""jd_ut"":771411.9338991274,""utc"":""-2601-12-14T10:24:48.885Z"",""motion"":""direct""},{""jd_ut"":771671.7010595391,""utc"":""-2600-08-31T04:49:31.544Z"",""motion"":""retrograde""},{""jd_ut"":771694.4091780768,""utc"":""-2600-09-22T21:49:12.986Z"",""motion"":""direct""}]",5
W4.11,W4,4,11,Aquarius,300,776216.0568227381,-2587-02-08T13:21:49.485Z,781019.7445866314,-2574-04-05T05:52:12.285Z,"[{""jd_ut"":776216.0568227381,""utc"":""-2587-02-08T13:21:49.485Z"",""motion"":""direct""},{""jd_ut"":776395.6080656874,""utc"":""-2587-08-07T02:35:36.875Z"",""motion"":""retrograde""},{""jd_ut"":776521.5764211912,""utc"":""-2587-12-11T01:50:02.791Z"",""motion"":""direct""}]",3
W4.12,W4,4,12,Pisces,330,781019.7445866314,-2574-04-05T05:52:12.285Z,785832.3148049735,-2561-06-08T19:33:19.150Z,"[{""jd_ut"":781019.7445866314,""utc"":""-2574-04-05T05:52:12.285Z"",""motion"":""direct""},{""jd_ut"":781142.7848729487,""utc"":""-2574-08-06T06:50:13.023Z"",""motion"":""retrograde""},{""jd_ut"":781323.7736495314,""utc"":""-2573-02-03T06:34:03.320Z"",""motion"":""direct""}]",3
W5.01,W5,5,1,Aries,0,785832.3148049735,-2561-06-08T19:33:19.150Z,790924.1197707134,-2547-05-17T14:52:28.190Z,"[{""jd_ut"":785832.3148049735,""utc"":""-2561-06-08T19:33:19.150Z"",""motion"":""direct""},{""jd_ut"":785884.4458880716,""utc"":""-2561-07-30T22:42:04.729Z"",""motion"":""retrograde""},{""jd_ut"":786122.455066209,""utc"":""-2560-03-24T22:55:17.720Z"",""motion"":""direct""},{""jd_ut"":786344.1919913488,""utc"":""-2560-11-01T16:36:28.053Z"",""motion"":""retrograde""},{""jd_ut"":786419.5904266133,""utc"":""-2559-01-16T02:10:12.859Z"",""motion"":""direct""}]",5
W5.02,W5,5,2,Taurus,30,790924.1197707134,-2547-05-17T14:52:28.190Z,795737.4093709984,-2534-07-21T21:49:29.654Z,"[{""jd_ut"":790924.1197707134,""utc"":""-2547-05-17T14:52:28.190Z"",""motion"":""direct""},{""jd_ut"":791087.0644009961,""utc"":""-2547-10-27T13:32:44.246Z"",""motion"":""retrograde""},{""jd_ut"":791229.459111229,""utc"":""-2546-03-18T23:01:07.210Z"",""motion"":""direct""}]",3
W5.03,W5,5,3,Gemini,60,795737.4093709984,-2534-07-21T21:49:29.654Z,800850.4664896447,-2520-07-20T23:11:44.705Z,"[{""jd_ut"":795737.4093709984,""utc"":""-2534-07-21T21:49:29.654Z"",""motion"":""direct""},{""jd_ut"":795824.3670404458,""utc"":""-2534-10-16T20:48:32.295Z"",""motion"":""retrograde""},{""jd_ut"":796037.3839784835,""utc"":""-2533-05-17T21:12:55.741Z"",""motion"":""direct""},{""jd_ut"":796288.1052059801,""utc"":""-2532-01-23T14:31:29.797Z"",""motion"":""retrograde""},{""jd_ut"":796321.1288296666,""utc"":""-2532-02-25T15:05:30.883Z"",""motion"":""direct""}]",5
W5.04,W5,5,4,Cancer,90,800850.4664896447,-2520-07-20T23:11:44.705Z,805975.9074131306,-2506-08-02T09:46:40.494Z,"[{""jd_ut"":800850.4664896447,""utc"":""-2520-07-20T23:11:44.705Z"",""motion"":""direct""},{""jd_ut"":801003.7545813187,""utc"":""-2520-12-21T06:06:35.826Z"",""motion"":""retrograde""},{""jd_ut"":801156.7602205942,""utc"":""-2519-05-23T06:14:43.059Z"",""motion"":""direct""}]",3
W5.05,W5,5,5,Leo,120,805975.9074131306,-2506-08-02T09:46:40.494Z,810804.3501783931,-2493-10-22T20:24:15.413Z,"[{""jd_ut"":805975.9074131306,""utc"":""-2506-08-02T09:46:40.494Z"",""motion"":""direct""},{""jd_ut"":806174.0659138348,""utc"":""-2505-02-16T13:34:54.955Z"",""motion"":""retrograde""},{""jd_ut"":806278.798056954,""utc"":""-2505-06-01T07:09:12.121Z"",""motion"":""direct""}]",3
W5.06,W5,5,6,Virgo,150,810804.3501783931,-2493-10-22T20:24:15.413Z,815929.0731840492,-2479-11-02T13:45:23.102Z,"[{""jd_ut"":810804.3501783931,""utc"":""-2493-10-22T20:24:15.413Z"",""motion"":""direct""},{""jd_ut"":810887.4058768444,""utc"":""-2492-01-13T21:44:27.759Z"",""motion"":""retrograde""},{""jd_ut"":811105.1878142033,""utc"":""-2492-08-18T16:30:27.147Z"",""motion"":""direct""},{""jd_ut"":811350.3238954444,""utc"":""-2491-04-20T19:46:24.566Z"",""motion"":""retrograde""},{""jd_ut"":811393.7879081427,""utc"":""-2491-06-03T06:54:35.264Z"",""motion"":""direct""}]",5
W5.07,W5,5,7,Libra,180,815929.0731840492,-2479-11-02T13:45:23.102Z,821055.7279929647,-2465-11-16T05:28:18.592Z,"[{""jd_ut"":815929.0731840492,""utc"":""-2479-11-02T13:45:23.102Z"",""motion"":""direct""},{""jd_ut"":816053.5066790069,""utc"":""-2478-03-07T00:09:37.066Z"",""motion"":""retrograde""},{""jd_ut"":816235.5327954551,""utc"":""-2478-09-05T00:47:13.527Z"",""motion"":""direct""}]",3
W5.08,W5,5,8,Scorpio,210,821055.7279929647,-2465-11-16T05:28:18.592Z,825891.8140061249,-2451-02-11T07:32:10.129Z,"[{""jd_ut"":821055.7279929647,""utc"":""-2465-11-16T05:28:18.592Z"",""motion"":""direct""},{""jd_ut"":821219.9626258537,""utc"":""-2464-04-28T11:06:10.874Z"",""motion"":""retrograde""},{""jd_ut"":821363.0616526494,""utc"":""-2464-09-18T13:28:46.789Z"",""motion"":""direct""}]",3
W5.09,W5,5,9,Sagittarius,240,825891.8140061249,-2451-02-11T07:32:10.129Z,830991.6361175145,-2437-01-29T03:16:00.553Z,"[{""jd_ut"":825891.8140061249,""utc"":""-2451-02-11T07:32:10.129Z"",""motion"":""direct""},{""jd_ut"":825931.1740552622,""utc"":""-2451-03-22T16:10:38.375Z"",""motion"":""retrograde""},{""jd_ut"":826179.2938532818,""utc"":""-2451-11-25T19:03:08.924Z"",""motion"":""direct""},{""jd_ut"":826396.285003928,""utc"":""-2450-06-30T18:50:24.339Z"",""motion"":""retrograde""},{""jd_ut"":826479.9967477873,""utc"":""-2450-09-22T11:55:19.009Z"",""motion"":""direct""}]",5
W5.10,W5,5,10,Capricorn,270,830991.6361175145,-2437-01-29T03:16:00.553Z,835818.0896796118,-2424-04-16T14:09:08.318Z,"[{""jd_ut"":830991.6361175145,""utc"":""-2437-01-29T03:16:00.553Z"",""motion"":""direct""},{""jd_ut"":831125.5973470865,""utc"":""-2437-06-12T02:20:10.788Z"",""motion"":""retrograde""},{""jd_ut"":831297.6239734851,""utc"":""-2437-12-01T02:58:31.309Z"",""motion"":""direct""}]",3
W5.11,W5,5,11,Aquarius,300,835818.0896796118,-2424-04-16T14:09:08.318Z,840902.8248637242,-2410-03-19T07:47:48.226Z,"[{""jd_ut"":835818.0896796118,""utc"":""-2424-04-16T14:09:08.318Z"",""motion"":""direct""},{""jd_ut"":835851.8874412214,""utc"":""-2424-05-20T09:17:54.922Z"",""motion"":""retrograde""},{""jd_ut"":836101.8740741459,""utc"":""-2423-01-25T08:58:40.006Z"",""motion"":""direct""},{""jd_ut"":836317.9962258704,""utc"":""-2423-08-29T11:54:33.915Z"",""motion"":""retrograde""},{""jd_ut"":836401.9165686883,""utc"":""-2423-11-21T09:59:51.535Z"",""motion"":""direct""}]",5
W5.12,W5,5,12,Pisces,330,840902.8248637242,-2410-03-19T07:47:48.226Z,845706.2928628505,-2397-05-13T19:01:43.350Z,"[{""jd_ut"":840902.8248637242,""utc"":""-2410-03-19T07:47:48.226Z"",""motion"":""direct""},{""jd_ut"":841062.98023127,""utc"":""-2410-08-26T11:31:31.982Z"",""motion"":""retrograde""},{""jd_ut"":841208.4847252383,""utc"":""-2409-01-18T23:38:00.261Z"",""motion"":""direct""}]",3
W6.01,W6,6,1,Aries,0,845706.2928628505,-2397-05-13T19:01:43.350Z,850808.8912323054,-2383-05-02T09:23:22.471Z,"[{""jd_ut"":845706.2928628505,""utc"":""-2397-05-13T19:01:43.350Z"",""motion"":""direct""},{""jd_ut"":845812.071633732,""utc"":""-2397-08-27T13:43:09.154Z"",""motion"":""retrograde""},{""jd_ut"":846008.2392516062,""utc"":""-2396-03-10T17:44:31.339Z"",""motion"":""direct""}]",3
W6.02,W6,6,2,Taurus,30,850808.8912323054,-2383-05-02T09:23:22.471Z,855617.2811603872,-2370-07-01T18:44:52.257Z,"[{""jd_ut"":850808.8912323054,""utc"":""-2383-05-02T09:23:22.471Z"",""motion"":""direct""},{""jd_ut"":851008.4282297497,""utc"":""-2383-11-17T22:16:39.050Z"",""motion"":""retrograde""},{""jd_ut"":851110.5957278067,""utc"":""-2382-02-28T02:17:50.882Z"",""motion"":""direct""}]",3
W6.03,W6,6,3,Gemini,60,855617.2811603872,-2370-07-01T18:44:52.257Z,860735.3077888233,-2356-07-05T19:23:12.954Z,"[{""jd_ut"":855617.2811603872,""utc"":""-2370-07-01T18:44:52.257Z"",""motion"":""direct""},{""jd_ut"":855746.8659458451,""utc"":""-2370-11-08T08:46:57.721Z"",""motion"":""retrograde""},{""jd_ut"":855922.4578131365,""utc"":""-2369-05-02T22:59:15.055Z"",""motion"":""direct""}]",3
W6.04,W6,6,4,Cancer,90,860735.3077888233,-2356-07-05T19:23:12.954Z,865560.2314274875,-2343-09-20T17:33:15.335Z,"[{""jd_ut"":860735.3077888233,""utc"":""-2356-07-05T19:23:12.954Z"",""motion"":""direct""},{""jd_ut"":860924.45617465,""utc"":""-2355-01-10T22:56:53.490Z"",""motion"":""retrograde""},{""jd_ut"":861039.1109985937,""utc"":""-2355-05-05T14:39:50.278Z"",""motion"":""direct""}]",3
W6.05,W6,6,5,Leo,120,865560.2314274875,-2343-09-20T17:33:15.335Z,870684.5171357952,-2329-10-02T00:24:40.533Z,"[{""jd_ut"":865560.2314274875,""utc"":""-2343-09-20T17:33:15.335Z"",""motion"":""direct""},{""jd_ut"":865644.1507667252,""utc"":""-2343-12-13T15:37:06.245Z"",""motion"":""retrograde""},{""jd_ut"":865861.0900294415,""utc"":""-2342-07-18T14:09:38.544Z"",""motion"":""direct""},{""jd_ut"":866105.8161005792,""utc"":""-2341-03-20T07:35:11.090Z"",""motion"":""retrograde""},{""jd_ut"":866149.2198225977,""utc"":""-2341-05-02T17:16:32.672Z"",""motion"":""direct""}]",5
W6.06,W6,6,6,Virgo,150,870684.5171357952,-2329-10-02T00:24:40.533Z,875813.3625633563,-2315-10-16T20:42:05.474Z,"[{""jd_ut"":870684.5171357952,""utc"":""-2329-10-02T00:24:40.533Z"",""motion"":""direct""},{""jd_ut"":870810.2438504801,""utc"":""-2328-02-04T17:51:08.681Z"",""motion"":""retrograde""},{""jd_ut"":870991.0666044422,""utc"":""-2328-08-03T13:35:54.624Z"",""motion"":""direct""}]",3
W6.07,W6,6,7,Libra,180,875813.3625633563,-2315-10-16T20:42:05.474Z,880941.6368354922,-2301-11-01T03:17:02.587Z,"[{""jd_ut"":875813.3625633563,""utc"":""-2315-10-16T20:42:05.474Z"",""motion"":""direct""},{""jd_ut"":875973.4556053285,""utc"":""-2314-03-25T22:56:04.300Z"",""motion"":""retrograde""},{""jd_ut"":876120.8020964868,""utc"":""-2314-08-20T07:15:01.136Z"",""motion"":""direct""}]",3
W6.08,W6,6,8,Scorpio,210,880941.6368354922,-2301-11-01T03:17:02.587Z,885763.9735466181,-2287-01-14T11:21:54.428Z,"[{""jd_ut"":880941.6368354922,""utc"":""-2301-11-01T03:17:02.587Z"",""motion"":""direct""},{""jd_ut"":881140.7875721559,""utc"":""-2300-05-19T06:54:06.234Z"",""motion"":""retrograde""},{""jd_ut"":881245.8466629733,""utc"":""-2300-09-01T08:19:11.681Z"",""motion"":""direct""}]",3
W6.09,W6,6,9,Sagittarius,240,885763.9735466181,-2287-01-14T11:21:54.428Z,890876.7969456466,-2273-01-14T07:07:36.104Z,"[{""jd_ut"":885763.9735466181,""utc"":""-2287-01-14T11:21:54.428Z"",""motion"":""direct""},{""jd_ut"":885861.316664679,""utc"":""-2287-04-21T19:35:59.828Z"",""motion"":""retrograde""},{""jd_ut"":886066.4056763644,""utc"":""-2287-11-12T21:44:10.438Z"",""motion"":""direct""}]",3
W6.10,W6,6,10,Capricorn,270,890876.7969456466,-2273-01-14T07:07:36.104Z,895688.9480764735,-2260-03-18T10:45:13.807Z,"[{""jd_ut"":890876.7969456466,""utc"":""-2273-01-14T07:07:36.104Z"",""motion"":""direct""},{""jd_ut"":891044.4101984147,""utc"":""-2273-06-30T21:50:41.143Z"",""motion"":""retrograde""},{""jd_ut"":891183.3413858702,""utc"":""-2273-11-16T20:11:35.739Z"",""motion"":""direct""}]",3
W6.11,W6,6,11,Aquarius,300,895688.9480764735,-2260-03-18T10:45:13.807Z,900789.2146297682,-2246-03-05T17:09:04.012Z,"[{""jd_ut"":895688.9480764735,""utc"":""-2260-03-18T10:45:13.807Z"",""motion"":""direct""},{""jd_ut"":895782.6966206594,""utc"":""-2260-06-20T04:43:08.025Z"",""motion"":""retrograde""},{""jd_ut"":895989.2538493143,""utc"":""-2259-01-12T18:05:32.581Z"",""motion"":""direct""}]",3
W6.12,W6,6,12,Pisces,330,900789.2146297682,-2246-03-05T17:09:04.012Z,905589.0463410837,-2233-04-26T13:06:43.870Z,"[{""jd_ut"":900789.2146297682,""utc"":""-2246-03-05T17:09:04.012Z"",""motion"":""direct""},{""jd_ut"":900981.4909465974,""utc"":""-2246-09-13T23:46:57.786Z"",""motion"":""retrograde""},{""jd_ut"":901092.7404482127,""utc"":""-2245-01-03T05:46:14.726Z"",""motion"":""direct""}]",3
W7.01,W7,7,1,Aries,0,905589.0463410837,-2233-04-26T13:06:43.870Z,910398.8495089677,-2220-06-26T08:23:17.575Z,"[{""jd_ut"":905589.0463410837,""utc"":""-2233-04-26T13:06:43.870Z"",""motion"":""direct""},{""jd_ut"":905731.7537755927,""utc"":""-2233-09-16T06:05:26.211Z"",""motion"":""retrograde""},{""jd_ut"":905894.0875551454,""utc"":""-2232-02-25T14:06:04.765Z"",""motion"":""direct""}]",3
W7.02,W7,7,2,Taurus,30,910398.8495089677,-2220-06-26T08:23:17.575Z,915501.7044541005,-2206-06-16T04:54:24.834Z,"[{""jd_ut"":910398.8495089677,""utc"":""-2220-06-26T08:23:17.575Z"",""motion"":""direct""},{""jd_ut"":910474.8845232935,""utc"":""-2220-09-10T09:13:42.813Z"",""motion"":""retrograde""},{""jd_ut"":910695.6161539254,""utc"":""-2219-04-19T02:47:15.699Z"",""motion"":""direct""},{""jd_ut"":910934.639159241,""utc"":""-2219-12-14T03:20:23.358Z"",""motion"":""retrograde""},{""jd_ut"":910985.8062736529,""utc"":""-2218-02-03T07:21:02.044Z"",""motion"":""direct""}]",5
W7.03,W7,7,3,Gemini,60,915501.7044541005,-2206-06-16T04:54:24.834Z,920324.2710485116,-2193-08-30T18:30:18.591Z,"[{""jd_ut"":915501.7044541005,""utc"":""-2206-06-16T04:54:24.834Z"",""motion"":""direct""},{""jd_ut"":915665.9866321771,""utc"":""-2206-11-27T11:40:45.020Z"",""motion"":""retrograde""},{""jd_ut"":915807.0786860283,""utc"":""-2205-04-17T13:53:18.473Z"",""motion"":""direct""}]",3
W7.04,W7,7,4,Cancer,90,920324.2710485116,-2193-08-30T18:30:18.591Z,925441.0144619527,-2179-09-02T12:20:49.513Z,"[{""jd_ut"":920324.2710485116,""utc"":""-2193-08-30T18:30:18.591Z"",""motion"":""direct""},{""jd_ut"":920392.38402871,""utc"":""-2193-11-06T21:13:00.081Z"",""motion"":""retrograde""},{""jd_ut"":920620.941338114,""utc"":""-2192-06-22T10:35:31.613Z"",""motion"":""direct""},{""jd_ut"":920850.2937273893,""utc"":""-2191-02-06T19:02:58.046Z"",""motion"":""retrograde""},{""jd_ut"":920915.214046299,""utc"":""-2191-04-12T17:08:13.600Z"",""motion"":""direct""}]",5
W7.05,W7,7,5,Leo,120,925441.0144619527,-2179-09-02T12:20:49.513Z,930568.8604578937,-2165-09-17T08:39:03.562Z,"[{""jd_ut"":925441.0144619527,""utc"":""-2179-09-02T12:20:49.513Z"",""motion"":""direct""},{""jd_ut"":925566.0894943627,""utc"":""-2178-01-05T14:08:52.313Z"",""motion"":""retrograde""},{""jd_ut"":925747.0705010523,""utc"":""-2178-07-05T13:41:31.291Z"",""motion"":""direct""}]",3
W7.06,W7,7,6,Virgo,150,930568.8604578937,-2165-09-17T08:39:03.562Z,935699.7485600533,-2151-10-04T05:57:55.589Z,"[{""jd_ut"":930568.8604578937,""utc"":""-2165-09-17T08:39:03.562Z"",""motion"":""direct""},{""jd_ut"":930730.0545145243,""utc"":""-2164-02-25T13:18:30.055Z"",""motion"":""retrograde""},{""jd_ut"":930876.0557014125,""utc"":""-2164-07-20T13:20:12.602Z"",""motion"":""direct""}]",3
W7.07,W7,7,7,Libra,180,935699.7485600533,-2151-10-04T05:57:55.589Z,940529.9912047673,-2138-12-25T11:47:20.092Z,"[{""jd_ut"":935699.7485600533,""utc"":""-2151-10-04T05:57:55.589Z"",""motion"":""direct""},{""jd_ut"":935893.0437298031,""utc"":""-2150-04-15T13:02:58.255Z"",""motion"":""retrograde""},{""jd_ut"":936004.6577345573,""utc"":""-2150-08-05T03:47:08.266Z"",""motion"":""direct""}]",3
W7.08,W7,7,8,Scorpio,210,940529.9912047673,-2138-12-25T11:47:20.092Z,945646.9466647764,-2124-12-28T10:43:11.837Z,"[{""jd_ut"":940529.9912047673,""utc"":""-2138-12-25T11:47:20.092Z"",""motion"":""direct""},{""jd_ut"":940605.1767966107,""utc"":""-2137-03-10T16:14:35.227Z"",""motion"":""retrograde""},{""jd_ut"":940828.9244887405,""utc"":""-2137-10-20T10:11:15.827Z"",""motion"":""direct""},{""jd_ut"":941066.3190475043,""utc"":""-2136-06-13T19:39:25.704Z"",""motion"":""retrograde""},{""jd_ut"":941122.8420040878,""utc"":""-2136-08-09T08:12:29.153Z"",""motion"":""direct""}]",5
W7.09,W7,7,9,Sagittarius,240,945646.9466647764,-2124-12-28T10:43:11.837Z,950764.7674678597,-2109-01-02T06:25:09.223Z,"[{""jd_ut"":945646.9466647764,""utc"":""-2124-12-28T10:43:11.837Z"",""motion"":""direct""},{""jd_ut"":945781.2111540248,""utc"":""-2123-05-11T17:04:03.708Z"",""motion"":""retrograde""},{""jd_ut"":945953.7010720163,""utc"":""-2123-10-31T04:49:32.622Z"",""motion"":""direct""}]",3
W7.10,W7,7,10,Capricorn,270,950764.7674678597,-2109-01-02T06:25:09.223Z,955572.1726752827,-2096-03-02T16:08:39.144Z,"[{""jd_ut"":950764.7674678597,""utc"":""-2109-01-02T06:25:09.223Z"",""motion"":""direct""},{""jd_ut"":950961.6404326905,""utc"":""-2109-07-18T03:22:13.384Z"",""motion"":""retrograde""},{""jd_ut"":951069.0030088839,""utc"":""-2109-11-02T12:04:19.968Z"",""motion"":""direct""}]",3
W7.11,W7,7,11,Aquarius,300,955572.1726752827,-2096-03-02T16:08:39.144Z,960386.7542322963,-2083-05-08T06:06:05.670Z,"[{""jd_ut"":955572.1726752827,""utc"":""-2096-03-02T16:08:39.144Z"",""motion"":""direct""},{""jd_ut"":955701.5488442741,""utc"":""-2096-07-10T01:10:20.145Z"",""motion"":""retrograde""},{""jd_ut"":955877.2295238439,""utc"":""-2095-01-01T17:30:30.860Z"",""motion"":""direct""}]",3
W7.12,W7,7,12,Pisces,330,960386.7542322963,-2083-05-08T06:06:05.670Z,965476.0357127632,-2069-04-14T12:51:25.583Z,"[{""jd_ut"":960386.7542322963,""utc"":""-2083-05-08T06:06:05.670Z"",""motion"":""direct""},{""jd_ut"":960440.7991100876,""utc"":""-2083-07-01T07:10:43.112Z"",""motion"":""retrograde""},{""jd_ut"":960677.1433117804,""utc"":""-2082-02-22T15:26:22.138Z"",""motion"":""direct""},{""jd_ut"":960901.9064078112,""utc"":""-2082-10-05T09:45:13.635Z"",""motion"":""retrograde""},{""jd_ut"":960974.1700452433,""utc"":""-2082-12-16T16:04:51.909Z"",""motion"":""direct""}]",5
W8.01,W8,8,1,Aries,0,965476.0357127632,-2069-04-14T12:51:25.583Z,970279.5630719785,-2056-06-08T01:30:49.419Z,"[{""jd_ut"":965476.0357127632,""utc"":""-2069-04-14T12:51:25.583Z"",""motion"":""direct""},{""jd_ut"":965647.9585635576,""utc"":""-2069-10-03T11:00:19.891Z"",""motion"":""retrograde""},{""jd_ut"":965780.7565208937,""utc"":""-2068-02-13T06:09:23.405Z"",""motion"":""direct""}]",3
W8.02,W8,8,2,Taurus,30,970279.5630719785,-2056-06-08T01:30:49.419Z,975388.3695386429,-2042-06-03T20:52:08.139Z,"[{""jd_ut"":970279.5630719785,""utc"":""-2056-06-08T01:30:49.419Z"",""motion"":""direct""},{""jd_ut"":970395.8165748764,""utc"":""-2056-10-02T07:35:52.069Z"",""motion"":""retrograde""},{""jd_ut"":970582.8205655327,""utc"":""-2055-04-07T07:41:36.862Z"",""motion"":""direct""}]",3
W8.03,W8,8,3,Gemini,60,975388.3695386429,-2042-06-03T20:52:08.139Z,980203.5751457347,-2029-08-10T01:48:12.591Z,"[{""jd_ut"":975388.3695386429,""utc"":""-2042-06-03T20:52:08.139Z"",""motion"":""direct""},{""jd_ut"":975584.6975494358,""utc"":""-2042-12-17T04:44:28.271Z"",""motion"":""retrograde""},{""jd_ut"":975690.5351491228,""utc"":""-2041-04-02T00:50:36.884Z"",""motion"":""direct""}]",3
W8.04,W8,8,4,Cancer,90,980203.5751457347,-2029-08-10T01:48:12.591Z,985325.859309531,-2015-08-18T08:37:24.343Z,"[{""jd_ut"":980203.5751457347,""utc"":""-2029-08-10T01:48:12.591Z"",""motion"":""direct""},{""jd_ut"":980315.1471516702,""utc"":""-2029-11-29T15:31:53.904Z"",""motion"":""retrograde""},{""jd_ut"":980507.5898228323,""utc"":""-2028-06-09T02:09:20.693Z"",""motion"":""direct""}]",3
W8.05,W8,8,5,Leo,120,985325.859309531,-2015-08-18T08:37:24.343Z,990455.7036355203,-2001-09-04T04:53:14.109Z,"[{""jd_ut"":985325.859309531,""utc"":""-2015-08-18T08:37:24.343Z"",""motion"":""direct""},{""jd_ut"":985484.9778304924,""utc"":""-2014-01-24T11:28:04.555Z"",""motion"":""retrograde""},{""jd_ut"":985632.4454444561,""utc"":""-2014-06-20T22:41:26.401Z"",""motion"":""direct""}]",3
W8.06,W8,8,6,Virgo,150,990455.7036355203,-2001-09-04T04:53:14.109Z,995288.9631724132,-1988-11-27T11:06:58.096Z,"[{""jd_ut"":990455.7036355203,""utc"":""-2001-09-04T04:53:14.109Z"",""motion"":""direct""},{""jd_ut"":990649.0903175327,""utc"":""-2000-03-15T14:10:03.435Z"",""motion"":""retrograde""},{""jd_ut"":990759.9281150652,""utc"":""-2000-07-04T10:16:29.142Z"",""motion"":""direct""}]",3
W8.07,W8,8,7,Libra,180,995288.9631724132,-1988-11-27T11:06:58.096Z,1000410.9606325699,-1974-12-06T11:03:18.654Z,"[{""jd_ut"":995288.9631724132,""utc"":""-1988-11-27T11:06:58.096Z"",""motion"":""direct""},{""jd_ut"":995357.7506358756,""utc"":""-1987-02-04T06:00:54.940Z"",""motion"":""retrograde""},{""jd_ut"":995586.8179712258,""utc"":""-1987-09-21T07:37:52.714Z"",""motion"":""direct""},{""jd_ut"":995817.4239472579,""utc"":""-1986-05-09T22:10:29.043Z"",""motion"":""retrograde""},{""jd_ut"":995882.712606413,""utc"":""-1986-07-14T05:06:09.194Z"",""motion"":""direct""}]",5
W8.08,W8,8,8,Scorpio,210,1000410.9606325699,-1974-12-06T11:03:18.654Z,1005533.9304237873,-1960-12-15T10:19:48.615Z,"[{""jd_ut"":1000410.9606325699,""utc"":""-1974-12-06T11:03:18.654Z"",""motion"":""direct""},{""jd_ut"":1000526.7659081456,""utc"":""-1973-04-01T06:22:54.464Z"",""motion"":""retrograde""},{""jd_ut"":1000716.7398858729,""utc"":""-1973-10-08T05:45:26.139Z"",""motion"":""direct""}]",3
W8.09,W8,8,9,Sagittarius,240,1005533.9304237873,-1960-12-15T10:19:48.615Z,1010359.0715017095,-1946-03-02T13:42:57.748Z,"[{""jd_ut"":1005533.9304237873,""utc"":""-1960-12-15T10:19:48.615Z"",""motion"":""direct""},{""jd_ut"":1005697.7745094174,""utc"":""-1959-05-28T06:35:17.614Z"",""motion"":""retrograde""},{""jd_ut"":1005841.3118225231,""utc"":""-1959-10-18T19:29:01.466Z"",""motion"":""direct""}]",3
W8.10,W8,8,10,Capricorn,270,1010359.0715017095,-1946-03-02T13:42:57.748Z,1015459.2934802207,-1932-02-17T19:02:36.691Z,"[{""jd_ut"":1010359.0715017095,""utc"":""-1946-03-02T13:42:57.748Z"",""motion"":""direct""},{""jd_ut"":1010421.3801893727,""utc"":""-1946-05-03T21:07:28.362Z"",""motion"":""retrograde""},{""jd_ut"":1010653.2922113808,""utc"":""-1946-12-21T19:00:47.063Z"",""motion"":""direct""},{""jd_ut"":1010882.340538688,""utc"":""-1945-08-07T20:10:22.543Z"",""motion"":""retrograde""},{""jd_ut"":1010950.5813388,""utc"":""-1945-10-15T01:57:07.672Z"",""motion"":""direct""}]",5
W8.11,W8,8,11,Aquarius,300,1015459.2934802207,-1932-02-17T19:02:36.691Z,1020265.4875564906,-1919-04-15T23:42:04.881Z,"[{""jd_ut"":1015459.2934802207,""utc"":""-1932-02-17T19:02:36.691Z"",""motion"":""direct""},{""jd_ut"":1015617.0267595523,""utc"":""-1932-07-24T12:38:32.025Z"",""motion"":""retrograde""},{""jd_ut"":1015765.709303088,""utc"":""-1932-12-20T05:01:23.787Z"",""motion"":""direct""}]",3
W8.12,W8,8,12,Pisces,330,1020265.4875564906,-1919-04-15T23:42:04.881Z,1025364.4161260647,-1905-04-01T21:59:13.292Z,"[{""jd_ut"":1020265.4875564906,""utc"":""-1919-04-15T23:42:04.881Z"",""motion"":""direct""},{""jd_ut"":1020363.299963495,""utc"":""-1919-07-22T19:11:56.846Z"",""motion"":""retrograde""},{""jd_ut"":1020566.192390823,""utc"":""-1918-02-10T16:37:02.567Z"",""motion"":""direct""}]",3
W9.01,W9,9,1,Aries,0,1025364.4161260647,-1905-04-01T21:59:13.292Z,1030165.6159626325,-1892-05-25T02:46:59.171Z,"[{""jd_ut"":1025364.4161260647,""utc"":""-1905-04-01T21:59:13.292Z"",""motion"":""direct""},{""jd_ut"":1025564.2996938105,""utc"":""-1905-10-18T19:11:33.545Z"",""motion"":""retrograde""},{""jd_ut"":1025666.37405343,""utc"":""-1904-01-28T20:58:38.216Z"",""motion"":""direct""}]",3
W9.02,W9,9,2,Taurus,30,1030165.6159626325,-1892-05-25T02:46:59.171Z,1034980.1140026068,-1879-07-30T14:44:09.825Z,"[{""jd_ut"":1030165.6159626325,""utc"":""-1892-05-25T02:46:59.171Z"",""motion"":""direct""},{""jd_ut"":1030311.796033517,""utc"":""-1892-10-18T07:06:17.296Z"",""motion"":""retrograde""},{""jd_ut"":1030470.816940451,""utc"":""-1891-03-26T07:36:23.655Z"",""motion"":""direct""}]",3
W9.03,W9,9,3,Gemini,60,1034980.1140026068,-1879-07-30T14:44:09.825Z,1040088.5949446363,-1865-07-26T02:16:43.217Z,"[{""jd_ut"":1034980.1140026068,""utc"":""-1879-07-30T14:44:09.825Z"",""motion"":""direct""},{""jd_ut"":1035049.2614796683,""utc"":""-1879-10-07T18:16:31.843Z"",""motion"":""retrograde""},{""jd_ut"":1035275.8914552524,""utc"":""-1878-05-22T09:23:41.734Z"",""motion"":""direct""},{""jd_ut"":1035507.8965715517,""utc"":""-1877-01-09T09:31:03.782Z"",""motion"":""retrograde""},{""jd_ut"":1035568.658403062,""utc"":""-1877-03-11T03:48:06.025Z"",""motion"":""direct""}]",5
W9.04,W9,9,4,Cancer,90,1040088.5949446363,-1865-07-26T02:16:43.217Z,1045213.0781545052,-1851-08-05T13:52:32.549Z,"[{""jd_ut"":1040088.5949446363,""utc"":""-1865-07-26T02:16:43.217Z"",""motion"":""direct""},{""jd_ut"":1040232.7064355398,""utc"":""-1865-12-17T04:57:16.031Z"",""motion"":""retrograde""},{""jd_ut"":1040394.570802262,""utc"":""-1864-05-27T01:41:57.315Z"",""motion"":""direct""}]",3
W9.05,W9,9,5,Leo,120,1045213.0781545052,-1851-08-05T13:52:32.549Z,1050045.377455805,-1838-10-28T21:03:32.182Z,"[{""jd_ut"":1045213.0781545052,""utc"":""-1851-08-05T13:52:32.549Z"",""motion"":""direct""},{""jd_ut"":1045403.0012461706,""utc"":""-1850-02-11T12:01:47.669Z"",""motion"":""retrograde""},{""jd_ut"":1045516.9410090689,""utc"":""-1850-06-05T10:35:03.184Z"",""motion"":""direct""}]",3
W9.06,W9,9,6,Virgo,150,1050045.377455805,-1838-10-28T21:03:32.182Z,1055169.7835807325,-1824-11-08T06:48:21.375Z,"[{""jd_ut"":1050045.377455805,""utc"":""-1838-10-28T21:03:32.182Z"",""motion"":""direct""},{""jd_ut"":1050113.8118967991,""utc"":""-1837-01-05T07:29:07.883Z"",""motion"":""retrograde""},{""jd_ut"":1050342.993494344,""utc"":""-1837-08-22T11:50:37.911Z"",""motion"":""direct""},{""jd_ut"":1050573.0773113635,""utc"":""-1836-04-08T13:51:19.702Z"",""motion"":""retrograde""},{""jd_ut"":1050638.0055145314,""utc"":""-1836-06-12T12:07:56.456Z"",""motion"":""direct""}]",5
W9.07,W9,9,7,Libra,180,1055169.7835807325,-1824-11-08T06:48:21.375Z,1060296.8990059602,-1810-11-22T09:34:34.115Z,"[{""jd_ut"":1055169.7835807325,""utc"":""-1824-11-08T06:48:21.375Z"",""motion"":""direct""},{""jd_ut"":1055279.3489108775,""utc"":""-1823-02-25T20:22:25.900Z"",""motion"":""retrograde""},{""jd_ut"":1055474.8669327875,""utc"":""-1823-09-09T08:48:22.993Z"",""motion"":""direct""}]",3
W9.08,W9,9,8,Scorpio,210,1060296.8990059602,-1810-11-22T09:34:34.115Z,1065422.3256935677,-1796-12-04T19:48:59.924Z,"[{""jd_ut"":1060296.8990059602,""utc"":""-1810-11-22T09:34:34.115Z"",""motion"":""direct""},{""jd_ut"":1060444.0792490589,""utc"":""-1809-04-18T13:54:07.119Z"",""motion"":""retrograde""},{""jd_ut"":1060604.4927816465,""utc"":""-1809-09-25T23:49:36.334Z"",""motion"":""direct""}]",3
W9.09,W9,9,9,Sagittarius,240,1065422.3256935677,-1796-12-04T19:48:59.924Z,1070239.8342065397,-1782-02-12T08:01:15.445Z,"[{""jd_ut"":1065422.3256935677,""utc"":""-1796-12-04T19:48:59.924Z"",""motion"":""direct""},{""jd_ut"":1065614.3222342837,""utc"":""-1795-06-14T19:44:01.042Z"",""motion"":""retrograde""},{""jd_ut"":1065727.7540880642,""utc"":""-1795-10-06T06:05:53.209Z"",""motion"":""direct""}]",3
W9.10,W9,9,10,Capricorn,270,1070239.8342065397,-1782-02-12T08:01:15.445Z,1075347.8083834606,-1768-02-07T07:24:04.331Z,"[{""jd_ut"":1070239.8342065397,""utc"":""-1782-02-12T08:01:15.445Z"",""motion"":""direct""},{""jd_ut"":1070342.3196832743,""utc"":""-1782-05-25T19:40:20.635Z"",""motion"":""retrograde""},{""jd_ut"":1070542.7327011474,""utc"":""-1782-12-12T05:35:05.379Z"",""motion"":""direct""}]",3
W9.11,W9,9,11,Aquarius,300,1075347.8083834606,-1768-02-07T07:24:04.331Z,1080151.4389897184,-1755-04-02T22:32:08.712Z,"[{""jd_ut"":1075347.8083834606,""utc"":""-1768-02-07T07:24:04.331Z"",""motion"":""direct""},{""jd_ut"":1075532.3276087982,""utc"":""-1768-08-09T19:51:45.400Z"",""motion"":""retrograde""},{""jd_ut"":1075653.1653105333,""utc"":""-1768-12-08T15:58:02.830Z"",""motion"":""direct""}]",3
W9.12,W9,9,12,Pisces,330,1080151.4389897184,-1755-04-02T22:32:08.712Z,1084960.6157409642,-1742-06-03T02:46:40.019Z,"[{""jd_ut"":1080151.4389897184,""utc"":""-1755-04-02T22:32:08.712Z"",""motion"":""direct""},{""jd_ut"":1080278.8639483675,""utc"":""-1755-08-08T08:44:05.139Z"",""motion"":""retrograde""},{""jd_ut"":1080456.0079397392,""utc"":""-1754-02-01T12:11:25.993Z"",""motion"":""direct""}]",3
W10.01,W10,10,1,Aries,0,1084960.6157409642,-1742-06-03T02:46:40.019Z,1090053.061086392,-1728-05-12T13:27:57.864Z,"[{""jd_ut"":1084960.6157409642,""utc"":""-1742-06-03T02:46:40.019Z"",""motion"":""direct""},{""jd_ut"":1085023.9368630713,""utc"":""-1742-08-05T10:29:04.969Z"",""motion"":""retrograde""},{""jd_ut"":1085253.8212244743,""utc"":""-1741-03-23T07:42:33.795Z"",""motion"":""direct""},{""jd_ut"":1085483.2214154596,""utc"":""-1741-11-07T17:18:50.296Z"",""motion"":""retrograde""},{""jd_ut"":1085548.801889123,""utc"":""-1740-01-12T07:14:43.220Z"",""motion"":""direct""}]",5
W10.02,W10,10,2,Taurus,30,1090053.061086392,-1728-05-12T13:27:57.864Z,1094861.6264087115,-1715-07-12T03:02:01.713Z,"[{""jd_ut"":1090053.061086392,""utc"":""-1728-05-12T13:27:57.864Z"",""motion"":""direct""},{""jd_ut"":1090227.4405629751,""utc"":""-1728-11-02T22:34:24.641Z"",""motion"":""retrograde""},{""jd_ut"":1090357.7849606825,""utc"":""-1727-03-13T06:50:20.603Z"",""motion"":""direct""}]",3
W10.03,W10,10,3,Gemini,60,1094861.6264087115,-1715-07-12T03:02:01.713Z,1099975.5051466646,-1701-07-13T00:07:24.672Z,"[{""jd_ut"":1094861.6264087115,""utc"":""-1715-07-12T03:02:01.713Z"",""motion"":""direct""},{""jd_ut"":1094969.106693734,""utc"":""-1715-10-27T14:33:38.339Z"",""motion"":""retrograde""},{""jd_ut"":1095164.461150377,""utc"":""-1714-05-10T23:04:03.393Z"",""motion"":""direct""}]",3
W10.04,W10,10,4,Cancer,90,1099975.5051466646,-1701-07-13T00:07:24.672Z,1104805.513284985,-1688-10-03T00:19:07.823Z,"[{""jd_ut"":1099975.5051466646,""utc"":""-1701-07-13T00:07:24.672Z"",""motion"":""direct""},{""jd_ut"":1100149.4992370075,""utc"":""-1700-01-02T23:58:54.077Z"",""motion"":""retrograde""},{""jd_ut"":1100280.5889116456,""utc"":""-1700-05-14T02:08:01.966Z"",""motion"":""direct""}]",3
W10.05,W10,10,5,Leo,120,1104805.513284985,-1688-10-03T00:19:07.823Z,1109926.1323664212,-1674-10-10T15:10:36.459Z,"[{""jd_ut"":1104805.513284985,""utc"":""-1688-10-03T00:19:07.823Z"",""motion"":""direct""},{""jd_ut"":1104866.1741074692,""utc"":""-1688-12-02T16:10:42.885Z"",""motion"":""retrograde""},{""jd_ut"":1105100.7375034913,""utc"":""-1687-07-25T05:42:00.302Z"",""motion"":""direct""},{""jd_ut"":1105324.6392079224,""utc"":""-1686-03-06T03:20:27.564Z"",""motion"":""retrograde""},{""jd_ut"":1105397.1100500831,""utc"":""-1686-05-17T14:38:28.327Z"",""motion"":""direct""}]",5
W10.06,W10,10,6,Virgo,150,1109926.1323664212,-1674-10-10T15:10:36.459Z,1115055.139501336,-1660-10-25T15:20:52.915Z,"[{""jd_ut"":1109926.1323664212,""utc"":""-1674-10-10T15:10:36.459Z"",""motion"":""direct""},{""jd_ut"":1110035.2651934167,""utc"":""-1673-01-27T18:21:52.711Z"",""motion"":""retrograde""},{""jd_ut"":1110230.9205415011,""utc"":""-1673-08-11T10:05:34.786Z"",""motion"":""direct""}]",3
W10.07,W10,10,7,Libra,180,1115055.139501336,-1660-10-25T15:20:52.915Z,1120185.2094068392,-1646-11-11T17:01:32.751Z,"[{""jd_ut"":1115055.139501336,""utc"":""-1660-10-25T15:20:52.915Z"",""motion"":""direct""},{""jd_ut"":1115197.068844017,""utc"":""-1659-03-16T13:39:08.123Z"",""motion"":""retrograde""},{""jd_ut"":1115362.4657016783,""utc"":""-1659-08-28T23:10:36.625Z"",""motion"":""direct""}]",3
W10.08,W10,10,8,Scorpio,210,1120185.2094068392,-1646-11-11T17:01:32.751Z,1125019.9005341828,-1632-02-06T09:36:46.153Z,"[{""jd_ut"":1120185.2094068392,""utc"":""-1646-11-11T17:01:32.751Z"",""motion"":""direct""},{""jd_ut"":1120359.779934639,""utc"":""-1645-05-05T06:43:06.353Z"",""motion"":""retrograde""},{""jd_ut"":1120492.0687796632,""utc"":""-1645-09-14T13:39:02.563Z"",""motion"":""direct""}]",3
W10.09,W10,10,9,Sagittarius,240,1125019.9005341828,-1632-02-06T09:36:46.153Z,1130125.8647992453,-1618-01-29T08:45:18.655Z,"[{""jd_ut"":1125019.9005341828,""utc"":""-1632-02-06T09:36:46.153Z"",""motion"":""direct""},{""jd_ut"":1125070.6337102987,""utc"":""-1632-03-28T03:12:32.570Z"",""motion"":""retrograde""},{""jd_ut"":1125311.5740696331,""utc"":""-1632-11-24T01:46:39.616Z"",""motion"":""direct""},{""jd_ut"":1125533.182763203,""utc"":""-1631-07-03T16:23:10.741Z"",""motion"":""retrograde""},{""jd_ut"":1125611.0566336229,""utc"":""-1631-09-19T13:21:33.145Z"",""motion"":""direct""}]",5
W10.10,W10,10,10,Capricorn,270,1130125.8647992453,-1618-01-29T08:45:18.655Z,1135238.0804757806,-1604-01-28T13:55:53.107Z,"[{""jd_ut"":1130125.8647992453,""utc"":""-1618-01-29T08:45:18.655Z"",""motion"":""direct""},{""jd_ut"":1130258.5033959127,""utc"":""-1618-06-11T00:04:53.407Z"",""motion"":""retrograde""},{""jd_ut"":1130432.0982537298,""utc"":""-1618-12-01T14:21:29.122Z"",""motion"":""direct""}]",3
W10.11,W10,10,11,Aquarius,300,1135238.0804757806,-1604-01-28T13:55:53.107Z,1140039.5894046295,-1591-03-22T02:08:44.560Z,"[{""jd_ut"":1135238.0804757806,""utc"":""-1604-01-28T13:55:53.107Z"",""motion"":""direct""},{""jd_ut"":1135447.4069062024,""utc"":""-1604-08-24T21:45:56.696Z"",""motion"":""retrograde""},{""jd_ut"":1135539.919591919,""utc"":""-1604-11-25T10:04:12.742Z"",""motion"":""direct""}]",3
W10.12,W10,10,12,Pisces,330,1140039.5894046295,-1591-03-22T02:08:44.560Z,1144842.492021772,-1578-05-15T23:48:30.681Z,"[{""jd_ut"":1140039.5894046295,""utc"":""-1591-03-22T02:08:44.560Z"",""motion"":""direct""},{""jd_ut"":1140192.8558722334,""utc"":""-1591-08-22T08:32:27.361Z"",""motion"":""retrograde""},{""jd_ut"":1140345.4347172477,""utc"":""-1590-01-21T22:25:59.570Z"",""motion"":""direct""}]",3
W11.01,W11,11,1,Aries,0,1144842.492021772,-1578-05-15T23:48:30.681Z,1149942.1736882739,-1564-05-01T16:10:06.667Z,"[{""jd_ut"":1144842.492021772,""utc"":""-1578-05-15T23:48:30.681Z"",""motion"":""direct""},{""jd_ut"":1144943.0674231579,""utc"":""-1578-08-24T13:37:05.361Z"",""motion"":""retrograde""},{""jd_ut"":1145143.6652268544,""utc"":""-1577-03-13T03:57:55.600Z"",""motion"":""direct""}]",3
W11.02,W11,11,2,Taurus,30,1149942.1736882739,-1564-05-01T16:10:06.667Z,1154747.0568758869,-1551-06-27T13:21:54.077Z,"[{""jd_ut"":1149942.1736882739,""utc"":""-1564-05-01T16:10:06.667Z"",""motion"":""direct""},{""jd_ut"":1150143.0361513686,""utc"":""-1564-11-18T12:52:03.478Z"",""motion"":""retrograde""},{""jd_ut"":1150243.7557631894,""utc"":""-1563-02-27T06:08:17.940Z"",""motion"":""direct""}]",3
W11.03,W11,11,3,Gemini,60,1154747.0568758869,-1551-06-27T13:21:54.077Z,1159863.4488668595,-1537-06-30T22:46:22.097Z,"[{""jd_ut"":1154747.0568758869,""utc"":""-1551-06-27T13:21:54.077Z"",""motion"":""direct""},{""jd_ut"":1154885.6548039112,""utc"":""-1551-11-13T03:42:55.058Z"",""motion"":""retrograde""},{""jd_ut"":1155052.4494237206,""utc"":""-1550-04-28T22:47:10.209Z"",""motion"":""direct""}]",3
W11.04,W11,11,4,Cancer,90,1159863.4488668595,-1537-06-30T22:46:22.097Z,1164684.2280913978,-1524-09-10T17:28:27.097Z,"[{""jd_ut"":1159863.4488668595,""utc"":""-1537-06-30T22:46:22.097Z"",""motion"":""direct""},{""jd_ut"":1160067.3010765482,""utc"":""-1536-01-20T19:13:33.014Z"",""motion"":""retrograde""},{""jd_ut"":1160164.6572497156,""utc"":""-1536-04-27T03:46:26.375Z"",""motion"":""direct""}]",3
W11.05,W11,11,5,Leo,120,1164684.2280913978,-1524-09-10T17:28:27.097Z,1169810.9407515102,-1510-09-24T10:34:40.930Z,"[{""jd_ut"":1164684.2280913978,""utc"":""-1524-09-10T17:28:27.097Z"",""motion"":""direct""},{""jd_ut"":1164789.3995227283,""utc"":""-1524-12-24T21:35:18.764Z"",""motion"":""retrograde""},{""jd_ut"":1164988.1679107365,""utc"":""-1523-07-11T16:01:47.488Z"",""motion"":""direct""}]",3
W11.06,W11,11,6,Virgo,150,1169810.9407515102,-1510-09-24T10:34:40.930Z,1174942.6676527737,-1496-10-13T04:01:25.200Z,"[{""jd_ut"":1169810.9407515102,""utc"":""-1510-09-24T10:34:40.930Z"",""motion"":""direct""},{""jd_ut"":1169953.380116087,""utc"":""-1509-02-13T21:07:22.030Z"",""motion"":""retrograde""},{""jd_ut"":1170118.0672873259,""utc"":""-1509-07-28T13:36:53.625Z"",""motion"":""direct""}]",3
W11.07,W11,11,7,Libra,180,1174942.6676527737,-1496-10-13T04:01:25.200Z,1180073.606105798,-1482-10-31T02:32:47.541Z,"[{""jd_ut"":1174942.6676527737,""utc"":""-1496-10-13T04:01:25.200Z"",""motion"":""direct""},{""jd_ut"":1175113.493615436,""utc"":""-1495-04-01T23:50:48.374Z"",""motion"":""retrograde""},{""jd_ut"":1175249.4970827145,""utc"":""-1495-08-15T23:55:47.947Z"",""motion"":""direct""}]",3
W11.08,W11,11,8,Scorpio,210,1180073.606105798,-1482-10-31T02:32:47.541Z,1184899.013864912,-1468-01-16T12:19:57.928Z,"[{""jd_ut"":1180073.606105798,""utc"":""-1482-10-31T02:32:47.541Z"",""motion"":""direct""},{""jd_ut"":1180277.702441718,""utc"":""-1481-05-23T04:51:30.964Z"",""motion"":""retrograde""},{""jd_ut"":1180376.7783121965,""utc"":""-1481-08-30T06:40:46.174Z"",""motion"":""direct""}]",3
W11.09,W11,11,9,Sagittarius,240,1184899.013864912,-1468-01-16T12:19:57.928Z,1190014.5639376268,-1454-01-18T01:32:04.211Z,"[{""jd_ut"":1184899.013864912,""utc"":""-1468-01-16T12:19:57.928Z"",""motion"":""direct""},{""jd_ut"":1184993.294938514,""utc"":""-1468-04-19T19:04:42.688Z"",""motion"":""retrograde""},{""jd_ut"":1185201.2471421189,""utc"":""-1468-11-13T17:55:53.079Z"",""motion"":""direct""},{""jd_ut"":1185469.2184107183,""utc"":""-1467-08-08T17:14:30.686Z"",""motion"":""retrograde""},{""jd_ut"":1185476.7993831001,""utc"":""-1467-08-16T07:11:06.700Z"",""motion"":""direct""}]",5
W11.10,W11,11,10,Capricorn,270,1190014.5639376268,-1454-01-18T01:32:04.211Z,1194832.2821761025,-1441-03-28T18:46:20.015Z,"[{""jd_ut"":1190014.5639376268,""utc"":""-1454-01-18T01:32:04.211Z"",""motion"":""direct""},{""jd_ut"":1190172.594278065,""utc"":""-1454-06-25T02:15:45.625Z"",""motion"":""retrograde""},{""jd_ut"":1190321.4954691012,""utc"":""-1454-11-20T23:53:28.530Z"",""motion"":""direct""}]",3
W11.11,W11,11,11,Aquarius,300,1194832.2821761025,-1441-03-28T18:46:20.015Z,1199929.5853312854,-1427-03-12T02:02:52.623Z,"[{""jd_ut"":1194832.2821761025,""utc"":""-1441-03-28T18:46:20.015Z"",""motion"":""direct""},{""jd_ut"":1194905.4594716574,""utc"":""-1441-06-09T23:01:38.351Z"",""motion"":""retrograde""},{""jd_ut"":1195128.5157424812,""utc"":""-1440-01-19T00:22:40.150Z"",""motion"":""direct""},{""jd_ut"":1195367.0370238828,""utc"":""-1440-09-13T12:53:18.863Z"",""motion"":""retrograde""},{""jd_ut"":1195421.8015181972,""utc"":""-1440-11-07T07:14:11.172Z"",""motion"":""direct""}]",5
W11.12,W11,11,12,Pisces,330,1199929.5853312854,-1427-03-12T02:02:52.623Z,1204729.2657979801,-1414-05-02T18:22:44.945Z,"[{""jd_ut"":1199929.5853312854,""utc"":""-1427-03-12T02:02:52.623Z"",""motion"":""direct""},{""jd_ut"":1200105.640016375,""utc"":""-1427-09-04T03:21:37.415Z"",""motion"":""retrograde""},{""jd_ut"":1200234.873727418,""utc"":""-1426-01-11T08:58:10.049Z"",""motion"":""direct""}]",3
W12.01,W12,12,1,Aries,0,1204729.2657979801,-1414-05-02T18:22:44.945Z,1209538.3437862461,-1401-07-02T20:15:03.132Z,"[{""jd_ut"":1204729.2657979801,""utc"":""-1414-05-02T18:22:44.945Z"",""motion"":""direct""},{""jd_ut"":1204857.77997543,""utc"":""-1414-09-08T06:43:09.877Z"",""motion"":""retrograde""},{""jd_ut"":1205033.5436406857,""utc"":""-1413-03-03T01:02:50.555Z"",""motion"":""direct""}]",3
W12.02,W12,12,2,Taurus,30,1209538.3437862461,-1401-07-02T20:15:03.132Z,1214635.076694835,-1387-06-16T13:50:26.434Z,"[{""jd_ut"":1209538.3437862461,""utc"":""-1401-07-02T20:15:03.132Z"",""motion"":""direct""},{""jd_ut"":1209602.641715343,""utc"":""-1401-09-05T03:24:04.206Z"",""motion"":""retrograde""},{""jd_ut"":1209832.009940432,""utc"":""-1400-04-22T12:14:18.853Z"",""motion"":""direct""},{""jd_ut"":1210061.5909318863,""utc"":""-1400-12-08T02:10:56.515Z"",""motion"":""retrograde""},{""jd_ut"":1210126.2544579115,""utc"":""-1399-02-10T18:06:25.164Z"",""motion"":""direct""}]",5
W12.03,W12,12,3,Gemini,60,1214635.076694835,-1387-06-16T13:50:26.434Z,1219451.7672089254,-1374-08-24T06:24:46.851Z,"[{""jd_ut"":1214635.076694835,""utc"":""-1387-06-16T13:50:26.434Z"",""motion"":""direct""},{""jd_ut"":1214800.3570600562,""utc"":""-1387-11-28T20:34:09.989Z"",""motion"":""retrograde""},{""jd_ut"":1214940.3185500172,""utc"":""-1386-04-17T19:38:42.721Z"",""motion"":""direct""}]",3
W12.04,W12,12,4,Cancer,90,1219451.7672089254,-1374-08-24T06:24:46.851Z,1224568.691673847,-1360-08-27T04:36:00.620Z,"[{""jd_ut"":1219451.7672089254,""utc"":""-1374-08-24T06:24:46.851Z"",""motion"":""direct""},{""jd_ut"":1219533.3526480584,""utc"":""-1374-11-13T20:27:48.792Z"",""motion"":""retrograde""},{""jd_ut"":1219751.0889405906,""utc"":""-1373-06-19T14:08:04.467Z"",""motion"":""direct""},{""jd_ut"":1219993.5244661914,""utc"":""-1372-02-17T00:35:13.879Z"",""motion"":""retrograde""},{""jd_ut"":1220039.7342912094,""utc"":""-1372-04-03T05:37:22.760Z"",""motion"":""direct""}]",5
W12.05,W12,12,5,Leo,120,1224568.691673847,-1360-08-27T04:36:00.620Z,1229697.365801189,-1346-09-11T20:46:45.223Z,"[{""jd_ut"":1224568.691673847,""utc"":""-1360-08-27T04:36:00.620Z"",""motion"":""direct""},{""jd_ut"":1224707.509149286,""utc"":""-1359-01-13T00:13:10.498Z"",""motion"":""retrograde""},{""jd_ut"":1224875.2449644604,""utc"":""-1359-06-29T17:52:44.929Z"",""motion"":""direct""}]",3
W12.06,W12,12,6,Virgo,150,1229697.365801189,-1346-09-11T20:46:45.223Z,1234829.9095036187,-1332-09-30T09:49:41.113Z,"[{""jd_ut"":1229697.365801189,""utc"":""-1346-09-11T20:46:45.223Z"",""motion"":""direct""},{""jd_ut"":1229871.241975444,""utc"":""-1345-03-04T17:48:26.678Z"",""motion"":""retrograde""},{""jd_ut"":1230003.6261117593,""utc"":""-1345-07-15T03:01:36.056Z"",""motion"":""direct""}]",3
W12.07,W12,12,7,Libra,180,1234829.9095036187,-1332-09-30T09:49:41.113Z,1239662.239311398,-1319-12-23T17:44:36.505Z,"[{""jd_ut"":1234829.9095036187,""utc"":""-1332-09-30T09:49:41.113Z"",""motion"":""direct""},{""jd_ut"":1235032.823833745,""utc"":""-1331-04-21T07:46:19.236Z"",""motion"":""retrograde""},{""jd_ut"":1235132.9773793593,""utc"":""-1331-07-30T11:27:25.577Z"",""motion"":""direct""}]",3
W12.08,W12,12,8,Scorpio,210,1239662.239311398,-1319-12-23T17:44:36.505Z,1244783.5285509108,-1304-01-01T00:41:06.799Z,"[{""jd_ut"":1239662.239311398,""utc"":""-1319-12-23T17:44:36.505Z"",""motion"":""direct""},{""jd_ut"":1239740.5037304428,""utc"":""-1318-03-12T00:05:22.310Z"",""motion"":""retrograde""},{""jd_ut"":1239962.0836098231,""utc"":""-1318-10-19T14:00:23.889Z"",""motion"":""direct""},{""jd_ut"":1240201.9339613058,""utc"":""-1317-06-16T10:24:54.257Z"",""motion"":""retrograde""},{""jd_ut"":1240254.634439692,""utc"":""-1317-08-08T03:13:35.589Z"",""motion"":""direct""}]",5
W12.09,W12,12,9,Sagittarius,240,1244783.5285509108,-1304-01-01T00:41:06.799Z,1249903.9720376981,-1290-01-08T11:19:44.057Z,"[{""jd_ut"":1244783.5285509108,""utc"":""-1304-01-01T00:41:06.799Z"",""motion"":""direct""},{""jd_ut"":1244911.232697628,""utc"":""-1304-05-07T17:35:05.075Z"",""motion"":""retrograde""},{""jd_ut"":1245089.9864149485,""utc"":""-1304-11-02T11:40:26.252Z"",""motion"":""direct""}]",3
W12.10,W12,12,10,Capricorn,270,1249903.9720376981,-1290-01-08T11:19:44.057Z,1254716.3822972225,-1277-03-13T21:10:30.480Z,"[{""jd_ut"":1249903.9720376981,""utc"":""-1290-01-08T11:19:44.057Z"",""motion"":""direct""},{""jd_ut"":1250086.9191117403,""utc"":""-1290-07-10T10:03:31.254Z"",""motion"":""retrograde""},{""jd_ut"":1250209.9204452932,""utc"":""-1290-11-10T10:05:26.473Z"",""motion"":""direct""}]",3
W12.11,W12,12,11,Aquarius,300,1254716.3822972225,-1277-03-13T21:10:30.480Z,1259819.5800685976,-1263-03-03T01:55:17.927Z,"[{""jd_ut"":1254716.3822972225,""utc"":""-1277-03-13T21:10:30.480Z"",""motion"":""direct""},{""jd_ut"":1254822.7082330398,""utc"":""-1277-06-28T04:59:51.335Z"",""motion"":""retrograde""},{""jd_ut"":1255019.0772590046,""utc"":""-1276-01-10T13:51:15.178Z"",""motion"":""direct""}]",3
W12.12,W12,12,12,Pisces,330,1259819.5800685976,-1263-03-03T01:55:17.927Z,1264618.5709104044,-1250-04-23T01:42:06.659Z,"[{""jd_ut"":1259819.5800685976,""utc"":""-1263-03-03T01:55:17.927Z"",""motion"":""direct""},{""jd_ut"":1260020.0498359697,""utc"":""-1263-09-19T13:11:45.828Z"",""motion"":""retrograde""},{""jd_ut"":1260122.2761139297,""utc"":""-1263-12-30T18:37:36.244Z"",""motion"":""direct""}]",3
W13.01,W13,13,1,Aries,0,1264618.5709104044,-1250-04-23T01:42:06.659Z,1269421.219010817,-1237-06-16T17:15:22.535Z,"[{""jd_ut"":1264618.5709104044,""utc"":""-1250-04-23T01:42:06.659Z"",""motion"":""direct""},{""jd_ut"":1264770.3132069288,""utc"":""-1250-09-21T19:31:01.079Z"",""motion"":""retrograde""},{""jd_ut"":1264923.8211669489,""utc"":""-1249-02-22T07:42:28.824Z"",""motion"":""direct""}]",3
W13.02,W13,13,2,Taurus,30,1269421.219010817,-1237-06-16T17:15:22.535Z,1274523.670539218,-1223-06-05T04:05:34.588Z,"[{""jd_ut"":1269421.219010817,""utc"":""-1237-06-16T17:15:22.535Z"",""motion"":""direct""},{""jd_ut"":1269520.788844308,""utc"":""-1237-09-24T06:55:56.148Z"",""motion"":""retrograde""},{""jd_ut"":1269722.094014279,""utc"":""-1236-04-12T14:15:22.834Z"",""motion"":""direct""}]",3
W13.03,W13,13,3,Gemini,60,1274523.670539218,-1223-06-05T04:05:34.588Z,1279335.0291606407,-1210-08-07T12:41:59.479Z,"[{""jd_ut"":1274523.670539218,""utc"":""-1223-06-05T04:05:34.588Z"",""motion"":""direct""},{""jd_ut"":1274716.0271031251,""utc"":""-1223-12-14T12:39:01.710Z"",""motion"":""retrograde""},{""jd_ut"":1274826.4217972802,""utc"":""-1222-04-03T22:07:23.285Z"",""motion"":""direct""}]",3
W13.04,W13,13,4,Cancer,90,1279335.0291606407,-1210-08-07T12:41:59.479Z,1284454.8430770221,-1196-08-13T08:14:01.855Z,"[{""jd_ut"":1279335.0291606407,""utc"":""-1210-08-07T12:41:59.479Z"",""motion"":""direct""},{""jd_ut"":1279451.8438302167,""utc"":""-1210-12-02T08:15:06.931Z"",""motion"":""retrograde""},{""jd_ut"":1279639.297951209,""utc"":""-1209-06-07T19:09:02.984Z"",""motion"":""direct""}]",3
W13.05,W13,13,5,Leo,120,1284454.8430770221,-1196-08-13T08:14:01.855Z,1289300.3007470486,-1183-11-18T19:13:04.545Z,"[{""jd_ut"":1284454.8430770221,""utc"":""-1196-08-13T08:14:01.855Z"",""motion"":""direct""},{""jd_ut"":1284625.3153733793,""utc"":""-1195-01-30T19:34:08.260Z"",""motion"":""retrograde""},{""jd_ut"":1284760.6469452186,""utc"":""-1195-06-15T03:31:36.067Z"",""motion"":""direct""}]",3
W13.06,W13,13,6,Virgo,150,1289300.3007470486,-1183-11-18T19:13:04.545Z,1294415.46083367,-1169-11-20T23:03:36.029Z,"[{""jd_ut"":1289300.3007470486,""utc"":""-1183-11-18T19:13:04.545Z"",""motion"":""direct""},{""jd_ut"":1289325.7245884906,""utc"":""-1183-12-14T05:23:24.446Z"",""motion"":""retrograde""},{""jd_ut"":1289584.2310567857,""utc"":""-1182-08-29T17:32:43.306Z"",""motion"":""direct""},{""jd_ut"":1289791.5776773295,""utc"":""-1181-03-25T01:51:51.321Z"",""motion"":""retrograde""},{""jd_ut"":1289885.7205346427,""utc"":""-1181-06-27T05:17:34.193Z"",""motion"":""direct""}]",5
W13.07,W13,13,7,Libra,180,1294415.46083367,-1169-11-20T23:03:36.029Z,1299542.7916378197,-1155-12-04T06:59:57.508Z,"[{""jd_ut"":1294415.46083367,""utc"":""-1169-11-20T23:03:36.029Z"",""motion"":""direct""},{""jd_ut"":1294499.6847901484,""utc"":""-1168-02-13T04:26:05.869Z"",""motion"":""retrograde""},{""jd_ut"":1294716.7974061738,""utc"":""-1168-09-17T07:08:15.893Z"",""motion"":""direct""},{""jd_ut"":1294961.7587584066,""utc"":""-1167-05-20T06:12:36.726Z"",""motion"":""retrograde""},{""jd_ut"":1295006.183354048,""utc"":""-1167-07-03T16:24:01.790Z"",""motion"":""direct""}]",5
W13.08,W13,13,8,Scorpio,210,1299542.7916378197,-1155-12-04T06:59:57.508Z,1304670.0752835874,-1141-12-18T13:48:24.502Z,"[{""jd_ut"":1299542.7916378197,""utc"":""-1155-12-04T06:59:57.508Z"",""motion"":""direct""},{""jd_ut"":1299662.7007984165,""utc"":""-1154-04-03T04:49:08.983Z"",""motion"":""retrograde""},{""jd_ut"":1299849.1248565628,""utc"":""-1154-10-06T14:59:47.607Z"",""motion"":""direct""}]",3
W13.09,W13,13,9,Sagittarius,240,1304670.0752835874,-1141-12-18T13:48:24.502Z,1309510.9418769735,-1127-03-20T10:36:18.171Z,"[{""jd_ut"":1304670.0752835874,""utc"":""-1141-12-18T13:48:24.502Z"",""motion"":""direct""},{""jd_ut"":1304828.0379144698,""utc"":""-1140-05-24T12:54:35.810Z"",""motion"":""retrograde""},{""jd_ut"":1304977.695021172,""utc"":""-1140-10-21T04:40:49.829Z"",""motion"":""direct""}]",3
W13.10,W13,13,10,Capricorn,270,1309510.9418769735,-1127-03-20T10:36:18.171Z,1314602.4746493883,-1113-02-26T23:23:29.707Z,"[{""jd_ut"":1309510.9418769735,""utc"":""-1127-03-20T10:36:18.171Z"",""motion"":""direct""},{""jd_ut"":1309535.4585653483,""utc"":""-1127-04-13T23:00:20.046Z"",""motion"":""retrograde""},{""jd_ut"":1309792.631352731,""utc"":""-1127-12-27T03:09:08.876Z"",""motion"":""direct""},{""jd_ut"":1310004.8837971673,""utc"":""-1126-07-27T09:12:40.075Z"",""motion"":""retrograde""},{""jd_ut"":1310094.4265296715,""utc"":""-1126-10-24T22:14:12.164Z"",""motion"":""direct""}]",5
W13.11,W13,13,11,Aquarius,300,1314602.4746493883,-1113-02-26T23:23:29.707Z,1319418.1881162217,-1100-05-05T16:30:53.242Z,"[{""jd_ut"":1314602.4746493883,""utc"":""-1113-02-26T23:23:29.707Z"",""motion"":""direct""},{""jd_ut"":1314738.591845551,""utc"":""-1113-07-13T02:12:15.456Z"",""motion"":""retrograde""},{""jd_ut"":1314908.4592404948,""utc"":""-1113-12-29T23:01:18.379Z"",""motion"":""direct""}]",3
W13.12,W13,13,12,Pisces,330,1319418.1881162217,-1100-05-05T16:30:53.242Z,1324507.7821095656,-1086-04-12T06:46:14.266Z,"[{""jd_ut"":1319418.1881162217,""utc"":""-1100-05-05T16:30:53.242Z"",""motion"":""direct""},{""jd_ut"":1319476.086105106,""utc"":""-1100-07-02T14:03:59.481Z"",""motion"":""retrograde""},{""jd_ut"":1319709.8628528998,""utc"":""-1099-02-21T08:42:30.491Z"",""motion"":""direct""},{""jd_ut"":1319937.3675913615,""utc"":""-1099-10-06T20:49:19.894Z"",""motion"":""retrograde""},{""jd_ut"":1320006.384940043,""utc"":""-1099-12-14T21:14:18.820Z"",""motion"":""direct""}]",5
W14.01,W14,14,1,Aries,0,1324507.7821095656,-1086-04-12T06:46:14.266Z,1329307.7495917166,-1073-06-03T05:59:24.724Z,"[{""jd_ut"":1324507.7821095656,""utc"":""-1086-04-12T06:46:14.266Z"",""motion"":""direct""},{""jd_ut"":1324683.9139157836,""utc"":""-1086-10-05T09:56:02.324Z"",""motion"":""retrograde""},{""jd_ut"":1324812.4894470014,""utc"":""-1085-02-10T23:44:48.221Z"",""motion"":""direct""}]",3
W14.02,W14,14,2,Taurus,30,1329307.7495917166,-1073-06-03T05:59:24.724Z,1334121.7202254515,-1060-08-07T05:17:07.479Z,"[{""jd_ut"":1329307.7495917166,""utc"":""-1073-06-03T05:59:24.724Z"",""motion"":""direct""},{""jd_ut"":1329435.5766064716,""utc"":""-1073-10-09T01:50:18.799Z"",""motion"":""retrograde""},{""jd_ut"":1329611.948798399,""utc"":""-1072-04-02T10:46:16.182Z"",""motion"":""direct""}]",3
W14.03,W14,14,3,Gemini,60,1334121.7202254515,-1060-08-07T05:17:07.479Z,1339220.9265178554,-1046-07-24T10:14:11.143Z,"[{""jd_ut"":1334121.7202254515,""utc"":""-1060-08-07T05:17:07.479Z"",""motion"":""direct""},{""jd_ut"":1334174.989919548,""utc"":""-1060-09-29T11:45:29.049Z"",""motion"":""retrograde""},{""jd_ut"":1334412.7193998625,""utc"":""-1059-05-25T05:15:56.148Z"",""motion"":""direct""},{""jd_ut"":1334634.6551095764,""utc"":""-1058-01-02T03:43:21.467Z"",""motion"":""retrograde""},{""jd_ut"":1334708.9576730812,""utc"":""-1058-03-17T10:59:02.954Z"",""motion"":""direct""}]",5
W14.04,W14,14,4,Cancer,90,1339220.9265178554,-1046-07-24T10:14:11.143Z,1344342.2993130041,-1032-07-31T19:11:00.644Z,"[{""jd_ut"":1339220.9265178554,""utc"":""-1046-07-24T10:14:11.143Z"",""motion"":""direct""},{""jd_ut"":1339368.4267994808,""utc"":""-1046-12-18T22:14:35.475Z"",""motion"":""retrograde""},{""jd_ut"":1339526.6441965722,""utc"":""-1045-05-26T03:27:38.584Z"",""motion"":""direct""}]",3
W14.05,W14,14,5,Leo,120,1344342.2993130041,-1032-07-31T19:11:00.644Z,1349168.4363917056,-1019-10-17T22:28:24.243Z,"[{""jd_ut"":1344342.2993130041,""utc"":""-1032-07-31T19:11:00.644Z"",""motion"":""direct""},{""jd_ut"":1344544.0014325907,""utc"":""-1031-02-18T12:02:03.776Z"",""motion"":""retrograde""},{""jd_ut"":1344643.9976948122,""utc"":""-1031-05-29T11:56:40.832Z"",""motion"":""direct""}]",3
W14.06,W14,14,6,Virgo,150,1349168.4363917056,-1019-10-17T22:28:24.243Z,1354296.1236576913,-1005-11-01T14:58:04.025Z,"[{""jd_ut"":1349168.4363917056,""utc"":""-1019-10-17T22:28:24.243Z"",""motion"":""direct""},{""jd_ut"":1349259.745072655,""utc"":""-1018-01-17T05:52:54.277Z"",""motion"":""retrograde""},{""jd_ut"":1349470.594545655,""utc"":""-1018-08-16T02:16:08.745Z"",""motion"":""direct""},{""jd_ut"":1349727.5522066532,""utc"":""-1017-04-30T01:15:10.655Z"",""motion"":""retrograde""},{""jd_ut"":1349751.515578662,""utc"":""-1017-05-24T00:22:25.996Z"",""motion"":""direct""}]",5
W14.07,W14,14,7,Libra,180,1354296.1236576913,-1005-11-01T14:58:04.025Z,1359427.1097627338,-0991-11-19T14:38:03.500Z,"[{""jd_ut"":1354296.1236576913,""utc"":""-1005-11-01T14:58:04.025Z"",""motion"":""direct""},{""jd_ut"":1354422.0341245816,""utc"":""-1004-03-06T12:49:08.364Z"",""motion"":""retrograde""},{""jd_ut"":1354602.7942123683,""utc"":""-1004-09-03T07:03:39.949Z"",""motion"":""direct""}]",3
W14.08,W14,14,8,Scorpio,210,1359427.1097627338,-0991-11-19T14:38:03.500Z,1364556.186640556,-0977-12-05T16:28:45.744Z,"[{""jd_ut"":1359427.1097627338,""utc"":""-0991-11-19T14:38:03.500Z"",""motion"":""direct""},{""jd_ut"":1359582.318212877,""utc"":""-0990-04-23T19:38:13.593Z"",""motion"":""retrograde""},{""jd_ut"":1359734.8327593422,""utc"":""-0990-09-23T07:59:10.407Z"",""motion"":""direct""}]",3
W14.09,W14,14,9,Sagittarius,240,1364556.186640556,-0977-12-05T16:28:45.744Z,1369379.5242711958,-0963-02-18T00:34:57.031Z,"[{""jd_ut"":1364556.186640556,""utc"":""-0977-12-05T16:28:45.744Z"",""motion"":""direct""},{""jd_ut"":1364747.7043670113,""utc"":""-0976-06-14T04:54:17.310Z"",""motion"":""retrograde""},{""jd_ut"":1364861.7207375867,""utc"":""-0976-10-06T05:17:51.727Z"",""motion"":""direct""}]",3
W14.10,W14,14,10,Capricorn,270,1369379.5242711958,-0963-02-18T00:34:57.031Z,1374489.092804371,-0949-02-14T14:13:38.298Z,"[{""jd_ut"":1369379.5242711958,""utc"":""-0963-02-18T00:34:57.031Z"",""motion"":""direct""},{""jd_ut"":1369468.7608651826,""utc"":""-0963-05-18T06:15:38.752Z"",""motion"":""retrograde""},{""jd_ut"":1369680.5443280195,""utc"":""-0963-12-16T01:03:49.941Z"",""motion"":""direct""},{""jd_ut"":1369934.672591316,""utc"":""-0962-08-27T04:08:31.890Z"",""motion"":""retrograde""},{""jd_ut"":1369966.8103095046,""utc"":""-0962-09-28T07:26:50.741Z"",""motion"":""direct""}]",5
W14.11,W14,14,11,Aquarius,300,1374489.092804371,-0949-02-14T14:13:38.298Z,1379297.4375172127,-0936-04-14T22:30:01.487Z,"[{""jd_ut"":1374489.092804371,""utc"":""-0949-02-14T14:13:38.298Z"",""motion"":""direct""},{""jd_ut"":1374655.2763038357,""utc"":""-0949-07-30T18:37:52.651Z"",""motion"":""retrograde""},{""jd_ut"":1374795.7040602001,""utc"":""-0949-12-18T04:53:50.801Z"",""motion"":""direct""}]",3
W14.12,W14,14,12,Pisces,330,1379297.4375172127,-0936-04-14T22:30:01.487Z,1384396.9081203584,-0922-04-01T09:47:41.599Z,"[{""jd_ut"":1379297.4375172127,""utc"":""-0936-04-14T22:30:01.487Z"",""motion"":""direct""},{""jd_ut"":1379398.1528312466,""utc"":""-0936-07-24T15:40:04.620Z"",""motion"":""retrograde""},{""jd_ut"":1379598.93212904,""utc"":""-0935-02-10T10:22:15.949Z"",""motion"":""direct""}]",3
W15.01,W15,15,1,Aries,0,1384396.9081203584,-0922-04-01T09:47:41.599Z,1389194.5420011375,-0909-05-21T01:00:28.898Z,"[{""jd_ut"":1384396.9081203584,""utc"":""-0922-04-01T09:47:41.599Z"",""motion"":""direct""},{""jd_ut"":1384599.4518927787,""utc"":""-0922-10-20T22:50:43.536Z"",""motion"":""retrograde""},{""jd_ut"":1384698.790991751,""utc"":""-0921-01-28T06:59:01.687Z"",""motion"":""direct""}]",3
W15.02,W15,15,2,Taurus,30,1389194.5420011375,-0909-05-21T01:00:28.898Z,1394000.4629285084,-0896-07-17T23:06:37.023Z,"[{""jd_ut"":1389194.5420011375,""utc"":""-0909-05-21T01:00:28.898Z"",""motion"":""direct""},{""jd_ut"":1389351.0613506492,""utc"":""-0909-10-24T13:28:20.696Z"",""motion"":""retrograde""},{""jd_ut"":1389499.838724431,""utc"":""-0908-03-21T08:07:45.791Z"",""motion"":""direct""}]",3
W15.03,W15,15,3,Gemini,60,1394000.4629285084,-0896-07-17T23:06:37.023Z,1399108.1328926394,-0882-07-12T15:11:21.924Z,"[{""jd_ut"":1394000.4629285084,""utc"":""-0896-07-17T23:06:37.023Z"",""motion"":""direct""},{""jd_ut"":1394097.3481477895,""utc"":""-0896-10-22T20:21:19.969Z"",""motion"":""retrograde""},{""jd_ut"":1394301.4320089356,""utc"":""-0895-05-14T22:22:05.572Z"",""motion"":""direct""}]",3
W15.04,W15,15,4,Cancer,90,1399108.1328926394,-0882-07-12T15:11:21.924Z,1403929.2459420157,-0869-09-23T17:54:09.390Z,"[{""jd_ut"":1399108.1328926394,""utc"":""-0882-07-12T15:11:21.924Z"",""motion"":""direct""},{""jd_ut"":1399284.9073282965,""utc"":""-0881-01-05T09:46:33.165Z"",""motion"":""retrograde""},{""jd_ut"":1399412.6818707031,""utc"":""-0881-05-13T04:21:53.629Z"",""motion"":""direct""}]",3
W15.05,W15,15,5,Leo,120,1403929.2459420157,-0869-09-23T17:54:09.390Z,1409050.2468762817,-0855-09-30T17:55:30.111Z,"[{""jd_ut"":1403929.2459420157,""utc"":""-0869-09-23T17:54:09.390Z"",""motion"":""direct""},{""jd_ut"":1404011.2199745015,""utc"":""-0869-12-14T17:16:45.797Z"",""motion"":""retrograde""},{""jd_ut"":1404229.0143057266,""utc"":""-0868-07-19T12:20:36.015Z"",""motion"":""direct""},{""jd_ut"":1404472.526715281,""utc"":""-0867-03-20T00:38:28.200Z"",""motion"":""retrograde""},{""jd_ut"":1404517.0344873625,""utc"":""-0867-05-03T12:49:39.708Z"",""motion"":""direct""}]",5
W15.06,W15,15,6,Virgo,150,1409050.2468762817,-0855-09-30T17:55:30.111Z,1414180.0515462118,-0841-10-17T13:14:13.593Z,"[{""jd_ut"":1409050.2468762817,""utc"":""-0855-09-30T17:55:30.111Z"",""motion"":""direct""},{""jd_ut"":1409180.758775801,""utc"":""-0854-02-08T06:12:38.229Z"",""motion"":""retrograde""},{""jd_ut"":1409356.6209682962,""utc"":""-0854-08-03T02:54:11.661Z"",""motion"":""direct""}]",3
W15.07,W15,15,7,Libra,180,1414180.0515462118,-0841-10-17T13:14:13.593Z,1419312.2785246694,-0827-11-04T18:41:04.531Z,"[{""jd_ut"":1414180.0515462118,""utc"":""-0841-10-17T13:14:13.593Z"",""motion"":""direct""},{""jd_ut"":1414342.5408946718,""utc"":""-0840-03-28T00:58:53.300Z"",""motion"":""retrograde""},{""jd_ut"":1414487.1220619162,""utc"":""-0840-08-19T14:55:46.150Z"",""motion"":""direct""}]",3
W15.08,W15,15,8,Scorpio,210,1419312.2785246694,-0827-11-04T18:41:04.531Z,1424145.460852285,-0813-01-28T23:03:37.637Z,"[{""jd_ut"":1419312.2785246694,""utc"":""-0827-11-04T18:41:04.531Z"",""motion"":""direct""},{""jd_ut"":1419503.5011978056,""utc"":""-0826-05-15T00:01:43.490Z"",""motion"":""retrograde""},{""jd_ut"":1419617.4453969365,""utc"":""-0826-09-05T22:41:22.295Z"",""motion"":""direct""}]",3
W15.09,W15,15,9,Sagittarius,240,1424145.460852285,-0813-01-28T23:03:37.637Z,1429260.0334079727,-0799-01-29T12:48:06.449Z,"[{""jd_ut"":1424145.460852285,""utc"":""-0813-01-28T23:03:37.637Z"",""motion"":""direct""},{""jd_ut"":1424212.8430539384,""utc"":""-0813-04-06T08:13:59.860Z"",""motion"":""retrograde""},{""jd_ut"":1424442.2994968374,""utc"":""-0813-11-21T19:11:16.527Z"",""motion"":""direct""},{""jd_ut"":1424673.527038638,""utc"":""-0812-07-10T00:38:56.138Z"",""motion"":""retrograde""},{""jd_ut"":1424738.7529061725,""utc"":""-0812-09-13T06:04:11.093Z"",""motion"":""direct""}]",5
W15.10,W15,15,10,Capricorn,270,1429260.0334079727,-0799-01-29T12:48:06.449Z,1434375.9687277423,-0785-02-01T11:14:58.077Z,"[{""jd_ut"":1429260.0334079727,""utc"":""-0799-01-29T12:48:06.449Z"",""motion"":""direct""},{""jd_ut"":1429391.2769330172,""utc"":""-0799-06-09T18:38:47.013Z"",""motion"":""retrograde""},{""jd_ut"":1429566.5146160205,""utc"":""-0799-12-02T00:21:02.824Z"",""motion"":""direct""}]",3
W15.11,W15,15,11,Aquarius,300,1434375.9687277423,-0785-02-01T11:14:58.077Z,1439180.9875368066,-0772-03-29T11:42:03.180Z,"[{""jd_ut"":1434375.9687277423,""utc"":""-0785-02-01T11:14:58.077Z"",""motion"":""direct""},{""jd_ut"":1434573.9821720044,""utc"":""-0785-08-18T11:34:19.661Z"",""motion"":""retrograde""},{""jd_ut"":1434680.0554532101,""utc"":""-0785-12-02T13:19:51.157Z"",""motion"":""direct""}]",3
W15.12,W15,15,12,Pisces,330,1439180.9875368066,-0772-03-29T11:42:03.180Z,1443988.2518867585,-0759-05-27T18:02:43.016Z,"[{""jd_ut"":1439180.9875368066,""utc"":""-0772-03-29T11:42:03.180Z"",""motion"":""direct""},{""jd_ut"":1439316.8018264845,""utc"":""-0772-08-12T07:14:37.808Z"",""motion"":""retrograde""},{""jd_ut"":1439486.4449206395,""utc"":""-0771-01-28T22:40:41.143Z"",""motion"":""direct""}]",3
W16.01,W16,16,1,Aries,0,1443988.2518867585,-0759-05-27T18:02:43.016Z,1449081.829509567,-0745-05-08T07:54:29.627Z,"[{""jd_ut"":1443988.2518867585,""utc"":""-0759-05-27T18:02:43.016Z"",""motion"":""direct""},{""jd_ut"":1444063.3697308498,""utc"":""-0759-08-10T20:52:24.745Z"",""motion"":""retrograde""},{""jd_ut"":1444284.4918018747,""utc"":""-0758-03-19T23:48:11.682Z"",""motion"":""direct""},{""jd_ut"":1444523.4717107452,""utc"":""-0758-11-13T23:19:15.808Z"",""motion"":""retrograde""},{""jd_ut"":1444576.4268570328,""utc"":""-0757-01-05T22:14:40.448Z"",""motion"":""direct""}]",5
W16.02,W16,16,2,Taurus,30,1449081.829509567,-0745-05-08T07:54:29.627Z,1453883.7303641792,-0732-06-30T05:31:43.465Z,"[{""jd_ut"":1449081.829509567,""utc"":""-0745-05-08T07:54:29.627Z"",""motion"":""direct""},{""jd_ut"":1449267.6472934973,""utc"":""-0745-11-10T03:32:06.158Z"",""motion"":""retrograde""},{""jd_ut"":1449385.629001521,""utc"":""-0744-03-07T03:05:45.731Z"",""motion"":""direct""}]",3
W16.03,W16,16,3,Gemini,60,1453883.7303641792,-0732-06-30T05:31:43.465Z,1458710.1646727868,-0719-09-16T15:57:07.729Z,"[{""jd_ut"":1453883.7303641792,""utc"":""-0732-06-30T05:31:43.465Z"",""motion"":""direct""},{""jd_ut"":1454015.994769826,""utc"":""-0732-11-09T11:52:28.113Z"",""motion"":""retrograde""},{""jd_ut"":1454188.5522242142,""utc"":""-0731-05-01T01:15:12.172Z"",""motion"":""direct""}]",3
W16.04,W16,16,4,Cancer,90,1458710.1646727868,-0719-09-16T15:57:07.729Z,1463809.6761944527,-0705-09-03T04:13:43.201Z,"[{""jd_ut"":1458710.1646727868,""utc"":""-0719-09-16T15:57:07.729Z"",""motion"":""direct""},{""jd_ut"":1458741.693330145,""utc"":""-0719-10-18T04:38:23.725Z"",""motion"":""retrograde""},{""jd_ut"":1458994.8117575338,""utc"":""-0718-06-28T07:28:55.851Z"",""motion"":""direct""},{""jd_ut"":1459205.1000175122,""utc"":""-0717-01-24T14:24:01.513Z"",""motion"":""retrograde""},{""jd_ut"":1459294.4325059927,""utc"":""-0717-04-23T22:22:48.518Z"",""motion"":""direct""}]",5
W16.05,W16,16,5,Leo,120,1463809.6761944527,-0705-09-03T04:13:43.201Z,1468933.9701048546,-0691-09-14T11:16:57.059Z,"[{""jd_ut"":1463809.6761944527,""utc"":""-0705-09-03T04:13:43.201Z"",""motion"":""direct""},{""jd_ut"":1463933.0930782584,""utc"":""-0704-01-04T14:14:01.962Z"",""motion"":""retrograde""},{""jd_ut"":1464115.0453338013,""utc"":""-0704-07-04T13:05:16.840Z"",""motion"":""direct""}]",3
W16.06,W16,16,6,Virgo,150,1468933.9701048546,-0691-09-14T11:16:57.059Z,1474065.1964992932,-0677-10-02T16:42:57.539Z,"[{""jd_ut"":1468933.9701048546,""utc"":""-0691-09-14T11:16:57.059Z"",""motion"":""direct""},{""jd_ut"":1469101.4434252093,""utc"":""-0690-02-28T22:38:31.938Z"",""motion"":""retrograde""},{""jd_ut"":1469240.298170141,""utc"":""-0690-07-17T19:09:21.900Z"",""motion"":""direct""}]",3
W16.07,W16,16,7,Libra,180,1474065.1964992932,-0677-10-02T16:42:57.539Z,1478898.7229279,-0664-12-26T05:21:00.971Z,"[{""jd_ut"":1474065.1964992932,""utc"":""-0677-10-02T16:42:57.539Z"",""motion"":""direct""},{""jd_ut"":1474264.4849217162,""utc"":""-0676-04-18T23:38:17.236Z"",""motion"":""retrograde""},{""jd_ut"":1474368.4428798375,""utc"":""-0676-07-31T22:37:44.818Z"",""motion"":""direct""}]",3
W16.08,W16,16,8,Scorpio,210,1478898.7229279,-0664-12-26T05:21:00.971Z,1484021.4765320243,-0649-01-04T23:26:12.367Z,"[{""jd_ut"":1478898.7229279,""utc"":""-0664-12-26T05:21:00.971Z"",""motion"":""direct""},{""jd_ut"":1478971.57117878,""utc"":""-0663-03-09T01:42:29.847Z"",""motion"":""retrograde""},{""jd_ut"":1479197.337034604,""utc"":""-0663-10-20T20:05:19.790Z"",""motion"":""direct""},{""jd_ut"":1479432.321040277,""utc"":""-0662-06-12T19:42:17.880Z"",""motion"":""retrograde""},{""jd_ut"":1479491.478570839,""utc"":""-0662-08-10T23:29:08.520Z"",""motion"":""direct""}]",5
W16.09,W16,16,9,Sagittarius,240,1484021.4765320243,-0649-01-04T23:26:12.367Z,1489144.0144604123,-0635-01-13T12:20:49.380Z,"[{""jd_ut"":1484021.4765320243,""utc"":""-0649-01-04T23:26:12.367Z"",""motion"":""direct""},{""jd_ut"":1484139.9863925814,""utc"":""-0649-05-03T11:40:24.319Z"",""motion"":""retrograde""},{""jd_ut"":1484327.2954406408,""utc"":""-0649-11-06T19:05:26.071Z"",""motion"":""direct""}]",3
W16.10,W16,16,10,Capricorn,270,1489144.0144604123,-0635-01-13T12:20:49.380Z,1493964.9267666778,-0622-03-27T10:14:32.641Z,"[{""jd_ut"":1489144.0144604123,""utc"":""-0635-01-13T12:20:49.380Z"",""motion"":""direct""},{""jd_ut"":1489311.8222613186,""utc"":""-0635-06-30T07:44:03.378Z"",""motion"":""retrograde""},{""jd_ut"":1489451.0257643457,""utc"":""-0635-11-16T12:37:06.039Z"",""motion"":""direct""}]",3
W16.11,W16,16,11,Aquarius,300,1493964.9267666778,-0622-03-27T10:14:32.641Z,1499065.7744831424,-0608-03-14T06:35:15.344Z,"[{""jd_ut"":1493964.9267666778,""utc"":""-0622-03-27T10:14:32.641Z"",""motion"":""direct""},{""jd_ut"":1494039.7677230365,""utc"":""-0622-06-10T06:25:31.270Z"",""motion"":""retrograde""},{""jd_ut"":1494261.9488907647,""utc"":""-0621-01-18T10:46:24.162Z"",""motion"":""direct""},{""jd_ut"":1494501.5088405707,""utc"":""-0621-09-15T00:12:43.825Z"",""motion"":""retrograde""},{""jd_ut"":1494555.103357336,""utc"":""-0621-11-07T14:28:50.074Z"",""motion"":""direct""}]",5
W16.12,W16,16,12,Pisces,330,1499065.7744831424,-0608-03-14T06:35:15.344Z,1503867.7023626766,-0595-05-08T04:51:24.135Z,"[{""jd_ut"":1499065.7744831424,""utc"":""-0608-03-14T06:35:15.344Z"",""motion"":""direct""},{""jd_ut"":1499235.702621073,""utc"":""-0608-08-31T04:51:46.461Z"",""motion"":""retrograde""},{""jd_ut"":1499371.7385051805,""utc"":""-0607-01-14T05:43:26.848Z"",""motion"":""direct""}]",3
W17.01,W17,17,1,Aries,0,1503867.7023626766,-0595-05-08T04:51:24.135Z,1508678.7096224953,-0582-07-10T05:01:51.384Z,"[{""jd_ut"":1503867.7023626766,""utc"":""-0595-05-08T04:51:24.135Z"",""motion"":""direct""},{""jd_ut"":1503985.7547639874,""utc"":""-0595-09-03T06:06:51.609Z"",""motion"":""retrograde""},{""jd_ut"":1504171.1577043491,""utc"":""-0594-03-07T15:47:05.656Z"",""motion"":""direct""}]",3
W17.02,W17,17,2,Taurus,30,1508678.7096224953,-0582-07-10T05:01:51.384Z,1513768.65995862,-0568-06-16T03:50:20.425Z,"[{""jd_ut"":1508678.7096224953,""utc"":""-0582-07-10T05:01:51.384Z"",""motion"":""direct""},{""jd_ut"":1508729.268489365,""utc"":""-0582-08-29T18:26:37.481Z"",""motion"":""retrograde""},{""jd_ut"":1508968.23477392,""utc"":""-0581-04-25T17:38:04.467Z"",""motion"":""direct""},{""jd_ut"":1509189.7490231632,""utc"":""-0581-12-03T05:58:35.601Z"",""motion"":""retrograde""},{""jd_ut"":1509265.3916740734,""utc"":""-0580-02-16T21:24:00.640Z"",""motion"":""direct""}]",5
W17.03,W17,17,3,Gemini,60,1513768.65995862,-0568-06-16T03:50:20.425Z,1518578.886180689,-0555-08-17T09:16:06.012Z,"[{""jd_ut"":1513768.65995862,""utc"":""-0568-06-16T03:50:20.425Z"",""motion"":""direct""},{""jd_ut"":1513934.2338988222,""utc"":""-0568-11-28T17:36:48.858Z"",""motion"":""retrograde""},{""jd_ut"":1514073.8531875499,""utc"":""-0567-04-17T08:28:35.404Z"",""motion"":""direct""}]",3
W17.04,W17,17,4,Cancer,90,1518578.886180689,-0555-08-17T09:16:06.012Z,1523692.5911488282,-0541-08-18T02:11:15.259Z,"[{""jd_ut"":1518578.886180689,""utc"":""-0555-08-17T09:16:06.012Z"",""motion"":""direct""},{""jd_ut"":1518674.6253404273,""utc"":""-0555-11-21T03:00:29.413Z"",""motion"":""retrograde""},{""jd_ut"":1518880.3559228922,""utc"":""-0554-06-14T20:32:31.738Z"",""motion"":""direct""}]",3
W17.05,W17,17,5,Leo,120,1523692.5911488282,-0541-08-18T02:11:15.259Z,1528538.0241338783,-0528-11-22T12:34:45.167Z,"[{""jd_ut"":1523692.5911488282,""utc"":""-0541-08-18T02:11:15.259Z"",""motion"":""direct""},{""jd_ut"":1523853.963429221,""utc"":""-0540-01-26T11:07:20.285Z"",""motion"":""retrograde""},{""jd_ut"":1523998.7524246476,""utc"":""-0540-06-19T06:03:29.490Z"",""motion"":""direct""}]",3
W17.06,W17,17,6,Virgo,150,1528538.0241338783,-0528-11-22T12:34:45.167Z,1533647.3028207496,-0514-11-18T19:16:03.713Z,"[{""jd_ut"":1528538.0241338783,""utc"":""-0528-11-22T12:34:45.167Z"",""motion"":""direct""},{""jd_ut"":1528556.0489275716,""utc"":""-0528-12-10T13:10:27.342Z"",""motion"":""retrograde""},{""jd_ut"":1528818.6632596557,""utc"":""-0527-08-30T03:55:05.634Z"",""motion"":""direct""},{""jd_ut"":1529024.5592740686,""utc"":""-0526-03-24T01:25:21.280Z"",""motion"":""retrograde""},{""jd_ut"":1529120.0518219615,""utc"":""-0526-06-27T13:14:37.417Z"",""motion"":""direct""}]",5
W17.07,W17,17,7,Libra,180,1533647.3028207496,-0514-11-18T19:16:03.713Z,1538774.8959388053,-0500-12-03T09:30:09.113Z,"[{""jd_ut"":1533647.3028207496,""utc"":""-0514-11-18T19:16:03.713Z"",""motion"":""direct""},{""jd_ut"":1533736.1013617436,""utc"":""-0513-02-15T14:25:57.655Z"",""motion"":""retrograde""},{""jd_ut"":1533949.3498755558,""utc"":""-0513-09-16T20:23:49.248Z"",""motion"":""direct""},{""jd_ut"":1534201.2829386084,""utc"":""-0512-05-25T18:47:25.896Z"",""motion"":""retrograde""},{""jd_ut"":1534234.2415106231,""utc"":""-0512-06-27T17:47:46.518Z"",""motion"":""direct""}]",5
W17.08,W17,17,8,Scorpio,210,1538774.8959388053,-0500-12-03T09:30:09.113Z,1543903.0759353158,-0486-12-18T13:49:20.811Z,"[{""jd_ut"":1538774.8959388053,""utc"":""-0500-12-03T09:30:09.113Z"",""motion"":""direct""},{""jd_ut"":1538898.7999763591,""utc"":""-0499-04-06T07:11:57.957Z"",""motion"":""retrograde""},{""jd_ut"":1539081.4873290425,""utc"":""-0499-10-05T23:41:45.229Z"",""motion"":""direct""}]",3
W17.09,W17,17,9,Sagittarius,240,1543903.0759353158,-0486-12-18T13:49:20.811Z,1549028.281878417,-0472-12-29T18:45:54.295Z,"[{""jd_ut"":1543903.0759353158,""utc"":""-0486-12-18T13:49:20.811Z"",""motion"":""direct""},{""jd_ut"":1544063.1075085308,""utc"":""-0485-05-27T14:34:48.737Z"",""motion"":""retrograde""},{""jd_ut"":1544210.5750807077,""utc"":""-0485-10-22T01:48:06.973Z"",""motion"":""direct""}]",3
W17.10,W17,17,10,Capricorn,270,1549028.281878417,-0472-12-29T18:45:54.295Z,1553842.3186430824,-0458-03-05T19:38:50.762Z,"[{""jd_ut"":1549028.281878417,""utc"":""-0472-12-29T18:45:54.295Z"",""motion"":""direct""},{""jd_ut"":1549235.678738825,""utc"":""-0471-07-25T04:17:23.034Z"",""motion"":""retrograde""},{""jd_ut"":1549331.0003670608,""utc"":""-0471-10-28T12:00:31.714Z"",""motion"":""direct""}]",3
W17.11,W17,17,11,Aquarius,300,1553842.3186430824,-0458-03-05T19:38:50.762Z,1558950.5763601405,-0444-02-29T01:49:57.516Z,"[{""jd_ut"":1553842.3186430824,""utc"":""-0458-03-05T19:38:50.762Z"",""motion"":""direct""},{""jd_ut"":1553965.0563929793,""utc"":""-0458-07-06T13:21:12.353Z"",""motion"":""retrograde""},{""jd_ut"":1554147.3488387163,""utc"":""-0457-01-04T20:22:19.665Z"",""motion"":""direct""}]",3
W17.12,W17,17,12,Pisces,330,1558950.5763601405,-0444-02-29T01:49:57.516Z,1563750.7064597337,-0431-04-21T04:57:18.121Z,"[{""jd_ut"":1558950.5763601405,""utc"":""-0444-02-29T01:49:57.516Z"",""motion"":""direct""},{""jd_ut"":1559158.1803521402,""utc"":""-0444-09-23T16:19:42.425Z"",""motion"":""retrograde""},{""jd_ut"":1559252.3566899272,""utc"":""-0444-12-26T20:33:38.010Z"",""motion"":""direct""}]",3
W18.01,W18,18,1,Aries,0,1563750.7064597337,-0431-04-21T04:57:18.121Z,1568552.756542442,-0418-06-14T06:09:25.267Z,"[{""jd_ut"":1563750.7064597337,""utc"":""-0431-04-21T04:57:18.121Z"",""motion"":""direct""},{""jd_ut"":1563905.7639012751,""utc"":""-0431-09-23T06:20:01.070Z"",""motion"":""retrograde""},{""jd_ut"":1564056.2305856282,""utc"":""-0430-02-20T17:32:02.598Z"",""motion"":""direct""}]",3
W18.02,W18,18,2,Taurus,30,1568552.756542442,-0418-06-14T06:09:25.267Z,1573653.2328428733,-0404-05-31T17:35:17.624Z,"[{""jd_ut"":1568552.756542442,""utc"":""-0418-06-14T06:09:25.267Z"",""motion"":""direct""},{""jd_ut"":1568656.7767662117,""utc"":""-0418-09-26T06:38:32.601Z"",""motion"":""retrograde""},{""jd_ut"":1568854.2593906778,""utc"":""-0417-04-11T18:13:31.355Z"",""motion"":""direct""}]",3
W18.03,W18,18,3,Gemini,60,1573653.2328428733,-0404-05-31T17:35:17.624Z,1578459.4242210719,-0391-07-28T22:10:52.701Z,"[{""jd_ut"":1573653.2328428733,""utc"":""-0404-05-31T17:35:17.624Z"",""motion"":""direct""},{""jd_ut"":1573856.1932809069,""utc"":""-0404-12-20T16:38:19.470Z"",""motion"":""retrograde""},{""jd_ut"":1573954.3235311462,""utc"":""-0403-03-28T19:45:53.091Z"",""motion"":""direct""}]",3
W18.04,W18,18,4,Cancer,90,1578459.4242210719,-0391-07-28T22:10:52.701Z,1583576.5105364542,-0377-08-02T00:15:10.350Z,"[{""jd_ut"":1578459.4242210719,""utc"":""-0391-07-28T22:10:52.701Z"",""motion"":""direct""},{""jd_ut"":1578596.6924899882,""utc"":""-0391-12-13T04:37:11.135Z"",""motion"":""retrograde""},{""jd_ut"":1578764.844392897,""utc"":""-0390-05-30T08:15:55.546Z"",""motion"":""direct""}]",3
W18.05,W18,18,5,Leo,120,1583576.5105364542,-0377-08-02T00:15:10.350Z,1588399.0657264497,-0364-10-14T13:34:38.765Z,"[{""jd_ut"":1583576.5105364542,""utc"":""-0377-08-02T00:15:10.350Z"",""motion"":""direct""},{""jd_ut"":1583777.194432809,""utc"":""-0376-02-18T16:39:58.995Z"",""motion"":""retrograde""},{""jd_ut"":1583878.3233855027,""utc"":""-0376-05-29T19:45:40.507Z"",""motion"":""direct""}]",3
W18.06,W18,18,6,Virgo,150,1588399.0657264497,-0364-10-14T13:34:38.765Z,1593525.1284364583,-0350-10-27T15:04:56.910Z,"[{""jd_ut"":1588399.0657264497,""utc"":""-0364-10-14T13:34:38.765Z"",""motion"":""direct""},{""jd_ut"":1588497.5261529475,""utc"":""-0363-01-21T00:37:39.615Z"",""motion"":""retrograde""},{""jd_ut"":1588702.2726580962,""utc"":""-0363-08-13T18:32:37.660Z"",""motion"":""direct""}]",3
W18.07,W18,18,7,Libra,180,1593525.1284364583,-0350-10-27T15:04:56.910Z,1598655.4659311166,-0336-11-12T23:10:56.448Z,"[{""jd_ut"":1593525.1284364583,""utc"":""-0350-10-27T15:04:56.910Z"",""motion"":""direct""},{""jd_ut"":1593662.0338519388,""utc"":""-0349-03-13T12:48:44.808Z"",""motion"":""retrograde""},{""jd_ut"":1593832.3348600478,""utc"":""-0349-08-30T20:02:11.908Z"",""motion"":""direct""}]",3
W18.08,W18,18,8,Scorpio,210,1598655.4659311166,-0336-11-12T23:10:56.448Z,1603786.010837024,-0322-11-30T12:15:36.319Z,"[{""jd_ut"":1598655.4659311166,""utc"":""-0336-11-12T23:10:56.448Z"",""motion"":""direct""},{""jd_ut"":1598823.7575946837,""utc"":""-0335-04-30T06:10:56.181Z"",""motion"":""retrograde""},{""jd_ut"":1598962.7403200655,""utc"":""-0335-09-16T05:46:03.654Z"",""motion"":""direct""}]",3
W18.09,W18,18,9,Sagittarius,240,1603786.010837024,-0322-11-30T12:15:36.319Z,1608609.6580186142,-0308-02-14T03:47:32.808Z,"[{""jd_ut"":1603786.010837024,""utc"":""-0322-11-30T12:15:36.319Z"",""motion"":""direct""},{""jd_ut"":1603988.3557184143,""utc"":""-0321-06-20T20:32:14.071Z"",""motion"":""retrograde""},{""jd_ut"":1604089.7257254194,""utc"":""-0321-09-30T05:25:02.676Z"",""motion"":""direct""}]",3
W18.10,W18,18,10,Capricorn,270,1608609.6580186142,-0308-02-14T03:47:32.808Z,1613723.2232233915,-0294-02-14T17:21:26.501Z,"[{""jd_ut"":1608609.6580186142,""utc"":""-0308-02-14T03:47:32.808Z"",""motion"":""direct""},{""jd_ut"":1608706.683468665,""utc"":""-0308-05-21T04:24:11.693Z"",""motion"":""retrograde""},{""jd_ut"":1608912.1908751526,""utc"":""-0308-12-12T16:34:51.613Z"",""motion"":""direct""}]",3
W18.11,W18,18,11,Aquarius,300,1613723.2232233915,-0294-02-14T17:21:26.501Z,1618535.5407419703,-0281-04-20T00:58:40.106Z,"[{""jd_ut"":1613723.2232233915,""utc"":""-0294-02-14T17:21:26.501Z"",""motion"":""direct""},{""jd_ut"":1613888.6678937087,""utc"":""-0294-07-30T04:01:46.016Z"",""motion"":""retrograde""},{""jd_ut"":1614030.0205681305,""utc"":""-0294-12-18T12:29:37.086Z"",""motion"":""direct""}]",3
W18.12,W18,18,12,Pisces,330,1618535.5407419703,-0281-04-20T00:58:40.106Z,1623634.6728622243,-0267-04-05T04:08:55.296Z,"[{""jd_ut"":1618535.5407419703,""utc"":""-0281-04-20T00:58:40.106Z"",""motion"":""direct""},{""jd_ut"":1618627.0152742183,""utc"":""-0281-07-20T12:21:59.692Z"",""motion"":""retrograde""},{""jd_ut"":1618835.4886606787,""utc"":""-0280-02-13T23:43:40.283Z"",""motion"":""direct""},{""jd_ut"":1619097.9878901583,""utc"":""-0280-11-02T11:42:33.710Z"",""motion"":""retrograde""},{""jd_ut"":1619114.8558412092,""utc"":""-0280-11-19T08:32:24.680Z"",""motion"":""direct""}]",5
W19.01,W19,19,1,Aries,0,1623634.6728622243,-0267-04-05T04:08:55.296Z,1628433.3416117858,-0254-05-25T20:11:55.258Z,"[{""jd_ut"":1623634.6728622243,""utc"":""-0267-04-05T04:08:55.296Z"",""motion"":""direct""},{""jd_ut"":1623827.3375694207,""utc"":""-0267-10-14T20:06:05.998Z"",""motion"":""retrograde""},{""jd_ut"":1623938.0450820443,""utc"":""-0266-02-02T13:04:55.089Z"",""motion"":""direct""}]",3
W19.02,W19,19,2,Taurus,30,1628433.3416117858,-0254-05-25T20:11:55.258Z,1633238.9646393764,-0241-07-22T11:09:04.842Z,"[{""jd_ut"":1628433.3416117858,""utc"":""-0254-05-25T20:11:55.258Z"",""motion"":""direct""},{""jd_ut"":1628578.8531943476,""utc"":""-0254-10-18T08:28:35.992Z"",""motion"":""retrograde""},{""jd_ut"":1628738.4738658774,""utc"":""-0253-03-26T23:22:22.012Z"",""motion"":""direct""}]",3
W19.03,W19,19,3,Gemini,60,1633238.9646393764,-0241-07-22T11:09:04.842Z,1638342.0133711542,-0227-07-11T12:19:15.268Z,"[{""jd_ut"":1633238.9646393764,""utc"":""-0241-07-22T11:09:04.842Z"",""motion"":""direct""},{""jd_ut"":1633326.3067106274,""utc"":""-0241-10-17T19:21:39.798Z"",""motion"":""retrograde""},{""jd_ut"":1633537.9681552951,""utc"":""-0240-05-16T11:14:08.617Z"",""motion"":""direct""},{""jd_ut"":1633791.9256090862,""utc"":""-0239-01-25T10:12:52.625Z"",""motion"":""retrograde""},{""jd_ut"":1633820.1179513787,""utc"":""-0239-02-22T14:49:50.999Z"",""motion"":""direct""}]",5
W19.04,W19,19,4,Cancer,90,1638342.0133711542,-0227-07-11T12:19:15.268Z,1643159.4173034579,-0214-09-18T22:00:55.019Z,"[{""jd_ut"":1638342.0133711542,""utc"":""-0227-07-11T12:19:15.268Z"",""motion"":""direct""},{""jd_ut"":1638518.8116934756,""utc"":""-0226-01-04T07:28:50.316Z"",""motion"":""retrograde""},{""jd_ut"":1638646.4581281748,""utc"":""-0226-05-11T22:59:42.274Z"",""motion"":""direct""}]",3
W19.05,W19,19,5,Leo,120,1643159.4173034579,-0214-09-18T22:00:55.019Z,1648277.7961759656,-0200-09-24T07:06:29.603Z,"[{""jd_ut"":1643159.4173034579,""utc"":""-0214-09-18T22:00:55.019Z"",""motion"":""direct""},{""jd_ut"":1643249.517713144,""utc"":""-0214-12-18T00:25:30.416Z"",""motion"":""retrograde""},{""jd_ut"":1643460.3686890975,""utc"":""-0213-07-16T20:50:54.738Z"",""motion"":""direct""},{""jd_ut"":1643716.6465443615,""utc"":""-0212-03-29T03:31:01.433Z"",""motion"":""retrograde""},{""jd_ut"":1643740.687226439,""utc"":""-0212-04-22T04:29:36.364Z"",""motion"":""direct""}]",5
W19.06,W19,19,6,Virgo,150,1648277.7961759656,-0200-09-24T07:06:29.603Z,1653405.9848054517,-0186-10-09T11:38:07.191Z,"[{""jd_ut"":1648277.7961759656,""utc"":""-0200-09-24T07:06:29.603Z"",""motion"":""direct""},{""jd_ut"":1648422.6649021632,""utc"":""-0199-02-16T03:57:27.547Z"",""motion"":""retrograde""},{""jd_ut"":1648584.482863794,""utc"":""-0199-07-27T23:35:19.432Z"",""motion"":""direct""}]",3
W19.07,W19,19,7,Libra,180,1653405.9848054517,-0186-10-09T11:38:07.191Z,1658248.428981027,-0172-01-11T22:17:43.961Z,"[{""jd_ut"":1653405.9848054517,""utc"":""-0186-10-09T11:38:07.191Z"",""motion"":""direct""},{""jd_ut"":1653587.6793966717,""utc"":""-0185-04-09T04:18:19.872Z"",""motion"":""retrograde""},{""jd_ut"":1653711.705952996,""utc"":""-0185-08-11T04:56:34.339Z"",""motion"":""direct""}]",3
W19.08,W19,19,8,Scorpio,210,1658248.428981027,-0172-01-11T22:17:43.961Z,1663365.0006599464,-0158-01-14T12:00:57.019Z,"[{""jd_ut"":1658248.428981027,""utc"":""-0172-01-11T22:17:43.961Z"",""motion"":""direct""},{""jd_ut"":1658288.7166570257,""utc"":""-0172-02-21T05:11:59.167Z"",""motion"":""retrograde""},{""jd_ut"":1658537.864818253,""utc"":""-0172-10-27T08:45:20.297Z"",""motion"":""direct""},{""jd_ut"":1658751.7296855757,""utc"":""-0171-05-29T05:30:44.834Z"",""motion"":""retrograde""},{""jd_ut"":1658838.6975924824,""utc"":""-0171-08-24T04:44:31.990Z"",""motion"":""direct""}]",5
W19.09,W19,19,9,Sagittarius,240,1663365.0006599464,-0158-01-14T12:00:57.019Z,1668486.734856065,-0144-01-23T05:38:11.564Z,"[{""jd_ut"":1663365.0006599464,""utc"":""-0158-01-14T12:00:57.019Z"",""motion"":""direct""},{""jd_ut"":1663462.6955382116,""utc"":""-0158-04-22T04:41:34.501Z"",""motion"":""retrograde""},{""jd_ut"":1663668.3737068945,""utc"":""-0158-11-13T20:58:08.276Z"",""motion"":""direct""}]",3
W19.10,W19,19,10,Capricorn,270,1668486.734856065,-0144-01-23T05:38:11.564Z,1673605.7746140175,-0130-01-28T06:35:26.651Z,"[{""jd_ut"":1668486.734856065,""utc"":""-0144-01-23T05:38:11.564Z"",""motion"":""direct""},{""jd_ut"":1668633.9336620485,""utc"":""-0144-06-18T10:24:28.401Z"",""motion"":""retrograde""},{""jd_ut"":1668794.2544998787,""utc"":""-0144-11-25T18:06:28.790Z"",""motion"":""direct""}]",3
W19.11,W19,19,11,Aquarius,300,1673605.7746140175,-0130-01-28T06:35:26.651Z,1678412.647724912,-0117-03-28T03:32:43.432Z,"[{""jd_ut"":1673605.7746140175,""utc"":""-0130-01-28T06:35:26.651Z"",""motion"":""direct""},{""jd_ut"":1673814.6844754145,""utc"":""-0130-08-25T04:25:38.676Z"",""motion"":""retrograde""},{""jd_ut"":1673908.1380786006,""utc"":""-0130-11-26T15:18:49.991Z"",""motion"":""direct""}]",3
W19.12,W19,19,12,Pisces,330,1678412.647724912,-0117-03-28T03:32:43.432Z,1683222.8112630476,-0104-05-28T07:28:13.127Z,"[{""jd_ut"":1678412.647724912,""utc"":""-0117-03-28T03:32:43.432Z"",""motion"":""direct""},{""jd_ut"":1678553.1334107392,""utc"":""-0117-08-15T15:12:06.688Z"",""motion"":""retrograde""},{""jd_ut"":1678718.5417018472,""utc"":""-0116-01-28T01:00:03.040Z"",""motion"":""direct""}]",3
W20.01,W20,20,1,Aries,0,1683222.8112630476,-0104-05-28T07:28:13.127Z,1688315.7738519465,-0090-05-09T06:34:20.808Z,"[{""jd_ut"":1683222.8112630476,""utc"":""-0104-05-28T07:28:13.127Z"",""motion"":""direct""},{""jd_ut"":1683296.2451543068,""utc"":""-0104-08-09T17:53:01.332Z"",""motion"":""retrograde""},{""jd_ut"":1683518.6508439798,""utc"":""-0103-03-20T03:37:12.920Z"",""motion"":""direct""},{""jd_ut"":1683756.8176848693,""utc"":""-0103-11-13T07:37:27.973Z"",""motion"":""retrograde""},{""jd_ut"":1683811.0455277897,""utc"":""-0102-01-06T13:05:33.601Z"",""motion"":""direct""}]",5
W20.02,W20,20,2,Taurus,30,1688315.7738519465,-0090-05-09T06:34:20.808Z,1693116.4754920513,-0077-06-30T23:24:42.513Z,"[{""jd_ut"":1688315.7738519465,""utc"":""-0090-05-09T06:34:20.808Z"",""motion"":""direct""},{""jd_ut"":1688501.474203303,""utc"":""-0090-11-10T23:22:51.165Z"",""motion"":""retrograde""},{""jd_ut"":1688619.6007678043,""utc"":""-0089-03-09T02:25:06.338Z"",""motion"":""direct""}]",3
W20.03,W20,20,3,Gemini,60,1693116.4754920513,-0077-06-30T23:24:42.513Z,1697935.3963298863,-0064-09-08T21:30:42.902Z,"[{""jd_ut"":1693116.4754920513,""utc"":""-0077-06-30T23:24:42.513Z"",""motion"":""direct""},{""jd_ut"":1693251.2773344745,""utc"":""-0077-11-12T18:39:21.699Z"",""motion"":""retrograde""},{""jd_ut"":1693421.234322221,""utc"":""-0076-04-30T17:37:25.440Z"",""motion"":""direct""}]",3
W20.04,W20,20,4,Cancer,90,1697935.3963298863,-0064-09-08T21:30:42.902Z,1703036.7333997185,-0050-08-28T05:36:05.736Z,"[{""jd_ut"":1697935.3963298863,""utc"":""-0064-09-08T21:30:42.902Z"",""motion"":""direct""},{""jd_ut"":1697984.8712666584,""utc"":""-0064-10-28T08:54:37.439Z"",""motion"":""retrograde""},{""jd_ut"":1698225.6351781958,""utc"":""-0063-06-26T03:14:39.396Z"",""motion"":""direct""},{""jd_ut"":1698444.8773274287,""utc"":""-0062-01-31T09:03:21.090Z"",""motion"":""retrograde""},{""jd_ut"":1698522.653432306,""utc"":""-0062-04-19T03:40:56.551Z"",""motion"":""direct""}]",5
W20.05,W20,20,5,Leo,120,1703036.7333997185,-0050-08-28T05:36:05.736Z,1708159.2837702502,-0036-09-05T18:48:37.750Z,"[{""jd_ut"":1703036.7333997185,""utc"":""-0050-08-28T05:36:05.736Z"",""motion"":""direct""},{""jd_ut"":1703175.4386612894,""utc"":""-0049-01-13T22:31:40.335Z"",""motion"":""retrograde""},{""jd_ut"":1703342.556993919,""utc"":""-0049-06-30T01:22:04.275Z"",""motion"":""direct""}]",3
W20.06,W20,20,6,Virgo,150,1708159.2837702502,-0036-09-05T18:48:37.750Z,1712990.7332689948,-0023-11-28T05:35:54.441Z,"[{""jd_ut"":1708159.2837702502,""utc"":""-0036-09-05T18:48:37.750Z"",""motion"":""direct""},{""jd_ut"":1708347.8496267428,""utc"":""-0035-03-13T08:23:27.751Z"",""motion"":""retrograde""},{""jd_ut"":1708463.3787973034,""utc"":""-0035-07-06T21:05:28.087Z"",""motion"":""direct""}]",3
W20.07,W20,20,7,Libra,180,1712990.7332689948,-0023-11-28T05:35:54.441Z,1718114.2632328006,-0009-12-08T18:19:03.314Z,"[{""jd_ut"":1712990.7332689948,""utc"":""-0023-11-28T05:35:54.441Z"",""motion"":""direct""},{""jd_ut"":1713059.9968883162,""utc"":""-0022-02-05T11:55:31.151Z"",""motion"":""retrograde""},{""jd_ut"":1713288.3840990714,""utc"":""-0022-09-21T21:13:06.160Z"",""motion"":""direct""},{""jd_ut"":1713519.6868480565,""utc"":""-0021-05-11T04:29:03.672Z"",""motion"":""retrograde""},{""jd_ut"":1713582.7339339303,""utc"":""-0021-07-13T05:36:51.892Z"",""motion"":""direct""}]",5
W20.08,W20,20,8,Scorpio,210,1718114.2632328006,-0009-12-08T18:19:03.314Z,1723241.8933720207,0005-12-22T09:26:27.343Z,"[{""jd_ut"":1718114.2632328006,""utc"":""-0009-12-08T18:19:03.314Z"",""motion"":""direct""},{""jd_ut"":1718226.5357962423,""utc"":""-0008-03-30T00:51:32.795Z"",""motion"":""retrograde""},{""jd_ut"":1718419.6335618682,""utc"":""-0008-10-09T03:12:19.745Z"",""motion"":""direct""}]",3
W20.09,W20,20,9,Sagittarius,240,1723241.8933720207,0005-12-22T09:26:27.343Z,1728367.2111415076,0020-01-03T17:04:02.626Z,"[{""jd_ut"":1723241.8933720207,""utc"":""0005-12-22T09:26:27.343Z"",""motion"":""direct""},{""jd_ut"":1723390.609500004,""utc"":""0006-05-20T02:37:40.800Z"",""motion"":""retrograde""},{""jd_ut"":1723549.6169769354,""utc"":""0006-10-26T02:48:26.807Z"",""motion"":""direct""}]",3
W20.10,W20,20,10,Capricorn,270,1728367.2111415076,0020-01-03T17:04:02.626Z,1733185.0054966398,0033-03-13T12:07:54.910Z,"[{""jd_ut"":1728367.2111415076,""utc"":""0020-01-03T17:04:02.626Z"",""motion"":""direct""},{""jd_ut"":1728561.2783980244,""utc"":""0020-07-15T18:40:53.589Z"",""motion"":""retrograde""},{""jd_ut"":1728672.3316804324,""utc"":""0020-11-03T19:57:37.189Z"",""motion"":""direct""}]",3
W20.11,W20,20,11,Aquarius,300,1733185.0054966398,0033-03-13T12:07:54.910Z,1738293.692862486,0047-03-09T04:37:43.319Z,"[{""jd_ut"":1733185.0054966398,""utc"":""0033-03-13T12:07:54.910Z"",""motion"":""direct""},{""jd_ut"":1733288.617494069,""utc"":""0033-06-25T02:49:11.488Z"",""motion"":""retrograde""},{""jd_ut"":1733488.0473709493,""utc"":""0034-01-10T13:08:12.850Z"",""motion"":""direct""}]",3
W20.12,W20,20,12,Pisces,330,1738293.692862486,0047-03-09T04:37:43.319Z,1743096.0799429598,0060-05-01T13:55:07.072Z,"[{""jd_ut"":1738293.692862486,""utc"":""0047-03-09T04:37:43.319Z"",""motion"":""direct""},{""jd_ut"":1738477.7377505852,""utc"":""0047-09-09T05:42:21.651Z"",""motion"":""retrograde""},{""jd_ut"":1738599.0349017787,""utc"":""0048-01-08T12:50:15.514Z"",""motion"":""direct""}]",3
W21.01,W21,21,1,Aries,0,1743096.0799429598,0060-05-01T13:55:07.072Z,1747904.2179545388,0073-06-30T17:13:51.272Z,"[{""jd_ut"":1743096.0799429598,""utc"":""0060-05-01T13:55:07.072Z"",""motion"":""direct""},{""jd_ut"":1743225.7031777576,""utc"":""0060-09-08T04:52:34.558Z"",""motion"":""retrograde""},{""jd_ut"":1743400.909917153,""utc"":""0061-03-02T09:50:16.842Z"",""motion"":""direct""}]",3
W21.02,W21,21,2,Taurus,30,1747904.2179545388,0073-06-30T17:13:51.272Z,1752997.6510490198,0087-06-11T03:37:30.635Z,"[{""jd_ut"":1747904.2179545388,""utc"":""0073-06-30T17:13:51.272Z"",""motion"":""direct""},{""jd_ut"":1747971.6864611665,""utc"":""0073-09-06T04:28:30.245Z"",""motion"":""retrograde""},{""jd_ut"":1748198.5849885852,""utc"":""0074-04-21T02:02:23.014Z"",""motion"":""direct""},{""jd_ut"":1748431.026871561,""utc"":""0074-12-09T12:38:41.703Z"",""motion"":""retrograde""},{""jd_ut"":1748492.5126104928,""utc"":""0075-02-09T00:18:09.547Z"",""motion"":""direct""}]",5
W21.03,W21,21,3,Gemini,60,1752997.6510490198,0087-06-11T03:37:30.635Z,1757804.2376562473,0100-08-08T17:42:13.500Z,"[{""jd_ut"":1752997.6510490198,""utc"":""0087-06-11T03:37:30.635Z"",""motion"":""direct""},{""jd_ut"":1753174.700534144,""utc"":""0087-12-05T04:48:46.150Z"",""motion"":""retrograde""},{""jd_ut"":1753302.0953280032,""utc"":""0088-04-10T14:17:16.339Z"",""motion"":""direct""}]",3
W21.04,W21,21,4,Cancer,90,1757804.2376562473,0100-08-08T17:42:13.500Z,1762917.6934608263,0114-08-09T04:38:35.015Z,"[{""jd_ut"":1757804.2376562473,""utc"":""0100-08-08T17:42:13.500Z"",""motion"":""direct""},{""jd_ut"":1757918.2039967543,""utc"":""0100-11-30T16:53:45.320Z"",""motion"":""retrograde""},{""jd_ut"":1758107.879330596,""utc"":""0101-06-08T09:06:14.163Z"",""motion"":""direct""}]",3
W21.05,W21,21,5,Leo,120,1762917.6934608263,0114-08-09T04:38:35.015Z,1767741.4083688157,0127-10-23T21:48:03.066Z,"[{""jd_ut"":1762917.6934608263,""utc"":""0114-08-09T04:38:35.015Z"",""motion"":""direct""},{""jd_ut"":1763100.1143608755,""utc"":""0115-02-07T14:44:40.780Z"",""motion"":""retrograde""},{""jd_ut"":1763222.0422751773,""utc"":""0115-06-09T13:00:52.575Z"",""motion"":""direct""}]",3
W21.06,W21,21,6,Virgo,150,1767741.4083688157,0127-10-23T21:48:03.066Z,1772863.7312967451,0141-11-01T05:33:04.039Z,"[{""jd_ut"":1767741.4083688157,""utc"":""0127-10-23T21:48:03.066Z"",""motion"":""direct""},{""jd_ut"":1767822.6034256406,""utc"":""0128-01-13T02:28:55.975Z"",""motion"":""retrograde""},{""jd_ut"":1768041.2176472764,""utc"":""0128-08-18T17:13:24.725Z"",""motion"":""direct""},{""jd_ut"":1768284.0564680984,""utc"":""0129-04-18T13:21:18.844Z"",""motion"":""retrograde""},{""jd_ut"":1768329.7183263805,""utc"":""0129-06-03T05:14:23.399Z"",""motion"":""direct""}]",5
W21.07,W21,21,7,Libra,180,1772863.7312967451,0141-11-01T05:33:04.039Z,1777992.803798996,0155-11-17T07:17:28.233Z,"[{""jd_ut"":1772863.7312967451,""utc"":""0141-11-01T05:33:04.039Z"",""motion"":""direct""},{""jd_ut"":1772990.680218481,""utc"":""0142-03-08T04:19:30.877Z"",""motion"":""retrograde""},{""jd_ut"":1773170.054538805,""utc"":""0142-09-03T13:18:32.153Z"",""motion"":""direct""}]",3
W21.08,W21,21,8,Scorpio,210,1777992.803798996,0155-11-17T07:17:28.233Z,1783122.1197008686,0169-12-02T14:52:22.155Z,"[{""jd_ut"":1777992.803798996,""utc"":""0155-11-17T07:17:28.233Z"",""motion"":""direct""},{""jd_ut"":1778153.363893488,""utc"":""0156-04-25T20:44:00.397Z"",""motion"":""retrograde""},{""jd_ut"":1778300.0983378398,""utc"":""0156-09-19T14:21:36.389Z"",""motion"":""direct""}]",3
W21.09,W21,21,9,Sagittarius,240,1783122.1197008686,0169-12-02T14:52:22.155Z,1787948.333121452,0183-02-18T19:59:41.693Z,"[{""jd_ut"":1783122.1197008686,""utc"":""0169-12-02T14:52:22.155Z"",""motion"":""direct""},{""jd_ut"":1783318.986944682,""utc"":""0170-06-17T11:41:12.021Z"",""motion"":""retrograde""},{""jd_ut"":1783426.5426544459,""utc"":""0170-10-03T01:01:25.344Z"",""motion"":""direct""}]",3
W21.10,W21,21,10,Capricorn,270,1787948.333121452,0183-02-18T19:59:41.693Z,1793062.12642217,0197-02-18T15:02:02.875Z,"[{""jd_ut"":1787948.333121452,""utc"":""0183-02-18T19:59:41.693Z"",""motion"":""direct""},{""jd_ut"":1788035.2963988823,""utc"":""0183-05-16T19:06:48.863Z"",""motion"":""retrograde""},{""jd_ut"":1788249.1173352716,""utc"":""0183-12-16T14:48:57.767Z"",""motion"":""direct""},{""jd_ut"":1788501.0563531797,""utc"":""0184-08-24T13:21:08.915Z"",""motion"":""retrograde""},{""jd_ut"":1788536.1702453084,""utc"":""0184-09-28T16:05:09.195Z"",""motion"":""direct""}]",5
W21.11,W21,21,11,Aquarius,300,1793062.12642217,0197-02-18T15:02:02.875Z,1797879.688864675,0210-04-30T04:31:57.908Z,"[{""jd_ut"":1793062.12642217,""utc"":""0197-02-18T15:02:02.875Z"",""motion"":""direct""},{""jd_ut"":1793216.1558321752,""utc"":""0197-07-22T15:44:23.900Z"",""motion"":""retrograde""},{""jd_ut"":1793369.110345902,""utc"":""0197-12-22T14:38:53.886Z"",""motion"":""direct""}]",3
W21.12,W21,21,12,Pisces,330,1797879.688864675,0210-04-30T04:31:57.908Z,1802975.9737796262,0224-04-12T11:22:14.560Z,"[{""jd_ut"":1797879.688864675,""utc"":""0210-04-30T04:31:57.908Z"",""motion"":""direct""},{""jd_ut"":1797949.6184086134,""utc"":""0210-07-09T02:50:30.504Z"",""motion"":""retrograde""},{""jd_ut"":1798175.2508839215,""utc"":""0211-02-19T18:01:16.371Z"",""motion"":""direct""},{""jd_ut"":1798410.2371102334,""utc"":""0211-10-12T17:41:26.324Z"",""motion"":""retrograde""},{""jd_ut"":1798470.0440304526,""utc"":""0211-12-11T13:03:24.231Z"",""motion"":""direct""}]",5
W22.01,W22,22,1,Aries,0,1802975.9737796262,0224-04-12T11:22:14.560Z,1807776.3263590722,0237-06-03T19:49:57.424Z,"[{""jd_ut"":1802975.9737796262,""utc"":""0224-04-12T11:22:14.560Z"",""motion"":""direct""},{""jd_ut"":1803150.6456500082,""utc"":""0224-10-04T03:29:44.161Z"",""motion"":""retrograde""},{""jd_ut"":1803281.3860823824,""utc"":""0225-02-11T21:15:57.518Z"",""motion"":""direct""}]",3
W22.02,W22,22,2,Taurus,30,1807776.3263590722,0237-06-03T19:49:57.424Z,1812587.464897432,0250-08-05T23:09:27.138Z,"[{""jd_ut"":1807776.3263590722,""utc"":""0237-06-03T19:49:57.424Z"",""motion"":""direct""},{""jd_ut"":1807902.1060641413,""utc"":""0237-10-07T14:32:43.942Z"",""motion"":""retrograde""},{""jd_ut"":1808080.4930639663,""utc"":""0238-04-03T23:50:00.727Z"",""motion"":""direct""}]",3
W22.03,W22,22,3,Gemini,60,1812587.464897432,0250-08-05T23:09:27.138Z,1817682.7227043048,0264-07-18T05:20:41.652Z,"[{""jd_ut"":1812587.464897432,""utc"":""0250-08-05T23:09:27.138Z"",""motion"":""direct""},{""jd_ut"":1812644.8386795656,""utc"":""0250-10-02T08:07:41.914Z"",""motion"":""retrograde""},{""jd_ut"":1812879.4570571338,""utc"":""0251-05-24T22:58:09.736Z"",""motion"":""direct""},{""jd_ut"":1813103.7921793289,""utc"":""0252-01-04T07:00:44.294Z"",""motion"":""retrograde""},{""jd_ut"":1813175.6200002036,""utc"":""0252-03-16T02:52:48.018Z"",""motion"":""direct""}]",5
W22.04,W22,22,4,Cancer,90,1817682.7227043048,0264-07-18T05:20:41.652Z,1822500.9011239354,0277-09-26T09:37:37.108Z,"[{""jd_ut"":1817682.7227043048,""utc"":""0264-07-18T05:20:41.652Z"",""motion"":""direct""},{""jd_ut"":1817843.7208149992,""utc"":""0264-12-26T05:17:58.416Z"",""motion"":""retrograde""},{""jd_ut"":1817988.257130925,""utc"":""0265-05-19T18:10:16.112Z"",""motion"":""direct""}]",3
W22.05,W22,22,5,Leo,120,1822500.9011239354,0277-09-26T09:37:37.108Z,1827616.0805449262,0291-09-28T13:55:59.082Z,"[{""jd_ut"":1822500.9011239354,""utc"":""0277-09-26T09:37:37.108Z"",""motion"":""direct""},{""jd_ut"":1822575.548268632,""utc"":""0277-12-10T01:09:30.410Z"",""motion"":""retrograde""},{""jd_ut"":1822798.7406121665,""utc"":""0278-07-21T05:46:28.891Z"",""motion"":""direct""},{""jd_ut"":1823034.2072113762,""utc"":""0279-03-13T16:58:23.063Z"",""motion"":""retrograde""},{""jd_ut"":1823090.510607616,""utc"":""0279-05-09T00:15:16.498Z"",""motion"":""direct""}]",5
W22.06,W22,22,6,Virgo,150,1827616.0805449262,0291-09-28T13:55:59.082Z,1832742.7959867963,0305-10-12T07:06:13.259Z,"[{""jd_ut"":1827616.0805449262,""utc"":""0291-09-28T13:55:59.082Z"",""motion"":""direct""},{""jd_ut"":1827751.473366036,""utc"":""0292-02-10T23:21:38.826Z"",""motion"":""retrograde""},{""jd_ut"":1827922.4132119538,""utc"":""0292-07-30T21:55:01.513Z"",""motion"":""direct""}]",3
W22.07,W22,22,7,Libra,180,1832742.7959867963,0305-10-12T07:06:13.259Z,1837587.7856460158,0319-01-17T06:51:19.816Z,"[{""jd_ut"":1832742.7959867963,""utc"":""0305-10-12T07:06:13.259Z"",""motion"":""direct""},{""jd_ut"":1832917.7067079078,""utc"":""0306-04-05T04:57:39.563Z"",""motion"":""retrograde""},{""jd_ut"":1833048.8902251553,""utc"":""0306-08-14T09:21:55.453Z"",""motion"":""direct""}]",3
W22.08,W22,22,8,Scorpio,210,1837587.7856460158,0319-01-17T06:51:19.816Z,1842701.4370502667,0333-01-16T22:29:21.143Z,"[{""jd_ut"":1837587.7856460158,""utc"":""0319-01-17T06:51:19.816Z"",""motion"":""direct""},{""jd_ut"":1837617.2692947802,""utc"":""0319-02-15T18:27:47.069Z"",""motion"":""retrograde""},{""jd_ut"":1837873.305550986,""utc"":""0319-10-29T19:19:59.605Z"",""motion"":""direct""},{""jd_ut"":1838083.1631821846,""utc"":""0320-05-26T15:54:58.941Z"",""motion"":""retrograde""},{""jd_ut"":1838174.7918780763,""utc"":""0320-08-26T07:00:18.266Z"",""motion"":""direct""}]",5
W22.09,W22,22,9,Sagittarius,240,1842701.4370502667,0333-01-16T22:29:21.143Z,1847822.9678324037,0347-01-25T11:13:40.720Z,"[{""jd_ut"":1842701.4370502667,""utc"":""0333-01-16T22:29:21.143Z"",""motion"":""direct""},{""jd_ut"":1842793.9852094082,""utc"":""0333-04-19T11:38:42.093Z"",""motion"":""retrograde""},{""jd_ut"":1843003.811752513,""utc"":""0333-11-15T07:28:55.417Z"",""motion"":""direct""},{""jd_ut"":1843265.8094470012,""utc"":""0334-08-04T07:25:36.221Z"",""motion"":""retrograde""},{""jd_ut"":1843283.2181212842,""utc"":""0334-08-21T17:14:05.679Z"",""motion"":""direct""}]",5
W22.10,W22,22,10,Capricorn,270,1847822.9678324037,0347-01-25T11:13:40.720Z,1852942.9078064817,0361-01-31T09:47:14.480Z,"[{""jd_ut"":1847822.9678324037,""utc"":""0347-01-25T11:13:40.720Z"",""motion"":""direct""},{""jd_ut"":1847965.2336960337,""utc"":""0347-06-16T17:36:31.337Z"",""motion"":""retrograde""},{""jd_ut"":1848130.1013988117,""utc"":""0347-11-28T14:26:00.857Z"",""motion"":""direct""}]",3
W22.11,W22,22,11,Aquarius,300,1852942.9078064817,0361-01-31T09:47:14.480Z,1857751.6529864036,0374-04-02T03:40:18.025Z,"[{""jd_ut"":1852942.9078064817,""utc"":""0361-01-31T09:47:14.480Z"",""motion"":""direct""},{""jd_ut"":1853143.5344250794,""utc"":""0361-08-20T00:49:34.327Z"",""motion"":""retrograde""},{""jd_ut"":1853246.6953348801,""utc"":""0361-12-01T04:41:16.934Z"",""motion"":""direct""}]",3
W22.12,W22,22,12,Pisces,330,1857751.6529864036,0374-04-02T03:40:18.025Z,1862568.3541938467,0387-06-09T20:30:02.348Z,"[{""jd_ut"":1857751.6529864036,""utc"":""0374-04-02T03:40:18.025Z"",""motion"":""direct""},{""jd_ut"":1857881.0001701163,""utc"":""0374-08-09T12:00:14.698Z"",""motion"":""retrograde""},{""jd_ut"":1858056.8740921333,""utc"":""0375-02-01T08:58:41.560Z"",""motion"":""direct""}]",3
W23.01,W23,23,1,Aries,0,1862568.3541938467,0387-06-09T20:30:02.348Z,1867656.0298853861,0401-05-14T12:43:02.097Z,"[{""jd_ut"":1862568.3541938467,""utc"":""0387-06-09T20:30:02.348Z"",""motion"":""direct""},{""jd_ut"":1862617.8891673856,""utc"":""0387-07-29T09:20:24.062Z"",""motion"":""retrograde""},{""jd_ut"":1862857.4343913659,""utc"":""0388-03-24T22:25:31.414Z"",""motion"":""direct""},{""jd_ut"":1863080.0845795786,""utc"":""0388-11-02T14:01:47.676Z"",""motion"":""retrograde""},{""jd_ut"":1863155.309148929,""utc"":""0389-01-16T19:25:10.467Z"",""motion"":""direct""}]",5
W23.02,W23,23,2,Taurus,30,1867656.0298853861,0401-05-14T12:43:02.097Z,1872457.0506656729,0414-07-06T13:12:57.514Z,"[{""jd_ut"":1867656.0298853861,""utc"":""0401-05-14T12:43:02.097Z"",""motion"":""direct""},{""jd_ut"":1867826.8307597823,""utc"":""0401-11-01T07:56:17.645Z"",""motion"":""retrograde""},{""jd_ut"":1867961.0965182316,""utc"":""0402-03-15T14:18:59.175Z"",""motion"":""direct""}]",3
W23.03,W23,23,3,Gemini,60,1872457.0506656729,0414-07-06T13:12:57.514Z,1877284.2192914882,0427-09-23T17:15:46.785Z,"[{""jd_ut"":1872457.0506656729,""utc"":""0414-07-06T13:12:57.514Z"",""motion"":""direct""},{""jd_ut"":1872577.6539805457,""utc"":""0414-11-04T03:41:43.919Z"",""motion"":""retrograde""},{""jd_ut"":1872760.80511586,""utc"":""0415-05-06T07:19:22.010Z"",""motion"":""direct""}]",3
W23.04,W23,23,4,Cancer,90,1877284.2192914882,0427-09-23T17:15:46.785Z,1882374.2308827708,0441-08-30T17:32:28.271Z,"[{""jd_ut"":1877284.2192914882,""utc"":""0427-09-23T17:15:46.785Z"",""motion"":""direct""},{""jd_ut"":1877303.805715776,""utc"":""0427-10-13T07:20:13.843Z"",""motion"":""retrograde""},{""jd_ut"":1877563.365108647,""utc"":""0428-06-28T20:45:45.387Z"",""motion"":""direct""},{""jd_ut"":1877771.681767154,""utc"":""0429-01-23T04:21:44.682Z"",""motion"":""retrograde""},{""jd_ut"":1877863.4330071714,""utc"":""0429-04-24T22:23:31.820Z"",""motion"":""direct""}]",5
W23.05,W23,23,5,Leo,120,1882374.2308827708,0441-08-30T17:32:28.271Z,1887494.954488886,0455-09-07T10:54:27.840Z,"[{""jd_ut"":1882374.2308827708,""utc"":""0441-08-30T17:32:28.271Z"",""motion"":""direct""},{""jd_ut"":1882505.337546234,""utc"":""0442-01-08T20:06:03.995Z"",""motion"":""retrograde""},{""jd_ut"":1882679.6758243782,""utc"":""0442-07-02T04:13:11.226Z"",""motion"":""direct""}]",3
W23.06,W23,23,6,Virgo,150,1887494.954488886,0455-09-07T10:54:27.840Z,1892326.042800977,0468-11-28T13:01:38.004Z,"[{""jd_ut"":1887494.954488886,""utc"":""0455-09-07T10:54:27.840Z"",""motion"":""direct""},{""jd_ut"":1887679.2367211953,""utc"":""0456-03-09T17:40:52.711Z"",""motion"":""retrograde""},{""jd_ut"":1887799.6436800584,""utc"":""0456-07-08T03:26:53.957Z"",""motion"":""direct""}]",3
W23.07,W23,23,7,Libra,180,1892326.042800977,0468-11-28T13:01:38.004Z,1897448.7450739709,0482-12-08T05:52:54.391Z,"[{""jd_ut"":1892326.042800977,""utc"":""0468-11-28T13:01:38.004Z"",""motion"":""direct""},{""jd_ut"":1892392.699070068,""utc"":""0469-02-03T04:46:39.654Z"",""motion"":""retrograde""},{""jd_ut"":1892623.28174672,""utc"":""0469-09-21T18:45:42.917Z"",""motion"":""direct""},{""jd_ut"":1892851.0545187318,""utc"":""0470-05-07T13:18:30.418Z"",""motion"":""retrograde""},{""jd_ut"":1892919.1001512446,""utc"":""0470-07-14T14:24:13.068Z"",""motion"":""direct""}]",5
W23.08,W23,23,8,Scorpio,210,1897448.7450739709,0482-12-08T05:52:54.391Z,1902576.4777226443,0496-12-21T23:27:55.236Z,"[{""jd_ut"":1897448.7450739709,""utc"":""0482-12-08T05:52:54.391Z"",""motion"":""direct""},{""jd_ut"":1897560.0152750788,""utc"":""0483-03-29T12:21:59.767Z"",""motion"":""retrograde""},{""jd_ut"":1897754.0593129466,""utc"":""0483-10-09T13:25:24.639Z"",""motion"":""direct""}]",3
W23.09,W23,23,9,Sagittarius,240,1902576.4777226443,0496-12-21T23:27:55.236Z,1907702.96938321,0511-01-05T11:15:54.709Z,"[{""jd_ut"":1902576.4777226443,""utc"":""0496-12-21T23:27:55.236Z"",""motion"":""direct""},{""jd_ut"":1902723.8894409258,""utc"":""0497-05-18T09:20:47.696Z"",""motion"":""retrograde""},{""jd_ut"":1902884.11480011,""utc"":""0497-10-25T14:45:18.730Z"",""motion"":""direct""}]",3
W23.10,W23,23,10,Capricorn,270,1907702.96938321,0511-01-05T11:15:54.709Z,1912522.192524714,0524-03-16T16:37:14.135Z,"[{""jd_ut"":1907702.96938321,""utc"":""0511-01-05T11:15:54.709Z"",""motion"":""direct""},{""jd_ut"":1907892.63967307,""utc"":""0511-07-14T03:21:07.753Z"",""motion"":""retrograde""},{""jd_ut"":1908008.5095997462,""utc"":""0511-11-07T00:13:49.418Z"",""motion"":""direct""}]",3
W23.11,W23,23,11,Aquarius,300,1912522.192524714,0524-03-16T16:37:14.135Z,1917631.0349195874,0538-03-12T12:50:17.052Z,"[{""jd_ut"":1912522.192524714,""utc"":""0524-03-16T16:37:14.135Z"",""motion"":""direct""},{""jd_ut"":1912618.8350765728,""utc"":""0524-06-21T08:02:30.616Z"",""motion"":""retrograde""},{""jd_ut"":1912824.1772819427,""utc"":""0525-01-12T16:15:17.160Z"",""motion"":""direct""}]",3
W23.12,W23,23,12,Pisces,330,1917631.0349195874,0538-03-12T12:50:17.052Z,1922436.3713328224,0551-05-08T20:54:43.156Z,"[{""jd_ut"":1917631.0349195874,""utc"":""0538-03-12T12:50:17.052Z"",""motion"":""direct""},{""jd_ut"":1917807.0791675556,""utc"":""0538-09-04T13:54:00.077Z"",""motion"":""retrograde""},{""jd_ut"":1917936.9051336376,""utc"":""0539-01-12T09:43:23.546Z"",""motion"":""direct""}]",3
W24.01,W24,24,1,Aries,0,1922436.3713328224,0551-05-08T20:54:43.156Z,1927251.0134150954,0564-07-13T12:19:19.064Z,"[{""jd_ut"":1922436.3713328224,""utc"":""0551-05-08T20:54:43.156Z"",""motion"":""direct""},{""jd_ut"":1922552.4060117137,""utc"":""0551-09-01T21:44:39.412Z"",""motion"":""retrograde""},{""jd_ut"":1922739.7100129658,""utc"":""0552-03-07T05:02:25.120Z"",""motion"":""direct""}]",3
W24.02,W24,24,2,Taurus,30,1927251.0134150954,0564-07-13T12:19:19.064Z,1932336.1177332718,0578-06-15T14:49:32.155Z,"[{""jd_ut"":1927251.0134150954,""utc"":""0564-07-13T12:19:19.064Z"",""motion"":""direct""},{""jd_ut"":1927292.2778949467,""utc"":""0564-08-23T18:40:10.123Z"",""motion"":""retrograde""},{""jd_ut"":1927537.264693161,""utc"":""0565-04-25T18:21:09.489Z"",""motion"":""direct""},{""jd_ut"":1927755.4578274502,""utc"":""0565-11-29T22:59:16.292Z"",""motion"":""retrograde""},{""jd_ut"":1927835.6295026168,""utc"":""0566-02-18T03:06:29.026Z"",""motion"":""direct""}]",5
W24.03,W24,24,3,Gemini,60,1932336.1177332718,0578-06-15T14:49:32.155Z,1937142.7512527215,0591-08-13T06:01:48.235Z,"[{""jd_ut"":1932336.1177332718,""utc"":""0578-06-15T14:49:32.155Z"",""motion"":""direct""},{""jd_ut"":1932502.7894552252,""utc"":""0578-11-29T06:56:48.931Z"",""motion"":""retrograde""},{""jd_ut"":1932641.1222943766,""utc"":""0579-04-16T14:56:06.234Z"",""motion"":""direct""}]",3
W24.04,W24,24,4,Cancer,90,1937142.7512527215,0591-08-13T06:01:48.235Z,1942253.3120575193,0605-08-10T19:29:21.770Z,"[{""jd_ut"":1937142.7512527215,""utc"":""0591-08-13T06:01:48.235Z"",""motion"":""direct""},{""jd_ut"":1937247.4055727362,""utc"":""0591-11-25T21:44:01.484Z"",""motion"":""retrograde""},{""jd_ut"":1937444.8748877598,""utc"":""0592-06-10T08:59:50.302Z"",""motion"":""direct""}]",3
W24.05,W24,24,5,Leo,120,1942253.3120575193,0605-08-10T19:29:21.770Z,1947076.2366475533,0618-10-24T17:40:46.349Z,"[{""jd_ut"":1942253.3120575193,""utc"":""0605-08-10T19:29:21.770Z"",""motion"":""direct""},{""jd_ut"":1942431.9156148657,""utc"":""0606-02-05T09:58:29.124Z"",""motion"":""retrograde""},{""jd_ut"":1942557.9310170338,""utc"":""0606-06-11T10:20:39.872Z"",""motion"":""direct""}]",3
W24.06,W24,24,6,Virgo,150,1947076.2366475533,0618-10-24T17:40:46.349Z,1952196.5962671703,0632-10-31T02:18:37.484Z,"[{""jd_ut"":1947076.2366475533,""utc"":""0618-10-24T17:40:46.349Z"",""motion"":""direct""},{""jd_ut"":1947155.9582086992,""utc"":""0619-01-12T10:59:49.232Z"",""motion"":""retrograde""},{""jd_ut"":1947375.671587315,""utc"":""0619-08-20T04:07:05.144Z"",""motion"":""direct""},{""jd_ut"":1947616.1090456275,""utc"":""0620-04-16T14:37:01.542Z"",""motion"":""retrograde""},{""jd_ut"":1947665.4789055646,""utc"":""0620-06-04T23:29:37.441Z"",""motion"":""direct""}]",5
W24.07,W24,24,7,Libra,180,1952196.5962671703,0632-10-31T02:18:37.484Z,1957325.89669378,0646-11-16T09:31:14.343Z,"[{""jd_ut"":1952196.5962671703,""utc"":""0632-10-31T02:18:37.484Z"",""motion"":""direct""},{""jd_ut"":1952326.1594579061,""utc"":""0633-03-09T15:49:37.163Z"",""motion"":""retrograde""},{""jd_ut"":1952503.0806076522,""utc"":""0633-09-02T13:56:04.501Z"",""motion"":""direct""}]",3
W24.08,W24,24,8,Scorpio,210,1957325.89669378,0646-11-16T09:31:14.343Z,1962456.1603082689,0660-12-02T15:50:50.634Z,"[{""jd_ut"":1957325.89669378,""utc"":""0646-11-16T09:31:14.343Z"",""motion"":""direct""},{""jd_ut"":1957488.5533094164,""utc"":""0647-04-28T01:16:45.934Z"",""motion"":""retrograde""},{""jd_ut"":1957633.1999485986,""utc"":""0647-09-19T16:47:55.559Z"",""motion"":""direct""}]",3
W24.09,W24,24,9,Sagittarius,240,1962456.1603082689,0660-12-02T15:50:50.634Z,1967282.4192756512,0674-02-18T22:03:45.416Z,"[{""jd_ut"":1962456.1603082689,""utc"":""0660-12-02T15:50:50.634Z"",""motion"":""direct""},{""jd_ut"":1962652.8178382865,""utc"":""0661-06-17T07:37:41.228Z"",""motion"":""retrograde""},{""jd_ut"":1962760.6808666103,""utc"":""0661-10-03T04:20:26.875Z"",""motion"":""direct""}]",3
W24.10,W24,24,10,Capricorn,270,1967282.4192756512,0674-02-18T22:03:45.416Z,1972397.9454005891,0688-02-21T10:41:22.611Z,"[{""jd_ut"":1967282.4192756512,""utc"":""0674-02-18T22:03:45.416Z"",""motion"":""direct""},{""jd_ut"":1967368.9580456004,""utc"":""0674-05-16T10:59:35.140Z"",""motion"":""retrograde""},{""jd_ut"":1967583.5282321218,""utc"":""0674-12-17T00:40:39.255Z"",""motion"":""direct""},{""jd_ut"":1967833.2671436802,""utc"":""0675-08-23T18:24:41.214Z"",""motion"":""retrograde""},{""jd_ut"":1967871.9281185558,""utc"":""0675-10-01T10:16:29.443Z"",""motion"":""direct""}]",5
W24.11,W24,24,11,Aquarius,300,1972397.9454005891,0688-02-21T10:41:22.611Z,1977220.8305209777,0701-05-07T07:55:57.012Z,"[{""jd_ut"":1972397.9454005891,""utc"":""0688-02-21T10:41:22.611Z"",""motion"":""direct""},{""jd_ut"":1972547.5998084396,""utc"":""0688-07-20T02:23:43.449Z"",""motion"":""retrograde""},{""jd_ut"":1972705.0802079313,""utc"":""0688-12-24T13:55:29.965Z"",""motion"":""direct""}]",3
W24.12,W24,24,12,Pisces,330,1977220.8305209777,0701-05-07T07:55:57.012Z,1982314.4929237133,0715-04-17T23:49:48.609Z,"[{""jd_ut"":1977220.8305209777,""utc"":""0701-05-07T07:55:57.012Z"",""motion"":""direct""},{""jd_ut"":1977275.7072549965,""utc"":""0701-07-01T04:58:26.832Z"",""motion"":""retrograde""},{""jd_ut"":1977512.326917389,""utc"":""0702-02-22T19:50:45.662Z"",""motion"":""direct""},{""jd_ut"":1977737.614638512,""utc"":""0702-10-06T02:45:04.767Z"",""motion"":""retrograde""},{""jd_ut"":1977810.2529777093,""utc"":""0702-12-17T18:04:17.274Z"",""motion"":""direct""}]",5
W25.01,W25,25,1,Aries,0,1982314.4929237133,0715-04-17T23:49:48.609Z,1987116.619271513,0728-06-10T02:51:45.059Z,"[{""jd_ut"":1982314.4929237133,""utc"":""0715-04-17T23:49:48.609Z"",""motion"":""direct""},{""jd_ut"":1982478.5628285958,""utc"":""0715-09-29T01:30:28.391Z"",""motion"":""retrograde""},{""jd_ut"":1982620.4180709035,""utc"":""0716-02-17T22:02:01.326Z"",""motion"":""direct""}]",3
W25.02,W25,25,2,Taurus,30,1987116.619271513,0728-06-10T02:51:45.059Z,1991934.7578004017,0741-08-19T06:11:13.955Z,"[{""jd_ut"":1987116.619271513,""utc"":""0728-06-10T02:51:45.059Z"",""motion"":""direct""},{""jd_ut"":1987228.8224837831,""utc"":""0728-09-30T07:44:22.599Z"",""motion"":""retrograde""},{""jd_ut"":1987419.357821695,""utc"":""0729-04-08T20:35:15.794Z"",""motion"":""direct""}]",3
W25.03,W25,25,3,Gemini,60,1991934.7578004017,0741-08-19T06:11:13.955Z,1997020.4471139805,0755-07-22T22:43:50.648Z,"[{""jd_ut"":1991934.7578004017,""utc"":""0741-08-19T06:11:13.955Z"",""motion"":""direct""},{""jd_ut"":1991965.1572341416,""utc"":""0741-09-18T15:46:25.030Z"",""motion"":""retrograde""},{""jd_ut"":1992217.3373426343,""utc"":""0742-05-28T20:05:46.404Z"",""motion"":""direct""},{""jd_ut"":1992430.5878853719,""utc"":""0742-12-28T02:06:33.296Z"",""motion"":""retrograde""},{""jd_ut"":1992516.3390543438,""utc"":""0743-03-23T20:08:14.295Z"",""motion"":""direct""}]",5
W25.04,W25,25,4,Cancer,90,1997020.4471139805,0755-07-22T22:43:50.648Z,2001838.9431865728,0768-09-30T10:38:11.320Z,"[{""jd_ut"":1997020.4471139805,""utc"":""0755-07-22T22:43:50.648Z"",""motion"":""direct""},{""jd_ut"":1997173.207645773,""utc"":""0755-12-22T16:59:00.595Z"",""motion"":""retrograde""},{""jd_ut"":1997325.8177600498,""utc"":""0756-05-23T07:37:34.468Z"",""motion"":""direct""}]",3
W25.05,W25,25,5,Leo,120,2001838.9431865728,0768-09-30T10:38:11.320Z,2006949.6548118317,0782-09-28T03:42:55.742Z,"[{""jd_ut"":2001838.9431865728,""utc"":""0768-09-30T10:38:11.320Z"",""motion"":""direct""},{""jd_ut"":2001905.5732976105,""utc"":""0768-12-06T01:45:32.914Z"",""motion"":""retrograde""},{""jd_ut"":2002134.4640829065,""utc"":""0769-07-22T23:08:16.763Z"",""motion"":""direct""},{""jd_ut"":2002364.1439025048,""utc"":""0770-03-09T15:27:13.176Z"",""motion"":""retrograde""},{""jd_ut"":2002428.2148456983,""utc"":""0770-05-12T17:09:22.668Z"",""motion"":""direct""}]",5
W25.06,W25,25,6,Virgo,150,2006949.6548118317,0782-09-28T03:42:55.742Z,2012075.800866602,0796-10-10T07:13:14.874Z,"[{""jd_ut"":2006949.6548118317,""utc"":""0782-09-28T03:42:55.742Z"",""motion"":""direct""},{""jd_ut"":2007086.256386564,""utc"":""0783-02-11T18:09:11.799Z"",""motion"":""retrograde""},{""jd_ut"":2007255.7400470464,""utc"":""0783-07-31T05:45:40.065Z"",""motion"":""direct""}]",3
W25.07,W25,25,7,Libra,180,2012075.800866602,0796-10-10T07:13:14.874Z,2016916.732446211,0810-01-11T05:34:43.353Z,"[{""jd_ut"":2012075.800866602,""utc"":""0796-10-10T07:13:14.874Z"",""motion"":""direct""},{""jd_ut"":2012253.3142401609,""utc"":""0797-04-05T19:32:30.350Z"",""motion"":""retrograde""},{""jd_ut"":2012381.3927788972,""utc"":""0797-08-11T21:25:36.097Z"",""motion"":""direct""}]",3
W25.08,W25,25,8,Scorpio,210,2016916.732446211,0810-01-11T05:34:43.353Z,2022033.3713471727,0824-01-14T20:54:44.396Z,"[{""jd_ut"":2016916.732446211,""utc"":""0810-01-11T05:34:43.353Z"",""motion"":""direct""},{""jd_ut"":2016956.8046168475,""utc"":""0810-02-20T07:18:38.896Z"",""motion"":""retrograde""},{""jd_ut"":2017206.023582351,""utc"":""0810-10-27T12:33:57.515Z"",""motion"":""direct""},{""jd_ut"":2017419.6877020663,""utc"":""0811-05-29T04:30:17.459Z"",""motion"":""retrograde""},{""jd_ut"":2017506.3777441364,""utc"":""0811-08-23T21:03:57.093Z"",""motion"":""direct""}]",5
W25.09,W25,25,9,Sagittarius,240,2022033.3713471727,0824-01-14T20:54:44.396Z,2027156.525351754,0838-01-24T00:36:30.392Z,"[{""jd_ut"":2022033.3713471727,""utc"":""0824-01-14T20:54:44.396Z"",""motion"":""direct""},{""jd_ut"":2022130.2996053621,""utc"":""0824-04-20T19:11:25.903Z"",""motion"":""retrograde""},{""jd_ut"":2022336.7376583251,""utc"":""0824-11-13T05:42:13.679Z"",""motion"":""direct""}]",3
W25.10,W25,25,10,Capricorn,270,2027156.525351754,0838-01-24T00:36:30.392Z,2032277.7203271943,0852-02-01T05:17:16.270Z,"[{""jd_ut"":2027156.525351754,""utc"":""0838-01-24T00:36:30.392Z"",""motion"":""direct""},{""jd_ut"":2027299.5984387938,""utc"":""0838-06-16T02:21:45.112Z"",""motion"":""retrograde""},{""jd_ut"":2027463.9655107665,""utc"":""0838-11-27T11:10:20.130Z"",""motion"":""direct""}]",3
W25.11,W25,25,11,Aquarius,300,2032277.7203271943,0852-02-01T05:17:16.270Z,2037089.1208602483,0865-04-04T14:54:02.325Z,"[{""jd_ut"":2032277.7203271943,""utc"":""0852-02-01T05:17:16.270Z"",""motion"":""direct""},{""jd_ut"":2032476.0545821562,""utc"":""0852-08-17T13:18:35.898Z"",""motion"":""retrograde""},{""jd_ut"":2032582.0815327326,""utc"":""0852-12-01T13:57:24.428Z"",""motion"":""direct""}]",3
W25.12,W25,25,12,Pisces,330,2037089.1208602483,0865-04-04T14:54:02.325Z,2041918.2639929135,0878-06-24T18:20:08.988Z,"[{""jd_ut"":2037089.1208602483,""utc"":""0865-04-04T14:54:02.325Z"",""motion"":""direct""},{""jd_ut"":2037210.5502460077,""utc"":""0865-08-04T01:12:21.255Z"",""motion"":""retrograde""},{""jd_ut"":2037394.0271928934,""utc"":""0866-02-03T12:39:09.466Z"",""motion"":""direct""}]",3
W26.01,W26,26,1,Aries,0,2041918.2639929135,0878-06-24T18:20:08.988Z,2046994.3497125618,0892-05-17T20:23:35.165Z,"[{""jd_ut"":2041918.2639929135,""utc"":""0878-06-24T18:20:08.988Z"",""motion"":""direct""},{""jd_ut"":2041935.106358971,""utc"":""0878-07-11T14:33:09.415Z"",""motion"":""retrograde""},{""jd_ut"":2042195.3125890018,""utc"":""0879-03-28T19:30:07.690Z"",""motion"":""direct""},{""jd_ut"":2042406.601078371,""utc"":""0879-10-26T02:25:33.171Z"",""motion"":""retrograde""},{""jd_ut"":2042496.345935442,""utc"":""0880-01-23T20:18:08.822Z"",""motion"":""direct""}]",5
W26.02,W26,26,2,Taurus,30,2046994.3497125618,0892-05-17T20:23:35.165Z,2051797.3888265109,0905-07-12T21:19:54.611Z,"[{""jd_ut"":2046994.3497125618,""utc"":""0892-05-17T20:23:35.165Z"",""motion"":""direct""},{""jd_ut"":2047155.00854894,""utc"":""0892-10-25T12:12:18.628Z"",""motion"":""retrograde""},{""jd_ut"":2047299.9644915364,""utc"":""0893-03-19T11:08:52.069Z"",""motion"":""direct""}]",3
W26.03,W26,26,3,Gemini,60,2051797.3888265109,0905-07-12T21:19:54.611Z,2056900.969517563,0919-07-03T11:16:06.317Z,"[{""jd_ut"":2051797.3888265109,""utc"":""0905-07-12T21:19:54.611Z"",""motion"":""direct""},{""jd_ut"":2051904.4567299522,""utc"":""0905-10-27T22:57:41.468Z"",""motion"":""retrograde""},{""jd_ut"":2052099.575430341,""utc"":""0906-05-11T01:48:37.181Z"",""motion"":""direct""}]",3
W26.04,W26,26,4,Cancer,90,2056900.969517563,0919-07-03T11:16:06.317Z,2061710.630315911,0932-09-02T03:07:39.295Z,"[{""jd_ut"":2056900.969517563,""utc"":""0919-07-03T11:16:06.317Z"",""motion"":""direct""},{""jd_ut"":2057099.7306103427,""utc"":""0920-01-18T05:32:04.734Z"",""motion"":""retrograde""},{""jd_ut"":2057202.8436287977,""utc"":""0920-04-30T08:14:49.528Z"",""motion"":""direct""}]",3
W26.05,W26,26,5,Leo,120,2061710.630315911,0932-09-02T03:07:39.295Z,2066829.6401389823,0946-09-08T03:21:48.008Z,"[{""jd_ut"":2061710.630315911,""utc"":""0932-09-02T03:07:39.295Z"",""motion"":""direct""},{""jd_ut"":2061836.6384332515,""utc"":""0933-01-06T03:19:20.633Z"",""motion"":""retrograde""},{""jd_ut"":2062015.5984737799,""utc"":""0933-07-04T02:21:48.135Z"",""motion"":""direct""}]",3
W26.06,W26,26,6,Virgo,150,2066829.6401389823,0946-09-08T03:21:48.008Z,2071659.306529536,0959-11-28T19:21:24.152Z,"[{""jd_ut"":2066829.6401389823,""utc"":""0946-09-08T03:21:48.008Z"",""motion"":""direct""},{""jd_ut"":2067012.4563260293,""utc"":""0947-03-09T22:57:06.569Z"",""motion"":""retrograde""},{""jd_ut"":2067134.0585695673,""utc"":""0947-07-09T13:24:20.411Z"",""motion"":""direct""}]",3
W26.07,W26,26,7,Libra,180,2071659.306529536,0959-11-28T19:21:24.152Z,2076781.7913646395,0973-12-07T06:59:33.905Z,"[{""jd_ut"":2071659.306529536,""utc"":""0959-11-28T19:21:24.152Z"",""motion"":""direct""},{""jd_ut"":2071727.8861549892,""utc"":""0960-02-05T09:16:03.791Z"",""motion"":""retrograde""},{""jd_ut"":2071956.6220347127,""utc"":""0960-09-21T02:55:43.799Z"",""motion"":""direct""},{""jd_ut"":2072187.0385892894,""utc"":""0961-05-09T12:55:34.115Z"",""motion"":""retrograde""},{""jd_ut"":2072250.897208874,""utc"":""0961-07-12T09:31:58.847Z"",""motion"":""direct""}]",5
W26.08,W26,26,8,Scorpio,210,2076781.7913646395,0973-12-07T06:59:33.905Z,2081909.2391025554,0987-12-21T17:44:18.461Z,"[{""jd_ut"":2076781.7913646395,""utc"":""0973-12-07T06:59:33.905Z"",""motion"":""direct""},{""jd_ut"":2076895.320384298,""utc"":""0974-03-30T19:41:21.203Z"",""motion"":""retrograde""},{""jd_ut"":2077087.182613655,""utc"":""0974-10-08T16:22:57.820Z"",""motion"":""direct""}]",3
W26.09,W26,26,9,Sagittarius,240,2081909.2391025554,0987-12-21T17:44:18.461Z,2087036.3758692131,1002-01-04T21:01:15.100Z,"[{""jd_ut"":2081909.2391025554,""utc"":""0987-12-21T17:44:18.461Z"",""motion"":""direct""},{""jd_ut"":2082059.5995856985,""utc"":""0988-05-20T02:23:24.204Z"",""motion"":""retrograde""},{""jd_ut"":2082216.7475973638,""utc"":""0988-10-24T05:56:32.412Z"",""motion"":""direct""}]",3
W26.10,W26,26,10,Capricorn,270,2087036.3758692131,1002-01-04T21:01:15.100Z,2091858.0174432877,1015-03-19T12:25:07.100Z,"[{""jd_ut"":2087036.3758692131,""utc"":""1002-01-04T21:01:15.100Z"",""motion"":""direct""},{""jd_ut"":2087227.5816763313,""utc"":""1002-07-15T01:57:36.835Z"",""motion"":""retrograde""},{""jd_ut"":2087341.674922375,""utc"":""1002-11-06T04:11:53.293Z"",""motion"":""direct""}]",3
W26.11,W26,26,11,Aquarius,300,2091858.0174432877,1015-03-19T12:25:07.100Z,2096967.226459443,1029-03-14T17:26:06.096Z,"[{""jd_ut"":2091858.0174432877,""utc"":""1015-03-19T12:25:07.100Z"",""motion"":""direct""},{""jd_ut"":2091950.564645437,""utc"":""1015-06-20T01:33:05.366Z"",""motion"":""retrograde""},{""jd_ut"":2092159.4754358907,""utc"":""1016-01-14T23:24:37.661Z"",""motion"":""direct""},{""jd_ut"":2092421.6660900577,""utc"":""1016-10-03T03:59:10.181Z"",""motion"":""retrograde""},{""jd_ut"":2092439.9390854612,""utc"":""1016-10-21T10:32:16.984Z"",""motion"":""direct""}]",5
W26.12,W26,26,12,Pisces,330,2096967.226459443,1029-03-14T17:26:06.096Z,2101774.7177383304,1042-05-13T05:13:32.592Z,"[{""jd_ut"":2096967.226459443,""utc"":""1029-03-14T17:26:06.096Z"",""motion"":""direct""},{""jd_ut"":2097137.7954934514,""utc"":""1029-09-01T07:05:30.634Z"",""motion"":""retrograde""},{""jd_ut"":2097273.7251418326,""utc"":""1030-01-15T05:24:12.254Z"",""motion"":""direct""}]",3
W27.01,W27,27,1,Aries,0,2101774.7177383304,1042-05-13T05:13:32.592Z,2106875.6525099548,1056-04-30T03:39:36.860Z,"[{""jd_ut"":2101774.7177383304,""utc"":""1042-05-13T05:13:32.592Z"",""motion"":""direct""},{""jd_ut"":2101881.077239114,""utc"":""1042-08-27T13:51:13.459Z"",""motion"":""retrograde""},{""jd_ut"":2102077.1805462837,""utc"":""1043-03-11T16:19:59.199Z"",""motion"":""direct""}]",3
W27.02,W27,27,2,Taurus,30,2106875.6525099548,1056-04-30T03:39:36.860Z,2111674.746067263,1069-06-20T05:54:20.212Z,"[{""jd_ut"":2106875.6525099548,""utc"":""1056-04-30T03:39:36.860Z"",""motion"":""direct""},{""jd_ut"":2107081.4576288946,""utc"":""1056-11-21T22:58:59.136Z"",""motion"":""retrograde""},{""jd_ut"":2107177.0895367395,""utc"":""1057-02-25T14:08:55.974Z"",""motion"":""direct""}]",3
W27.03,W27,27,3,Gemini,60,2111674.746067263,1069-06-20T05:54:20.212Z,2116482.242568576,1082-08-18T17:49:17.925Z,"[{""jd_ut"":2111674.746067263,""utc"":""1069-06-20T05:54:20.212Z"",""motion"":""direct""},{""jd_ut"":2111830.6529958853,""utc"":""1069-11-23T03:40:18.844Z"",""motion"":""retrograde""},{""jd_ut"":2111980.2691616174,""utc"":""1070-04-21T18:27:35.564Z"",""motion"":""direct""}]",3
W27.04,W27,27,4,Cancer,90,2116482.242568576,1082-08-18T17:49:17.925Z,2121589.768206083,1096-08-12T06:26:13.006Z,"[{""jd_ut"":2116482.242568576,""utc"":""1082-08-18T17:49:17.925Z"",""motion"":""direct""},{""jd_ut"":2116575.239331467,""utc"":""1082-11-19T17:44:38.239Z"",""motion"":""retrograde""},{""jd_ut"":2116782.7455731863,""utc"":""1083-06-15T05:53:37.523Z"",""motion"":""direct""},{""jd_ut"":2117045.9844567217,""utc"":""1084-03-04T11:37:37.061Z"",""motion"":""retrograde""},{""jd_ut"":2117058.5701063517,""utc"":""1084-03-17T01:40:57.189Z"",""motion"":""direct""}]",5
W27.05,W27,27,5,Leo,120,2121589.768206083,1096-08-12T06:26:13.006Z,2126412.8038213877,1109-10-27T07:17:30.168Z,"[{""jd_ut"":2121589.768206083,""utc"":""1096-08-12T06:26:13.006Z"",""motion"":""direct""},{""jd_ut"":2121762.4018200664,""utc"":""1097-01-31T21:38:37.254Z"",""motion"":""retrograde""},{""jd_ut"":2121894.8780932575,""utc"":""1097-06-13T09:04:27.257Z"",""motion"":""direct""}]",3
W27.06,W27,27,6,Virgo,150,2126412.8038213877,1109-10-27T07:17:30.168Z,2131531.694117115,1123-11-02T04:39:31.719Z,"[{""jd_ut"":2126412.8038213877,""utc"":""1109-10-27T07:17:30.168Z"",""motion"":""direct""},{""jd_ut"":2126487.3467848347,""utc"":""1110-01-09T20:19:22.210Z"",""motion"":""retrograde""},{""jd_ut"":2126711.013924402,""utc"":""1110-08-21T12:20:03.068Z"",""motion"":""direct""},{""jd_ut"":2126946.106943572,""utc"":""1111-04-13T14:33:59.925Z"",""motion"":""retrograde""},{""jd_ut"":2127003.0539529137,""utc"":""1111-06-09T13:17:41.532Z"",""motion"":""direct""}]",5
W27.07,W27,27,7,Libra,180,2131531.694117115,1123-11-02T04:39:31.719Z,2136659.597839853,1137-11-16T02:20:53.363Z,"[{""jd_ut"":2131531.694117115,""utc"":""1123-11-02T04:39:31.719Z"",""motion"":""direct""},{""jd_ut"":2131658.948641954,""utc"":""1124-03-08T10:46:02.665Z"",""motion"":""retrograde""},{""jd_ut"":2131837.879986435,""utc"":""1124-09-03T09:07:10.828Z"",""motion"":""direct""}]",3
W27.08,W27,27,8,Scorpio,210,2136659.597839853,1137-11-16T02:20:53.363Z,2141790.1516492004,1151-12-03T15:38:22.491Z,"[{""jd_ut"":2136659.597839853,""utc"":""1137-11-16T02:20:53.363Z"",""motion"":""direct""},{""jd_ut"":2136823.03123268,""utc"":""1138-04-28T12:44:58.504Z"",""motion"":""retrograde""},{""jd_ut"":2136966.6253277054,""utc"":""1138-09-19T03:00:28.314Z"",""motion"":""direct""}]",3
W27.09,W27,27,9,Sagittarius,240,2141790.1516492004,1151-12-03T15:38:22.491Z,2146618.1150903525,1165-02-20T14:45:43.806Z,"[{""jd_ut"":2141790.1516492004,""utc"":""1151-12-03T15:38:22.491Z"",""motion"":""direct""},{""jd_ut"":2141986.9744038377,""utc"":""1152-06-17T11:23:08.492Z"",""motion"":""retrograde""},{""jd_ut"":2142094.27322712,""utc"":""1152-10-02T18:33:26.823Z"",""motion"":""direct""}]",3
W27.10,W27,27,10,Capricorn,270,2146618.1150903525,1165-02-20T14:45:43.806Z,2151733.7376375087,1179-02-23T05:42:11.881Z,"[{""jd_ut"":2146618.1150903525,""utc"":""1165-02-20T14:45:43.806Z"",""motion"":""direct""},{""jd_ut"":2146701.0387494154,""utc"":""1165-05-14T12:55:47.949Z"",""motion"":""retrograde""},{""jd_ut"":2146918.3407808132,""utc"":""1165-12-17T20:10:43.462Z"",""motion"":""direct""},{""jd_ut"":2147165.259496277,""utc"":""1166-08-21T18:13:40.478Z"",""motion"":""retrograde""},{""jd_ut"":2147207.595533219,""utc"":""1166-10-03T02:17:34.070Z"",""motion"":""direct""}]",5
W27.11,W27,27,11,Aquarius,300,2151733.7376375087,1179-02-23T05:42:11.881Z,2156563.676895084,1192-05-15T04:14:43.735Z,"[{""jd_ut"":2151733.7376375087,""utc"":""1179-02-23T05:42:11.881Z"",""motion"":""direct""},{""jd_ut"":2151879.2054877216,""utc"":""1179-07-18T16:55:54.139Z"",""motion"":""retrograde""},{""jd_ut"":2152040.7764234897,""utc"":""1179-12-27T06:38:02.990Z"",""motion"":""direct""}]",3
W27.12,W27,27,12,Pisces,330,2156563.676895084,1192-05-15T04:14:43.735Z,2161652.4848165903,1206-04-20T23:38:08.153Z,"[{""jd_ut"":2156563.676895084,""utc"":""1192-05-15T04:14:43.735Z"",""motion"":""direct""},{""jd_ut"":2156600.0817967346,""utc"":""1192-06-20T13:57:47.238Z"",""motion"":""retrograde""},{""jd_ut"":2156849.112536121,""utc"":""1193-02-24T14:42:03.121Z"",""motion"":""direct""},{""jd_ut"":2157066.0243124645,""utc"":""1193-09-29T12:35:00.597Z"",""motion"":""retrograde""},{""jd_ut"":2157149.3917365344,""utc"":""1193-12-21T21:24:06.037Z"",""motion"":""direct""}]",5
W28.01,W28,28,1,Aries,0,2161652.4848165903,1206-04-20T23:38:08.153Z,2166457.41234944,1219-06-16T21:53:46.992Z,"[{""jd_ut"":2161652.4848165903,""utc"":""1206-04-20T23:38:08.153Z"",""motion"":""direct""},{""jd_ut"":2161807.3129182197,""utc"":""1206-09-22T19:30:36.134Z"",""motion"":""retrograde""},{""jd_ut"":2161958.498300012,""utc"":""1207-02-20T23:57:33.121Z"",""motion"":""direct""}]",3
W28.02,W28,28,2,Taurus,30,2166457.41234944,1219-06-16T21:53:46.992Z,2171556.162848071,1233-06-01T15:54:30.073Z,"[{""jd_ut"":2166457.41234944,""utc"":""1219-06-16T21:53:46.992Z"",""motion"":""direct""},{""jd_ut"":2166555.02387001,""utc"":""1219-09-22T12:34:22.369Z"",""motion"":""retrograde""},{""jd_ut"":2166758.126518992,""utc"":""1220-04-12T15:02:11.241Z"",""motion"":""direct""}]",3
W28.03,W28,28,3,Gemini,60,2171556.162848071,1233-06-01T15:54:30.073Z,2176358.4480603375,1246-07-25T22:45:12.413Z,"[{""jd_ut"":2171556.162848071,""utc"":""1233-06-01T15:54:30.073Z"",""motion"":""direct""},{""jd_ut"":2171756.121739598,""utc"":""1233-12-18T14:55:18.301Z"",""motion"":""retrograde""},{""jd_ut"":2171858.176391083,""utc"":""1234-03-30T16:14:00.190Z"",""motion"":""direct""}]",3
W28.04,W28,28,4,Cancer,90,2176358.4480603375,1246-07-25T22:45:12.413Z,2181180.4074066225,1259-10-07T21:46:39.932Z,"[{""jd_ut"":2176358.4480603375,""utc"":""1246-07-25T22:45:12.413Z"",""motion"":""direct""},{""jd_ut"":2176502.142532939,""utc"":""1246-12-16T15:25:14.846Z"",""motion"":""retrograde""},{""jd_ut"":2176663.828187758,""utc"":""1247-05-27T07:52:35.422Z"",""motion"":""direct""}]",3
W28.05,W28,28,5,Leo,120,2181180.4074066225,1259-10-07T21:46:39.932Z,2186286.4022984104,1273-09-29T21:39:18.583Z,"[{""jd_ut"":2181180.4074066225,""utc"":""1259-10-07T21:46:39.932Z"",""motion"":""direct""},{""jd_ut"":2181231.7908585817,""utc"":""1259-11-28T06:58:50.181Z"",""motion"":""retrograde""},{""jd_ut"":2181471.6384540834,""utc"":""1260-07-25T03:19:22.433Z"",""motion"":""direct""},{""jd_ut"":2181690.8163572,""utc"":""1261-03-01T07:35:33.262Z"",""motion"":""retrograde""},{""jd_ut"":2181769.0548412455,""utc"":""1261-05-18T13:18:58.284Z"",""motion"":""direct""}]",5
W28.06,W28,28,6,Virgo,150,2186286.4022984104,1273-09-29T21:39:18.583Z,2191410.8650307283,1287-10-11T08:45:38.655Z,"[{""jd_ut"":2186286.4022984104,""utc"":""1273-09-29T21:39:18.583Z"",""motion"":""direct""},{""jd_ut"":2186416.892085095,""utc"":""1274-02-07T09:24:36.152Z"",""motion"":""retrograde""},{""jd_ut"":2186592.250986605,""utc"":""1274-08-01T18:01:25.243Z"",""motion"":""direct""}]",3
W28.07,W28,28,7,Libra,180,2191410.8650307283,1287-10-11T08:45:38.655Z,2196254.2738830876,1301-01-14T18:34:23.499Z,"[{""jd_ut"":2191410.8650307283,""utc"":""1287-10-11T08:45:38.655Z"",""motion"":""direct""},{""jd_ut"":2191585.511312796,""utc"":""1288-04-03T00:16:17.426Z"",""motion"":""retrograde""},{""jd_ut"":2191716.85376882,""utc"":""1288-08-12T08:29:25.626Z"",""motion"":""direct""}]",3
W28.08,W28,28,8,Scorpio,210,2196254.2738830876,1301-01-14T18:34:23.499Z,2201369.492276185,1315-01-16T23:48:52.662Z,"[{""jd_ut"":2196254.2738830876,""utc"":""1301-01-14T18:34:23.499Z"",""motion"":""direct""},{""jd_ut"":2196287.157183282,""utc"":""1301-02-16T15:46:20.636Z"",""motion"":""retrograde""},{""jd_ut"":2196541.099965146,""utc"":""1301-10-28T14:23:56.989Z"",""motion"":""direct""},{""jd_ut"":2196751.423484981,""utc"":""1302-05-26T22:09:49.102Z"",""motion"":""retrograde""},{""jd_ut"":2196842.1335491454,""utc"":""1302-08-25T15:12:18.646Z"",""motion"":""direct""}]",5
W28.09,W28,28,9,Sagittarius,240,2201369.492276185,1315-01-16T23:48:52.662Z,2206493.2895796783,1329-01-26T18:56:59.684Z,"[{""jd_ut"":2201369.492276185,""utc"":""1315-01-16T23:48:52.662Z"",""motion"":""direct""},{""jd_ut"":2201461.8371264786,""utc"":""1315-04-19T08:05:27.728Z"",""motion"":""retrograde""},{""jd_ut"":2201672.055807695,""utc"":""1315-11-15T13:20:21.785Z"",""motion"":""direct""},{""jd_ut"":2201932.092537145,""utc"":""1316-08-01T14:13:15.209Z"",""motion"":""retrograde""},{""jd_ut"":2201952.4180739317,""utc"":""1316-08-21T22:02:01.588Z"",""motion"":""direct""}]",5
W28.10,W28,28,10,Capricorn,270,2206493.2895796783,1329-01-26T18:56:59.684Z,2211614.945463893,1343-02-04T10:41:28.080Z,"[{""jd_ut"":2206493.2895796783,""utc"":""1329-01-26T18:56:59.684Z"",""motion"":""direct""},{""jd_ut"":2206629.93737799,""utc"":""1329-06-12T10:29:49.458Z"",""motion"":""retrograde""},{""jd_ut"":2206800.467250347,""utc"":""1329-11-29T23:12:50.430Z"",""motion"":""direct""}]",3
W28.11,W28,28,11,Aquarius,300,2211614.945463893,1343-02-04T10:41:28.080Z,2216428.4276111554,1356-04-09T22:15:45.604Z,"[{""jd_ut"":2211614.945463893,""utc"":""1343-02-04T10:41:28.080Z"",""motion"":""direct""},{""jd_ut"":2211804.9266240876,""utc"":""1343-08-13T10:14:20.321Z"",""motion"":""retrograde""},{""jd_ut"":2211920.254532133,""utc"":""1343-12-06T18:06:31.576Z"",""motion"":""direct""}]",3
W28.12,W28,28,12,Pisces,330,2216428.4276111554,1356-04-09T22:15:45.604Z,2221534.9029355766,1370-04-03T09:40:13.634Z,"[{""jd_ut"":2216428.4276111554,""utc"":""1356-04-09T22:15:45.604Z"",""motion"":""direct""},{""jd_ut"":2216538.1341662826,""utc"":""1356-07-28T15:13:11.967Z"",""motion"":""retrograde""},{""jd_ut"":2216731.8813576996,""utc"":""1357-02-07T09:09:09.305Z"",""motion"":""direct""}]",3
W29.01,W29,29,1,Aries,0,2221534.9029355766,1370-04-03T09:40:13.634Z,2226335.0179414637,1383-05-25T12:25:50.142Z,"[{""jd_ut"":2221534.9029355766,""utc"":""1370-04-03T09:40:13.634Z"",""motion"":""direct""},{""jd_ut"":2221731.4497860605,""utc"":""1370-10-16T22:47:41.516Z"",""motion"":""retrograde""},{""jd_ut"":2221838.3700238615,""utc"":""1371-01-31T20:52:50.062Z"",""motion"":""direct""}]",3
W29.02,W29,29,2,Taurus,30,2226335.0179414637,1383-05-25T12:25:50.142Z,2231139.7830486726,1396-07-20T06:47:35.405Z,"[{""jd_ut"":2226335.0179414637,""utc"":""1383-05-25T12:25:50.142Z"",""motion"":""direct""},{""jd_ut"":2226480.5790270753,""utc"":""1383-10-18T01:53:47.939Z"",""motion"":""retrograde""},{""jd_ut"":2226640.418785597,""utc"":""1384-03-25T22:03:03.076Z"",""motion"":""direct""}]",3
W29.03,W29,29,3,Gemini,60,2231139.7830486726,1396-07-20T06:47:35.405Z,2236240.3186928006,1410-07-08T19:38:55.058Z,"[{""jd_ut"":2231139.7830486726,""utc"":""1396-07-20T06:47:35.405Z"",""motion"":""direct""},{""jd_ut"":2231229.099513991,""utc"":""1396-10-17T14:23:18.009Z"",""motion"":""retrograde""},{""jd_ut"":2231438.9536564173,""utc"":""1397-05-15T10:53:15.914Z"",""motion"":""direct""},{""jd_ut"":2231696.4845604002,""utc"":""1398-01-27T23:37:46.019Z"",""motion"":""retrograde""},{""jd_ut"":2231719.783645273,""utc"":""1398-02-20T06:48:26.952Z"",""motion"":""direct""}]",5
W29.04,W29,29,4,Cancer,90,2236240.3186928006,1410-07-08T19:38:55.058Z,2241050.0904748077,1423-09-08T14:10:17.023Z,"[{""jd_ut"":2236240.3186928006,""utc"":""1410-07-08T19:38:55.058Z"",""motion"":""direct""},{""jd_ut"":2236425.5963133816,""utc"":""1411-01-10T02:18:41.476Z"",""motion"":""retrograde""},{""jd_ut"":2236543.955409798,""utc"":""1411-05-08T10:55:47.407Z"",""motion"":""direct""}]",3
W29.05,W29,29,5,Leo,120,2241050.0904748077,1423-09-08T14:10:17.023Z,2246166.8361995993,1437-09-11T08:04:07.645Z,"[{""jd_ut"":2241050.0904748077,""utc"":""1423-09-08T14:10:17.023Z"",""motion"":""direct""},{""jd_ut"":2241164.4071089616,""utc"":""1423-12-31T21:46:14.214Z"",""motion"":""retrograde""},{""jd_ut"":2241353.8359031035,""utc"":""1424-07-08T08:03:42.028Z"",""motion"":""direct""}]",3
W29.06,W29,29,6,Virgo,150,2246166.8361995993,1437-09-11T08:04:07.645Z,2250998.057397714,1450-12-03T13:22:39.162Z,"[{""jd_ut"":2246166.8361995993,""utc"":""1437-09-11T08:04:07.645Z"",""motion"":""direct""},{""jd_ut"":2246341.597168709,""utc"":""1438-03-05T02:19:55.376Z"",""motion"":""retrograde""},{""jd_ut"":2246472.159651004,""utc"":""1438-07-13T15:49:53.847Z"",""motion"":""direct""}]",3
W29.07,W29,29,7,Libra,180,2250998.057397714,1450-12-03T13:22:39.162Z,2256118.2845680313,1464-12-09T18:49:46.678Z,"[{""jd_ut"":2250998.057397714,""utc"":""1450-12-03T13:22:39.162Z"",""motion"":""direct""},{""jd_ut"":2251056.8596053496,""utc"":""1451-01-31T08:37:49.902Z"",""motion"":""retrograde""},{""jd_ut"":2251292.8081708234,""utc"":""1451-09-24T07:23:45.959Z"",""motion"":""direct""},{""jd_ut"":2251515.473352856,""utc"":""1452-05-03T23:21:37.687Z"",""motion"":""retrograde""},{""jd_ut"":2251589.8142261226,""utc"":""1452-07-17T07:32:29.137Z"",""motion"":""direct""}]",5
W29.08,W29,29,8,Scorpio,210,2256118.2845680313,1464-12-09T18:49:46.678Z,2261246.55941613,1478-12-25T01:25:33.554Z,"[{""jd_ut"":2256118.2845680313,""utc"":""1464-12-09T18:49:46.678Z"",""motion"":""direct""},{""jd_ut"":2256226.317261856,""utc"":""1465-03-27T19:36:51.424Z"",""motion"":""retrograde""},{""jd_ut"":2256423.1289870013,""utc"":""1465-10-10T15:05:44.477Z"",""motion"":""direct""}]",3
W29.09,W29,29,9,Sagittarius,240,2261246.55941613,1478-12-25T01:25:33.554Z,2266373.90967697,1493-01-07T09:49:56.090Z,"[{""jd_ut"":2261246.55941613,""utc"":""1478-12-25T01:25:33.554Z"",""motion"":""direct""},{""jd_ut"":2261389.0115669416,""utc"":""1479-05-16T12:16:39.384Z"",""motion"":""retrograde""},{""jd_ut"":2261554.140133653,""utc"":""1479-10-28T15:21:47.548Z"",""motion"":""direct""}]",3
W29.10,W29,29,10,Capricorn,270,2266373.90967697,1493-01-07T09:49:56.090Z,2271199.713883063,1506-03-27T05:07:59.497Z,"[{""jd_ut"":2266373.90967697,""utc"":""1493-01-07T09:49:56.090Z"",""motion"":""direct""},{""jd_ut"":2266555.8160893535,""utc"":""1493-07-08T07:35:10.120Z"",""motion"":""retrograde""},{""jd_ut"":2266680.336193214,""utc"":""1493-11-09T20:04:07.094Z"",""motion"":""direct""}]",3
W29.11,W29,29,11,Aquarius,300,2271199.713883063,1506-03-27T05:07:59.497Z,2276308.1154986247,1520-03-21T14:46:19.081Z,"[{""jd_ut"":2271199.713883063,""utc"":""1506-03-27T05:07:59.497Z"",""motion"":""direct""},{""jd_ut"":2271275.5162087185,""utc"":""1506-06-11T00:23:20.433Z"",""motion"":""retrograde""},{""jd_ut"":2271498.010342763,""utc"":""1507-01-19T12:14:53.615Z"",""motion"":""direct""},{""jd_ut"":2271737.220735185,""utc"":""1507-09-15T17:17:51.520Z"",""motion"":""retrograde""},{""jd_ut"":2271791.38965913,""utc"":""1507-11-08T21:21:06.549Z"",""motion"":""direct""}]",5
W29.12,W29,29,12,Pisces,330,2276308.1154986247,1520-03-21T14:46:19.081Z,2281120.0785638494,1533-05-24T13:53:07.917Z,"[{""jd_ut"":2276308.1154986247,""utc"":""1520-03-21T14:46:19.081Z"",""motion"":""direct""},{""jd_ut"":2276462.422629589,""utc"":""1520-08-22T22:08:35.197Z"",""motion"":""retrograde""},{""jd_ut"":2276614.851117637,""utc"":""1521-01-22T08:25:36.564Z"",""motion"":""direct""}]",3
W30.01,W30,30,1,Aries,0,2281120.0785638494,1533-05-24T13:53:07.917Z,2286217.4164851755,1547-05-08T21:59:44.319Z,"[{""jd_ut"":2281120.0785638494,""utc"":""1533-05-24T13:53:07.917Z"",""motion"":""direct""},{""jd_ut"":2281202.06846074,""utc"":""1533-08-14T13:38:35.008Z"",""motion"":""retrograde""},{""jd_ut"":2281418.2551856823,""utc"":""1534-03-18T18:07:28.043Z"",""motion"":""direct""},{""jd_ut"":2281665.2874839725,""utc"":""1534-11-20T18:53:58.615Z"",""motion"":""retrograde""},{""jd_ut"":2281707.2588535817,""utc"":""1535-01-01T18:12:44.949Z"",""motion"":""direct""}]",5
W30.02,W30,30,2,Taurus,30,2286217.4164851755,1547-05-08T21:59:44.319Z,2291017.549997666,1560-06-29T01:11:59.798Z,"[{""jd_ut"":2286217.4164851755,""utc"":""1547-05-08T21:59:44.319Z"",""motion"":""direct""},{""jd_ut"":2286403.3017609427,""utc"":""1547-11-10T19:14:32.145Z"",""motion"":""retrograde""},{""jd_ut"":2286521.7089174716,""utc"":""1548-03-08T05:00:50.470Z"",""motion"":""direct""}]",3
W30.03,W30,30,3,Gemini,60,2291017.549997666,1560-06-29T01:11:59.798Z,2295829.4168482134,1573-08-31T22:00:15.686Z,"[{""jd_ut"":2291017.549997666,""utc"":""1560-06-29T01:11:59.798Z"",""motion"":""direct""},{""jd_ut"":2291153.8749864176,""utc"":""1560-11-12T08:59:58.826Z"",""motion"":""retrograde""},{""jd_ut"":2291322.3120584255,""utc"":""1561-04-29T19:29:21.848Z"",""motion"":""direct""}]",3
W30.04,W30,30,4,Cancer,90,2295829.4168482134,1573-08-31T22:00:15.686Z,2300930.5709495144,1587-08-20T01:42:10.038Z,"[{""jd_ut"":2295829.4168482134,""utc"":""1573-08-31T22:00:15.686Z"",""motion"":""direct""},{""jd_ut"":2295895.120518187,""utc"":""1573-11-05T14:53:32.771Z"",""motion"":""retrograde""},{""jd_ut"":2296123.68944743,""utc"":""1574-06-22T04:32:48.258Z"",""motion"":""direct""},{""jd_ut"":2296354.1774527263,""utc"":""1575-02-07T16:15:31.916Z"",""motion"":""retrograde""},{""jd_ut"":2296417.4712350722,""utc"":""1575-04-11T23:18:34.710Z"",""motion"":""direct""}]",5
W30.05,W30,30,5,Leo,120,2300930.5709495144,1587-08-20T01:42:10.038Z,2305757.2367671225,1600-11-05T17:40:56.679Z,"[{""jd_ut"":2300930.5709495144,""utc"":""1587-08-20T01:42:10.038Z"",""motion"":""direct""},{""jd_ut"":2301087.41727328,""utc"":""1588-01-23T22:00:52.411Z"",""motion"":""retrograde""},{""jd_ut"":2301236.155338905,""utc"":""1588-06-20T15:43:41.281Z"",""motion"":""direct""}]",3
W30.06,W30,30,6,Virgo,150,2305757.2367671225,1600-11-05T17:40:56.679Z,2310870.8053156035,1614-11-06T07:19:39.268Z,"[{""jd_ut"":2305757.2367671225,""utc"":""1600-11-05T17:40:56.679Z"",""motion"":""direct""},{""jd_ut"":2305810.42743071,""utc"":""1600-12-28T22:15:30.013Z"",""motion"":""retrograde""},{""jd_ut"":2306049.5154822096,""utc"":""1601-08-25T00:22:17.663Z"",""motion"":""direct""},{""jd_ut"":2306269.5571812866,""utc"":""1602-04-02T01:22:20.463Z"",""motion"":""retrograde""},{""jd_ut"":2306346.6661574775,""utc"":""1602-06-18T03:59:16.006Z"",""motion"":""direct""}]",5
W30.07,W30,30,7,Libra,180,2310870.8053156035,1614-11-06T07:19:39.268Z,2315998.0312058236,1628-11-19T12:44:56.183Z,"[{""jd_ut"":2310870.8053156035,""utc"":""1614-11-06T07:19:39.268Z"",""motion"":""direct""},{""jd_ut"":2310986.9350681715,""utc"":""1615-03-02T10:26:29.890Z"",""motion"":""retrograde""},{""jd_ut"":2311175.8718106,""utc"":""1615-09-07T08:55:24.436Z"",""motion"":""direct""}]",3
W30.08,W30,30,8,Scorpio,210,2315998.0312058236,1628-11-19T12:44:56.183Z,2321127.971086475,1642-12-06T11:18:21.871Z,"[{""jd_ut"":2315998.0312058236,""utc"":""1628-11-19T12:44:56.183Z"",""motion"":""direct""},{""jd_ut"":2316150.9763582842,""utc"":""1629-04-21T11:25:57.356Z"",""motion"":""retrograde""},{""jd_ut"":2316305.21002994,""utc"":""1629-09-22T17:02:26.587Z"",""motion"":""direct""}]",3
W30.09,W30,30,9,Sagittarius,240,2321127.971086475,1642-12-06T11:18:21.871Z,2325961.289217488,1656-02-29T18:56:28.391Z,"[{""jd_ut"":2321127.971086475,""utc"":""1642-12-06T11:18:21.871Z"",""motion"":""direct""},{""jd_ut"":2321314.453482585,""utc"":""1643-06-10T22:53:00.895Z"",""motion"":""retrograde""},{""jd_ut"":2321433.666329695,""utc"":""1643-10-08T03:59:30.886Z"",""motion"":""direct""}]",3
W30.10,W30,30,10,Capricorn,270,2325961.289217488,1656-02-29T18:56:28.391Z,2331075.1404617243,1670-03-01T15:22:15.893Z,"[{""jd_ut"":2325961.289217488,""utc"":""1656-02-29T18:56:28.391Z"",""motion"":""direct""},{""jd_ut"":2326024.5238336017,""utc"":""1656-05-03T00:34:19.223Z"",""motion"":""retrograde""},{""jd_ut"":2326257.2445831923,""utc"":""1656-12-21T17:52:11.988Z"",""motion"":""direct""},{""jd_ut"":2326484.9843598334,""utc"":""1657-08-06T11:37:28.690Z"",""motion"":""retrograde""},{""jd_ut"":2326554.6543414705,""utc"":""1657-10-15T03:42:15.103Z"",""motion"":""direct""}]",5
W30.11,W30,30,11,Aquarius,300,2331075.1404617243,1670-03-01T15:22:15.893Z,2336190.9649577774,1684-03-03T11:09:32.352Z,"[{""jd_ut"":2331075.1404617243,""utc"":""1670-03-01T15:22:15.893Z"",""motion"":""direct""},{""jd_ut"":2331203.559907971,""utc"":""1670-07-08T01:26:16.049Z"",""motion"":""retrograde""},{""jd_ut"":2331381.4860448325,""utc"":""1671-01-01T23:39:54.274Z"",""motion"":""direct""}]",3
W30.12,W30,30,12,Pisces,330,2336190.9649577774,1684-03-03T11:09:32.352Z,2340996.9357619807,1697-04-30T10:27:29.835Z,"[{""jd_ut"":2336190.9649577774,""utc"":""1684-03-03T11:09:32.352Z"",""motion"":""direct""},{""jd_ut"":2336386.085303045,""utc"":""1684-09-14T14:02:50.183Z"",""motion"":""retrograde""},{""jd_ut"":2336495.5519602858,""utc"":""1685-01-02T01:14:49.369Z"",""motion"":""direct""}]",3
W31.01,W31,31,1,Aries,0,2340996.9357619807,1697-04-30T10:27:29.835Z,2345808.2196924808,1710-07-03T17:16:21.430Z,"[{""jd_ut"":2340996.9357619807,""utc"":""1697-04-30T10:27:29.835Z"",""motion"":""direct""},{""jd_ut"":2341127.923165423,""utc"":""1697-09-08T10:09:21.493Z"",""motion"":""retrograde""},{""jd_ut"":2341302.306753779,""utc"":""1698-03-01T19:21:43.526Z"",""motion"":""direct""}]",3
W31.02,W31,31,2,Taurus,30,2345808.2196924808,1710-07-03T17:16:21.430Z,2350900.150877024,1724-06-11T15:37:15.775Z,"[{""jd_ut"":2345808.2196924808,""utc"":""1710-07-03T17:16:21.430Z"",""motion"":""direct""},{""jd_ut"":2345870.4243327603,""utc"":""1710-09-03T22:11:02.350Z"",""motion"":""retrograde""},{""jd_ut"":2346101.2174194464,""utc"":""1711-04-22T17:13:05.040Z"",""motion"":""direct""},{""jd_ut"":2346330.7295411443,""utc"":""1711-12-08T05:30:32.355Z"",""motion"":""retrograde""},{""jd_ut"":2346396.8364644544,""utc"":""1712-02-12T08:04:30.529Z"",""motion"":""direct""}]",5
W31.03,W31,31,3,Gemini,60,2350900.150877024,1724-06-11T15:37:15.775Z,2355704.0161572434,1737-08-06T12:23:15.986Z,"[{""jd_ut"":2350900.150877024,""utc"":""1724-06-11T15:37:15.775Z"",""motion"":""direct""},{""jd_ut"":2351075.3039011993,""utc"":""1724-12-03T19:17:37.064Z"",""motion"":""retrograde""},{""jd_ut"":2351205.0080330847,""utc"":""1725-04-12T12:11:34.059Z"",""motion"":""direct""}]",3
W31.04,W31,31,4,Cancer,90,2355704.0161572434,1737-08-06T12:23:15.986Z,2360813.4898002967,1751-08-02T23:45:18.746Z,"[{""jd_ut"":2355704.0161572434,""utc"":""1737-08-06T12:23:15.986Z"",""motion"":""direct""},{""jd_ut"":2355822.4186511766,""utc"":""1737-12-02T22:02:51.462Z"",""motion"":""retrograde""},{""jd_ut"":2356007.7043272005,""utc"":""1738-06-06T04:54:13.870Z"",""motion"":""direct""}]",3
W31.05,W31,31,5,Leo,120,2360813.4898002967,1751-08-02T23:45:18.746Z,2365630.035335932,1764-10-09T12:50:53.025Z,"[{""jd_ut"":2360813.4898002967,""utc"":""1751-08-02T23:45:18.746Z"",""motion"":""direct""},{""jd_ut"":2361010.8330465313,""utc"":""1752-02-16T07:59:35.220Z"",""motion"":""retrograde""},{""jd_ut"":2361115.63200829,""utc"":""1752-05-31T03:10:05.516Z"",""motion"":""direct""}]",3
W31.06,W31,31,6,Virgo,150,2365630.035335932,1764-10-09T12:50:53.025Z,2370752.0508487923,1778-10-18T13:13:13.336Z,"[{""jd_ut"":2365630.035335932,""utc"":""1764-10-09T12:50:53.025Z"",""motion"":""direct""},{""jd_ut"":2365739.7365302006,""utc"":""1765-01-27T05:40:36.209Z"",""motion"":""retrograde""},{""jd_ut"":2365933.726430944,""utc"":""1765-08-09T05:26:03.634Z"",""motion"":""direct""}]",3
W31.07,W31,31,7,Libra,180,2370752.0508487923,1778-10-18T13:13:13.336Z,2375881.2130962424,1792-11-02T17:06:51.515Z,"[{""jd_ut"":2370752.0508487923,""utc"":""1778-10-18T13:13:13.336Z"",""motion"":""direct""},{""jd_ut"":2370909.751917665,""utc"":""1779-03-25T06:02:45.686Z"",""motion"":""retrograde""},{""jd_ut"":2371058.4812752735,""utc"":""1779-08-20T23:33:02.184Z"",""motion"":""direct""}]",3
W31.08,W31,31,8,Scorpio,210,2375881.2130962424,1792-11-02T17:06:51.515Z,2380714.527207249,1806-01-28T00:39:10.706Z,"[{""jd_ut"":2375881.2130962424,""utc"":""1792-11-02T17:06:51.515Z"",""motion"":""direct""},{""jd_ut"":2376074.6885212082,""utc"":""1793-05-15T04:31:28.232Z"",""motion"":""retrograde""},{""jd_ut"":2376185.2259214604,""utc"":""1793-09-02T17:25:19.614Z"",""motion"":""direct""}]",3
W31.09,W31,31,9,Sagittarius,240,2380714.527207249,1806-01-28T00:39:10.706Z,2385835.494390797,1820-02-04T23:51:55.365Z,"[{""jd_ut"":2380714.527207249,""utc"":""1806-01-28T00:39:10.706Z"",""motion"":""direct""},{""jd_ut"":2380783.4102369053,""utc"":""1806-04-06T21:50:44.469Z"",""motion"":""retrograde""},{""jd_ut"":2381012.150274858,""utc"":""1806-11-21T15:36:23.748Z"",""motion"":""direct""},{""jd_ut"":2381243.7005402287,""utc"":""1807-07-11T04:48:46.676Z"",""motion"":""retrograde""},{""jd_ut"":2381307.271720076,""utc"":""1807-09-12T18:31:16.615Z"",""motion"":""direct""}]",5
W31.10,W31,31,10,Capricorn,270,2385835.494390797,1820-02-04T23:51:55.365Z,2390957.695446942,1834-02-13T04:41:26.616Z,"[{""jd_ut"":2385835.494390797,""utc"":""1820-02-04T23:51:55.365Z"",""motion"":""direct""},{""jd_ut"":2385953.6337215807,""utc"":""1820-06-02T03:12:33.545Z"",""motion"":""retrograde""},{""jd_ut"":2386141.2623237176,""utc"":""1820-12-06T18:17:44.769Z"",""motion"":""direct""}]",3
W31.11,W31,31,11,Aquarius,300,2390957.695446942,1834-02-13T04:41:26.616Z,2395777.6158886366,1847-04-26T02:46:52.778Z,"[{""jd_ut"":2390957.695446942,""utc"":""1834-02-13T04:41:26.616Z"",""motion"":""direct""},{""jd_ut"":2391125.7312321467,""utc"":""1834-07-31T05:32:58.457Z"",""motion"":""retrograde""},{""jd_ut"":2391264.852253681,""utc"":""1834-12-17T08:27:14.718Z"",""motion"":""direct""}]",3
W31.12,W31,31,12,Pisces,330,2395777.6158886366,1847-04-26T02:46:52.778Z,2400879.3503769916,1861-04-13T20:24:32.572Z,"[{""jd_ut"":2395777.6158886366,""utc"":""1847-04-26T02:46:52.778Z"",""motion"":""direct""},{""jd_ut"":2395854.468236263,""utc"":""1847-07-11T23:14:15.613Z"",""motion"":""retrograde""},{""jd_ut"":2396075.4859312093,""utc"":""1848-02-17T23:39:44.456Z"",""motion"":""direct""},{""jd_ut"":2396316.268890568,""utc"":""1848-10-15T18:27:12.145Z"",""motion"":""retrograde""},{""jd_ut"":2396368.211279086,""utc"":""1848-12-06T17:04:14.513Z"",""motion"":""direct""}]",5
W32.01,W32,32,1,Aries,0,2400879.3503769916,1861-04-13T20:24:32.572Z,2405683.1315183565,1874-06-08T15:09:23.186Z,"[{""jd_ut"":2400879.3503769916,""utc"":""1861-04-13T20:24:32.572Z"",""motion"":""direct""},{""jd_ut"":2401049.7431997387,""utc"":""1861-10-01T05:50:12.457Z"",""motion"":""retrograde""},{""jd_ut"":2401185.513636592,""utc"":""1862-02-14T00:19:38.202Z"",""motion"":""direct""}]",3
W32.02,W32,32,2,Taurus,30,2405683.1315183565,1874-06-08T15:09:23.186Z,2410499.6886385586,1887-08-16T04:31:38.371Z,"[{""jd_ut"":2405683.1315183565,""utc"":""1874-06-08T15:09:23.186Z"",""motion"":""direct""},{""jd_ut"":2405797.4544192366,""utc"":""1874-09-30T22:54:21.822Z"",""motion"":""retrograde""},{""jd_ut"":2405986.4059565915,""utc"":""1875-04-07T21:44:34.650Z"",""motion"":""direct""}]",3
W32.03,W32,32,3,Gemini,60,2410499.6886385586,1887-08-16T04:31:38.371Z,2415585.4960605735,1901-07-19T23:54:19.634Z,"[{""jd_ut"":2410499.6886385586,""utc"":""1887-08-16T04:31:38.371Z"",""motion"":""direct""},{""jd_ut"":2410535.349078142,""utc"":""1887-09-20T20:22:40.351Z"",""motion"":""retrograde""},{""jd_ut"":2410784.2736019576,""utc"":""1888-05-26T18:33:59.209Z"",""motion"":""direct""},{""jd_ut"":2410999.2433093293,""utc"":""1888-12-27T17:50:21.926Z"",""motion"":""retrograde""},{""jd_ut"":2411083.568773578,""utc"":""1889-03-22T01:39:02.037Z"",""motion"":""direct""}]",5
W32.04,W32,32,4,Cancer,90,2415585.4960605735,1901-07-19T23:54:19.634Z,2420399.34745753,1914-09-23T20:20:20.331Z,"[{""jd_ut"":2415585.4960605735,""utc"":""1901-07-19T23:54:19.634Z"",""motion"":""direct""},{""jd_ut"":2415744.064531251,""utc"":""1901-12-25T13:32:55.500Z"",""motion"":""retrograde""},{""jd_ut"":2415891.06412002,""utc"":""1902-05-21T13:32:19.970Z"",""motion"":""direct""}]",3
W32.05,W32,32,5,Leo,120,2420399.34745753,1914-09-23T20:20:20.331Z,2425511.000644763,1928-09-21T12:00:55.708Z,"[{""jd_ut"":2420399.34745753,""utc"":""1914-09-23T20:20:20.331Z"",""motion"":""direct""},{""jd_ut"":2420481.3630057434,""utc"":""1914-12-14T20:42:43.696Z"",""motion"":""retrograde""},{""jd_ut"":2420698.0627432372,""utc"":""1915-07-19T13:30:21.016Z"",""motion"":""direct""},{""jd_ut"":2420942.1470746584,""utc"":""1916-03-19T15:31:47.250Z"",""motion"":""retrograde""},{""jd_ut"":2420985.9441672005,""utc"":""1916-05-02T10:39:36.046Z"",""motion"":""direct""}]",5
W32.06,W32,32,6,Virgo,150,2425511.000644763,1928-09-21T12:00:55.708Z,2430636.2061771266,1942-10-03T16:56:53.704Z,"[{""jd_ut"":2425511.000644763,""utc"":""1928-09-21T12:00:55.708Z"",""motion"":""direct""},{""jd_ut"":2425661.977601433,""utc"":""1929-02-19T11:27:44.764Z"",""motion"":""retrograde""},{""jd_ut"":2425817.12533567,""utc"":""1929-07-24T15:00:29.002Z"",""motion"":""direct""}]",3
W32.07,W32,32,7,Libra,180,2430636.2061771266,1942-10-03T16:56:53.704Z,2435466.136653687,1955-12-24T15:16:46.879Z,"[{""jd_ut"":2430636.2061771266,""utc"":""1942-10-03T16:56:53.704Z"",""motion"":""direct""},{""jd_ut"":2430831.959271146,""utc"":""1943-04-17T11:01:21.027Z"",""motion"":""retrograde""},{""jd_ut"":2430939.2949723247,""utc"":""1943-08-02T19:04:45.609Z"",""motion"":""direct""}]",3
W32.08,W32,32,8,Scorpio,210,2435466.136653687,1955-12-24T15:16:46.879Z,2440591.3284550533,1970-01-04T19:52:58.517Z,"[{""jd_ut"":2435466.136653687,""utc"":""1955-12-24T15:16:46.879Z"",""motion"":""direct""},{""jd_ut"":2435544.582558101,""utc"":""1956-03-12T01:58:53.020Z"",""motion"":""retrograde""},{""jd_ut"":2435765.8922078097,""utc"":""1956-10-19T09:24:46.755Z"",""motion"":""direct""},{""jd_ut"":2436005.344180695,""utc"":""1957-06-15T20:15:37.212Z"",""motion"":""retrograde""},{""jd_ut"":2436056.84515391,""utc"":""1957-08-06T08:17:01.298Z"",""motion"":""direct""}]",5
W32.09,W32,32,9,Sagittarius,240,2440591.3284550533,1970-01-04T19:52:58.517Z,2445718.621284268,1984-01-19T02:54:38.961Z,"[{""jd_ut"":2440591.3284550533,""utc"":""1970-01-04T19:52:58.517Z"",""motion"":""direct""},{""jd_ut"":2440709.564721751,""utc"":""1970-05-03T01:33:11.959Z"",""motion"":""retrograde""},{""jd_ut"":2440897.1876616525,""utc"":""1970-11-06T16:30:13.967Z"",""motion"":""direct""}]",3
W32.10,W32,32,10,Capricorn,270,2445718.621284268,1984-01-19T02:54:38.961Z,2450842.61950195,1998-01-29T02:52:04.968Z,"[{""jd_ut"":2445718.621284268,""utc"":""1984-01-19T02:54:38.961Z"",""motion"":""direct""},{""jd_ut"":2445874.5487772543,""utc"":""1984-06-23T01:10:14.355Z"",""motion"":""retrograde""},{""jd_ut"":2446026.0559996376,""utc"":""1984-11-21T13:20:38.369Z"",""motion"":""direct""}]",3
W32.11,W32,32,11,Aquarius,300,2450842.61950195,1998-01-29T02:52:04.968Z,2455656.0764313163,2011-04-04T13:50:03.666Z,"[{""jd_ut"":2450842.61950195,""utc"":""1998-01-29T02:52:04.968Z"",""motion"":""direct""},{""jd_ut"":2451048.5088232392,""utc"":""1998-08-23T00:12:42.328Z"",""motion"":""retrograde""},{""jd_ut"":2451145.5551158516,""utc"":""1998-11-28T01:19:22.010Z"",""motion"":""direct""}]",3
W32.12,W32,32,12,Pisces,330,2455656.0764313163,2011-04-04T13:50:03.666Z,2460764.9985714555,2025-03-30T11:57:56.574Z,"[{""jd_ut"":2455656.0764313163,""utc"":""2011-04-04T13:50:03.666Z"",""motion"":""direct""},{""jd_ut"":2455778.620725531,""utc"":""2011-08-05T02:53:50.686Z"",""motion"":""retrograde""},{""jd_ut"":2455961.2935555773,""utc"":""2012-02-03T19:02:43.202Z"",""motion"":""direct""}]",3
W33.01,W33,33,1,Aries,0,2460764.9985714555,2025-03-30T11:57:56.574Z,2465565.5089915534,2038-05-22T00:12:56.870Z,"[{""jd_ut"":2460764.9985714555,""utc"":""2025-03-30T11:57:56.574Z"",""motion"":""direct""},{""jd_ut"":2460970.9102396183,""utc"":""2025-10-22T09:50:44.703Z"",""motion"":""retrograde""},{""jd_ut"":2461067.232389752,""utc"":""2026-01-26T17:34:38.475Z"",""motion"":""direct""}]",3
W33.02,W33,33,2,Taurus,30,2465565.5089915534,2038-05-22T00:12:56.870Z,2470368.9957058746,2051-07-16T11:53:48.988Z,"[{""jd_ut"":2465565.5089915534,""utc"":""2038-05-22T00:12:56.870Z"",""motion"":""direct""},{""jd_ut"":2465718.017638579,""utc"":""2038-10-21T12:25:23.973Z"",""motion"":""retrograde""},{""jd_ut"":2465871.3586680945,""utc"":""2039-03-23T20:36:28.923Z"",""motion"":""direct""}]",3
W33.03,W33,33,3,Gemini,60,2470368.9957058746,2051-07-16T11:53:48.988Z,2475469.798622614,2065-07-03T07:10:00.994Z,"[{""jd_ut"":2470368.9957058746,""utc"":""2051-07-16T11:53:48.988Z"",""motion"":""direct""},{""jd_ut"":2470467.4937474662,""utc"":""2051-10-22T23:50:59.781Z"",""motion"":""retrograde""},{""jd_ut"":2470669.922314151,""utc"":""2052-05-12T10:08:07.943Z"",""motion"":""direct""}]",3
W33.04,W33,33,4,Cancer,90,2475469.798622614,2065-07-03T07:10:00.994Z,2480277.896049653,2078-09-01T09:30:18.690Z,"[{""jd_ut"":2475469.798622614,""utc"":""2065-07-03T07:10:00.994Z"",""motion"":""direct""},{""jd_ut"":2475665.381644129,""utc"":""2066-01-14T21:09:34.053Z"",""motion"":""retrograde""},{""jd_ut"":2475772.4044041187,""utc"":""2066-05-01T21:42:20.516Z"",""motion"":""direct""}]",3
W33.05,W33,33,5,Leo,120,2480277.896049653,2078-09-01T09:30:18.690Z,2485395.1197088202,2092-09-04T14:52:22.842Z,"[{""jd_ut"":2480277.896049653,""utc"":""2078-09-01T09:30:18.690Z"",""motion"":""direct""},{""jd_ut"":2480404.921458615,""utc"":""2079-01-06T10:06:54.024Z"",""motion"":""retrograde""},{""jd_ut"":2480582.750306599,""utc"":""2079-07-03T06:00:26.490Z"",""motion"":""direct""}]",3
W33.06,W33,33,6,Virgo,150,2485395.1197088202,2092-09-04T14:52:22.842Z,2490220.4665523972,2105-11-21T23:11:50.127Z,"[{""jd_ut"":2485395.1197088202,""utc"":""2092-09-04T14:52:22.842Z"",""motion"":""direct""},{""jd_ut"":2485583.062861002,""utc"":""2093-03-11T13:30:31.191Z"",""motion"":""retrograde""},{""jd_ut"":2485699.034611485,""utc"":""2093-07-05T12:49:50.432Z"",""motion"":""direct""}]",3
W33.07,W33,33,7,Libra,180,2490220.4665523972,2105-11-21T23:11:50.127Z,2495345.076216284,2119-12-03T13:49:45.087Z,"[{""jd_ut"":2490220.4665523972,""utc"":""2105-11-21T23:11:50.127Z"",""motion"":""direct""},{""jd_ut"":2490303.011592174,""utc"":""2106-02-12T12:16:41.564Z"",""motion"":""retrograde""},{""jd_ut"":2490520.7533903616,""utc"":""2106-09-18T06:04:52.927Z"",""motion"":""direct""},{""jd_ut"":2490763.4061435247,""utc"":""2107-05-18T21:44:50.801Z"",""motion"":""retrograde""},{""jd_ut"":2490809.779862589,""utc"":""2107-07-04T06:43:00.128Z"",""motion"":""direct""}]",5
W33.08,W33,33,8,Scorpio,210,2495345.076216284,2119-12-03T13:49:45.087Z,2500474.7949937684,2133-12-19T07:04:47.462Z,"[{""jd_ut"":2495345.076216284,""utc"":""2119-12-03T13:49:45.087Z"",""motion"":""direct""},{""jd_ut"":2495468.32537283,""utc"":""2120-04-04T19:48:32.213Z"",""motion"":""retrograde""},{""jd_ut"":2495651.252960571,""utc"":""2120-10-04T18:04:15.793Z"",""motion"":""direct""}]",3
W33.09,W33,33,9,Sagittarius,240,2500474.7949937684,2133-12-19T07:04:47.462Z,2505604.0144165866,2148-01-04T12:20:45.593Z,"[{""jd_ut"":2500474.7949937684,""utc"":""2133-12-19T07:04:47.462Z"",""motion"":""direct""},{""jd_ut"":2500629.9272958357,""utc"":""2134-05-23T10:15:18.360Z"",""motion"":""retrograde""},{""jd_ut"":2500782.1848027073,""utc"":""2134-10-22T16:26:06.954Z"",""motion"":""direct""}]",3
W33.10,W33,33,10,Capricorn,270,2505604.0144165866,2148-01-04T12:20:45.593Z,2510429.300001733,2161-03-21T19:12:00.150Z,"[{""jd_ut"":2505604.0144165866,""utc"":""2148-01-04T12:20:45.593Z"",""motion"":""direct""},{""jd_ut"":2505795.061763649,""utc"":""2148-07-13T13:28:56.379Z"",""motion"":""retrograde""},{""jd_ut"":2505909.2099478813,""utc"":""2148-11-04T17:02:19.497Z"",""motion"":""direct""}]",3
W33.11,W33,33,11,Aquarius,300,2510429.300001733,2161-03-21T19:12:00.150Z,2515540.541950199,2175-03-20T01:00:24.497Z,"[{""jd_ut"":2510429.300001733,""utc"":""2161-03-21T19:12:00.150Z"",""motion"":""direct""},{""jd_ut"":2510513.551972868,""utc"":""2161-06-14T01:14:50.456Z"",""motion"":""retrograde""},{""jd_ut"":2510729.5260161487,""utc"":""2162-01-16T00:37:27.795Z"",""motion"":""direct""},{""jd_ut"":2510978.2723318553,""utc"":""2162-09-21T18:32:09.472Z"",""motion"":""retrograde""},{""jd_ut"":2511018.043784422,""utc"":""2162-10-31T13:03:02.974Z"",""motion"":""direct""}]",5
W33.12,W33,33,12,Pisces,330,2515540.541950199,2175-03-20T01:00:24.497Z,2520354.622369686,2188-05-24T02:56:12.741Z,"[{""jd_ut"":2515540.541950199,""utc"":""2175-03-20T01:00:24.497Z"",""motion"":""direct""},{""jd_ut"":2515697.597952266,""utc"":""2175-08-24T02:21:03.076Z"",""motion"":""retrograde""},{""jd_ut"":2515847.3340931134,""utc"":""2176-01-20T20:01:05.645Z"",""motion"":""direct""}]",3
W34.01,W34,34,1,Aries,0,2520354.622369686,2188-05-24T02:56:12.741Z,2525451.6437376076,2202-05-09T03:26:58.929Z,"[{""jd_ut"":2520354.622369686,""utc"":""2188-05-24T02:56:12.741Z"",""motion"":""direct""},{""jd_ut"":2520434.4777235966,""utc"":""2188-08-11T23:27:55.319Z"",""motion"":""retrograde""},{""jd_ut"":2520652.396002827,""utc"":""2189-03-17T21:30:14.644Z"",""motion"":""direct""},{""jd_ut"":2520897.816397123,""utc"":""2189-11-18T07:35:36.711Z"",""motion"":""retrograde""},{""jd_ut"":2520942.251434435,""utc"":""2190-01-01T18:02:03.935Z"",""motion"":""direct""}]",5
W34.02,W34,34,2,Taurus,30,2525451.6437376076,2202-05-09T03:26:58.929Z,2530250.9073130414,2215-06-29T09:46:31.847Z,"[{""jd_ut"":2525451.6437376076,""utc"":""2202-05-09T03:26:58.929Z"",""motion"":""direct""},{""jd_ut"":2525636.1651890613,""utc"":""2202-11-09T15:57:52.335Z"",""motion"":""retrograde""},{""jd_ut"":2525756.198169183,""utc"":""2203-03-09T16:45:21.817Z"",""motion"":""direct""}]",3
W34.03,W34,34,3,Gemini,60,2530250.9073130414,2215-06-29T09:46:31.847Z,2535061.1178087406,2228-08-29T14:49:38.675Z,"[{""jd_ut"":2530250.9073130414,""utc"":""2215-06-29T09:46:31.847Z"",""motion"":""direct""},{""jd_ut"":2530387.7757224003,""utc"":""2215-11-13T06:37:02.415Z"",""motion"":""retrograde""},{""jd_ut"":2530555.8477815716,""utc"":""2216-04-29T08:20:48.328Z"",""motion"":""direct""}]",3
W34.04,W34,34,4,Cancer,90,2535061.1178087406,2228-08-29T14:49:38.675Z,2540161.5901813908,2242-08-17T02:09:51.672Z,"[{""jd_ut"":2535061.1178087406,""utc"":""2228-08-29T14:49:38.675Z"",""motion"":""direct""},{""jd_ut"":2535130.8690943215,""utc"":""2228-11-07T08:51:29.749Z"",""motion"":""retrograde""},{""jd_ut"":2535356.254534195,""utc"":""2229-06-20T18:06:31.754Z"",""motion"":""direct""},{""jd_ut"":2535590.197974452,""utc"":""2230-02-09T16:45:04.993Z"",""motion"":""retrograde""},{""jd_ut"":2535649.0534443334,""utc"":""2230-04-09T13:16:57.590Z"",""motion"":""direct""}]",5
W34.05,W34,34,5,Leo,120,2540161.5901813908,2242-08-17T02:09:51.672Z,2544983.9104021117,2255-10-30T09:50:58.742Z,"[{""jd_ut"":2540161.5901813908,""utc"":""2242-08-17T02:09:51.672Z"",""motion"":""direct""},{""jd_ut"":2540324.507471624,""utc"":""2243-01-27T00:10:45.548Z"",""motion"":""retrograde""},{""jd_ut"":2540467.0244697984,""utc"":""2243-06-18T12:35:14.191Z"",""motion"":""direct""}]",3
W34.06,W34,34,6,Virgo,150,2544983.9104021117,2255-10-30T09:50:58.742Z,2550100.1804225147,2269-11-01T16:19:48.505Z,"[{""jd_ut"":2544983.9104021117,""utc"":""2255-10-30T09:50:58.742Z"",""motion"":""direct""},{""jd_ut"":2545051.7086398145,""utc"":""2256-01-06T05:00:26.480Z"",""motion"":""retrograde""},{""jd_ut"":2545280.097246633,""utc"":""2256-08-21T14:20:02.109Z"",""motion"":""direct""},{""jd_ut"":2545509.3510546945,""utc"":""2257-04-07T20:25:31.126Z"",""motion"":""retrograde""},{""jd_ut"":2545574.519977567,""utc"":""2257-06-12T00:28:46.062Z"",""motion"":""direct""}]",5
W34.07,W34,34,7,Libra,180,2550100.1804225147,2269-11-01T16:19:48.505Z,2555228.4954227703,2283-11-16T23:53:24.527Z,"[{""jd_ut"":2550100.1804225147,""utc"":""2269-11-01T16:19:48.505Z"",""motion"":""direct""},{""jd_ut"":2550225.766878198,""utc"":""2270-03-07T06:24:18.276Z"",""motion"":""retrograde""},{""jd_ut"":2550405.996510065,""utc"":""2270-09-03T11:54:58.470Z"",""motion"":""direct""}]",3
W34.08,W34,34,8,Scorpio,210,2555228.4954227703,2283-11-16T23:53:24.527Z,2560360.399284471,2297-12-04T21:34:58.178Z,"[{""jd_ut"":2555228.4954227703,""utc"":""2283-11-16T23:53:24.527Z"",""motion"":""direct""},{""jd_ut"":2555388.852421974,""utc"":""2284-04-25T08:27:29.259Z"",""motion"":""retrograde""},{""jd_ut"":2555535.4876581095,""utc"":""2284-09-18T23:42:13.661Z"",""motion"":""direct""}]",3
W34.09,W34,34,9,Sagittarius,240,2560360.399284471,2297-12-04T21:34:58.178Z,2565194.2502805693,2311-03-01T18:00:24.241Z,"[{""jd_ut"":2560360.399284471,""utc"":""2297-12-04T21:34:58.178Z"",""motion"":""direct""},{""jd_ut"":2560549.945952165,""utc"":""2298-06-12T10:42:10.267Z"",""motion"":""retrograde""},{""jd_ut"":2560665.5814086813,""utc"":""2298-10-06T01:57:13.710Z"",""motion"":""direct""}]",3
W34.10,W34,34,10,Capricorn,270,2565194.2502805693,2311-03-01T18:00:24.241Z,2570310.4988972535,2325-03-03T23:58:24.723Z,"[{""jd_ut"":2565194.2502805693,""utc"":""2311-03-01T18:00:24.241Z"",""motion"":""direct""},{""jd_ut"":2565258.8334536906,""utc"":""2311-05-05T08:00:10.399Z"",""motion"":""retrograde""},{""jd_ut"":2565490.7440332538,""utc"":""2311-12-23T05:51:24.473Z"",""motion"":""direct""},{""jd_ut"":2565719.082039429,""utc"":""2312-08-07T13:58:08.207Z"",""motion"":""retrograde""},{""jd_ut"":2565787.666567743,""utc"":""2312-10-15T03:59:51.453Z"",""motion"":""direct""}]",5
W34.11,W34,34,11,Aquarius,300,2570310.4988972535,2325-03-03T23:58:24.723Z,2575428.0063667176,2339-03-08T12:09:10.084Z,"[{""jd_ut"":2570310.4988972535,""utc"":""2325-03-03T23:58:24.723Z"",""motion"":""direct""},{""jd_ut"":2570434.9241644414,""utc"":""2325-07-06T10:10:47.808Z"",""motion"":""retrograde""},{""jd_ut"":2570616.6183311976,""utc"":""2326-01-04T02:50:23.815Z"",""motion"":""direct""}]",3
W34.12,W34,34,12,Pisces,330,2575428.0063667176,2339-03-08T12:09:10.084Z,2580236.089022046,2352-05-06T14:08:11.505Z,"[{""jd_ut"":2575428.0063667176,""utc"":""2339-03-08T12:09:10.084Z"",""motion"":""direct""},{""jd_ut"":2575614.569526066,""utc"":""2339-09-11T01:40:07.052Z"",""motion"":""retrograde""},{""jd_ut"":2575733.4563561417,""utc"":""2340-01-07T22:57:09.171Z"",""motion"":""direct""}]",3
