shell_sign_id,shell_id,shell_ordinal,sign_ordinal,sign_name,sign_start_degree,first_direct_ingress_jd_ut,first_direct_ingress_utc,next_sign_first_direct_ingress_jd_ut,next_sign_first_direct_ingress_utc,transition_crossings,transition_crossing_count
F0.01,F0,0,1,Aries,0,440239.2094484458,-3507-03-25T17:01:36.346Z,441008.031846315,-3505-05-03T12:45:51.522Z,"[{""jd_ut"":440239.2094484458,""utc"":""-3507-03-25T17:01:36.346Z"",""motion"":""direct""}]",1
F0.02,F0,0,2,Taurus,30,441008.031846315,-3505-05-03T12:45:51.522Z,441786.98461869895,-3503-06-20T11:37:51.056Z,"[{""jd_ut"":441008.031846315,""utc"":""-3505-05-03T12:45:51.522Z"",""motion"":""direct""}]",1
F0.03,F0,0,3,Gemini,60,441786.98461869895,-3503-06-20T11:37:51.056Z,442588.9693332956,-3501-08-31T11:15:50.397Z,"[{""jd_ut"":441786.98461869895,""utc"":""-3503-06-20T11:37:51.056Z"",""motion"":""direct""},{""jd_ut"":441975.6271221227,""utc"":""-3503-12-26T03:03:03.351Z"",""motion"":""retrograde""},{""jd_ut"":442042.6861674916,""utc"":""-3502-03-03T04:28:04.871Z"",""motion"":""direct""}]",3
F0.04,F0,0,4,Cancer,90,442588.9693332956,-3501-08-31T11:15:50.397Z,443661.16118924576,-3498-08-08T15:52:06.751Z,"[{""jd_ut"":442588.9693332956,""utc"":""-3501-08-31T11:15:50.397Z"",""motion"":""direct""},{""jd_ut"":442669.4412360559,""utc"":""-3501-11-19T22:35:22.795Z"",""motion"":""retrograde""},{""jd_ut"":442852.7776901615,""utc"":""-3500-05-22T06:39:52.430Z"",""motion"":""direct""}]",3
F0.05,F0,0,5,Leo,120,443661.16118924576,-3498-08-08T15:52:06.751Z,444758.4329223172,-3495-08-09T22:23:24.488Z,"[{""jd_ut"":443661.16118924576,""utc"":""-3498-08-08T15:52:06.751Z"",""motion"":""direct""}]",1
F0.06,F0,0,6,Virgo,150,444758.4329223172,-3495-08-09T22:23:24.488Z,445585.564541987,-3493-11-15T01:32:56.428Z,"[{""jd_ut"":444758.4329223172,""utc"":""-3495-08-09T22:23:24.488Z"",""motion"":""direct""}]",1
F0.07,F0,0,7,Libra,180,445585.564541987,-3493-11-15T01:32:56.428Z,446678.56591533835,-3490-11-12T01:34:55.085Z,"[{""jd_ut"":445585.564541987,""utc"":""-3493-11-15T01:32:56.428Z"",""motion"":""direct""},{""jd_ut"":445700.73673680215,""utc"":""-3492-03-09T05:40:54.060Z"",""motion"":""retrograde""},{""jd_ut"":445859.0876379657,""utc"":""-3492-08-14T14:06:11.920Z"",""motion"":""direct""}]",3
F0.08,F0,0,8,Scorpio,210,446678.56591533835,-3490-11-12T01:34:55.085Z,447763.3579823186,-3487-10-31T20:35:29.672Z,"[{""jd_ut"":446678.56591533835,""utc"":""-3490-11-12T01:34:55.085Z"",""motion"":""direct""},{""jd_ut"":446890.53824709076,""utc"":""-3489-06-12T00:55:04.549Z"",""motion"":""retrograde""},{""jd_ut"":446936.58521732944,""utc"":""-3489-07-28T02:02:42.777Z"",""motion"":""direct""}]",3
F0.09,F0,0,9,Sagittarius,240,447763.3579823186,-3487-10-31T20:35:29.672Z,448555.7245280971,-3484-01-02T05:23:19.228Z,"[{""jd_ut"":447763.3579823186,""utc"":""-3487-10-31T20:35:29.672Z"",""motion"":""direct""}]",1
F0.10,F0,0,10,Capricorn,270,448555.7245280971,-3484-01-02T05:23:19.228Z,449336.09609349025,-3482-02-20T14:18:22.478Z,"[{""jd_ut"":448555.7245280971,""utc"":""-3484-01-02T05:23:19.228Z"",""motion"":""direct""}]",1
F0.11,F0,0,11,Aquarius,300,449336.09609349025,-3482-02-20T14:18:22.478Z,450107.05935687176,-3480-04-01T13:25:28.434Z,"[{""jd_ut"":449336.09609349025,""utc"":""-3482-02-20T14:18:22.478Z"",""motion"":""direct""},{""jd_ut"":449525.6275647916,""utc"":""-3482-08-29T03:03:41.598Z"",""motion"":""retrograde""},{""jd_ut"":449590.8499926649,""utc"":""-3482-11-02T08:23:59.366Z"",""motion"":""direct""}]",3
F0.12,F0,0,12,Pisces,330,450107.05935687176,-3480-04-01T13:25:28.434Z,450873.3921228051,-3478-05-07T21:24:39.410Z,"[{""jd_ut"":450107.05935687176,""utc"":""-3480-04-01T13:25:28.434Z"",""motion"":""direct""},{""jd_ut"":450267.7610595521,""utc"":""-3480-09-09T06:15:55.545Z"",""motion"":""retrograde""},{""jd_ut"":450365.6123859087,""utc"":""-3480-12-16T02:41:50.143Z"",""motion"":""direct""}]",3
F1.01,F1,1,1,Aries,0,450873.3921228051,-3478-05-07T21:24:39.410Z,451643.7530491662,-3476-06-16T06:04:23.448Z,"[{""jd_ut"":450873.3921228051,""utc"":""-3478-05-07T21:24:39.410Z"",""motion"":""direct""},{""jd_ut"":451019.45714905486,""utc"":""-3478-09-30T22:58:17.678Z"",""motion"":""retrograde""},{""jd_ut"":451132.9289148435,""utc"":""-3477-01-22T10:17:38.242Z"",""motion"":""direct""}]",3
F1.02,F1,1,2,Taurus,30,451643.7530491662,-3476-06-16T06:04:23.448Z,452435.7238219881,-3474-08-17T05:22:18.220Z,"[{""jd_ut"":451643.7530491662,""utc"":""-3476-06-16T06:04:23.448Z"",""motion"":""direct""},{""jd_ut"":451764.7114859688,""utc"":""-3476-10-15T05:04:32.388Z"",""motion"":""retrograde""},{""jd_ut"":451905.36576819094,""utc"":""-3475-03-04T20:46:42.372Z"",""motion"":""direct""}]",3
F1.03,F1,1,3,Gemini,60,452435.7238219881,-3474-08-17T05:22:18.220Z,453481.95711277635,-3471-06-28T10:58:14.544Z,"[{""jd_ut"":452435.7238219881,""utc"":""-3474-08-17T05:22:18.220Z"",""motion"":""direct""},{""jd_ut"":452485.1725653751,""utc"":""-3474-10-05T16:08:29.648Z"",""motion"":""retrograde""},{""jd_ut"":452688.18426431005,""utc"":""-3473-04-26T16:25:20.436Z"",""motion"":""direct""}]",3
F1.04,F1,1,4,Cancer,90,453481.95711277635,-3471-06-28T10:58:14.544Z,454294.757736129,-3469-09-19T06:11:08.402Z,"[{""jd_ut"":453481.95711277635,""utc"":""-3471-06-28T10:58:14.544Z"",""motion"":""direct""}]",1
F1.05,F1,1,5,Leo,120,454294.757736129,-3469-09-19T06:11:08.402Z,455385.5743109321,-3466-09-14T01:47:00.465Z,"[{""jd_ut"":454294.757736129,""utc"":""-3469-09-19T06:11:08.402Z"",""motion"":""direct""},{""jd_ut"":454401.0206647002,""utc"":""-3468-01-03T12:29:45.430Z"",""motion"":""retrograde""},{""jd_ut"":454565.5414093166,""utc"":""-3468-06-16T00:59:37.765Z"",""motion"":""direct""}]",3
F1.06,F1,1,6,Virgo,150,455385.5743109321,-3466-09-14T01:47:00.465Z,456487.9330584662,-3463-09-20T10:23:36.251Z,"[{""jd_ut"":455385.5743109321,""utc"":""-3466-09-14T01:47:00.465Z"",""motion"":""direct""},{""jd_ut"":455587.04241692065,""utc"":""-3465-04-03T13:01:04.822Z"",""motion"":""retrograde""},{""jd_ut"":455648.2687700968,""utc"":""-3465-06-03T18:27:01.736Z"",""motion"":""direct""}]",3
F1.07,F1,1,7,Libra,180,456487.9330584662,-3463-09-20T10:23:36.251Z,457317.962807011,-3461-12-29T11:06:26.526Z,"[{""jd_ut"":456487.9330584662,""utc"":""-3463-09-20T10:23:36.251Z"",""motion"":""direct""}]",1
F1.08,F1,1,8,Scorpio,210,457317.962807011,-3461-12-29T11:06:26.526Z,458393.1976706338,-3458-12-08T16:44:38.743Z,"[{""jd_ut"":457317.962807011,""utc"":""-3461-12-29T11:06:26.526Z"",""motion"":""direct""},{""jd_ut"":457402.2578444828,""utc"":""-3460-03-22T18:11:17.763Z"",""motion"":""retrograde""},{""jd_ut"":457585.31126286834,""utc"":""-3460-09-21T19:28:13.112Z"",""motion"":""direct""}]",3
F1.09,F1,1,9,Sagittarius,240,458393.1976706338,-3458-12-08T16:44:38.743Z,459194.07508303714,-3455-02-16T13:48:07.174Z,"[{""jd_ut"":458393.1976706338,""utc"":""-3458-12-08T16:44:38.743Z"",""motion"":""direct""}]",1
F1.10,F1,1,10,Capricorn,270,459194.07508303714,-3455-02-16T13:48:07.174Z,460239.06409673754,-3453-12-28T13:32:17.958Z,"[{""jd_ut"":459194.07508303714,""utc"":""-3455-02-16T13:48:07.174Z"",""motion"":""direct""},{""jd_ut"":459308.6485415149,""utc"":""-3455-06-11T03:33:53.987Z"",""motion"":""retrograde""},{""jd_ut"":459459.1002145767,""utc"":""-3455-11-08T14:24:18.539Z"",""motion"":""direct""}]",3
F1.11,F1,1,11,Aquarius,300,460239.06409673754,-3453-12-28T13:32:17.958Z,461007.83050764,-3450-02-04T07:55:55.860Z,"[{""jd_ut"":460239.06409673754,""utc"":""-3453-12-28T13:32:17.958Z"",""motion"":""direct""}]",1
F1.12,F1,1,12,Pisces,330,461007.83050764,-3450-02-04T07:55:55.860Z,461773.00984617916,-3448-03-10T12:14:10.710Z,"[{""jd_ut"":461007.83050764,""utc"":""-3450-02-04T07:55:55.860Z"",""motion"":""direct""}]",1
F2.01,F2,2,1,Aries,0,461773.00984617916,-3448-03-10T12:14:10.710Z,462541.69522846164,-3446-04-18T04:41:07.739Z,"[{""jd_ut"":461773.00984617916,""utc"":""-3448-03-10T12:14:10.710Z"",""motion"":""direct""}]",1
F2.02,F2,2,2,Taurus,30,462541.69522846164,-3446-04-18T04:41:07.739Z,463319.9332785063,-3444-06-04T10:23:55.263Z,"[{""jd_ut"":462541.69522846164,""utc"":""-3446-04-18T04:41:07.739Z"",""motion"":""direct""}]",1
F2.03,F2,2,3,Gemini,60,463319.9332785063,-3444-06-04T10:23:55.263Z,464114.4516563768,-3442-08-07T22:50:23.111Z,"[{""jd_ut"":463319.9332785063,""utc"":""-3444-06-04T10:23:55.263Z"",""motion"":""direct""}]",1
F2.04,F2,2,4,Cancer,90,464114.4516563768,-3442-08-07T22:50:23.111Z,465194.99337916577,-3439-07-23T11:50:27.960Z,"[{""jd_ut"":464114.4516563768,""utc"":""-3442-08-07T22:50:23.111Z"",""motion"":""direct""},{""jd_ut"":464250.5838229413,""utc"":""-3442-12-22T02:00:42.302Z"",""motion"":""retrograde""},{""jd_ut"":464382.89797362627,""utc"":""-3441-05-03T09:33:04.921Z"",""motion"":""direct""}]",3
F2.05,F2,2,5,Leo,120,465194.99337916577,-3439-07-23T11:50:27.960Z,466022.8669282051,-3437-10-29T08:48:22.597Z,"[{""jd_ut"":465194.99337916577,""utc"":""-3439-07-23T11:50:27.960Z"",""motion"":""direct""}]",1
F2.06,F2,2,6,Virgo,150,466022.8669282051,-3437-10-29T08:48:22.597Z,467115.78496285307,-3434-10-26T06:50:20.791Z,"[{""jd_ut"":466022.8669282051,""utc"":""-3437-10-29T08:48:22.597Z"",""motion"":""direct""},{""jd_ut"":466105.5984578845,""utc"":""-3436-01-20T02:21:46.761Z"",""motion"":""retrograde""},{""jd_ut"":466291.8689892753,""utc"":""-3436-07-24T08:51:20.673Z"",""motion"":""direct""}]",3
F2.07,F2,2,7,Libra,180,467115.78496285307,-3434-10-26T06:50:20.791Z,468212.9944705132,-3431-10-27T11:52:02.252Z,"[{""jd_ut"":467115.78496285307,""utc"":""-3434-10-26T06:50:20.791Z"",""motion"":""direct""},{""jd_ut"":467279.1572388335,""utc"":""-3433-04-07T15:46:25.435Z"",""motion"":""retrograde""},{""jd_ut"":467388.6572832813,""utc"":""-3433-07-26T03:46:29.276Z"",""motion"":""direct""}]",3
F2.08,F2,2,8,Scorpio,210,468212.9944705132,-3431-10-27T11:52:02.252Z,469030.10391896777,-3428-01-22T14:29:38.599Z,"[{""jd_ut"":468212.9944705132,""utc"":""-3431-10-27T11:52:02.252Z"",""motion"":""direct""}]",1
F2.09,F2,2,9,Sagittarius,240,469030.10391896777,-3428-01-22T14:29:38.599Z,470090.64498093433,-3426-12-18T03:28:46.353Z,"[{""jd_ut"":469030.10391896777,""utc"":""-3428-01-22T14:29:38.599Z"",""motion"":""direct""},{""jd_ut"":469130.48416051385,""utc"":""-3428-05-01T23:37:11.468Z"",""motion"":""retrograde""},{""jd_ut"":469297.13822645776,""utc"":""-3428-10-15T15:19:02.766Z"",""motion"":""direct""}]",3
F2.10,F2,2,10,Capricorn,270,470090.64498093433,-3426-12-18T03:28:46.353Z,470869.87590927444,-3423-02-04T09:01:18.561Z,"[{""jd_ut"":470090.64498093433,""utc"":""-3426-12-18T03:28:46.353Z"",""motion"":""direct""}]",1
F2.11,F2,2,11,Aquarius,300,470869.87590927444,-3423-02-04T09:01:18.561Z,471639.7091031984,-3421-03-16T05:01:06.516Z,"[{""jd_ut"":470869.87590927444,""utc"":""-3423-02-04T09:01:18.561Z"",""motion"":""direct""}]",1
F2.12,F2,2,12,Pisces,330,471639.7091031984,-3421-03-16T05:01:06.516Z,472405.36587487755,-3419-04-19T20:46:51.589Z,"[{""jd_ut"":471639.7091031984,""utc"":""-3421-03-16T05:01:06.516Z"",""motion"":""direct""}]",1
F3.01,F3,3,1,Aries,0,472405.36587487755,-3419-04-19T20:46:51.589Z,473174.1290356086,-3417-05-28T15:05:48.677Z,"[{""jd_ut"":472405.36587487755,""utc"":""-3419-04-19T20:46:51.589Z"",""motion"":""direct""},{""jd_ut"":472605.70135012397,""utc"":""-3419-11-06T04:49:56.651Z"",""motion"":""retrograde""},{""jd_ut"":472651.4793060026,""utc"":""-3419-12-21T23:30:12.039Z"",""motion"":""direct""}]",3
F3.02,F3,3,2,Taurus,30,473174.1290356086,-3417-05-28T15:05:48.677Z,473955.4091541179,-3415-07-17T21:49:10.916Z,"[{""jd_ut"":473174.1290356086,""utc"":""-3417-05-28T15:05:48.677Z"",""motion"":""direct""},{""jd_ut"":473344.82091511344,""utc"":""-3417-11-15T07:42:07.066Z"",""motion"":""retrograde""},{""jd_ut"":473431.54373292683,""utc"":""-3416-02-10T01:02:58.525Z"",""motion"":""direct""}]",3
F3.03,F3,3,3,Gemini,60,473955.4091541179,-3415-07-17T21:49:10.916Z,475015.8722194608,-3412-06-12T08:55:59.761Z,"[{""jd_ut"":473955.4091541179,""utc"":""-3415-07-17T21:49:10.916Z"",""motion"":""direct""},{""jd_ut"":474070.5623550307,""utc"":""-3415-11-10T01:29:47.475Z"",""motion"":""retrograde""},{""jd_ut"":474219.7867080481,""utc"":""-3414-04-08T06:52:51.575Z"",""motion"":""direct""}]",3
F3.04,F3,3,4,Cancer,90,475015.8722194608,-3412-06-12T08:55:59.761Z,475823.8793508997,-3410-08-29T09:06:15.918Z,"[{""jd_ut"":475015.8722194608,""utc"":""-3412-06-12T08:55:59.761Z"",""motion"":""direct""}]",1
F3.05,F3,3,5,Leo,120,475823.8793508997,-3410-08-29T09:06:15.918Z,476919.48527745844,-3407-08-28T23:38:47.972Z,"[{""jd_ut"":475823.8793508997,""utc"":""-3410-08-29T09:06:15.918Z"",""motion"":""direct""},{""jd_ut"":475980.1639511889,""utc"":""-3409-02-01T15:56:05.383Z"",""motion"":""retrograde""},{""jd_ut"":476094.59350555413,""utc"":""-3409-05-27T02:14:38.880Z"",""motion"":""direct""}]",3
F3.06,F3,3,6,Virgo,150,476919.48527745844,-3407-08-28T23:38:47.972Z,478022.5378084037,-3404-09-05T00:54:26.646Z,"[{""jd_ut"":476919.48527745844,""utc"":""-3407-08-28T23:38:47.972Z"",""motion"":""direct""}]",1
F3.07,F3,3,7,Libra,180,478022.5378084037,-3404-09-05T00:54:26.646Z,478844.9794511113,-3402-12-06T11:30:24.576Z,"[{""jd_ut"":478022.5378084037,""utc"":""-3404-09-05T00:54:26.646Z"",""motion"":""direct""}]",1
F3.08,F3,3,8,Scorpio,210,478844.9794511113,-3402-12-06T11:30:24.576Z,479928.5189772493,-3399-11-25T00:27:19.634Z,"[{""jd_ut"":478844.9794511113,""utc"":""-3402-12-06T11:30:24.576Z"",""motion"":""direct""},{""jd_ut"":478981.2556606586,""utc"":""-3401-04-21T18:08:09.081Z"",""motion"":""retrograde""},{""jd_ut"":479117.8950529898,""utc"":""-3401-09-05T09:28:52.578Z"",""motion"":""direct""}]",3
F3.09,F3,3,9,Sagittarius,240,479928.5189772493,-3399-11-25T00:27:19.634Z,480724.9447650324,-3396-01-30T10:40:27.699Z,"[{""jd_ut"":479928.5189772493,""utc"":""-3399-11-25T00:27:19.634Z"",""motion"":""direct""}]",1
F3.10,F3,3,10,Capricorn,270,480724.9447650324,-3396-01-30T10:40:27.699Z,481514.0137730108,-3394-03-29T12:19:49.988Z,"[{""jd_ut"":480724.9447650324,""utc"":""-3396-01-30T10:40:27.699Z"",""motion"":""direct""},{""jd_ut"":480885.5444666792,""utc"":""-3396-07-09T01:04:01.921Z"",""motion"":""retrograde""},{""jd_ut"":480989.90470887604,""utc"":""-3396-10-21T09:42:46.847Z"",""motion"":""direct""}]",3
F3.11,F3,3,11,Aquarius,300,481514.0137730108,-3394-03-29T12:19:49.988Z,482294.81422613305,-3392-05-18T07:32:29.138Z,"[{""jd_ut"":481514.0137730108,""utc"":""-3394-03-29T12:19:49.988Z"",""motion"":""direct""},{""jd_ut"":481608.7193830615,""utc"":""-3394-07-02T05:15:54.697Z"",""motion"":""retrograde""},{""jd_ut"":481773.3940879359,""utc"":""-3394-12-13T21:27:29.198Z"",""motion"":""direct""}]",3
F3.12,F3,3,12,Pisces,330,482294.81422613305,-3392-05-18T07:32:29.138Z,483073.50771000376,-3390-07-06T00:11:06.144Z,"[{""jd_ut"":482294.81422613305,""utc"":""-3392-05-18T07:32:29.138Z"",""motion"":""direct""},{""jd_ut"":482347.5691984047,""utc"":""-3392-07-10T01:39:38.742Z"",""motion"":""retrograde""},{""jd_ut"":482542.60318738956,""utc"":""-3391-01-21T02:28:35.390Z"",""motion"":""direct""}]",3
F4.01,F4,4,1,Aries,0,483073.50771000376,-3390-07-06T00:11:06.144Z,484076.4624915344,-3387-04-03T23:05:59.269Z,"[{""jd_ut"":483073.50771000376,""utc"":""-3390-07-06T00:11:06.144Z"",""motion"":""direct""},{""jd_ut"":483089.27499821014,""utc"":""-3390-07-21T18:35:59.845Z"",""motion"":""retrograde""},{""jd_ut"":483307.7201669542,""utc"":""-3389-02-25T05:17:02.425Z"",""motion"":""direct""}]",3
F4.02,F4,4,2,Taurus,30,484076.4624915344,-3387-04-03T23:05:59.269Z,484854.6840504785,-3385-05-22T04:25:01.961Z,"[{""jd_ut"":484076.4624915344,""utc"":""-3387-04-03T23:05:59.269Z"",""motion"":""direct""}]",1
F4.03,F4,4,3,Gemini,60,484854.6840504785,-3385-05-22T04:25:01.961Z,485646.6035809037,-3383-07-22T02:29:09.390Z,"[{""jd_ut"":484854.6840504785,""utc"":""-3385-05-22T04:25:01.961Z"",""motion"":""direct""}]",1
F4.04,F4,4,4,Cancer,90,485646.6035809037,-3383-07-22T02:29:09.390Z,486729.54031481105,-3380-07-09T00:58:03.200Z,"[{""jd_ut"":485646.6035809037,""utc"":""-3383-07-22T02:29:09.390Z"",""motion"":""direct""},{""jd_ut"":485830.96594175487,""utc"":""-3382-01-22T11:10:57.368Z"",""motion"":""retrograde""},{""jd_ut"":485907.718222633,""utc"":""-3382-04-09T05:14:14.435Z"",""motion"":""direct""}]",3
F4.05,F4,4,5,Leo,120,486729.54031481105,-3380-07-09T00:58:03.200Z,487550.05216008006,-3378-10-07T13:15:06.631Z,"[{""jd_ut"":486729.54031481105,""utc"":""-3380-07-09T00:58:03.200Z"",""motion"":""direct""}]",1
F4.06,F4,4,6,Virgo,150,487550.05216008006,-3378-10-07T13:15:06.631Z,488649.6836434625,-3375-10-11T04:24:26.795Z,"[{""jd_ut"":487550.05216008006,""utc"":""-3378-10-07T13:15:06.631Z"",""motion"":""direct""},{""jd_ut"":487684.4785737629,""utc"":""-3377-02-18T23:29:08.773Z"",""motion"":""retrograde""},{""jd_ut"":487824.0482749338,""utc"":""-3377-07-08T13:09:30.954Z"",""motion"":""direct""}]",3
F4.07,F4,4,7,Libra,180,488649.6836434625,-3375-10-11T04:24:26.795Z,489748.6874986319,-3372-10-14T04:29:59.882Z,"[{""jd_ut"":488649.6836434625,""utc"":""-3375-10-11T04:24:26.795Z"",""motion"":""direct""},{""jd_ut"":488865.1038633273,""utc"":""-3374-05-14T14:29:33.791Z"",""motion"":""retrograde""},{""jd_ut"":488907.3445533037,""utc"":""-3374-06-25T20:16:09.405Z"",""motion"":""direct""}]",3
F4.08,F4,4,8,Scorpio,210,489748.6874986319,-3372-10-14T04:29:59.882Z,490560.10589884536,-3369-01-03T14:32:29.660Z,"[{""jd_ut"":489748.6874986319,""utc"":""-3372-10-14T04:29:59.882Z"",""motion"":""direct""}]",1
F4.09,F4,4,9,Sagittarius,240,490560.10589884536,-3369-01-03T14:32:29.660Z,491626.9019851008,-3367-12-05T09:38:51.513Z,"[{""jd_ut"":490560.10589884536,""utc"":""-3369-01-03T14:32:29.660Z"",""motion"":""direct""},{""jd_ut"":490706.71733074577,""utc"":""-3369-05-30T05:12:57.376Z"",""motion"":""retrograde""},{""jd_ut"":490829.96973907144,""utc"":""-3369-09-30T11:16:25.456Z"",""motion"":""direct""}]",3
F4.10,F4,4,10,Capricorn,270,491626.9019851008,-3367-12-05T09:38:51.513Z,492405.98769979854,-3364-01-23T11:42:17.263Z,"[{""jd_ut"":491626.9019851008,""utc"":""-3367-12-05T09:38:51.513Z"",""motion"":""direct""}]",1
F4.11,F4,4,11,Aquarius,300,492405.98769979854,-3364-01-23T11:42:17.263Z,493175.2358419108,-3362-03-02T17:39:36.741Z,"[{""jd_ut"":492405.98769979854,""utc"":""-3364-01-23T11:42:17.263Z"",""motion"":""direct""}]",1
F4.12,F4,4,12,Pisces,330,493175.2358419108,-3362-03-02T17:39:36.741Z,493940.4595998153,-3360-04-05T23:01:49.424Z,"[{""jd_ut"":493175.2358419108,""utc"":""-3362-03-02T17:39:36.741Z"",""motion"":""direct""}]",1
F5.01,F5,5,1,Aries,0,493940.4595998153,-3360-04-05T23:01:49.424Z,494708.4183813861,-3358-05-13T22:02:28.152Z,"[{""jd_ut"":493940.4595998153,""utc"":""-3360-04-05T23:01:49.424Z"",""motion"":""direct""}]",1
F5.02,F5,5,2,Taurus,30,494708.4183813861,-3358-05-13T22:02:28.152Z,495486.6100384459,-3356-06-30T02:38:27.322Z,"[{""jd_ut"":494708.4183813861,""utc"":""-3358-05-13T22:02:28.152Z"",""motion"":""direct""}]",1
F5.03,F5,5,3,Gemini,60,495486.6100384459,-3356-06-30T02:38:27.322Z,496294.7748651075,-3354-09-16T06:35:48.345Z,"[{""jd_ut"":495486.6100384459,""utc"":""-3356-06-30T02:38:27.322Z"",""motion"":""direct""},{""jd_ut"":495647.8806067568,""utc"":""-3356-12-08T09:08:04.424Z"",""motion"":""retrograde""},{""jd_ut"":495748.7666236203,""utc"":""-3355-03-19T06:23:56.281Z"",""motion"":""direct""}]",3
F5.04,F5,5,4,Cancer,90,496294.7748651075,-3354-09-16T06:35:48.345Z,497357.2770263206,-3351-08-13T18:38:55.074Z,"[{""jd_ut"":496294.7748651075,""utc"":""-3354-09-16T06:35:48.345Z"",""motion"":""direct""},{""jd_ut"":496342.8551114162,""utc"":""-3354-11-03T08:31:21.626Z"",""motion"":""retrograde""},{""jd_ut"":496550.22906786355,""utc"":""-3353-05-29T17:29:51.463Z"",""motion"":""direct""}]",3
F5.05,F5,5,5,Leo,120,497357.2770263206,-3351-08-13T18:38:55.074Z,498454.5422342473,-3348-08-15T01:00:49.039Z,"[{""jd_ut"":497357.2770263206,""utc"":""-3351-08-13T18:38:55.074Z"",""motion"":""direct""},{""jd_ut"":497565.26790517697,""utc"":""-3350-03-09T18:25:47.007Z"",""motion"":""retrograde""},{""jd_ut"":497613.84605549404,""utc"":""-3350-04-27T08:18:19.195Z"",""motion"":""direct""}]",3
F5.06,F5,5,6,Virgo,150,498454.5422342473,-3348-08-15T01:00:49.039Z,499286.28568043245,-3346-11-24T18:51:22.789Z,"[{""jd_ut"":498454.5422342473,""utc"":""-3348-08-15T01:00:49.039Z"",""motion"":""direct""}]",1
F5.07,F5,5,7,Libra,180,499286.28568043245,-3346-11-24T18:51:22.789Z,500378.0051609719,-3343-11-20T12:07:25.908Z,"[{""jd_ut"":499286.28568043245,""utc"":""-3346-11-24T18:51:22.789Z"",""motion"":""direct""},{""jd_ut"":499378.2472567415,""utc"":""-3345-02-24T17:56:02.982Z"",""motion"":""retrograde""},{""jd_ut"":499557.069003862,""utc"":""-3345-08-22T13:39:21.934Z"",""motion"":""direct""}]",3
F5.08,F5,5,8,Scorpio,210,500378.0051609719,-3343-11-20T12:07:25.908Z,501464.819407161,-3340-11-11T07:39:56.779Z,"[{""jd_ut"":500378.0051609719,""utc"":""-3343-11-20T12:07:25.908Z"",""motion"":""direct""},{""jd_ut"":500558.2971484371,""utc"":""-3342-05-19T19:07:53.625Z"",""motion"":""retrograde""},{""jd_ut"":500646.90219026024,""utc"":""-3342-08-16T09:39:09.238Z"",""motion"":""direct""}]",3
F5.09,F5,5,9,Sagittarius,240,501464.819407161,-3340-11-11T07:39:56.779Z,502259.69854117546,-3337-01-15T04:45:53.958Z,"[{""jd_ut"":501464.819407161,""utc"":""-3340-11-11T07:39:56.779Z"",""motion"":""direct""}]",1
F5.10,F5,5,10,Capricorn,270,502259.69854117546,-3337-01-15T04:45:53.958Z,503044.02740319865,-3335-03-09T12:39:27.636Z,"[{""jd_ut"":502259.69854117546,""utc"":""-3337-01-15T04:45:53.958Z"",""motion"":""direct""},{""jd_ut"":502468.07787711686,""utc"":""-3337-08-11T13:52:08.583Z"",""motion"":""retrograde""},{""jd_ut"":502511.7409157065,""utc"":""-3337-09-24T05:46:55.117Z"",""motion"":""direct""}]",3
F5.11,F5,5,11,Aquarius,300,503044.02740319865,-3335-03-09T12:39:27.636Z,503817.90742196457,-3333-04-22T09:46:41.258Z,"[{""jd_ut"":503044.02740319865,""utc"":""-3335-03-09T12:39:27.636Z"",""motion"":""direct""},{""jd_ut"":503184.18307899486,""utc"":""-3335-07-27T16:23:38.025Z"",""motion"":""retrograde""},{""jd_ut"":503306.8202348206,""utc"":""-3335-11-27T07:41:08.288Z"",""motion"":""direct""}]",3
F5.12,F5,5,12,Pisces,330,503817.90742196457,-3333-04-22T09:46:41.258Z,504585.2669685341,-3331-05-28T18:24:26.081Z,"[{""jd_ut"":503817.90742196457,""utc"":""-3333-04-22T09:46:41.258Z"",""motion"":""direct""},{""jd_ut"":503928.29899262474,""utc"":""-3333-08-10T19:10:32.963Z"",""motion"":""retrograde""},{""jd_ut"":504077.35072885815,""utc"":""-3332-01-06T20:25:02.973Z"",""motion"":""direct""}]",3
F6.01,F6,6,1,Aries,0,504585.2669685341,-3331-05-28T18:24:26.081Z,505357.8793326607,-3329-07-10T09:06:14.342Z,"[{""jd_ut"":504585.2669685341,""utc"":""-3331-05-28T18:24:26.081Z"",""motion"":""direct""},{""jd_ut"":504680.8225809947,""utc"":""-3331-09-01T07:44:30.998Z"",""motion"":""retrograde""},{""jd_ut"":504842.72951259406,""utc"":""-3330-02-10T05:30:29.888Z"",""motion"":""direct""}]",3
F6.02,F6,6,2,Taurus,30,505357.8793326607,-3329-07-10T09:06:14.342Z,506390.7122762167,-3326-05-08T05:05:40.665Z,"[{""jd_ut"":505357.8793326607,""utc"":""-3329-07-10T09:06:14.342Z"",""motion"":""direct""},{""jd_ut"":505426.2313517289,""utc"":""-3329-09-16T17:33:08.789Z"",""motion"":""retrograde""},{""jd_ut"":505611.890013198,""utc"":""-3328-03-20T09:21:37.140Z"",""motion"":""direct""}]",3
F6.03,F6,6,3,Gemini,60,506390.7122762167,-3326-05-08T05:05:40.665Z,507181.8288419286,-3324-07-07T07:53:31.943Z,"[{""jd_ut"":506390.7122762167,""utc"":""-3326-05-08T05:05:40.665Z"",""motion"":""direct""}]",1
F6.04,F6,6,4,Cancer,90,507181.8288419286,-3324-07-07T07:53:31.943Z,507998.2855889881,-3322-10-01T18:51:14.889Z,"[{""jd_ut"":507181.8288419286,""utc"":""-3324-07-07T07:53:31.943Z"",""motion"":""direct""}]",1
F6.05,F6,6,5,Leo,120,507998.2855889881,-3322-10-01T18:51:14.889Z,509083.2267604945,-3319-09-20T17:26:32.107Z,"[{""jd_ut"":507998.2855889881,""utc"":""-3322-10-01T18:51:14.889Z"",""motion"":""direct""},{""jd_ut"":508075.8564579297,""utc"":""-3322-12-18T08:33:17.965Z"",""motion"":""retrograde""},{""jd_ut"":508264.35822971014,""utc"":""-3321-06-24T20:35:51.047Z"",""motion"":""direct""}]",3
F6.06,F6,6,6,Virgo,150,509083.2267604945,-3319-09-20T17:26:32.107Z,510185.3926857336,-3316-09-26T21:25:28.047Z,"[{""jd_ut"":509083.2267604945,""utc"":""-3319-09-20T17:26:32.107Z"",""motion"":""direct""},{""jd_ut"":509261.35113485414,""utc"":""-3318-03-17T20:25:38.051Z"",""motion"":""retrograde""},{""jd_ut"":509352.7527760102,""utc"":""-3318-06-17T06:03:59.847Z"",""motion"":""direct""}]",3
F6.07,F6,6,7,Libra,180,510185.3926857336,-3316-09-26T21:25:28.047Z,511029.83026310406,-3313-01-19T07:55:34.732Z,"[{""jd_ut"":510185.3926857336,""utc"":""-3316-09-26T21:25:28.047Z"",""motion"":""direct""}]",1
F6.08,F6,6,8,Scorpio,210,511029.83026310406,-3313-01-19T07:55:34.732Z,512094.79338365677,-3311-12-19T07:02:28.348Z,"[{""jd_ut"":511029.83026310406,""utc"":""-3313-01-19T07:55:34.732Z"",""motion"":""direct""},{""jd_ut"":511068.3199797666,""utc"":""-3313-02-26T19:40:46.252Z"",""motion"":""retrograde""},{""jd_ut"":511284.8883179721,""utc"":""-3313-10-01T09:19:10.673Z"",""motion"":""direct""}]",3
F6.09,F6,6,9,Sagittarius,240,512094.79338365677,-3311-12-19T07:02:28.348Z,512908.3884310536,-3308-03-11T21:19:20.443Z,"[{""jd_ut"":512094.79338365677,""utc"":""-3311-12-19T07:02:28.348Z"",""motion"":""direct""},{""jd_ut"":512282.6874355943,""utc"":""-3310-06-25T04:29:54.435Z"",""motion"":""retrograde""},{""jd_ut"":512359.0137332507,""utc"":""-3310-09-09T12:19:46.553Z"",""motion"":""direct""}]",3
F6.10,F6,6,10,Capricorn,270,512908.3884310536,-3308-03-11T21:19:20.443Z,513943.64863167226,-3305-01-11T03:34:01.776Z,"[{""jd_ut"":512908.3884310536,""utc"":""-3308-03-11T21:19:20.443Z"",""motion"":""direct""},{""jd_ut"":512970.15217673976,""utc"":""-3308-05-12T15:39:08.070Z"",""motion"":""retrograde""},{""jd_ut"":513163.8401337251,""utc"":""-3308-11-22T08:09:47.554Z"",""motion"":""direct""}]",3
F6.11,F6,6,11,Aquarius,300,513943.64863167226,-3305-01-11T03:34:01.776Z,514712.7536969292,-3303-02-18T06:05:19.415Z,"[{""jd_ut"":513943.64863167226,""utc"":""-3305-01-11T03:34:01.776Z"",""motion"":""direct""}]",1
F6.12,F6,6,12,Pisces,330,514712.7536969292,-3303-02-18T06:05:19.415Z,515477.7112032209,-3301-03-25T05:04:07.958Z,"[{""jd_ut"":514712.7536969292,""utc"":""-3303-02-18T06:05:19.415Z"",""motion"":""direct""}]",1
F7.01,F7,7,1,Aries,0,515477.7112032209,-3301-03-25T05:04:07.958Z,516245.215727587,-3299-05-01T17:10:38.864Z,"[{""jd_ut"":515477.7112032209,""utc"":""-3301-03-25T05:04:07.958Z"",""motion"":""direct""}]",1
F7.02,F7,7,2,Taurus,30,516245.215727587,-3299-05-01T17:10:38.864Z,517021.9419232877,-3297-06-17T10:36:22.172Z,"[{""jd_ut"":516245.215727587,""utc"":""-3299-05-01T17:10:38.864Z"",""motion"":""direct""}]",1
F7.03,F7,7,3,Gemini,60,517021.9419232877,-3297-06-17T10:36:22.172Z,517817.48353155016,-3295-08-20T23:36:17.126Z,"[{""jd_ut"":517021.9419232877,""utc"":""-3297-06-17T10:36:22.172Z"",""motion"":""direct""},{""jd_ut"":517233.38834594574,""utc"":""-3296-01-14T21:19:13.090Z"",""motion"":""retrograde""},{""jd_ut"":517266.3699883231,""utc"":""-3296-02-16T20:52:46.991Z"",""motion"":""direct""}]",3
F7.04,F7,7,4,Cancer,90,517817.48353155016,-3295-08-20T23:36:17.126Z,518892.8933475319,-3292-07-31T09:26:25.227Z,"[{""jd_ut"":517817.48353155016,""utc"":""-3295-08-20T23:36:17.126Z"",""motion"":""direct""},{""jd_ut"":517924.22987479426,""utc"":""-3295-12-05T17:31:01.182Z"",""motion"":""retrograde""},{""jd_ut"":518084.64393709414,""utc"":""-3294-05-15T03:27:16.165Z"",""motion"":""direct""}]",3
F7.05,F7,7,5,Leo,120,518892.8933475319,-3292-07-31T09:26:25.227Z,519730.26161750127,-3290-11-15T18:16:43.752Z,"[{""jd_ut"":518892.8933475319,""utc"":""-3292-07-31T09:26:25.227Z"",""motion"":""direct""}]",1
F7.06,F7,7,6,Virgo,150,519730.26161750127,-3290-11-15T18:16:43.752Z,520816.043033532,-3287-11-05T13:01:58.097Z,"[{""jd_ut"":519730.26161750127,""utc"":""-3290-11-15T18:16:43.752Z"",""motion"":""direct""},{""jd_ut"":519776.82720568345,""utc"":""-3289-01-01T07:51:10.571Z"",""motion"":""retrograde""},{""jd_ut"":519990.095971051,""utc"":""-3289-08-02T14:18:11.899Z"",""motion"":""direct""}]",3
F7.07,F7,7,7,Libra,180,520816.043033532,-3287-11-05T13:01:58.097Z,521913.6927425192,-3284-11-07T04:37:32.954Z,"[{""jd_ut"":520816.043033532,""utc"":""-3287-11-05T13:01:58.097Z"",""motion"":""direct""},{""jd_ut"":520954.21353959467,""utc"":""-3286-03-23T17:07:29.821Z"",""motion"":""retrograde""},{""jd_ut"":521090.61735326576,""utc"":""-3286-08-07T02:48:59.322Z"",""motion"":""direct""}]",3
F7.08,F7,7,8,Scorpio,210,521913.6927425192,-3284-11-07T04:37:32.954Z,522752.6833192357,-3281-02-24T04:23:58.782Z,"[{""jd_ut"":521913.6927425192,""utc"":""-3284-11-07T04:37:32.954Z"",""motion"":""direct""}]",1
F7.09,F7,7,9,Sagittarius,240,522752.6833192357,-3281-02-24T04:23:58.782Z,523796.7997460237,-3278-01-03T07:11:38.056Z,"[{""jd_ut"":522752.6833192357,""utc"":""-3281-02-24T04:23:58.782Z"",""motion"":""direct""},{""jd_ut"":522783.9284365075,""utc"":""-3281-03-27T10:16:56.914Z"",""motion"":""retrograde""},{""jd_ut"":523001.74922810716,""utc"":""-3281-10-31T05:58:53.308Z"",""motion"":""direct""}]",3
F7.10,F7,7,10,Capricorn,270,523796.7997460237,-3278-01-03T07:11:38.056Z,524579.3863572017,-3276-02-24T21:16:21.262Z,"[{""jd_ut"":523796.7997460237,""utc"":""-3278-01-03T07:11:38.056Z"",""motion"":""direct""}]",1
F7.11,F7,7,11,Aquarius,300,524579.3863572017,-3276-02-24T21:16:21.262Z,525351.4793573061,-3274-04-06T23:30:16.471Z,"[{""jd_ut"":524579.3863572017,""utc"":""-3276-02-24T21:16:21.262Z"",""motion"":""direct""},{""jd_ut"":524757.7594359729,""utc"":""-3276-08-21T06:13:35.268Z"",""motion"":""retrograde""},{""jd_ut"":524837.7733138162,""utc"":""-3276-11-09T06:33:34.314Z"",""motion"":""direct""}]",3
F7.12,F7,7,12,Pisces,330,525351.4793573061,-3274-04-06T23:30:16.471Z,526117.5682636106,-3272-05-12T01:38:17.976Z,"[{""jd_ut"":525351.4793573061,""utc"":""-3274-04-06T23:30:16.471Z"",""motion"":""direct""},{""jd_ut"":525500.2737499166,""utc"":""-3274-09-02T18:34:11.993Z"",""motion"":""retrograde""},{""jd_ut"":525611.514366616,""utc"":""-3274-12-23T00:20:41.276Z"",""motion"":""direct""}]",3
F8.01,F8,8,1,Aries,0,526117.5682636106,-3272-05-12T01:38:17.976Z,526886.5191410647,-3270-06-20T00:27:33.788Z,"[{""jd_ut"":526117.5682636106,""utc"":""-3272-05-12T01:38:17.976Z"",""motion"":""direct""},{""jd_ut"":526253.200508253,""utc"":""-3272-09-24T16:48:43.913Z"",""motion"":""retrograde""},{""jd_ut"":526377.5420953927,""utc"":""-3271-01-27T01:00:37.042Z"",""motion"":""direct""}]",3
F8.02,F8,8,2,Taurus,30,526886.5191410647,-3270-06-20T00:27:33.788Z,527674.9498562284,-3268-08-16T10:47:47.578Z,"[{""jd_ut"":526886.5191410647,""utc"":""-3270-06-20T00:27:33.788Z"",""motion"":""direct""},{""jd_ut"":527001.2971834696,""utc"":""-3270-10-12T19:07:56.652Z"",""motion"":""retrograde""},{""jd_ut"":527147.473591943,""utc"":""-3269-03-07T23:21:58.344Z"",""motion"":""direct""}]",3
F8.03,F8,8,3,Gemini,60,527674.9498562284,-3268-08-16T10:47:47.578Z,528718.7230039702,-3265-06-26T05:21:07.543Z,"[{""jd_ut"":527674.9498562284,""utc"":""-3268-08-16T10:47:47.578Z"",""motion"":""direct""},{""jd_ut"":527726.497582111,""utc"":""-3268-10-06T23:56:31.094Z"",""motion"":""retrograde""},{""jd_ut"":527927.4337496678,""utc"":""-3267-04-25T22:24:35.971Z"",""motion"":""direct""}]",3
F8.04,F8,8,4,Cancer,90,528718.7230039702,-3265-06-26T05:21:07.543Z,529527.1648573463,-3263-09-11T15:57:23.675Z,"[{""jd_ut"":528718.7230039702,""utc"":""-3265-06-26T05:21:07.543Z"",""motion"":""direct""}]",1
F8.05,F8,8,5,Leo,120,529527.1648573463,-3263-09-11T15:57:23.675Z,530618.9637494083,-3260-09-07T11:07:47.949Z,"[{""jd_ut"":529527.1648573463,""utc"":""-3263-09-11T15:57:23.675Z"",""motion"":""direct""},{""jd_ut"":529651.7800681272,""utc"":""-3262-01-14T06:43:17.886Z"",""motion"":""retrograde""},{""jd_ut"":529798.6345271191,""utc"":""-3262-06-10T03:13:43.143Z"",""motion"":""direct""}]",3
F8.06,F8,8,6,Virgo,150,530618.9637494083,-3260-09-07T11:07:47.949Z,531722.093531548,-3257-09-15T14:14:41.126Z,"[{""jd_ut"":530618.9637494083,""utc"":""-3260-09-07T11:07:47.949Z"",""motion"":""direct""}]",1
F8.07,F8,8,7,Libra,180,531722.093531548,-3257-09-15T14:14:41.126Z,532550.1234685595,-3255-12-21T14:57:47.684Z,"[{""jd_ut"":531722.093531548,""utc"":""-3257-09-15T14:14:41.126Z"",""motion"":""direct""}]",1
F8.08,F8,8,8,Scorpio,210,532550.1234685595,-3255-12-21T14:57:47.684Z,533631.5997025932,-3252-12-07T02:23:34.304Z,"[{""jd_ut"":532550.1234685595,""utc"":""-3255-12-21T14:57:47.684Z"",""motion"":""direct""},{""jd_ut"":532651.7380139334,""utc"":""-3254-04-02T05:42:44.404Z"",""motion"":""retrograde""},{""jd_ut"":532820.9581142247,""utc"":""-3254-09-18T10:59:41.069Z"",""motion"":""direct""}]",3
F8.09,F8,8,9,Sagittarius,240,533631.5997025932,-3252-12-07T02:23:34.304Z,534435.3195564672,-3249-02-18T19:40:09.679Z,"[{""jd_ut"":533631.5997025932,""utc"":""-3252-12-07T02:23:34.304Z"",""motion"":""direct""}]",1
F8.10,F8,8,10,Capricorn,270,534435.3195564672,-3249-02-18T19:40:09.679Z,535481.8904501409,-3247-12-31T09:22:14.892Z,"[{""jd_ut"":534435.3195564672,""utc"":""-3249-02-18T19:40:09.679Z"",""motion"":""direct""},{""jd_ut"":534546.6936464794,""utc"":""-3249-06-10T04:38:51.056Z"",""motion"":""retrograde""},{""jd_ut"":534700.5177747894,""utc"":""-3249-11-11T00:25:35.742Z"",""motion"":""direct""}]",3
F8.11,F8,8,11,Aquarius,300,535481.8904501409,-3247-12-31T09:22:14.892Z,536251.1986221129,-3244-02-08T16:46:00.951Z,"[{""jd_ut"":535481.8904501409,""utc"":""-3247-12-31T09:22:14.892Z"",""motion"":""direct""}]",1
F8.12,F8,8,12,Pisces,330,536251.1986221129,-3244-02-08T16:46:00.951Z,537016.0639303948,-3242-03-14T13:32:03.586Z,"[{""jd_ut"":536251.1986221129,""utc"":""-3244-02-08T16:46:00.951Z"",""motion"":""direct""}]",1
F9.01,F9,9,1,Aries,0,537016.0639303948,-3242-03-14T13:32:03.586Z,537783.4270798152,-3240-04-19T22:14:59.696Z,"[{""jd_ut"":537016.0639303948,""utc"":""-3242-03-14T13:32:03.586Z"",""motion"":""direct""}]",1
F9.02,F9,9,2,Taurus,30,537783.4270798152,-3240-04-19T22:14:59.696Z,538559.4885296568,-3238-06-04T23:43:28.962Z,"[{""jd_ut"":537783.4270798152,""utc"":""-3240-04-19T22:14:59.696Z"",""motion"":""direct""}]",1
F9.03,F9,9,3,Gemini,60,538559.4885296568,-3238-06-04T23:43:28.962Z,539350.831698074,-3236-08-04T07:57:38.714Z,"[{""jd_ut"":538559.4885296568,""utc"":""-3238-06-04T23:43:28.962Z"",""motion"":""direct""}]",1
F9.04,F9,9,4,Cancer,90,539350.831698074,-3236-08-04T07:57:38.714Z,540429.9271488632,-3233-07-19T10:15:05.662Z,"[{""jd_ut"":539350.831698074,""utc"":""-3236-08-04T07:57:38.714Z"",""motion"":""direct""},{""jd_ut"":539496.6592916164,""utc"":""-3236-12-28T03:49:22.796Z"",""motion"":""retrograde""},{""jd_ut"":539618.3013636447,""utc"":""-3235-04-28T19:13:57.819Z"",""motion"":""direct""}]",3
F9.05,F9,9,5,Leo,120,540429.9271488632,-3233-07-19T10:15:05.662Z,541253.1843141199,-3231-10-19T16:25:24.740Z,"[{""jd_ut"":540429.9271488632,""utc"":""-3233-07-19T10:15:05.662Z"",""motion"":""direct""}]",1
F9.06,F9,9,6,Virgo,150,541253.1843141199,-3231-10-19T16:25:24.740Z,542350.5063903488,-3228-10-21T00:09:12.126Z,"[{""jd_ut"":541253.1843141199,""utc"":""-3231-10-19T16:25:24.740Z"",""motion"":""direct""},{""jd_ut"":541357.8443741661,""utc"":""-3230-02-01T08:15:53.928Z"",""motion"":""retrograde""},{""jd_ut"":541525.5905049646,""utc"":""-3230-07-19T02:10:19.629Z"",""motion"":""direct""}]",3
F9.07,F9,9,7,Libra,180,542350.5063903488,-3228-10-21T00:09:12.126Z,543450.6380482968,-3225-10-26T03:18:47.373Z,"[{""jd_ut"":542350.5063903488,""utc"":""-3228-10-21T00:09:12.126Z"",""motion"":""direct""},{""jd_ut"":542528.9531233641,""utc"":""-3227-04-17T10:52:29.859Z"",""motion"":""retrograde""},{""jd_ut"":542621.0822471306,""utc"":""-3227-07-18T13:58:26.152Z"",""motion"":""direct""}]",3
F9.08,F9,9,8,Scorpio,210,543450.6380482968,-3225-10-26T03:18:47.373Z,544271.2478768637,-3222-01-23T17:56:56.561Z,"[{""jd_ut"":543450.6380482968,""utc"":""-3225-10-26T03:18:47.373Z"",""motion"":""direct""}]",1
F9.09,F9,9,9,Sagittarius,240,544271.2478768637,-3222-01-23T17:56:56.561Z,545334.9943986419,-3220-12-22T11:51:56.043Z,"[{""jd_ut"":544271.2478768637,""utc"":""-3222-01-23T17:56:56.561Z"",""motion"":""direct""},{""jd_ut"":544368.6518425371,""utc"":""-3222-05-01T03:38:39.195Z"",""motion"":""retrograde""},{""jd_ut"":544538.4400215098,""utc"":""-3222-10-17T22:33:37.858Z"",""motion"":""direct""}]",3
F9.10,F9,9,10,Capricorn,270,545334.9943986419,-3220-12-22T11:51:56.043Z,546117.0357357368,-3217-02-12T12:51:27.568Z,"[{""jd_ut"":545334.9943986419,""utc"":""-3220-12-22T11:51:56.043Z"",""motion"":""direct""}]",1
F9.11,F9,9,11,Aquarius,300,546117.0357357368,-3217-02-12T12:51:27.568Z,546888.5347526462,-3215-03-25T00:50:02.629Z,"[{""jd_ut"":546117.0357357368,""utc"":""-3217-02-12T12:51:27.568Z"",""motion"":""direct""}]",1
F9.12,F9,9,12,Pisces,330,546888.5347526462,-3215-03-25T00:50:02.629Z,547654.2400951432,-3213-04-29T17:45:44.220Z,"[{""jd_ut"":546888.5347526462,""utc"":""-3215-03-25T00:50:02.629Z"",""motion"":""direct""},{""jd_ut"":547072.752537508,""utc"":""-3215-09-25T06:03:39.241Z"",""motion"":""retrograde""},{""jd_ut"":547142.412734017,""utc"":""-3215-12-03T21:54:20.219Z"",""motion"":""direct""}]",3
F10.01,F10,10,1,Aries,0,547654.2400951432,-3213-04-29T17:45:44.220Z,548421.9432911791,-3211-06-05T10:38:20.358Z,"[{""jd_ut"":547654.2400951432,""utc"":""-3213-04-29T17:45:44.220Z"",""motion"":""direct""},{""jd_ut"":547823.8718610401,""utc"":""-3213-10-16T08:55:28.794Z"",""motion"":""retrograde""},{""jd_ut"":547910.5494219605,""utc"":""-3212-01-11T01:11:10.057Z"",""motion"":""direct""}]",3
F10.02,F10,10,2,Taurus,30,548421.9432911791,-3211-06-05T10:38:20.358Z,549201.9539490393,-3209-07-25T10:53:41.197Z,"[{""jd_ut"":548421.9432911791,""utc"":""-3211-06-05T10:38:20.358Z"",""motion"":""direct""},{""jd_ut"":548571.1846967211,""utc"":""-3211-11-01T16:25:57.797Z"",""motion"":""retrograde""},{""jd_ut"":548682.3440910021,""utc"":""-3210-02-20T20:15:29.463Z"",""motion"":""direct""}]",3
F10.03,F10,10,3,Gemini,60,549201.9539490393,-3209-07-25T10:53:41.197Z,550256.7286061328,-3206-06-14T05:29:11.570Z,"[{""jd_ut"":549201.9539490393,""utc"":""-3209-07-25T10:53:41.197Z"",""motion"":""direct""},{""jd_ut"":549302.4601930608,""utc"":""-3209-11-02T23:02:40.680Z"",""motion"":""retrograde""},{""jd_ut"":549464.4525994954,""utc"":""-3208-04-12T22:51:44.596Z"",""motion"":""direct""}]",3
F10.04,F10,10,4,Cancer,90,550256.7286061328,-3206-06-14T05:29:11.570Z,551061.8760605804,-3204-08-27T09:01:31.634Z,"[{""jd_ut"":550256.7286061328,""utc"":""-3206-06-14T05:29:11.570Z"",""motion"":""direct""}]",1
F10.05,F10,10,5,Leo,120,551061.8760605804,-3204-08-27T09:01:31.634Z,552156.077178577,-3201-08-26T13:51:08.229Z,"[{""jd_ut"":551061.8760605804,""utc"":""-3204-08-27T09:01:31.634Z"",""motion"":""direct""},{""jd_ut"":551224.2586303914,""utc"":""-3203-02-05T18:12:25.666Z"",""motion"":""retrograde""},{""jd_ut"":551331.145011605,""utc"":""-3203-05-23T15:28:49.003Z"",""motion"":""direct""}]",3
F10.06,F10,10,6,Virgo,150,552156.077178577,-3201-08-26T13:51:08.229Z,553003.6831986269,-3199-12-21T04:23:48.361Z,"[{""jd_ut"":552156.077178577,""utc"":""-3201-08-26T13:51:08.229Z"",""motion"":""direct""}]",1
F10.07,F10,10,7,Libra,180,553003.6831986269,-3199-12-21T04:23:48.361Z,554082.5337178907,-3196-12-04T00:48:33.226Z,"[{""jd_ut"":553003.6831986269,""utc"":""-3199-12-21T04:23:48.361Z"",""motion"":""direct""},{""jd_ut"":553037.929609848,""utc"":""-3198-01-24T10:18:38.291Z"",""motion"":""retrograde""},{""jd_ut"":553259.1442540016,""utc"":""-3198-09-02T15:27:43.546Z"",""motion"":""direct""}]",3
F10.08,F10,10,8,Scorpio,210,554082.5337178907,-3196-12-04T00:48:33.226Z,555169.583325997,-3193-11-26T01:59:59.366Z,"[{""jd_ut"":554082.5337178907,""utc"":""-3196-12-04T00:48:33.226Z"",""motion"":""direct""},{""jd_ut"":554224.5493699186,""utc"":""-3195-04-25T01:11:05.561Z"",""motion"":""retrograde""},{""jd_ut"":554355.9788343932,""utc"":""-3195-09-03T11:29:31.292Z"",""motion"":""direct""}]",3
F10.09,F10,10,9,Sagittarius,240,555169.583325997,-3193-11-26T01:59:59.366Z,555969.6526582881,-3190-02-03T03:39:49.676Z,"[{""jd_ut"":555169.583325997,""utc"":""-3193-11-26T01:59:59.366Z"",""motion"":""direct""}]",1
F10.10,F10,10,10,Capricorn,270,555969.6526582881,-3190-02-03T03:39:49.676Z,556766.7758287687,-3188-04-10T06:37:11.606Z,"[{""jd_ut"":555969.6526582881,""utc"":""-3190-02-03T03:39:49.676Z"",""motion"":""direct""},{""jd_ut"":556117.3312172792,""utc"":""-3190-06-30T19:56:57.173Z"",""motion"":""retrograde""},{""jd_ut"":556236.2351031415,""utc"":""-3190-10-27T17:38:32.911Z"",""motion"":""direct""}]",3
F10.11,F10,10,11,Aquarius,300,556766.7758287687,-3188-04-10T06:37:11.606Z,557790.3987038289,-3185-01-28T21:34:08.011Z,"[{""jd_ut"":556766.7758287687,""utc"":""-3188-04-10T06:37:11.606Z"",""motion"":""direct""},{""jd_ut"":556833.3373021579,""utc"":""-3188-06-15T20:05:42.906Z"",""motion"":""retrograde""},{""jd_ut"":557020.5018966941,""utc"":""-3188-12-20T00:02:43.874Z"",""motion"":""direct""}]",3
F10.12,F10,10,12,Pisces,330,557790.3987038289,-3185-01-28T21:34:08.011Z,558555.2952136064,-3183-03-03T19:05:06.456Z,"[{""jd_ut"":557790.3987038289,""utc"":""-3185-01-28T21:34:08.011Z"",""motion"":""direct""}]",1
F11.01,F11,11,1,Aries,0,558555.2952136064,-3183-03-03T19:05:06.456Z,559322.6350214023,-3181-04-10T03:14:25.849Z,"[{""jd_ut"":558555.2952136064,""utc"":""-3183-03-03T19:05:06.456Z"",""motion"":""direct""}]",1
F11.02,F11,11,2,Taurus,30,559322.6350214023,-3181-04-10T03:14:25.849Z,560098.3984691841,-3179-05-24T21:33:47.738Z,"[{""jd_ut"":559322.6350214023,""utc"":""-3181-04-10T03:14:25.849Z"",""motion"":""direct""}]",1
F11.03,F11,11,3,Gemini,60,560098.3984691841,-3179-05-24T21:33:47.738Z,560887.6149370328,-3177-07-23T02:45:30.560Z,"[{""jd_ut"":560098.3984691841,""utc"":""-3179-05-24T21:33:47.738Z"",""motion"":""direct""}]",1
F11.04,F11,11,4,Cancer,90,560887.6149370328,-3177-07-23T02:45:30.560Z,561967.5731478436,-3174-07-07T01:45:19.974Z,"[{""jd_ut"":560887.6149370328,""utc"":""-3177-07-23T02:45:30.560Z"",""motion"":""direct""},{""jd_ut"":561069.4231548805,""utc"":""-3176-01-20T22:09:20.582Z"",""motion"":""retrograde""},{""jd_ut"":561148.7948504563,""utc"":""-3176-04-09T07:04:35.079Z"",""motion"":""direct""}]",3
F11.05,F11,11,5,Leo,120,561967.5731478436,-3174-07-07T01:45:19.974Z,562786.1866278143,-3172-10-02T16:28:44.643Z,"[{""jd_ut"":561967.5731478436,""utc"":""-3174-07-07T01:45:19.974Z"",""motion"":""direct""}]",1
F11.06,F11,11,6,Virgo,150,562786.1866278143,-3172-10-02T16:28:44.643Z,563887.0176874585,-3169-10-08T12:25:28.196Z,"[{""jd_ut"":562786.1866278143,""utc"":""-3172-10-02T16:28:44.643Z"",""motion"":""direct""},{""jd_ut"":562930.4142441486,""utc"":""-3171-02-23T21:56:30.694Z"",""motion"":""retrograde""},{""jd_ut"":563059.9322608679,""utc"":""-3171-07-03T10:22:27.339Z"",""motion"":""direct""}]",3
F11.07,F11,11,7,Libra,180,563887.0176874585,-3169-10-08T12:25:28.196Z,564988.1755514776,-3166-10-13T16:12:47.648Z,"[{""jd_ut"":563887.0176874585,""utc"":""-3169-10-08T12:25:28.196Z"",""motion"":""direct""},{""jd_ut"":564121.6444600832,""utc"":""-3168-05-30T03:28:01.351Z"",""motion"":""retrograde""},{""jd_ut"":564131.7657556529,""utc"":""-3168-06-09T06:22:41.288Z"",""motion"":""direct""}]",3
F11.08,F11,11,8,Scorpio,210,564988.1755514776,-3166-10-13T16:12:47.648Z,565803.3989783803,-3163-01-05T21:34:31.732Z,"[{""jd_ut"":564988.1755514776,""utc"":""-3166-10-13T16:12:47.648Z"",""motion"":""direct""}]",1
F11.09,F11,11,9,Sagittarius,240,565803.3989783803,-3163-01-05T21:34:31.732Z,566873.5874996183,-3161-12-12T02:05:59.967Z,"[{""jd_ut"":565803.3989783803,""utc"":""-3163-01-05T21:34:31.732Z"",""motion"":""direct""},{""jd_ut"":565941.2407027066,""utc"":""-3163-05-23T17:46:36.714Z"",""motion"":""retrograde""},{""jd_ut"":566074.0344303695,""utc"":""-3163-10-03T12:49:34.784Z"",""motion"":""direct""}]",3
F11.10,F11,11,10,Capricorn,270,566873.5874996183,-3161-12-12T02:05:59.967Z,567655.6763674552,-3158-02-01T04:13:58.148Z,"[{""jd_ut"":566873.5874996183,""utc"":""-3161-12-12T02:05:59.967Z"",""motion"":""direct""}]",1
F11.11,F11,11,11,Aquarius,300,567655.6763674552,-3158-02-01T04:13:58.148Z,568426.9757839276,-3156-03-13T11:25:07.731Z,"[{""jd_ut"":567655.6763674552,""utc"":""-3158-02-01T04:13:58.148Z"",""motion"":""direct""}]",1
F11.12,F11,11,12,Pisces,330,568426.9757839276,-3156-03-13T11:25:07.731Z,569192.5502469495,-3154-04-18T01:12:21.336Z,"[{""jd_ut"":568426.9757839276,""utc"":""-3156-03-13T11:25:07.731Z"",""motion"":""direct""}]",1
F12.01,F12,12,1,Aries,0,569192.5502469495,-3154-04-18T01:12:21.336Z,569959.6641919282,-3152-05-24T03:56:26.183Z,"[{""jd_ut"":569192.5502469495,""utc"":""-3154-04-18T01:12:21.336Z"",""motion"":""direct""},{""jd_ut"":569404.2359517238,""utc"":""-3154-11-15T17:39:46.229Z"",""motion"":""retrograde""},{""jd_ut"":569432.4195210179,""utc"":""-3154-12-13T22:04:06.616Z"",""motion"":""direct""}]",3
F12.02,F12,12,2,Taurus,30,569959.6641919282,-3152-05-24T03:56:26.183Z,570736.6880621039,-3150-07-10T04:30:48.566Z,"[{""jd_ut"":569959.6641919282,""utc"":""-3152-05-24T03:56:26.183Z"",""motion"":""direct""},{""jd_ut"":570142.9352902193,""utc"":""-3152-11-23T10:26:49.075Z"",""motion"":""retrograde""},{""jd_ut"":570213.3485083238,""utc"":""-3151-02-01T20:21:51.119Z"",""motion"":""direct""}]",3
F12.03,F12,12,3,Gemini,60,570736.6880621039,-3150-07-10T04:30:48.566Z,571795.1271923282,-3147-06-02T15:03:09.417Z,"[{""jd_ut"":570736.6880621039,""utc"":""-3150-07-10T04:30:48.566Z"",""motion"":""direct""},{""jd_ut"":570871.967198017,""utc"":""-3150-11-22T11:12:45.909Z"",""motion"":""retrograde""},{""jd_ut"":571000.6193217193,""utc"":""-3149-03-31T02:51:49.397Z"",""motion"":""direct""}]",3
F12.04,F12,12,4,Cancer,90,571795.1271923282,-3147-06-02T15:03:09.417Z,572599.0066401628,-3145-08-15T12:09:33.710Z,"[{""jd_ut"":571795.1271923282,""utc"":""-3147-06-02T15:03:09.417Z"",""motion"":""direct""}]",1
F12.05,F12,12,5,Leo,120,572599.0066401628,-3145-08-15T12:09:33.710Z,573693.888154496,-3142-08-14T09:18:56.548Z,"[{""jd_ut"":572599.0066401628,""utc"":""-3145-08-15T12:09:33.710Z"",""motion"":""direct""},{""jd_ut"":572801.0172767353,""utc"":""-3144-03-04T12:24:52.710Z"",""motion"":""retrograde""},{""jd_ut"":572857.327310612,""utc"":""-3144-04-29T19:51:19.637Z"",""motion"":""direct""}]",3
F12.06,F12,12,6,Virgo,150,573693.888154496,-3142-08-14T09:18:56.548Z,574524.3131393737,-3140-11-21T19:30:55.242Z,"[{""jd_ut"":573693.888154496,""utc"":""-3142-08-14T09:18:56.548Z"",""motion"":""direct""}]",1
F12.07,F12,12,7,Libra,180,574524.3131393737,-3140-11-21T19:30:55.242Z,575618.1377011437,-3137-11-20T15:18:17.379Z,"[{""jd_ut"":574524.3131393737,""utc"":""-3140-11-21T19:30:55.242Z"",""motion"":""direct""},{""jd_ut"":574620.7253053931,""utc"":""-3139-02-26T05:24:26.386Z"",""motion"":""retrograde""},{""jd_ut"":574795.8929505011,""utc"":""-3139-08-20T09:25:50.923Z"",""motion"":""direct""}]",3
F12.08,F12,12,8,Scorpio,210,575618.1377011437,-3137-11-20T15:18:17.379Z,576707.8045051778,-3134-11-14T07:18:29.247Z,"[{""jd_ut"":575618.1377011437,""utc"":""-3137-11-20T15:18:17.379Z"",""motion"":""direct""},{""jd_ut"":575797.5522508286,""utc"":""-3136-05-18T01:15:14.472Z"",""motion"":""retrograde""},{""jd_ut"":575887.7369887882,""utc"":""-3136-08-16T05:41:15.831Z"",""motion"":""direct""}]",3
F12.09,F12,12,9,Sagittarius,240,576707.8045051778,-3134-11-14T07:18:29.247Z,577506.2562682019,-3131-01-20T18:09:01.573Z,"[{""jd_ut"":576707.8045051778,""utc"":""-3134-11-14T07:18:29.247Z"",""motion"":""direct""}]",1
F12.10,F12,12,10,Capricorn,270,577506.2562682019,-3131-01-20T18:09:01.573Z,578296.4887489926,-3129-03-21T23:43:47.913Z,"[{""jd_ut"":577506.2562682019,""utc"":""-3131-01-20T18:09:01.573Z"",""motion"":""direct""},{""jd_ut"":577689.4668471657,""utc"":""-3131-07-22T23:12:15.595Z"",""motion"":""retrograde""},{""jd_ut"":577768.1809015658,""utc"":""-3131-10-09T16:20:29.895Z"",""motion"":""direct""}]",3
F12.11,F12,12,11,Aquarius,300,578296.4887489926,-3129-03-21T23:43:47.913Z,579077.6938768534,-3127-05-11T04:39:10.960Z,"[{""jd_ut"":578296.4887489926,""utc"":""-3129-03-21T23:43:47.913Z"",""motion"":""direct""},{""jd_ut"":578406.4796215459,""utc"":""-3129-07-09T23:30:39.302Z"",""motion"":""retrograde""},{""jd_ut"":578558.3940638476,""utc"":""-3129-12-08T21:27:27.116Z"",""motion"":""direct""}]",3
F12.12,F12,12,12,Pisces,330,579077.6938768534,-3127-05-11T04:39:10.960Z,579851.0836535154,-3125-06-23T14:00:27.664Z,"[{""jd_ut"":579077.6938768534,""utc"":""-3127-05-11T04:39:10.960Z"",""motion"":""direct""},{""jd_ut"":579144.1592102589,""utc"":""-3127-07-16T15:49:15.766Z"",""motion"":""retrograde""},{""jd_ut"":579329.4227063754,""utc"":""-3126-01-17T22:08:41.831Z"",""motion"":""direct""}]",3
F13.01,F13,13,1,Aries,0,579851.0836535154,-3125-06-23T14:00:27.664Z,580862.1410716036,-3122-03-30T15:23:08.587Z,"[{""jd_ut"":579851.0836535154,""utc"":""-3125-06-23T14:00:27.664Z"",""motion"":""direct""},{""jd_ut"":579891.2675294434,""utc"":""-3125-08-02T18:25:14.544Z"",""motion"":""retrograde""},{""jd_ut"":580094.614758306,""utc"":""-3124-02-22T02:45:15.118Z"",""motion"":""direct""}]",3
F13.02,F13,13,2,Taurus,30,580862.1410716036,-3122-03-30T15:23:08.587Z,581637.9726545536,-3120-05-14T11:20:37.353Z,"[{""jd_ut"":580862.1410716036,""utc"":""-3122-03-30T15:23:08.587Z"",""motion"":""direct""}]",1
F13.03,F13,13,3,Gemini,60,581637.9726545536,-3120-05-14T11:20:37.353Z,582426.0774678658,-3118-07-11T13:51:33.224Z,"[{""jd_ut"":581637.9726545536,""utc"":""-3120-05-14T11:20:37.353Z"",""motion"":""direct""}]",1
F13.04,F13,13,4,Cancer,90,582426.0774678658,-3118-07-11T13:51:33.224Z,583240.5686609354,-3116-10-03T01:38:52.305Z,"[{""jd_ut"":582426.0774678658,""utc"":""-3118-07-11T13:51:33.224Z"",""motion"":""direct""}]",1
F13.05,F13,13,5,Leo,120,583240.5686609354,-3116-10-03T01:38:52.305Z,584322.2085948607,-3113-09-19T17:00:22.596Z,"[{""jd_ut"":583240.5686609354,""utc"":""-3116-10-03T01:38:52.305Z"",""motion"":""direct""},{""jd_ut"":583313.4774969614,""utc"":""-3116-12-14T23:27:35.737Z"",""motion"":""retrograde""},{""jd_ut"":583505.2270801056,""utc"":""-3115-06-24T17:26:59.721Z"",""motion"":""direct""}]",3
F13.06,F13,13,6,Virgo,150,584322.2085948607,-3113-09-19T17:00:22.596Z,585424.3895881949,-3110-09-25T21:21:00.420Z,"[{""jd_ut"":584322.2085948607,""utc"":""-3113-09-19T17:00:22.596Z"",""motion"":""direct""},{""jd_ut"":584503.6246071369,""utc"":""-3112-03-19T02:59:26.057Z"",""motion"":""retrograde""},{""jd_ut"":584590.8135585932,""utc"":""-3112-06-14T07:31:31.462Z"",""motion"":""direct""}]",3
F13.07,F13,13,7,Libra,180,585424.3895881949,-3110-09-25T21:21:00.420Z,586271.4687475197,-3107-01-19T23:14:59.786Z,"[{""jd_ut"":585424.3895881949,""utc"":""-3110-09-25T21:21:00.420Z"",""motion"":""direct""}]",1
F13.08,F13,13,8,Scorpio,210,586271.4687475197,-3107-01-19T23:14:59.786Z,587338.767838252,-3105-12-23T06:25:41.225Z,"[{""jd_ut"":586271.4687475197,""utc"":""-3107-01-19T23:14:59.786Z"",""motion"":""direct""},{""jd_ut"":586306.3476175603,""utc"":""-3107-02-23T20:20:34.157Z"",""motion"":""retrograde""},{""jd_ut"":586525.5661140063,""utc"":""-3107-10-01T01:35:12.250Z"",""motion"":""direct""}]",3
F13.09,F13,13,9,Sagittarius,240,587338.767838252,-3105-12-23T06:25:41.225Z,588412.0096082943,-3102-11-30T12:13:50.157Z,"[{""jd_ut"":587338.767838252,""utc"":""-3105-12-23T06:25:41.225Z"",""motion"":""direct""},{""jd_ut"":587513.8038178228,""utc"":""-3104-06-15T07:17:29.860Z"",""motion"":""retrograde""},{""jd_ut"":587606.4964873034,""utc"":""-3104-09-15T23:54:56.503Z"",""motion"":""direct""}]",3
F13.10,F13,13,10,Capricorn,270,588412.0096082943,-3102-11-30T12:13:50.157Z,589194.7542208924,-3099-01-22T06:06:04.685Z,"[{""jd_ut"":588412.0096082943,""utc"":""-3102-11-30T12:13:50.157Z"",""motion"":""direct""}]",1
F13.11,F13,13,11,Aquarius,300,589194.7542208924,-3099-01-22T06:06:04.685Z,589966.1839006767,-3097-03-04T16:24:49.018Z,"[{""jd_ut"":589194.7542208924,""utc"":""-3099-01-22T06:06:04.685Z"",""motion"":""direct""}]",1
F13.12,F13,13,12,Pisces,330,589966.1839006767,-3097-03-04T16:24:49.018Z,590731.8238796697,-3095-04-08T07:46:23.203Z,"[{""jd_ut"":589966.1839006767,""utc"":""-3097-03-04T16:24:49.018Z"",""motion"":""direct""}]",1
F14.01,F14,14,1,Aries,0,590731.8238796697,-3095-04-08T07:46:23.203Z,591498.6664390604,-3093-05-15T03:59:40.335Z,"[{""jd_ut"":590731.8238796697,""utc"":""-3095-04-08T07:46:23.203Z"",""motion"":""direct""}]",1
F14.02,F14,14,2,Taurus,30,591498.6664390604,-3093-05-15T03:59:40.335Z,592274.1378024358,-3091-06-28T15:18:26.130Z,"[{""jd_ut"":591498.6664390604,""utc"":""-3093-05-15T03:59:40.335Z"",""motion"":""direct""}]",1
F14.03,F14,14,3,Gemini,60,592274.1378024358,-3091-06-28T15:18:26.130Z,593071.7092815705,-3089-09-04T05:01:21.928Z,"[{""jd_ut"":592274.1378024358,""utc"":""-3091-06-28T15:18:26.130Z"",""motion"":""direct""},{""jd_ut"":592441.2830271362,""utc"":""-3091-12-12T18:47:33.545Z"",""motion"":""retrograde""},{""jd_ut"":592534.537270864,""utc"":""-3090-03-16T00:53:40.203Z"",""motion"":""direct""}]",3
F14.04,F14,14,4,Cancer,90,593071.7092815705,-3089-09-04T05:01:21.928Z,594137.2657539193,-3086-08-04T18:22:41.139Z,"[{""jd_ut"":593071.7092815705,""utc"":""-3089-09-04T05:01:21.928Z"",""motion"":""direct""},{""jd_ut"":593147.019570118,""utc"":""-3089-11-18T12:28:10.858Z"",""motion"":""retrograde""},{""jd_ut"":593333.403073896,""utc"":""-3088-05-22T21:40:25.585Z"",""motion"":""direct""}]",3
F14.05,F14,14,5,Leo,120,594137.2657539193,-3086-08-04T18:22:41.139Z,594977.2601573791,-3084-11-21T18:14:37.598Z,"[{""jd_ut"":594137.2657539193,""utc"":""-3086-08-04T18:22:41.139Z"",""motion"":""direct""}]",1
F14.06,F14,14,6,Virgo,150,594977.2601573791,-3084-11-21T18:14:37.598Z,596056.7899053851,-3081-11-06T06:57:27.825Z,"[{""jd_ut"":594977.2601573791,""utc"":""-3084-11-21T18:14:37.598Z"",""motion"":""direct""},{""jd_ut"":595009.4763644799,""utc"":""-3084-12-23T23:25:57.891Z"",""motion"":""retrograde""},{""jd_ut"":595231.6731415642,""utc"":""-3083-08-03T04:09:19.431Z"",""motion"":""direct""}]",3
F14.07,F14,14,7,Libra,180,596056.7899053851,-3081-11-06T06:57:27.825Z,597155.0620179356,-3078-11-08T13:29:18.350Z,"[{""jd_ut"":596056.7899053851,""utc"":""-3081-11-06T06:57:27.825Z"",""motion"":""direct""},{""jd_ut"":596193.1675294682,""utc"":""-3080-03-21T16:01:14.546Z"",""motion"":""retrograde""},{""jd_ut"":596331.3149196305,""utc"":""-3080-08-06T19:33:29.056Z"",""motion"":""direct""}]",3
F14.08,F14,14,8,Scorpio,210,597155.0620179356,-3078-11-08T13:29:18.350Z,598245.7433552942,-3075-11-03T05:50:25.897Z,"[{""jd_ut"":597155.0620179356,""utc"":""-3078-11-08T13:29:18.350Z"",""motion"":""direct""},{""jd_ut"":597387.6621112383,""utc"":""-3077-06-29T03:53:26.411Z"",""motion"":""retrograde""},{""jd_ut"":597400.9036318541,""utc"":""-3077-07-12T09:41:13.792Z"",""motion"":""direct""}]",3
F14.09,F14,14,9,Sagittarius,240,598245.7433552942,-3075-11-03T05:50:25.897Z,599043.805097671,-3072-01-10T07:19:20.439Z,"[{""jd_ut"":598245.7433552942,""utc"":""-3075-11-03T05:50:25.897Z"",""motion"":""direct""}]",1
F14.10,F14,14,10,Capricorn,270,599043.805097671,-3072-01-10T07:19:20.439Z,599831.0589843648,-3070-03-07T13:24:56.249Z,"[{""jd_ut"":599043.805097671,""utc"":""-3072-01-10T07:19:20.439Z"",""motion"":""direct""}]",1
F14.11,F14,14,11,Aquarius,300,599831.0589843648,-3070-03-07T13:24:56.249Z,600607.7993837649,-3068-04-22T07:11:06.757Z,"[{""jd_ut"":599831.0589843648,""utc"":""-3070-03-07T13:24:56.249Z"",""motion"":""direct""},{""jd_ut"":599976.5898685423,""utc"":""-3070-07-31T02:09:24.642Z"",""motion"":""retrograde""},{""jd_ut"":600094.3596932869,""utc"":""-3070-11-25T20:37:57.500Z"",""motion"":""direct""}]",3
F14.12,F14,14,12,Pisces,330,600607.7993837649,-3068-04-22T07:11:06.757Z,601376.3411203963,-3066-05-30T20:11:12.802Z,"[{""jd_ut"":600607.7993837649,""utc"":""-3068-04-22T07:11:06.757Z"",""motion"":""direct""},{""jd_ut"":600716.8292454132,""utc"":""-3068-08-09T07:54:06.804Z"",""motion"":""retrograde""},{""jd_ut"":600867.3196466235,""utc"":""-3067-01-06T19:40:17.468Z"",""motion"":""direct""}]",3
F15.01,F15,15,1,Aries,0,601376.3411203963,-3066-05-30T20:11:12.802Z,602147.5026136078,-3064-07-10T00:03:45.816Z,"[{""jd_ut"":601376.3411203963,""utc"":""-3066-05-30T20:11:12.802Z"",""motion"":""direct""},{""jd_ut"":601468.2435793874,""utc"":""-3066-08-30T17:50:45.259Z"",""motion"":""retrograde""},{""jd_ut"":601633.0306793205,""utc"":""-3065-02-11T12:44:10.693Z"",""motion"":""direct""}]",3
F15.02,F15,15,2,Taurus,30,602147.5026136078,-3064-07-10T00:03:45.816Z,603177.2461774622,-3061-05-05T17:54:29.733Z,"[{""jd_ut"":602147.5026136078,""utc"":""-3064-07-10T00:03:45.816Z"",""motion"":""direct""},{""jd_ut"":602215.679332081,""utc"":""-3064-09-16T04:18:14.292Z"",""motion"":""retrograde""},{""jd_ut"":602400.9237372156,""utc"":""-3063-03-20T10:10:10.895Z"",""motion"":""direct""}]",3
F15.03,F15,15,3,Gemini,60,603177.2461774622,-3061-05-05T17:54:29.733Z,603965.008627248,-3059-07-01T12:12:25.394Z,"[{""jd_ut"":603177.2461774622,""utc"":""-3061-05-05T17:54:29.733Z"",""motion"":""direct""}]",1
F15.04,F15,15,4,Cancer,90,603965.008627248,-3059-07-01T12:12:25.394Z,604771.5220533537,-3057-09-16T00:31:45.410Z,"[{""jd_ut"":603965.008627248,""utc"":""-3059-07-01T12:12:25.394Z"",""motion"":""direct""}]",1
F15.05,F15,15,5,Leo,120,604771.5220533537,-3057-09-16T00:31:45.410Z,605859.5215581171,-3054-09-08T00:31:02.621Z,"[{""jd_ut"":604771.5220533537,""utc"":""-3057-09-16T00:31:45.410Z"",""motion"":""direct""},{""jd_ut"":604886.1481110319,""utc"":""-3056-01-08T15:33:16.793Z"",""motion"":""retrograde""},{""jd_ut"":605042.0028414675,""utc"":""-3056-06-12T12:04:05.503Z"",""motion"":""direct""}]",3
F15.06,F15,15,6,Virgo,150,605859.5215581171,-3054-09-08T00:31:02.621Z,606961.9946144782,-3051-09-14T11:52:14.691Z,"[{""jd_ut"":605859.5215581171,""utc"":""-3054-09-08T00:31:02.621Z"",""motion"":""direct""}]",1
F15.07,F15,15,7,Libra,180,606961.9946144782,-3051-09-14T11:52:14.691Z,607791.4947180308,-3049-12-22T23:52:23.638Z,"[{""jd_ut"":606961.9946144782,""utc"":""-3051-09-14T11:52:14.691Z"",""motion"":""direct""}]",1
F15.08,F15,15,8,Scorpio,210,607791.4947180308,-3049-12-22T23:52:23.638Z,608875.2990665385,-3046-12-10T19:10:39.349Z,"[{""jd_ut"":607791.4947180308,""utc"":""-3049-12-22T23:52:23.638Z"",""motion"":""direct""},{""jd_ut"":607889.8132064028,""utc"":""-3048-03-30T07:31:01.033Z"",""motion"":""retrograde""},{""jd_ut"":608062.1245793693,""utc"":""-3048-09-18T14:59:23.658Z"",""motion"":""direct""}]",3
F15.09,F15,15,9,Sagittarius,240,608875.2990665385,-3046-12-10T19:10:39.349Z,609687.9306176046,-3043-03-02T10:20:05.361Z,"[{""jd_ut"":608875.2990665385,""utc"":""-3046-12-10T19:10:39.349Z"",""motion"":""direct""},{""jd_ut"":609099.9463800564,""utc"":""-3045-07-23T10:42:47.237Z"",""motion"":""retrograde""},{""jd_ut"":609123.9061827224,""utc"":""-3045-08-16T09:44:54.187Z"",""motion"":""direct""}]",3
F15.10,F15,15,10,Capricorn,270,609687.9306176046,-3043-03-02T10:20:05.361Z,610733.2643366673,-3040-01-11T18:20:38.688Z,"[{""jd_ut"":609687.9306176046,""utc"":""-3043-03-02T10:20:05.361Z"",""motion"":""direct""},{""jd_ut"":609770.4143382134,""utc"":""-3043-05-23T21:56:38.822Z"",""motion"":""retrograde""},{""jd_ut"":609949.2884925401,""utc"":""-3043-11-18T18:55:25.755Z"",""motion"":""direct""}]",3
F15.11,F15,15,11,Aquarius,300,610733.2643366673,-3040-01-11T18:20:38.688Z,611505.0273066212,-3038-02-21T12:39:19.292Z,"[{""jd_ut"":610733.2643366673,""utc"":""-3040-01-11T18:20:38.688Z"",""motion"":""direct""}]",1
F15.12,F15,15,12,Pisces,330,611505.0273066212,-3038-02-21T12:39:19.292Z,612270.8966877197,-3036-03-28T09:31:13.819Z,"[{""jd_ut"":611505.0273066212,""utc"":""-3038-02-21T12:39:19.292Z"",""motion"":""direct""}]",1
F16.01,F16,16,1,Aries,0,612270.8966877197,-3036-03-28T09:31:13.819Z,613037.7508030233,-3034-05-04T06:01:09.381Z,"[{""jd_ut"":612270.8966877197,""utc"":""-3036-03-28T09:31:13.819Z"",""motion"":""direct""}]",1
F16.02,F16,16,2,Taurus,30,613037.7508030233,-3034-05-04T06:01:09.381Z,613812.4448375634,-3032-06-16T22:40:33.965Z,"[{""jd_ut"":613037.7508030233,""utc"":""-3034-05-04T06:01:09.381Z"",""motion"":""direct""}]",1
F16.03,F16,16,3,Gemini,60,613812.4448375634,-3032-06-16T22:40:33.965Z,614603.72112185,-3030-08-17T05:18:24.928Z,"[{""jd_ut"":613812.4448375634,""utc"":""-3032-06-16T22:40:33.965Z"",""motion"":""direct""},{""jd_ut"":614018.9289989581,""utc"":""-3031-01-09T10:17:45.510Z"",""motion"":""retrograde""},{""jd_ut"":614059.0263684494,""utc"":""-3031-02-18T12:37:58.234Z"",""motion"":""direct""}]",3
F16.04,F16,16,4,Cancer,90,614603.72112185,-3030-08-17T05:18:24.928Z,615675.8103519198,-3027-07-24T07:26:54.406Z,"[{""jd_ut"":614603.72112185,""utc"":""-3030-08-17T05:18:24.928Z"",""motion"":""direct""},{""jd_ut"":614718.3516211815,""utc"":""-3030-12-09T20:26:20.070Z"",""motion"":""retrograde""},{""jd_ut"":614870.6188462647,""utc"":""-3029-05-11T02:51:08.317Z"",""motion"":""direct""}]",3
F16.05,F16,16,5,Leo,120,615675.8103519198,-3027-07-24T07:26:54.406Z,616498.2076865342,-3025-10-24T16:59:04.117Z,"[{""jd_ut"":615675.8103519198,""utc"":""-3027-07-24T07:26:54.406Z"",""motion"":""direct""}]",1
F16.06,F16,16,6,Virgo,150,616498.2076865342,-3025-10-24T16:59:04.117Z,617592.0169408605,-3022-10-22T12:24:23.690Z,"[{""jd_ut"":616498.2076865342,""utc"":""-3025-10-24T16:59:04.117Z"",""motion"":""direct""},{""jd_ut"":616591.7723084888,""utc"":""-3024-01-26T06:32:07.453Z"",""motion"":""retrograde""},{""jd_ut"":616768.629279058,""utc"":""-3024-07-21T03:06:09.711Z"",""motion"":""direct""}]",3
F16.07,F16,16,7,Libra,180,617592.0169408605,-3022-10-22T12:24:23.690Z,618692.2313046181,-3019-10-26T17:33:04.719Z,"[{""jd_ut"":617592.0169408605,""utc"":""-3022-10-22T12:24:23.690Z"",""motion"":""direct""},{""jd_ut"":617766.1915622421,""utc"":""-3021-04-14T16:35:50.978Z"",""motion"":""retrograde""},{""jd_ut"":617863.1901516246,""utc"":""-3021-07-20T16:33:49.100Z"",""motion"":""direct""}]",3
F16.08,F16,16,8,Scorpio,210,618692.2313046181,-3019-10-26T17:33:04.719Z,619517.1658598182,-3016-01-29T15:58:50.288Z,"[{""jd_ut"":618692.2313046181,""utc"":""-3019-10-26T17:33:04.719Z"",""motion"":""direct""}]",1
F16.09,F16,16,9,Sagittarius,240,619517.1658598182,-3016-01-29T15:58:50.288Z,620581.405451725,-3014-12-28T21:43:51.029Z,"[{""jd_ut"":619517.1658598182,""utc"":""-3016-01-29T15:58:50.288Z"",""motion"":""direct""},{""jd_ut"":619600.9076185948,""utc"":""-3016-04-22T09:46:58.247Z"",""motion"":""retrograde""},{""jd_ut"":619782.5574465881,""utc"":""-3016-10-21T01:22:43.385Z"",""motion"":""direct""}]",3
F16.10,F16,16,10,Capricorn,270,620581.405451725,-3014-12-28T21:43:51.029Z,621367.1657077845,-3011-02-21T15:58:37.153Z,"[{""jd_ut"":620581.405451725,""utc"":""-3014-12-28T21:43:51.029Z"",""motion"":""direct""}]",1
F16.11,F16,16,11,Aquarius,300,621367.1657077845,-3011-02-21T15:58:37.153Z,622142.2310459355,-3009-04-07T17:32:42.369Z,"[{""jd_ut"":621367.1657077845,""utc"":""-3011-02-21T15:58:37.153Z"",""motion"":""direct""},{""jd_ut"":621549.6322075666,""utc"":""-3011-08-23T03:10:22.734Z"",""motion"":""retrograde""},{""jd_ut"":621625.4535527669,""utc"":""-3011-11-06T22:53:06.959Z"",""motion"":""direct""}]",3
F16.12,F16,16,12,Pisces,330,622142.2310459355,-3009-04-07T17:32:42.369Z,622909.765676003,-3007-05-14T06:22:34.407Z,"[{""jd_ut"":622142.2310459355,""utc"":""-3009-04-07T17:32:42.369Z"",""motion"":""direct""},{""jd_ut"":622287.1771035371,""utc"":""-3009-08-30T16:15:01.746Z"",""motion"":""retrograde""},{""jd_ut"":622402.8815090752,""utc"":""-3009-12-24T09:09:22.384Z"",""motion"":""direct""}]",3
F17.01,F17,17,1,Aries,0,622909.765676003,-3007-05-14T06:22:34.407Z,623678.2142848975,-3005-06-21T17:08:34.215Z,"[{""jd_ut"":622909.765676003,""utc"":""-3007-05-14T06:22:34.407Z"",""motion"":""direct""},{""jd_ut"":623038.5708078472,""utc"":""-3007-09-20T01:41:57.798Z"",""motion"":""retrograde""},{""jd_ut"":623169.6683484782,""utc"":""-3006-01-29T04:02:25.309Z"",""motion"":""direct""}]",3
F17.02,F17,17,2,Taurus,30,623678.2142848975,-3005-06-21T17:08:34.215Z,624463.1192782887,-3003-08-14T14:51:45.644Z,"[{""jd_ut"":623678.2142848975,""utc"":""-3005-06-21T17:08:34.215Z"",""motion"":""direct""},{""jd_ut"":623787.9196786669,""utc"":""-3005-10-09T10:04:20.237Z"",""motion"":""retrograde""},{""jd_ut"":623938.3299901949,""utc"":""-3004-03-07T19:55:11.153Z"",""motion"":""direct""}]",3
F17.03,F17,17,3,Gemini,60,624463.1192782887,-3003-08-14T14:51:45.644Z,625503.8487927571,-3000-06-21T08:22:15.694Z,"[{""jd_ut"":624463.1192782887,""utc"":""-3003-08-14T14:51:45.644Z"",""motion"":""direct""},{""jd_ut"":624517.6798993051,""utc"":""-3003-10-08T04:19:03.300Z"",""motion"":""retrograde""},{""jd_ut"":624715.7323682078,""utc"":""-3002-04-24T05:34:36.613Z"",""motion"":""direct""}]",3
F17.04,F17,17,4,Cancer,90,625503.8487927571,-3000-06-21T08:22:15.694Z,626306.5582836189,-2998-09-02T01:23:55.705Z,"[{""jd_ut"":625503.8487927571,""utc"":""-3000-06-21T08:22:15.694Z"",""motion"":""direct""}]",1
F17.05,F17,17,5,Leo,120,626306.5582836189,-2998-09-02T01:23:55.705Z,627397.1717503939,-2995-08-27T16:07:19.234Z,"[{""jd_ut"":626306.5582836189,""utc"":""-2998-09-02T01:23:55.705Z"",""motion"":""direct""},{""jd_ut"":626456.7811280696,""utc"":""-2997-01-30T06:44:49.465Z"",""motion"":""retrograde""},{""jd_ut"":626576.599424826,""utc"":""-2997-05-30T02:23:10.305Z"",""motion"":""direct""}]",3
F17.06,F17,17,6,Virgo,150,627397.1717503939,-2995-08-27T16:07:19.234Z,628243.1388980213,-2993-12-21T15:20:00.789Z,"[{""jd_ut"":627397.1717503939,""utc"":""-2995-08-27T16:07:19.234Z"",""motion"":""direct""}]",1
F17.07,F17,17,7,Libra,180,628243.1388980213,-2993-12-21T15:20:00.789Z,629323.0173436662,-2990-12-05T12:24:58.493Z,"[{""jd_ut"":628243.1388980213,""utc"":""-2993-12-21T15:20:00.789Z"",""motion"":""direct""},{""jd_ut"":628278.5171995922,""utc"":""-2992-01-26T00:24:46.045Z"",""motion"":""retrograde""},{""jd_ut"":628499.0939005411,""utc"":""-2992-09-02T14:15:13.007Z"",""motion"":""direct""}]",3
F17.08,F17,17,8,Scorpio,210,629323.0173436662,-2990-12-05T12:24:58.493Z,630412.1018200284,-2987-11-28T14:26:37.250Z,"[{""jd_ut"":629323.0173436662,""utc"":""-2990-12-05T12:24:58.493Z"",""motion"":""direct""},{""jd_ut"":629463.7049756043,""utc"":""-2989-04-25T04:55:09.892Z"",""motion"":""retrograde""},{""jd_ut"":629596.6338197077,""utc"":""-2989-09-05T03:12:42.023Z"",""motion"":""direct""}]",3
F17.09,F17,17,9,Sagittarius,240,630412.1018200284,-2987-11-28T14:26:37.250Z,631217.1898405796,-2984-02-11T16:33:22.226Z,"[{""jd_ut"":630412.1018200284,""utc"":""-2987-11-28T14:26:37.250Z"",""motion"":""direct""}]",1
F17.10,F17,17,10,Capricorn,270,631217.1898405796,-2984-02-11T16:33:22.226Z,632270.7497823464,-2982-12-31T05:59:41.195Z,"[{""jd_ut"":631217.1898405796,""utc"":""-2984-02-11T16:33:22.226Z"",""motion"":""direct""},{""jd_ut"":631345.6445452678,""utc"":""-2984-06-19T03:28:08.711Z"",""motion"":""retrograde""},{""jd_ut"":631484.4566433199,""utc"":""-2984-11-04T22:57:33.983Z"",""motion"":""direct""}]",3
F17.11,F17,17,11,Aquarius,300,632270.7497823464,-2982-12-31T05:59:41.195Z,633043.0514161447,-2979-02-10T13:14:02.355Z,"[{""jd_ut"":632270.7497823464,""utc"":""-2982-12-31T05:59:41.195Z"",""motion"":""direct""}]",1
F17.12,F17,17,12,Pisces,330,633043.0514161447,-2979-02-10T13:14:02.355Z,633809.2023341844,-2977-03-18T16:51:21.674Z,"[{""jd_ut"":633043.0514161447,""utc"":""-2979-02-10T13:14:02.355Z"",""motion"":""direct""}]",1
F18.01,F18,18,1,Aries,0,633809.2023341844,-2977-03-18T16:51:21.674Z,634576.1849865618,-2975-04-23T16:26:22.839Z,"[{""jd_ut"":633809.2023341844,""utc"":""-2977-03-18T16:51:21.674Z"",""motion"":""direct""}]",1
F18.02,F18,18,2,Taurus,30,634576.1849865618,-2975-04-23T16:26:22.839Z,635350.5404641544,-2973-06-07T00:58:16.103Z,"[{""jd_ut"":634576.1849865618,""utc"":""-2975-04-23T16:26:22.839Z"",""motion"":""direct""}]",1
F18.03,F18,18,3,Gemini,60,635350.5404641544,-2973-06-07T00:58:16.103Z,636138.7179090141,-2971-08-03T05:13:47.339Z,"[{""jd_ut"":635350.5404641544,""utc"":""-2973-06-07T00:58:16.103Z"",""motion"":""direct""}]",1
F18.04,F18,18,4,Cancer,90,636138.7179090141,-2971-08-03T05:13:47.339Z,637213.7677828136,-2968-07-13T06:25:36.435Z,"[{""jd_ut"":636138.7179090141,""utc"":""-2971-08-03T05:13:47.339Z"",""motion"":""direct""},{""jd_ut"":636289.0577216484,""utc"":""-2971-12-31T13:23:07.150Z"",""motion"":""retrograde""},{""jd_ut"":636404.9657852103,""utc"":""-2970-04-26T11:10:43.842Z"",""motion"":""direct""}]",3
F18.05,F18,18,5,Leo,120,637213.7677828136,-2968-07-13T06:25:36.435Z,638030.2270987956,-2966-10-07T17:27:01.336Z,"[{""jd_ut"":637213.7677828136,""utc"":""-2968-07-13T06:25:36.435Z"",""motion"":""direct""}]",1
F18.06,F18,18,6,Virgo,150,638030.2270987956,-2966-10-07T17:27:01.336Z,639128.2022748038,-2963-10-09T16:51:16.543Z,"[{""jd_ut"":638030.2270987956,""utc"":""-2966-10-07T17:27:01.336Z"",""motion"":""direct""},{""jd_ut"":638164.7653520848,""utc"":""-2965-02-19T06:22:06.420Z"",""motion"":""retrograde""},{""jd_ut"":638303.5567025659,""utc"":""-2965-07-08T01:21:39.102Z"",""motion"":""direct""}]",3
F18.07,F18,18,7,Libra,180,639128.2022748038,-2963-10-09T16:51:16.543Z,640229.0865505496,-2960-10-14T14:04:37.967Z,"[{""jd_ut"":639128.2022748038,""utc"":""-2963-10-09T16:51:16.543Z"",""motion"":""direct""},{""jd_ut"":639353.0656241912,""utc"":""-2962-05-22T13:34:29.930Z"",""motion"":""retrograde""},{""jd_ut"":639379.8100264894,""utc"":""-2962-06-18T07:26:26.289Z"",""motion"":""direct""}]",3
F18.08,F18,18,8,Scorpio,210,640229.0865505496,-2960-10-14T14:04:37.967Z,641046.1640253419,-2957-01-09T15:56:11.790Z,"[{""jd_ut"":640229.0865505496,""utc"":""-2960-10-14T14:04:37.967Z"",""motion"":""direct""}]",1
F18.09,F18,18,9,Sagittarius,240,641046.1640253419,-2957-01-09T15:56:11.790Z,642118.4256157747,-2955-12-16T22:12:53.203Z,"[{""jd_ut"":641046.1640253419,""utc"":""-2957-01-09T15:56:11.790Z"",""motion"":""direct""},{""jd_ut"":641176.8131018966,""utc"":""-2957-05-20T07:30:52.004Z"",""motion"":""retrograde""},{""jd_ut"":641317.2266573098,""utc"":""-2957-10-07T17:26:23.192Z"",""motion"":""direct""}]",3
F18.10,F18,18,10,Capricorn,270,642118.4256157747,-2955-12-16T22:12:53.203Z,642903.4185434291,-2952-02-09T22:02:42.152Z,"[{""jd_ut"":642118.4256157747,""utc"":""-2955-12-16T22:12:53.203Z"",""motion"":""direct""}]",1
F18.11,F18,18,11,Aquarius,300,642903.4185434291,-2952-02-09T22:02:42.152Z,643677.5420599757,-2950-03-25T01:00:33.982Z,"[{""jd_ut"":642903.4185434291,""utc"":""-2952-02-09T22:02:42.152Z"",""motion"":""direct""}]",1
F18.12,F18,18,12,Pisces,330,643677.5420599757,-2950-03-25T01:00:33.982Z,644444.6583581485,-2948-04-30T03:48:02.144Z,"[{""jd_ut"":643677.5420599757,""utc"":""-2950-03-25T01:00:33.982Z"",""motion"":""direct""},{""jd_ut"":643862.4408902358,""utc"":""-2950-09-25T22:34:52.916Z"",""motion"":""retrograde""},{""jd_ut"":643931.7675835644,""utc"":""-2950-12-04T06:25:19.220Z"",""motion"":""direct""}]",3
F19.01,F19,19,1,Aries,0,644444.6583581485,-2948-04-30T03:48:02.144Z,645212.1404528546,-2946-06-06T15:22:15.127Z,"[{""jd_ut"":644444.6583581485,""utc"":""-2948-04-30T03:48:02.144Z"",""motion"":""direct""},{""jd_ut"":644611.2418325881,""utc"":""-2948-10-13T17:48:14.336Z"",""motion"":""retrograde""},{""jd_ut"":644701.5814861441,""utc"":""-2947-01-12T01:57:20.403Z"",""motion"":""direct""}]",3
F19.02,F19,19,2,Taurus,30,645212.1404528546,-2946-06-06T15:22:15.127Z,645989.9837998208,-2944-07-23T11:36:40.305Z,"[{""jd_ut"":645212.1404528546,""utc"":""-2946-06-06T15:22:15.127Z"",""motion"":""direct""},{""jd_ut"":645359.5465967469,""utc"":""-2946-11-01T01:07:05.959Z"",""motion"":""retrograde""},{""jd_ut"":645472.3139981595,""utc"":""-2945-02-21T19:32:09.441Z"",""motion"":""direct""}]",3
F19.03,F19,19,3,Gemini,60,645989.9837998208,-2944-07-23T11:36:40.305Z,647041.8417585078,-2941-06-10T08:12:07.935Z,"[{""jd_ut"":645989.9837998208,""utc"":""-2944-07-23T11:36:40.305Z"",""motion"":""direct""},{""jd_ut"":646093.9748323509,""utc"":""-2944-11-04T11:23:45.515Z"",""motion"":""retrograde""},{""jd_ut"":646252.2122023692,""utc"":""-2943-04-11T17:05:34.285Z"",""motion"":""direct""}]",3
F19.04,F19,19,4,Cancer,90,647041.8417585078,-2941-06-10T08:12:07.935Z,647842.8182927847,-2939-08-19T07:38:20.497Z,"[{""jd_ut"":647041.8417585078,""utc"":""-2941-06-10T08:12:07.935Z"",""motion"":""direct""}]",1
F19.05,F19,19,5,Leo,120,647842.8182927847,-2939-08-19T07:38:20.497Z,648934.4246483787,-2936-08-14T22:11:29.620Z,"[{""jd_ut"":647842.8182927847,""utc"":""-2939-08-19T07:38:20.497Z"",""motion"":""direct""},{""jd_ut"":648031.5815850841,""utc"":""-2938-02-24T01:57:28.951Z"",""motion"":""retrograde""},{""jd_ut"":648105.3174673079,""utc"":""-2938-05-08T19:37:09.175Z"",""motion"":""direct""}]",3
F19.06,F19,19,6,Virgo,150,648934.4246483787,-2936-08-14T22:11:29.620Z,649762.623811421,-2934-11-21T02:58:17.307Z,"[{""jd_ut"":648934.4246483787,""utc"":""-2936-08-14T22:11:29.620Z"",""motion"":""direct""}]",1
F19.07,F19,19,7,Libra,180,649762.623811421,-2934-11-21T02:58:17.307Z,650856.9692551552,-2931-11-19T11:15:43.645Z,"[{""jd_ut"":649762.623811421,""utc"":""-2934-11-21T02:58:17.307Z"",""motion"":""direct""},{""jd_ut"":649862.9348658605,""utc"":""-2933-03-01T10:26:12.410Z"",""motion"":""retrograde""},{""jd_ut"":650034.7257451157,""utc"":""-2933-08-20T05:25:04.378Z"",""motion"":""direct""}]",3
F19.08,F19,19,8,Scorpio,210,650856.9692551552,-2931-11-19T11:15:43.645Z,651948.258028588,-2928-11-14T18:11:33.670Z,"[{""jd_ut"":650856.9692551552,""utc"":""-2931-11-19T11:15:43.645Z"",""motion"":""direct""},{""jd_ut"":651039.9492755115,""utc"":""-2930-05-21T10:46:57.404Z"",""motion"":""retrograde""},{""jd_ut"":651125.8284269909,""utc"":""-2930-08-15T07:52:56.092Z"",""motion"":""direct""}]",3
F19.09,F19,19,9,Sagittarius,240,651948.258028588,-2928-11-14T18:11:33.670Z,652749.7610222087,-2925-01-25T06:15:52.319Z,"[{""jd_ut"":651948.258028588,""utc"":""-2928-11-14T18:11:33.670Z"",""motion"":""direct""}]",1
F19.10,F19,19,10,Capricorn,270,652749.7610222087,-2925-01-25T06:15:52.319Z,653547.6111308807,-2923-04-02T02:40:01.708Z,"[{""jd_ut"":652749.7610222087,""utc"":""-2925-01-25T06:15:52.319Z"",""motion"":""direct""},{""jd_ut"":652921.8333328716,""utc"":""-2925-07-16T07:59:59.960Z"",""motion"":""retrograde""},{""jd_ut"":653014.6331347367,""utc"":""-2925-10-17T03:11:42.841Z"",""motion"":""direct""}]",3
F19.11,F19,19,11,Aquarius,300,653547.6111308807,-2923-04-02T02:40:01.708Z,654579.6372645057,-2920-01-29T03:17:39.653Z,"[{""jd_ut"":653547.6111308807,""utc"":""-2923-04-02T02:40:01.708Z"",""motion"":""direct""},{""jd_ut"":653632.1754033917,""utc"":""-2923-06-25T16:12:34.853Z"",""motion"":""retrograde""},{""jd_ut"":653806.2612659354,""utc"":""-2923-12-16T18:16:13.377Z"",""motion"":""direct""}]",3
F19.12,F19,19,12,Pisces,330,654579.6372645057,-2920-01-29T03:17:39.653Z,655346.2800810123,-2918-03-05T18:43:18.999Z,"[{""jd_ut"":654579.6372645057,""utc"":""-2920-01-29T03:17:39.653Z"",""motion"":""direct""}]",1
F20.01,F20,20,1,Aries,0,655346.2800810123,-2918-03-05T18:43:18.999Z,656113.6082162163,-2916-04-11T02:35:49.881Z,"[{""jd_ut"":655346.2800810123,""utc"":""-2918-03-05T18:43:18.999Z"",""motion"":""direct""}]",1
F20.02,F20,20,2,Taurus,30,656113.6082162163,-2916-04-11T02:35:49.881Z,656888.047995561,-2914-05-25T13:09:06.816Z,"[{""jd_ut"":656113.6082162163,""utc"":""-2916-04-11T02:35:49.881Z"",""motion"":""direct""}]",1
F20.03,F20,20,3,Gemini,60,656888.047995561,-2914-05-25T13:09:06.816Z,657674.639677915,-2912-07-20T03:21:08.172Z,"[{""jd_ut"":656888.047995561,""utc"":""-2914-05-25T13:09:06.816Z"",""motion"":""direct""}]",1
F20.04,F20,20,4,Cancer,90,657674.639677915,-2912-07-20T03:21:08.172Z,658495.0005576278,-2910-10-18T12:00:48.179Z,"[{""jd_ut"":657674.639677915,""utc"":""-2912-07-20T03:21:08.172Z"",""motion"":""direct""},{""jd_ut"":657865.2244518634,""utc"":""-2911-01-26T17:23:12.641Z"",""motion"":""retrograde""},{""jd_ut"":657932.1963609529,""utc"":""-2911-04-03T16:42:45.586Z"",""motion"":""direct""}]",3
F20.05,F20,20,5,Leo,120,658495.0005576278,-2910-10-18T12:00:48.179Z,659564.6718771982,-2907-09-22T04:07:30.190Z,"[{""jd_ut"":658495.0005576278,""utc"":""-2910-10-18T12:00:48.179Z"",""motion"":""direct""},{""jd_ut"":658537.4786893332,""utc"":""-2910-11-29T23:29:18.758Z"",""motion"":""retrograde""},{""jd_ut"":658750.5602138946,""utc"":""-2909-07-01T01:26:42.480Z"",""motion"":""direct""}]",3
F20.06,F20,20,6,Virgo,150,659564.6718771982,-2907-09-22T04:07:30.190Z,660664.4187652466,-2904-09-25T22:03:01.317Z,"[{""jd_ut"":659564.6718771982,""utc"":""-2907-09-22T04:07:30.190Z"",""motion"":""direct""},{""jd_ut"":659739.3244088159,""utc"":""-2906-03-15T19:47:08.922Z"",""motion"":""retrograde""},{""jd_ut"":659833.9775587446,""utc"":""-2906-06-18T11:27:41.076Z"",""motion"":""direct""}]",3
F20.07,F20,20,7,Libra,180,660664.4187652466,-2904-09-25T22:03:01.317Z,661508.5736170579,-2901-01-18T01:46:00.514Z,"[{""jd_ut"":660664.4187652466,""utc"":""-2904-09-25T22:03:01.317Z"",""motion"":""direct""}]",1
F20.08,F20,20,8,Scorpio,210,661508.5736170579,-2901-01-18T01:46:00.514Z,662578.9001301643,-2899-12-24T09:36:11.246Z,"[{""jd_ut"":661508.5736170579,""utc"":""-2901-01-18T01:46:00.514Z"",""motion"":""direct""},{""jd_ut"":661549.433629144,""utc"":""-2901-02-27T22:24:25.558Z"",""motion"":""retrograde""},{""jd_ut"":661764.9564526202,""utc"":""-2901-10-01T10:57:17.506Z"",""motion"":""direct""}]",3
F20.09,F20,20,9,Sagittarius,240,662578.9001301643,-2899-12-24T09:36:11.246Z,663654.3714243828,-2896-12-03T20:54:51.067Z,"[{""jd_ut"":662578.9001301643,""utc"":""-2899-12-24T09:36:11.246Z"",""motion"":""direct""},{""jd_ut"":662753.1724290499,""utc"":""-2898-06-16T16:08:17.870Z"",""motion"":""retrograde""},{""jd_ut"":662847.2259774406,""utc"":""-2898-09-18T17:25:24.451Z"",""motion"":""direct""}]",3
F20.10,F20,20,10,Capricorn,270,663654.3714243828,-2896-12-03T20:54:51.067Z,664439.3196440008,-2893-01-27T19:40:17.242Z,"[{""jd_ut"":663654.3714243828,""utc"":""-2896-12-03T20:54:51.067Z"",""motion"":""direct""}]",1
F20.11,F20,20,11,Aquarius,300,664439.3196440008,-2893-01-27T19:40:17.242Z,665212.9071656703,-2891-03-11T09:46:19.114Z,"[{""jd_ut"":664439.3196440008,""utc"":""-2893-01-27T19:40:17.242Z"",""motion"":""direct""}]",1
F20.12,F20,20,12,Pisces,330,665212.9071656703,-2891-03-11T09:46:19.114Z,665979.8146347643,-2889-04-17T07:33:04.444Z,"[{""jd_ut"":665212.9071656703,""utc"":""-2891-03-11T09:46:19.114Z"",""motion"":""direct""}]",1
F21.01,F21,21,1,Aries,0,665979.8146347643,-2889-04-17T07:33:04.444Z,666746.8507154624,-2887-05-23T08:25:01.816Z,"[{""jd_ut"":665979.8146347643,""utc"":""-2889-04-17T07:33:04.444Z"",""motion"":""direct""}]",1
F21.02,F21,21,2,Taurus,30,666746.8507154624,-2887-05-23T08:25:01.816Z,667522.0808620129,-2885-07-07T13:56:26.478Z,"[{""jd_ut"":666746.8507154624,""utc"":""-2887-05-23T08:25:01.816Z"",""motion"":""direct""},{""jd_ut"":666938.2628804401,""utc"":""-2887-11-30T18:18:32.870Z"",""motion"":""retrograde""},{""jd_ut"":666997.3658357135,""utc"":""-2886-01-28T20:46:48.206Z"",""motion"":""direct""}]",3
F21.03,F21,21,3,Gemini,60,667522.0808620129,-2885-07-07T13:56:26.478Z,668323.4095600902,-2883-09-15T21:49:45.992Z,"[{""jd_ut"":667522.0808620129,""utc"":""-2885-07-07T13:56:26.478Z"",""motion"":""direct""},{""jd_ut"":667667.8989584236,""utc"":""-2885-11-30T09:34:30.008Z"",""motion"":""retrograde""},{""jd_ut"":667784.8954236328,""utc"":""-2884-03-26T09:29:24.602Z"",""motion"":""direct""}]",3
F21.04,F21,21,4,Cancer,90,668323.4095600902,-2883-09-15T21:49:45.992Z,669379.0884788702,-2880-08-06T14:07:24.574Z,"[{""jd_ut"":668323.4095600902,""utc"":""-2883-09-15T21:49:45.992Z"",""motion"":""direct""},{""jd_ut"":668374.006908688,""utc"":""-2883-11-05T12:09:56.911Z"",""motion"":""retrograde""},{""jd_ut"":668578.1804649357,""utc"":""-2882-05-28T16:19:52.170Z"",""motion"":""direct""}]",3
F21.05,F21,21,5,Leo,120,669379.0884788702,-2880-08-06T14:07:24.574Z,670213.4604716671,-2878-11-18T23:03:04.752Z,"[{""jd_ut"":669379.0884788702,""utc"":""-2880-08-06T14:07:24.574Z"",""motion"":""direct""}]",1
F21.06,F21,21,6,Virgo,150,670213.4604716671,-2878-11-18T23:03:04.752Z,671293.2782696658,-2875-11-02T18:40:42.499Z,"[{""jd_ut"":670213.4604716671,""utc"":""-2878-11-18T23:03:04.752Z"",""motion"":""direct""},{""jd_ut"":670253.8334979434,""utc"":""-2878-12-29T08:00:14.222Z"",""motion"":""retrograde""},{""jd_ut"":670470.5221291052,""utc"":""-2877-08-03T00:31:51.955Z"",""motion"":""direct""}]",3
F21.07,F21,21,7,Libra,180,671293.2782696658,-2875-11-02T18:40:42.499Z,672391.7627423422,-2872-11-05T06:18:20.938Z,"[{""jd_ut"":671293.2782696658,""utc"":""-2875-11-02T18:40:42.499Z"",""motion"":""direct""},{""jd_ut"":671438.6235893532,""utc"":""-2874-03-28T02:57:58.120Z"",""motion"":""retrograde""},{""jd_ut"":671567.5090506559,""utc"":""-2874-08-04T00:13:01.977Z"",""motion"":""direct""}]",3
F21.08,F21,21,8,Scorpio,210,672391.7627423422,-2872-11-05T06:18:20.938Z,673238.200562539,-2869-03-01T16:48:48.603Z,"[{""jd_ut"":672391.7627423422,""utc"":""-2872-11-05T06:18:20.938Z"",""motion"":""direct""}]",1
F21.09,F21,21,9,Sagittarius,240,673238.200562539,-2869-03-01T16:48:48.603Z,674283.4820501641,-2866-01-09T23:34:09.134Z,"[{""jd_ut"":673238.200562539,""utc"":""-2869-03-01T16:48:48.603Z"",""motion"":""direct""},{""jd_ut"":673257.4999694813,""utc"":""-2869-03-20T23:59:57.363Z"",""motion"":""retrograde""},{""jd_ut"":673483.3695511569,""utc"":""-2869-11-01T20:52:09.220Z"",""motion"":""direct""}]",3
F21.10,F21,21,10,Capricorn,270,674283.4820501641,-2866-01-09T23:34:09.134Z,675074.2712022059,-2864-03-10T18:30:31.871Z,"[{""jd_ut"":674283.4820501641,""utc"":""-2866-01-09T23:34:09.134Z"",""motion"":""direct""}]",1
F21.11,F21,21,11,Aquarius,300,675074.2712022059,-2864-03-10T18:30:31.871Z,675856.5917920575,-2862-05-02T02:12:10.834Z,"[{""jd_ut"":675074.2712022059,""utc"":""-2864-03-10T18:30:31.871Z"",""motion"":""direct""},{""jd_ut"":675211.3307153191,""utc"":""-2864-07-25T19:56:13.804Z"",""motion"":""retrograde""},{""jd_ut"":675338.3588644795,""utc"":""-2864-11-29T20:36:45.891Z"",""motion"":""direct""}]",3
F21.12,F21,21,12,Pisces,330,675856.5917920575,-2862-05-02T02:12:10.834Z,676631.3141619533,-2860-06-14T19:32:23.593Z,"[{""jd_ut"":675856.5917920575,""utc"":""-2862-05-02T02:12:10.834Z"",""motion"":""direct""},{""jd_ut"":675945.5119285488,""utc"":""-2862-07-30T00:17:10.627Z"",""motion"":""retrograde""},{""jd_ut"":676113.7896250747,""utc"":""-2861-01-14T06:57:03.606Z"",""motion"":""direct""}]",3
F22.01,F22,22,1,Aries,0,676631.3141619533,-2860-06-14T19:32:23.593Z,677648.9975571898,-2857-03-29T11:56:28.941Z,"[{""jd_ut"":676631.3141619533,""utc"":""-2860-06-14T19:32:23.593Z"",""motion"":""direct""},{""jd_ut"":676690.5795716413,""utc"":""-2860-08-13T01:54:34.990Z"",""motion"":""retrograde""},{""jd_ut"":676881.1063294634,""utc"":""-2859-02-19T14:33:06.866Z"",""motion"":""direct""}]",3
F22.02,F22,22,2,Taurus,30,677648.9975571898,-2857-03-29T11:56:28.941Z,678424.0377096194,-2855-05-12T12:54:18.111Z,"[{""jd_ut"":677648.9975571898,""utc"":""-2857-03-29T11:56:28.941Z"",""motion"":""direct""}]",1
F22.03,F22,22,3,Gemini,60,678424.0377096194,-2855-05-12T12:54:18.111Z,679210.2015811198,-2853-07-07T16:50:16.609Z,"[{""jd_ut"":678424.0377096194,""utc"":""-2855-05-12T12:54:18.111Z"",""motion"":""direct""}]",1
F22.04,F22,22,4,Cancer,90,679210.2015811198,-2853-07-07T16:50:16.609Z,680016.0324496799,-2851-09-20T12:46:43.652Z,"[{""jd_ut"":679210.2015811198,""utc"":""-2853-07-07T16:50:16.609Z"",""motion"":""direct""}]",1
F22.05,F22,22,5,Leo,120,680016.0324496799,-2851-09-20T12:46:43.652Z,681099.7078708934,-2848-09-08T04:59:20.045Z,"[{""jd_ut"":680016.0324496799,""utc"":""-2851-09-20T12:46:43.652Z"",""motion"":""direct""},{""jd_ut"":680120.5397870704,""utc"":""-2850-01-03T00:57:17.603Z"",""motion"":""retrograde""},{""jd_ut"":680285.1038870562,""utc"":""-2850-06-16T14:29:35.842Z"",""motion"":""direct""}]",3
F22.06,F22,22,6,Virgo,150,681099.7078708934,-2848-09-08T04:59:20.045Z,682199.9654493092,-2845-09-13T11:10:14.820Z,"[{""jd_ut"":681099.7078708934,""utc"":""-2848-09-08T04:59:20.045Z"",""motion"":""direct""}]",1
F22.07,F22,22,7,Libra,180,682199.9654493092,-2845-09-13T11:10:14.820Z,683026.7877583823,-2843-12-18T06:54:22.324Z,"[{""jd_ut"":682199.9654493092,""utc"":""-2845-09-13T11:10:14.820Z"",""motion"":""direct""}]",1
F22.08,F22,22,8,Scorpio,210,683026.7877583823,-2843-12-18T06:54:22.324Z,684112.6235373614,-2840-12-08T02:57:53.628Z,"[{""jd_ut"":683026.7877583823,""utc"":""-2843-12-18T06:54:22.324Z"",""motion"":""direct""},{""jd_ut"":683135.9355929045,""utc"":""-2842-04-06T10:27:15.227Z"",""motion"":""retrograde""},{""jd_ut"":683298.801843066,""utc"":""-2842-09-16T07:14:39.241Z"",""motion"":""direct""}]",3
F22.09,F22,22,9,Sagittarius,240,684112.6235373614,-2840-12-08T02:57:53.628Z,684925.087304784,-2837-02-28T14:05:43.133Z,"[{""jd_ut"":684112.6235373614,""utc"":""-2840-12-08T02:57:53.628Z"",""motion"":""direct""}]",1
F22.10,F22,22,10,Capricorn,270,684925.087304784,-2837-02-28T14:05:43.133Z,685974.0981069284,-2834-01-12T14:21:16.439Z,"[{""jd_ut"":684925.087304784,""utc"":""-2837-02-28T14:05:43.133Z"",""motion"":""direct""},{""jd_ut"":685013.5006751886,""utc"":""-2837-05-28T00:00:58.336Z"",""motion"":""retrograde""},{""jd_ut"":685188.1703945317,""utc"":""-2837-11-18T16:05:22.088Z"",""motion"":""direct""}]",3
F22.11,F22,22,11,Aquarius,300,685974.0981069284,-2834-01-12T14:21:16.439Z,686747.5804103378,-2832-02-25T01:55:47.453Z,"[{""jd_ut"":685974.0981069284,""utc"":""-2834-01-12T14:21:16.439Z"",""motion"":""direct""}]",1
F22.12,F22,22,12,Pisces,330,686747.5804103378,-2832-02-25T01:55:47.453Z,687514.5218370338,-2830-04-02T00:31:26.720Z,"[{""jd_ut"":686747.5804103378,""utc"":""-2832-02-25T01:55:47.453Z"",""motion"":""direct""}]",1
F23.01,F23,23,1,Aries,0,687514.5218370338,-2830-04-02T00:31:26.720Z,688281.4999849971,-2828-05-07T23:59:58.704Z,"[{""jd_ut"":687514.5218370338,""utc"":""-2830-04-02T00:31:26.720Z"",""motion"":""direct""}]",1
F23.02,F23,23,2,Taurus,30,688281.4999849971,-2828-05-07T23:59:58.704Z,689055.614341361,-2826-06-21T02:44:39.094Z,"[{""jd_ut"":688281.4999849971,""utc"":""-2828-05-07T23:59:58.704Z"",""motion"":""direct""}]",1
F23.03,F23,23,3,Gemini,60,689055.614341361,-2826-06-21T02:44:39.094Z,689845.9787037997,-2824-08-19T11:29:20.008Z,"[{""jd_ut"":689055.614341361,""utc"":""-2826-06-21T02:44:39.094Z"",""motion"":""direct""},{""jd_ut"":689249.1072310624,""utc"":""-2826-12-31T14:34:24.764Z"",""motion"":""retrograde""},{""jd_ut"":689307.8686098142,""utc"":""-2825-02-28T08:50:47.888Z"",""motion"":""direct""}]",3
F23.04,F23,23,4,Cancer,90,689845.9787037997,-2824-08-19T11:29:20.008Z,690914.841651452,-2821-07-24T08:11:58.685Z,"[{""jd_ut"":689845.9787037997,""utc"":""-2824-08-19T11:29:20.008Z"",""motion"":""direct""},{""jd_ut"":689955.746971261,""utc"":""-2824-12-07T05:55:38.317Z"",""motion"":""retrograde""},{""jd_ut"":690112.021242785,""utc"":""-2823-05-12T12:30:35.377Z"",""motion"":""direct""}]",3
F23.05,F23,23,5,Leo,120,690914.841651452,-2821-07-24T08:11:58.685Z,691732.8913865767,-2819-10-19T09:23:35.800Z,"[{""jd_ut"":690914.841651452,""utc"":""-2821-07-24T08:11:58.685Z"",""motion"":""direct""}]",1
F23.06,F23,23,6,Virgo,150,691732.8913865767,-2819-10-19T09:23:35.800Z,692826.3689448815,-2816-10-16T20:51:16.838Z,"[{""jd_ut"":691732.8913865767,""utc"":""-2819-10-19T09:23:35.800Z"",""motion"":""direct""},{""jd_ut"":691838.8890147435,""utc"":""-2818-02-02T09:20:10.874Z"",""motion"":""retrograde""},{""jd_ut"":692004.567868555,""utc"":""-2818-07-18T01:37:43.843Z"",""motion"":""direct""}]",3
F23.07,F23,23,7,Libra,180,692826.3689448815,-2816-10-16T20:51:16.838Z,693926.4707045506,-2813-10-21T23:17:48.873Z,"[{""jd_ut"":692826.3689448815,""utc"":""-2816-10-16T20:51:16.838Z"",""motion"":""direct""},{""jd_ut"":693018.4514316765,""utc"":""-2815-04-26T22:50:03.697Z"",""motion"":""retrograde""},{""jd_ut"":693093.0762111514,""utc"":""-2815-07-10T13:49:44.643Z"",""motion"":""direct""}]",3
F23.08,F23,23,8,Scorpio,210,693926.4707045506,-2813-10-21T23:17:48.873Z,694747.3756406449,-2810-01-19T21:00:55.352Z,"[{""jd_ut"":693926.4707045506,""utc"":""-2813-10-21T23:17:48.873Z"",""motion"":""direct""}]",1
F23.09,F23,23,9,Sagittarius,240,694747.3756406449,-2810-01-19T21:00:55.352Z,695817.4492097797,-2808-12-24T22:46:51.725Z,"[{""jd_ut"":694747.3756406449,""utc"":""-2810-01-19T21:00:55.352Z"",""motion"":""direct""},{""jd_ut"":694853.0558506907,""utc"":""-2810-05-05T13:20:25.500Z"",""motion"":""retrograde""},{""jd_ut"":695016.5389798104,""utc"":""-2810-10-16T00:56:07.856Z"",""motion"":""direct""}]",3
F23.10,F23,23,10,Capricorn,270,695817.4492097797,-2808-12-24T22:46:51.725Z,696605.1349895538,-2805-02-20T15:14:23.097Z,"[{""jd_ut"":695817.4492097797,""utc"":""-2808-12-24T22:46:51.725Z"",""motion"":""direct""}]",1
F23.11,F23,23,11,Aquarius,300,696605.1349895538,-2805-02-20T15:14:23.097Z,697382.7548858803,-2803-04-08T06:07:02.140Z,"[{""jd_ut"":696605.1349895538,""utc"":""-2805-02-20T15:14:23.097Z"",""motion"":""direct""},{""jd_ut"":696793.8112666421,""utc"":""-2805-08-28T07:28:13.438Z"",""motion"":""retrograde""},{""jd_ut"":696862.2541542992,""utc"":""-2805-11-04T18:05:58.931Z"",""motion"":""direct""}]",3
F23.12,F23,23,12,Pisces,330,697382.7548858803,-2803-04-08T06:07:02.140Z,698152.6251037933,-2801-05-18T03:00:08.968Z,"[{""jd_ut"":697382.7548858803,""utc"":""-2803-04-08T06:07:02.140Z"",""motion"":""direct""},{""jd_ut"":697526.0930777162,""utc"":""-2803-08-29T14:14:01.915Z"",""motion"":""retrograde""},{""jd_ut"":697643.9631247376,""utc"":""-2803-12-25T11:06:53.977Z"",""motion"":""direct""}]",3
F24.01,F24,24,1,Aries,0,698152.6251037933,-2801-05-18T03:00:08.968Z,698922.4264072606,-2799-06-25T22:14:01.587Z,"[{""jd_ut"":698152.6251037933,""utc"":""-2801-05-18T03:00:08.968Z"",""motion"":""direct""},{""jd_ut"":698274.4281177148,""utc"":""-2801-09-16T22:16:29.371Z"",""motion"":""retrograde""},{""jd_ut"":698412.6541025098,""utc"":""-2800-02-02T03:41:54.457Z"",""motion"":""direct""}]",3
F24.02,F24,24,2,Taurus,30,698922.4264072606,-2799-06-25T22:14:01.587Z,699710.2909114887,-2797-08-22T18:58:54.753Z,"[{""jd_ut"":698922.4264072606,""utc"":""-2799-06-25T22:14:01.587Z"",""motion"":""direct""},{""jd_ut"":699022.5515228647,""utc"":""-2799-10-04T01:14:11.576Z"",""motion"":""retrograde""},{""jd_ut"":699181.605511735,""utc"":""-2798-03-12T02:31:56.214Z"",""motion"":""direct""}]",3
F24.03,F24,24,3,Gemini,60,699710.2909114887,-2797-08-22T18:58:54.753Z,700744.9254391575,-2794-06-22T10:12:37.943Z,"[{""jd_ut"":699710.2909114887,""utc"":""-2797-08-22T18:58:54.753Z"",""motion"":""direct""},{""jd_ut"":699749.9511702221,""utc"":""-2797-10-01T10:49:41.107Z"",""motion"":""retrograde""},{""jd_ut"":699958.0464041284,""utc"":""-2796-04-26T13:06:49.317Z"",""motion"":""direct""}]",3
F24.04,F24,24,4,Cancer,90,700744.9254391575,-2794-06-22T10:12:37.943Z,701546.0372280523,-2792-08-31T12:53:36.504Z,"[{""jd_ut"":700744.9254391575,""utc"":""-2794-06-22T10:12:37.943Z"",""motion"":""direct""}]",1
F24.05,F24,24,5,Leo,120,701546.0372280523,-2792-08-31T12:53:36.504Z,702634.4917765267,-2789-08-24T23:48:09.492Z,"[{""jd_ut"":701546.0372280523,""utc"":""-2792-08-31T12:53:36.504Z"",""motion"":""direct""},{""jd_ut"":701698.0218326263,""utc"":""-2791-01-30T12:31:26.339Z"",""motion"":""retrograde""},{""jd_ut"":701815.4548529689,""utc"":""-2791-05-27T22:54:59.297Z"",""motion"":""direct""}]",3
F24.06,F24,24,6,Virgo,150,702634.4917765267,-2789-08-24T23:48:09.492Z,703469.2557177094,-2787-12-06T18:08:14.010Z,"[{""jd_ut"":702634.4917765267,""utc"":""-2789-08-24T23:48:09.492Z"",""motion"":""direct""}]",1
F24.07,F24,24,7,Libra,180,703469.2557177094,-2787-12-06T18:08:14.010Z,704556.2486529406,-2784-11-27T17:58:03.614Z,"[{""jd_ut"":703469.2557177094,""utc"":""-2787-12-06T18:08:14.010Z"",""motion"":""direct""},{""jd_ut"":703534.2883916942,""utc"":""-2786-02-09T18:55:17.042Z"",""motion"":""retrograde""},{""jd_ut"":703734.1840181977,""utc"":""-2786-08-28T16:24:59.172Z"",""motion"":""direct""}]",3
F24.08,F24,24,8,Scorpio,210,704556.2486529406,-2784-11-27T17:58:03.614Z,705646.6394806094,-2781-11-23T03:20:51.125Z,"[{""jd_ut"":704556.2486529406,""utc"":""-2784-11-27T17:58:03.614Z"",""motion"":""direct""},{""jd_ut"":704714.6330760461,""utc"":""-2783-05-05T03:11:37.770Z"",""motion"":""retrograde""},{""jd_ut"":704828.854394617,""utc"":""-2783-08-27T08:30:19.695Z"",""motion"":""direct""}]",3
F24.09,F24,24,9,Sagittarius,240,705646.6394806094,-2781-11-23T03:20:51.125Z,706450.7492979446,-2778-02-04T05:58:59.342Z,"[{""jd_ut"":705646.6394806094,""utc"":""-2781-11-23T03:20:51.125Z"",""motion"":""direct""}]",1
F24.10,F24,24,10,Capricorn,270,706450.7492979446,-2778-02-04T05:58:59.342Z,707268.9449189657,-2776-05-02T10:40:40.999Z,"[{""jd_ut"":706450.7492979446,""utc"":""-2778-02-04T05:58:59.342Z"",""motion"":""direct""},{""jd_ut"":706594.794721961,""utc"":""-2778-06-28T07:04:23.977Z"",""motion"":""retrograde""},{""jd_ut"":706718.6064086759,""utc"":""-2778-10-30T02:33:13.710Z"",""motion"":""direct""}]",3
F24.11,F24,24,11,Aquarius,300,707268.9449189657,-2776-05-02T10:40:40.999Z,708281.3734998442,-2773-02-08T20:57:50.387Z,"[{""jd_ut"":707268.9449189657,""utc"":""-2776-05-02T10:40:40.999Z"",""motion"":""direct""},{""jd_ut"":707288.5108811785,""utc"":""-2776-05-22T00:15:40.134Z"",""motion"":""retrograde""},{""jd_ut"":707507.5554911285,""utc"":""-2776-12-27T01:19:54.433Z"",""motion"":""direct""}]",3
F24.12,F24,24,12,Pisces,330,708281.3734998442,-2773-02-08T20:57:50.387Z,709048.4200854427,-2771-03-16T22:04:55.382Z,"[{""jd_ut"":708281.3734998442,""utc"":""-2773-02-08T20:57:50.387Z"",""motion"":""direct""}]",1
F25.01,F25,25,1,Aries,0,709048.4200854427,-2771-03-16T22:04:55.382Z,709815.4855902013,-2769-04-22T23:39:14.993Z,"[{""jd_ut"":709048.4200854427,""utc"":""-2771-03-16T22:04:55.382Z"",""motion"":""direct""}]",1
F25.02,F25,25,2,Taurus,30,709815.4855902013,-2769-04-22T23:39:14.993Z,710589.2076925514,-2767-06-04T16:59:04.636Z,"[{""jd_ut"":709815.4855902013,""utc"":""-2769-04-22T23:39:14.993Z"",""motion"":""direct""}]",1
F25.03,F25,25,3,Gemini,60,710589.2076925514,-2767-06-04T16:59:04.636Z,711375.8917686876,-2765-07-31T09:24:08.815Z,"[{""jd_ut"":710589.2076925514,""utc"":""-2767-06-04T16:59:04.636Z"",""motion"":""direct""}]",1
F25.04,F25,25,4,Cancer,90,711375.8917686876,-2765-07-31T09:24:08.815Z,712449.349202974,-2762-07-08T20:22:51.137Z,"[{""jd_ut"":711375.8917686876,""utc"":""-2765-07-31T09:24:08.815Z"",""motion"":""direct""},{""jd_ut"":711534.3129688324,""utc"":""-2764-01-05T19:30:40.507Z"",""motion"":""retrograde""},{""jd_ut"":711640.7234697291,""utc"":""-2764-04-21T05:21:47.785Z"",""motion"":""direct""}]",3
F25.05,F25,25,5,Leo,120,712449.349202974,-2762-07-08T20:22:51.137Z,713262.6118069016,-2760-09-29T02:41:00.116Z,"[{""jd_ut"":712449.349202974,""utc"":""-2762-07-08T20:22:51.137Z"",""motion"":""direct""}]",1
F25.06,F25,25,6,Virgo,150,713262.6118069016,-2760-09-29T02:41:00.116Z,714360.1906145611,-2757-10-01T16:34:29.098Z,"[{""jd_ut"":713262.6118069016,""utc"":""-2760-09-29T02:41:00.116Z"",""motion"":""direct""},{""jd_ut"":713417.0273907701,""utc"":""-2759-03-02T12:39:26.563Z"",""motion"":""retrograde""},{""jd_ut"":713534.6337116591,""utc"":""-2759-06-28T03:12:32.687Z"",""motion"":""direct""}]",3
F25.07,F25,25,7,Libra,180,714360.1906145611,-2757-10-01T16:34:29.098Z,715460.4506592397,-2754-10-05T22:48:56.958Z,"[{""jd_ut"":714360.1906145611,""utc"":""-2757-10-01T16:34:29.098Z"",""motion"":""direct""}]",1
F25.08,F25,25,8,Scorpio,210,715460.4506592397,-2754-10-05T22:48:56.958Z,716275.2388049522,-2752-12-28T17:43:52.748Z,"[{""jd_ut"":715460.4506592397,""utc"":""-2754-10-05T22:48:56.958Z"",""motion"":""direct""}]",1
F25.09,F25,25,9,Sagittarius,240,716275.2388049522,-2752-12-28T17:43:52.748Z,717350.8101708898,-2749-12-09T07:26:38.765Z,"[{""jd_ut"":716275.2388049522,""utc"":""-2752-12-28T17:43:52.748Z"",""motion"":""direct""},{""jd_ut"":716433.6624081305,""utc"":""-2751-06-05T03:53:52.062Z"",""motion"":""retrograde""},{""jd_ut"":716545.6519102177,""utc"":""-2751-09-25T03:38:45.043Z"",""motion"":""direct""}]",3
F25.10,F25,25,10,Capricorn,270,717350.8101708898,-2749-12-09T07:26:38.765Z,718137.1260482611,-2746-02-02T15:01:30.570Z,"[{""jd_ut"":717350.8101708898,""utc"":""-2749-12-09T07:26:38.765Z"",""motion"":""direct""}]",1
F25.11,F25,25,11,Aquarius,300,718137.1260482611,-2746-02-02T15:01:30.570Z,718912.7291987899,-2744-03-19T05:30:02.775Z,"[{""jd_ut"":718137.1260482611,""utc"":""-2746-02-02T15:01:30.570Z"",""motion"":""direct""}]",1
F25.12,F25,25,12,Pisces,330,718912.7291987899,-2744-03-19T05:30:02.775Z,719681.2256473734,-2742-04-26T17:24:55.933Z,"[{""jd_ut"":718912.7291987899,""utc"":""-2744-03-19T05:30:02.775Z"",""motion"":""direct""},{""jd_ut"":719115.373392822,""utc"":""-2744-10-07T20:57:41.140Z"",""motion"":""retrograde""},{""jd_ut"":719160.6839432183,""utc"":""-2744-11-22T04:24:52.694Z"",""motion"":""direct""}]",3
F26.01,F26,26,1,Aries,0,719681.2256473734,-2742-04-26T17:24:55.933Z,720449.2988655076,-2740-06-02T19:10:21.980Z,"[{""jd_ut"":719681.2256473734,""utc"":""-2742-04-26T17:24:55.933Z"",""motion"":""direct""},{""jd_ut"":719857.9058900676,""utc"":""-2742-10-20T09:44:28.902Z"",""motion"":""retrograde""},{""jd_ut"":719936.3410910999,""utc"":""-2741-01-06T20:11:10.271Z"",""motion"":""direct""}]",3
F26.02,F26,26,2,Taurus,30,720449.2988655076,-2740-06-02T19:10:21.980Z,721226.1063251009,-2738-07-19T14:33:06.489Z,"[{""jd_ut"":720449.2988655076,""utc"":""-2740-06-02T19:10:21.980Z"",""motion"":""direct""},{""jd_ut"":720604.2633645295,""utc"":""-2740-11-04T18:19:14.695Z"",""motion"":""retrograde""},{""jd_ut"":720708.826909967,""utc"":""-2739-02-17T07:50:45.021Z"",""motion"":""direct""}]",3
F26.03,F26,26,3,Gemini,60,721226.1063251009,-2738-07-19T14:33:06.489Z,722278.4804793354,-2735-06-05T23:31:53.415Z,"[{""jd_ut"":721226.1063251009,""utc"":""-2738-07-19T14:33:06.489Z"",""motion"":""direct""},{""jd_ut"":721339.235965163,""utc"":""-2738-11-09T17:39:47.390Z"",""motion"":""retrograde""},{""jd_ut"":721489.0253041033,""utc"":""-2737-04-08T12:36:26.275Z"",""motion"":""direct""}]",3
F26.04,F26,26,4,Cancer,90,722278.4804793354,-2735-06-05T23:31:53.415Z,723078.3169259485,-2733-08-14T19:36:22.402Z,"[{""jd_ut"":722278.4804793354,""utc"":""-2735-06-05T23:31:53.415Z"",""motion"":""direct""}]",1
F26.05,F26,26,5,Leo,120,723078.3169259485,-2733-08-14T19:36:22.402Z,724168.5344065079,-2730-08-09T00:49:32.722Z,"[{""jd_ut"":723078.3169259485,""utc"":""-2733-08-14T19:36:22.402Z"",""motion"":""direct""},{""jd_ut"":723284.9278077302,""utc"":""-2732-03-08T10:16:02.588Z"",""motion"":""retrograde""},{""jd_ut"":723333.3309804783,""utc"":""-2732-04-25T19:56:36.713Z"",""motion"":""direct""}]",3
F26.06,F26,26,6,Virgo,150,724168.5344065079,-2730-08-09T00:49:32.722Z,724992.0204477019,-2728-11-09T12:29:26.681Z,"[{""jd_ut"":724168.5344065079,""utc"":""-2730-08-09T00:49:32.722Z"",""motion"":""direct""}]",1
F26.07,F26,26,7,Libra,180,724992.0204477019,-2728-11-09T12:29:26.681Z,726088.389769817,-2725-11-10T21:21:16.112Z,"[{""jd_ut"":724992.0204477019,""utc"":""-2728-11-09T12:29:26.681Z"",""motion"":""direct""},{""jd_ut"":725117.4861916914,""utc"":""-2727-03-14T23:40:06.962Z"",""motion"":""retrograde""},{""jd_ut"":725265.9761044476,""utc"":""-2727-08-10T11:25:35.424Z"",""motion"":""direct""}]",3
F26.08,F26,26,8,Scorpio,210,726088.389769817,-2725-11-10T21:21:16.112Z,727180.1947445227,-2722-11-06T16:40:25.927Z,"[{""jd_ut"":726088.389769817,""utc"":""-2725-11-10T21:21:16.112Z"",""motion"":""direct""},{""jd_ut"":726303.5829549297,""utc"":""-2724-06-13T01:59:27.306Z"",""motion"":""retrograde""},{""jd_ut"":726345.4237642377,""utc"":""-2724-07-24T22:10:13.230Z"",""motion"":""direct""}]",3
F26.09,F26,26,9,Sagittarius,240,727180.1947445227,-2722-11-06T16:40:25.927Z,727981.2142377195,-2719-01-15T17:08:30.139Z,"[{""jd_ut"":727180.1947445227,""utc"":""-2722-11-06T16:40:25.927Z"",""motion"":""direct""}]",1
F26.10,F26,26,10,Capricorn,270,727981.2142377195,-2719-01-15T17:08:30.139Z,728775.6762714363,-2717-03-21T04:13:49.852Z,"[{""jd_ut"":727981.2142377195,""utc"":""-2719-01-15T17:08:30.139Z"",""motion"":""direct""},{""jd_ut"":728180.6820285209,""utc"":""-2719-08-03T04:22:07.264Z"",""motion"":""retrograde""},{""jd_ut"":728239.2524265314,""utc"":""-2719-09-30T18:03:29.652Z"",""motion"":""direct""}]",3
F26.11,F26,26,11,Aquarius,300,728775.6762714363,-2717-03-21T04:13:49.852Z,729567.9753559695,-2715-05-21T11:24:30.756Z,"[{""jd_ut"":728775.6762714363,""utc"":""-2717-03-21T04:13:49.852Z"",""motion"":""direct""},{""jd_ut"":728886.866896624,""utc"":""-2717-07-10T08:48:19.868Z"",""motion"":""retrograde""},{""jd_ut"":729038.8022339428,""utc"":""-2717-12-09T07:15:13.013Z"",""motion"":""direct""}]",3
F26.12,F26,26,12,Pisces,330,729567.9753559695,-2715-05-21T11:24:30.756Z,730581.2755774118,-2712-02-28T18:36:49.888Z,"[{""jd_ut"":729567.9753559695,""utc"":""-2715-05-21T11:24:30.756Z"",""motion"":""direct""},{""jd_ut"":729612.2741488537,""utc"":""-2715-07-04T18:34:46.461Z"",""motion"":""retrograde""},{""jd_ut"":729813.8882482739,""utc"":""-2714-01-22T09:19:04.651Z"",""motion"":""direct""}]",3
F27.01,F27,27,1,Aries,0,730581.2755774118,-2712-02-28T18:36:49.888Z,731348.6226933626,-2710-04-06T02:56:40.707Z,"[{""jd_ut"":730581.2755774118,""utc"":""-2712-02-28T18:36:49.888Z"",""motion"":""direct""}]",1
F27.02,F27,27,2,Taurus,30,731348.6226933626,-2710-04-06T02:56:40.707Z,732122.5096312482,-2708-05-19T00:13:52.140Z,"[{""jd_ut"":731348.6226933626,""utc"":""-2710-04-06T02:56:40.707Z"",""motion"":""direct""}]",1
F27.03,F27,27,3,Gemini,60,732122.5096312482,-2708-05-19T00:13:52.140Z,732907.8181926343,-2706-07-13T07:38:11.844Z,"[{""jd_ut"":732122.5096312482,""utc"":""-2708-05-19T00:13:52.140Z"",""motion"":""direct""}]",1
F27.04,F27,27,4,Cancer,90,732907.8181926343,-2706-07-13T07:38:11.844Z,733716.2688675518,-2704-09-28T18:27:10.156Z,"[{""jd_ut"":732907.8181926343,""utc"":""-2706-07-13T07:38:11.844Z"",""motion"":""direct""}]",1
F27.05,F27,27,5,Leo,120,733716.2688675518,-2704-09-28T18:27:10.156Z,734794.8046869081,-2701-09-12T07:18:44.949Z,"[{""jd_ut"":733716.2688675518,""utc"":""-2704-09-28T18:27:10.156Z"",""motion"":""direct""},{""jd_ut"":733799.4037256902,""utc"":""-2704-12-20T21:41:21.900Z"",""motion"":""retrograde""},{""jd_ut"":733981.9773480361,""utc"":""-2703-06-21T11:27:22.870Z"",""motion"":""direct""}]",3
F27.06,F27,27,6,Virgo,150,734794.8046869081,-2701-09-12T07:18:44.949Z,735893.9980291312,-2698-09-16T11:57:09.717Z,"[{""jd_ut"":734794.8046869081,""utc"":""-2701-09-12T07:18:44.949Z"",""motion"":""direct""},{""jd_ut"":735004.6232077507,""utc"":""-2700-04-10T02:57:25.150Z"",""motion"":""retrograde""},{""jd_ut"":735052.101673471,""utc"":""-2700-05-27T14:26:24.588Z"",""motion"":""direct""}]",3
F27.07,F27,27,7,Libra,180,735893.9980291312,-2698-09-16T11:57:09.717Z,736722.3941726941,-2696-12-22T21:27:36.521Z,"[{""jd_ut"":735893.9980291312,""utc"":""-2698-09-16T11:57:09.717Z"",""motion"":""direct""}]",1
F27.08,F27,27,8,Scorpio,210,736722.3941726941,-2696-12-22T21:27:36.521Z,737806.8560988142,-2693-12-12T08:32:46.938Z,"[{""jd_ut"":736722.3941726941,""utc"":""-2696-12-22T21:27:36.521Z"",""motion"":""direct""},{""jd_ut"":736820.1093548557,""utc"":""-2695-03-30T14:37:28.260Z"",""motion"":""retrograde""},{""jd_ut"":736993.090173451,""utc"":""-2695-09-19T14:09:50.986Z"",""motion"":""direct""}]",3
F27.09,F27,27,9,Sagittarius,240,737806.8560988142,-2693-12-12T08:32:46.938Z,738624.307004998,-2690-03-08T19:22:05.232Z,"[{""jd_ut"":737806.8560988142,""utc"":""-2693-12-12T08:32:46.938Z"",""motion"":""direct""},{""jd_ut"":738025.1153812367,""utc"":""-2692-07-17T14:46:08.939Z"",""motion"":""retrograde""},{""jd_ut"":738059.9634927898,""utc"":""-2692-08-21T11:07:25.777Z"",""motion"":""direct""}]",3
F27.10,F27,27,10,Capricorn,270,738624.307004998,-2690-03-08T19:22:05.232Z,739669.8124503153,-2687-01-17T07:29:55.707Z,"[{""jd_ut"":738624.307004998,""utc"":""-2690-03-08T19:22:05.232Z"",""motion"":""direct""},{""jd_ut"":738693.9175977719,""utc"":""-2690-05-17T10:01:20.447Z"",""motion"":""retrograde""},{""jd_ut"":738883.330807837,""utc"":""-2690-11-22T19:56:21.797Z"",""motion"":""direct""}]",3
F27.11,F27,27,11,Aquarius,300,739669.8124503153,-2687-01-17T07:29:55.707Z,740444.4841054615,-2685-03-02T23:37:06.712Z,"[{""jd_ut"":739669.8124503153,""utc"":""-2687-01-17T07:29:55.707Z"",""motion"":""direct""}]",1
F27.12,F27,27,12,Pisces,330,740444.4841054615,-2685-03-02T23:37:06.712Z,741212.316638252,-2683-04-08T19:35:57.545Z,"[{""jd_ut"":740444.4841054615,""utc"":""-2685-03-02T23:37:06.712Z"",""motion"":""direct""}]",1
F28.01,F28,28,1,Aries,0,741212.316638252,-2683-04-08T19:35:57.545Z,741979.697407482,-2681-05-16T04:44:16.006Z,"[{""jd_ut"":741212.316638252,""utc"":""-2683-04-08T19:35:57.545Z"",""motion"":""direct""}]",1
F28.02,F28,28,2,Taurus,30,741979.697407482,-2681-05-16T04:44:16.006Z,742753.994529197,-2679-06-28T11:52:07.323Z,"[{""jd_ut"":741979.697407482,""utc"":""-2681-05-16T04:44:16.006Z"",""motion"":""direct""}]",1
F28.03,F28,28,3,Gemini,60,742753.994529197,-2679-06-28T11:52:07.323Z,743546.8425576973,-2677-08-30T08:13:16.985Z,"[{""jd_ut"":742753.994529197,""utc"":""-2679-06-28T11:52:07.323Z"",""motion"":""direct""},{""jd_ut"":742922.1747976176,""utc"":""-2679-12-13T16:11:42.514Z"",""motion"":""retrograde""},{""jd_ut"":743013.6871020047,""utc"":""-2678-03-15T04:29:25.613Z"",""motion"":""direct""}]",3
F28.04,F28,28,4,Cancer,90,743546.8425576973,-2677-08-30T08:13:16.985Z,744611.1661777548,-2674-07-29T15:59:17.758Z,"[{""jd_ut"":743546.8425576973,""utc"":""-2677-08-30T08:13:16.985Z"",""motion"":""direct""},{""jd_ut"":743633.4999408135,""utc"":""-2677-11-24T23:59:54.886Z"",""motion"":""retrograde""},{""jd_ut"":743810.0170545846,""utc"":""-2676-05-19T12:24:33.516Z"",""motion"":""direct""}]",3
F28.05,F28,28,5,Leo,120,744611.1661777548,-2674-07-29T15:59:17.758Z,745432.2037864504,-2672-10-27T16:53:27.149Z,"[{""jd_ut"":744611.1661777548,""utc"":""-2674-07-29T15:59:17.758Z"",""motion"":""direct""}]",1
F28.06,F28,28,6,Virgo,150,745432.2037864504,-2672-10-27T16:53:27.149Z,746522.0742432552,-2669-10-22T13:46:54.617Z,"[{""jd_ut"":745432.2037864504,""utc"":""-2672-10-27T16:53:27.149Z"",""motion"":""direct""},{""jd_ut"":745518.6751359114,""utc"":""-2671-01-22T04:12:11.743Z"",""motion"":""retrograde""},{""jd_ut"":745700.9998753339,""utc"":""-2671-07-23T11:59:49.229Z"",""motion"":""direct""}]",3
F28.07,F28,28,7,Libra,180,746522.0742432552,-2669-10-22T13:46:54.617Z,747621.5926850899,-2666-10-26T02:13:27.992Z,"[{""jd_ut"":746522.0742432552,""utc"":""-2669-10-22T13:46:54.617Z"",""motion"":""direct""},{""jd_ut"":746698.4730219387,""utc"":""-2668-04-15T23:21:09.096Z"",""motion"":""retrograde""},{""jd_ut"":746792.3801462329,""utc"":""-2668-07-18T21:07:24.635Z"",""motion"":""direct""}]",3
F28.08,F28,28,8,Scorpio,210,747621.5926850899,-2666-10-26T02:13:27.992Z,748446.4033627862,-2663-01-27T21:40:50.545Z,"[{""jd_ut"":747621.5926850899,""utc"":""-2666-10-26T02:13:27.992Z"",""motion"":""direct""}]",1
F28.09,F28,28,9,Sagittarius,240,748446.4033627862,-2663-01-27T21:40:50.545Z,749513.5670223706,-2661-12-31T01:36:30.733Z,"[{""jd_ut"":748446.4033627862,""utc"":""-2663-01-27T21:40:50.545Z"",""motion"":""direct""},{""jd_ut"":748533.1263529924,""utc"":""-2663-04-24T15:01:56.899Z"",""motion"":""retrograde""},{""jd_ut"":748712.6771879748,""utc"":""-2663-10-21T04:15:09.041Z"",""motion"":""direct""}]",3
F28.10,F28,28,10,Capricorn,270,749513.5670223706,-2661-12-31T01:36:30.733Z,750302.71563792,-2658-02-27T05:10:31.116Z,"[{""jd_ut"":749513.5670223706,""utc"":""-2661-12-31T01:36:30.733Z"",""motion"":""direct""}]",1
F28.11,F28,28,11,Aquarius,300,750302.71563792,-2658-02-27T05:10:31.116Z,751082.528369881,-2656-04-17T00:40:51.158Z,"[{""jd_ut"":750302.71563792,""utc"":""-2658-02-27T05:10:31.116Z"",""motion"":""direct""},{""jd_ut"":750469.8927680687,""utc"":""-2658-08-13T09:25:35.161Z"",""motion"":""retrograde""},{""jd_ut"":750565.0168909729,""utc"":""-2658-11-16T12:24:19.380Z"",""motion"":""direct""}]",3
F28.12,F28,28,12,Pisces,330,751082.528369881,-2656-04-17T00:40:51.158Z,751854.3244941575,-2654-05-28T19:47:16.295Z,"[{""jd_ut"":751082.528369881,""utc"":""-2656-04-17T00:40:51.158Z"",""motion"":""direct""},{""jd_ut"":751203.4357392802,""utc"":""-2656-08-15T22:27:27.874Z"",""motion"":""retrograde""},{""jd_ut"":751343.82310681,""utc"":""-2655-01-03T07:45:16.428Z"",""motion"":""direct""}]",3
F29.01,F29,29,1,Aries,0,751854.3244941575,-2654-05-28T19:47:16.295Z,752626.0916852697,-2652-07-08T14:12:01.607Z,"[{""jd_ut"":751854.3244941575,""utc"":""-2654-05-28T19:47:16.295Z"",""motion"":""direct""},{""jd_ut"":751950.6635294834,""utc"":""-2654-09-02T03:55:28.947Z"",""motion"":""retrograde""},{""jd_ut"":752112.0549964414,""utc"":""-2653-02-10T13:19:11.693Z"",""motion"":""direct""}]",3
F29.02,F29,29,2,Taurus,30,752626.0916852697,-2652-07-08T14:12:01.607Z,753654.9267519373,-2649-05-03T10:14:31.367Z,"[{""jd_ut"":752626.0916852697,""utc"":""-2652-07-08T14:12:01.607Z"",""motion"":""direct""},{""jd_ut"":752697.6198704769,""utc"":""-2652-09-18T02:52:36.809Z"",""motion"":""retrograde""},{""jd_ut"":752880.08436694,""utc"":""-2651-03-19T14:01:29.304Z"",""motion"":""direct""}]",3
F29.03,F29,29,3,Gemini,60,753654.9267519373,-2649-05-03T10:14:31.367Z,754440.4397467568,-2647-06-26T22:33:14.120Z,"[{""jd_ut"":753654.9267519373,""utc"":""-2649-05-03T10:14:31.367Z"",""motion"":""direct""}]",1
F29.04,F29,29,4,Cancer,90,754440.4397467568,-2647-06-26T22:33:14.120Z,755241.5122947099,-2645-09-06T00:17:42.263Z,"[{""jd_ut"":754440.4397467568,""utc"":""-2647-06-26T22:33:14.120Z"",""motion"":""direct""}]",1
F29.05,F29,29,5,Leo,120,755241.5122947099,-2645-09-06T00:17:42.263Z,756328.0139455807,-2642-08-27T12:20:04.898Z,"[{""jd_ut"":755241.5122947099,""utc"":""-2645-09-06T00:17:42.263Z"",""motion"":""direct""},{""jd_ut"":755381.3091489375,""utc"":""-2644-01-23T19:25:10.468Z"",""motion"":""retrograde""},{""jd_ut"":755511.4241425742,""utc"":""-2644-06-01T22:10:45.918Z"",""motion"":""direct""}]",3
F29.06,F29,29,6,Virgo,150,756328.0139455807,-2642-08-27T12:20:04.898Z,757165.7705912068,-2640-12-12T06:29:39.080Z,"[{""jd_ut"":756328.0139455807,""utc"":""-2642-08-27T12:20:04.898Z"",""motion"":""direct""}]",1
F29.07,F29,29,7,Libra,180,757165.7705912068,-2640-12-12T06:29:39.080Z,758249.4961415858,-2637-11-30T23:54:26.633Z,"[{""jd_ut"":757165.7705912068,""utc"":""-2640-12-12T06:29:39.080Z"",""motion"":""direct""},{""jd_ut"":757218.2618294784,""utc"":""-2639-02-02T18:17:02.067Z"",""motion"":""retrograde""},{""jd_ut"":757427.2431395787,""utc"":""-2639-08-30T17:50:07.260Z"",""motion"":""direct""}]",3
F29.08,F29,29,8,Scorpio,210,758249.4961415858,-2637-11-30T23:54:26.633Z,759339.9794956292,-2634-11-25T11:30:28.422Z,"[{""jd_ut"":758249.4961415858,""utc"":""-2637-11-30T23:54:26.633Z"",""motion"":""direct""},{""jd_ut"":758400.8965609393,""utc"":""-2636-04-30T09:31:02.865Z"",""motion"":""retrograde""},{""jd_ut"":758522.8069237962,""utc"":""-2636-08-30T07:21:58.216Z"",""motion"":""direct""}]",3
F29.09,F29,29,9,Sagittarius,240,759339.9794956292,-2634-11-25T11:30:28.422Z,760145.7458689502,-2631-02-08T05:54:03.077Z,"[{""jd_ut"":759339.9794956292,""utc"":""-2634-11-25T11:30:28.422Z"",""motion"":""direct""}]",1
F29.10,F29,29,10,Capricorn,270,760145.7458689502,-2631-02-08T05:54:03.077Z,761202.4779919325,-2629-12-31T23:28:18.503Z,"[{""jd_ut"":760145.7458689502,""utc"":""-2631-02-08T05:54:03.077Z"",""motion"":""direct""},{""jd_ut"":760278.9927637705,""utc"":""-2631-06-21T11:49:34.790Z"",""motion"":""retrograde""},{""jd_ut"":760413.6957431724,""utc"":""-2631-11-03T04:41:52.210Z"",""motion"":""direct""}]",3
F29.11,F29,29,11,Aquarius,300,761202.4779919325,-2629-12-31T23:28:18.503Z,761977.0414256041,-2626-02-13T12:59:39.172Z,"[{""jd_ut"":761202.4779919325,""utc"":""-2629-12-31T23:28:18.503Z"",""motion"":""direct""}]",1
F29.12,F29,29,12,Pisces,330,761977.0414256041,-2626-02-13T12:59:39.172Z,762744.6441042505,-2624-03-22T03:27:30.607Z,"[{""jd_ut"":761977.0414256041,""utc"":""-2626-02-13T12:59:39.172Z"",""motion"":""direct""}]",1
F30.01,F30,30,1,Aries,0,762744.6441042505,-2624-03-22T03:27:30.607Z,763511.7739946125,-2622-04-28T06:34:33.135Z,"[{""jd_ut"":762744.6441042505,""utc"":""-2624-03-22T03:27:30.607Z"",""motion"":""direct""}]",1
F30.02,F30,30,2,Taurus,30,763511.7739946125,-2622-04-28T06:34:33.135Z,764285.1767295706,-2620-06-09T16:14:29.435Z,"[{""jd_ut"":763511.7739946125,""utc"":""-2622-04-28T06:34:33.135Z"",""motion"":""direct""}]",1
F30.03,F30,30,3,Gemini,60,764285.1767295706,-2620-06-09T16:14:29.435Z,765071.8809282775,-2618-08-05T09:08:32.203Z,"[{""jd_ut"":764285.1767295706,""utc"":""-2620-06-09T16:14:29.435Z"",""motion"":""direct""}]",1
F30.04,F30,30,4,Cancer,90,765071.8809282775,-2618-08-05T09:08:32.203Z,766144.003316721,-2615-07-12T12:04:46.565Z,"[{""jd_ut"":765071.8809282775,""utc"":""-2618-08-05T09:08:32.203Z"",""motion"":""direct""},{""jd_ut"":765216.1914352502,""utc"":""-2618-12-27T16:35:40.006Z"",""motion"":""retrograde""},{""jd_ut"":765338.1193823426,""utc"":""-2617-04-28T14:51:54.634Z"",""motion"":""direct""}]",3
F30.05,F30,30,5,Leo,120,766144.003316721,-2615-07-12T12:04:46.565Z,766957.7615982904,-2613-10-04T06:16:42.092Z,"[{""jd_ut"":766144.003316721,""utc"":""-2615-07-12T12:04:46.565Z"",""motion"":""direct""}]",1
F30.06,F30,30,6,Virgo,150,766957.7615982904,-2613-10-04T06:16:42.092Z,768054.4896123796,-2610-10-04T23:45:02.510Z,"[{""jd_ut"":766957.7615982904,""utc"":""-2613-10-04T06:16:42.092Z"",""motion"":""direct""},{""jd_ut"":767100.554002377,""utc"":""-2612-02-24T01:17:45.805Z"",""motion"":""retrograde""},{""jd_ut"":767230.4760648946,""utc"":""-2612-07-02T23:25:32.007Z"",""motion"":""direct""}]",3
F30.07,F30,30,7,Libra,180,768054.4896123796,-2610-10-04T23:45:02.510Z,769155.0698089644,-2607-10-09T13:40:31.495Z,"[{""jd_ut"":768054.4896123796,""utc"":""-2610-10-04T23:45:02.510Z"",""motion"":""direct""}]",1
F30.08,F30,30,8,Scorpio,210,769155.0698089644,-2607-10-09T13:40:31.495Z,769971.6026329875,-2604-01-04T02:27:47.490Z,"[{""jd_ut"":769155.0698089644,""utc"":""-2607-10-09T13:40:31.495Z"",""motion"":""direct""}]",1
F30.09,F30,30,9,Sagittarius,240,769971.6026329875,-2604-01-04T02:27:47.490Z,771047.0766722555,-2602-12-14T13:50:24.483Z,"[{""jd_ut"":769971.6026329875,""utc"":""-2604-01-04T02:27:47.490Z"",""motion"":""direct""},{""jd_ut"":770115.0984900566,""utc"":""-2604-05-26T14:21:49.541Z"",""motion"":""retrograde""},{""jd_ut"":770242.9654660914,""utc"":""-2604-10-01T11:10:16.270Z"",""motion"":""direct""}]",3
F30.10,F30,30,10,Capricorn,270,771047.0766722555,-2602-12-14T13:50:24.483Z,771834.2797027507,-2599-02-09T18:42:46.318Z,"[{""jd_ut"":771047.0766722555,""utc"":""-2602-12-14T13:50:24.483Z"",""motion"":""direct""}]",1
F30.11,F30,30,11,Aquarius,300,771834.2797027507,-2599-02-09T18:42:46.318Z,772610.946035871,-2597-03-28T10:42:17.499Z,"[{""jd_ut"":771834.2797027507,""utc"":""-2599-02-09T18:42:46.318Z"",""motion"":""direct""}]",1
F30.12,F30,30,12,Pisces,330,772610.946035871,-2597-03-28T10:42:17.499Z,773380.0818796006,-2595-05-05T13:57:54.397Z,"[{""jd_ut"":772610.946035871,""utc"":""-2597-03-28T10:42:17.499Z"",""motion"":""direct""},{""jd_ut"":772786.5584274863,""utc"":""-2597-09-20T01:24:08.135Z"",""motion"":""retrograde""},{""jd_ut"":772868.4053270603,""utc"":""-2597-12-10T21:43:40.258Z"",""motion"":""direct""}]",3
F31.01,F31,31,1,Aries,0,773380.0818796006,-2595-05-05T13:57:54.397Z,774148.2307052447,-2593-06-12T17:32:12.933Z,"[{""jd_ut"":773380.0818796006,""utc"":""-2595-05-05T13:57:54.397Z"",""motion"":""direct""},{""jd_ut"":773533.3051252433,""utc"":""-2595-10-05T19:19:22.821Z"",""motion"":""retrograde""},{""jd_ut"":773639.3704017713,""utc"":""-2594-01-19T20:53:22.713Z"",""motion"":""direct""}]",3
F31.02,F31,31,2,Taurus,30,774148.2307052447,-2593-06-12T17:32:12.933Z,774925.6740469318,-2591-07-29T04:10:37.655Z,"[{""jd_ut"":774148.2307052447,""utc"":""-2593-06-12T17:32:12.933Z"",""motion"":""direct""},{""jd_ut"":774282.0684242344,""utc"":""-2593-10-24T13:38:31.854Z"",""motion"":""retrograde""},{""jd_ut"":774409.0451012712,""utc"":""-2592-02-28T13:04:56.750Z"",""motion"":""direct""}]",3
F31.03,F31,31,3,Gemini,60,774925.6740469318,-2591-07-29T04:10:37.655Z,775973.2820897587,-2588-06-10T18:46:12.555Z,"[{""jd_ut"":774925.6740469318,""utc"":""-2591-07-29T04:10:37.655Z"",""motion"":""direct""},{""jd_ut"":775018.7321848981,""utc"":""-2591-10-30T05:34:20.775Z"",""motion"":""retrograde""},{""jd_ut"":775186.1052849523,""utc"":""-2590-04-15T14:31:36.620Z"",""motion"":""direct""}]",3
F31.04,F31,31,4,Cancer,90,775973.2820897587,-2588-06-10T18:46:12.555Z,776772.2542659442,-2586-08-18T18:06:08.578Z,"[{""jd_ut"":775973.2820897587,""utc"":""-2588-06-10T18:46:12.555Z"",""motion"":""direct""}]",1
F31.05,F31,31,5,Leo,120,776772.2542659442,-2586-08-18T18:06:08.578Z,777861.4706636835,-2583-08-11T23:17:45.342Z,"[{""jd_ut"":776772.2542659442,""utc"":""-2586-08-18T18:06:08.578Z"",""motion"":""direct""},{""jd_ut"":776966.2155587065,""utc"":""-2585-02-28T17:10:24.272Z"",""motion"":""retrograde""},{""jd_ut"":777032.2250230545,""utc"":""-2585-05-05T17:24:01.992Z"",""motion"":""direct""}]",3
F31.06,F31,31,6,Virgo,150,777861.4706636835,-2583-08-11T23:17:45.342Z,778685.3583991819,-2581-11-13T20:36:05.689Z,"[{""jd_ut"":777861.4706636835,""utc"":""-2583-08-11T23:17:45.342Z"",""motion"":""direct""}]",1
F31.07,F31,31,7,Libra,180,778685.3583991819,-2581-11-13T20:36:05.689Z,779781.3650685579,-2578-11-13T20:45:41.923Z,"[{""jd_ut"":778685.3583991819,""utc"":""-2581-11-13T20:36:05.689Z"",""motion"":""direct""},{""jd_ut"":778804.3825925549,""utc"":""-2580-03-11T21:10:55.997Z"",""motion"":""retrograde""},{""jd_ut"":778959.0761647336,""utc"":""-2580-08-13T13:49:40.633Z"",""motion"":""direct""}]",3
F31.08,F31,31,8,Scorpio,210,779781.3650685579,-2578-11-13T20:45:41.923Z,780873.87565971,-2575-11-10T09:00:56.999Z,"[{""jd_ut"":779781.3650685579,""utc"":""-2578-11-13T20:45:41.923Z"",""motion"":""direct""},{""jd_ut"":779986.0354487682,""utc"":""-2577-06-06T12:51:02.774Z"",""motion"":""retrograde""},{""jd_ut"":780043.5179540082,""utc"":""-2577-08-03T00:25:51.226Z"",""motion"":""direct""}]",3
F31.09,F31,31,9,Sagittarius,240,780873.87565971,-2575-11-10T09:00:56.999Z,781675.8990107165,-2572-01-21T09:34:34.526Z,"[{""jd_ut"":780873.87565971,""utc"":""-2575-11-10T09:00:56.999Z"",""motion"":""direct""}]",1
F31.10,F31,31,10,Capricorn,270,781675.8990107165,-2572-01-21T09:34:34.526Z,782473.5651385419,-2570-03-29T01:33:47.970Z,"[{""jd_ut"":781675.8990107165,""utc"":""-2572-01-21T09:34:34.526Z"",""motion"":""direct""},{""jd_ut"":781861.437003436,""utc"":""-2572-07-24T22:29:17.097Z"",""motion"":""retrograde""},{""jd_ut"":781938.4022631033,""utc"":""-2572-10-09T21:39:15.532Z"",""motion"":""direct""}]",3
F31.11,F31,31,11,Aquarius,300,782473.5651385419,-2570-03-29T01:33:47.970Z,783509.7816761646,-2567-01-28T06:45:36.821Z,"[{""jd_ut"":782473.5651385419,""utc"":""-2570-03-29T01:33:47.970Z"",""motion"":""direct""},{""jd_ut"":782568.3250841065,""utc"":""-2570-07-01T19:48:07.267Z"",""motion"":""retrograde""},{""jd_ut"":782734.52759912,""utc"":""-2570-12-15T00:39:44.564Z"",""motion"":""direct""}]",3
F31.12,F31,31,12,Pisces,330,783509.7816761646,-2567-01-28T06:45:36.821Z,784277.4182283597,-2565-03-06T22:02:14.930Z,"[{""jd_ut"":783509.7816761646,""utc"":""-2567-01-28T06:45:36.821Z"",""motion"":""direct""}]",1
F32.01,F32,32,1,Aries,0,784277.4182283597,-2565-03-06T22:02:14.930Z,785044.534391521,-2563-04-12T00:49:31.427Z,"[{""jd_ut"":784277.4182283597,""utc"":""-2565-03-06T22:02:14.930Z"",""motion"":""direct""}]",1
F32.02,F32,32,2,Taurus,30,785044.534391521,-2563-04-12T00:49:31.427Z,785817.7742206794,-2561-05-25T06:34:52.667Z,"[{""jd_ut"":785044.534391521,""utc"":""-2563-04-12T00:49:31.427Z"",""motion"":""direct""}]",1
F32.03,F32,32,3,Gemini,60,785817.7742206794,-2561-05-25T06:34:52.667Z,786602.4757176465,-2559-07-17T23:25:02.005Z,"[{""jd_ut"":785817.7742206794,""utc"":""-2561-05-25T06:34:52.667Z"",""motion"":""direct""}]",1
F32.04,F32,32,4,Cancer,90,786602.4757176465,-2559-07-17T23:25:02.005Z,787413.4204053439,-2557-10-06T22:05:23.022Z,"[{""jd_ut"":786602.4757176465,""utc"":""-2559-07-17T23:25:02.005Z"",""motion"":""direct""},{""jd_ut"":786804.9559198194,""utc"":""-2558-02-05T10:56:31.472Z"",""motion"":""retrograde""},{""jd_ut"":786854.5841150582,""utc"":""-2558-03-27T02:01:07.541Z"",""motion"":""direct""}]",3
F32.05,F32,32,5,Leo,120,787413.4204053439,-2557-10-06T22:05:23.022Z,788488.8321582563,-2554-09-16T07:58:18.473Z,"[{""jd_ut"":787413.4204053439,""utc"":""-2557-10-06T22:05:23.022Z"",""motion"":""direct""},{""jd_ut"":787482.377654505,""utc"":""-2557-12-14T21:03:49.349Z"",""motion"":""retrograde""},{""jd_ut"":787676.219423552,""utc"":""-2556-06-25T17:15:58.195Z"",""motion"":""direct""}]",3
F32.06,F32,32,6,Virgo,150,788488.8321582563,-2554-09-16T07:58:18.473Z,789588.0754691362,-2551-09-19T13:48:40.533Z,"[{""jd_ut"":788488.8321582563,""utc"":""-2554-09-16T07:58:18.473Z"",""motion"":""direct""},{""jd_ut"":788685.0590657806,""utc"":""-2553-03-31T13:25:03.283Z"",""motion"":""retrograde""},{""jd_ut"":788751.8187503233,""utc"":""-2553-06-06T07:39:00.028Z"",""motion"":""direct""}]",3
F32.07,F32,32,7,Libra,180,789588.0754691362,-2551-09-19T13:48:40.533Z,790420.4467860323,-2549-12-30T22:43:22.313Z,"[{""jd_ut"":789588.0754691362,""utc"":""-2551-09-19T13:48:40.533Z"",""motion"":""direct""}]",1
F32.08,F32,32,8,Scorpio,210,790420.4467860323,-2549-12-30T22:43:22.313Z,791503.0525281241,-2546-12-17T13:15:38.430Z,"[{""jd_ut"":790420.4467860323,""utc"":""-2549-12-30T22:43:22.313Z"",""motion"":""direct""},{""jd_ut"":790501.5702828236,""utc"":""-2548-03-21T01:41:12.436Z"",""motion"":""retrograde""},{""jd_ut"":790688.2571270096,""utc"":""-2548-09-23T18:10:15.774Z"",""motion"":""direct""}]",3
F32.09,F32,32,9,Sagittarius,240,791503.0525281241,-2546-12-17T13:15:38.430Z,792338.4722611061,-2543-03-31T23:20:03.360Z,"[{""jd_ut"":791503.0525281241,""utc"":""-2546-12-17T13:15:38.430Z"",""motion"":""direct""},{""jd_ut"":791697.8362473187,""utc"":""-2545-06-30T08:04:11.768Z"",""motion"":""retrograde""},{""jd_ut"":791766.603503688,""utc"":""-2545-09-07T02:29:02.719Z"",""motion"":""direct""}]",3
F32.10,F32,32,10,Capricorn,270,792338.4722611061,-2543-03-31T23:20:03.360Z,793367.947863241,-2540-01-25T10:44:55.384Z,"[{""jd_ut"":792338.4722611061,""utc"":""-2543-03-31T23:20:03.360Z"",""motion"":""direct""},{""jd_ut"":792358.5877577174,""utc"":""-2543-04-21T02:06:22.267Z"",""motion"":""retrograde""},{""jd_ut"":792580.9513086763,""utc"":""-2543-11-29T10:49:53.070Z"",""motion"":""direct""}]",3
F32.11,F32,32,11,Aquarius,300,793367.947863241,-2540-01-25T10:44:55.384Z,794143.3194868655,-2538-03-10T19:40:03.665Z,"[{""jd_ut"":793367.947863241,""utc"":""-2540-01-25T10:44:55.384Z"",""motion"":""direct""}]",1
F32.12,F32,32,12,Pisces,330,794143.3194868655,-2538-03-10T19:40:03.665Z,794911.4596286931,-2536-04-16T23:01:51.919Z,"[{""jd_ut"":794143.3194868655,""utc"":""-2538-03-10T19:40:03.665Z"",""motion"":""direct""}]",1
F33.01,F33,33,1,Aries,0,794911.4596286931,-2536-04-16T23:01:51.919Z,795678.577422088,-2534-05-24T01:51:29.268Z,"[{""jd_ut"":794911.4596286931,""utc"":""-2536-04-16T23:01:51.919Z"",""motion"":""direct""},{""jd_ut"":795130.293659722,""utc"":""-2536-11-21T19:02:52.200Z"",""motion"":""retrograde""},{""jd_ut"":795147.2045260319,""utc"":""-2536-12-08T16:54:31.049Z"",""motion"":""direct""}]",3
F33.02,F33,33,2,Taurus,30,795678.577422088,-2534-05-24T01:51:29.268Z,796452.4063628905,-2532-07-05T21:45:09.754Z,"[{""jd_ut"":795678.577422088,""utc"":""-2534-05-24T01:51:29.268Z"",""motion"":""direct""},{""jd_ut"":795866.2996822849,""utc"":""-2534-11-27T19:11:32.549Z"",""motion"":""retrograde""},{""jd_ut"":795930.5101965561,""utc"":""-2533-01-31T00:14:40.982Z"",""motion"":""direct""}]",3
F33.03,F33,33,3,Gemini,60,796452.4063628905,-2532-07-05T21:45:09.754Z,797247.9728384342,-2530-09-09T11:20:53.241Z,"[{""jd_ut"":796452.4063628905,""utc"":""-2532-07-05T21:45:09.754Z"",""motion"":""direct""},{""jd_ut"":796599.6351962187,""utc"":""-2532-11-30T03:14:40.953Z"",""motion"":""retrograde""},{""jd_ut"":796714.6571905788,""utc"":""-2531-03-25T03:46:21.266Z"",""motion"":""direct""}]",3
F33.04,F33,33,4,Cancer,90,797247.9728384342,-2530-09-09T11:20:53.241Z,798305.370884141,-2527-08-01T20:54:04.390Z,"[{""jd_ut"":797247.9728384342,""utc"":""-2530-09-09T11:20:53.241Z"",""motion"":""direct""},{""jd_ut"":797312.0876150865,""utc"":""-2530-11-12T14:06:09.943Z"",""motion"":""retrograde""},{""jd_ut"":797505.9626448904,""utc"":""-2529-05-25T11:06:12.519Z"",""motion"":""direct""}]",3
F33.05,F33,33,5,Leo,120,798305.370884141,-2527-08-01T20:54:04.390Z,799128.2568255649,-2525-11-02T18:09:49.729Z,"[{""jd_ut"":798305.370884141,""utc"":""-2527-08-01T20:54:04.390Z"",""motion"":""direct""}]",1
F33.06,F33,33,6,Virgo,150,799128.2568255649,-2525-11-02T18:09:49.729Z,800215.5583073115,-2522-10-25T01:23:57.752Z,"[{""jd_ut"":799128.2568255649,""utc"":""-2525-11-02T18:09:49.729Z"",""motion"":""direct""},{""jd_ut"":799202.9503742349,""utc"":""-2524-01-16T10:48:32.334Z"",""motion"":""retrograde""},{""jd_ut"":799394.6026919086,""utc"":""-2524-07-26T02:27:52.581Z"",""motion"":""direct""}]",3
F33.07,F33,33,7,Libra,180,800215.5583073115,-2522-10-25T01:23:57.752Z,801315.299396811,-2519-10-28T19:11:07.884Z,"[{""jd_ut"":800215.5583073115,""utc"":""-2522-10-25T01:23:57.752Z"",""motion"":""direct""},{""jd_ut"":800383.6896009299,""utc"":""-2521-04-11T04:33:01.520Z"",""motion"":""retrograde""},{""jd_ut"":800487.3999667496,""utc"":""-2521-07-23T21:35:57.127Z"",""motion"":""direct""}]",3
F33.08,F33,33,8,Scorpio,210,801315.299396811,-2519-10-28T19:11:07.884Z,802145.4733230511,-2516-02-05T23:21:35.112Z,"[{""jd_ut"":801315.299396811,""utc"":""-2519-10-28T19:11:07.884Z"",""motion"":""direct""}]",1
F33.09,F33,33,9,Sagittarius,240,802145.4733230511,-2516-02-05T23:21:35.112Z,803209.512534752,-2513-01-05T00:18:03.003Z,"[{""jd_ut"":802145.4733230511,""utc"":""-2516-02-05T23:21:35.112Z"",""motion"":""direct""},{""jd_ut"":802213.5487600954,""utc"":""-2516-04-14T01:10:12.872Z"",""motion"":""retrograde""},{""jd_ut"":802407.9125217425,""utc"":""-2516-10-25T09:54:01.879Z"",""motion"":""direct""}]",3
F33.10,F33,33,10,Capricorn,270,803209.512534752,-2513-01-05T00:18:03.003Z,804000.8004248748,-2511-03-06T07:12:36.709Z,"[{""jd_ut"":803209.512534752,""utc"":""-2513-01-05T00:18:03.003Z"",""motion"":""direct""}]",1
F33.11,F33,33,11,Aquarius,300,804000.8004248748,-2511-03-06T07:12:36.709Z,804783.8827475526,-2509-04-28T09:11:09.389Z,"[{""jd_ut"":804000.8004248748,""utc"":""-2511-03-06T07:12:36.709Z"",""motion"":""direct""},{""jd_ut"":804148.057694375,""utc"":""-2511-07-31T13:23:04.794Z"",""motion"":""retrograde""},{""jd_ut"":804265.0950942864,""utc"":""-2511-11-25T14:16:56.146Z"",""motion"":""direct""}]",3
F33.12,F33,33,12,Pisces,330,804783.8827475526,-2509-04-28T09:11:09.389Z,805559.3989190569,-2507-06-11T21:34:26.607Z,"[{""jd_ut"":804783.8827475526,""utc"":""-2509-04-28T09:11:09.389Z"",""motion"":""direct""},{""jd_ut"":804880.2302214496,""utc"":""-2509-08-02T17:31:31.133Z"",""motion"":""retrograde""},{""jd_ut"":805042.587502084,""utc"":""-2508-01-12T02:06:00.180Z"",""motion"":""direct""}]",3
F34.01,F34,34,1,Aries,0,805559.3989190569,-2507-06-11T21:34:26.607Z,806338.7066963203,-2505-07-31T04:57:38.562Z,"[{""jd_ut"":805559.3989190569,""utc"":""-2507-06-11T21:34:26.607Z"",""motion"":""direct""},{""jd_ut"":805624.3177058224,""utc"":""-2507-08-15T19:37:29.783Z"",""motion"":""retrograde""},{""jd_ut"":805810.6459387054,""utc"":""-2506-02-18T03:30:09.104Z"",""motion"":""direct""}]",3
F34.02,F34,34,2,Taurus,30,806338.7066963203,-2505-07-31T04:57:38.562Z,807351.4558269784,-2502-05-08T22:56:23.451Z,"[{""jd_ut"":806338.7066963203,""utc"":""-2505-07-31T04:57:38.562Z"",""motion"":""direct""},{""jd_ut"":806364.3051008019,""utc"":""-2505-08-25T19:19:20.709Z"",""motion"":""retrograde""},{""jd_ut"":806577.9484639731,""utc"":""-2504-03-26T10:45:47.287Z"",""motion"":""direct""}]",3
F34.03,F34,34,3,Gemini,60,807351.4558269784,-2502-05-08T22:56:23.451Z,808135.6831317181,-2500-07-02T04:23:42.580Z,"[{""jd_ut"":807351.4558269784,""utc"":""-2502-05-08T22:56:23.451Z"",""motion"":""direct""}]",1
F34.04,F34,34,4,Cancer,90,808135.6831317181,-2500-07-02T04:23:42.580Z,808936.8836388891,-2498-09-11T09:12:26.400Z,"[{""jd_ut"":808135.6831317181,""utc"":""-2500-07-02T04:23:42.580Z"",""motion"":""direct""}]",1
F34.05,F34,34,5,Leo,120,808936.8836388891,-2498-09-11T09:12:26.400Z,810022.2259678191,-2495-08-31T17:25:23.620Z,"[{""jd_ut"":808936.8836388891,""utc"":""-2498-09-11T09:12:26.400Z"",""motion"":""direct""},{""jd_ut"":809065.025550382,""utc"":""-2497-01-17T12:36:47.553Z"",""motion"":""retrograde""},{""jd_ut"":809206.9639172927,""utc"":""-2497-06-08T11:08:02.454Z"",""motion"":""direct""}]",3
F34.06,F34,34,6,Virgo,150,810022.2259678191,-2495-08-31T17:25:23.620Z,810875.2558087958,-2492-01-01T18:08:21.880Z,"[{""jd_ut"":810022.2259678191,""utc"":""-2495-08-31T17:25:23.620Z"",""motion"":""direct""}]",1
F34.07,F34,34,7,Libra,180,810875.2558087958,-2492-01-01T18:08:21.880Z,811946.4566991266,-2490-12-07T22:57:38.805Z,"[{""jd_ut"":810875.2558087958,""utc"":""-2492-01-01T18:08:21.880Z"",""motion"":""direct""},{""jd_ut"":810888.7000785125,""utc"":""-2492-01-15T04:48:06.783Z"",""motion"":""retrograde""},{""jd_ut"":811122.1032435417,""utc"":""-2492-09-04T14:28:40.242Z"",""motion"":""direct""}]",3
F34.08,F34,34,8,Scorpio,210,811946.4566991266,-2490-12-07T22:57:38.805Z,813037.3184044862,-2487-12-02T19:38:30.148Z,"[{""jd_ut"":811946.4566991266,""utc"":""-2490-12-07T22:57:38.805Z"",""motion"":""direct""},{""jd_ut"":812081.77692071,""utc"":""-2489-04-22T06:38:45.949Z"",""motion"":""retrograde""},{""jd_ut"":812220.2669723621,""utc"":""-2489-09-07T18:24:26.412Z"",""motion"":""direct""}]",3
F34.09,F34,34,9,Sagittarius,240,813037.3184044862,-2487-12-02T19:38:30.148Z,813848.7054614415,-2484-02-22T04:55:51.869Z,"[{""jd_ut"":813037.3184044862,""utc"":""-2487-12-02T19:38:30.148Z"",""motion"":""direct""}]",1
F34.10,F34,34,10,Capricorn,270,813848.7054614415,-2484-02-22T04:55:51.869Z,814903.0400508291,-2481-01-11T12:57:40.392Z,"[{""jd_ut"":813848.7054614415,""utc"":""-2484-02-22T04:55:51.869Z"",""motion"":""direct""},{""jd_ut"":813952.731387401,""utc"":""-2484-06-05T05:33:11.871Z"",""motion"":""retrograde""},{""jd_ut"":814114.7241931343,""utc"":""-2484-11-14T05:22:50.287Z"",""motion"":""direct""}]",3
F34.11,F34,34,11,Aquarius,300,814903.0400508291,-2481-01-11T12:57:40.392Z,815677.986686191,-2479-02-24T11:40:49.687Z,"[{""jd_ut"":814903.0400508291,""utc"":""-2481-01-11T12:57:40.392Z"",""motion"":""direct""}]",1
F34.12,F34,34,12,Pisces,330,815677.986686191,-2479-02-24T11:40:49.687Z,816445.6177007263,-2477-04-03T02:49:29.343Z,"[{""jd_ut"":815677.986686191,""utc"":""-2479-02-24T11:40:49.687Z"",""motion"":""direct""}]",1
F35.01,F35,35,1,Aries,0,816445.6177007263,-2477-04-03T02:49:29.343Z,817212.2238891853,-2475-05-08T17:22:24.026Z,"[{""jd_ut"":816445.6177007263,""utc"":""-2477-04-03T02:49:29.343Z"",""motion"":""direct""}]",1
F35.02,F35,35,2,Taurus,30,817212.2238891853,-2475-05-08T17:22:24.026Z,817984.7141760229,-2473-06-20T05:08:24.808Z,"[{""jd_ut"":817212.2238891853,""utc"":""-2475-05-08T17:22:24.026Z"",""motion"":""direct""}]",1
F35.03,F35,35,3,Gemini,60,817984.7141760229,-2473-06-20T05:08:24.808Z,818771.4134318714,-2471-08-14T21:55:20.514Z,"[{""jd_ut"":817984.7141760229,""utc"":""-2473-06-20T05:08:24.808Z"",""motion"":""direct""},{""jd_ut"":818185.507794685,""utc"":""-2472-01-07T00:11:13.461Z"",""motion"":""retrograde""},{""jd_ut"":818233.2448582619,""utc"":""-2472-02-23T17:52:35.754Z"",""motion"":""direct""}]",3
F35.04,F35,35,4,Cancer,90,818771.4134318714,-2471-08-14T21:55:20.514Z,819839.711736931,-2468-07-18T05:04:54.071Z,"[{""jd_ut"":818771.4134318714,""utc"":""-2471-08-14T21:55:20.514Z"",""motion"":""direct""},{""jd_ut"":818894.0940563015,""utc"":""-2471-12-15T14:15:26.464Z"",""motion"":""retrograde""},{""jd_ut"":819037.5683896132,""utc"":""-2470-05-08T01:38:28.863Z"",""motion"":""direct""}]",3
F35.05,F35,35,5,Leo,120,819839.711736931,-2468-07-18T05:04:54.071Z,820653.7994078137,-2466-10-10T07:11:08.835Z,"[{""jd_ut"":819839.711736931,""utc"":""-2468-07-18T05:04:54.071Z"",""motion"":""direct""}]",1
F35.06,F35,35,6,Virgo,150,820653.7994078137,-2466-10-10T07:11:08.835Z,821749.2115094461,-2463-10-09T17:04:34.416Z,"[{""jd_ut"":820653.7994078137,""utc"":""-2466-10-10T07:11:08.835Z"",""motion"":""direct""},{""jd_ut"":820783.3393317177,""utc"":""-2465-02-16T20:08:38.260Z"",""motion"":""retrograde""},{""jd_ut"":820926.513958755,""utc"":""-2465-07-10T00:20:06.036Z"",""motion"":""direct""}]",3
F35.07,F35,35,7,Libra,180,821749.2115094461,-2463-10-09T17:04:34.416Z,822850.4114372034,-2460-10-14T21:52:28.174Z,"[{""jd_ut"":821749.2115094461,""utc"":""-2463-10-09T17:04:34.416Z"",""motion"":""direct""},{""jd_ut"":821978.0946833096,""utc"":""-2462-05-26T14:16:20.638Z"",""motion"":""retrograde""},{""jd_ut"":821997.4351074521,""utc"":""-2462-06-14T22:26:33.284Z"",""motion"":""direct""}]",3
F35.08,F35,35,8,Scorpio,210,822850.4114372034,-2460-10-14T21:52:28.174Z,823669.985238198,-2457-01-12T11:38:44.580Z,"[{""jd_ut"":822850.4114372034,""utc"":""-2460-10-14T21:52:28.174Z"",""motion"":""direct""}]",1
F35.09,F35,35,9,Sagittarius,240,823669.985238198,-2457-01-12T11:38:44.580Z,824745.0530298213,-2455-12-22T13:16:21.777Z,"[{""jd_ut"":823669.985238198,""utc"":""-2457-01-12T11:38:44.580Z"",""motion"":""direct""},{""jd_ut"":823794.1972477164,""utc"":""-2457-05-16T16:44:02.203Z"",""motion"":""retrograde""},{""jd_ut"":823941.3953822821,""utc"":""-2457-10-10T21:29:21.029Z"",""motion"":""direct""}]",3
F35.10,F35,35,10,Capricorn,270,824745.0530298213,-2455-12-22T13:16:21.777Z,825533.9939478454,-2452-02-19T11:51:17.094Z,"[{""jd_ut"":824745.0530298213,""utc"":""-2455-12-22T13:16:21.777Z"",""motion"":""direct""}]",1
F35.11,F35,35,11,Aquarius,300,825533.9939478454,-2452-02-19T11:51:17.094Z,826312.7460730455,-2450-04-08T05:54:20.711Z,"[{""jd_ut"":825533.9939478454,""utc"":""-2452-02-19T11:51:17.094Z"",""motion"":""direct""},{""jd_ut"":825728.6714378153,""utc"":""-2452-09-01T04:06:52.227Z"",""motion"":""retrograde""},{""jd_ut"":825789.6843475136,""utc"":""-2452-11-01T04:25:27.625Z"",""motion"":""direct""}]",3
F35.12,F35,35,12,Pisces,330,826312.7460730455,-2450-04-08T05:54:20.711Z,827083.3616986086,-2448-05-17T20:40:50.760Z,"[{""jd_ut"":826312.7460730455,""utc"":""-2450-04-08T05:54:20.711Z"",""motion"":""direct""},{""jd_ut"":826457.7242501762,""utc"":""-2450-08-31T05:22:55.215Z"",""motion"":""retrograde""},{""jd_ut"":826574.1881080603,""utc"":""-2450-12-25T16:30:52.536Z"",""motion"":""direct""}]",3
F36.01,F36,36,1,Aries,0,827083.3616986086,-2448-05-17T20:40:50.760Z,827852.2800446972,-2446-06-25T18:43:15.862Z,"[{""jd_ut"":827083.3616986086,""utc"":""-2448-05-17T20:40:50.760Z"",""motion"":""direct""},{""jd_ut"":827205.1623425826,""utc"":""-2448-09-16T15:53:46.399Z"",""motion"":""retrograde""},{""jd_ut"":827343.3755427198,""utc"":""-2447-02-01T21:00:46.891Z"",""motion"":""direct""}]",3
F36.02,F36,36,2,Taurus,30,827852.2800446972,-2446-06-25T18:43:15.862Z,828633.5470894459,-2444-08-15T01:07:48.528Z,"[{""jd_ut"":827852.2800446972,""utc"":""-2446-06-25T18:43:15.862Z"",""motion"":""direct""},{""jd_ut"":827954.7063683465,""utc"":""-2446-10-06T04:57:10.225Z"",""motion"":""retrograde""},{""jd_ut"":828111.2812438183,""utc"":""-2445-03-11T18:44:59.466Z"",""motion"":""direct""}]",3
F36.03,F36,36,3,Gemini,60,828633.5470894459,-2444-08-15T01:07:48.528Z,829670.463618238,-2441-06-17T23:07:36.616Z,"[{""jd_ut"":828633.5470894459,""utc"":""-2444-08-15T01:07:48.528Z"",""motion"":""direct""},{""jd_ut"":828689.3932334031,""utc"":""-2444-10-09T21:26:15.366Z"",""motion"":""retrograde""},{""jd_ut"":828885.6767793084,""utc"":""-2443-04-24T04:14:33.732Z"",""motion"":""direct""}]",3
F36.04,F36,36,4,Cancer,90,829670.463618238,-2441-06-17T23:07:36.616Z,830468.5648653076,-2439-08-24T01:33:24.363Z,"[{""jd_ut"":829670.463618238,""utc"":""-2441-06-17T23:07:36.616Z"",""motion"":""direct""}]",1
F36.05,F36,36,5,Leo,120,830468.5648653076,-2439-08-24T01:33:24.363Z,831556.9207547519,-2436-08-16T10:05:53.211Z,"[{""jd_ut"":830468.5648653076,""utc"":""-2439-08-24T01:33:24.363Z"",""motion"":""direct""},{""jd_ut"":830643.9794334916,""utc"":""-2438-02-15T11:30:23.054Z"",""motion"":""retrograde""},{""jd_ut"":830733.8536362145,""utc"":""-2438-05-16T08:29:14.169Z"",""motion"":""direct""}]",3
F36.06,F36,36,6,Virgo,150,831556.9207547519,-2436-08-16T10:05:53.211Z,832383.8260798184,-2434-11-21T07:49:33.296Z,"[{""jd_ut"":831556.9207547519,""utc"":""-2436-08-16T10:05:53.211Z"",""motion"":""direct""}]",1
F36.07,F36,36,7,Libra,180,832383.8260798184,-2434-11-21T07:49:33.296Z,833478.9390369863,-2431-11-20T10:32:12.796Z,"[{""jd_ut"":832383.8260798184,""utc"":""-2434-11-21T07:49:33.296Z"",""motion"":""direct""},{""jd_ut"":832484.5806021437,""utc"":""-2433-03-02T01:56:04.025Z"",""motion"":""retrograde""},{""jd_ut"":832655.8702017912,""utc"":""-2433-08-20T08:53:05.435Z"",""motion"":""direct""}]",3
F36.08,F36,36,8,Scorpio,210,833478.9390369863,-2431-11-20T10:32:12.796Z,834572.9652866086,-2428-11-18T11:10:00.763Z,"[{""jd_ut"":833478.9390369863,""utc"":""-2431-11-20T10:32:12.796Z"",""motion"":""direct""},{""jd_ut"":833659.8081604221,""utc"":""-2430-05-20T07:23:45.060Z"",""motion"":""retrograde""},{""jd_ut"":833748.4483120164,""utc"":""-2430-08-16T22:45:34.158Z"",""motion"":""direct""}]",3
F36.09,F36,36,9,Sagittarius,240,834572.9652866086,-2428-11-18T11:10:00.763Z,835378.9991106922,-2425-02-02T11:58:43.164Z,"[{""jd_ut"":834572.9652866086,""utc"":""-2428-11-18T11:10:00.763Z"",""motion"":""direct""}]",1
F36.10,F36,36,10,Capricorn,270,835378.9991106922,-2425-02-02T11:58:43.164Z,836205.0897180336,-2423-05-08T14:09:11.638Z,"[{""jd_ut"":835378.9991106922,""utc"":""-2425-02-02T11:58:43.164Z"",""motion"":""direct""},{""jd_ut"":835528.9086788567,""utc"":""-2425-07-02T09:48:29.853Z"",""motion"":""retrograde""},{""jd_ut"":835647.148235769,""utc"":""-2425-10-28T15:33:27.570Z"",""motion"":""direct""}]",3
F36.11,F36,36,11,Aquarius,300,836205.0897180336,-2423-05-08T14:09:11.638Z,837214.3099521282,-2420-02-11T19:26:19.864Z,"[{""jd_ut"":836205.0897180336,""utc"":""-2423-05-08T14:09:11.638Z"",""motion"":""direct""},{""jd_ut"":836213.2518480497,""utc"":""-2423-05-16T18:02:39.671Z"",""motion"":""retrograde""},{""jd_ut"":836438.9944448662,""utc"":""-2423-12-28T11:52:00.036Z"",""motion"":""direct""}]",3
F36.12,F36,36,12,Pisces,330,837214.3099521282,-2420-02-11T19:26:19.864Z,837981.8490195216,-2418-03-20T08:22:35.287Z,"[{""jd_ut"":837214.3099521282,""utc"":""-2420-02-11T19:26:19.864Z"",""motion"":""direct""}]",1
F37.01,F37,37,1,Aries,0,837981.8490195216,-2418-03-20T08:22:35.287Z,838748.2394726248,-2416-04-24T17:44:50.435Z,"[{""jd_ut"":837981.8490195216,""utc"":""-2418-03-20T08:22:35.287Z"",""motion"":""direct""}]",1
F37.02,F37,37,2,Taurus,30,838748.2394726248,-2416-04-24T17:44:50.435Z,839520.1157060328,-2414-06-05T14:46:37.001Z,"[{""jd_ut"":838748.2394726248,""utc"":""-2416-04-24T17:44:50.435Z"",""motion"":""direct""}]",1
F37.03,F37,37,3,Gemini,60,839520.1157060328,-2414-06-05T14:46:37.001Z,840303.832735701,-2412-07-28T07:59:08.365Z,"[{""jd_ut"":839520.1157060328,""utc"":""-2414-06-05T14:46:37.001Z"",""motion"":""direct""}]",1
F37.04,F37,37,4,Cancer,90,840303.832735701,-2412-07-28T07:59:08.365Z,841374.8456579403,-2409-07-04T08:17:44.846Z,"[{""jd_ut"":840303.832735701,""utc"":""-2412-07-28T07:59:08.365Z"",""motion"":""direct""},{""jd_ut"":840470.6506011409,""utc"":""-2411-01-11T03:36:51.939Z"",""motion"":""retrograde""},{""jd_ut"":840566.5979078885,""utc"":""-2411-04-17T02:20:59.242Z"",""motion"":""direct""}]",3
F37.05,F37,37,5,Leo,120,841374.8456579403,-2409-07-04T08:17:44.846Z,842186.372393792,-2407-09-22T20:56:14.824Z,"[{""jd_ut"":841374.8456579403,""utc"":""-2409-07-04T08:17:44.846Z"",""motion"":""direct""}]",1
F37.06,F37,37,6,Virgo,150,842186.372393792,-2407-09-22T20:56:14.824Z,843284.6410828754,-2404-09-25T03:23:09.560Z,"[{""jd_ut"":842186.372393792,""utc"":""-2407-09-22T20:56:14.824Z"",""motion"":""direct""},{""jd_ut"":842360.5398757537,""utc"":""-2406-03-16T00:57:25.265Z"",""motion"":""retrograde""},{""jd_ut"":842455.1257253499,""utc"":""-2406-06-18T15:01:02.670Z"",""motion"":""direct""}]",3
F37.07,F37,37,7,Libra,180,843284.6410828754,-2404-09-25T03:23:09.560Z,844127.4984998382,-2401-01-15T23:57:50.386Z,"[{""jd_ut"":843284.6410828754,""utc"":""-2404-09-25T03:23:09.560Z"",""motion"":""direct""}]",1
F37.08,F37,37,8,Scorpio,210,844127.4984998382,-2401-01-15T23:57:50.386Z,845202.7429169256,-2399-12-26T05:49:48.022Z,"[{""jd_ut"":844127.4984998382,""utc"":""-2401-01-15T23:57:50.386Z"",""motion"":""direct""},{""jd_ut"":844173.1169675908,""utc"":""-2401-03-02T14:48:26.000Z"",""motion"":""retrograde""},{""jd_ut"":844386.079310549,""utc"":""-2401-10-01T13:54:12.431Z"",""motion"":""direct""}]",3
F37.09,F37,37,9,Sagittarius,240,845202.7429169256,-2399-12-26T05:49:48.022Z,846281.9014967764,-2396-12-09T09:38:09.321Z,"[{""jd_ut"":845202.7429169256,""utc"":""-2399-12-26T05:49:48.022Z"",""motion"":""direct""},{""jd_ut"":845369.2731900085,""utc"":""-2398-06-10T18:33:23.617Z"",""motion"":""retrograde""},{""jd_ut"":845472.9516321195,""utc"":""-2398-09-22T10:50:21.015Z"",""motion"":""direct""}]",3
F37.10,F37,37,10,Capricorn,270,846281.9014967764,-2396-12-09T09:38:09.321Z,847070.2096631704,-2393-02-05T17:01:54.898Z,"[{""jd_ut"":846281.9014967764,""utc"":""-2396-12-09T09:38:09.321Z"",""motion"":""direct""}]",1
F37.11,F37,37,11,Aquarius,300,847070.2096631704,-2393-02-05T17:01:54.898Z,847847.2621364943,-2391-03-23T18:17:28.593Z,"[{""jd_ut"":847070.2096631704,""utc"":""-2393-02-05T17:01:54.898Z"",""motion"":""direct""}]",1
F37.12,F37,37,12,Pisces,330,847847.2621364943,-2391-03-23T18:17:28.593Z,848616.3131419136,-2389-05-01T19:30:55.461Z,"[{""jd_ut"":847847.2621364943,""utc"":""-2391-03-23T18:17:28.593Z"",""motion"":""direct""},{""jd_ut"":848034.8732038629,""utc"":""-2391-09-27T08:57:24.814Z"",""motion"":""retrograde""},{""jd_ut"":848101.5211207727,""utc"":""-2391-12-03T00:30:24.835Z"",""motion"":""direct""}]",3
F38.01,F38,38,1,Aries,0,848616.3131419136,-2389-05-01T19:30:55.461Z,849383.5548624727,-2387-06-07T01:19:00.118Z,"[{""jd_ut"":848616.3131419136,""utc"":""-2389-05-01T19:30:55.461Z"",""motion"":""direct""},{""jd_ut"":848780.0972988494,""utc"":""-2389-10-12T14:20:06.621Z"",""motion"":""retrograde""},{""jd_ut"":848874.0909263291,""utc"":""-2388-01-14T14:10:56.035Z"",""motion"":""direct""}]",3
F38.02,F38,38,2,Taurus,30,849383.5548624727,-2387-06-07T01:19:00.118Z,850157.7818447102,-2385-07-21T06:45:51.383Z,"[{""jd_ut"":849383.5548624727,""utc"":""-2387-06-07T01:19:00.118Z"",""motion"":""direct""},{""jd_ut"":849529.5766860633,""utc"":""-2387-10-31T01:50:25.676Z"",""motion"":""retrograde""},{""jd_ut"":849643.486703376,""utc"":""-2386-02-21T23:40:51.172Z"",""motion"":""direct""}]",3
F38.03,F38,38,3,Gemini,60,850157.7818447102,-2385-07-21T06:45:51.383Z,851206.1338583301,-2382-06-03T15:12:45.360Z,"[{""jd_ut"":850157.7818447102,""utc"":""-2385-07-21T06:45:51.383Z"",""motion"":""direct""},{""jd_ut"":850269.2603284882,""utc"":""-2385-11-09T18:14:52.381Z"",""motion"":""retrograde""},{""jd_ut"":850419.7752793182,""utc"":""-2384-04-08T06:36:24.133Z"",""motion"":""direct""}]",3
F38.04,F38,38,4,Cancer,90,851206.1338583301,-2382-06-03T15:12:45.360Z,852003.4395280576,-2380-08-08T22:32:55.224Z,"[{""jd_ut"":851206.1338583301,""utc"":""-2382-06-03T15:12:45.360Z"",""motion"":""direct""}]",1
F38.05,F38,38,5,Leo,120,852003.4395280576,-2380-08-08T22:32:55.224Z,852836.8428695817,-2378-11-20T08:13:43.932Z,"[{""jd_ut"":852003.4395280576,""utc"":""-2380-08-08T22:32:55.224Z"",""motion"":""direct""}]",1
F38.06,F38,38,6,Virgo,150,852836.8428695817,-2378-11-20T08:13:43.932Z,853914.2910081216,-2375-11-01T18:59:03.102Z,"[{""jd_ut"":852836.8428695817,""utc"":""-2378-11-20T08:13:43.932Z"",""motion"":""direct""},{""jd_ut"":852873.302793975,""utc"":""-2378-12-26T19:16:01.399Z"",""motion"":""retrograde""},{""jd_ut"":853092.2402585938,""utc"":""-2377-08-02T17:45:58.343Z"",""motion"":""direct""}]",3
F38.07,F38,38,7,Libra,180,853914.2910081216,-2375-11-01T18:59:03.102Z,855014.2060489217,-2372-11-05T16:56:42.627Z,"[{""jd_ut"":853914.2910081216,""utc"":""-2375-11-01T18:59:03.102Z"",""motion"":""direct""},{""jd_ut"":854060.5735901843,""utc"":""-2374-03-28T01:45:58.192Z"",""motion"":""retrograde""},{""jd_ut"":854188.3619301186,""utc"":""-2374-08-02T20:41:10.762Z"",""motion"":""direct""}]",3
F38.08,F38,38,8,Scorpio,210,855014.2060489217,-2372-11-05T16:56:42.627Z,856109.40073627,-2369-11-05T21:37:03.614Z,"[{""jd_ut"":855014.2060489217,""utc"":""-2372-11-05T16:56:42.627Z"",""motion"":""direct""}]",1
F38.09,F38,38,9,Sagittarius,240,856109.40073627,-2369-11-05T21:37:03.614Z,856913.7592377116,-2366-01-18T06:13:18.138Z,"[{""jd_ut"":856109.40073627,""utc"":""-2369-11-05T21:37:03.614Z"",""motion"":""direct""}]",1
F38.10,F38,38,10,Capricorn,270,856913.7592377116,-2366-01-18T06:13:18.138Z,857713.965403609,-2364-03-28T11:10:10.872Z,"[{""jd_ut"":856913.7592377116,""utc"":""-2366-01-18T06:13:18.138Z"",""motion"":""direct""},{""jd_ut"":857105.8010181896,""utc"":""-2366-07-29T07:13:27.972Z"",""motion"":""retrograde""},{""jd_ut"":857175.0238253085,""utc"":""-2366-10-06T12:34:18.507Z"",""motion"":""direct""}]",3
F38.11,F38,38,11,Aquarius,300,857713.965403609,-2364-03-28T11:10:10.872Z,858751.552508739,-2361-01-30T01:15:36.755Z,"[{""jd_ut"":857713.965403609,""utc"":""-2364-03-28T11:10:10.872Z"",""motion"":""direct""},{""jd_ut"":857807.5298351757,""utc"":""-2364-06-30T00:42:57.759Z"",""motion"":""retrograde""},{""jd_ut"":857975.1937614344,""utc"":""-2364-12-14T16:39:00.988Z"",""motion"":""direct""}]",3
F38.12,F38,38,12,Pisces,330,858751.552508739,-2361-01-30T01:15:36.755Z,859519.2572697394,-2359-03-07T18:10:28.105Z,"[{""jd_ut"":858751.552508739,""utc"":""-2361-01-30T01:15:36.755Z"",""motion"":""direct""}]",1
F39.01,F39,39,1,Aries,0,859519.2572697394,-2359-03-07T18:10:28.105Z,860285.5868064545,-2357-04-13T02:05:00.078Z,"[{""jd_ut"":859519.2572697394,""utc"":""-2359-03-07T18:10:28.105Z"",""motion"":""direct""}]",1
F39.02,F39,39,2,Taurus,30,860285.5868064545,-2357-04-13T02:05:00.078Z,861057.2112808172,-2355-05-23T17:04:14.663Z,"[{""jd_ut"":860285.5868064545,""utc"":""-2357-04-13T02:05:00.078Z"",""motion"":""direct""}]",1
F39.03,F39,39,3,Gemini,60,861057.2112808172,-2355-05-23T17:04:14.663Z,861839.5847051053,-2353-07-15T02:01:58.521Z,"[{""jd_ut"":861057.2112808172,""utc"":""-2355-05-23T17:04:14.663Z"",""motion"":""direct""}]",1
F39.04,F39,39,4,Cancer,90,861839.5847051053,-2353-07-15T02:01:58.521Z,862643.6742185932,-2351-09-26T04:10:52.486Z,"[{""jd_ut"":861839.5847051053,""utc"":""-2353-07-15T02:01:58.521Z"",""motion"":""direct""},{""jd_ut"":862060.7722258053,""utc"":""-2352-02-21T06:32:00.310Z"",""motion"":""retrograde""},{""jd_ut"":862079.385742954,""utc"":""-2352-03-10T21:15:28.191Z"",""motion"":""direct""}]",3
F39.05,F39,39,5,Leo,120,862643.6742185932,-2351-09-26T04:10:52.486Z,863721.8079254623,-2348-09-08T07:23:24.760Z,"[{""jd_ut"":862643.6742185932,""utc"":""-2351-09-26T04:10:52.486Z"",""motion"":""direct""},{""jd_ut"":862734.5706419125,""utc"":""-2351-12-26T01:41:43.461Z"",""motion"":""retrograde""},{""jd_ut"":862910.1315383229,""utc"":""-2350-06-19T15:09:24.911Z"",""motion"":""direct""}]",3
F39.06,F39,39,6,Virgo,150,863721.8079254623,-2348-09-08T07:23:24.760Z,864820.9995516513,-2345-09-12T11:59:21.263Z,"[{""jd_ut"":863721.8079254623,""utc"":""-2348-09-08T07:23:24.760Z"",""motion"":""direct""}]",1
F39.07,F39,39,7,Libra,180,864820.9995516513,-2345-09-12T11:59:21.263Z,865649.2865691669,-2343-12-18T18:52:39.576Z,"[{""jd_ut"":864820.9995516513,""utc"":""-2345-09-12T11:59:21.263Z"",""motion"":""direct""}]",1
F39.08,F39,39,8,Scorpio,210,865649.2865691669,-2343-12-18T18:52:39.576Z,866738.4805974918,-2340-12-11T23:32:03.623Z,"[{""jd_ut"":865649.2865691669,""utc"":""-2343-12-18T18:52:39.576Z"",""motion"":""direct""},{""jd_ut"":865755.363833979,""utc"":""-2342-04-03T20:43:55.256Z"",""motion"":""retrograde""},{""jd_ut"":865921.5374630389,""utc"":""-2342-09-17T00:53:56.807Z"",""motion"":""direct""}]",3
F39.09,F39,39,9,Sagittarius,240,866738.4805974918,-2340-12-11T23:32:03.623Z,867567.4408625895,-2337-03-20T22:34:50.528Z,"[{""jd_ut"":866738.4805974918,""utc"":""-2340-12-11T23:32:03.623Z"",""motion"":""direct""},{""jd_ut"":866950.3280722199,""utc"":""-2339-07-11T19:52:25.440Z"",""motion"":""retrograde""},{""jd_ut"":866995.9525339962,""utc"":""-2339-08-26T10:51:38.937Z"",""motion"":""direct""}]",3
F39.10,F39,39,10,Capricorn,270,867567.4408625895,-2337-03-20T22:34:50.528Z,868607.9959589443,-2334-01-24T11:54:10.853Z,"[{""jd_ut"":867567.4408625895,""utc"":""-2337-03-20T22:34:50.528Z"",""motion"":""direct""},{""jd_ut"":867610.0019370832,""utc"":""-2337-05-02T12:02:47.364Z"",""motion"":""retrograde""},{""jd_ut"":867819.1838918347,""utc"":""-2337-11-27T16:24:48.255Z"",""motion"":""direct""}]",3
F39.11,F39,39,11,Aquarius,300,868607.9959589443,-2334-01-24T11:54:10.853Z,869384.4499188527,-2332-03-10T22:47:52.989Z,"[{""jd_ut"":868607.9959589443,""utc"":""-2334-01-24T11:54:10.853Z"",""motion"":""direct""}]",1
F39.12,F39,39,12,Pisces,330,869384.4499188527,-2332-03-10T22:47:52.989Z,870152.8826177495,-2330-04-18T09:10:58.174Z,"[{""jd_ut"":869384.4499188527,""utc"":""-2332-03-10T22:47:52.989Z"",""motion"":""direct""}]",1
F40.01,F40,40,1,Aries,0,870152.8826177495,-2330-04-18T09:10:58.174Z,870919.4732367168,-2328-05-23T23:21:27.652Z,"[{""jd_ut"":870152.8826177495,""utc"":""-2330-04-18T09:10:58.174Z"",""motion"":""direct""},{""jd_ut"":870362.1777923878,""utc"":""-2330-11-13T16:16:01.262Z"",""motion"":""retrograde""},{""jd_ut"":870394.9740451006,""utc"":""-2330-12-16T11:22:37.497Z"",""motion"":""direct""}]",3
F40.02,F40,40,2,Taurus,30,870919.4732367168,-2328-05-23T23:21:27.652Z,871691.6122879516,-2326-07-05T02:41:41.679Z,"[{""jd_ut"":870919.4732367168,""utc"":""-2328-05-23T23:21:27.652Z"",""motion"":""direct""},{""jd_ut"":871104.5811098912,""utc"":""-2328-11-25T01:56:47.895Z"",""motion"":""retrograde""},{""jd_ut"":871171.9502649598,""utc"":""-2327-01-31T10:48:22.893Z"",""motion"":""direct""}]",3
F40.03,F40,40,3,Gemini,60,871691.6122879516,-2326-07-05T02:41:41.679Z,872481.9679830684,-2324-09-02T11:13:53.737Z,"[{""jd_ut"":871691.6122879516,""utc"":""-2326-07-05T02:41:41.679Z"",""motion"":""direct""},{""jd_ut"":871841.4038682887,""utc"":""-2326-12-01T21:41:34.220Z"",""motion"":""retrograde""},{""jd_ut"":871953.1287272596,""utc"":""-2325-03-23T15:05:22.035Z"",""motion"":""direct""}]",3
F40.04,F40,40,4,Cancer,90,872481.9679830684,-2324-09-02T11:13:53.737Z,873540.2783913887,-2321-07-27T18:40:53.016Z,"[{""jd_ut"":872481.9679830684,""utc"":""-2324-09-02T11:13:53.737Z"",""motion"":""direct""},{""jd_ut"":872559.5008152081,""utc"":""-2324-11-19T00:01:10.434Z"",""motion"":""retrograde""},{""jd_ut"":872742.505250694,""utc"":""-2323-05-21T00:07:33.660Z"",""motion"":""direct""}]",3
F40.05,F40,40,5,Leo,120,873540.2783913887,-2321-07-27T18:40:53.016Z,874356.9016374936,-2319-10-21T09:38:21.479Z,"[{""jd_ut"":873540.2783913887,""utc"":""-2321-07-27T18:40:53.016Z"",""motion"":""direct""}]",1
F40.06,F40,40,6,Virgo,150,874356.9016374936,-2319-10-21T09:38:21.479Z,875448.9554923452,-2316-10-17T10:55:54.539Z,"[{""jd_ut"":874356.9016374936,""utc"":""-2319-10-21T09:38:21.479Z"",""motion"":""direct""},{""jd_ut"":874457.0684978792,""utc"":""-2318-01-29T13:38:38.217Z"",""motion"":""retrograde""},{""jd_ut"":874627.5921673619,""utc"":""-2318-07-19T02:12:43.260Z"",""motion"":""direct""}]",3
F40.07,F40,40,7,Libra,180,875448.9554923452,-2316-10-17T10:55:54.539Z,876550.8605314216,-2313-10-24T08:39:09.915Z,"[{""jd_ut"":875448.9554923452,""utc"":""-2316-10-17T10:55:54.539Z"",""motion"":""direct""},{""jd_ut"":875636.9741130942,""utc"":""-2315-04-23T11:22:43.371Z"",""motion"":""retrograde""},{""jd_ut"":875716.6655677641,""utc"":""-2315-07-12T03:58:25.055Z"",""motion"":""direct""}]",3
F40.08,F40,40,8,Scorpio,210,876550.8605314216,-2313-10-24T08:39:09.915Z,877380.6803028891,-2310-01-31T04:19:38.170Z,"[{""jd_ut"":876550.8605314216,""utc"":""-2313-10-24T08:39:09.915Z"",""motion"":""direct""}]",1
F40.09,F40,40,9,Sagittarius,240,877380.6803028891,-2310-01-31T04:19:38.170Z,878450.7646433203,-2307-01-05T06:21:05.183Z,"[{""jd_ut"":877380.6803028891,""utc"":""-2310-01-31T04:19:38.170Z"",""motion"":""direct""},{""jd_ut"":877458.8811577605,""utc"":""-2310-04-19T09:08:52.031Z"",""motion"":""retrograde""},{""jd_ut"":877646.0050172675,""utc"":""-2310-10-23T12:07:13.492Z"",""motion"":""direct""}]",3
F40.10,F40,40,10,Capricorn,270,878450.7646433203,-2307-01-05T06:21:05.183Z,879245.9565731338,-2305-03-11T10:57:27.919Z,"[{""jd_ut"":878450.7646433203,""utc"":""-2307-01-05T06:21:05.183Z"",""motion"":""direct""}]",1
F40.11,F40,40,11,Aquarius,300,879245.9565731338,-2305-03-11T10:57:27.919Z,880035.4811614472,-2303-05-08T23:32:52.349Z,"[{""jd_ut"":879245.9565731338,""utc"":""-2305-03-11T10:57:27.919Z"",""motion"":""direct""},{""jd_ut"":879379.8541418563,""utc"":""-2305-07-23T08:29:57.856Z"",""motion"":""retrograde""},{""jd_ut"":879511.0644307262,""utc"":""-2305-12-01T13:32:46.815Z"",""motion"":""direct""}]",3
F40.12,F40,40,12,Pisces,330,880035.4811614472,-2303-05-08T23:32:52.349Z,881057.499894591,-2300-02-24T23:59:50.893Z,"[{""jd_ut"":880035.4811614472,""utc"":""-2303-05-08T23:32:52.349Z"",""motion"":""direct""},{""jd_ut"":880106.13565833,""utc"":""-2303-07-18T15:15:20.880Z"",""motion"":""retrograde""},{""jd_ut"":880289.3938652484,""utc"":""-2302-01-17T21:27:09.957Z"",""motion"":""direct""}]",3
F41.01,F41,41,1,Aries,0,881057.499894591,-2300-02-24T23:59:50.893Z,881823.8356303342,-2298-04-02T08:03:18.461Z,"[{""jd_ut"":881057.499894591,""utc"":""-2300-02-24T23:59:50.893Z"",""motion"":""direct""}]",1
F41.02,F41,41,2,Taurus,30,881823.8356303342,-2298-04-02T08:03:18.461Z,882595.374189018,-2296-05-12T20:58:49.931Z,"[{""jd_ut"":881823.8356303342,""utc"":""-2298-04-02T08:03:18.461Z"",""motion"":""direct""}]",1
F41.03,F41,41,3,Gemini,60,882595.374189018,-2296-05-12T20:58:49.931Z,883377.1225094977,-2294-07-03T14:56:24.821Z,"[{""jd_ut"":882595.374189018,""utc"":""-2296-05-12T20:58:49.931Z"",""motion"":""direct""}]",1
F41.04,F41,41,4,Cancer,90,883377.1225094977,-2294-07-03T14:56:24.821Z,884175.3530588499,-2292-09-08T20:28:24.285Z,"[{""jd_ut"":883377.1225094977,""utc"":""-2294-07-03T14:56:24.821Z"",""motion"":""direct""}]",1
F41.05,F41,41,5,Leo,120,884175.3530588499,-2292-09-08T20:28:24.285Z,885258.7390564901,-2289-08-28T05:44:14.481Z,"[{""jd_ut"":884175.3530588499,""utc"":""-2292-09-08T20:28:24.285Z"",""motion"":""direct""},{""jd_ut"":884307.7853294695,""utc"":""-2291-01-19T06:50:52.466Z"",""motion"":""retrograde""},{""jd_ut"":884444.7203553014,""utc"":""-2291-06-05T05:17:18.698Z"",""motion"":""direct""}]",3
F41.06,F41,41,6,Virgo,150,885258.7390564901,-2289-08-28T05:44:14.481Z,886095.6497742112,-2287-12-12T03:35:40.492Z,"[{""jd_ut"":885258.7390564901,""utc"":""-2289-08-28T05:44:14.481Z"",""motion"":""direct""}]",1
F41.07,F41,41,7,Libra,180,886095.6497742112,-2287-12-12T03:35:40.492Z,887181.8952001561,-2284-12-02T09:29:05.293Z,"[{""jd_ut"":886095.6497742112,""utc"":""-2287-12-12T03:35:40.492Z"",""motion"":""direct""},{""jd_ut"":886149.8399363353,""utc"":""-2286-02-04T08:09:30.499Z"",""motion"":""retrograde""},{""jd_ut"":886357.6977387958,""utc"":""-2286-08-31T04:44:44.632Z"",""motion"":""direct""}]",3
F41.08,F41,41,8,Scorpio,210,887181.8952001561,-2284-12-02T09:29:05.293Z,888275.8119780582,-2281-12-01T07:29:14.904Z,"[{""jd_ut"":887181.8952001561,""utc"":""-2284-12-02T09:29:05.293Z"",""motion"":""direct""},{""jd_ut"":887328.4501252424,""utc"":""-2283-04-27T22:48:10.821Z"",""motion"":""retrograde""},{""jd_ut"":887455.8743051612,""utc"":""-2283-09-02T08:58:59.966Z"",""motion"":""direct""}]",3
F41.09,F41,41,9,Sagittarius,240,888275.8119780582,-2281-12-01T07:29:14.904Z,889090.228042755,-2278-02-22T17:28:22.894Z,"[{""jd_ut"":888275.8119780582,""utc"":""-2281-12-01T07:29:14.904Z"",""motion"":""direct""}]",1
F41.10,F41,41,10,Capricorn,270,889090.228042755,-2278-02-22T17:28:22.894Z,890146.6625421317,-2275-01-14T03:54:03.640Z,"[{""jd_ut"":889090.228042755,""utc"":""-2278-02-22T17:28:22.894Z"",""motion"":""direct""},{""jd_ut"":889190.3023795171,""utc"":""-2278-06-02T19:15:25.590Z"",""motion"":""retrograde""},{""jd_ut"":889356.3540260356,""utc"":""-2278-11-15T20:29:47.849Z"",""motion"":""direct""}]",3
F41.11,F41,41,11,Aquarius,300,890146.6625421317,-2275-01-14T03:54:03.640Z,890923.0803637668,-2273-03-01T13:55:43.429Z,"[{""jd_ut"":890146.6625421317,""utc"":""-2275-01-14T03:54:03.640Z"",""motion"":""direct""}]",1
F41.12,F41,41,12,Pisces,330,890923.0803637668,-2273-03-01T13:55:43.429Z,891691.2762526828,-2271-04-07T18:37:48.232Z,"[{""jd_ut"":890923.0803637668,""utc"":""-2273-03-01T13:55:43.429Z"",""motion"":""direct""}]",1
F42.01,F42,42,1,Aries,0,891691.2762526828,-2271-04-07T18:37:48.232Z,892457.5132480464,-2269-05-14T00:19:04.631Z,"[{""jd_ut"":891691.2762526828,""utc"":""-2271-04-07T18:37:48.232Z"",""motion"":""direct""}]",1
F42.02,F42,42,2,Taurus,30,892457.5132480464,-2269-05-14T00:19:04.631Z,893228.6589358207,-2267-06-23T03:48:52.055Z,"[{""jd_ut"":892457.5132480464,""utc"":""-2269-05-14T00:19:04.631Z"",""motion"":""direct""}]",1
F42.03,F42,42,3,Gemini,60,893228.6589358207,-2267-06-23T03:48:52.055Z,894013.221072607,-2265-08-16T17:18:20.673Z,"[{""jd_ut"":893228.6589358207,""utc"":""-2267-06-23T03:48:52.055Z"",""motion"":""direct""},{""jd_ut"":893415.0090212862,""utc"":""-2267-12-26T12:12:59.439Z"",""motion"":""retrograde""},{""jd_ut"":893482.4638675316,""utc"":""-2266-03-03T23:07:58.155Z"",""motion"":""direct""}]",3
F42.04,F42,42,4,Cancer,90,894013.221072607,-2265-08-16T17:18:20.673Z,895078.0989493236,-2262-07-16T14:22:29.222Z,"[{""jd_ut"":894013.221072607,""utc"":""-2265-08-16T17:18:20.673Z"",""motion"":""direct""},{""jd_ut"":894132.0452244938,""utc"":""-2265-12-13T13:05:07.396Z"",""motion"":""retrograde""},{""jd_ut"":894278.6581559333,""utc"":""-2264-05-08T03:47:44.673Z"",""motion"":""direct""}]",3
F42.05,F42,42,5,Leo,120,895078.0989493236,-2262-07-16T14:22:29.222Z,895889.4767894356,-2260-10-04T23:26:34.607Z,"[{""jd_ut"":895078.0989493236,""utc"":""-2262-07-16T14:22:29.222Z"",""motion"":""direct""}]",1
F42.06,F42,42,6,Virgo,150,895889.4767894356,-2260-10-04T23:26:34.607Z,896985.4903779044,-2257-10-05T23:46:08.651Z,"[{""jd_ut"":895889.4767894356,""utc"":""-2260-10-04T23:26:34.607Z"",""motion"":""direct""},{""jd_ut"":896029.8829065992,""utc"":""-2259-02-22T09:11:23.130Z"",""motion"":""retrograde""},{""jd_ut"":896161.9352064291,""utc"":""-2259-07-04T10:26:41.835Z"",""motion"":""direct""}]",3
F42.07,F42,42,7,Libra,180,896985.4903779044,-2257-10-05T23:46:08.651Z,898088.0222517783,-2254-10-12T12:32:02.554Z,"[{""jd_ut"":896985.4903779044,""utc"":""-2257-10-05T23:46:08.651Z"",""motion"":""direct""}]",1
F42.08,F42,42,8,Scorpio,210,898088.0222517783,-2254-10-12T12:32:02.554Z,898909.8713043157,-2251-01-11T08:54:40.693Z,"[{""jd_ut"":898088.0222517783,""utc"":""-2254-10-12T12:32:02.554Z"",""motion"":""direct""}]",1
F42.09,F42,42,9,Sagittarius,240,898909.8713043157,-2251-01-11T08:54:40.693Z,899988.612533754,-2249-12-26T02:42:02.916Z,"[{""jd_ut"":898909.8713043157,""utc"":""-2251-01-11T08:54:40.693Z"",""motion"":""direct""},{""jd_ut"":899033.9956574982,""utc"":""-2251-05-15T11:53:44.808Z"",""motion"":""retrograde""},{""jd_ut"":899181.7374450469,""utc"":""-2251-10-10T05:41:55.252Z"",""motion"":""direct""}]",3
F42.10,F42,42,10,Capricorn,270,899988.612533754,-2249-12-26T02:42:02.916Z,900781.640439464,-2246-02-26T03:22:13.970Z,"[{""jd_ut"":899988.612533754,""utc"":""-2249-12-26T02:42:02.916Z"",""motion"":""direct""}]",1
F42.11,F42,42,11,Aquarius,300,900781.640439464,-2246-02-26T03:22:13.970Z,901565.5030520307,-2244-04-20T00:04:23.695Z,"[{""jd_ut"":900781.640439464,""utc"":""-2246-02-26T03:22:13.970Z"",""motion"":""direct""},{""jd_ut"":900951.2533981882,""utc"":""-2246-08-14T18:04:53.603Z"",""motion"":""retrograde""},{""jd_ut"":901044.4324641379,""utc"":""-2246-11-15T22:22:44.902Z"",""motion"":""direct""}]",3
F42.12,F42,42,12,Pisces,330,901565.5030520307,-2244-04-20T00:04:23.695Z,902340.1452910528,-2242-06-03T15:29:13.147Z,"[{""jd_ut"":901565.5030520307,""utc"":""-2244-04-20T00:04:23.695Z"",""motion"":""direct""},{""jd_ut"":901679.2097534409,""utc"":""-2244-08-11T17:02:02.697Z"",""motion"":""retrograde""},{""jd_ut"":901826.7130572272,""utc"":""-2243-01-06T05:06:48.144Z"",""motion"":""direct""}]",3
F43.01,F43,43,1,Aries,0,902340.1452910528,-2242-06-03T15:29:13.147Z,903111.7834725755,-2240-07-14T06:48:12.031Z,"[{""jd_ut"":902340.1452910528,""utc"":""-2242-06-03T15:29:13.147Z"",""motion"":""direct""},{""jd_ut"":902423.6540831104,""utc"":""-2242-08-26T03:41:52.781Z"",""motion"":""retrograde""},{""jd_ut"":902595.6980737224,""utc"":""-2241-02-14T04:45:13.570Z"",""motion"":""direct""}]",3
F43.02,F43,43,2,Taurus,30,903111.7834725755,-2240-07-14T06:48:12.031Z,904134.1499058213,-2237-05-02T15:35:51.863Z,"[{""jd_ut"":903111.7834725755,""utc"":""-2240-07-14T06:48:12.031Z"",""motion"":""direct""},{""jd_ut"":903171.4888375956,""utc"":""-2240-09-11T23:43:55.568Z"",""motion"":""retrograde""},{""jd_ut"":903362.3415261353,""utc"":""-2239-03-21T20:11:47.858Z"",""motion"":""direct""}]",3
F43.03,F43,43,3,Gemini,60,904134.1499058213,-2237-05-02T15:35:51.863Z,904915.834103174,-2235-06-22T08:01:06.514Z,"[{""jd_ut"":904134.1499058213,""utc"":""-2237-05-02T15:35:51.863Z"",""motion"":""direct""}]",1
F43.04,F43,43,4,Cancer,90,904915.834103174,-2235-06-22T08:01:06.514Z,905711.3666815469,-2233-08-26T20:48:01.286Z,"[{""jd_ut"":904915.834103174,""utc"":""-2235-06-22T08:01:06.514Z"",""motion"":""direct""}]",1
F43.05,F43,43,5,Leo,120,905711.3666815469,-2233-08-26T20:48:01.286Z,906796.5437701638,-2230-08-16T01:03:01.742Z,"[{""jd_ut"":905711.3666815469,""utc"":""-2233-08-26T20:48:01.286Z"",""motion"":""direct""},{""jd_ut"":905879.2518175517,""utc"":""-2232-02-10T18:02:37.036Z"",""motion"":""retrograde""},{""jd_ut"":905977.3222240291,""utc"":""-2232-05-18T19:44:00.156Z"",""motion"":""direct""}]",3
F43.06,F43,43,6,Virgo,150,906796.5437701638,-2230-08-16T01:03:01.742Z,907621.443745479,-2228-11-17T22:38:59.609Z,"[{""jd_ut"":906796.5437701638,""utc"":""-2230-08-16T01:03:01.742Z"",""motion"":""direct""}]",1
F43.07,F43,43,7,Libra,180,907621.443745479,-2228-11-17T22:38:59.609Z,908717.601061401,-2225-11-19T02:25:31.705Z,"[{""jd_ut"":907621.443745479,""utc"":""-2228-11-17T22:38:59.609Z"",""motion"":""direct""},{""jd_ut"":907727.7781449312,""utc"":""-2227-03-04T06:40:31.722Z"",""motion"":""retrograde""},{""jd_ut"":907894.0211247548,""utc"":""-2227-08-17T12:30:25.179Z"",""motion"":""direct""}]",3
F43.08,F43,43,8,Scorpio,210,908717.601061401,-2225-11-19T02:25:31.705Z,909813.7152445137,-2222-11-19T05:09:57.126Z,"[{""jd_ut"":908717.601061401,""utc"":""-2225-11-19T02:25:31.705Z"",""motion"":""direct""},{""jd_ut"":908902.3267573211,""utc"":""-2224-05-21T19:50:31.833Z"",""motion"":""retrograde""},{""jd_ut"":908986.4961088896,""utc"":""-2224-08-13T23:54:23.808Z"",""motion"":""direct""}]",3
F43.09,F43,43,9,Sagittarius,240,909813.7152445137,-2222-11-19T05:09:57.126Z,910623.2064857355,-2219-02-05T16:57:20.368Z,"[{""jd_ut"":909813.7152445137,""utc"":""-2222-11-19T05:09:57.126Z"",""motion"":""direct""}]",1
F43.10,F43,43,10,Capricorn,270,910623.2064857355,-2219-02-05T16:57:20.368Z,911685.60978609,-2216-01-04T02:38:05.518Z,"[{""jd_ut"":910623.2064857355,""utc"":""-2219-02-05T16:57:20.368Z"",""motion"":""direct""},{""jd_ut"":910761.8238355492,""utc"":""-2219-06-24T07:46:19.391Z"",""motion"":""retrograde""},{""jd_ut"":910892.3909044252,""utc"":""-2219-11-01T21:22:54.142Z"",""motion"":""direct""}]",3
F43.11,F43,43,11,Aquarius,300,911685.60978609,-2216-01-04T02:38:05.518Z,912462.5153293137,-2214-02-19T00:22:04.453Z,"[{""jd_ut"":911685.60978609,""utc"":""-2216-01-04T02:38:05.518Z"",""motion"":""direct""}]",1
F43.12,F43,43,12,Pisces,330,912462.5153293137,-2214-02-19T00:22:04.453Z,913230.780186771,-2212-03-28T06:43:28.137Z,"[{""jd_ut"":912462.5153293137,""utc"":""-2214-02-19T00:22:04.453Z"",""motion"":""direct""}]",1
F44.01,F44,44,1,Aries,0,913230.780186771,-2212-03-28T06:43:28.137Z,913996.8232407849,-2210-05-03T07:45:28.004Z,"[{""jd_ut"":913230.780186771,""utc"":""-2212-03-28T06:43:28.137Z"",""motion"":""direct""}]",1
F44.02,F44,44,2,Taurus,30,913996.8232407849,-2210-05-03T07:45:28.004Z,914767.3792943042,-2208-06-11T21:06:11.028Z,"[{""jd_ut"":913996.8232407849,""utc"":""-2210-05-03T07:45:28.004Z"",""motion"":""direct""}]",1
F44.03,F44,44,3,Gemini,60,914767.3792943042,-2208-06-11T21:06:11.028Z,915549.2233968768,-2206-08-02T17:21:41.490Z,"[{""jd_ut"":914767.3792943042,""utc"":""-2208-06-11T21:06:11.028Z"",""motion"":""direct""}]",1
F44.04,F44,44,4,Cancer,90,915549.2233968768,-2206-08-02T17:21:41.490Z,916616.2111457246,-2203-07-04T17:04:02.991Z,"[{""jd_ut"":915549.2233968768,""utc"":""-2206-08-02T17:21:41.490Z"",""motion"":""direct""},{""jd_ut"":915701.6506539986,""utc"":""-2205-01-02T03:36:56.505Z"",""motion"":""retrograde""},{""jd_ut"":915813.4321030839,""utc"":""-2205-04-23T22:22:13.706Z"",""motion"":""direct""}]",3
F44.05,F44,44,5,Leo,120,916616.2111457246,-2203-07-04T17:04:02.991Z,917425.3531552111,-2201-09-21T20:28:32.610Z,"[{""jd_ut"":916616.2111457246,""utc"":""-2203-07-04T17:04:02.991Z"",""motion"":""direct""}]",1
F44.06,F44,44,6,Virgo,150,917425.3531552111,-2201-09-21T20:28:32.610Z,918522.8878802462,-2198-09-24T09:18:32.853Z,"[{""jd_ut"":917425.3531552111,""utc"":""-2201-09-21T20:28:32.610Z"",""motion"":""direct""},{""jd_ut"":917602.8249002493,""utc"":""-2200-03-18T07:47:51.382Z"",""motion"":""retrograde""},{""jd_ut"":917693.0957683132,""utc"":""-2200-06-16T14:17:54.382Z"",""motion"":""direct""}]",3
F44.07,F44,44,7,Libra,180,918522.8878802462,-2198-09-24T09:18:32.853Z,919364.0154504196,-2195-01-12T12:22:14.916Z,"[{""jd_ut"":918522.8878802462,""utc"":""-2198-09-24T09:18:32.853Z"",""motion"":""direct""}]",1
F44.08,F44,44,8,Scorpio,210,919364.0154504196,-2195-01-12T12:22:14.916Z,920444.2289301306,-2193-12-28T17:29:39.563Z,"[{""jd_ut"":919364.0154504196,""utc"":""-2195-01-12T12:22:14.916Z"",""motion"":""direct""},{""jd_ut"":919416.816951371,""utc"":""-2195-03-06T07:36:24.598Z"",""motion"":""retrograde""},{""jd_ut"":919625.165286233,""utc"":""-2195-09-30T15:58:00.731Z"",""motion"":""direct""}]",3
F44.09,F44,44,9,Sagittarius,240,920444.2289301306,-2193-12-28T17:29:39.563Z,921526.8549411967,-2190-12-15T08:31:06.919Z,"[{""jd_ut"":920444.2289301306,""utc"":""-2193-12-28T17:29:39.563Z"",""motion"":""direct""},{""jd_ut"":920606.2535655817,""utc"":""-2192-06-07T18:05:08.066Z"",""motion"":""retrograde""},{""jd_ut"":920715.3990599334,""utc"":""-2192-09-24T21:34:38.778Z"",""motion"":""direct""}]",3
F44.10,F44,44,10,Capricorn,270,921526.8549411967,-2190-12-15T08:31:06.919Z,922319.0442077392,-2187-02-14T13:03:39.549Z,"[{""jd_ut"":921526.8549411967,""utc"":""-2190-12-15T08:31:06.919Z"",""motion"":""direct""}]",1
F44.11,F44,44,11,Aquarius,300,922319.0442077392,-2187-02-14T13:03:39.549Z,923100.6014795185,-2185-04-07T02:26:07.830Z,"[{""jd_ut"":922319.0442077392,""utc"":""-2187-02-14T13:03:39.549Z"",""motion"":""direct""},{""jd_ut"":922530.3570890436,""utc"":""-2187-09-13T20:34:12.493Z"",""motion"":""retrograde""},{""jd_ut"":922568.4527888158,""utc"":""-2187-10-21T22:52:00.954Z"",""motion"":""direct""}]",3
F44.12,F44,44,12,Pisces,330,923100.6014795185,-2185-04-07T02:26:07.830Z,923872.8226081335,-2183-05-18T07:44:33.343Z,"[{""jd_ut"":923100.6014795185,""utc"":""-2185-04-07T02:26:07.830Z"",""motion"":""direct""},{""jd_ut"":923248.9636438282,""utc"":""-2185-09-02T11:07:38.827Z"",""motion"":""retrograde""},{""jd_ut"":923362.4618191326,""utc"":""-2185-12-24T23:05:01.173Z"",""motion"":""direct""}]",3
F45.01,F45,45,1,Aries,0,923872.8226081335,-2183-05-18T07:44:33.343Z,924641.2952804354,-2181-06-25T19:05:12.230Z,"[{""jd_ut"":923872.8226081335,""utc"":""-2183-05-18T07:44:33.343Z"",""motion"":""direct""},{""jd_ut"":923994.2168212554,""utc"":""-2183-09-16T17:12:13.356Z"",""motion"":""retrograde""},{""jd_ut"":924133.0163992606,""utc"":""-2182-02-02T12:23:36.896Z"",""motion"":""direct""}]",3
F45.02,F45,45,2,Taurus,30,924641.2952804354,-2181-06-25T19:05:12.230Z,925418.3836558398,-2179-08-10T21:12:27.865Z,"[{""jd_ut"":924641.2952804354,""utc"":""-2181-06-25T19:05:12.230Z"",""motion"":""direct""},{""jd_ut"":924744.562331673,""utc"":""-2181-10-07T01:29:45.457Z"",""motion"":""retrograde""},{""jd_ut"":924900.2614928482,""utc"":""-2180-03-10T18:16:32.982Z"",""motion"":""direct""}]",3
F45.03,F45,45,3,Gemini,60,925418.3836558398,-2179-08-10T21:12:27.865Z,926454.8296041349,-2176-06-12T07:54:37.797Z,"[{""jd_ut"":925418.3836558398,""utc"":""-2179-08-10T21:12:27.865Z"",""motion"":""direct""},{""jd_ut"":925484.157758398,""utc"":""-2179-10-15T15:47:10.326Z"",""motion"":""retrograde""},{""jd_ut"":925672.6892017073,""utc"":""-2178-04-22T04:32:27.028Z"",""motion"":""direct""}]",3
F45.04,F45,45,4,Cancer,90,926454.8296041349,-2176-06-12T07:54:37.797Z,927249.0783021506,-2174-08-15T13:52:45.306Z,"[{""jd_ut"":926454.8296041349,""utc"":""-2176-06-12T07:54:37.797Z"",""motion"":""direct""}]",1
F45.05,F45,45,5,Leo,120,927249.0783021506,-2174-08-15T13:52:45.306Z,928334.4183486213,-2171-08-04T22:02:25.321Z,"[{""jd_ut"":927249.0783021506,""utc"":""-2174-08-15T13:52:45.306Z"",""motion"":""direct""},{""jd_ut"":927457.9376228189,""utc"":""-2173-03-12T10:30:10.612Z"",""motion"":""retrograde""},{""jd_ut"":927501.144658362,""utc"":""-2173-04-24T15:28:18.482Z"",""motion"":""direct""}]",3
F45.06,F45,45,6,Virgo,150,928334.4183486213,-2171-08-04T22:02:25.321Z,929154.9252231531,-2169-11-03T10:12:19.280Z,"[{""jd_ut"":928334.4183486213,""utc"":""-2171-08-04T22:02:25.321Z"",""motion"":""direct""}]",1
F45.07,F45,45,7,Libra,180,929154.9252231531,-2169-11-03T10:12:19.280Z,930254.5308216941,-2166-11-07T00:44:22.994Z,"[{""jd_ut"":929154.9252231531,""utc"":""-2169-11-03T10:12:19.280Z"",""motion"":""direct""},{""jd_ut"":929299.7727162149,""utc"":""-2168-03-27T06:32:42.681Z"",""motion"":""retrograde""},{""jd_ut"":929428.7700723468,""utc"":""-2168-08-03T06:28:54.251Z"",""motion"":""direct""}]",3
F45.08,F45,45,8,Scorpio,210,930254.5308216941,-2166-11-07T00:44:22.994Z,931351.422867408,-2163-11-07T22:08:55.744Z,"[{""jd_ut"":930254.5308216941,""utc"":""-2166-11-07T00:44:22.994Z"",""motion"":""direct""}]",1
F45.09,F45,45,9,Sagittarius,240,931351.422867408,-2163-11-07T22:08:55.744Z,932158.7473970819,-2160-01-24T05:56:15.108Z,"[{""jd_ut"":931351.422867408,""utc"":""-2163-11-07T22:08:55.744Z"",""motion"":""direct""}]",1
F45.10,F45,45,10,Capricorn,270,932158.7473970819,-2160-01-24T05:56:15.108Z,932970.3502126785,-2158-04-14T20:24:18.375Z,"[{""jd_ut"":932158.7473970819,""utc"":""-2160-01-24T05:56:15.108Z"",""motion"":""direct""},{""jd_ut"":932334.1261981169,""utc"":""-2160-07-17T15:01:43.517Z"",""motion"":""retrograde""},{""jd_ut"":932424.9233495677,""utc"":""-2160-10-16T10:09:37.403Z"",""motion"":""direct""}]",3
F45.11,F45,45,11,Aquarius,300,932970.3502126785,-2158-04-14T20:24:18.375Z,934001.7063208353,-2155-02-09T04:57:06.120Z,"[{""jd_ut"":932970.3502126785,""utc"":""-2158-04-14T20:24:18.375Z"",""motion"":""direct""},{""jd_ut"":933027.7936000121,""utc"":""-2158-06-11T07:02:47.041Z"",""motion"":""retrograde""},{""jd_ut"":933223.845393168,""utc"":""-2158-12-24T08:17:21.970Z"",""motion"":""direct""}]",3
F45.12,F45,45,12,Pisces,330,934001.7063208353,-2155-02-09T04:57:06.120Z,934770.2892259897,-2153-03-19T18:56:29.126Z,"[{""jd_ut"":934001.7063208353,""utc"":""-2155-02-09T04:57:06.120Z"",""motion"":""direct""}]",1
F46.01,F46,46,1,Aries,0,934770.2892259897,-2153-03-19T18:56:29.126Z,935536.3515892779,-2151-04-23T20:26:17.314Z,"[{""jd_ut"":934770.2892259897,""utc"":""-2153-03-19T18:56:29.126Z"",""motion"":""direct""}]",1
F46.02,F46,46,2,Taurus,30,935536.3515892779,-2151-04-23T20:26:17.314Z,936306.6624469184,-2149-06-03T03:53:55.414Z,"[{""jd_ut"":935536.3515892779,""utc"":""-2151-04-23T20:26:17.314Z"",""motion"":""direct""}]",1
F46.03,F46,46,3,Gemini,60,936306.6624469184,-2149-06-03T03:53:55.414Z,937087.0773803391,-2147-07-22T13:51:25.661Z,"[{""jd_ut"":936306.6624469184,""utc"":""-2149-06-03T03:53:55.414Z"",""motion"":""direct""}]",1
F46.04,F46,46,4,Cancer,90,937087.0773803391,-2147-07-22T13:51:25.661Z,937891.2353656685,-2145-10-04T17:38:55.594Z,"[{""jd_ut"":937087.0773803391,""utc"":""-2147-07-22T13:51:25.661Z"",""motion"":""direct""},{""jd_ut"":937273.9141901787,""utc"":""-2146-01-25T09:56:26.031Z"",""motion"":""retrograde""},{""jd_ut"":937343.8124108699,""utc"":""-2146-04-05T07:29:52.299Z"",""motion"":""direct""}]",3
F46.05,F46,46,5,Leo,120,937891.2353656685,-2145-10-04T17:38:55.594Z,938962.763363577,-2142-09-10T06:19:14.613Z,"[{""jd_ut"":937891.2353656685,""utc"":""-2145-10-04T17:38:55.594Z"",""motion"":""direct""},{""jd_ut"":937965.7564969696,""utc"":""-2145-12-18T06:09:21.338Z"",""motion"":""retrograde""},{""jd_ut"":938154.1124639567,""utc"":""-2144-06-23T14:41:56.886Z"",""motion"":""direct""}]",3
F46.06,F46,46,6,Virgo,150,938962.763363577,-2142-09-10T06:19:14.613Z,940060.4944199864,-2139-09-11T23:51:57.887Z,"[{""jd_ut"":938962.763363577,""utc"":""-2142-09-10T06:19:14.613Z"",""motion"":""direct""},{""jd_ut"":939192.2101252556,""utc"":""-2141-04-27T17:02:34.822Z"",""motion"":""retrograde""},{""jd_ut"":939206.3328574616,""utc"":""-2141-05-11T19:59:18.885Z"",""motion"":""direct""}]",3
F46.07,F46,46,7,Libra,180,940060.4944199864,-2139-09-11T23:51:57.887Z,940888.8957836039,-2137-12-19T09:29:55.703Z,"[{""jd_ut"":940060.4944199864,""utc"":""-2139-09-11T23:51:57.887Z"",""motion"":""direct""}]",1
F46.08,F46,46,8,Scorpio,210,940888.8957836039,-2137-12-19T09:29:55.703Z,941980.3051187412,-2134-12-14T19:19:22.259Z,"[{""jd_ut"":940888.8957836039,""utc"":""-2137-12-19T09:29:55.703Z"",""motion"":""direct""},{""jd_ut"":940995.7147933163,""utc"":""-2136-04-04T05:09:18.143Z"",""motion"":""retrograde""},{""jd_ut"":941161.4174105744,""utc"":""-2136-09-16T22:01:04.274Z"",""motion"":""direct""}]",3
F46.09,F46,46,9,Sagittarius,240,941980.3051187412,-2134-12-14T19:19:22.259Z,943064.5914916545,-2131-12-03T02:11:44.879Z,"[{""jd_ut"":941980.3051187412,""utc"":""-2134-12-14T19:19:22.259Z"",""motion"":""direct""},{""jd_ut"":942183.8562181247,""utc"":""-2133-07-06T08:32:57.246Z"",""motion"":""retrograde""},{""jd_ut"":942241.8194172005,""utc"":""-2133-09-02T07:39:57.646Z"",""motion"":""direct""}]",3
F46.10,F46,46,10,Capricorn,270,943064.5914916545,-2131-12-03T02:11:44.879Z,943856.8840255318,-2128-02-03T09:12:59.806Z,"[{""jd_ut"":943064.5914916545,""utc"":""-2131-12-03T02:11:44.879Z"",""motion"":""direct""}]",1
F46.11,F46,46,11,Aquarius,300,943856.8840255318,-2128-02-03T09:12:59.806Z,944637.3693112799,-2126-03-24T20:51:48.495Z,"[{""jd_ut"":943856.8840255318,""utc"":""-2128-02-03T09:12:59.806Z"",""motion"":""direct""}]",1
F46.12,F46,46,12,Pisces,330,944637.3693112799,-2126-03-24T20:51:48.495Z,945408.7054707846,-2124-05-04T04:55:52.676Z,"[{""jd_ut"":944637.3693112799,""utc"":""-2126-03-24T20:51:48.495Z"",""motion"":""direct""},{""jd_ut"":944821.473312442,""utc"":""-2126-09-24T23:21:34.195Z"",""motion"":""retrograde""},{""jd_ut"":944893.578689121,""utc"":""-2126-12-06T01:53:18.740Z"",""motion"":""direct""}]",3
F47.01,F47,47,1,Aries,0,945408.7054707846,-2124-05-04T04:55:52.676Z,946176.2894652251,-2122-06-10T18:56:49.795Z,"[{""jd_ut"":945408.7054707846,""utc"":""-2124-05-04T04:55:52.676Z"",""motion"":""direct""},{""jd_ut"":945563.7709772782,""utc"":""-2124-10-06T06:30:12.437Z"",""motion"":""retrograde""},{""jd_ut"":945668.0565403993,""utc"":""-2123-01-18T13:21:25.091Z"",""motion"":""direct""}]",3
F47.02,F47,47,2,Taurus,30,946176.2894652251,-2122-06-10T18:56:49.795Z,946949.1663014733,-2120-07-22T15:59:28.447Z,"[{""jd_ut"":946176.2894652251,""utc"":""-2122-06-10T18:56:49.795Z"",""motion"":""direct""},{""jd_ut"":946313.682232172,""utc"":""-2122-10-26T04:22:24.860Z"",""motion"":""retrograde""},{""jd_ut"":946436.6831839343,""utc"":""-2121-02-26T04:23:47.092Z"",""motion"":""direct""}]",3
F47.03,F47,47,3,Gemini,60,946949.1663014733,-2120-07-22T15:59:28.447Z,947993.65664661,-2117-06-02T03:45:34.267Z,"[{""jd_ut"":946949.1663014733,""utc"":""-2120-07-22T15:59:28.447Z"",""motion"":""direct""},{""jd_ut"":947056.1776773834,""utc"":""-2120-11-06T16:15:51.326Z"",""motion"":""retrograde""},{""jd_ut"":947210.4164057642,""utc"":""-2119-04-09T21:59:37.458Z"",""motion"":""direct""}]",3
F47.04,F47,47,4,Cancer,90,947993.65664661,-2117-06-02T03:45:34.267Z,948787.5040272065,-2115-08-04T00:05:47.951Z,"[{""jd_ut"":947993.65664661,""utc"":""-2117-06-02T03:45:34.267Z"",""motion"":""direct""}]",1
F47.05,F47,47,5,Leo,120,948787.5040272065,-2115-08-04T00:05:47.951Z,949603.9903875203,-2113-10-29T11:46:09.482Z,"[{""jd_ut"":948787.5040272065,""utc"":""-2115-08-04T00:05:47.951Z"",""motion"":""direct""}]",1
F47.06,F47,47,6,Virgo,150,949603.9903875203,-2113-10-29T11:46:09.482Z,950690.7107607885,-2110-10-20T05:03:29.732Z,"[{""jd_ut"":949603.9903875203,""utc"":""-2113-10-29T11:46:09.482Z"",""motion"":""direct""},{""jd_ut"":949688.5794635601,""utc"":""-2112-01-22T01:54:25.652Z"",""motion"":""retrograde""},{""jd_ut"":949871.6368232227,""utc"":""-2112-07-23T03:17:01.526Z"",""motion"":""direct""}]",3
F47.07,F47,47,7,Libra,180,950690.7107607885,-2110-10-20T05:03:29.732Z,951791.8100075463,-2107-10-25T07:26:24.652Z,"[{""jd_ut"":950690.7107607885,""utc"":""-2110-10-20T05:03:29.732Z"",""motion"":""direct""},{""jd_ut"":950873.5284872113,""utc"":""-2109-04-21T00:41:01.295Z"",""motion"":""retrograde""},{""jd_ut"":950959.2846120798,""utc"":""-2109-07-15T18:49:50.484Z"",""motion"":""direct""}]",3
F47.08,F47,47,8,Scorpio,210,951791.8100075463,-2107-10-25T07:26:24.652Z,952624.8329584354,-2104-02-05T07:59:27.609Z,"[{""jd_ut"":951791.8100075463,""utc"":""-2107-10-25T07:26:24.652Z"",""motion"":""direct""}]",1
F47.09,F47,47,9,Sagittarius,240,952624.8329584354,-2104-02-05T07:59:27.609Z,953695.4333282025,-2101-01-10T22:23:59.557Z,"[{""jd_ut"":952624.8329584354,""utc"":""-2104-02-05T07:59:27.609Z"",""motion"":""direct""},{""jd_ut"":952693.6276313127,""utc"":""-2104-04-14T03:03:47.345Z"",""motion"":""retrograde""},{""jd_ut"":952888.4274183961,""utc"":""-2104-10-25T22:15:28.949Z"",""motion"":""direct""}]",3
F47.10,F47,47,10,Capricorn,270,953695.4333282025,-2101-01-10T22:23:59.557Z,954496.7912507944,-2099-03-23T06:59:24.069Z,"[{""jd_ut"":953695.4333282025,""utc"":""-2101-01-10T22:23:59.557Z"",""motion"":""direct""},{""jd_ut"":953920.6105646093,""utc"":""-2101-08-24T02:39:12.782Z"",""motion"":""retrograde""},{""jd_ut"":953941.8872524779,""utc"":""-2101-09-14T09:17:38.614Z"",""motion"":""direct""}]",3
F47.11,F47,47,11,Aquarius,300,954496.7912507944,-2099-03-23T06:59:24.069Z,955540.3485777355,-2096-01-30T20:21:57.116Z,"[{""jd_ut"":954496.7912507944,""utc"":""-2099-03-23T06:59:24.069Z"",""motion"":""direct""},{""jd_ut"":954604.4965466566,""utc"":""-2099-07-08T23:55:01.631Z"",""motion"":""retrograde""},{""jd_ut"":954760.8768569657,""utc"":""-2099-12-12T09:02:40.442Z"",""motion"":""direct""}]",3
F47.12,F47,47,12,Pisces,330,955540.3485777355,-2096-01-30T20:21:57.116Z,956309.4225389448,-2094-03-09T22:08:27.365Z,"[{""jd_ut"":955540.3485777355,""utc"":""-2096-01-30T20:21:57.116Z"",""motion"":""direct""}]",1
F48.01,F48,48,1,Aries,0,956309.4225389448,-2094-03-09T22:08:27.365Z,957075.5990560474,-2092-04-14T02:22:38.442Z,"[{""jd_ut"":956309.4225389448,""utc"":""-2094-03-09T22:08:27.365Z"",""motion"":""direct""}]",1
F48.02,F48,48,2,Taurus,30,957075.5990560474,-2092-04-14T02:22:38.442Z,957845.8233816242,-2090-05-24T07:45:40.172Z,"[{""jd_ut"":957075.5990560474,""utc"":""-2092-04-14T02:22:38.442Z"",""motion"":""direct""}]",1
F48.03,F48,48,3,Gemini,60,957845.8233816242,-2090-05-24T07:45:40.172Z,958625.4787974737,-2088-07-11T23:29:28.102Z,"[{""jd_ut"":957845.8233816242,""utc"":""-2090-05-24T07:45:40.172Z"",""motion"":""direct""}]",1
F48.04,F48,48,4,Cancer,90,958625.4787974737,-2088-07-11T23:29:28.102Z,959422.4956829958,-2086-09-16T23:53:47.011Z,"[{""jd_ut"":958625.4787974737,""utc"":""-2088-07-11T23:29:28.102Z"",""motion"":""direct""}]",1
F48.05,F48,48,5,Leo,120,959422.4956829958,-2086-09-16T23:53:47.011Z,960500.6418050153,-2083-08-30T03:24:11.953Z,"[{""jd_ut"":959422.4956829958,""utc"":""-2086-09-16T23:53:47.011Z"",""motion"":""direct""},{""jd_ut"":959538.1158720297,""utc"":""-2085-01-10T14:46:51.343Z"",""motion"":""retrograde""},{""jd_ut"":959690.8116186953,""utc"":""-2085-06-12T07:28:43.855Z"",""motion"":""direct""}]",3
F48.06,F48,48,6,Virgo,150,960500.6418050153,-2083-08-30T03:24:11.953Z,961335.5208075654,-2081-12-13T00:29:57.774Z,"[{""jd_ut"":960500.6418050153,""utc"":""-2083-08-30T03:24:11.953Z"",""motion"":""direct""}]",1
F48.07,F48,48,7,Libra,180,961335.5208075654,-2081-12-13T00:29:57.774Z,962421.5044137302,-2078-12-03T00:06:21.346Z,"[{""jd_ut"":961335.5208075654,""utc"":""-2081-12-13T00:29:57.774Z"",""motion"":""direct""},{""jd_ut"":961390.0222820719,""utc"":""-2080-02-05T12:32:05.171Z"",""motion"":""retrograde""},{""jd_ut"":961597.6189533197,""utc"":""-2080-08-31T02:51:17.567Z"",""motion"":""direct""}]",3
F48.08,F48,48,8,Scorpio,210,962421.5044137302,-2078-12-03T00:06:21.346Z,963516.8998852991,-2075-12-02T09:35:50.090Z,"[{""jd_ut"":962421.5044137302,""utc"":""-2078-12-03T00:06:21.346Z"",""motion"":""direct""},{""jd_ut"":962568.9604862481,""utc"":""-2077-04-29T11:03:06.012Z"",""motion"":""retrograde""},{""jd_ut"":962695.5151098003,""utc"":""-2077-09-03T00:21:45.487Z"",""motion"":""direct""}]",3
F48.09,F48,48,9,Sagittarius,240,963516.8998852991,-2075-12-02T09:35:50.090Z,964336.9980894928,-2072-03-01T11:57:14.932Z,"[{""jd_ut"":963516.8998852991,""utc"":""-2075-12-02T09:35:50.090Z"",""motion"":""direct""}]",1
F48.10,F48,48,10,Capricorn,270,964336.9980894928,-2072-03-01T11:57:14.932Z,965394.2572036653,-2069-01-22T18:10:22.397Z,"[{""jd_ut"":964336.9980894928,""utc"":""-2072-03-01T11:57:14.932Z"",""motion"":""direct""},{""jd_ut"":964421.4980802783,""utc"":""-2072-05-24T23:57:14.136Z"",""motion"":""retrograde""},{""jd_ut"":964600.9688238429,""utc"":""-2072-11-20T11:15:06.380Z"",""motion"":""direct""}]",3
F48.11,F48,48,11,Aquarius,300,965394.2572036653,-2069-01-22T18:10:22.397Z,966174.228810194,-2067-03-12T17:29:29.201Z,"[{""jd_ut"":965394.2572036653,""utc"":""-2069-01-22T18:10:22.397Z"",""motion"":""direct""}]",1
F48.12,F48,48,12,Pisces,330,966174.228810194,-2067-03-12T17:29:29.201Z,966945.1675328696,-2065-04-22T16:01:14.840Z,"[{""jd_ut"":966174.228810194,""utc"":""-2067-03-12T17:29:29.201Z"",""motion"":""direct""}]",1
F49.01,F49,49,1,Aries,0,966945.1675328696,-2065-04-22T16:01:14.840Z,967712.4518656586,-2063-05-28T22:50:41.193Z,"[{""jd_ut"":966945.1675328696,""utc"":""-2065-04-22T16:01:14.840Z"",""motion"":""direct""},{""jd_ut"":967140.0432038426,""utc"":""-2065-11-03T13:02:12.812Z"",""motion"":""retrograde""},{""jd_ut"":967195.0706652475,""utc"":""-2065-12-28T13:41:45.477Z"",""motion"":""direct""}]",3
F49.02,F49,49,2,Taurus,30,967712.4518656586,-2063-05-28T22:50:41.193Z,968483.7582630801,-2061-07-09T06:11:53.930Z,"[{""jd_ut"":967712.4518656586,""utc"":""-2063-05-28T22:50:41.193Z"",""motion"":""direct""},{""jd_ut"":967885.6868284275,""utc"":""-2063-11-18T04:29:01.976Z"",""motion"":""retrograde""},{""jd_ut"":967968.4002835606,""utc"":""-2062-02-08T21:36:24.500Z"",""motion"":""direct""}]",3
F49.03,F49,49,3,Gemini,60,968483.7582630801,-2061-07-09T06:11:53.930Z,969271.3774441935,-2059-09-03T21:03:31.178Z,"[{""jd_ut"":968483.7582630801,""utc"":""-2061-07-09T06:11:53.930Z"",""motion"":""direct""},{""jd_ut"":968626.4693863306,""utc"":""-2061-11-28T23:15:54.979Z"",""motion"":""retrograde""},{""jd_ut"":968745.5767550799,""utc"":""-2060-03-27T01:50:31.639Z"",""motion"":""direct""}]",3
F49.04,F49,49,4,Cancer,90,969271.3774441935,-2059-09-03T21:03:31.178Z,970325.8494069574,-2056-07-24T08:23:08.761Z,"[{""jd_ut"":969271.3774441935,""utc"":""-2059-09-03T21:03:31.178Z"",""motion"":""direct""},{""jd_ut"":969349.1800365536,""utc"":""-2059-11-20T16:19:15.158Z"",""motion"":""retrograde""},{""jd_ut"":969531.3547827667,""utc"":""-2058-05-21T20:30:53.231Z"",""motion"":""direct""}]",3
F49.05,F49,49,5,Leo,120,970325.8494069574,-2056-07-24T08:23:08.761Z,971135.5475967072,-2054-10-12T01:08:32.356Z,"[{""jd_ut"":970325.8494069574,""utc"":""-2056-07-24T08:23:08.761Z"",""motion"":""direct""}]",1
F49.06,F49,49,6,Virgo,150,971135.5475967072,-2054-10-12T01:08:32.356Z,972227.392118464,-2051-10-07T21:24:39.035Z,"[{""jd_ut"":971135.5475967072,""utc"":""-2054-10-12T01:08:32.356Z"",""motion"":""direct""},{""jd_ut"":971261.4297451198,""utc"":""-2053-02-14T22:18:49.978Z"",""motion"":""retrograde""},{""jd_ut"":971407.3034303656,""utc"":""-2053-07-10T19:16:56.384Z"",""motion"":""direct""}]",3
F49.07,F49,49,7,Libra,180,972227.392118464,-2051-10-07T21:24:39.035Z,973328.8099285008,-2048-10-13T07:26:17.822Z,"[{""jd_ut"":972227.392118464,""utc"":""-2051-10-07T21:24:39.035Z"",""motion"":""direct""}]",1
F49.08,F49,49,8,Scorpio,210,973328.8099285008,-2048-10-13T07:26:17.822Z,974151.7297910529,-2045-01-14T05:30:53.947Z,"[{""jd_ut"":973328.8099285008,""utc"":""-2048-10-13T07:26:17.822Z"",""motion"":""direct""}]",1
F49.09,F49,49,9,Sagittarius,240,974151.7297910529,-2045-01-14T05:30:53.947Z,975232.1292898995,-2043-12-29T15:06:10.647Z,"[{""jd_ut"":974151.7297910529,""utc"":""-2045-01-14T05:30:53.947Z"",""motion"":""direct""},{""jd_ut"":974271.1132947723,""utc"":""-2045-05-13T14:43:08.668Z"",""motion"":""retrograde""},{""jd_ut"":974423.6834069868,""utc"":""-2045-10-13T04:24:06.364Z"",""motion"":""direct""}]",3
F49.10,F49,49,10,Capricorn,270,975232.1292898995,-2043-12-29T15:06:10.647Z,976029.1165949465,-2040-03-05T14:47:53.803Z,"[{""jd_ut"":975232.1292898995,""utc"":""-2043-12-29T15:06:10.647Z"",""motion"":""direct""}]",1
F49.11,F49,49,11,Aquarius,300,976029.1165949465,-2040-03-05T14:47:53.803Z,976821.1547223155,-2038-05-06T15:42:48.008Z,"[{""jd_ut"":976029.1165949465,""utc"":""-2040-03-05T14:47:53.803Z"",""motion"":""direct""},{""jd_ut"":976177.803710955,""utc"":""-2040-08-01T07:17:20.627Z"",""motion"":""retrograde""},{""jd_ut"":976294.8750347127,""utc"":""-2040-11-26T09:00:02.999Z"",""motion"":""direct""}]",3
F49.12,F49,49,12,Pisces,330,976821.1547223155,-2038-05-06T15:42:48.008Z,977847.3261158916,-2035-02-25T19:49:36.413Z,"[{""jd_ut"":976821.1547223155,""utc"":""-2038-05-06T15:42:48.008Z"",""motion"":""direct""},{""jd_ut"":976899.360343477,""utc"":""-2038-07-23T20:38:53.676Z"",""motion"":""retrograde""},{""jd_ut"":977077.389897071,""utc"":""-2037-01-17T21:21:27.107Z"",""motion"":""direct""}]",3
F50.01,F50,50,1,Aries,0,977847.3261158916,-2035-02-25T19:49:36.413Z,978613.876624587,-2033-04-03T09:02:20.364Z,"[{""jd_ut"":977847.3261158916,""utc"":""-2035-02-25T19:49:36.413Z"",""motion"":""direct""}]",1
F50.02,F50,50,2,Taurus,30,978613.876624587,-2033-04-03T09:02:20.364Z,979384.2966048624,-2031-05-12T19:07:06.660Z,"[{""jd_ut"":978613.876624587,""utc"":""-2033-04-03T09:02:20.364Z"",""motion"":""direct""}]",1
F50.03,F50,50,3,Gemini,60,979384.2966048624,-2031-05-12T19:07:06.660Z,980163.7746470983,-2029-07-01T06:35:29.509Z,"[{""jd_ut"":979384.2966048624,""utc"":""-2031-05-12T19:07:06.660Z"",""motion"":""direct""}]",1
F50.04,F50,50,4,Cancer,90,980163.7746470983,-2029-07-01T06:35:29.509Z,980957.3870464587,-2027-09-01T21:17:20.814Z,"[{""jd_ut"":980163.7746470983,""utc"":""-2029-07-01T06:35:29.509Z"",""motion"":""direct""}]",1
F50.05,F50,50,5,Leo,120,980957.3870464587,-2027-09-01T21:17:20.814Z,982038.3271240962,-2024-08-17T19:51:03.522Z,"[{""jd_ut"":980957.3870464587,""utc"":""-2027-09-01T21:17:20.814Z"",""motion"":""direct""},{""jd_ut"":981109.1459879067,""utc"":""-2026-01-31T15:30:13.355Z"",""motion"":""retrograde""},{""jd_ut"":981224.903535678,""utc"":""-2026-05-27T09:41:05.483Z"",""motion"":""direct""}]",3
F50.06,F50,50,6,Virgo,150,982038.3271240962,-2024-08-17T19:51:03.522Z,982860.740492651,-2022-11-18T05:46:18.565Z,"[{""jd_ut"":982038.3271240962,""utc"":""-2024-08-17T19:51:03.522Z"",""motion"":""direct""}]",1
F50.07,F50,50,7,Libra,180,982860.740492651,-2022-11-18T05:46:18.565Z,983956.232285498,-2019-11-17T17:34:29.467Z,"[{""jd_ut"":982860.740492651,""utc"":""-2022-11-18T05:46:18.565Z"",""motion"":""direct""},{""jd_ut"":982968.8065846099,""utc"":""-2021-03-06T07:21:28.910Z"",""motion"":""retrograde""},{""jd_ut"":983133.3405512078,""utc"":""-2021-08-17T20:10:23.624Z"",""motion"":""direct""}]",3
F50.08,F50,50,8,Scorpio,210,983956.232285498,-2019-11-17T17:34:29.467Z,985053.2887519493,-2016-11-18T18:55:48.168Z,"[{""jd_ut"":983956.232285498,""utc"":""-2019-11-17T17:34:29.467Z"",""motion"":""direct""},{""jd_ut"":984145.3493276557,""utc"":""-2018-05-25T20:23:01.909Z"",""motion"":""retrograde""},{""jd_ut"":984223.9376418113,""utc"":""-2018-08-12T10:30:12.252Z"",""motion"":""direct""}]",3
F50.09,F50,50,9,Sagittarius,240,985053.2887519493,-2016-11-18T18:55:48.168Z,985865.4198966364,-2013-02-08T22:04:39.069Z,"[{""jd_ut"":985053.2887519493,""utc"":""-2016-11-18T18:55:48.168Z"",""motion"":""direct""}]",1
F50.10,F50,50,10,Capricorn,270,985865.4198966364,-2013-02-08T22:04:39.069Z,986930.9192854245,-2010-01-09T10:03:46.261Z,"[{""jd_ut"":985865.4198966364,""utc"":""-2013-02-08T22:04:39.069Z"",""motion"":""direct""},{""jd_ut"":985998.1930287709,""utc"":""-2013-06-21T16:37:57.686Z"",""motion"":""retrograde""},{""jd_ut"":986135.0048850991,""utc"":""-2013-11-05T12:07:02.073Z"",""motion"":""direct""}]",3
F50.11,F50,50,11,Aquarius,300,986930.9192854245,-2010-01-09T10:03:46.261Z,987710.9526432445,-2008-02-28T10:51:48.376Z,"[{""jd_ut"":986930.9192854245,""utc"":""-2010-01-09T10:03:46.261Z"",""motion"":""direct""}]",1
F50.12,F50,50,12,Pisces,330,987710.9526432445,-2008-02-28T10:51:48.376Z,988481.7829010866,-2006-04-09T06:47:22.654Z,"[{""jd_ut"":987710.9526432445,""utc"":""-2008-02-28T10:51:48.376Z"",""motion"":""direct""}]",1
F51.01,F51,51,1,Aries,0,988481.7829010866,-2006-04-09T06:47:22.654Z,989248.9847845864,-2004-05-15T11:38:05.388Z,"[{""jd_ut"":988481.7829010866,""utc"":""-2006-04-09T06:47:22.654Z"",""motion"":""direct""}]",1
F51.02,F51,51,2,Taurus,30,989248.9847845864,-2004-05-15T11:38:05.388Z,990019.5232736242,-2002-06-25T00:33:30.841Z,"[{""jd_ut"":989248.9847845864,""utc"":""-2004-05-15T11:38:05.388Z"",""motion"":""direct""}]",1
F51.03,F51,51,3,Gemini,60,990019.5232736242,-2002-06-25T00:33:30.841Z,990801.8578160079,-2000-08-15T08:35:15.303Z,"[{""jd_ut"":990019.5232736242,""utc"":""-2002-06-25T00:33:30.841Z"",""motion"":""direct""},{""jd_ut"":990200.8679560949,""utc"":""-2002-12-23T08:49:51.407Z"",""motion"":""retrograde""},{""jd_ut"":990274.7521082116,""utc"":""-2001-03-07T06:03:02.149Z"",""motion"":""direct""}]",3
F51.04,F51,51,4,Cancer,90,990801.8578160079,-2000-08-15T08:35:15.303Z,991863.4095609607,-1997-07-12T21:49:46.067Z,"[{""jd_ut"":990801.8578160079,""utc"":""-2000-08-15T08:35:15.303Z"",""motion"":""direct""},{""jd_ut"":990922.7268771366,""utc"":""-2000-12-14T05:26:42.185Z"",""motion"":""retrograde""},{""jd_ut"":991066.8418088749,""utc"":""-1999-05-07T08:12:12.287Z"",""motion"":""direct""}]",3
F51.05,F51,51,5,Leo,120,991863.4095609607,-1997-07-12T21:49:46.067Z,992670.0106571282,-1995-09-26T12:15:20.776Z,"[{""jd_ut"":991863.4095609607,""utc"":""-1997-07-12T21:49:46.067Z"",""motion"":""direct""}]",1
F51.06,F51,51,6,Virgo,150,992670.0106571282,-1995-09-26T12:15:20.776Z,993764.0851803352,-1992-09-24T14:02:39.581Z,"[{""jd_ut"":992670.0106571282,""utc"":""-1995-09-26T12:15:20.776Z"",""motion"":""direct""},{""jd_ut"":992834.5460759804,""utc"":""-1994-03-10T01:06:20.965Z"",""motion"":""retrograde""},{""jd_ut"":992939.3239302388,""utc"":""-1994-06-22T19:46:27.573Z"",""motion"":""direct""}]",3
F51.07,F51,51,7,Libra,180,993764.0851803352,-1992-09-24T14:02:39.581Z,994603.5269290139,-1989-01-12T00:38:46.667Z,"[{""jd_ut"":993764.0851803352,""utc"":""-1992-09-24T14:02:39.581Z"",""motion"":""direct""}]",1
F51.08,F51,51,8,Scorpio,210,994603.5269290139,-1989-01-12T00:38:46.667Z,995684.0481895916,-1987-12-27T13:09:23.581Z,"[{""jd_ut"":994603.5269290139,""utc"":""-1989-01-12T00:38:46.667Z"",""motion"":""direct""},{""jd_ut"":994657.394902284,""utc"":""-1989-03-06T21:28:39.557Z"",""motion"":""retrograde""},{""jd_ut"":994864.9129829973,""utc"":""-1989-09-30T09:54:41.731Z"",""motion"":""direct""}]",3
F51.09,F51,51,9,Sagittarius,240,995684.0481895916,-1987-12-27T13:09:23.581Z,996768.3363100861,-1984-12-15T20:04:17.191Z,"[{""jd_ut"":995684.0481895916,""utc"":""-1987-12-27T13:09:23.581Z"",""motion"":""direct""},{""jd_ut"":995846.323896257,""utc"":""-1986-06-07T19:46:24.637Z"",""motion"":""retrograde""},{""jd_ut"":995955.4554786738,""utc"":""-1986-09-24T22:55:53.357Z"",""motion"":""direct""}]",3
F51.10,F51,51,10,Capricorn,270,996768.3363100861,-1984-12-15T20:04:17.191Z,997563.0623937892,-1981-02-18T13:29:50.823Z,"[{""jd_ut"":996768.3363100861,""utc"":""-1984-12-15T20:04:17.191Z"",""motion"":""direct""}]",1
F51.11,F51,51,11,Aquarius,300,997563.0623937892,-1981-02-18T13:29:50.823Z,998348.7571335323,-1979-04-14T06:10:16.337Z,"[{""jd_ut"":997563.0623937892,""utc"":""-1981-02-18T13:29:50.823Z"",""motion"":""direct""},{""jd_ut"":997756.5596182828,""utc"":""-1981-08-31T01:25:51.020Z"",""motion"":""retrograde""},{""jd_ut"":997821.0479721327,""utc"":""-1981-11-03T13:09:04.792Z"",""motion"":""direct""}]",3
F51.12,F51,51,12,Pisces,330,998348.7571335323,-1979-04-14T06:10:16.337Z,999125.6269400523,-1977-05-31T03:02:47.621Z,"[{""jd_ut"":998348.7571335323,""utc"":""-1979-04-14T06:10:16.337Z"",""motion"":""direct""},{""jd_ut"":998476.3636335318,""utc"":""-1979-08-19T20:43:37.937Z"",""motion"":""retrograde""},{""jd_ut"":998611.4701210633,""utc"":""-1978-01-01T23:16:58.460Z"",""motion"":""direct""}]",3
F52.01,F52,52,1,Aries,0,999125.6269400523,-1977-05-31T03:02:47.621Z,999897.9940205642,-1975-07-11T11:51:23.377Z,"[{""jd_ut"":999125.6269400523,""utc"":""-1977-05-31T03:02:47.621Z"",""motion"":""direct""},{""jd_ut"":999217.5041606585,""utc"":""-1977-08-31T00:05:59.481Z"",""motion"":""retrograde""},{""jd_ut"":999382.8921961954,""utc"":""-1976-02-12T09:24:45.751Z"",""motion"":""direct""}]",3
F52.02,F52,52,2,Taurus,30,999897.9940205642,-1975-07-11T11:51:23.377Z,1000921.1683039325,-1972-04-29T16:02:21.460Z,"[{""jd_ut"":999897.9940205642,""utc"":""-1975-07-11T11:51:23.377Z"",""motion"":""direct""},{""jd_ut"":999964.5173346393,""utc"":""-1975-09-16T00:24:57.713Z"",""motion"":""retrograde""},{""jd_ut"":1000150.126679515,""utc"":""-1974-03-20T15:02:25.110Z"",""motion"":""direct""}]",3
F52.03,F52,52,3,Gemini,60,1000921.1683039325,-1972-04-29T16:02:21.460Z,1001701.1566364402,-1970-06-18T15:45:33.388Z,"[{""jd_ut"":1000921.1683039325,""utc"":""-1972-04-29T16:02:21.460Z"",""motion"":""direct""}]",1
F52.04,F52,52,4,Cancer,90,1001701.1566364402,-1970-06-18T15:45:33.388Z,1002493.2183501883,-1968-08-18T17:14:25.456Z,"[{""jd_ut"":1001701.1566364402,""utc"":""-1970-06-18T15:45:33.388Z"",""motion"":""direct""}]",1
F52.05,F52,52,5,Leo,120,1002493.2183501883,-1968-08-18T17:14:25.456Z,1003575.1304500035,-1965-08-05T15:07:50.880Z,"[{""jd_ut"":1002493.2183501883,""utc"":""-1968-08-18T17:14:25.456Z"",""motion"":""direct""},{""jd_ut"":1002685.9152021301,""utc"":""-1967-02-27T09:57:53.464Z"",""motion"":""retrograde""},{""jd_ut"":1002751.6415809172,""utc"":""-1967-05-04T03:23:52.591Z"",""motion"":""direct""}]",3
F52.06,F52,52,6,Virgo,150,1003575.1304500035,-1965-08-05T15:07:50.880Z,1004392.917879632,-1963-10-31T10:01:44.800Z,"[{""jd_ut"":1003575.1304500035,""utc"":""-1965-08-05T15:07:50.880Z"",""motion"":""direct""}]",1
F52.07,F52,52,7,Libra,180,1004392.917879632,-1963-10-31T10:01:44.800Z,1005491.6381629254,-1960-11-03T03:18:57.277Z,"[{""jd_ut"":1004392.917879632,""utc"":""-1963-10-31T10:01:44.800Z"",""motion"":""direct""},{""jd_ut"":1004543.1477687133,""utc"":""-1962-03-30T15:32:47.217Z"",""motion"":""retrograde""},{""jd_ut"":1004666.2001040529,""utc"":""-1962-07-31T16:48:08.990Z"",""motion"":""direct""}]",3
F52.08,F52,52,8,Scorpio,210,1005491.6381629254,-1960-11-03T03:18:57.277Z,1006588.8390082854,-1957-11-05T08:08:10.316Z,"[{""jd_ut"":1005491.6381629254,""utc"":""-1960-11-03T03:18:57.277Z"",""motion"":""direct""}]",1
F52.09,F52,52,9,Sagittarius,240,1006588.8390082854,-1957-11-05T08:08:10.316Z,1007397.5736782288,-1954-01-22T01:46:05.799Z,"[{""jd_ut"":1006588.8390082854,""utc"":""-1957-11-05T08:08:10.316Z"",""motion"":""direct""}]",1
F52.10,F52,52,10,Capricorn,270,1007397.5736782288,-1954-01-22T01:46:05.799Z,1008215.5227492675,-1952-04-19T00:32:45.537Z,"[{""jd_ut"":1007397.5736782288,""utc"":""-1954-01-22T01:46:05.799Z"",""motion"":""direct""},{""jd_ut"":1007576.0915050867,""utc"":""-1954-07-19T14:11:46.039Z"",""motion"":""retrograde""},{""jd_ut"":1007663.5123520964,""utc"":""-1954-10-15T00:17:47.221Z"",""motion"":""direct""}]",3
F52.11,F52,52,11,Aquarius,300,1008215.5227492675,-1952-04-19T00:32:45.537Z,1009246.7057745573,-1949-02-14T04:56:18.922Z,"[{""jd_ut"":1008215.5227492675,""utc"":""-1952-04-19T00:32:45.537Z"",""motion"":""direct""},{""jd_ut"":1008261.6704074598,""utc"":""-1952-06-04T04:05:23.205Z"",""motion"":""retrograde""},{""jd_ut"":1008465.993925004,""utc"":""-1952-12-25T11:51:15.120Z"",""motion"":""direct""}]",3
F52.12,F52,52,12,Pisces,330,1009246.7057745573,-1949-02-14T04:56:18.922Z,1010017.6587166202,-1947-03-26T03:48:33.116Z,"[{""jd_ut"":1009246.7057745573,""utc"":""-1949-02-14T04:56:18.922Z"",""motion"":""direct""}]",1
F53.01,F53,53,1,Aries,0,1010017.6587166202,-1947-03-26T03:48:33.116Z,1010784.9606653121,-1945-05-02T11:03:21.483Z,"[{""jd_ut"":1010017.6587166202,""utc"":""-1947-03-26T03:48:33.116Z"",""motion"":""direct""}]",1
F53.02,F53,53,2,Taurus,30,1010784.9606653121,-1945-05-02T11:03:21.483Z,1011555.2243533311,-1943-06-10T17:23:04.128Z,"[{""jd_ut"":1010784.9606653121,""utc"":""-1945-05-02T11:03:21.483Z"",""motion"":""direct""}]",1
F53.03,F53,53,3,Gemini,60,1011555.2243533311,-1943-06-10T17:23:04.128Z,1012335.2471031114,-1941-07-30T17:55:49.709Z,"[{""jd_ut"":1011555.2243533311,""utc"":""-1943-06-10T17:23:04.128Z"",""motion"":""direct""}]",1
F53.04,F53,53,4,Cancer,90,1012335.2471031114,-1941-07-30T17:55:49.709Z,1013144.9508450455,-1939-10-17T10:49:13.012Z,"[{""jd_ut"":1012335.2471031114,""utc"":""-1941-07-30T17:55:49.709Z"",""motion"":""direct""},{""jd_ut"":1012497.0686177623,""utc"":""-1940-01-08T13:38:48.575Z"",""motion"":""retrograde""},{""jd_ut"":1012597.7816562147,""utc"":""-1940-04-18T06:45:35.097Z"",""motion"":""direct""}]",3
F53.05,F53,53,5,Leo,120,1013144.9508450455,-1939-10-17T10:49:13.012Z,1014205.3589897784,-1936-09-11T20:36:56.717Z,"[{""jd_ut"":1013144.9508450455,""utc"":""-1939-10-17T10:49:13.012Z"",""motion"":""direct""},{""jd_ut"":1013190.3632461701,""utc"":""-1939-12-01T20:43:04.469Z"",""motion"":""retrograde""},{""jd_ut"":1013399.5700557304,""utc"":""-1938-06-29T01:40:52.815Z"",""motion"":""direct""}]",3
F53.06,F53,53,6,Virgo,150,1014205.3589897784,-1936-09-11T20:36:56.717Z,1015300.1426372416,-1933-09-11T15:25:23.858Z,"[{""jd_ut"":1014205.3589897784,""utc"":""-1936-09-11T20:36:56.717Z"",""motion"":""direct""},{""jd_ut"":1014418.7356032892,""utc"":""-1935-04-13T05:39:16.124Z"",""motion"":""retrograde""},{""jd_ut"":1014458.678612587,""utc"":""-1935-05-23T04:17:12.128Z"",""motion"":""direct""}]",3
F53.07,F53,53,7,Libra,180,1015300.1426372416,-1933-09-11T15:25:23.858Z,1016126.0999155017,-1931-12-15T14:23:52.699Z,"[{""jd_ut"":1015300.1426372416,""utc"":""-1933-09-11T15:25:23.858Z"",""motion"":""direct""}]",1
F53.08,F53,53,8,Scorpio,210,1016126.0999155017,-1931-12-15T14:23:52.699Z,1017217.9264300475,-1928-12-11T10:14:03.556Z,"[{""jd_ut"":1016126.0999155017,""utc"":""-1931-12-15T14:23:52.699Z"",""motion"":""direct""},{""jd_ut"":1016239.5501102256,""utc"":""-1930-04-08T01:12:09.523Z"",""motion"":""retrograde""},{""jd_ut"":1016399.0840975356,""utc"":""-1930-09-14T14:01:06.027Z"",""motion"":""direct""}]",3
F53.09,F53,53,9,Sagittarius,240,1017217.9264300475,-1928-12-11T10:14:03.556Z,1018303.3830682714,-1925-12-01T21:11:37.099Z,"[{""jd_ut"":1017217.9264300475,""utc"":""-1928-12-11T10:14:03.556Z"",""motion"":""direct""},{""jd_ut"":1017431.4937668156,""utc"":""-1927-07-12T23:51:01.453Z"",""motion"":""retrograde""},{""jd_ut"":1017475.066478329,""utc"":""-1927-08-25T13:35:43.728Z"",""motion"":""direct""}]",3
F53.10,F53,53,10,Capricorn,270,1018303.3830682714,-1925-12-01T21:11:37.099Z,1019097.4184955144,-1922-02-02T22:02:38.012Z,"[{""jd_ut"":1018303.3830682714,""utc"":""-1925-12-01T21:11:37.099Z"",""motion"":""direct""}]",1
F53.11,F53,53,11,Aquarius,300,1019097.4184955144,-1922-02-02T22:02:38.012Z,1019880.3339643849,-1920-03-26T20:00:54.523Z,"[{""jd_ut"":1019097.4184955144,""utc"":""-1922-02-02T22:02:38.012Z"",""motion"":""direct""}]",1
F53.12,F53,53,12,Pisces,330,1019880.3339643849,-1920-03-26T20:00:54.523Z,1020654.1745520744,-1918-05-09T16:11:21.299Z,"[{""jd_ut"":1019880.3339643849,""utc"":""-1920-03-26T20:00:54.523Z"",""motion"":""direct""},{""jd_ut"":1020054.5157611964,""utc"":""-1920-09-17T00:22:41.767Z"",""motion"":""retrograde""},{""jd_ut"":1020139.6392877444,""utc"":""-1920-12-11T03:20:34.461Z"",""motion"":""direct""}]",3
F54.01,F54,54,1,Aries,0,1020654.1745520744,-1918-05-09T16:11:21.299Z,1021423.3364250478,-1916-06-16T20:04:27.124Z,"[{""jd_ut"":1020654.1745520744,""utc"":""-1918-05-09T16:11:21.299Z"",""motion"":""direct""},{""jd_ut"":1020794.8075376023,""utc"":""-1918-09-27T07:22:51.249Z"",""motion"":""retrograde""},{""jd_ut"":1020914.8719504087,""utc"":""-1917-01-25T08:55:36.515Z"",""motion"":""direct""}]",3
F54.02,F54,54,2,Taurus,30,1021423.3364250478,-1916-06-16T20:04:27.124Z,1022197.3705847533,-1914-07-30T20:53:38.523Z,"[{""jd_ut"":1021423.3364250478,""utc"":""-1916-06-16T20:04:27.124Z"",""motion"":""direct""},{""jd_ut"":1021543.6492205735,""utc"":""-1916-10-15T03:34:52.658Z"",""motion"":""retrograde""},{""jd_ut"":1021683.5490322025,""utc"":""-1915-03-04T01:10:36.382Z"",""motion"":""direct""}]",3
F54.03,F54,54,3,Gemini,60,1022197.3705847533,-1914-07-30T20:53:38.523Z,1023237.2583346567,-1911-06-04T18:12:00.114Z,"[{""jd_ut"":1022197.3705847533,""utc"":""-1914-07-30T20:53:38.523Z"",""motion"":""direct""},{""jd_ut"":1022286.0744360287,""utc"":""-1914-10-27T13:47:11.273Z"",""motion"":""retrograde""},{""jd_ut"":1022455.9495165984,""utc"":""-1913-04-15T10:47:18.234Z"",""motion"":""direct""}]",3
F54.04,F54,54,4,Cancer,90,1023237.2583346567,-1911-06-04T18:12:00.114Z,1024029.0638536834,-1909-08-05T13:31:56.958Z,"[{""jd_ut"":1023237.2583346567,""utc"":""-1911-06-04T18:12:00.114Z"",""motion"":""direct""}]",1
F54.05,F54,54,5,Leo,120,1024029.0638536834,-1909-08-05T13:31:56.958Z,1024842.3267716167,-1907-10-26T19:50:33.068Z,"[{""jd_ut"":1024029.0638536834,""utc"":""-1909-08-05T13:31:56.958Z"",""motion"":""direct""}]",1
F54.06,F54,54,6,Virgo,150,1024842.3267716167,-1907-10-26T19:50:33.068Z,1025926.9524675261,-1904-10-15T10:51:33.194Z,"[{""jd_ut"":1024842.3267716167,""utc"":""-1907-10-26T19:50:33.068Z"",""motion"":""direct""},{""jd_ut"":1024930.941801544,""utc"":""-1906-01-23T10:36:11.653Z"",""motion"":""retrograde""},{""jd_ut"":1025110.2106827099,""utc"":""-1906-07-21T17:03:22.986Z"",""motion"":""direct""}]",3
F54.07,F54,54,7,Libra,180,1025926.9524675261,-1904-10-15T10:51:33.194Z,1027026.9339625342,-1901-10-20T10:24:54.363Z,"[{""jd_ut"":1025926.9524675261,""utc"":""-1904-10-15T10:51:33.194Z"",""motion"":""direct""},{""jd_ut"":1026122.6570278041,""utc"":""-1903-04-29T03:46:07.202Z"",""motion"":""retrograde""},{""jd_ut"":1026191.399485247,""utc"":""-1903-07-06T21:35:15.525Z"",""motion"":""direct""}]",3
F54.08,F54,54,8,Scorpio,210,1027026.9339625342,-1901-10-20T10:24:54.363Z,1027854.2519211669,-1898-01-25T18:02:45.989Z,"[{""jd_ut"":1027026.9339625342,""utc"":""-1901-10-20T10:24:54.363Z"",""motion"":""direct""}]",1
F54.09,F54,54,9,Sagittarius,240,1027854.2519211669,-1898-01-25T18:02:45.989Z,1028931.1137969007,-1895-01-06T14:43:52.052Z,"[{""jd_ut"":1027854.2519211669,""utc"":""-1898-01-25T18:02:45.989Z"",""motion"":""direct""},{""jd_ut"":1027946.2287072898,""utc"":""-1898-04-27T17:29:20.310Z"",""motion"":""retrograde""},{""jd_ut"":1028122.90020913,""utc"":""-1898-10-21T09:36:18.069Z"",""motion"":""direct""}]",3
F54.10,F54,54,10,Capricorn,270,1028931.1137969007,-1895-01-06T14:43:52.052Z,1029733.2811755098,-1893-03-19T18:44:53.564Z,"[{""jd_ut"":1028931.1137969007,""utc"":""-1895-01-06T14:43:52.052Z"",""motion"":""direct""}]",1
F54.11,F54,54,11,Aquarius,300,1029733.2811755098,-1893-03-19T18:44:53.564Z,1030781.0154869582,-1890-01-30T12:22:18.073Z,"[{""jd_ut"":1029733.2811755098,""utc"":""-1893-03-19T18:44:53.564Z"",""motion"":""direct""},{""jd_ut"":1029848.794880956,""utc"":""-1893-07-13T07:04:37.715Z"",""motion"":""retrograde""},{""jd_ut"":1029998.6078679224,""utc"":""-1893-12-10T02:35:19.788Z"",""motion"":""direct""}]",3
F54.12,F54,54,12,Pisces,330,1030781.0154869582,-1890-01-30T12:22:18.073Z,1031552.2681197706,-1888-03-11T18:26:05.548Z,"[{""jd_ut"":1030781.0154869582,""utc"":""-1890-01-30T12:22:18.073Z"",""motion"":""direct""}]",1
F55.01,F55,55,1,Aries,0,1031552.2681197706,-1888-03-11T18:26:05.548Z,1032319.7279548324,-1886-04-18T05:28:15.298Z,"[{""jd_ut"":1031552.2681197706,""utc"":""-1888-03-11T18:26:05.548Z"",""motion"":""direct""}]",1
F55.02,F55,55,2,Taurus,30,1032319.7279548324,-1886-04-18T05:28:15.298Z,1033090.0298071273,-1884-05-27T12:42:55.336Z,"[{""jd_ut"":1032319.7279548324,""utc"":""-1886-04-18T05:28:15.298Z"",""motion"":""direct""}]",1
F55.03,F55,55,3,Gemini,60,1033090.0298071273,-1884-05-27T12:42:55.336Z,1033869.0907538938,-1882-07-15T14:10:41.136Z,"[{""jd_ut"":1033090.0298071273,""utc"":""-1884-05-27T12:42:55.336Z"",""motion"":""direct""}]",1
F55.04,F55,55,4,Cancer,90,1033869.0907538938,-1882-07-15T14:10:41.136Z,1034665.6814323466,-1880-09-19T04:21:15.755Z,"[{""jd_ut"":1033869.0907538938,""utc"":""-1882-07-15T14:10:41.136Z"",""motion"":""direct""},{""jd_ut"":1034093.0972301301,""utc"":""-1881-02-24T14:20:00.683Z"",""motion"":""retrograde""},{""jd_ut"":1034105.3503623311,""utc"":""-1881-03-08T20:24:31.305Z"",""motion"":""direct""}]",3
F55.05,F55,55,5,Leo,120,1034665.6814323466,-1880-09-19T04:21:15.755Z,1035740.6041928129,-1877-08-30T02:30:02.259Z,"[{""jd_ut"":1034665.6814323466,""utc"":""-1880-09-19T04:21:15.755Z"",""motion"":""direct""},{""jd_ut"":1034774.0442952067,""utc"":""-1879-01-05T13:03:47.106Z"",""motion"":""retrograde""},{""jd_ut"":1034933.1552279426,""utc"":""-1879-06-13T15:43:31.694Z"",""motion"":""direct""}]",3
F55.06,F55,55,6,Virgo,150,1035740.6041928129,-1877-08-30T02:30:02.259Z,1036569.918980448,-1875-12-06T10:03:19.911Z,"[{""jd_ut"":1035740.6041928129,""utc"":""-1877-08-30T02:30:02.259Z"",""motion"":""direct""}]",1
F55.07,F55,55,7,Libra,180,1036569.918980448,-1875-12-06T10:03:19.911Z,1037656.734084218,-1872-11-27T05:37:04.876Z,"[{""jd_ut"":1036569.918980448,""utc"":""-1875-12-06T10:03:19.911Z"",""motion"":""direct""},{""jd_ut"":1036636.7281591415,""utc"":""-1874-02-11T05:28:32.950Z"",""motion"":""retrograde""},{""jd_ut"":1036834.9063475416,""utc"":""-1874-08-28T09:45:08.428Z"",""motion"":""direct""}]",3
F55.08,F55,55,8,Scorpio,210,1037656.734084218,-1872-11-27T05:37:04.876Z,1038752.2524156766,-1869-11-27T18:03:28.714Z,"[{""jd_ut"":1037656.734084218,""utc"":""-1872-11-27T05:37:04.876Z"",""motion"":""direct""},{""jd_ut"":1037817.0356644329,""utc"":""-1871-05-06T12:51:21.407Z"",""motion"":""retrograde""},{""jd_ut"":1037929.4729909443,""utc"":""-1871-08-26T23:21:06.418Z"",""motion"":""direct""}]",3
F55.09,F55,55,9,Sagittarius,240,1038752.2524156766,-1869-11-27T18:03:28.714Z,1039569.147629818,-1866-02-21T15:32:35.216Z,"[{""jd_ut"":1038752.2524156766,""utc"":""-1869-11-27T18:03:28.714Z"",""motion"":""direct""}]",1
F55.10,F55,55,10,Capricorn,270,1039569.147629818,-1866-02-21T15:32:35.216Z,1040631.4434047225,-1863-01-18T22:38:30.168Z,"[{""jd_ut"":1039569.147629818,""utc"":""-1866-02-21T15:32:35.216Z"",""motion"":""direct""},{""jd_ut"":1039670.972928832,""utc"":""-1866-06-03T11:21:01.051Z"",""motion"":""retrograde""},{""jd_ut"":1039836.442414477,""utc"":""-1866-11-15T22:37:04.611Z"",""motion"":""direct""}]",3
F55.11,F55,55,11,Aquarius,300,1040631.4434047225,-1863-01-18T22:38:30.168Z,1041412.9843345683,-1861-03-11T11:37:26.507Z,"[{""jd_ut"":1040631.4434047225,""utc"":""-1863-01-18T22:38:30.168Z"",""motion"":""direct""}]",1
F55.12,F55,55,12,Pisces,330,1041412.9843345683,-1861-03-11T11:37:26.507Z,1042185.5022537096,-1859-04-22T00:03:14.721Z,"[{""jd_ut"":1041412.9843345683,""utc"":""-1861-03-11T11:37:26.507Z"",""motion"":""direct""}]",1
F56.01,F56,56,1,Aries,0,1042185.5022537096,-1859-04-22T00:03:14.721Z,1042953.7225100915,-1857-05-30T05:20:24.872Z,"[{""jd_ut"":1042185.5022537096,""utc"":""-1859-04-22T00:03:14.721Z"",""motion"":""direct""},{""jd_ut"":1042378.5835371499,""utc"":""-1859-11-01T02:00:17.610Z"",""motion"":""retrograde""},{""jd_ut"":1042436.5925626941,""utc"":""-1859-12-29T02:13:17.417Z"",""motion"":""direct""}]",3
F56.02,F56,56,2,Taurus,30,1042953.7225100915,-1857-05-30T05:20:24.872Z,1043725.0275254021,-1855-07-09T12:39:38.195Z,"[{""jd_ut"":1042953.7225100915,""utc"":""-1857-05-30T05:20:24.872Z"",""motion"":""direct""},{""jd_ut"":1043123.1708730212,""utc"":""-1857-11-15T16:06:03.429Z"",""motion"":""retrograde""},{""jd_ut"":1043210.5337431123,""utc"":""-1856-02-11T00:48:35.405Z"",""motion"":""direct""}]",3
F56.03,F56,56,3,Gemini,60,1043725.0275254021,-1855-07-09T12:39:38.195Z,1044511.6845368366,-1853-09-04T04:25:43.983Z,"[{""jd_ut"":1043725.0275254021,""utc"":""-1855-07-09T12:39:38.195Z"",""motion"":""direct""},{""jd_ut"":1043864.7730353249,""utc"":""-1855-11-26T06:33:10.252Z"",""motion"":""retrograde""},{""jd_ut"":1043986.7075682064,""utc"":""-1854-03-28T04:58:53.893Z"",""motion"":""direct""}]",3
F56.04,F56,56,4,Cancer,90,1044511.6845368366,-1853-09-04T04:25:43.983Z,1045564.2178575282,-1850-07-22T17:13:42.890Z,"[{""jd_ut"":1044511.6845368366,""utc"":""-1853-09-04T04:25:43.983Z"",""motion"":""direct""},{""jd_ut"":1044589.1307355834,""utc"":""-1853-11-20T15:08:15.554Z"",""motion"":""retrograde""},{""jd_ut"":1044771.1598495201,""utc"":""-1852-05-20T15:50:10.999Z"",""motion"":""direct""}]",3
F56.05,F56,56,5,Leo,120,1045564.2178575282,-1850-07-22T17:13:42.890Z,1046370.8448666721,-1848-10-06T08:16:36.480Z,"[{""jd_ut"":1045564.2178575282,""utc"":""-1850-07-22T17:13:42.890Z"",""motion"":""direct""}]",1
F56.06,F56,56,6,Virgo,150,1046370.8448666721,-1848-10-06T08:16:36.480Z,1047461.4564243427,-1845-10-01T22:57:15.063Z,"[{""jd_ut"":1046370.8448666721,""utc"":""-1848-10-06T08:16:36.480Z"",""motion"":""direct""},{""jd_ut"":1046508.6683764609,""utc"":""-1847-02-21T04:02:27.726Z"",""motion"":""retrograde""},{""jd_ut"":1046642.1421027298,""utc"":""-1847-07-04T15:24:37.676Z"",""motion"":""direct""}]",3
F56.07,F56,56,7,Libra,180,1047461.4564243427,-1845-10-01T22:57:15.063Z,1048561.4379838426,-1842-10-05T22:30:41.804Z,"[{""jd_ut"":1047461.4564243427,""utc"":""-1845-10-01T22:57:15.063Z"",""motion"":""direct""}]",1
F56.08,F56,56,8,Scorpio,210,1048561.4379838426,-1842-10-05T22:30:41.804Z,1049381.3002286279,-1839-01-02T19:12:19.753Z,"[{""jd_ut"":1048561.4379838426,""utc"":""-1842-10-05T22:30:41.804Z"",""motion"":""direct""}]",1
F56.09,F56,56,9,Sagittarius,240,1049381.3002286279,-1839-01-02T19:12:19.753Z,1050464.9087081258,-1837-12-22T09:48:32.382Z,"[{""jd_ut"":1049381.3002286279,""utc"":""-1839-01-02T19:12:19.753Z"",""motion"":""direct""},{""jd_ut"":1049526.165982082,""utc"":""-1839-05-27T15:59:00.852Z"",""motion"":""retrograde""},{""jd_ut"":1049653.9101833394,""utc"":""-1839-10-02T09:50:39.841Z"",""motion"":""direct""}]",3
F56.10,F56,56,10,Capricorn,270,1050464.9087081258,-1837-12-22T09:48:32.382Z,1051261.7977932203,-1834-02-26T07:08:49.334Z,"[{""jd_ut"":1050464.9087081258,""utc"":""-1837-12-22T09:48:32.382Z"",""motion"":""direct""}]",1
F56.11,F56,56,11,Aquarius,300,1051261.7977932203,-1834-02-26T07:08:49.334Z,1052053.2506801938,-1832-04-27T18:00:58.769Z,"[{""jd_ut"":1051261.7977932203,""utc"":""-1834-02-26T07:08:49.334Z"",""motion"":""direct""},{""jd_ut"":1051429.9578914666,""utc"":""-1834-08-13T10:59:21.823Z"",""motion"":""retrograde""},{""jd_ut"":1051525.967101181,""utc"":""-1834-11-17T11:12:37.542Z"",""motion"":""direct""}]",3
F56.12,F56,56,12,Pisces,330,1052053.2506801938,-1832-04-27T18:00:58.769Z,1052843.7186692161,-1830-06-27T05:14:53.020Z,"[{""jd_ut"":1052053.2506801938,""utc"":""-1832-04-27T18:00:58.769Z"",""motion"":""direct""},{""jd_ut"":1052148.675187022,""utc"":""-1832-08-01T04:12:16.159Z"",""motion"":""retrograde""},{""jd_ut"":1052313.1062745848,""utc"":""-1831-01-12T14:33:02.124Z"",""motion"":""direct""}]",3
F57.01,F57,57,1,Aries,0,1052843.7186692161,-1830-06-27T05:14:53.020Z,1053853.161549977,-1827-04-01T15:52:37.918Z,"[{""jd_ut"":1052843.7186692161,""utc"":""-1830-06-27T05:14:53.020Z"",""motion"":""direct""},{""jd_ut"":1052876.8988028588,""utc"":""-1830-07-30T09:34:16.567Z"",""motion"":""retrograde""},{""jd_ut"":1053085.2809552387,""utc"":""-1829-02-23T18:44:34.533Z"",""motion"":""direct""}]",3
F57.02,F57,57,2,Taurus,30,1053853.161549977,-1827-04-01T15:52:37.918Z,1054623.8799810847,-1825-05-12T09:07:10.366Z,"[{""jd_ut"":1053853.161549977,""utc"":""-1827-04-01T15:52:37.918Z"",""motion"":""direct""}]",1
F57.03,F57,57,3,Gemini,60,1054623.8799810847,-1825-05-12T09:07:10.366Z,1055402.9130850858,-1823-06-29T09:54:50.551Z,"[{""jd_ut"":1054623.8799810847,""utc"":""-1825-05-12T09:07:10.366Z"",""motion"":""direct""}]",1
F57.04,F57,57,4,Cancer,90,1055402.9130850858,-1823-06-29T09:54:50.551Z,1056195.4214860988,-1821-08-30T22:06:56.399Z,"[{""jd_ut"":1055402.9130850858,""utc"":""-1823-06-29T09:54:50.551Z"",""motion"":""direct""}]",1
F57.05,F57,57,5,Leo,120,1056195.4214860988,-1821-08-30T22:06:56.399Z,1057275.164875146,-1818-08-14T15:57:25.213Z,"[{""jd_ut"":1056195.4214860988,""utc"":""-1821-08-30T22:06:56.399Z"",""motion"":""direct""},{""jd_ut"":1056352.62476664,""utc"":""-1820-02-04T02:59:39.838Z"",""motion"":""retrograde""},{""jd_ut"":1056462.1218347703,""utc"":""-1820-05-23T14:55:26.524Z"",""motion"":""direct""}]",3
F57.06,F57,57,6,Virgo,150,1057275.164875146,-1818-08-14T15:57:25.213Z,1058093.9078690843,-1816-11-10T09:47:19.889Z,"[{""jd_ut"":1057275.164875146,""utc"":""-1818-08-14T15:57:25.213Z"",""motion"":""direct""}]",1
F57.07,F57,57,7,Libra,180,1058093.9078690843,-1816-11-10T09:47:19.889Z,1059189.5527094905,-1813-11-11T01:15:54.100Z,"[{""jd_ut"":1058093.9078690843,""utc"":""-1816-11-10T09:47:19.889Z"",""motion"":""direct""},{""jd_ut"":1058218.4502081908,""utc"":""-1815-03-14T22:48:17.988Z"",""motion"":""retrograde""},{""jd_ut"":1058367.1886527245,""utc"":""-1815-08-10T16:31:39.595Z"",""motion"":""direct""}]",3
F57.08,F57,57,8,Scorpio,210,1059189.5527094905,-1813-11-11T01:15:54.100Z,1060286.3561494467,-1810-11-11T20:32:51.312Z,"[{""jd_ut"":1059189.5527094905,""utc"":""-1813-11-11T01:15:54.100Z"",""motion"":""direct""},{""jd_ut"":1059405.2284236355,""utc"":""-1812-06-13T17:28:55.802Z"",""motion"":""retrograde""},{""jd_ut"":1059446.3918566867,""utc"":""-1812-07-24T21:24:16.418Z"",""motion"":""direct""}]",3
F57.09,F57,57,9,Sagittarius,240,1060286.3561494467,-1810-11-11T20:32:51.312Z,1061096.5478581316,-1807-01-30T01:08:54.943Z,"[{""jd_ut"":1060286.3561494467,""utc"":""-1810-11-11T20:32:51.312Z"",""motion"":""direct""}]",1
F57.10,F57,57,10,Capricorn,270,1061096.5478581316,-1807-01-30T01:08:54.943Z,1062164.8974823467,-1804-01-03T09:32:22.475Z,"[{""jd_ut"":1061096.5478581316,""utc"":""-1807-01-30T01:08:54.943Z"",""motion"":""direct""},{""jd_ut"":1061251.5893403492,""utc"":""-1807-07-04T02:08:39.006Z"",""motion"":""retrograde""},{""jd_ut"":1061365.8887802763,""utc"":""-1807-10-26T09:19:50.616Z"",""motion"":""direct""}]",3
F57.11,F57,57,11,Aquarius,300,1062164.8974823467,-1804-01-03T09:32:22.475Z,1062946.1094081788,-1802-02-22T14:37:32.867Z,"[{""jd_ut"":1062164.8974823467,""utc"":""-1804-01-03T09:32:22.475Z"",""motion"":""direct""}]",1
F57.12,F57,57,12,Pisces,330,1062946.1094081788,-1802-02-22T14:37:32.867Z,1063717.9388245526,-1800-04-05T10:31:54.441Z,"[{""jd_ut"":1062946.1094081788,""utc"":""-1802-02-22T14:37:32.867Z"",""motion"":""direct""}]",1
F58.01,F58,58,1,Aries,0,1063717.9388245526,-1800-04-05T10:31:54.441Z,1064485.6871198444,-1798-05-13T04:29:27.155Z,"[{""jd_ut"":1063717.9388245526,""utc"":""-1800-04-05T10:31:54.441Z"",""motion"":""direct""}]",1
F58.02,F58,58,2,Taurus,30,1064485.6871198444,-1798-05-13T04:29:27.155Z,1065255.938509366,-1796-06-21T10:31:27.209Z,"[{""jd_ut"":1064485.6871198444,""utc"":""-1798-05-13T04:29:27.155Z"",""motion"":""direct""}]",1
F58.03,F58,58,3,Gemini,60,1065255.938509366,-1796-06-21T10:31:27.209Z,1066036.5547398007,-1794-08-11T01:18:49.519Z,"[{""jd_ut"":1065255.938509366,""utc"":""-1796-06-21T10:31:27.209Z"",""motion"":""direct""},{""jd_ut"":1065450.4872839972,""utc"":""-1795-01-01T23:41:41.337Z"",""motion"":""retrograde""},{""jd_ut"":1065506.209875768,""utc"":""-1795-02-26T17:02:13.266Z"",""motion"":""direct""}]",3
F58.04,F58,58,4,Cancer,90,1066036.5547398007,-1794-08-11T01:18:49.519Z,1067098.03071297,-1791-07-07T12:44:13.601Z,"[{""jd_ut"":1066036.5547398007,""utc"":""-1794-08-11T01:18:49.519Z"",""motion"":""direct""},{""jd_ut"":1066170.6822293457,""utc"":""-1794-12-23T04:22:24.615Z"",""motion"":""retrograde""},{""jd_ut"":1066301.2168853204,""utc"":""-1793-05-02T17:12:18.892Z"",""motion"":""direct""}]",3
F58.05,F58,58,5,Leo,120,1067098.03071297,-1791-07-07T12:44:13.601Z,1067902.6334127975,-1789-09-20T03:12:06.866Z,"[{""jd_ut"":1067098.03071297,""utc"":""-1791-07-07T12:44:13.601Z"",""motion"":""direct""}]",1
F58.06,F58,58,6,Virgo,150,1067902.6334127975,-1789-09-20T03:12:06.866Z,1068995.7276869025,-1786-09-17T05:27:52.148Z,"[{""jd_ut"":1067902.6334127975,""utc"":""-1789-09-20T03:12:06.866Z"",""motion"":""direct""},{""jd_ut"":1068090.0139856027,""utc"":""-1788-03-25T12:20:08.356Z"",""motion"":""retrograde""},{""jd_ut"":1068166.431392617,""utc"":""-1788-06-09T22:21:12.322Z"",""motion"":""direct""}]",3
F58.07,F58,58,7,Libra,180,1068995.7276869025,-1786-09-17T05:27:52.148Z,1069823.128868756,-1784-12-22T15:05:34.261Z,"[{""jd_ut"":1068995.7276869025,""utc"":""-1786-09-17T05:27:52.148Z"",""motion"":""direct""}]",1
F58.08,F58,58,8,Scorpio,210,1069823.128868756,-1784-12-22T15:05:34.261Z,1070912.7648839839,-1781-12-17T06:21:25.976Z,"[{""jd_ut"":1069823.128868756,""utc"":""-1784-12-22T15:05:34.261Z"",""motion"":""direct""},{""jd_ut"":1069921.8007545266,""utc"":""-1783-03-31T07:13:05.191Z"",""motion"":""retrograde""},{""jd_ut"":1070094.476891315,""utc"":""-1783-09-19T23:26:43.410Z"",""motion"":""direct""}]",3
F58.09,F58,58,9,Sagittarius,240,1070912.7648839839,-1781-12-17T06:21:25.976Z,1071998.4038775628,-1778-12-06T21:41:35.021Z,"[{""jd_ut"":1070912.7648839839,""utc"":""-1781-12-17T06:21:25.976Z"",""motion"":""direct""},{""jd_ut"":1071109.4176733983,""utc"":""-1780-06-30T22:01:26.982Z"",""motion"":""retrograde""},{""jd_ut"":1071176.9365414921,""utc"":""-1780-09-06T10:28:37.185Z"",""motion"":""direct""}]",3
F58.10,F58,58,10,Capricorn,270,1071998.4038775628,-1778-12-06T21:41:35.021Z,1072793.1976941922,-1775-02-08T16:44:40.778Z,"[{""jd_ut"":1071998.4038775628,""utc"":""-1778-12-06T21:41:35.021Z"",""motion"":""direct""}]",1
F58.11,F58,58,11,Aquarius,300,1072793.1976941922,-1775-02-08T16:44:40.778Z,1073578.3340780595,-1773-04-04T20:01:04.344Z,"[{""jd_ut"":1072793.1976941922,""utc"":""-1775-02-08T16:44:40.778Z"",""motion"":""direct""}]",1
F58.12,F58,58,12,Pisces,330,1073578.3340780595,-1773-04-04T20:01:04.344Z,1074355.0902162725,-1771-05-20T14:09:54.686Z,"[{""jd_ut"":1073578.3340780595,""utc"":""-1773-04-04T20:01:04.344Z"",""motion"":""direct""},{""jd_ut"":1073731.9157283506,""utc"":""-1773-09-05T09:58:38.929Z"",""motion"":""retrograde""},{""jd_ut"":1073840.7631680747,""utc"":""-1773-12-23T06:18:57.722Z"",""motion"":""direct""}]",3
F59.01,F59,59,1,Aries,0,1074355.0902162725,-1771-05-20T14:09:54.686Z,1075127.066278941,-1769-07-01T13:35:26.501Z,"[{""jd_ut"":1074355.0902162725,""utc"":""-1771-05-20T14:09:54.686Z"",""motion"":""direct""},{""jd_ut"":1074470.858665308,""utc"":""-1771-09-13T08:36:28.683Z"",""motion"":""retrograde""},{""jd_ut"":1074615.4397358894,""utc"":""-1770-02-04T22:33:13.181Z"",""motion"":""direct""}]",3
F59.02,F59,59,2,Taurus,30,1075127.066278941,-1769-07-01T13:35:26.501Z,1075907.67711308,-1767-08-20T04:15:02.570Z,"[{""jd_ut"":1075127.066278941,""utc"":""-1769-07-01T13:35:26.501Z"",""motion"":""direct""},{""jd_ut"":1075217.4118349561,""utc"":""-1769-09-29T21:53:02.540Z"",""motion"":""retrograde""},{""jd_ut"":1075384.2658517454,""utc"":""-1768-03-14T18:22:49.591Z"",""motion"":""direct""}]",3
F59.03,F59,59,3,Gemini,60,1075907.67711308,-1767-08-20T04:15:02.570Z,1076936.0194324483,-1764-06-13T12:27:58.964Z,"[{""jd_ut"":1075907.67711308,""utc"":""-1767-08-20T04:15:02.570Z"",""motion"":""direct""},{""jd_ut"":1075954.0937991883,""utc"":""-1767-10-05T14:15:04.250Z"",""motion"":""retrograde""},{""jd_ut"":1076156.0219351756,""utc"":""-1766-04-25T12:31:35.199Z"",""motion"":""direct""}]",3
F59.04,F59,59,4,Cancer,90,1076936.0194324483,-1764-06-13T12:27:58.964Z,1077727.306044939,-1762-08-13T19:20:42.283Z,"[{""jd_ut"":1076936.0194324483,""utc"":""-1764-06-13T12:27:58.964Z"",""motion"":""direct""}]",1
F59.05,F59,59,5,Leo,120,1077727.306044939,-1762-08-13T19:20:42.283Z,1078547.7067060168,-1760-11-11T04:57:39.400Z,"[{""jd_ut"":1077727.306044939,""utc"":""-1762-08-13T19:20:42.283Z"",""motion"":""direct""},{""jd_ut"":1077948.8123807372,""utc"":""-1761-03-23T07:29:49.696Z"",""motion"":""retrograde""},{""jd_ut"":1077970.4715547203,""utc"":""-1761-04-13T23:19:02.328Z"",""motion"":""direct""}]",3
F59.06,F59,59,6,Virgo,150,1078547.7067060168,-1760-11-11T04:57:39.400Z,1079624.281961497,-1757-10-23T18:46:01.473Z,"[{""jd_ut"":1078547.7067060168,""utc"":""-1760-11-11T04:57:39.400Z"",""motion"":""direct""},{""jd_ut"":1078604.2408796744,""utc"":""-1759-01-06T17:46:52.004Z"",""motion"":""retrograde""},{""jd_ut"":1078808.3253386095,""utc"":""-1759-07-29T19:48:29.256Z"",""motion"":""direct""}]",3
F59.07,F59,59,7,Libra,180,1079624.281961497,-1757-10-23T18:46:01.473Z,1080723.0335374828,-1754-10-26T12:48:17.639Z,"[{""jd_ut"":1079624.281961497,""utc"":""-1757-10-23T18:46:01.473Z"",""motion"":""direct""},{""jd_ut"":1079798.781043056,""utc"":""-1756-04-15T06:44:42.120Z"",""motion"":""retrograde""},{""jd_ut"":1079893.9839546038,""utc"":""-1756-07-19T11:36:53.678Z"",""motion"":""direct""}]",3
F59.08,F59,59,8,Scorpio,210,1080723.0335374828,-1754-10-26T12:48:17.639Z,1081556.0901454627,-1751-02-05T14:09:48.568Z,"[{""jd_ut"":1080723.0335374828,""utc"":""-1754-10-26T12:48:17.639Z"",""motion"":""direct""}]",1
F59.09,F59,59,9,Sagittarius,240,1081556.0901454627,-1751-02-05T14:09:48.568Z,1082627.7859353349,-1748-01-13T06:51:44.813Z,"[{""jd_ut"":1081556.0901454627,""utc"":""-1751-02-05T14:09:48.568Z"",""motion"":""direct""},{""jd_ut"":1081623.4373768629,""utc"":""-1751-04-13T22:29:49.361Z"",""motion"":""retrograde""},{""jd_ut"":1081819.4478620072,""utc"":""-1751-10-26T22:44:55.277Z"",""motion"":""direct""}]",3
F59.10,F59,59,10,Capricorn,270,1082627.7859353349,-1748-01-13T06:51:44.813Z,1083434.5249502272,-1746-03-30T00:35:55.700Z,"[{""jd_ut"":1082627.7859353349,""utc"":""-1748-01-13T06:51:44.813Z"",""motion"":""direct""},{""jd_ut"":1082841.6732621333,""utc"":""-1748-08-14T04:09:29.848Z"",""motion"":""retrograde""},{""jd_ut"":1082881.6961185797,""utc"":""-1748-09-23T04:42:24.645Z"",""motion"":""direct""}]",3
F59.11,F59,59,11,Aquarius,300,1083434.5249502272,-1746-03-30T00:35:55.700Z,1084479.0051753526,-1743-02-06T12:07:27.150Z,"[{""jd_ut"":1083434.5249502272,""utc"":""-1746-03-30T00:35:55.700Z"",""motion"":""direct""},{""jd_ut"":1083525.7185026282,""utc"":""-1746-06-29T05:14:38.627Z"",""motion"":""retrograde""},{""jd_ut"":1083696.8900648002,""utc"":""-1746-12-17T09:21:41.599Z"",""motion"":""direct""}]",3
F59.12,F59,59,12,Pisces,330,1084479.0051753526,-1743-02-06T12:07:27.150Z,1085250.676458289,-1741-03-20T04:14:05.996Z,"[{""jd_ut"":1084479.0051753526,""utc"":""-1743-02-06T12:07:27.150Z"",""motion"":""direct""}]",1
F60.01,F60,60,1,Aries,0,1085250.676458289,-1741-03-20T04:14:05.996Z,1086018.276066206,-1739-04-25T18:37:32.120Z,"[{""jd_ut"":1085250.676458289,""utc"":""-1741-03-20T04:14:05.996Z"",""motion"":""direct""}]",1
F60.02,F60,60,2,Taurus,30,1086018.276066206,-1739-04-25T18:37:32.120Z,1086788.1841035984,-1737-06-04T16:25:06.551Z,"[{""jd_ut"":1086018.276066206,""utc"":""-1739-04-25T18:37:32.120Z"",""motion"":""direct""}]",1
F60.03,F60,60,3,Gemini,60,1086788.1841035984,-1737-06-04T16:25:06.551Z,1087566.7701418349,-1735-07-22T06:29:00.255Z,"[{""jd_ut"":1086788.1841035984,""utc"":""-1737-06-04T16:25:06.551Z"",""motion"":""direct""}]",1
F60.04,F60,60,4,Cancer,90,1087566.7701418349,-1735-07-22T06:29:00.255Z,1088365.519730243,-1733-09-29T00:28:24.693Z,"[{""jd_ut"":1087566.7701418349,""utc"":""-1735-07-22T06:29:00.255Z"",""motion"":""direct""},{""jd_ut"":1087755.4047806868,""utc"":""-1734-01-26T21:42:53.051Z"",""motion"":""retrograde""},{""jd_ut"":1087822.2105859676,""utc"":""-1734-04-03T17:03:14.628Z"",""motion"":""direct""}]",3
F60.05,F60,60,5,Leo,120,1088365.519730243,-1733-09-29T00:28:24.693Z,1089435.666553753,-1730-09-03T03:59:50.244Z,"[{""jd_ut"":1088365.519730243,""utc"":""-1733-09-29T00:28:24.693Z"",""motion"":""direct""},{""jd_ut"":1088453.2376759876,""utc"":""-1733-12-25T17:42:15.205Z"",""motion"":""retrograde""},{""jd_ut"":1088630.0818461203,""utc"":""-1732-06-19T13:57:51.505Z"",""motion"":""direct""}]",3
F60.06,F60,60,6,Virgo,150,1089435.666553753,-1730-09-03T03:59:50.244Z,1090270.015251269,-1728-12-15T12:21:57.710Z,"[{""jd_ut"":1089435.666553753,""utc"":""-1730-09-03T03:59:50.244Z"",""motion"":""direct""}]",1
F60.07,F60,60,7,Libra,180,1090270.015251269,-1728-12-15T12:21:57.710Z,1091350.8233912336,-1725-12-01T07:45:41.003Z,"[{""jd_ut"":1090270.015251269,""utc"":""-1728-12-15T12:21:57.710Z"",""motion"":""direct""},{""jd_ut"":1090316.7071699402,""utc"":""-1727-01-31T04:58:19.483Z"",""motion"":""retrograde""},{""jd_ut"":1090529.19163983,""utc"":""-1727-08-31T16:35:57.681Z"",""motion"":""direct""}]",3
F60.08,F60,60,8,Scorpio,210,1091350.8233912336,-1725-12-01T07:45:41.003Z,1092445.922958816,-1722-11-30T10:09:03.642Z,"[{""jd_ut"":1091350.8233912336,""utc"":""-1725-12-01T07:45:41.003Z"",""motion"":""direct""},{""jd_ut"":1091501.889952436,""utc"":""-1724-04-30T09:21:31.890Z"",""motion"":""retrograde""},{""jd_ut"":1091624.4253871487,""utc"":""-1724-08-30T22:12:33.450Z"",""motion"":""direct""}]",3
F60.09,F60,60,9,Sagittarius,240,1092445.922958816,-1722-11-30T10:09:03.642Z,1093265.7875167602,-1719-02-27T06:54:01.448Z,"[{""jd_ut"":1092445.922958816,""utc"":""-1722-11-30T10:09:03.642Z"",""motion"":""direct""}]",1
F60.10,F60,60,10,Capricorn,270,1093265.7875167602,-1719-02-27T06:54:01.448Z,1094326.0351508087,-1716-01-23T12:50:37.030Z,"[{""jd_ut"":1093265.7875167602,""utc"":""-1719-02-27T06:54:01.448Z"",""motion"":""direct""},{""jd_ut"":1093354.058627233,""utc"":""-1719-05-26T13:24:25.393Z"",""motion"":""retrograde""},{""jd_ut"":1093530.9633162357,""utc"":""-1719-11-19T11:07:10.523Z"",""motion"":""direct""}]",3
F60.11,F60,60,11,Aquarius,300,1094326.0351508087,-1716-01-23T12:50:37.030Z,1095108.6210658867,-1714-03-16T02:54:20.093Z,"[{""jd_ut"":1094326.0351508087,""utc"":""-1716-01-23T12:50:37.030Z"",""motion"":""direct""}]",1
F60.12,F60,60,12,Pisces,330,1095108.6210658867,-1714-03-16T02:54:20.093Z,1095882.4404155645,-1712-04-27T22:34:11.905Z,"[{""jd_ut"":1095108.6210658867,""utc"":""-1714-03-16T02:54:20.093Z"",""motion"":""direct""},{""jd_ut"":1095331.0651341197,""utc"":""-1714-10-24T13:33:47.588Z"",""motion"":""retrograde""},{""jd_ut"":1095347.2491487563,""utc"":""-1714-11-09T17:58:46.453Z"",""motion"":""direct""}]",3
F61.01,F61,61,1,Aries,0,1095882.4404155645,-1712-04-27T22:34:11.905Z,1096651.5669769868,-1710-06-06T01:36:26.812Z,"[{""jd_ut"":1095882.4404155645,""utc"":""-1712-04-27T22:34:11.905Z"",""motion"":""direct""},{""jd_ut"":1096054.8103712131,""utc"":""-1712-10-17T07:26:56.073Z"",""motion"":""retrograde""},{""jd_ut"":1096139.6478267335,""utc"":""-1711-01-10T03:32:52.230Z"",""motion"":""direct""}]",3
F61.02,F61,61,2,Taurus,30,1096651.5669769868,-1710-06-06T01:36:26.812Z,1097423.731760887,-1708-07-17T05:33:44.141Z,"[{""jd_ut"":1096651.5669769868,""utc"":""-1710-06-06T01:36:26.812Z"",""motion"":""direct""},{""jd_ut"":1096801.1227293438,""utc"":""-1710-11-02T14:56:43.815Z"",""motion"":""retrograde""},{""jd_ut"":1096911.3150725774,""utc"":""-1709-02-20T19:33:42.271Z"",""motion"":""direct""}]",3
F61.03,F61,61,3,Gemini,60,1097423.731760887,-1708-07-17T05:33:44.141Z,1098215.9193782848,-1706-09-17T10:03:54.284Z,"[{""jd_ut"":1097423.731760887,""utc"":""-1708-07-17T05:33:44.141Z"",""motion"":""direct""},{""jd_ut"":1097543.8126869448,""utc"":""-1708-11-14T07:30:16.152Z"",""motion"":""retrograde""},{""jd_ut"":1097685.4873263119,""utc"":""-1707-04-04T23:41:44.993Z"",""motion"":""direct""}]",3
F61.04,F61,61,4,Cancer,90,1098215.9193782848,-1706-09-17T10:03:54.284Z,1099259.8005289878,-1703-07-27T07:12:45.705Z,"[{""jd_ut"":1098215.9193782848,""utc"":""-1706-09-17T10:03:54.284Z"",""motion"":""direct""},{""jd_ut"":1098264.335415984,""utc"":""-1706-11-04T20:02:59.941Z"",""motion"":""retrograde""},{""jd_ut"":1098467.8567155935,""utc"":""-1705-05-27T08:33:40.227Z"",""motion"":""direct""}]",3
F61.05,F61,61,5,Leo,120,1099259.8005289878,-1703-07-27T07:12:45.705Z,1100067.6853659651,-1701-10-13T04:26:55.619Z,"[{""jd_ut"":1099259.8005289878,""utc"":""-1703-07-27T07:12:45.705Z"",""motion"":""direct""}]",1
F61.06,F61,61,6,Virgo,150,1100067.6853659651,-1701-10-13T04:26:55.619Z,1101156.677823362,-1698-10-07T04:16:03.938Z,"[{""jd_ut"":1100067.6853659651,""utc"":""-1701-10-13T04:26:55.619Z"",""motion"":""direct""},{""jd_ut"":1100190.3165745079,""utc"":""-1700-02-12T19:35:52.037Z"",""motion"":""retrograde""},{""jd_ut"":1100338.9021654474,""utc"":""-1700-07-11T09:39:07.095Z"",""motion"":""direct""}]",3
F61.07,F61,61,7,Libra,180,1101156.677823362,-1698-10-07T04:16:03.938Z,1102256.5542345257,-1695-10-11T01:18:05.863Z,"[{""jd_ut"":1101156.677823362,""utc"":""-1698-10-07T04:16:03.938Z"",""motion"":""direct""}]",1
F61.08,F61,61,8,Scorpio,210,1102256.5542345257,-1695-10-11T01:18:05.863Z,1103078.1678308751,-1692-01-10T16:01:40.588Z,"[{""jd_ut"":1102256.5542345257,""utc"":""-1695-10-11T01:18:05.863Z"",""motion"":""direct""}]",1
F61.09,F61,61,9,Sagittarius,240,1103078.1678308751,-1692-01-10T16:01:40.588Z,1104160.9206377054,-1690-12-28T10:05:43.098Z,"[{""jd_ut"":1103078.1678308751,""utc"":""-1692-01-10T16:01:40.588Z"",""motion"":""direct""},{""jd_ut"":1103207.5769690406,""utc"":""-1692-05-19T01:50:50.125Z"",""motion"":""retrograde""},{""jd_ut"":1103350.7377157588,""utc"":""-1692-10-09T05:42:18.642Z"",""motion"":""direct""}]",3
F61.10,F61,61,10,Capricorn,270,1104160.9206377054,-1690-12-28T10:05:43.098Z,1104959.7657157015,-1687-03-06T06:22:37.837Z,"[{""jd_ut"":1104160.9206377054,""utc"":""-1690-12-28T10:05:43.098Z"",""motion"":""direct""}]",1
F61.11,F61,61,11,Aquarius,300,1104959.7657157015,-1687-03-06T06:22:37.837Z,1105757.4206697159,-1685-05-12T22:05:45.863Z,"[{""jd_ut"":1104959.7657157015,""utc"":""-1687-03-06T06:22:37.837Z"",""motion"":""direct""},{""jd_ut"":1105108.0403001634,""utc"":""-1687-08-01T12:58:01.934Z"",""motion"":""retrograde""},{""jd_ut"":1105226.1428922666,""utc"":""-1687-11-27T15:25:45.892Z"",""motion"":""direct""}]",3
F61.12,F61,61,12,Pisces,330,1105757.4206697159,-1685-05-12T22:05:45.863Z,1106783.223965156,-1682-03-03T17:22:30.589Z,"[{""jd_ut"":1105757.4206697159,""utc"":""-1685-05-12T22:05:45.863Z"",""motion"":""direct""},{""jd_ut"":1105823.1036746851,""utc"":""-1685-07-17T14:29:17.493Z"",""motion"":""retrograde""},{""jd_ut"":1106011.2345001358,""utc"":""-1684-01-21T17:37:40.812Z"",""motion"":""direct""}]",3
F62.01,F62,62,1,Aries,0,1106783.223965156,-1682-03-03T17:22:30.589Z,1107550.839580379,-1680-04-09T08:08:59.745Z,"[{""jd_ut"":1106783.223965156,""utc"":""-1682-03-03T17:22:30.589Z"",""motion"":""direct""}]",1
F62.02,F62,62,2,Taurus,30,1107550.839580379,-1680-04-09T08:08:59.745Z,1108320.7869789363,-1678-05-19T06:53:14.980Z,"[{""jd_ut"":1107550.839580379,""utc"":""-1680-04-09T08:08:59.745Z"",""motion"":""direct""}]",1
F62.03,F62,62,3,Gemini,60,1108320.7869789363,-1678-05-19T06:53:14.980Z,1109098.796800883,-1676-07-05T07:07:23.596Z,"[{""jd_ut"":1108320.7869789363,""utc"":""-1678-05-19T06:53:14.980Z"",""motion"":""direct""}]",1
F62.04,F62,62,4,Cancer,90,1109098.796800883,-1676-07-05T07:07:23.596Z,1109891.0898522595,-1674-09-05T14:09:23.235Z,"[{""jd_ut"":1109098.796800883,""utc"":""-1676-07-05T07:07:23.596Z"",""motion"":""direct""}]",1
F62.05,F62,62,5,Leo,120,1109891.0898522595,-1674-09-05T14:09:23.235Z,1110968.9767625337,-1671-08-18T11:26:32.283Z,"[{""jd_ut"":1109891.0898522595,""utc"":""-1674-09-05T14:09:23.235Z"",""motion"":""direct""},{""jd_ut"":1110035.304051024,""utc"":""-1673-01-27T19:17:50.008Z"",""motion"":""retrograde""},{""jd_ut"":1110158.664004148,""utc"":""-1673-05-31T03:56:09.958Z"",""motion"":""direct""}]",3
F62.06,F62,62,6,Virgo,150,1110968.9767625337,-1671-08-18T11:26:32.283Z,1111788.1067743413,-1669-11-15T14:33:45.303Z,"[{""jd_ut"":1110968.9767625337,""utc"":""-1671-08-18T11:26:32.283Z"",""motion"":""direct""}]",1
F62.07,F62,62,7,Libra,180,1111788.1067743413,-1669-11-15T14:33:45.303Z,1112882.610553719,-1666-11-14T02:39:11.841Z,"[{""jd_ut"":1111788.1067743413,""utc"":""-1669-11-15T14:33:45.303Z"",""motion"":""direct""},{""jd_ut"":1111904.2271543522,""utc"":""-1668-03-10T17:27:06.136Z"",""motion"":""retrograde""},{""jd_ut"":1112060.8948048917,""utc"":""-1668-08-14T09:28:31.143Z"",""motion"":""direct""}]",3
F62.08,F62,62,8,Scorpio,210,1112882.610553719,-1666-11-14T02:39:11.841Z,1113979.6593453353,-1663-11-15T03:49:27.437Z,"[{""jd_ut"":1112882.610553719,""utc"":""-1666-11-14T02:39:11.841Z"",""motion"":""direct""},{""jd_ut"":1113087.3912092187,""utc"":""-1665-06-06T21:23:20.476Z"",""motion"":""retrograde""},{""jd_ut"":1113144.689593208,""utc"":""-1665-08-03T04:33:00.853Z"",""motion"":""direct""}]",3
F62.09,F62,62,9,Sagittarius,240,1113979.6593453353,-1663-11-15T03:49:27.437Z,1114791.1160660945,-1660-02-04T14:47:08.111Z,"[{""jd_ut"":1113979.6593453353,""utc"":""-1663-11-15T03:49:27.437Z"",""motion"":""direct""}]",1
F62.10,F62,62,10,Capricorn,270,1114791.1160660945,-1660-02-04T14:47:08.111Z,1115859.3549887966,-1657-01-07T20:31:11.032Z,"[{""jd_ut"":1114791.1160660945,""utc"":""-1660-02-04T14:47:08.111Z"",""motion"":""direct""},{""jd_ut"":1114935.9232992567,""utc"":""-1660-06-28T10:09:33.056Z"",""motion"":""retrograde""},{""jd_ut"":1115061.092640826,""utc"":""-1660-10-31T14:13:24.167Z"",""motion"":""direct""}]",3
F62.11,F62,62,11,Aquarius,300,1115859.3549887966,-1657-01-07T20:31:11.032Z,1116641.076513532,-1655-02-27T13:50:10.769Z,"[{""jd_ut"":1115859.3549887966,""utc"":""-1657-01-07T20:31:11.032Z"",""motion"":""direct""}]",1
F62.12,F62,62,12,Pisces,330,1116641.076513532,-1655-02-27T13:50:10.769Z,1117413.6518716025,-1653-04-11T03:38:41.706Z,"[{""jd_ut"":1116641.076513532,""utc"":""-1655-02-27T13:50:10.769Z"",""motion"":""direct""}]",1
F63.01,F63,63,1,Aries,0,1117413.6518716025,-1653-04-11T03:38:41.706Z,1118181.8143081078,-1651-05-18T07:32:36.221Z,"[{""jd_ut"":1117413.6518716025,""utc"":""-1653-04-11T03:38:41.706Z"",""motion"":""direct""}]",1
F63.02,F63,63,2,Taurus,30,1118181.8143081078,-1651-05-18T07:32:36.221Z,1118952.1349754846,-1649-06-27T15:14:21.882Z,"[{""jd_ut"":1118181.8143081078,""utc"":""-1651-05-18T07:32:36.221Z"",""motion"":""direct""},{""jd_ut"":1118399.3806431205,""utc"":""-1651-12-21T21:08:07.566Z"",""motion"":""retrograde""},{""jd_ut"":1118418.198726221,""utc"":""-1650-01-09T16:46:09.945Z"",""motion"":""direct""}]",3
F63.03,F63,63,3,Gemini,60,1118952.1349754846,-1649-06-27T15:14:21.882Z,1119733.2107193721,-1647-08-16T17:03:26.154Z,"[{""jd_ut"":1118952.1349754846,""utc"":""-1649-06-27T15:14:21.882Z"",""motion"":""direct""},{""jd_ut"":1119127.637440383,""utc"":""-1649-12-20T03:17:54.849Z"",""motion"":""retrograde""},{""jd_ut"":1119208.6752528017,""utc"":""-1648-03-10T04:12:21.842Z"",""motion"":""direct""}]",3
F63.04,F63,63,4,Cancer,90,1119733.2107193721,-1647-08-16T17:03:26.154Z,1120792.4727502316,-1644-07-10T23:20:45.620Z,"[{""jd_ut"":1119733.2107193721,""utc"":""-1647-08-16T17:03:26.154Z"",""motion"":""direct""},{""jd_ut"":1119852.8544205753,""utc"":""-1647-12-14T08:30:21.938Z"",""motion"":""retrograde""},{""jd_ut"":1119997.6651777225,""utc"":""-1646-05-08T03:57:51.355Z"",""motion"":""direct""}]",3
F63.05,F63,63,5,Leo,120,1120792.4727502316,-1644-07-10T23:20:45.620Z,1121597.0685566603,-1642-09-23T13:38:43.295Z,"[{""jd_ut"":1120792.4727502316,""utc"":""-1644-07-10T23:20:45.620Z"",""motion"":""direct""}]",1
F63.06,F63,63,6,Virgo,150,1121597.0685566603,-1642-09-23T13:38:43.295Z,1122689.923384476,-1639-09-20T10:09:40.419Z,"[{""jd_ut"":1121597.0685566603,""utc"":""-1642-09-23T13:38:43.295Z"",""motion"":""direct""},{""jd_ut"":1121772.3928637668,""utc"":""-1641-03-17T21:25:43.429Z"",""motion"":""retrograde""},{""jd_ut"":1121863.996669874,""utc"":""-1641-06-17T11:55:12.277Z"",""motion"":""direct""}]",3
F63.07,F63,63,7,Libra,180,1122689.923384476,-1639-09-20T10:09:40.419Z,1123520.6936734957,-1637-12-30T04:38:53.390Z,"[{""jd_ut"":1122689.923384476,""utc"":""-1639-09-20T10:09:40.419Z"",""motion"":""direct""}]",1
F63.08,F63,63,8,Scorpio,210,1123520.6936734957,-1637-12-30T04:38:53.390Z,1124608.5087596541,-1634-12-22T00:12:36.834Z,"[{""jd_ut"":1123520.6936734957,""utc"":""-1637-12-30T04:38:53.390Z"",""motion"":""direct""},{""jd_ut"":1123603.836265482,""utc"":""-1636-03-22T08:04:13.338Z"",""motion"":""retrograde""},{""jd_ut"":1123789.3930755854,""utc"":""-1636-09-23T21:26:01.731Z"",""motion"":""direct""}]",3
F63.09,F63,63,9,Sagittarius,240,1124608.5087596541,-1634-12-22T00:12:36.834Z,1125694.915548203,-1631-12-12T09:58:23.365Z,"[{""jd_ut"":1124608.5087596541,""utc"":""-1634-12-22T00:12:36.834Z"",""motion"":""direct""},{""jd_ut"":1124788.4888238031,""utc"":""-1633-06-19T23:43:54.377Z"",""motion"":""retrograde""},{""jd_ut"":1124877.2105232398,""utc"":""-1633-09-16T17:03:09.208Z"",""motion"":""direct""}]",3
F63.10,F63,63,10,Capricorn,270,1125694.915548203,-1631-12-12T09:58:23.365Z,1126491.0608037743,-1628-02-16T13:27:33.446Z,"[{""jd_ut"":1125694.915548203,""utc"":""-1631-12-12T09:58:23.365Z"",""motion"":""direct""}]",1
F63.11,F63,63,11,Aquarius,300,1126491.0608037743,-1628-02-16T13:27:33.446Z,1127278.7289021187,-1626-04-14T05:29:37.143Z,"[{""jd_ut"":1126491.0608037743,""utc"":""-1628-02-16T13:27:33.446Z"",""motion"":""direct""},{""jd_ut"":1126694.0494544413,""utc"":""-1628-09-06T13:11:12.864Z"",""motion"":""retrograde""},{""jd_ut"":1126746.0651853373,""utc"":""-1628-10-28T13:33:52.013Z"",""motion"":""direct""}]",3
F63.12,F63,63,12,Pisces,330,1127278.7289021187,-1626-04-14T05:29:37.143Z,1128058.64452059,-1624-06-02T03:28:06.579Z,"[{""jd_ut"":1127278.7289021187,""utc"":""-1626-04-14T05:29:37.143Z"",""motion"":""direct""},{""jd_ut"":1127407.6360988324,""utc"":""-1626-08-21T03:15:58.939Z"",""motion"":""retrograde""},{""jd_ut"":1127542.0387681103,""utc"":""-1625-01-02T12:55:49.565Z"",""motion"":""direct""}]",3
F64.01,F64,64,1,Aries,0,1128058.64452059,-1624-06-02T03:28:06.579Z,1128834.4914683672,-1622-07-17T23:47:42.867Z,"[{""jd_ut"":1128058.64452059,""utc"":""-1624-06-02T03:28:06.579Z"",""motion"":""direct""},{""jd_ut"":1128145.098878588,""utc"":""-1624-08-27T14:22:23.110Z"",""motion"":""retrograde""},{""jd_ut"":1128315.3512218855,""utc"":""-1623-02-13T20:25:45.571Z"",""motion"":""direct""}]",3
F64.02,F64,64,2,Taurus,30,1128834.4914683672,-1622-07-17T23:47:42.867Z,1129853.63899153,-1619-05-02T03:20:08.868Z,"[{""jd_ut"":1128834.4914683672,""utc"":""-1622-07-17T23:47:42.867Z"",""motion"":""direct""},{""jd_ut"":1128888.607563008,""utc"":""-1622-09-10T02:34:53.444Z"",""motion"":""retrograde""},{""jd_ut"":1129083.3041225718,""utc"":""-1621-03-23T19:17:56.190Z"",""motion"":""direct""}]",3
F64.03,F64,64,3,Gemini,60,1129853.63899153,-1619-05-02T03:20:08.868Z,1130631.9073694707,-1617-06-19T09:46:36.722Z,"[{""jd_ut"":1129853.63899153,""utc"":""-1619-05-02T03:20:08.868Z"",""motion"":""direct""}]",1
F64.04,F64,64,4,Cancer,90,1130631.9073694707,-1617-06-19T09:46:36.722Z,1131422.0739864637,-1615-08-17T13:46:32.430Z,"[{""jd_ut"":1130631.9073694707,""utc"":""-1617-06-19T09:46:36.722Z"",""motion"":""direct""}]",1
F64.05,F64,64,5,Leo,120,1131422.0739864637,-1615-08-17T13:46:32.430Z,1132248.1980254706,-1613-11-21T16:45:09.401Z,"[{""jd_ut"":1131422.0739864637,""utc"":""-1615-08-17T13:46:32.430Z"",""motion"":""direct""},{""jd_ut"":1131622.4160782439,""utc"":""-1614-03-05T21:59:09.160Z"",""motion"":""retrograde""},{""jd_ut"":1131676.8132230965,""utc"":""-1614-04-29T07:31:02.476Z"",""motion"":""direct""}]",3
F64.06,F64,64,6,Virgo,150,1132248.1980254706,-1613-11-21T16:45:09.401Z,1133317.6431098222,-1610-10-26T03:26:04.689Z,"[{""jd_ut"":1132248.1980254706,""utc"":""-1613-11-21T16:45:09.401Z"",""motion"":""direct""},{""jd_ut"":1132284.1692289729,""utc"":""-1613-12-27T16:03:41.383Z"",""motion"":""retrograde""},{""jd_ut"":1132501.980600458,""utc"":""-1612-08-01T11:32:03.880Z"",""motion"":""direct""}]",3
F64.07,F64,64,7,Libra,180,1133317.6431098222,-1610-10-26T03:26:04.689Z,1134416.1858305251,-1607-10-28T16:27:35.757Z,"[{""jd_ut"":1133317.6431098222,""utc"":""-1610-10-26T03:26:04.689Z"",""motion"":""direct""},{""jd_ut"":1133484.3466621726,""utc"":""-1609-04-10T20:19:11.612Z"",""motion"":""retrograde""},{""jd_ut"":1133588.640855507,""utc"":""-1609-07-24T03:22:49.916Z"",""motion"":""direct""}]",3
F64.08,F64,64,8,Scorpio,210,1134416.1858305251,-1607-10-28T16:27:35.757Z,1135254.9732827065,-1604-02-14T11:21:31.626Z,"[{""jd_ut"":1134416.1858305251,""utc"":""-1607-10-28T16:27:35.757Z"",""motion"":""direct""}]",1
F64.09,F64,64,9,Sagittarius,240,1135254.9732827065,-1604-02-14T11:21:31.626Z,1136322.7931491924,-1601-01-17T07:02:08.090Z,"[{""jd_ut"":1135254.9732827065,""utc"":""-1604-02-14T11:21:31.626Z"",""motion"":""direct""},{""jd_ut"":1135304.519578734,""utc"":""-1604-04-04T00:28:11.603Z"",""motion"":""retrograde""},{""jd_ut"":1135513.5261699385,""utc"":""-1604-10-30T00:37:41.083Z"",""motion"":""direct""}]",3
F64.10,F64,64,10,Capricorn,270,1136322.7931491924,-1601-01-17T07:02:08.090Z,1137135.3646149156,-1599-04-08T20:45:02.729Z,"[{""jd_ut"":1136322.7931491924,""utc"":""-1601-01-17T07:02:08.090Z"",""motion"":""direct""},{""jd_ut"":1136518.5507536936,""utc"":""-1601-08-01T01:13:05.119Z"",""motion"":""retrograde""},{""jd_ut"":1136584.6289786967,""utc"":""-1601-10-06T03:05:43.759Z"",""motion"":""direct""}]",3
F64.11,F64,64,11,Aquarius,300,1137135.3646149156,-1599-04-08T20:45:02.729Z,1138175.0814098758,-1596-02-12T13:57:13.813Z,"[{""jd_ut"":1137135.3646149156,""utc"":""-1599-04-08T20:45:02.729Z"",""motion"":""direct""},{""jd_ut"":1137204.1620363086,""utc"":""-1599-06-16T15:53:19.937Z"",""motion"":""retrograde""},{""jd_ut"":1137392.9614233132,""utc"":""-1599-12-22T11:04:26.974Z"",""motion"":""direct""}]",3
F64.12,F64,64,12,Pisces,330,1138175.0814098758,-1596-02-12T13:57:13.813Z,1138947.0954350848,-1594-03-25T14:17:25.591Z,"[{""jd_ut"":1138175.0814098758,""utc"":""-1596-02-12T13:57:13.813Z"",""motion"":""direct""}]",1
F65.01,F65,65,1,Aries,0,1138947.0954350848,-1594-03-25T14:17:25.591Z,1139714.7533947504,-1592-05-01T06:04:53.306Z,"[{""jd_ut"":1138947.0954350848,""utc"":""-1594-03-25T14:17:25.591Z"",""motion"":""direct""}]",1
F65.02,F65,65,2,Taurus,30,1139714.7533947504,-1592-05-01T06:04:53.306Z,1140484.2482350478,-1590-06-09T17:57:27.508Z,"[{""jd_ut"":1139714.7533947504,""utc"":""-1592-05-01T06:04:53.306Z"",""motion"":""direct""}]",1
F65.03,F65,65,3,Gemini,60,1140484.2482350478,-1590-06-09T17:57:27.508Z,1141262.3895473229,-1588-07-26T21:20:56.889Z,"[{""jd_ut"":1140484.2482350478,""utc"":""-1590-06-09T17:57:27.508Z"",""motion"":""direct""}]",1
F65.04,F65,65,4,Cancer,90,1141262.3895473229,-1588-07-26T21:20:56.889Z,1142063.0281038112,-1586-10-05T12:40:28.169Z,"[{""jd_ut"":1141262.3895473229,""utc"":""-1588-07-26T21:20:56.889Z"",""motion"":""direct""},{""jd_ut"":1141435.0261324453,""utc"":""-1587-01-15T12:37:37.843Z"",""motion"":""retrograde""},{""jd_ut"":1141522.2747719083,""utc"":""-1587-04-12T18:35:40.293Z"",""motion"":""direct""}]",3
F65.05,F65,65,5,Leo,120,1142063.0281038112,-1586-10-05T12:40:28.169Z,1143129.44150923,-1583-09-05T22:35:46.397Z,"[{""jd_ut"":1142063.0281038112,""utc"":""-1586-10-05T12:40:28.169Z"",""motion"":""direct""},{""jd_ut"":1142135.7660457166,""utc"":""-1586-12-17T06:23:06.350Z"",""motion"":""retrograde""},{""jd_ut"":1142324.631649871,""utc"":""-1585-06-24T03:09:34.549Z"",""motion"":""direct""}]",3
F65.06,F65,65,6,Virgo,150,1143129.44150923,-1583-09-05T22:35:46.397Z,1143978.6983543946,-1580-01-03T04:45:37.820Z,"[{""jd_ut"":1143129.44150923,""utc"":""-1583-09-05T22:35:46.397Z"",""motion"":""direct""}]",1
F65.07,F65,65,7,Libra,180,1143978.6983543946,-1580-01-03T04:45:37.820Z,1145046.4150770912,-1578-12-05T21:57:42.661Z,"[{""jd_ut"":1143978.6983543946,""utc"":""-1580-01-03T04:45:37.820Z"",""motion"":""direct""},{""jd_ut"":1143988.197647049,""utc"":""-1580-01-12T16:44:36.705Z"",""motion"":""retrograde""},{""jd_ut"":1144223.3361737547,""utc"":""-1580-09-03T20:04:05.412Z"",""motion"":""direct""}]",3
F65.08,F65,65,8,Scorpio,210,1145046.4150770912,-1578-12-05T21:57:42.661Z,1146141.799402176,-1575-12-05T07:11:08.348Z,"[{""jd_ut"":1145046.4150770912,""utc"":""-1578-12-05T21:57:42.661Z"",""motion"":""direct""},{""jd_ut"":1145184.8196514072,""utc"":""-1577-04-23T07:40:17.882Z"",""motion"":""retrograde""},{""jd_ut"":1145320.4722392187,""utc"":""-1577-09-05T23:20:01.468Z"",""motion"":""direct""}]",3
F65.09,F65,65,9,Sagittarius,240,1146141.799402176,-1575-12-05T07:11:08.348Z,1146971.816929401,-1572-03-14T07:36:22.700Z,"[{""jd_ut"":1146141.799402176,""utc"":""-1575-12-05T07:11:08.348Z"",""motion"":""direct""}]",1
F65.10,F65,65,10,Capricorn,270,1146971.816929401,-1572-03-14T07:36:22.700Z,1148024.8683730387,-1569-01-31T08:50:27.431Z,"[{""jd_ut"":1146971.816929401,""utc"":""-1572-03-14T07:36:22.700Z"",""motion"":""direct""},{""jd_ut"":1147026.5339517226,""utc"":""-1572-05-08T00:48:53.429Z"",""motion"":""retrograde""},{""jd_ut"":1147228.98820297,""utc"":""-1572-11-26T11:43:00.737Z"",""motion"":""direct""}]",3
F65.11,F65,65,11,Aquarius,300,1148024.8683730387,-1569-01-31T08:50:27.431Z,1148809.2517859926,-1567-03-25T18:02:34.310Z,"[{""jd_ut"":1148024.8683730387,""utc"":""-1569-01-31T08:50:27.431Z"",""motion"":""direct""}]",1
F65.12,F65,65,12,Pisces,330,1148809.2517859926,-1567-03-25T18:02:34.310Z,1149584.525379167,-1565-05-10T00:36:32.760Z,"[{""jd_ut"":1148809.2517859926,""utc"":""-1567-03-25T18:02:34.310Z"",""motion"":""direct""},{""jd_ut"":1148988.3530625082,""utc"":""-1567-09-20T20:28:24.601Z"",""motion"":""retrograde""},{""jd_ut"":1149068.0242583877,""utc"":""-1567-12-09T12:34:55.925Z"",""motion"":""direct""}]",3
F66.01,F66,66,1,Aries,0,1149584.525379167,-1565-05-10T00:36:32.760Z,1150354.4151906604,-1563-06-17T21:57:52.473Z,"[{""jd_ut"":1149584.525379167,""utc"":""-1565-05-10T00:36:32.760Z"",""motion"":""direct""},{""jd_ut"":1149725.7589512714,""utc"":""-1565-09-28T06:12:53.390Z"",""motion"":""retrograde""},{""jd_ut"":1149845.5803668872,""utc"":""-1564-01-26T01:55:43.699Z"",""motion"":""direct""}]",3
F66.02,F66,66,2,Taurus,30,1150354.4151906604,-1563-06-17T21:57:52.473Z,1151127.6070248126,-1561-07-31T02:34:06.944Z,"[{""jd_ut"":1150354.4151906604,""utc"":""-1563-06-17T21:57:52.473Z"",""motion"":""direct""},{""jd_ut"":1150473.768773734,""utc"":""-1563-10-15T06:27:02.051Z"",""motion"":""retrograde""},{""jd_ut"":1150614.6798181254,""utc"":""-1562-03-05T04:18:56.286Z"",""motion"":""direct""}]",3
F66.03,F66,66,3,Gemini,60,1151127.6070248126,-1561-07-31T02:34:06.944Z,1152165.586856577,-1558-06-03T02:05:04.408Z,"[{""jd_ut"":1151127.6070248126,""utc"":""-1561-07-31T02:34:06.944Z"",""motion"":""direct""},{""jd_ut"":1151217.5239643203,""utc"":""-1561-10-29T00:34:30.517Z"",""motion"":""retrograde""},{""jd_ut"":1151386.112347303,""utc"":""-1560-04-14T14:41:46.807Z"",""motion"":""direct""}]",3
F66.04,F66,66,4,Cancer,90,1152165.586856577,-1558-06-03T02:05:04.408Z,1152955.558473304,-1556-08-01T01:24:12.093Z,"[{""jd_ut"":1152165.586856577,""utc"":""-1558-06-03T02:05:04.408Z"",""motion"":""direct""}]",1
F66.05,F66,66,5,Leo,120,1152955.558473304,-1556-08-01T01:24:12.093Z,1153764.003349083,-1554-10-18T12:04:49.361Z,"[{""jd_ut"":1152955.558473304,""utc"":""-1556-08-01T01:24:12.093Z"",""motion"":""direct""}]",1
F66.06,F66,66,6,Virgo,150,1153764.003349083,-1554-10-18T12:04:49.361Z,1154850.658708653,-1551-10-09T03:48:32.428Z,"[{""jd_ut"":1153764.003349083,""utc"":""-1554-10-18T12:04:49.361Z"",""motion"":""direct""},{""jd_ut"":1153873.4450842761,""utc"":""-1553-02-04T22:40:55.281Z"",""motion"":""retrograde""},{""jd_ut"":1154034.1290528937,""utc"":""-1553-07-15T15:05:50.170Z"",""motion"":""direct""}]",3
F66.07,F66,66,7,Libra,180,1154850.658708653,-1551-10-09T03:48:32.428Z,1155950.6369887725,-1548-10-13T03:17:15.830Z,"[{""jd_ut"":1154850.658708653,""utc"":""-1551-10-09T03:48:32.428Z"",""motion"":""direct""},{""jd_ut"":1155086.0507200523,""utc"":""-1550-06-01T13:13:02.213Z"",""motion"":""retrograde""},{""jd_ut"":1155091.4921712507,""utc"":""-1550-06-06T23:48:43.596Z"",""motion"":""direct""}]",3
F66.08,F66,66,8,Scorpio,210,1155950.6369887725,-1548-10-13T03:17:15.830Z,1156774.6409315509,-1545-01-15T03:22:56.486Z,"[{""jd_ut"":1155950.6369887725,""utc"":""-1548-10-13T03:17:15.830Z"",""motion"":""direct""}]",1
F66.09,F66,66,9,Sagittarius,240,1156774.6409315509,-1545-01-15T03:22:56.486Z,1157857.169482925,-1542-01-01T16:04:03.325Z,"[{""jd_ut"":1156774.6409315509,""utc"":""-1545-01-15T03:22:56.486Z"",""motion"":""direct""},{""jd_ut"":1156889.886379099,""utc"":""-1545-05-10T09:16:23.154Z"",""motion"":""retrograde""},{""jd_ut"":1157046.7080028774,""utc"":""-1545-10-14T04:59:31.449Z"",""motion"":""direct""}]",3
F66.10,F66,66,10,Capricorn,270,1157857.169482925,-1542-01-01T16:04:03.325Z,1158659.4466471127,-1540-03-13T22:43:10.311Z,"[{""jd_ut"":1157857.169482925,""utc"":""-1542-01-01T16:04:03.325Z"",""motion"":""direct""}]",1
F66.11,F66,66,11,Aquarius,300,1158659.4466471127,-1540-03-13T22:43:10.311Z,1159710.0144950543,-1537-01-28T12:20:52.373Z,"[{""jd_ut"":1158659.4466471127,""utc"":""-1540-03-13T22:43:10.311Z"",""motion"":""direct""},{""jd_ut"":1158785.2271594321,""utc"":""-1540-07-17T17:27:06.575Z"",""motion"":""retrograde""},{""jd_ut"":1158925.9546044795,""utc"":""-1540-12-05T10:54:37.827Z"",""motion"":""direct""}]",3
F66.12,F66,66,12,Pisces,330,1159710.0144950543,-1537-01-28T12:20:52.373Z,1160482.0568063352,-1535-03-10T13:21:48.067Z,"[{""jd_ut"":1159710.0144950543,""utc"":""-1537-01-28T12:20:52.373Z"",""motion"":""direct""}]",1
F67.01,F67,67,1,Aries,0,1160482.0568063352,-1535-03-10T13:21:48.067Z,1161249.5154862395,-1533-04-17T00:22:18.011Z,"[{""jd_ut"":1160482.0568063352,""utc"":""-1535-03-10T13:21:48.067Z"",""motion"":""direct""}]",1
F67.02,F67,67,2,Taurus,30,1161249.5154862395,-1533-04-17T00:22:18.011Z,1162018.654348339,-1531-05-25T03:42:15.696Z,"[{""jd_ut"":1161249.5154862395,""utc"":""-1533-04-17T00:22:18.011Z"",""motion"":""direct""}]",1
F67.03,F67,67,3,Gemini,60,1162018.654348339,-1531-05-25T03:42:15.696Z,1162795.5914322818,-1529-07-11T02:11:39.749Z,"[{""jd_ut"":1162018.654348339,""utc"":""-1531-05-25T03:42:15.696Z"",""motion"":""direct""}]",1
F67.04,F67,67,4,Cancer,90,1162795.5914322818,-1529-07-11T02:11:39.749Z,1163587.7296893718,-1527-09-10T05:30:45.162Z,"[{""jd_ut"":1162795.5914322818,""utc"":""-1529-07-11T02:11:39.749Z"",""motion"":""direct""}]",1
F67.05,F67,67,5,Leo,120,1163587.7296893718,-1527-09-10T05:30:45.162Z,1164663.4153031004,-1524-08-20T21:58:02.188Z,"[{""jd_ut"":1163587.7296893718,""utc"":""-1527-09-10T05:30:45.162Z"",""motion"":""direct""},{""jd_ut"":1163717.073943005,""utc"":""-1526-01-17T13:46:28.676Z"",""motion"":""retrograde""},{""jd_ut"":1163855.5864151237,""utc"":""-1526-06-05T02:04:26.267Z"",""motion"":""direct""}]",3
F67.06,F67,67,6,Virgo,150,1164663.4153031004,-1524-08-20T21:58:02.188Z,1165484.6154824244,-1522-11-20T02:46:17.681Z,"[{""jd_ut"":1164663.4153031004,""utc"":""-1524-08-20T21:58:02.188Z"",""motion"":""direct""}]",1
F67.07,F67,67,7,Libra,180,1165484.6154824244,-1522-11-20T02:46:17.681Z,1166578.4014589703,-1519-11-17T21:38:06.055Z,"[{""jd_ut"":1165484.6154824244,""utc"":""-1522-11-20T02:46:17.681Z"",""motion"":""direct""},{""jd_ut"":1165587.0144211454,""utc"":""-1521-03-02T12:20:45.987Z"",""motion"":""retrograde""},{""jd_ut"":1165756.222589837,""utc"":""-1521-08-18T17:20:31.762Z"",""motion"":""direct""}]",3
F67.08,F67,67,8,Scorpio,210,1166578.4014589703,-1519-11-17T21:38:06.055Z,1167676.6634345711,-1516-11-20T03:55:20.747Z,"[{""jd_ut"":1166578.4014589703,""utc"":""-1519-11-17T21:38:06.055Z"",""motion"":""direct""},{""jd_ut"":1166764.8739707647,""utc"":""-1518-05-23T08:58:31.074Z"",""motion"":""retrograde""},{""jd_ut"":1166846.5891891932,""utc"":""-1518-08-13T02:08:25.946Z"",""motion"":""direct""}]",3
F67.09,F67,67,9,Sagittarius,240,1167676.6634345711,-1516-11-20T03:55:20.747Z,1168493.2405071864,-1513-02-14T17:46:19.821Z,"[{""jd_ut"":1167676.6634345711,""utc"":""-1516-11-20T03:55:20.747Z"",""motion"":""direct""}]",1
F67.10,F67,67,10,Capricorn,270,1168493.2405071864,-1513-02-14T17:46:19.821Z,1169560.4693406564,-1510-01-16T23:15:51.033Z,"[{""jd_ut"":1168493.2405071864,""utc"":""-1513-02-14T17:46:19.821Z"",""motion"":""direct""},{""jd_ut"":1168609.8732375884,""utc"":""-1513-06-11T08:57:27.728Z"",""motion"":""retrograde""},{""jd_ut"":1168762.66577086,""utc"":""-1513-11-11T03:58:42.602Z"",""motion"":""direct""}]",3
F67.11,F67,67,11,Aquarius,300,1169560.4693406564,-1510-01-16T23:15:51.033Z,1170343.7299427576,-1508-03-10T05:31:07.054Z,"[{""jd_ut"":1169560.4693406564,""utc"":""-1510-01-16T23:15:51.033Z"",""motion"":""direct""}]",1
F67.12,F67,67,12,Pisces,330,1170343.7299427576,-1508-03-10T05:31:07.054Z,1171117.4086261461,-1506-04-22T21:48:25.299Z,"[{""jd_ut"":1170343.7299427576,""utc"":""-1508-03-10T05:31:07.054Z"",""motion"":""direct""}]",1
F68.01,F68,68,1,Aries,0,1171117.4086261461,-1506-04-22T21:48:25.299Z,1171885.822508451,-1504-05-30T07:44:24.730Z,"[{""jd_ut"":1171117.4086261461,""utc"":""-1506-04-22T21:48:25.299Z"",""motion"":""direct""},{""jd_ut"":1171305.6979868026,""utc"":""-1506-10-28T04:45:06.060Z"",""motion"":""retrograde""},{""jd_ut"":1171370.6244428344,""utc"":""-1505-01-01T02:59:11.861Z"",""motion"":""direct""}]",3
F68.02,F68,68,2,Taurus,30,1171885.822508451,-1504-05-30T07:44:24.730Z,1172656.036464957,-1502-07-09T12:52:30.572Z,"[{""jd_ut"":1171885.822508451,""utc"":""-1504-05-30T07:44:24.730Z"",""motion"":""direct""},{""jd_ut"":1172051.1336136358,""utc"":""-1504-11-11T15:12:24.218Z"",""motion"":""retrograde""},{""jd_ut"":1172143.5163202481,""utc"":""-1503-02-12T00:23:30.069Z"",""motion"":""direct""}]",3
F68.03,F68,68,3,Gemini,60,1172656.036464957,-1502-07-09T12:52:30.572Z,1173439.040544311,-1500-08-31T12:58:23.028Z,"[{""jd_ut"":1172656.036464957,""utc"":""-1502-07-09T12:52:30.572Z"",""motion"":""direct""},{""jd_ut"":1172795.1913214503,""utc"":""-1502-11-25T16:35:30.173Z"",""motion"":""retrograde""},{""jd_ut"":1172917.4704175629,""utc"":""-1501-03-27T23:17:24.077Z"",""motion"":""direct""}]",3
F68.04,F68,68,4,Cancer,90,1173439.040544311,-1500-08-31T12:58:23.028Z,1174490.4376799194,-1497-07-18T22:30:15.545Z,"[{""jd_ut"":1173439.040544311,""utc"":""-1500-08-31T12:58:23.028Z"",""motion"":""direct""},{""jd_ut"":1173524.2196848993,""utc"":""-1500-11-24T17:16:20.775Z"",""motion"":""retrograde""},{""jd_ut"":1173699.3819332412,""utc"":""-1499-05-18T21:09:59.032Z"",""motion"":""direct""}]",3
F68.05,F68,68,5,Leo,120,1174490.4376799194,-1497-07-18T22:30:15.545Z,1175294.2872796827,-1495-09-29T18:53:40.965Z,"[{""jd_ut"":1174490.4376799194,""utc"":""-1497-07-18T22:30:15.545Z"",""motion"":""direct""}]",1
F68.06,F68,68,6,Virgo,150,1175294.2872796827,-1495-09-29T18:53:40.965Z,1176385.4028948708,-1492-09-24T21:40:10.117Z,"[{""jd_ut"":1175294.2872796827,""utc"":""-1495-09-29T18:53:40.965Z"",""motion"":""direct""},{""jd_ut"":1175451.2267609262,""utc"":""-1494-03-05T17:26:32.144Z"",""motion"":""retrograde""},{""jd_ut"":1175563.8470110325,""utc"":""-1494-06-26T08:19:41.753Z"",""motion"":""direct""}]",3
F68.07,F68,68,7,Libra,180,1176385.4028948708,-1492-09-24T21:40:10.117Z,1177222.177483161,-1489-01-09T16:15:34.545Z,"[{""jd_ut"":1176385.4028948708,""utc"":""-1492-09-24T21:40:10.117Z"",""motion"":""direct""}]",1
F68.08,F68,68,8,Scorpio,210,1177222.177483161,-1489-01-09T16:15:34.545Z,1178305.8334118305,-1487-12-28T08:00:06.782Z,"[{""jd_ut"":1177222.177483161,""utc"":""-1489-01-09T16:15:34.545Z"",""motion"":""direct""},{""jd_ut"":1177281.6045087436,""utc"":""-1489-03-10T02:30:29.555Z"",""motion"":""retrograde""},{""jd_ut"":1177485.4125104975,""utc"":""-1489-09-29T21:54:00.907Z"",""motion"":""direct""}]",3
F68.09,F68,68,9,Sagittarius,240,1178305.8334118305,-1487-12-28T08:00:06.782Z,1179393.106343375,-1484-12-19T14:33:08.068Z,"[{""jd_ut"":1178305.8334118305,""utc"":""-1487-12-28T08:00:06.782Z"",""motion"":""direct""},{""jd_ut"":1178466.3540576794,""utc"":""-1486-06-06T20:29:50.584Z"",""motion"":""retrograde""},{""jd_ut"":1178577.9105192954,""utc"":""-1486-09-26T09:51:08.867Z"",""motion"":""direct""}]",3
F68.10,F68,68,10,Capricorn,270,1179393.106343375,-1484-12-19T14:33:08.068Z,1180191.8901635194,-1481-02-26T09:21:50.128Z,"[{""jd_ut"":1179393.106343375,""utc"":""-1484-12-19T14:33:08.068Z"",""motion"":""direct""}]",1
F68.11,F68,68,11,Aquarius,300,1180191.8901635194,-1481-02-26T09:21:50.128Z,1180985.6373404944,-1479-04-30T03:17:46.219Z,"[{""jd_ut"":1180191.8901635194,""utc"":""-1481-02-26T09:21:50.128Z"",""motion"":""direct""},{""jd_ut"":1180361.138058931,""utc"":""-1481-08-14T15:18:48.292Z"",""motion"":""retrograde""},{""jd_ut"":1180456.5087576266,""utc"":""-1481-11-18T00:12:36.659Z"",""motion"":""direct""}]",3
F68.12,F68,68,12,Pisces,330,1180985.6373404944,-1479-04-30T03:17:46.219Z,1182017.7646276676,-1476-02-26T06:21:03.830Z,"[{""jd_ut"":1180985.6373404944,""utc"":""-1479-04-30T03:17:46.219Z"",""motion"":""direct""},{""jd_ut"":1181076.9496343988,""utc"":""-1479-07-30T10:47:28.412Z"",""motion"":""retrograde""},{""jd_ut"":1181245.1325956131,""utc"":""-1478-01-14T15:10:56.261Z"",""motion"":""direct""}]",3
F69.01,F69,69,1,Aries,0,1182017.7646276676,-1476-02-26T06:21:03.830Z,1182785.2596552973,-1474-04-03T18:13:54.218Z,"[{""jd_ut"":1182017.7646276676,""utc"":""-1476-02-26T06:21:03.830Z"",""motion"":""direct""}]",1
F69.02,F69,69,2,Taurus,30,1182785.2596552973,-1474-04-03T18:13:54.218Z,1183554.3950693565,-1472-05-11T21:28:53.992Z,"[{""jd_ut"":1182785.2596552973,""utc"":""-1474-04-03T18:13:54.218Z"",""motion"":""direct""}]",1
F69.03,F69,69,3,Gemini,60,1183554.3950693565,-1472-05-11T21:28:53.992Z,1184330.9741852917,-1470-06-27T11:22:49.609Z,"[{""jd_ut"":1183554.3950693565,""utc"":""-1472-05-11T21:28:53.992Z"",""motion"":""direct""}]",1
F69.04,F69,69,4,Cancer,90,1184330.9741852917,-1470-06-27T11:22:49.609Z,1185120.172137586,-1468-08-24T16:07:52.687Z,"[{""jd_ut"":1184330.9741852917,""utc"":""-1470-06-27T11:22:49.609Z"",""motion"":""direct""}]",1
F69.05,F69,69,5,Leo,120,1185120.172137586,-1468-08-24T16:07:52.687Z,1186198.382341445,-1465-08-07T21:10:34.301Z,"[{""jd_ut"":1185120.172137586,""utc"":""-1468-08-24T16:07:52.687Z"",""motion"":""direct""},{""jd_ut"":1185294.9959929269,""utc"":""-1467-02-15T11:54:13.789Z"",""motion"":""retrograde""},{""jd_ut"":1185383.022705908,""utc"":""-1467-05-14T12:32:41.790Z"",""motion"":""direct""}]",3
F69.06,F69,69,6,Virgo,150,1186198.382341445,-1465-08-07T21:10:34.301Z,1187014.5541096097,-1463-11-01T01:17:55.070Z,"[{""jd_ut"":1186198.382341445,""utc"":""-1465-08-07T21:10:34.301Z"",""motion"":""direct""}]",1
F69.07,F69,69,7,Libra,180,1187014.5541096097,-1463-11-01T01:17:55.070Z,1188113.0450277193,-1460-11-03T13:04:50.395Z,"[{""jd_ut"":1187014.5541096097,""utc"":""-1463-11-01T01:17:55.070Z"",""motion"":""direct""},{""jd_ut"":1187164.160611474,""utc"":""-1462-03-30T15:51:16.831Z"",""motion"":""retrograde""},{""jd_ut"":1187287.5080477498,""utc"":""-1462-08-01T00:11:35.326Z"",""motion"":""direct""}]",3
F69.08,F69,69,8,Scorpio,210,1188113.0450277193,-1460-11-03T13:04:50.395Z,1189212.2497266852,-1457-11-07T17:59:36.386Z,"[{""jd_ut"":1188113.0450277193,""utc"":""-1460-11-03T13:04:50.395Z"",""motion"":""direct""}]",1
F69.09,F69,69,9,Sagittarius,240,1189212.2497266852,-1457-11-07T17:59:36.386Z,1190024.901485911,-1454-01-28T09:38:08.383Z,"[{""jd_ut"":1189212.2497266852,""utc"":""-1457-11-07T17:59:36.386Z"",""motion"":""direct""}]",1
F69.10,F69,69,10,Capricorn,270,1190024.901485911,-1454-01-28T09:38:08.383Z,1191096.944714922,-1451-01-04T10:40:23.369Z,"[{""jd_ut"":1190024.901485911,""utc"":""-1454-01-28T09:38:08.383Z"",""motion"":""direct""},{""jd_ut"":1190185.5762613914,""utc"":""-1454-07-08T01:49:48.984Z"",""motion"":""retrograde""},{""jd_ut"":1190294.3465061085,""utc"":""-1454-10-24T20:18:58.128Z"",""motion"":""direct""}]",3
F69.11,F69,69,11,Aquarius,300,1191096.944714922,-1451-01-04T10:40:23.369Z,1191880.2855215715,-1449-02-26T18:51:09.064Z,"[{""jd_ut"":1191096.944714922,""utc"":""-1451-01-04T10:40:23.369Z"",""motion"":""direct""}]",1
F69.12,F69,69,12,Pisces,330,1191880.2855215715,-1449-02-26T18:51:09.064Z,1192653.4395826343,-1447-04-09T22:32:59.940Z,"[{""jd_ut"":1191880.2855215715,""utc"":""-1449-02-26T18:51:09.064Z"",""motion"":""direct""}]",1
F70.01,F70,70,1,Aries,0,1192653.4395826343,-1447-04-09T22:32:59.940Z,1193421.3027198655,-1445-05-17T19:15:54.996Z,"[{""jd_ut"":1192653.4395826343,""utc"":""-1447-04-09T22:32:59.940Z"",""motion"":""direct""}]",1
F70.02,F70,70,2,Taurus,30,1193421.3027198655,-1445-05-17T19:15:54.996Z,1194190.3990265764,-1443-06-24T21:34:35.896Z,"[{""jd_ut"":1193421.3027198655,""utc"":""-1445-05-17T19:15:54.996Z"",""motion"":""direct""},{""jd_ut"":1193644.7313889912,""utc"":""-1445-12-27T05:33:12.009Z"",""motion"":""retrograde""},{""jd_ut"":1193653.0121462778,""utc"":""-1444-01-04T12:17:29.438Z"",""motion"":""direct""}]",3
F70.03,F70,70,3,Gemini,60,1194190.3990265764,-1443-06-24T21:34:35.896Z,1194968.6721325712,-1441-08-12T04:07:52.254Z,"[{""jd_ut"":1194190.3990265764,""utc"":""-1443-06-24T21:34:35.896Z"",""motion"":""direct""},{""jd_ut"":1194371.7662530974,""utc"":""-1443-12-23T06:23:24.268Z"",""motion"":""retrograde""},{""jd_ut"":1194445.0398938227,""utc"":""-1442-03-06T12:57:26.826Z"",""motion"":""direct""}]",3
F70.04,F70,70,4,Cancer,90,1194968.6721325712,-1441-08-12T04:07:52.254Z,1196026.3056375198,-1438-07-04T19:20:07.082Z,"[{""jd_ut"":1194968.6721325712,""utc"":""-1441-08-12T04:07:52.254Z"",""motion"":""direct""},{""jd_ut"":1195099.7008233978,""utc"":""-1441-12-21T04:49:11.142Z"",""motion"":""retrograde""},{""jd_ut"":1195232.7431175117,""utc"":""-1440-05-02T05:50:05.353Z"",""motion"":""direct""}]",3
F70.05,F70,70,5,Leo,120,1196026.3056375198,-1438-07-04T19:20:07.082Z,1196828.6950209616,-1436-09-14T04:40:49.811Z,"[{""jd_ut"":1196026.3056375198,""utc"":""-1438-07-04T19:20:07.082Z"",""motion"":""direct""}]",1
F70.06,F70,70,6,Virgo,150,1196828.6950209616,-1436-09-14T04:40:49.811Z,1197921.1348700188,-1433-09-11T15:14:12.770Z,"[{""jd_ut"":1196828.6950209616,""utc"":""-1436-09-14T04:40:49.811Z"",""motion"":""direct""},{""jd_ut"":1197033.8792139739,""utc"":""-1435-04-07T09:06:04.087Z"",""motion"":""retrograde""},{""jd_ut"":1197085.159120188,""utc"":""-1435-05-28T15:49:07.984Z"",""motion"":""direct""}]",3
F70.07,F70,70,7,Libra,180,1197921.1348700188,-1433-09-11T15:14:12.770Z,1198746.3948347773,-1431-12-14T21:28:33.725Z,"[{""jd_ut"":1197921.1348700188,""utc"":""-1433-09-11T15:14:12.770Z"",""motion"":""direct""}]",1
F70.08,F70,70,8,Scorpio,210,1198746.3948347773,-1431-12-14T21:28:33.725Z,1199840.6432998343,-1428-12-13T03:26:21.106Z,"[{""jd_ut"":1198746.3948347773,""utc"":""-1431-12-14T21:28:33.725Z"",""motion"":""direct""},{""jd_ut"":1198862.0479290113,""utc"":""-1430-04-09T13:09:01.067Z"",""motion"":""retrograde""},{""jd_ut"":1199019.7767802523,""utc"":""-1430-09-14T06:38:33.814Z"",""motion"":""direct""}]",3
F70.09,F70,70,9,Sagittarius,240,1199840.6432998343,-1428-12-13T03:26:21.106Z,1200929.907231775,-1425-12-07T09:46:24.825Z,"[{""jd_ut"":1199840.6432998343,""utc"":""-1428-12-13T03:26:21.106Z"",""motion"":""direct""},{""jd_ut"":1200046.9899799977,""utc"":""-1427-07-07T11:45:34.272Z"",""motion"":""retrograde""},{""jd_ut"":1200101.7764930702,""utc"":""-1427-08-31T06:38:09.001Z"",""motion"":""direct""}]",3
F70.10,F70,70,10,Capricorn,270,1200929.907231775,-1425-12-07T09:46:24.825Z,1201727.7283523441,-1422-02-12T05:28:49.643Z,"[{""jd_ut"":1200929.907231775,""utc"":""-1425-12-07T09:46:24.825Z"",""motion"":""direct""}]",1
F70.11,F70,70,11,Aquarius,300,1201727.7283523441,-1422-02-12T05:28:49.643Z,1202516.3995461338,-1420-04-10T21:35:20.786Z,"[{""jd_ut"":1201727.7283523441,""utc"":""-1422-02-12T05:28:49.643Z"",""motion"":""direct""},{""jd_ut"":1201946.0486297621,""utc"":""-1422-09-18T13:10:01.611Z"",""motion"":""retrograde""},{""jd_ut"":1201975.334505761,""utc"":""-1422-10-17T20:01:41.298Z"",""motion"":""direct""}]",3
F70.12,F70,70,12,Pisces,330,1202516.3995461338,-1420-04-10T21:35:20.786Z,1203296.7393184425,-1418-05-31T05:44:37.113Z,"[{""jd_ut"":1202516.3995461338,""utc"":""-1420-04-10T21:35:20.786Z"",""motion"":""direct""},{""jd_ut"":1202650.8127051103,""utc"":""-1420-08-23T07:30:17.722Z"",""motion"":""retrograde""},{""jd_ut"":1202779.9923163392,""utc"":""-1420-12-30T11:48:56.132Z"",""motion"":""direct""}]",3
F71.01,F71,71,1,Aries,0,1203296.7393184425,-1418-05-31T05:44:37.113Z,1204071.5724387178,-1416-07-14T01:44:18.705Z,"[{""jd_ut"":1203296.7393184425,""utc"":""-1418-05-31T05:44:37.113Z"",""motion"":""direct""},{""jd_ut"":1203387.4202210843,""utc"":""-1418-08-29T22:05:07.102Z"",""motion"":""retrograde""},{""jd_ut"":1203554.123021402,""utc"":""-1417-02-12T14:57:09.049Z"",""motion"":""direct""}]",3
F71.02,F71,71,2,Taurus,30,1204071.5724387178,-1416-07-14T01:44:18.705Z,1205091.3118122905,-1413-04-29T19:29:00.582Z,"[{""jd_ut"":1204071.5724387178,""utc"":""-1416-07-14T01:44:18.705Z"",""motion"":""direct""},{""jd_ut"":1204132.0258054761,""utc"":""-1416-09-12T12:37:09.593Z"",""motion"":""retrograde""},{""jd_ut"":1204321.9328120481,""utc"":""-1415-03-21T10:23:14.961Z"",""motion"":""direct""}]",3
F71.03,F71,71,3,Gemini,60,1205091.3118122905,-1413-04-29T19:29:00.582Z,1205867.979476931,-1411-06-14T11:30:26.807Z,"[{""jd_ut"":1205091.3118122905,""utc"":""-1413-04-29T19:29:00.582Z"",""motion"":""direct""}]",1
F71.04,F71,71,4,Cancer,90,1205867.979476931,-1411-06-14T11:30:26.807Z,1206655.9380810843,-1409-08-11T10:30:50.206Z,"[{""jd_ut"":1205867.979476931,""utc"":""-1411-06-14T11:30:26.807Z"",""motion"":""direct""}]",1
F71.05,F71,71,5,Leo,120,1206655.9380810843,-1409-08-11T10:30:50.206Z,1207468.0102282963,-1407-10-31T12:14:43.725Z,"[{""jd_ut"":1206655.9380810843,""utc"":""-1409-08-11T10:30:50.206Z"",""motion"":""direct""}]",1
F71.06,F71,71,6,Virgo,150,1207468.0102282963,-1407-10-31T12:14:43.725Z,1208548.868486205,-1404-10-16T08:50:37.208Z,"[{""jd_ut"":1207468.0102282963,""utc"":""-1407-10-31T12:14:43.725Z"",""motion"":""direct""},{""jd_ut"":1207547.316616722,""utc"":""-1406-01-18T19:35:55.685Z"",""motion"":""retrograde""},{""jd_ut"":1207733.723868281,""utc"":""-1406-07-24T05:22:22.219Z"",""motion"":""direct""}]",3
F71.07,F71,71,7,Libra,180,1208548.868486205,-1404-10-16T08:50:37.208Z,1209649.1171652875,-1401-10-21T14:48:43.081Z,"[{""jd_ut"":1208548.868486205,""utc"":""-1404-10-16T08:50:37.208Z"",""motion"":""direct""},{""jd_ut"":1208742.7526503499,""utc"":""-1403-04-28T06:03:48.990Z"",""motion"":""retrograde""},{""jd_ut"":1208813.4719585157,""utc"":""-1403-07-07T23:19:37.216Z"",""motion"":""direct""}]",3
F71.08,F71,71,8,Scorpio,210,1209649.1171652875,-1401-10-21T14:48:43.081Z,1210481.3737101154,-1398-01-31T20:58:08.554Z,"[{""jd_ut"":1209649.1171652875,""utc"":""-1401-10-21T14:48:43.081Z"",""motion"":""direct""}]",1
F71.09,F71,71,9,Sagittarius,240,1210481.3737101154,-1398-01-31T20:58:08.554Z,1211560.1363612008,-1395-01-14T15:16:21.608Z,"[{""jd_ut"":1210481.3737101154,""utc"":""-1398-01-31T20:58:08.554Z"",""motion"":""direct""},{""jd_ut"":1210559.9505727985,""utc"":""-1398-04-20T10:48:49.490Z"",""motion"":""retrograde""},{""jd_ut"":1210748.069481161,""utc"":""-1398-10-25T13:40:03.172Z"",""motion"":""direct""}]",3
F71.10,F71,71,10,Capricorn,270,1211560.1363612008,-1395-01-14T15:16:21.608Z,1212376.3171378798,-1393-04-10T19:36:40.713Z,"[{""jd_ut"":1211560.1363612008,""utc"":""-1395-01-14T15:16:21.608Z"",""motion"":""direct""},{""jd_ut"":1211765.112600213,""utc"":""-1395-08-07T14:42:08.658Z"",""motion"":""retrograde""},{""jd_ut"":1211819.1367575629,""utc"":""-1395-09-30T15:16:55.853Z"",""motion"":""direct""}]",3
F71.11,F71,71,11,Aquarius,300,1212376.3171378798,-1393-04-10T19:36:40.713Z,1213418.066163933,-1390-02-15T13:35:16.564Z,"[{""jd_ut"":1212376.3171378798,""utc"":""-1393-04-10T19:36:40.713Z"",""motion"":""direct""},{""jd_ut"":1212442.6606679154,""utc"":""-1393-06-16T03:51:21.708Z"",""motion"":""retrograde""},{""jd_ut"":1212633.8170957793,""utc"":""-1393-12-24T07:36:37.075Z"",""motion"":""direct""}]",3
F71.12,F71,71,12,Pisces,330,1213418.066163933,-1390-02-15T13:35:16.564Z,1214191.1524418062,-1388-03-29T15:39:30.972Z,"[{""jd_ut"":1213418.066163933,""utc"":""-1390-02-15T13:35:16.564Z"",""motion"":""direct""}]",1
F72.01,F72,72,1,Aries,0,1214191.1524418062,-1388-03-29T15:39:30.972Z,1214958.765036508,-1386-05-06T06:21:39.154Z,"[{""jd_ut"":1214191.1524418062,""utc"":""-1388-03-29T15:39:30.972Z"",""motion"":""direct""}]",1
F72.02,F72,72,2,Taurus,30,1214958.765036508,-1386-05-06T06:21:39.154Z,1215727.2955887215,-1384-06-12T19:05:38.866Z,"[{""jd_ut"":1214958.765036508,""utc"":""-1386-05-06T06:21:39.154Z"",""motion"":""direct""}]",1
F72.03,F72,72,3,Gemini,60,1215727.2955887215,-1384-06-12T19:05:38.866Z,1216503.6019857172,-1382-07-29T02:26:51.566Z,"[{""jd_ut"":1215727.2955887215,""utc"":""-1384-06-12T19:05:38.866Z"",""motion"":""direct""}]",1
F72.04,F72,72,4,Cancer,90,1216503.6019857172,-1382-07-29T02:26:51.566Z,1217300.1946031111,-1380-10-02T16:40:13.709Z,"[{""jd_ut"":1216503.6019857172,""utc"":""-1382-07-29T02:26:51.566Z"",""motion"":""direct""},{""jd_ut"":1216673.105628278,""utc"":""-1381-01-14T14:32:06.283Z"",""motion"":""retrograde""},{""jd_ut"":1216763.5877684886,""utc"":""-1381-04-15T02:06:23.197Z"",""motion"":""direct""}]",3
F72.05,F72,72,5,Leo,120,1217300.1946031111,-1380-10-02T16:40:13.709Z,1218365.2384943878,-1377-09-02T17:43:25.915Z,"[{""jd_ut"":1217300.1946031111,""utc"":""-1380-10-02T16:40:13.709Z"",""motion"":""direct""},{""jd_ut"":1217379.5408294317,""utc"":""-1380-12-21T00:58:47.663Z"",""motion"":""retrograde""},{""jd_ut"":1217562.4968054434,""utc"":""-1379-06-21T23:55:23.990Z"",""motion"":""direct""}]",3
F72.06,F72,72,6,Virgo,150,1218365.2384943878,-1377-09-02T17:43:25.915Z,1219194.1457185885,-1375-12-09T15:29:50.086Z,"[{""jd_ut"":1218365.2384943878,""utc"":""-1377-09-02T17:43:25.915Z"",""motion"":""direct""}]",1
F72.07,F72,72,7,Libra,180,1219194.1457185885,-1375-12-09T15:29:50.086Z,1220279.3492634166,-1372-11-28T20:22:56.359Z,"[{""jd_ut"":1219194.1457185885,""utc"":""-1375-12-09T15:29:50.086Z"",""motion"":""direct""},{""jd_ut"":1219254.8357487102,""utc"":""-1374-02-08T08:03:28.689Z"",""motion"":""retrograde""},{""jd_ut"":1219457.357027825,""utc"":""-1374-08-29T20:34:07.204Z"",""motion"":""direct""}]",3
F72.08,F72,72,8,Scorpio,210,1220279.3492634166,-1372-11-28T20:22:56.359Z,1221377.2707033572,-1369-12-01T18:29:48.770Z,"[{""jd_ut"":1220279.3492634166,""utc"":""-1372-11-28T20:22:56.359Z"",""motion"":""direct""},{""jd_ut"":1220435.8812560756,""utc"":""-1371-05-04T09:09:00.525Z"",""motion"":""retrograde""},{""jd_ut"":1220552.6364692869,""utc"":""-1371-08-29T03:16:30.946Z"",""motion"":""direct""}]",3
F72.09,F72,72,9,Sagittarius,240,1221377.2707033572,-1369-12-01T18:29:48.770Z,1222205.1339035528,-1366-03-08T15:12:49.267Z,"[{""jd_ut"":1221377.2707033572,""utc"":""-1369-12-01T18:29:48.770Z"",""motion"":""direct""}]",1
F72.10,F72,72,10,Capricorn,270,1222205.1339035528,-1366-03-08T15:12:49.267Z,1223265.1748495386,-1363-01-31T16:11:47.000Z,"[{""jd_ut"":1222205.1339035528,""utc"":""-1366-03-08T15:12:49.267Z"",""motion"":""direct""},{""jd_ut"":1222273.6882759063,""utc"":""-1366-05-16T04:31:07.038Z"",""motion"":""retrograde""},{""jd_ut"":1222466.8457253715,""utc"":""-1366-11-25T08:17:50.672Z"",""motion"":""direct""}]",3
F72.11,F72,72,11,Aquarius,300,1223265.1748495386,-1363-01-31T16:11:47.000Z,1224051.8022859883,-1361-03-29T07:15:17.509Z,"[{""jd_ut"":1223265.1748495386,""utc"":""-1363-01-31T16:11:47.000Z"",""motion"":""direct""}]",1
F72.12,F72,72,12,Pisces,330,1224051.8022859883,-1361-03-29T07:15:17.509Z,1224828.9391650348,-1359-05-14T10:32:23.859Z,"[{""jd_ut"":1224051.8022859883,""utc"":""-1361-03-29T07:15:17.509Z"",""motion"":""direct""},{""jd_ut"":1224222.8903987724,""utc"":""-1361-09-16T09:22:10.454Z"",""motion"":""retrograde""},{""jd_ut"":1224312.6016405001,""utc"":""-1361-12-15T02:26:21.739Z"",""motion"":""direct""}]",3
F73.01,F73,73,1,Aries,0,1224828.9391650348,-1359-05-14T10:32:23.859Z,1225599.6100504803,-1357-06-24T02:38:28.362Z,"[{""jd_ut"":1224828.9391650348,""utc"":""-1359-05-14T10:32:23.859Z"",""motion"":""direct""},{""jd_ut"":1224959.2210500026,""utc"":""-1359-09-21T17:18:18.720Z"",""motion"":""retrograde""},{""jd_ut"":1225090.1178585468,""utc"":""-1358-01-30T14:49:42.978Z"",""motion"":""direct""}]",3
F73.02,F73,73,2,Taurus,30,1225599.6100504803,-1357-06-24T02:38:28.362Z,1226372.6627553478,-1355-08-05T03:54:22.062Z,"[{""jd_ut"":1225599.6100504803,""utc"":""-1357-06-24T02:38:28.362Z"",""motion"":""direct""},{""jd_ut"":1225707.0094323019,""utc"":""-1357-10-09T12:13:34.951Z"",""motion"":""retrograde""},{""jd_ut"":1225858.7630994953,""utc"":""-1356-03-09T06:18:51.796Z"",""motion"":""direct""}]",3
F73.03,F73,73,3,Gemini,60,1226372.6627553478,-1355-08-05T03:54:22.062Z,1227405.9914379744,-1352-06-03T11:47:40.241Z,"[{""jd_ut"":1226372.6627553478,""utc"":""-1355-08-05T03:54:22.062Z"",""motion"":""direct""},{""jd_ut"":1226451.7010287503,""utc"":""-1355-10-23T04:49:28.884Z"",""motion"":""retrograde""},{""jd_ut"":1226628.7632084554,""utc"":""-1354-04-18T06:19:01.211Z"",""motion"":""direct""}]",3
F73.04,F73,73,4,Cancer,90,1227405.9914379744,-1352-06-03T11:47:40.241Z,1228193.5907344604,-1350-07-31T02:10:39.457Z,"[{""jd_ut"":1227405.9914379744,""utc"":""-1352-06-03T11:47:40.241Z"",""motion"":""direct""}]",1
F73.05,F73,73,5,Leo,120,1228193.5907344604,-1350-07-31T02:10:39.457Z,1228998.0857035392,-1348-10-12T14:03:24.786Z,"[{""jd_ut"":1228193.5907344604,""utc"":""-1350-07-31T02:10:39.457Z"",""motion"":""direct""}]",1
F73.06,F73,73,6,Virgo,150,1228998.0857035392,-1348-10-12T14:03:24.786Z,1230085.2779560923,-1345-10-04T18:40:15.406Z,"[{""jd_ut"":1228998.0857035392,""utc"":""-1348-10-12T14:03:24.786Z"",""motion"":""direct""},{""jd_ut"":1229121.7540140864,""utc"":""-1347-02-13T06:05:46.817Z"",""motion"":""retrograde""},{""jd_ut"":1229268.7372649042,""utc"":""-1347-07-10T05:41:39.688Z"",""motion"":""direct""}]",3
F73.07,F73,73,7,Libra,180,1230085.2779560923,-1345-10-04T18:40:15.406Z,1231185.835572177,-1342-10-09T08:03:13.436Z,"[{""jd_ut"":1230085.2779560923,""utc"":""-1345-10-04T18:40:15.406Z"",""motion"":""direct""}]",1
F73.08,F73,73,8,Scorpio,210,1231185.835572177,-1342-10-09T08:03:13.436Z,1232010.1314722584,-1339-01-10T15:09:19.203Z,"[{""jd_ut"":1231185.835572177,""utc"":""-1342-10-09T08:03:13.436Z"",""motion"":""direct""}]",1
F73.09,F73,73,9,Sagittarius,240,1232010.1314722584,-1339-01-10T15:09:19.203Z,1233097.0744208745,-1336-01-02T13:47:09.964Z,"[{""jd_ut"":1232010.1314722584,""utc"":""-1339-01-10T15:09:19.203Z"",""motion"":""direct""},{""jd_ut"":1232135.7935079914,""utc"":""-1339-05-16T07:02:39.090Z"",""motion"":""retrograde""},{""jd_ut"":1232283.2209689552,""utc"":""-1339-10-10T17:18:11.718Z"",""motion"":""direct""}]",3
F73.10,F73,73,10,Capricorn,270,1233097.0744208745,-1336-01-02T13:47:09.964Z,1233904.0538142268,-1334-03-19T13:17:29.549Z,"[{""jd_ut"":1233097.0744208745,""utc"":""-1336-01-02T13:47:09.964Z"",""motion"":""direct""}]",1
F73.11,F73,73,11,Aquarius,300,1233904.0538142268,-1334-03-19T13:17:29.549Z,1234956.548754918,-1331-02-04T01:10:12.425Z,"[{""jd_ut"":1233904.0538142268,""utc"":""-1334-03-19T13:17:29.549Z"",""motion"":""direct""},{""jd_ut"":1234018.446948192,""utc"":""-1334-07-11T22:43:36.324Z"",""motion"":""retrograde""},{""jd_ut"":1234170.3720026282,""utc"":""-1334-12-10T20:55:41.027Z"",""motion"":""direct""}]",3
F73.12,F73,73,12,Pisces,330,1234956.548754918,-1331-02-04T01:10:12.425Z,1235730.0072662337,-1329-03-19T12:10:27.803Z,"[{""jd_ut"":1234956.548754918,""utc"":""-1331-02-04T01:10:12.425Z"",""motion"":""direct""}]",1
F74.01,F74,74,1,Aries,0,1235730.0072662337,-1329-03-19T12:10:27.803Z,1236497.646994582,-1327-04-25T03:31:40.332Z,"[{""jd_ut"":1235730.0072662337,""utc"":""-1329-03-19T12:10:27.803Z"",""motion"":""direct""}]",1
F74.02,F74,74,2,Taurus,30,1236497.646994582,-1327-04-25T03:31:40.332Z,1237265.9289095025,-1325-06-02T10:17:37.781Z,"[{""jd_ut"":1236497.646994582,""utc"":""-1327-04-25T03:31:40.332Z"",""motion"":""direct""}]",1
F74.03,F74,74,3,Gemini,60,1237265.9289095025,-1325-06-02T10:17:37.781Z,1238041.216150302,-1323-07-16T17:11:15.386Z,"[{""jd_ut"":1237265.9289095025,""utc"":""-1325-06-02T10:17:37.781Z"",""motion"":""direct""}]",1
F74.04,F74,74,4,Cancer,90,1238041.216150302,-1323-07-16T17:11:15.386Z,1238831.5716197398,-1321-09-15T01:43:07.946Z,"[{""jd_ut"":1238041.216150302,""utc"":""-1323-07-16T17:11:15.386Z"",""motion"":""direct""},{""jd_ut"":1238256.5182091543,""utc"":""-1322-02-17T00:26:13.271Z"",""motion"":""retrograde""},{""jd_ut"":1238282.4448270965,""utc"":""-1322-03-14T22:40:33.061Z"",""motion"":""direct""}]",3
F74.05,F74,74,5,Leo,120,1238831.5716197398,-1321-09-15T01:43:07.946Z,1239903.0355778504,-1318-08-21T12:51:13.926Z,"[{""jd_ut"":1238831.5716197398,""utc"":""-1321-09-15T01:43:07.946Z"",""motion"":""direct""},{""jd_ut"":1238952.0676240143,""utc"":""-1320-01-13T13:37:22.715Z"",""motion"":""retrograde""},{""jd_ut"":1239098.5470165284,""utc"":""-1320-06-08T01:07:42.228Z"",""motion"":""direct""}]",3
F74.06,F74,74,6,Virgo,150,1239903.0355778504,-1318-08-21T12:51:13.926Z,1240721.219683189,-1316-11-16T17:16:20.628Z,"[{""jd_ut"":1239903.0355778504,""utc"":""-1318-08-21T12:51:13.926Z"",""motion"":""direct""}]",1
F74.07,F74,74,7,Libra,180,1240721.219683189,-1316-11-16T17:16:20.628Z,1241815.2781384122,-1313-11-15T18:40:31.159Z,"[{""jd_ut"":1240721.219683189,""utc"":""-1316-11-16T17:16:20.628Z"",""motion"":""direct""},{""jd_ut"":1240831.6778620947,""utc"":""-1315-03-07T04:16:07.285Z"",""motion"":""retrograde""},{""jd_ut"":1240993.3236083551,""utc"":""-1315-08-15T19:45:59.762Z"",""motion"":""direct""}]",3
F74.08,F74,74,8,Scorpio,210,1241815.2781384122,-1313-11-15T18:40:31.159Z,1242914.7784823398,-1310-11-19T06:41:00.874Z,"[{""jd_ut"":1241815.2781384122,""utc"":""-1313-11-15T18:40:31.159Z"",""motion"":""direct""},{""jd_ut"":1242012.2550543393,""utc"":""-1312-05-30T18:07:16.695Z"",""motion"":""retrograde""},{""jd_ut"":1242080.281861852,""utc"":""-1312-08-06T18:45:52.864Z"",""motion"":""direct""}]",3
F74.09,F74,74,9,Sagittarius,240,1242914.7784823398,-1310-11-19T06:41:00.874Z,1243733.257653853,-1307-02-14T18:11:01.293Z,"[{""jd_ut"":1242914.7784823398,""utc"":""-1310-11-19T06:41:00.874Z"",""motion"":""direct""}]",1
F74.10,F74,74,10,Capricorn,270,1243733.257653853,-1307-02-14T18:11:01.293Z,1244803.5465392405,-1304-01-21T01:07:00.990Z,"[{""jd_ut"":1243733.257653853,""utc"":""-1307-02-14T18:11:01.293Z"",""motion"":""direct""},{""jd_ut"":1243849.2806175766,""utc"":""-1307-06-10T18:44:05.359Z"",""motion"":""retrograde""},{""jd_ut"":1244003.3095780136,""utc"":""-1307-11-11T19:25:47.540Z"",""motion"":""direct""}]",3
F74.11,F74,74,11,Aquarius,300,1244803.5465392405,-1304-01-21T01:07:00.990Z,1245589.3960409635,-1302-03-16T21:30:17.939Z,"[{""jd_ut"":1244803.5465392405,""utc"":""-1304-01-21T01:07:00.990Z"",""motion"":""direct""}]",1
F74.12,F74,74,12,Pisces,330,1245589.3960409635,-1302-03-16T21:30:17.939Z,1246365.2534236582,-1300-05-01T18:04:55.804Z,"[{""jd_ut"":1245589.3960409635,""utc"":""-1302-03-16T21:30:17.939Z"",""motion"":""direct""},{""jd_ut"":1245803.3053850387,""utc"":""-1302-10-16T19:19:45.267Z"",""motion"":""retrograde""},{""jd_ut"":1245835.0659377305,""utc"":""-1302-11-17T13:34:57.020Z"",""motion"":""direct""}]",3
F75.01,F75,75,1,Aries,0,1246365.2534236582,-1300-05-01T18:04:55.804Z,1247134.6194286617,-1298-06-10T02:51:58.636Z,"[{""jd_ut"":1246365.2534236582,""utc"":""-1300-05-01T18:04:55.804Z"",""motion"":""direct""},{""jd_ut"":1246529.190186141,""utc"":""-1300-10-12T16:33:52.083Z"",""motion"":""retrograde""},{""jd_ut"":1246624.359454743,""utc"":""-1299-01-15T20:37:36.890Z"",""motion"":""direct""}]",3
F75.02,F75,75,2,Taurus,30,1247134.6194286617,-1298-06-10T02:51:58.636Z,1247904.8694017618,-1296-07-19T08:51:56.312Z,"[{""jd_ut"":1247134.6194286617,""utc"":""-1298-06-10T02:51:58.636Z"",""motion"":""direct""},{""jd_ut"":1247276.4782064487,""utc"":""-1298-10-29T23:28:37.037Z"",""motion"":""retrograde""},{""jd_ut"":1247394.7141540358,""utc"":""-1297-02-25T05:08:22.909Z"",""motion"":""direct""}]",3
F75.03,F75,75,3,Gemini,60,1247904.8694017618,-1296-07-19T08:51:56.312Z,1248688.960985348,-1294-09-11T11:03:49.134Z,"[{""jd_ut"":1247904.8694017618,""utc"":""-1296-07-19T08:51:56.312Z"",""motion"":""direct""},{""jd_ut"":1248022.7809815481,""utc"":""-1296-11-14T06:44:36.806Z"",""motion"":""retrograde""},{""jd_ut"":1248165.8118311986,""utc"":""-1295-04-06T07:29:02.216Z"",""motion"":""direct""}]",3
F75.04,F75,75,4,Cancer,90,1248688.960985348,-1294-09-11T11:03:49.134Z,1249732.0943327895,-1291-07-20T14:15:50.353Z,"[{""jd_ut"":1248688.960985348,""utc"":""-1294-09-11T11:03:49.134Z"",""motion"":""direct""},{""jd_ut"":1248752.8766834708,""utc"":""-1294-11-14T09:02:25.452Z"",""motion"":""retrograde""},{""jd_ut"":1248944.15432506,""utc"":""-1293-05-24T15:42:13.685Z"",""motion"":""direct""}]",3
F75.05,F75,75,5,Leo,120,1249732.0943327895,-1291-07-20T14:15:50.353Z,1250533.258181145,-1289-09-29T18:11:46.851Z,"[{""jd_ut"":1249732.0943327895,""utc"":""-1291-07-20T14:15:50.353Z"",""motion"":""direct""}]",1
F75.06,F75,75,6,Virgo,150,1250533.258181145,-1289-09-29T18:11:46.851Z,1251622.7722810023,-1286-09-23T06:32:05.079Z,"[{""jd_ut"":1250533.258181145,""utc"":""-1289-09-29T18:11:46.851Z"",""motion"":""direct""},{""jd_ut"":1250693.312984257,""utc"":""-1288-03-07T19:30:41.840Z"",""motion"":""retrograde""},{""jd_ut"":1250801.9761893842,""utc"":""-1288-06-24T11:25:42.763Z"",""motion"":""direct""}]",3
F75.07,F75,75,7,Libra,180,1251622.7722810023,-1286-09-23T06:32:05.079Z,1252455.6424986655,-1283-01-03T03:25:11.885Z,"[{""jd_ut"":1251622.7722810023,""utc"":""-1286-09-23T06:32:05.079Z"",""motion"":""direct""}]",1
F75.08,F75,75,8,Scorpio,210,1252455.6424986655,-1283-01-03T03:25:11.885Z,1253544.3654705388,-1281-12-27T20:46:16.655Z,"[{""jd_ut"":1252455.6424986655,""utc"":""-1283-01-03T03:25:11.885Z"",""motion"":""direct""},{""jd_ut"":1252529.0650434573,""utc"":""-1283-03-17T13:33:39.755Z"",""motion"":""retrograde""},{""jd_ut"":1252722.6230859016,""utc"":""-1283-09-27T02:57:14.622Z"",""motion"":""direct""}]",3
F75.09,F75,75,9,Sagittarius,240,1253544.3654705388,-1281-12-27T20:46:16.655Z,1254634.7572196065,-1278-12-22T06:10:23.774Z,"[{""jd_ut"":1253544.3654705388,""utc"":""-1281-12-27T20:46:16.655Z"",""motion"":""direct""},{""jd_ut"":1253708.5794414007,""utc"":""-1280-06-09T01:54:23.737Z"",""motion"":""retrograde""},{""jd_ut"":1253816.296768372,""utc"":""-1280-09-24T19:07:20.787Z"",""motion"":""direct""}]",3
F75.10,F75,75,10,Capricorn,270,1254634.7572196065,-1278-12-22T06:10:23.774Z,1255437.9828311987,-1275-03-04T11:35:16.616Z,"[{""jd_ut"":1254634.7572196065,""utc"":""-1278-12-22T06:10:23.774Z"",""motion"":""direct""}]",1
F75.11,F75,75,11,Aquarius,300,1255437.9828311987,-1275-03-04T11:35:16.616Z,1256245.7371028792,-1273-05-21T05:41:25.689Z,"[{""jd_ut"":1255437.9828311987,""utc"":""-1275-03-04T11:35:16.616Z"",""motion"":""direct""},{""jd_ut"":1255590.0022182465,""utc"":""-1275-08-03T12:03:11.656Z"",""motion"":""retrograde""},{""jd_ut"":1255705.1584883034,""utc"":""-1275-11-26T15:48:13.389Z"",""motion"":""direct""}]",3
F75.12,F75,75,12,Pisces,330,1256245.7371028792,-1273-05-21T05:41:25.689Z,1257269.0092760418,-1270-03-09T12:13:21.450Z,"[{""jd_ut"":1256245.7371028792,""utc"":""-1273-05-21T05:41:25.689Z"",""motion"":""direct""},{""jd_ut"":1256293.2581292344,""utc"":""-1273-07-07T18:11:42.366Z"",""motion"":""retrograde""},{""jd_ut"":1256494.7908544973,""utc"":""-1272-01-25T06:58:49.829Z"",""motion"":""direct""}]",3
F76.01,F76,76,1,Aries,0,1257269.0092760418,-1270-03-09T12:13:21.450Z,1258036.9294056245,-1268-04-15T10:18:20.646Z,"[{""jd_ut"":1257269.0092760418,""utc"":""-1270-03-09T12:13:21.450Z"",""motion"":""direct""}]",1
F76.02,F76,76,2,Taurus,30,1258036.9294056245,-1268-04-15T10:18:20.646Z,1258805.2497209692,-1266-05-23T17:59:35.892Z,"[{""jd_ut"":1258036.9294056245,""utc"":""-1268-04-15T10:18:20.646Z"",""motion"":""direct""}]",1
F76.03,F76,76,3,Gemini,60,1258805.2497209692,-1266-05-23T17:59:35.892Z,1259580.0920086396,-1264-07-06T14:12:29.546Z,"[{""jd_ut"":1258805.2497209692,""utc"":""-1266-05-23T17:59:35.892Z"",""motion"":""direct""}]",1
F76.04,F76,76,4,Cancer,90,1259580.0920086396,-1264-07-06T14:12:29.546Z,1260367.6079944992,-1262-09-02T02:35:30.725Z,"[{""jd_ut"":1259580.0920086396,""utc"":""-1264-07-06T14:12:29.546Z"",""motion"":""direct""}]",1
F76.05,F76,76,5,Leo,120,1260367.6079944992,-1262-09-02T02:35:30.725Z,1261441.371739516,-1259-08-10T20:55:18.294Z,"[{""jd_ut"":1260367.6079944992,""utc"":""-1262-09-02T02:35:30.725Z"",""motion"":""direct""},{""jd_ut"":1260521.7762854416,""utc"":""-1261-02-03T06:37:51.062Z"",""motion"":""retrograde""},{""jd_ut"":1260633.2297582612,""utc"":""-1261-05-25T17:30:51.114Z"",""motion"":""direct""}]",3
F76.06,F76,76,6,Virgo,150,1261441.371739516,-1259-08-10T20:55:18.294Z,1262255.325196148,-1257-11-02T19:48:16.947Z,"[{""jd_ut"":1261441.371739516,""utc"":""-1259-08-10T20:55:18.294Z"",""motion"":""direct""}]",1
F76.07,F76,76,7,Libra,180,1262255.325196148,-1257-11-02T19:48:16.947Z,1263352.4748379104,-1254-11-03T23:23:45.995Z,"[{""jd_ut"":1262255.325196148,""utc"":""-1257-11-02T19:48:16.947Z"",""motion"":""direct""},{""jd_ut"":1262403.2316799778,""utc"":""-1256-03-29T17:33:37.150Z"",""motion"":""retrograde""},{""jd_ut"":1262527.8805710925,""utc"":""-1256-08-01T09:08:01.342Z"",""motion"":""direct""}]",3
F76.08,F76,76,8,Scorpio,210,1263352.4748379104,-1254-11-03T23:23:45.995Z,1264452.3379277624,-1251-11-07T20:06:36.959Z,"[{""jd_ut"":1263352.4748379104,""utc"":""-1254-11-03T23:23:45.995Z"",""motion"":""direct""}]",1
F76.09,F76,76,9,Sagittarius,240,1264452.3379277624,-1251-11-07T20:06:36.959Z,1265267.1317165312,-1248-01-31T15:09:40.308Z,"[{""jd_ut"":1264452.3379277624,""utc"":""-1251-11-07T20:06:36.959Z"",""motion"":""direct""}]",1
F76.10,F76,76,10,Capricorn,270,1265267.1317165312,-1248-01-31T15:09:40.308Z,1266341.9918736885,-1245-01-10T11:48:17.887Z,"[{""jd_ut"":1265267.1317165312,""utc"":""-1248-01-31T15:09:40.308Z"",""motion"":""direct""},{""jd_ut"":1265421.1877400968,""utc"":""-1248-07-03T16:30:20.744Z"",""motion"":""retrograde""},{""jd_ut"":1265537.8167940406,""utc"":""-1248-10-28T07:36:11.005Z"",""motion"":""direct""}]",3
F76.11,F76,76,11,Aquarius,300,1266341.9918736885,-1245-01-10T11:48:17.887Z,1267127.8801340647,-1243-03-06T09:07:23.583Z,"[{""jd_ut"":1266341.9918736885,""utc"":""-1245-01-10T11:48:17.887Z"",""motion"":""direct""}]",1
F76.12,F76,76,12,Pisces,330,1267127.8801340647,-1243-03-06T09:07:23.583Z,1267903.2667675316,-1241-04-20T18:24:08.715Z,"[{""jd_ut"":1267127.8801340647,""utc"":""-1243-03-06T09:07:23.583Z"",""motion"":""direct""}]",1
F77.01,F77,77,1,Aries,0,1267903.2667675316,-1241-04-20T18:24:08.715Z,1268672.1549997088,-1239-05-28T15:43:11.975Z,"[{""jd_ut"":1267903.2667675316,""utc"":""-1241-04-20T18:24:08.715Z"",""motion"":""direct""},{""jd_ut"":1268104.5041972646,""utc"":""-1241-11-08T00:06:02.644Z"",""motion"":""retrograde""},{""jd_ut"":1268151.7279614587,""utc"":""-1241-12-25T05:28:15.870Z"",""motion"":""direct""}]",3
F77.02,F77,77,2,Taurus,30,1268672.1549997088,-1239-05-28T15:43:11.975Z,1269441.2679071678,-1237-07-06T18:25:47.179Z,"[{""jd_ut"":1268672.1549997088,""utc"":""-1239-05-28T15:43:11.975Z"",""motion"":""direct""},{""jd_ut"":1268846.4952469142,""utc"":""-1239-11-18T23:53:09.333Z"",""motion"":""retrograde""},{""jd_ut"":1268927.8672783552,""utc"":""-1238-02-08T08:48:52.850Z"",""motion"":""direct""}]",3
F77.03,F77,77,3,Gemini,60,1269441.2679071678,-1237-07-06T18:25:47.179Z,1270219.6440216224,-1235-08-23T03:27:23.468Z,"[{""jd_ut"":1269441.2679071678,""utc"":""-1237-07-06T18:25:47.179Z"",""motion"":""direct""},{""jd_ut"":1269591.3707997156,""utc"":""-1237-12-03T20:53:57.095Z"",""motion"":""retrograde""},{""jd_ut"":1269701.4827075754,""utc"":""-1236-03-22T23:35:05.935Z"",""motion"":""direct""}]",3
F77.04,F77,77,4,Cancer,90,1270219.6440216224,-1235-08-23T03:27:23.468Z,1271271.0088958195,-1232-07-09T12:12:48.599Z,"[{""jd_ut"":1270219.6440216224,""utc"":""-1235-08-23T03:27:23.468Z"",""motion"":""direct""},{""jd_ut"":1270324.9817894767,""utc"":""-1235-12-06T11:33:46.611Z"",""motion"":""retrograde""},{""jd_ut"":1270481.979977645,""utc"":""-1234-05-12T11:31:10.069Z"",""motion"":""direct""}]",3
F77.05,F77,77,5,Leo,120,1271271.0088958195,-1232-07-09T12:12:48.599Z,1272070.6084803808,-1230-09-17T02:36:12.705Z,"[{""jd_ut"":1271271.0088958195,""utc"":""-1232-07-09T12:12:48.599Z"",""motion"":""direct""}]",1
F77.06,F77,77,6,Virgo,150,1272070.6084803808,-1230-09-17T02:36:12.705Z,1273160.6635409235,-1227-09-11T03:55:29.936Z,"[{""jd_ut"":1272070.6084803808,""utc"":""-1230-09-17T02:36:12.705Z"",""motion"":""direct""},{""jd_ut"":1272268.663571361,""utc"":""-1229-04-03T03:55:32.566Z"",""motion"":""retrograde""},{""jd_ut"":1272329.5047291056,""utc"":""-1229-06-03T00:06:48.595Z"",""motion"":""direct""}]",3
F77.07,F77,77,7,Libra,180,1273160.6635409235,-1227-09-11T03:55:29.936Z,1273984.9212698853,-1225-12-14T10:06:37.718Z,"[{""jd_ut"":1273160.6635409235,""utc"":""-1227-09-11T03:55:29.936Z"",""motion"":""direct""}]",1
F77.08,F77,77,8,Scorpio,210,1273984.9212698853,-1225-12-14T10:06:37.718Z,1275080.6559091606,-1222-12-14T03:44:30.551Z,"[{""jd_ut"":1273984.9212698853,""utc"":""-1225-12-14T10:06:37.718Z"",""motion"":""direct""},{""jd_ut"":1274103.934471075,""utc"":""-1224-04-11T10:25:38.301Z"",""motion"":""retrograde""},{""jd_ut"":1274258.6258264347,""utc"":""-1224-09-13T03:01:11.404Z"",""motion"":""direct""}]",3
F77.09,F77,77,9,Sagittarius,240,1275080.6559091606,-1222-12-14T03:44:30.551Z,1276172.511512985,-1219-12-10T00:16:34.722Z,"[{""jd_ut"":1275080.6559091606,""utc"":""-1222-12-14T03:44:30.551Z"",""motion"":""direct""},{""jd_ut"":1275286.5537316026,""utc"":""-1221-07-08T01:17:22.410Z"",""motion"":""retrograde""},{""jd_ut"":1275342.1593722291,""utc"":""-1221-09-01T15:49:29.761Z"",""motion"":""direct""}]",3
F77.10,F77,77,10,Capricorn,270,1276172.511512985,-1219-12-10T00:16:34.722Z,1276974.1225845255,-1216-02-19T14:56:31.303Z,"[{""jd_ut"":1276172.511512985,""utc"":""-1219-12-10T00:16:34.722Z"",""motion"":""direct""}]",1
F77.11,F77,77,11,Aquarius,300,1276974.1225845255,-1216-02-19T14:56:31.303Z,1277770.468682175,-1214-04-25T23:14:54.140Z,"[{""jd_ut"":1276974.1225845255,""utc"":""-1216-02-19T14:56:31.303Z"",""motion"":""direct""},{""jd_ut"":1277164.1763687576,""utc"":""-1216-08-27T16:13:58.261Z"",""motion"":""retrograde""},{""jd_ut"":1277235.070154964,""utc"":""-1216-11-06T13:41:01.389Z"",""motion"":""direct""}]",3
F77.12,F77,77,12,Pisces,330,1277770.468682175,-1214-04-25T23:14:54.140Z,1278807.6752974764,-1211-02-26T04:12:25.702Z,"[{""jd_ut"":1277770.468682175,""utc"":""-1214-04-25T23:14:54.140Z"",""motion"":""direct""},{""jd_ut"":1277871.3009268413,""utc"":""-1214-08-04T19:13:20.079Z"",""motion"":""retrograde""},{""jd_ut"":1278032.1949240374,""utc"":""-1213-01-12T16:40:41.437Z"",""motion"":""direct""}]",3
F78.01,F78,78,1,Aries,0,1278807.6752974764,-1211-02-26T04:12:25.702Z,1279576.04881337,-1209-04-05T13:10:17.475Z,"[{""jd_ut"":1278807.6752974764,""utc"":""-1211-02-26T04:12:25.702Z"",""motion"":""direct""}]",1
F78.02,F78,78,2,Taurus,30,1279576.04881337,-1209-04-05T13:10:17.475Z,1280344.5505092219,-1207-05-13T01:12:43.997Z,"[{""jd_ut"":1279576.04881337,""utc"":""-1209-04-05T13:10:17.475Z"",""motion"":""direct""}]",1
F78.03,F78,78,3,Gemini,60,1280344.5505092219,-1207-05-13T01:12:43.997Z,1281119.2759949258,-1205-06-26T18:37:25.962Z,"[{""jd_ut"":1280344.5505092219,""utc"":""-1207-05-13T01:12:43.997Z"",""motion"":""direct""}]",1
F78.04,F78,78,4,Cancer,90,1281119.2759949258,-1205-06-26T18:37:25.962Z,1281905.2298713555,-1203-08-20T17:31:00.885Z,"[{""jd_ut"":1281119.2759949258,""utc"":""-1205-06-26T18:37:25.962Z"",""motion"":""direct""}]",1
F78.05,F78,78,5,Leo,120,1281905.2298713555,-1203-08-20T17:31:00.885Z,1282721.8134309738,-1201-11-15T07:31:20.436Z,"[{""jd_ut"":1281905.2298713555,""utc"":""-1203-08-20T17:31:00.885Z"",""motion"":""direct""},{""jd_ut"":1282094.9304361222,""utc"":""-1202-02-26T10:19:49.681Z"",""motion"":""retrograde""},{""jd_ut"":1282162.8340672147,""utc"":""-1202-05-05T08:01:03.407Z"",""motion"":""direct""}]",3
F78.06,F78,78,6,Virgo,150,1282721.8134309738,-1201-11-15T07:31:20.436Z,1283791.7029687176,-1198-10-20T04:52:16.497Z,"[{""jd_ut"":1282721.8134309738,""utc"":""-1201-11-15T07:31:20.436Z"",""motion"":""direct""},{""jd_ut"":1282771.6826609583,""utc"":""-1200-01-04T04:23:01.907Z"",""motion"":""retrograde""},{""jd_ut"":1282979.3883812535,""utc"":""-1200-07-29T21:19:16.140Z"",""motion"":""direct""}]",3
F78.07,F78,78,7,Libra,180,1283791.7029687176,-1198-10-20T04:52:16.497Z,1284890.1291470942,-1195-10-22T15:05:58.309Z,"[{""jd_ut"":1283791.7029687176,""utc"":""-1198-10-20T04:52:16.497Z"",""motion"":""direct""},{""jd_ut"":1283976.661995226,""utc"":""-1197-04-23T03:53:16.388Z"",""motion"":""retrograde""},{""jd_ut"":1284058.2508517401,""utc"":""-1197-07-13T18:01:13.590Z"",""motion"":""direct""}]",3
F78.08,F78,78,8,Scorpio,210,1284890.1291470942,-1195-10-22T15:05:58.309Z,1285723.6122573325,-1192-02-03T02:41:39.034Z,"[{""jd_ut"":1284890.1291470942,""utc"":""-1195-10-22T15:05:58.309Z"",""motion"":""direct""}]",1
F78.09,F78,78,9,Sagittarius,240,1285723.6122573325,-1192-02-03T02:41:39.034Z,1286803.1148898662,-1189-01-17T14:45:26.484Z,"[{""jd_ut"":1285723.6122573325,""utc"":""-1192-02-03T02:41:39.034Z"",""motion"":""direct""},{""jd_ut"":1285797.0310075134,""utc"":""-1192-04-16T12:44:39.049Z"",""motion"":""retrograde""},{""jd_ut"":1285989.4220000743,""utc"":""-1192-10-25T22:07:40.806Z"",""motion"":""direct""}]",3
F78.10,F78,78,10,Capricorn,270,1286803.1148898662,-1189-01-17T14:45:26.484Z,1287635.0646207188,-1187-04-28T13:33:03.230Z,"[{""jd_ut"":1286803.1148898662,""utc"":""-1189-01-17T14:45:26.484Z"",""motion"":""direct""},{""jd_ut"":1286996.108700049,""utc"":""-1189-07-29T14:36:31.684Z"",""motion"":""retrograde""},{""jd_ut"":1287067.1163441115,""utc"":""-1189-10-08T14:47:32.131Z"",""motion"":""direct""}]",3
F78.11,F78,78,11,Aquarius,300,1287635.0646207188,-1187-04-28T13:33:03.230Z,1288666.3884292543,-1184-02-23T21:19:20.288Z,"[{""jd_ut"":1287635.0646207188,""utc"":""-1187-04-28T13:33:03.230Z"",""motion"":""direct""},{""jd_ut"":1287661.5016007894,""utc"":""-1187-05-25T00:02:18.308Z"",""motion"":""retrograde""},{""jd_ut"":1287879.924539003,""utc"":""-1187-12-29T10:11:20.170Z"",""motion"":""direct""}]",3
F78.12,F78,78,12,Pisces,330,1288666.3884292543,-1184-02-23T21:19:20.288Z,1289441.615642434,-1182-04-09T02:46:31.506Z,"[{""jd_ut"":1288666.3884292543,""utc"":""-1184-02-23T21:19:20.288Z"",""motion"":""direct""}]",1
F79.01,F79,79,1,Aries,0,1289441.615642434,-1182-04-09T02:46:31.506Z,1290210.3087676754,-1180-05-16T19:24:37.527Z,"[{""jd_ut"":1289441.615642434,""utc"":""-1182-04-09T02:46:31.506Z"",""motion"":""direct""}]",1
F79.02,F79,79,2,Taurus,30,1290210.3087676754,-1180-05-16T19:24:37.527Z,1290978.8476561657,-1178-06-24T08:20:37.493Z,"[{""jd_ut"":1290210.3087676754,""utc"":""-1180-05-16T19:24:37.527Z"",""motion"":""direct""}]",1
F79.03,F79,79,3,Gemini,60,1290978.8476561657,-1178-06-24T08:20:37.493Z,1291754.8481971133,-1176-08-08T08:21:24.231Z,"[{""jd_ut"":1290978.8476561657,""utc"":""-1178-06-24T08:20:37.493Z"",""motion"":""direct""},{""jd_ut"":1291163.6057431055,""utc"":""-1178-12-26T02:32:16.204Z"",""motion"":""retrograde""},{""jd_ut"":1291232.0378907886,""utc"":""-1177-03-04T12:54:33.764Z"",""motion"":""direct""}]",3
F79.04,F79,79,4,Cancer,90,1291754.8481971133,-1176-08-08T08:21:24.231Z,1292557.6647460577,-1174-10-20T03:57:14.059Z,"[{""jd_ut"":1291754.8481971133,""utc"":""-1176-08-08T08:21:24.231Z"",""motion"":""direct""},{""jd_ut"":1291894.2041884642,""utc"":""-1176-12-25T16:54:01.883Z"",""motion"":""retrograde""},{""jd_ut"":1292018.0061463434,""utc"":""-1175-04-28T12:08:51.044Z"",""motion"":""direct""}]",3
F79.05,F79,79,5,Leo,120,1292557.6647460577,-1174-10-20T03:57:14.059Z,1293608.780456229,-1171-09-05T06:43:51.418Z,"[{""jd_ut"":1292557.6647460577,""utc"":""-1174-10-20T03:57:14.059Z"",""motion"":""direct""},{""jd_ut"":1292599.8949941634,""utc"":""-1174-12-01T09:28:47.496Z"",""motion"":""retrograde""},{""jd_ut"":1292809.5013809442,""utc"":""-1173-06-29T00:01:59.314Z"",""motion"":""direct""}]",3
F79.06,F79,79,6,Virgo,150,1293608.780456229,-1171-09-05T06:43:51.418Z,1294436.7248584745,-1169-12-12T05:23:47.772Z,"[{""jd_ut"":1293608.780456229,""utc"":""-1171-09-05T06:43:51.418Z"",""motion"":""direct""}]",1
F79.07,F79,79,7,Libra,180,1294436.7248584745,-1169-12-12T05:23:47.772Z,1295519.059079329,-1166-11-28T13:25:04.454Z,"[{""jd_ut"":1294436.7248584745,""utc"":""-1169-12-12T05:23:47.772Z"",""motion"":""direct""},{""jd_ut"":1294491.9926292314,""utc"":""-1168-02-05T11:49:23.166Z"",""motion"":""retrograde""},{""jd_ut"":1294698.2003586623,""utc"":""-1168-08-29T16:48:30.988Z"",""motion"":""direct""}]",3
F79.08,F79,79,8,Scorpio,210,1295519.059079329,-1166-11-28T13:25:04.454Z,1296617.5451023295,-1163-12-01T01:04:56.841Z,"[{""jd_ut"":1295519.059079329,""utc"":""-1166-11-28T13:25:04.454Z"",""motion"":""direct""},{""jd_ut"":1295676.2728912048,""utc"":""-1165-05-04T18:32:57.800Z"",""motion"":""retrograde""},{""jd_ut"":1295792.2536652558,""utc"":""-1165-08-28T18:05:16.678Z"",""motion"":""direct""}]",3
F79.09,F79,79,9,Sagittarius,240,1296617.5451023295,-1163-12-01T01:04:56.841Z,1297450.6727773882,-1160-03-13T04:08:47.966Z,"[{""jd_ut"":1296617.5451023295,""utc"":""-1163-12-01T01:04:56.841Z"",""motion"":""direct""}]",1
F79.10,F79,79,10,Capricorn,270,1297450.6727773882,-1160-03-13T04:08:47.966Z,1298510.784354648,-1157-02-06T06:49:28.242Z,"[{""jd_ut"":1297450.6727773882,""utc"":""-1160-03-13T04:08:47.966Z"",""motion"":""direct""},{""jd_ut"":1297506.962067517,""utc"":""-1160-05-08T11:05:22.633Z"",""motion"":""retrograde""},{""jd_ut"":1297709.397538221,""utc"":""-1160-11-26T21:32:27.302Z"",""motion"":""direct""}]",3
F79.11,F79,79,11,Aquarius,300,1298510.784354648,-1157-02-06T06:49:28.242Z,1299302.8384346622,-1155-04-08T08:07:20.755Z,"[{""jd_ut"":1298510.784354648,""utc"":""-1157-02-06T06:49:28.242Z"",""motion"":""direct""}]",1
F79.12,F79,79,12,Pisces,330,1299302.8384346622,-1155-04-08T08:07:20.755Z,1300087.9957594331,-1153-06-02T11:53:53.615Z,"[{""jd_ut"":1299302.8384346622,""utc"":""-1155-04-08T08:07:20.755Z"",""motion"":""direct""},{""jd_ut"":1299443.7174349953,""utc"":""-1155-08-27T05:13:06.384Z"",""motion"":""retrograde""},{""jd_ut"":1299567.23989888,""utc"":""-1155-12-28T17:45:27.263Z"",""motion"":""direct""}]",3
F80.01,F80,80,1,Aries,0,1300087.9957594331,-1153-06-02T11:53:53.615Z,1300869.260812133,-1151-07-22T18:15:34.168Z,"[{""jd_ut"":1300087.9957594331,""utc"":""-1153-06-02T11:53:53.615Z"",""motion"":""direct""},{""jd_ut"":1300173.9892278202,""utc"":""-1153-08-27T11:44:29.284Z"",""motion"":""retrograde""},{""jd_ut"":1300345.0994964917,""utc"":""-1152-02-14T14:23:16.497Z"",""motion"":""direct""}]",3
F80.02,F80,80,2,Taurus,30,1300869.260812133,-1151-07-22T18:15:34.168Z,1301883.3011747003,-1148-05-01T19:13:41.494Z,"[{""jd_ut"":1300869.260812133,""utc"":""-1151-07-22T18:15:34.168Z"",""motion"":""direct""},{""jd_ut"":1300911.9758033678,""utc"":""-1151-09-03T11:25:09.411Z"",""motion"":""retrograde""},{""jd_ut"":1301114.3155203424,""utc"":""-1150-03-24T19:34:20.958Z"",""motion"":""direct""}]",3
F80.03,F80,80,3,Gemini,60,1301883.3011747003,-1148-05-01T19:13:41.494Z,1302658.275475413,-1146-06-15T18:36:41.076Z,"[{""jd_ut"":1301883.3011747003,""utc"":""-1148-05-01T19:13:41.494Z"",""motion"":""direct""}]",1
F80.04,F80,80,4,Cancer,90,1302658.275475413,-1146-06-15T18:36:41.076Z,1303443.4780164887,-1144-08-08T23:28:20.625Z,"[{""jd_ut"":1302658.275475413,""utc"":""-1146-06-15T18:36:41.076Z"",""motion"":""direct""}]",1
F80.05,F80,80,5,Leo,120,1303443.4780164887,-1144-08-08T23:28:20.625Z,1304248.2506390526,-1142-10-22T18:00:55.214Z,"[{""jd_ut"":1303443.4780164887,""utc"":""-1144-08-08T23:28:20.625Z"",""motion"":""direct""}]",1
F80.06,F80,80,6,Virgo,150,1304248.2506390526,-1142-10-22T18:00:55.214Z,1305328.9433881133,-1139-10-07T10:38:28.733Z,"[{""jd_ut"":1304248.2506390526,""utc"":""-1142-10-22T18:00:55.214Z"",""motion"":""direct""},{""jd_ut"":1304348.4507157472,""utc"":""-1141-01-30T22:49:01.841Z"",""motion"":""retrograde""},{""jd_ut"":1304516.4199713827,""utc"":""-1141-07-17T22:04:45.527Z"",""motion"":""direct""}]",3
F80.07,F80,80,7,Libra,180,1305328.9433881133,-1139-10-07T10:38:28.733Z,1306427.517943358,-1136-10-10T00:25:50.306Z,"[{""jd_ut"":1305328.9433881133,""utc"":""-1139-10-07T10:38:28.733Z"",""motion"":""direct""}]",1
F80.08,F80,80,8,Scorpio,210,1306427.517943358,-1136-10-10T00:25:50.306Z,1307252.0481137005,-1133-01-12T13:09:17.024Z,"[{""jd_ut"":1306427.517943358,""utc"":""-1136-10-10T00:25:50.306Z"",""motion"":""direct""}]",1
F80.09,F80,80,9,Sagittarius,240,1307252.0481137005,-1133-01-12T13:09:17.024Z,1308339.78134349,-1130-01-04T06:45:08.078Z,"[{""jd_ut"":1307252.0481137005,""utc"":""-1133-01-12T13:09:17.024Z"",""motion"":""direct""},{""jd_ut"":1307372.9100950635,""utc"":""-1133-05-13T09:50:32.213Z"",""motion"":""retrograde""},{""jd_ut"":1307525.0281544519,""utc"":""-1133-10-12T12:40:32.545Z"",""motion"":""direct""}]",3
F80.10,F80,80,10,Capricorn,270,1308339.78134349,-1130-01-04T06:45:08.078Z,1309151.9226363655,-1128-03-26T10:08:35.782Z,"[{""jd_ut"":1308339.78134349,""utc"":""-1130-01-04T06:45:08.078Z"",""motion"":""direct""}]",1
F80.11,F80,80,11,Aquarius,300,1309151.9226363655,-1128-03-26T10:08:35.782Z,1310204.4285422228,-1125-02-11T22:17:06.048Z,"[{""jd_ut"":1309151.9226363655,""utc"":""-1128-03-26T10:08:35.782Z"",""motion"":""direct""},{""jd_ut"":1309247.7400481817,""utc"":""-1128-06-30T05:45:40.163Z"",""motion"":""retrograde""},{""jd_ut"":1309416.5691428543,""utc"":""-1128-12-16T01:39:33.943Z"",""motion"":""direct""}]",3
F80.12,F80,80,12,Pisces,330,1310204.4285422228,-1125-02-11T22:17:06.048Z,1310979.8115676725,-1123-03-28T07:28:39.447Z,"[{""jd_ut"":1310204.4285422228,""utc"":""-1125-02-11T22:17:06.048Z"",""motion"":""direct""}]",1
F81.01,F81,81,1,Aries,0,1310979.8115676725,-1123-03-28T07:28:39.447Z,1311748.5042514526,-1121-05-06T00:06:07.326Z,"[{""jd_ut"":1310979.8115676725,""utc"":""-1123-03-28T07:28:39.447Z"",""motion"":""direct""}]",1
F81.02,F81,81,2,Taurus,30,1311748.5042514526,-1121-05-06T00:06:07.326Z,1312516.7443606472,-1119-06-12T05:51:52.760Z,"[{""jd_ut"":1311748.5042514526,""utc"":""-1121-05-06T00:06:07.326Z"",""motion"":""direct""}]",1
F81.03,F81,81,3,Gemini,60,1312516.7443606472,-1119-06-12T05:51:52.760Z,1313291.4363182997,-1117-07-26T22:28:17.901Z,"[{""jd_ut"":1312516.7443606472,""utc"":""-1119-06-12T05:51:52.760Z"",""motion"":""direct""}]",1
F81.04,F81,81,4,Cancer,90,1313291.4363182997,-1117-07-26T22:28:17.901Z,1314082.4924857784,-1115-09-24T23:49:10.771Z,"[{""jd_ut"":1313291.4363182997,""utc"":""-1117-07-26T22:28:17.901Z"",""motion"":""direct""},{""jd_ut"":1313465.9855544893,""utc"":""-1116-01-17T11:39:11.908Z"",""motion"":""retrograde""},{""jd_ut"":1313549.6373566464,""utc"":""-1116-04-10T03:17:47.614Z"",""motion"":""direct""}]",3
F81.05,F81,81,5,Leo,120,1314082.4924857784,-1115-09-24T23:49:10.771Z,1315146.8910533707,-1112-08-24T09:23:07.011Z,"[{""jd_ut"":1314082.4924857784,""utc"":""-1115-09-24T23:49:10.771Z"",""motion"":""direct""},{""jd_ut"":1314177.978928445,""utc"":""-1115-12-29T11:29:39.418Z"",""motion"":""retrograde""},{""jd_ut"":1314346.7008624678,""utc"":""-1114-06-16T04:49:14.517Z"",""motion"":""direct""}]",3
F81.06,F81,81,6,Virgo,150,1315146.8910533707,-1112-08-24T09:23:07.011Z,1315963.057455685,-1110-11-18T13:22:44.171Z,"[{""jd_ut"":1315146.8910533707,""utc"":""-1112-08-24T09:23:07.011Z"",""motion"":""direct""}]",1
F81.07,F81,81,7,Libra,180,1315963.057455685,-1110-11-18T13:22:44.171Z,1317054.8058222542,-1107-11-14T07:20:23.043Z,"[{""jd_ut"":1315963.057455685,""utc"":""-1110-11-18T13:22:44.171Z"",""motion"":""direct""},{""jd_ut"":1316069.392978656,""utc"":""-1109-03-04T21:25:53.356Z"",""motion"":""retrograde""},{""jd_ut"":1316234.4430921162,""utc"":""-1109-08-16T22:38:03.159Z"",""motion"":""direct""}]",3
F81.08,F81,81,8,Scorpio,210,1317054.8058222542,-1107-11-14T07:20:23.043Z,1318154.3788218345,-1104-11-17T21:05:30.206Z,"[{""jd_ut"":1317054.8058222542,""utc"":""-1107-11-14T07:20:23.043Z"",""motion"":""direct""},{""jd_ut"":1317253.4939685054,""utc"":""-1106-05-31T23:51:18.879Z"",""motion"":""retrograde""},{""jd_ut"":1317319.0560547342,""utc"":""-1106-08-05T13:20:43.129Z"",""motion"":""direct""}]",3
F81.09,F81,81,9,Sagittarius,240,1318154.3788218345,-1104-11-17T21:05:30.206Z,1318974.687557171,-1101-02-16T04:30:04.940Z,"[{""jd_ut"":1318154.3788218345,""utc"":""-1104-11-17T21:05:30.206Z"",""motion"":""direct""}]",1
F81.10,F81,81,10,Capricorn,270,1318974.687557171,-1101-02-16T04:30:04.940Z,1320047.4137889785,-1098-01-24T21:55:51.368Z,"[{""jd_ut"":1318974.687557171,""utc"":""-1101-02-16T04:30:04.940Z"",""motion"":""direct""},{""jd_ut"":1319087.029373636,""utc"":""-1101-06-08T12:42:17.882Z"",""motion"":""retrograde""},{""jd_ut"":1319244.713177091,""utc"":""-1101-11-13T05:06:58.501Z"",""motion"":""direct""}]",3
F81.11,F81,81,11,Aquarius,300,1320047.4137889785,-1098-01-24T21:55:51.368Z,1320837.268682131,-1096-03-24T18:26:54.136Z,"[{""jd_ut"":1320047.4137889785,""utc"":""-1098-01-24T21:55:51.368Z"",""motion"":""direct""}]",1
F81.12,F81,81,12,Pisces,330,1320837.268682131,-1096-03-24T18:26:54.136Z,1321618.121477046,-1094-05-14T14:54:55.617Z,"[{""jd_ut"":1320837.268682131,""utc"":""-1096-03-24T18:26:54.136Z"",""motion"":""direct""},{""jd_ut"":1321019.0750313904,""utc"":""-1096-09-22T13:48:02.712Z"",""motion"":""retrograde""},{""jd_ut"":1321096.7333959127,""utc"":""-1096-12-09T05:36:05.407Z"",""motion"":""direct""}]",3
F82.01,F82,82,1,Aries,0,1321618.121477046,-1094-05-14T14:54:55.617Z,1322391.9403698086,-1092-06-26T10:34:07.951Z,"[{""jd_ut"":1321618.121477046,""utc"":""-1094-05-14T14:54:55.617Z"",""motion"":""direct""},{""jd_ut"":1321748.2346287463,""utc"":""-1094-09-21T17:37:51.924Z"",""motion"":""retrograde""},{""jd_ut"":1321879.973149451,""utc"":""-1093-01-31T11:21:20.113Z"",""motion"":""direct""}]",3
F82.02,F82,82,2,Taurus,30,1322391.9403698086,-1092-06-26T10:34:07.951Z,1323166.5471434942,-1090-08-10T01:07:53.198Z,"[{""jd_ut"":1322391.9403698086,""utc"":""-1092-06-26T10:34:07.951Z"",""motion"":""direct""},{""jd_ut"":1322492.285426199,""utc"":""-1092-10-04T18:51:00.824Z"",""motion"":""retrograde""},{""jd_ut"":1322650.5723256618,""utc"":""-1091-03-12T01:44:08.937Z"",""motion"":""direct""}]",3
F82.03,F82,82,3,Gemini,60,1323166.5471434942,-1090-08-10T01:07:53.198Z,1324196.1047895816,-1087-06-04T14:30:53.820Z,"[{""jd_ut"":1323166.5471434942,""utc"":""-1090-08-10T01:07:53.198Z"",""motion"":""direct""},{""jd_ut"":1323235.7494874117,""utc"":""-1090-10-18T05:59:15.712Z"",""motion"":""retrograde""},{""jd_ut"":1323420.3980123326,""utc"":""-1089-04-20T21:33:08.266Z"",""motion"":""direct""}]",3
F82.04,F82,82,4,Cancer,90,1324196.1047895816,-1087-06-04T14:30:53.820Z,1324981.3330700789,-1085-07-29T19:59:37.255Z,"[{""jd_ut"":1324196.1047895816,""utc"":""-1087-06-04T14:30:53.820Z"",""motion"":""direct""}]",1
F82.05,F82,82,5,Leo,120,1324981.3330700789,-1085-07-29T19:59:37.255Z,1325781.3004662273,-1083-10-06T19:12:40.282Z,"[{""jd_ut"":1324981.3330700789,""utc"":""-1085-07-29T19:59:37.255Z"",""motion"":""direct""}]",1
F82.06,F82,82,6,Virgo,150,1325781.3004662273,-1083-10-06T19:12:40.282Z,1326866.1742580435,-1080-09-25T16:10:55.895Z,"[{""jd_ut"":1325781.3004662273,""utc"":""-1083-10-06T19:12:40.282Z"",""motion"":""direct""},{""jd_ut"":1325920.5874559055,""utc"":""-1082-02-23T02:05:56.190Z"",""motion"":""retrograde""},{""jd_ut"":1326051.040705346,""utc"":""-1082-07-03T12:58:36.942Z"",""motion"":""direct""}]",3
F82.07,F82,82,7,Libra,180,1326866.1742580435,-1080-09-25T16:10:55.895Z,1327698.9100578027,-1077-01-06T09:50:28.994Z,"[{""jd_ut"":1326866.1742580435,""utc"":""-1080-09-25T16:10:55.895Z"",""motion"":""direct""}]",1
F82.08,F82,82,8,Scorpio,210,1327698.9100578027,-1077-01-06T09:50:28.994Z,1328785.0407943744,-1075-12-27T12:58:44.634Z,"[{""jd_ut"":1327698.9100578027,""utc"":""-1077-01-06T09:50:28.994Z"",""motion"":""direct""},{""jd_ut"":1327765.315307795,""utc"":""-1077-03-13T19:34:02.593Z"",""motion"":""retrograde""},{""jd_ut"":1327963.9085783195,""utc"":""-1077-09-28T09:48:21.167Z"",""motion"":""direct""}]",3
F82.09,F82,82,9,Sagittarius,240,1328785.0407943744,-1075-12-27T12:58:44.634Z,1329876.1488295211,-1072-12-22T15:34:18.871Z,"[{""jd_ut"":1328785.0407943744,""utc"":""-1075-12-27T12:58:44.634Z"",""motion"":""direct""},{""jd_ut"":1328947.289490269,""utc"":""-1074-06-07T18:56:51.959Z"",""motion"":""retrograde""},{""jd_ut"":1329057.2143931775,""utc"":""-1074-09-25T17:08:43.571Z"",""motion"":""direct""}]",3
F82.10,F82,82,10,Capricorn,270,1329876.1488295211,-1072-12-22T15:34:18.871Z,1330681.9251289577,-1069-03-08T10:12:11.142Z,"[{""jd_ut"":1329876.1488295211,""utc"":""-1072-12-22T15:34:18.871Z"",""motion"":""direct""}]",1
F82.11,F82,82,11,Aquarius,300,1330681.9251289577,-1069-03-08T10:12:11.142Z,1331741.0026104446,-1066-01-30T12:03:45.542Z,"[{""jd_ut"":1330681.9251289577,""utc"":""-1069-03-08T10:12:11.142Z"",""motion"":""direct""},{""jd_ut"":1330823.245779531,""utc"":""-1069-07-27T17:53:55.351Z"",""motion"":""retrograde""},{""jd_ut"":1330950.1750311428,""utc"":""-1069-12-01T16:12:02.691Z"",""motion"":""direct""}]",3
F82.12,F82,82,12,Pisces,330,1331741.0026104446,-1066-01-30T12:03:45.542Z,1332516.9367987039,-1064-03-16T10:28:59.408Z,"[{""jd_ut"":1331741.0026104446,""utc"":""-1066-01-30T12:03:45.542Z"",""motion"":""direct""}]",1
F83.01,F83,83,1,Aries,0,1332516.9367987039,-1064-03-16T10:28:59.408Z,1333285.887467219,-1062-04-24T09:17:57.168Z,"[{""jd_ut"":1332516.9367987039,""utc"":""-1064-03-16T10:28:59.408Z"",""motion"":""direct""}]",1
F83.02,F83,83,2,Taurus,30,1333285.887467219,-1062-04-24T09:17:57.168Z,1334054.170038552,-1060-05-31T16:04:51.331Z,"[{""jd_ut"":1333285.887467219,""utc"":""-1062-04-24T09:17:57.168Z"",""motion"":""direct""}]",1
F83.03,F83,83,3,Gemini,60,1334054.170038552,-1060-05-31T16:04:51.331Z,1334828.265176767,-1058-07-14T18:21:51.273Z,"[{""jd_ut"":1334054.170038552,""utc"":""-1060-05-31T16:04:51.331Z"",""motion"":""direct""}]",1
F83.04,F83,83,4,Cancer,90,1334828.265176767,-1058-07-14T18:21:51.273Z,1335615.1284000874,-1056-09-08T15:04:53.768Z,"[{""jd_ut"":1334828.265176767,""utc"":""-1058-07-14T18:21:51.273Z"",""motion"":""direct""}]",1
F83.05,F83,83,5,Leo,120,1335615.1284000874,-1056-09-08T15:04:53.768Z,1336684.4265722744,-1053-08-13T22:14:15.845Z,"[{""jd_ut"":1335615.1284000874,""utc"":""-1056-09-08T15:04:53.768Z"",""motion"":""direct""},{""jd_ut"":1335750.2054725746,""utc"":""-1055-01-21T16:55:52.830Z"",""motion"":""retrograde""},{""jd_ut"":1335881.4642874692,""utc"":""-1055-06-01T23:08:34.437Z"",""motion"":""direct""}]",3
F83.06,F83,83,6,Virgo,150,1336684.4265722744,-1053-08-13T22:14:15.845Z,1337495.831831701,-1051-11-02T07:57:50.259Z,"[{""jd_ut"":1336684.4265722744,""utc"":""-1053-08-13T22:14:15.845Z"",""motion"":""direct""}]",1
F83.07,F83,83,7,Libra,180,1337495.831831701,-1051-11-02T07:57:50.259Z,1338590.9413288655,-1048-11-01T10:35:30.814Z,"[{""jd_ut"":1337495.831831701,""utc"":""-1051-11-02T07:57:50.259Z"",""motion"":""direct""},{""jd_ut"":1337642.6434210576,""utc"":""-1050-03-29T03:26:31.579Z"",""motion"":""retrograde""},{""jd_ut"":1337768.0387588185,""utc"":""-1050-08-01T12:55:48.762Z"",""motion"":""direct""}]",3
F83.08,F83,83,8,Scorpio,210,1338590.9413288655,-1048-11-01T10:35:30.814Z,1339690.423500232,-1045-11-05T22:09:50.420Z,"[{""jd_ut"":1338590.9413288655,""utc"":""-1048-11-01T10:35:30.814Z"",""motion"":""direct""}]",1
F83.09,F83,83,9,Sagittarius,240,1339690.423500232,-1045-11-05T22:09:50.420Z,1340505.911847204,-1042-01-29T09:53:03.598Z,"[{""jd_ut"":1339690.423500232,""utc"":""-1045-11-05T22:09:50.420Z"",""motion"":""direct""}]",1
F83.10,F83,83,10,Capricorn,270,1340505.911847204,-1042-01-29T09:53:03.598Z,1341583.3638965208,-1039-01-10T20:44:00.659Z,"[{""jd_ut"":1340505.911847204,""utc"":""-1042-01-29T09:53:03.598Z"",""motion"":""direct""},{""jd_ut"":1340662.9069489613,""utc"":""-1042-07-05T09:46:00.390Z"",""motion"":""retrograde""},{""jd_ut"":1340776.6064239778,""utc"":""-1042-10-27T02:33:15.032Z"",""motion"":""direct""}]",3
F83.11,F83,83,11,Aquarius,300,1341583.3638965208,-1039-01-10T20:44:00.659Z,1342372.2701449604,-1037-03-10T18:29:00.525Z,"[{""jd_ut"":1341583.3638965208,""utc"":""-1039-01-10T20:44:00.659Z"",""motion"":""direct""}]",1
F83.12,F83,83,12,Pisces,330,1342372.2701449604,-1037-03-10T18:29:00.525Z,1343151.143342923,-1035-04-27T15:26:24.829Z,"[{""jd_ut"":1342372.2701449604,""utc"":""-1037-03-10T18:29:00.525Z"",""motion"":""direct""}]",1
F84.01,F84,84,1,Aries,0,1343151.143342923,-1035-04-27T15:26:24.829Z,1343922.93811863,-1033-06-08T10:30:53.450Z,"[{""jd_ut"":1343151.143342923,""utc"":""-1035-04-27T15:26:24.829Z"",""motion"":""direct""},{""jd_ut"":1343324.291801353,""utc"":""-1035-10-17T19:00:11.637Z"",""motion"":""retrograde""},{""jd_ut"":1343409.406557124,""utc"":""-1034-01-10T21:45:26.536Z"",""motion"":""direct""}]",3
F84.02,F84,84,2,Taurus,30,1343922.93811863,-1033-06-08T10:30:53.450Z,1344693.8874080018,-1031-07-18T09:17:52.051Z,"[{""jd_ut"":1343922.93811863,""utc"":""-1033-06-08T10:30:53.450Z"",""motion"":""direct""},{""jd_ut"":1344067.0374684515,""utc"":""-1033-10-30T12:53:57.274Z"",""motion"":""retrograde""},{""jd_ut"":1344183.327379974,""utc"":""-1032-02-23T19:51:25.630Z"",""motion"":""direct""}]",3
F84.03,F84,84,3,Gemini,60,1344693.8874080018,-1031-07-18T09:17:52.051Z,1345475.9796102461,-1029-09-08T11:30:38.325Z,"[{""jd_ut"":1344693.8874080018,""utc"":""-1031-07-18T09:17:52.051Z"",""motion"":""direct""},{""jd_ut"":1344812.5108556016,""utc"":""-1031-11-14T00:15:37.924Z"",""motion"":""retrograde""},{""jd_ut"":1344954.8647910478,""utc"":""-1030-04-05T08:45:17.947Z"",""motion"":""direct""}]",3
F84.04,F84,84,4,Cancer,90,1345475.9796102461,-1029-09-08T11:30:38.325Z,1346518.2749967393,-1026-07-16T18:35:59.718Z,"[{""jd_ut"":1345475.9796102461,""utc"":""-1029-09-08T11:30:38.325Z"",""motion"":""direct""},{""jd_ut"":1345545.0230733175,""utc"":""-1029-11-16T12:33:13.535Z"",""motion"":""retrograde""},{""jd_ut"":1345732.1517853672,""utc"":""-1028-05-21T15:38:34.256Z"",""motion"":""direct""}]",3
F84.05,F84,84,5,Leo,120,1346518.2749967393,-1026-07-16T18:35:59.718Z,1347316.0080946516,-1024-09-21T12:11:39.378Z,"[{""jd_ut"":1346518.2749967393,""utc"":""-1026-07-16T18:35:59.718Z"",""motion"":""direct""}]",1
F84.06,F84,84,6,Virgo,150,1347316.0080946516,-1024-09-21T12:11:39.378Z,1348402.7000317178,-1021-09-13T04:48:02.740Z,"[{""jd_ut"":1347316.0080946516,""utc"":""-1024-09-21T12:11:39.378Z"",""motion"":""direct""},{""jd_ut"":1347496.0058344267,""utc"":""-1023-03-20T12:08:24.094Z"",""motion"":""retrograde""},{""jd_ut"":1347580.0079893419,""utc"":""-1023-06-12T12:11:30.279Z"",""motion"":""direct""}]",3
F84.07,F84,84,7,Libra,180,1348402.7000317178,-1021-09-13T04:48:02.740Z,1349224.9736155542,-1019-12-13T11:22:00.384Z,"[{""jd_ut"":1348402.7000317178,""utc"":""-1021-09-13T04:48:02.740Z"",""motion"":""direct""}]",1
F84.08,F84,84,8,Scorpio,210,1349224.9736155542,-1019-12-13T11:22:00.384Z,1350319.5344517846,-1016-12-12T00:49:36.634Z,"[{""jd_ut"":1349224.9736155542,""utc"":""-1019-12-13T11:22:00.384Z"",""motion"":""direct""},{""jd_ut"":1349344.034010874,""utc"":""-1018-04-11T12:48:58.540Z"",""motion"":""retrograde""},{""jd_ut"":1349498.3018593453,""utc"":""-1018-09-12T19:14:40.647Z"",""motion"":""direct""}]",3
F84.09,F84,84,9,Sagittarius,240,1350319.5344517846,-1016-12-12T00:49:36.634Z,1351411.8415770722,-1013-12-09T08:11:52.259Z,"[{""jd_ut"":1350319.5344517846,""utc"":""-1016-12-12T00:49:36.634Z"",""motion"":""direct""},{""jd_ut"":1350530.2966559255,""utc"":""-1015-07-10T19:07:11.072Z"",""motion"":""retrograde""},{""jd_ut"":1350578.7095066644,""utc"":""-1015-08-28T05:01:41.376Z"",""motion"":""direct""}]",3
F84.10,F84,84,10,Capricorn,270,1351411.8415770722,-1013-12-09T08:11:52.259Z,1352214.7817969094,-1010-02-19T06:45:47.253Z,"[{""jd_ut"":1351411.8415770722,""utc"":""-1013-12-09T08:11:52.259Z"",""motion"":""direct""}]",1
F84.11,F84,84,11,Aquarius,300,1352214.7817969094,-1010-02-19T06:45:47.253Z,1353015.0670346357,-1008-04-29T13:36:31.793Z,"[{""jd_ut"":1352214.7817969094,""utc"":""-1010-02-19T06:45:47.253Z"",""motion"":""direct""},{""jd_ut"":1352401.8443618766,""utc"":""-1010-08-25T08:15:52.866Z"",""motion"":""retrograde""},{""jd_ut"":1352477.2427352234,""utc"":""-1010-11-08T17:49:32.323Z"",""motion"":""direct""}]",3
F84.12,F84,84,12,Pisces,330,1353015.0670346357,-1008-04-29T13:36:31.793Z,1354052.7501893966,-1005-03-03T06:00:16.364Z,"[{""jd_ut"":1353015.0670346357,""utc"":""-1008-04-29T13:36:31.793Z"",""motion"":""direct""},{""jd_ut"":1353105.0955575546,""utc"":""-1008-07-28T14:17:36.173Z"",""motion"":""retrograde""},{""jd_ut"":1353275.6724824696,""utc"":""-1007-01-15T04:08:22.485Z"",""motion"":""direct""}]",3
F85.01,F85,85,1,Aries,0,1354052.7501893966,-1005-03-03T06:00:16.364Z,1354822.1131207366,-1003-04-10T14:42:53.632Z,"[{""jd_ut"":1354052.7501893966,""utc"":""-1005-03-03T06:00:16.364Z"",""motion"":""direct""}]",1
F85.02,F85,85,2,Taurus,30,1354822.1131207366,-1003-04-10T14:42:53.632Z,1355590.6106514507,-1001-05-19T02:39:20.285Z,"[{""jd_ut"":1354822.1131207366,""utc"":""-1003-04-10T14:42:53.632Z"",""motion"":""direct""}]",1
F85.03,F85,85,3,Gemini,60,1355590.6106514507,-1001-05-19T02:39:20.285Z,1356364.5216445578,-0999-07-02T00:31:10.090Z,"[{""jd_ut"":1355590.6106514507,""utc"":""-1001-05-19T02:39:20.285Z"",""motion"":""direct""}]",1
F85.04,F85,85,4,Cancer,90,1356364.5216445578,-0999-07-02T00:31:10.090Z,1357149.3380821785,-0997-08-25T20:06:50.300Z,"[{""jd_ut"":1356364.5216445578,""utc"":""-0999-07-02T00:31:10.090Z"",""motion"":""direct""}]",1
F85.05,F85,85,5,Leo,120,1357149.3380821785,-0997-08-25T20:06:50.300Z,1357966.7850608858,-0995-11-20T06:50:29.261Z,"[{""jd_ut"":1357149.3380821785,""utc"":""-0997-08-25T20:06:50.300Z"",""motion"":""direct""},{""jd_ut"":1357325.9358534208,""utc"":""-0996-02-18T10:27:37.736Z"",""motion"":""retrograde""},{""jd_ut"":1357410.22170672,""utc"":""-0996-05-12T17:19:15.461Z"",""motion"":""direct""}]",3
F85.06,F85,85,6,Virgo,150,1357966.7850608858,-0995-11-20T06:50:29.261Z,1359030.25132098,-0992-10-18T18:01:54.133Z,"[{""jd_ut"":1357966.7850608858,""utc"":""-0995-11-20T06:50:29.261Z"",""motion"":""direct""},{""jd_ut"":1358006.482545123,""utc"":""-0995-12-29T23:34:51.899Z"",""motion"":""retrograde""},{""jd_ut"":1358220.520610766,""utc"":""-0994-08-01T00:29:40.770Z"",""motion"":""direct""}]",3
F85.07,F85,85,7,Libra,180,1359030.25132098,-0992-10-18T18:01:54.133Z,1360126.733068192,-0989-10-20T05:35:37.092Z,"[{""jd_ut"":1359030.25132098,""utc"":""-0992-10-18T18:01:54.133Z"",""motion"":""direct""},{""jd_ut"":1359220.4187768735,""utc"":""-0991-04-26T22:03:02.322Z"",""motion"":""retrograde""},{""jd_ut"":1359294.7710097744,""utc"":""-0991-07-10T06:30:15.245Z"",""motion"":""direct""}]",3
F85.08,F85,85,8,Scorpio,210,1360126.733068192,-0989-10-20T05:35:37.092Z,1360955.3313375288,-0986-01-25T19:57:07.562Z,"[{""jd_ut"":1360126.733068192,""utc"":""-0989-10-20T05:35:37.092Z"",""motion"":""direct""}]",1
F85.09,F85,85,9,Sagittarius,240,1360955.3313375288,-0986-01-25T19:57:07.562Z,1362039.1379828374,-0983-01-13T15:18:41.717Z,"[{""jd_ut"":1360955.3313375288,""utc"":""-0986-01-25T19:57:07.562Z"",""motion"":""direct""},{""jd_ut"":1361046.919033614,""utc"":""-0986-04-27T10:03:24.504Z"",""motion"":""retrograde""},{""jd_ut"":1361224.92041804,""utc"":""-0986-10-22T10:05:24.119Z"",""motion"":""direct""}]",3
F85.10,F85,85,10,Capricorn,270,1362039.1379828374,-0983-01-13T15:18:41.717Z,1362865.152868912,-0981-04-19T15:40:07.874Z,"[{""jd_ut"":1362039.1379828374,""utc"":""-0983-01-13T15:18:41.717Z"",""motion"":""direct""},{""jd_ut"":1362246.8566779047,""utc"":""-0983-08-09T08:33:36.971Z"",""motion"":""retrograde""},{""jd_ut"":1362297.8032828695,""utc"":""-0983-09-29T07:16:43.640Z"",""motion"":""direct""}]",3
F85.11,F85,85,11,Aquarius,300,1362865.152868912,-0981-04-19T15:40:07.874Z,1363906.7989259856,-0978-02-24T07:10:27.205Z,"[{""jd_ut"":1362865.152868912,""utc"":""-0981-04-19T15:40:07.874Z"",""motion"":""direct""},{""jd_ut"":1362911.844998491,""utc"":""-0981-06-05T08:16:47.870Z"",""motion"":""retrograde""},{""jd_ut"":1363117.8389366157,""utc"":""-0981-12-28T08:08:04.124Z"",""motion"":""direct""}]",3
F85.12,F85,85,12,Pisces,330,1363906.7989259856,-0978-02-24T07:10:27.205Z,1364684.6176083428,-0976-04-12T02:49:21.361Z,"[{""jd_ut"":1363906.7989259856,""utc"":""-0978-02-24T07:10:27.205Z"",""motion"":""direct""}]",1
F86.01,F86,86,1,Aries,0,1364684.6176083428,-0976-04-12T02:49:21.361Z,1365455.479620107,-0974-05-22T23:30:39.177Z,"[{""jd_ut"":1364684.6176083428,""utc"":""-0976-04-12T02:49:21.361Z"",""motion"":""direct""}]",1
F86.02,F86,86,2,Taurus,30,1365455.479620107,-0974-05-22T23:30:39.177Z,1366225.2010355545,-0972-06-30T16:49:29.472Z,"[{""jd_ut"":1365455.479620107,""utc"":""-0974-05-22T23:30:39.177Z"",""motion"":""direct""},{""jd_ut"":1365649.4913439755,""utc"":""-0974-12-02T23:47:32.119Z"",""motion"":""retrograde""},{""jd_ut"":1365705.6383656925,""utc"":""-0973-01-28T03:19:14.796Z"",""motion"":""direct""}]",3
F86.03,F86,86,3,Gemini,60,1366225.2010355545,-0972-06-30T16:49:29.472Z,1367001.7999459598,-0970-08-16T07:11:55.331Z,"[{""jd_ut"":1366225.2010355545,""utc"":""-0972-06-30T16:49:29.472Z"",""motion"":""direct""},{""jd_ut"":1366389.972067519,""utc"":""-0972-12-12T11:19:46.634Z"",""motion"":""retrograde""},{""jd_ut"":1366483.5401064912,""utc"":""-0971-03-16T00:57:45.201Z"",""motion"":""direct""}]",3
F86.04,F86,86,4,Cancer,90,1367001.7999459598,-0970-08-16T07:11:55.331Z,1368053.7520899638,-0967-07-03T06:03:00.573Z,"[{""jd_ut"":1367001.7999459598,""utc"":""-0970-08-16T07:11:55.331Z"",""motion"":""direct""},{""jd_ut"":1367124.0446999962,""utc"":""-0970-12-16T13:04:22.080Z"",""motion"":""retrograde""},{""jd_ut"":1367265.0473340494,""utc"":""-0969-05-06T13:08:09.662Z"",""motion"":""direct""}]",3
F86.05,F86,86,5,Leo,120,1368053.7520899638,-0967-07-03T06:03:00.573Z,1368851.1349386713,-0965-09-08T15:14:18.701Z,"[{""jd_ut"":1368053.7520899638,""utc"":""-0967-07-03T06:03:00.573Z"",""motion"":""direct""}]",1
F86.06,F86,86,6,Virgo,150,1368851.1349386713,-0965-09-08T15:14:18.701Z,1369677.250365437,-0963-12-12T18:00:31.574Z,"[{""jd_ut"":1368851.1349386713,""utc"":""-0965-09-08T15:14:18.701Z"",""motion"":""direct""}]",1
F86.07,F86,86,7,Libra,180,1369677.250365437,-0963-12-12T18:00:31.574Z,1370756.6478068307,-0960-11-26T03:32:50.510Z,"[{""jd_ut"":1369677.250365437,""utc"":""-0963-12-12T18:00:31.574Z"",""motion"":""direct""},{""jd_ut"":1369731.6361530377,""utc"":""-0962-02-05T03:16:03.622Z"",""motion"":""retrograde""},{""jd_ut"":1369937.9648700068,""utc"":""-0962-08-30T11:09:24.769Z"",""motion"":""direct""}]",3
F86.08,F86,86,8,Scorpio,210,1370756.6478068307,-0960-11-26T03:32:50.510Z,1371854.2584627755,-0957-11-28T18:12:11.184Z,"[{""jd_ut"":1370756.6478068307,""utc"":""-0960-11-26T03:32:50.510Z"",""motion"":""direct""},{""jd_ut"":1370920.7568780212,""utc"":""-0959-05-09T06:09:54.261Z"",""motion"":""retrograde""},{""jd_ut"":1371028.5797110186,""utc"":""-0959-08-25T01:54:47.032Z"",""motion"":""direct""}]",3
F86.09,F86,86,9,Sagittarius,240,1371854.2584627755,-0957-11-28T18:12:11.184Z,1372682.1862984067,-0954-03-05T16:28:16.182Z,"[{""jd_ut"":1371854.2584627755,""utc"":""-0957-11-28T18:12:11.184Z"",""motion"":""direct""}]",1
F86.10,F86,86,10,Capricorn,270,1372682.1862984067,-0954-03-05T16:28:16.182Z,1373748.400474579,-0951-02-03T21:36:41.004Z,"[{""jd_ut"":1372682.1862984067,""utc"":""-0954-03-05T16:28:16.182Z"",""motion"":""direct""},{""jd_ut"":1372756.5033508218,""utc"":""-0954-05-19T00:04:49.511Z"",""motion"":""retrograde""},{""jd_ut"":1372945.9775738148,""utc"":""-0954-11-24T11:27:42.378Z"",""motion"":""direct""}]",3
F86.11,F86,86,11,Aquarius,300,1373748.400474579,-0951-02-03T21:36:41.004Z,1374541.770882748,-0949-04-08T06:30:04.269Z,"[{""jd_ut"":1373748.400474579,""utc"":""-0951-02-03T21:36:41.004Z"",""motion"":""direct""}]",1
F86.12,F86,86,12,Pisces,330,1374541.770882748,-0949-04-08T06:30:04.269Z,1375329.8377994797,-0947-06-04T08:06:25.875Z,"[{""jd_ut"":1374541.770882748,""utc"":""-0949-04-08T06:30:04.269Z"",""motion"":""direct""},{""jd_ut"":1374684.7980851284,""utc"":""-0949-08-29T07:09:14.555Z"",""motion"":""retrograde""},{""jd_ut"":1374806.7325757989,""utc"":""-0949-12-29T05:34:54.549Z"",""motion"":""direct""}]",3
F87.01,F87,87,1,Aries,0,1375329.8377994797,-0947-06-04T08:06:25.875Z,1376120.580973606,-0945-08-04T01:56:36.120Z,"[{""jd_ut"":1375329.8377994797,""utc"":""-0947-06-04T08:06:25.875Z"",""motion"":""direct""},{""jd_ut"":1375411.4492328712,""utc"":""-0947-08-24T22:46:53.720Z"",""motion"":""retrograde""},{""jd_ut"":1375586.4947885894,""utc"":""-0946-02-15T23:52:29.734Z"",""motion"":""direct""}]",3
F87.02,F87,87,2,Taurus,30,1376120.580973606,-0945-08-04T01:56:36.120Z,1377125.7356153373,-0942-05-05T05:39:17.165Z,"[{""jd_ut"":1376120.580973606,""utc"":""-0945-08-04T01:56:36.120Z"",""motion"":""direct""},{""jd_ut"":1376139.8708608886,""utc"":""-0945-08-23T08:54:02.381Z"",""motion"":""retrograde""},{""jd_ut"":1376356.7157482486,""utc"":""-0944-03-27T05:10:40.649Z"",""motion"":""direct""}]",3
F87.03,F87,87,3,Gemini,60,1377125.7356153373,-0942-05-05T05:39:17.165Z,1377899.9181425427,-0940-06-17T10:02:07.516Z,"[{""jd_ut"":1377125.7356153373,""utc"":""-0942-05-05T05:39:17.165Z"",""motion"":""direct""}]",1
F87.04,F87,87,4,Cancer,90,1377899.9181425427,-0940-06-17T10:02:07.516Z,1378683.9154131273,-0938-08-10T09:58:11.694Z,"[{""jd_ut"":1377899.9181425427,""utc"":""-0940-06-17T10:02:07.516Z"",""motion"":""direct""}]",1
F87.05,F87,87,5,Leo,120,1378683.9154131273,-0938-08-10T09:58:11.694Z,1379486.0728717633,-0936-10-20T13:44:56.120Z,"[{""jd_ut"":1378683.9154131273,""utc"":""-0938-08-10T09:58:11.694Z"",""motion"":""direct""}]",1
F87.06,F87,87,6,Virgo,150,1379486.0728717633,-0936-10-20T13:44:56.120Z,1380565.038023096,-0933-10-04T12:54:45.195Z,"[{""jd_ut"":1379486.0728717633,""utc"":""-0936-10-20T13:44:56.120Z"",""motion"":""direct""},{""jd_ut"":1379591.5658308584,""utc"":""-0935-02-03T01:34:47.786Z"",""motion"":""retrograde""},{""jd_ut"":1379754.3231173232,""utc"":""-0935-07-15T19:45:17.337Z"",""motion"":""direct""}]",3
F87.07,F87,87,7,Libra,180,1380565.038023096,-0933-10-04T12:54:45.195Z,1381661.564737745,-0930-10-05T01:33:13.341Z,"[{""jd_ut"":1380565.038023096,""utc"":""-0933-10-04T12:54:45.195Z"",""motion"":""direct""}]",1
F87.08,F87,87,8,Scorpio,210,1381661.564737745,-0930-10-05T01:33:13.341Z,1382483.0421757265,-0927-01-03T13:00:43.983Z,"[{""jd_ut"":1381661.564737745,""utc"":""-0930-10-05T01:33:13.341Z"",""motion"":""direct""}]",1
F87.09,F87,87,9,Sagittarius,240,1382483.0421757265,-0927-01-03T13:00:43.983Z,1383573.0996557851,-0925-12-29T14:23:30.260Z,"[{""jd_ut"":1382483.0421757265,""utc"":""-0927-01-03T13:00:43.983Z"",""motion"":""direct""},{""jd_ut"":1382625.876105297,""utc"":""-0927-05-26T09:01:35.498Z"",""motion"":""retrograde""},{""jd_ut"":1382756.536046709,""utc"":""-0927-10-04T00:51:54.436Z"",""motion"":""direct""}]",3
F87.10,F87,87,10,Capricorn,270,1383573.0996557851,-0925-12-29T14:23:30.260Z,1384382.611156534,-0922-03-18T02:40:03.925Z,"[{""jd_ut"":1383573.0996557851,""utc"":""-0925-12-29T14:23:30.260Z"",""motion"":""direct""}]",1
F87.11,F87,87,11,Aquarius,300,1384382.611156534,-0922-03-18T02:40:03.925Z,1385440.7001382746,-0919-02-08T04:48:11.947Z,"[{""jd_ut"":1384382.611156534,""utc"":""-0922-03-18T02:40:03.925Z"",""motion"":""direct""},{""jd_ut"":1384499.5233402909,""utc"":""-0922-07-13T00:33:36.601Z"",""motion"":""retrograde""},{""jd_ut"":1384650.0954567883,""utc"":""-0922-12-10T14:17:27.467Z"",""motion"":""direct""}]",3
F87.12,F87,87,12,Pisces,330,1385440.7001382746,-0919-02-08T04:48:11.947Z,1386218.192375069,-0917-03-27T16:37:01.206Z,"[{""jd_ut"":1385440.7001382746,""utc"":""-0919-02-08T04:48:11.947Z"",""motion"":""direct""}]",1
F88.01,F88,88,1,Aries,0,1386218.192375069,-0917-03-27T16:37:01.206Z,1386988.60669901,-0915-05-06T02:33:38.794Z,"[{""jd_ut"":1386218.192375069,""utc"":""-0917-03-27T16:37:01.206Z"",""motion"":""direct""}]",1
F88.02,F88,88,2,Taurus,30,1386988.60669901,-0915-05-06T02:33:38.794Z,1387757.792897135,-0913-06-14T07:01:46.312Z,"[{""jd_ut"":1386988.60669901,""utc"":""-0915-05-06T02:33:38.794Z"",""motion"":""direct""}]",1
F88.03,F88,88,3,Gemini,60,1387757.792897135,-0913-06-14T07:01:46.312Z,1388532.47503486,-0911-07-27T23:24:03.012Z,"[{""jd_ut"":1387757.792897135,""utc"":""-0913-06-14T07:01:46.312Z"",""motion"":""direct""}]",1
F88.04,F88,88,4,Cancer,90,1388532.47503486,-0911-07-27T23:24:03.012Z,1389322.8765076986,-0909-09-26T09:02:10.265Z,"[{""jd_ut"":1388532.47503486,""utc"":""-0911-07-27T23:24:03.012Z"",""motion"":""direct""},{""jd_ut"":1388703.780327247,""utc"":""-0910-01-15T06:43:40.274Z"",""motion"":""retrograde""},{""jd_ut"":1388791.4493097505,""utc"":""-0910-04-12T22:47:00.362Z"",""motion"":""direct""}]",3
F88.05,F88,88,5,Leo,120,1389322.8765076986,-0909-09-26T09:02:10.265Z,1390385.838710077,-0906-08-24T08:07:44.551Z,"[{""jd_ut"":1389322.8765076986,""utc"":""-0909-09-26T09:02:10.265Z"",""motion"":""direct""},{""jd_ut"":1389417.560411049,""utc"":""-0909-12-30T01:26:59.515Z"",""motion"":""retrograde""},{""jd_ut"":1389586.850392153,""utc"":""-0908-06-16T08:24:33.882Z"",""motion"":""direct""}]",3
F88.06,F88,88,6,Virgo,150,1390385.838710077,-0906-08-24T08:07:44.551Z,1391199.131814756,-0904-11-14T15:09:48.795Z,"[{""jd_ut"":1390385.838710077,""utc"":""-0906-08-24T08:07:44.551Z"",""motion"":""direct""}]",1
F88.07,F88,88,7,Libra,180,1391199.131814756,-0904-11-14T15:09:48.795Z,1392289.991046703,-0901-11-10T11:47:06.435Z,"[{""jd_ut"":1391199.131814756,""utc"":""-0904-11-14T15:09:48.795Z"",""motion"":""direct""},{""jd_ut"":1391314.8930241922,""utc"":""-0903-03-10T09:25:57.290Z"",""motion"":""retrograde""},{""jd_ut"":1391470.8489787136,""utc"":""-0903-08-13T08:22:31.761Z"",""motion"":""direct""}]",3
F88.08,F88,88,8,Scorpio,210,1392289.991046703,-0901-11-10T11:47:06.435Z,1393388.6334889596,-0898-11-14T03:12:13.446Z,"[{""jd_ut"":1392289.991046703,""utc"":""-0901-11-10T11:47:06.435Z"",""motion"":""direct""},{""jd_ut"":1392511.300139401,""utc"":""-0900-06-19T19:12:12.044Z"",""motion"":""retrograde""},{""jd_ut"":1392542.6900893706,""utc"":""-0900-07-21T04:33:43.722Z"",""motion"":""direct""}]",3
F88.09,F88,88,9,Sagittarius,240,1393388.6334889596,-0898-11-14T03:12:13.446Z,1394206.0400883136,-0895-02-08T12:57:43.630Z,"[{""jd_ut"":1393388.6334889596,""utc"":""-0898-11-14T03:12:13.446Z"",""motion"":""direct""}]",1
F88.10,F88,88,10,Capricorn,270,1394206.0400883136,-0895-02-08T12:57:43.630Z,1395282.087340057,-0892-01-20T14:05:46.181Z,"[{""jd_ut"":1394206.0400883136,""utc"":""-0895-02-08T12:57:43.630Z"",""motion"":""direct""},{""jd_ut"":1394338.814132376,""utc"":""-0895-06-21T07:32:21.037Z"",""motion"":""retrograde""},{""jd_ut"":1394477.4972847854,""utc"":""-0895-11-06T23:56:05.405Z"",""motion"":""direct""}]",3
F88.11,F88,88,11,Aquarius,300,1395282.087340057,-0892-01-20T14:05:46.181Z,1396072.4348063474,-0890-03-20T22:26:07.268Z,"[{""jd_ut"":1395282.087340057,""utc"":""-0892-01-20T14:05:46.181Z"",""motion"":""direct""}]",1
F88.12,F88,88,12,Pisces,330,1396072.4348063474,-0890-03-20T22:26:07.268Z,1396854.0532150175,-0888-05-10T13:16:37.778Z,"[{""jd_ut"":1396072.4348063474,""utc"":""-0890-03-20T22:26:07.268Z"",""motion"":""direct""},{""jd_ut"":1396270.0518314857,""utc"":""-0890-10-04T13:14:38.240Z"",""motion"":""retrograde""},{""jd_ut"":1396327.6152478196,""utc"":""-0890-12-01T02:45:57.412Z"",""motion"":""direct""}]",3
F89.01,F89,89,1,Aries,0,1396854.0532150175,-0888-05-10T13:16:37.778Z,1397628.7640454252,-0886-06-24T06:20:13.525Z,"[{""jd_ut"":1396854.0532150175,""utc"":""-0888-05-10T13:16:37.778Z"",""motion"":""direct""},{""jd_ut"":1396993.815134162,""utc"":""-0888-09-27T07:33:47.592Z"",""motion"":""retrograde""},{""jd_ut"":1397116.3293686607,""utc"":""-0887-01-27T19:54:17.452Z"",""motion"":""direct""}]",3
F89.02,F89,89,2,Taurus,30,1397628.7640454252,-0886-06-24T06:20:13.525Z,1398403.072262967,-0884-08-06T13:44:03.520Z,"[{""jd_ut"":1397628.7640454252,""utc"":""-0886-06-24T06:20:13.525Z"",""motion"":""direct""},{""jd_ut"":1397736.2166426983,""utc"":""-0886-10-09T17:11:57.929Z"",""motion"":""retrograde""},{""jd_ut"":1397888.3663176615,""utc"":""-0885-03-10T20:47:29.846Z"",""motion"":""direct""}]",3
F89.03,F89,89,3,Gemini,60,1398403.072262967,-0884-08-06T13:44:03.520Z,1399433.6832559402,-0881-06-03T04:23:53.313Z,"[{""jd_ut"":1398403.072262967,""utc"":""-0884-08-06T13:44:03.520Z"",""motion"":""direct""},{""jd_ut"":1398479.8825585945,""utc"":""-0884-10-22T09:10:53.063Z"",""motion"":""retrograde""},{""jd_ut"":1398658.462573933,""utc"":""-0883-04-18T23:06:06.388Z"",""motion"":""direct""}]",3
F89.04,F89,89,4,Cancer,90,1399433.6832559402,-0881-06-03T04:23:53.313Z,1400218.0439511025,-0879-07-26T13:03:17.375Z,"[{""jd_ut"":1399433.6832559402,""utc"":""-0881-06-03T04:23:53.313Z"",""motion"":""direct""}]",1
F89.05,F89,89,5,Leo,120,1400218.0439511025,-0879-07-26T13:03:17.375Z,1401015.6731130984,-0877-10-02T04:09:16.972Z,"[{""jd_ut"":1400218.0439511025,""utc"":""-0879-07-26T13:03:17.375Z"",""motion"":""direct""}]",1
F89.06,F89,89,6,Virgo,150,1401015.6731130984,-0877-10-02T04:09:16.972Z,1402099.6130737392,-0874-09-20T02:42:49.571Z,"[{""jd_ut"":1401015.6731130984,""utc"":""-0877-10-02T04:09:16.972Z"",""motion"":""direct""},{""jd_ut"":1401169.9308471694,""utc"":""-0876-03-04T10:20:25.195Z"",""motion"":""retrograde""},{""jd_ut"":1401283.8665180732,""utc"":""-0876-06-26T08:47:47.162Z"",""motion"":""direct""}]",3
F89.07,F89,89,7,Libra,180,1402099.6130737392,-0874-09-20T02:42:49.571Z,1402923.1732083107,-0872-12-21T16:09:25.198Z,"[{""jd_ut"":1402099.6130737392,""utc"":""-0874-09-20T02:42:49.571Z"",""motion"":""direct""}]",1
F89.08,F89,89,8,Scorpio,210,1402923.1732083107,-0872-12-21T16:09:25.198Z,1404014.794194636,-0869-12-18T07:03:38.417Z,"[{""jd_ut"":1402923.1732083107,""utc"":""-0872-12-21T16:09:25.198Z"",""motion"":""direct""},{""jd_ut"":1403024.6066299733,""utc"":""-0871-04-02T02:33:32.830Z"",""motion"":""retrograde""},{""jd_ut"":1403194.7621161072,""utc"":""-0871-09-19T06:17:26.832Z"",""motion"":""direct""}]",3
F89.09,F89,89,9,Sagittarius,240,1404014.794194636,-0869-12-18T07:03:38.417Z,1405106.9481559964,-0866-12-14T10:45:20.678Z,"[{""jd_ut"":1404014.794194636,""utc"":""-0869-12-18T07:03:38.417Z"",""motion"":""direct""},{""jd_ut"":1404207.7746712747,""utc"":""-0868-06-28T06:35:31.598Z"",""motion"":""retrograde""},{""jd_ut"":1404280.805543094,""utc"":""-0868-09-09T07:19:58.923Z"",""motion"":""direct""}]",3
F89.10,F89,89,10,Capricorn,270,1405106.9481559964,-0866-12-14T10:45:20.678Z,1405911.124292077,-0863-02-25T14:58:58.835Z,"[{""jd_ut"":1405106.9481559964,""utc"":""-0866-12-14T10:45:20.678Z"",""motion"":""direct""}]",1
F89.11,F89,89,11,Aquarius,300,1405911.124292077,-0863-02-25T14:58:58.835Z,1406719.3211410167,-0861-05-14T19:42:26.584Z,"[{""jd_ut"":1405911.124292077,""utc"":""-0863-02-25T14:58:58.835Z"",""motion"":""direct""},{""jd_ut"":1406080.9260979448,""utc"":""-0863-08-14T10:13:34.862Z"",""motion"":""retrograde""},{""jd_ut"":1406177.2434653519,""utc"":""-0863-11-18T17:50:35.406Z"",""motion"":""direct""}]",3
F89.12,F89,89,12,Pisces,330,1406719.3211410167,-0861-05-14T19:42:26.584Z,1407751.1912610936,-0858-03-11T16:35:24.958Z,"[{""jd_ut"":1406719.3211410167,""utc"":""-0861-05-14T19:42:26.584Z"",""motion"":""direct""},{""jd_ut"":1406779.6788542527,""utc"":""-0861-07-14T04:17:33.007Z"",""motion"":""retrograde""},{""jd_ut"":1406973.178632339,""utc"":""-0860-01-23T16:17:13.834Z"",""motion"":""direct""}]",3
F90.01,F90,90,1,Aries,0,1407751.1912610936,-0858-03-11T16:35:24.958Z,1408521.5998787256,-0856-04-20T02:23:49.522Z,"[{""jd_ut"":1407751.1912610936,""utc"":""-0858-03-11T16:35:24.958Z"",""motion"":""direct""}]",1
F90.02,F90,90,2,Taurus,30,1408521.5998787256,-0856-04-20T02:23:49.522Z,1409290.701097927,-0854-05-29T04:49:34.861Z,"[{""jd_ut"":1408521.5998787256,""utc"":""-0856-04-20T02:23:49.522Z"",""motion"":""direct""}]",1
F90.03,F90,90,3,Gemini,60,1409290.701097927,-0854-05-29T04:49:34.861Z,1410064.6972820847,-0852-07-11T04:44:05.172Z,"[{""jd_ut"":1409290.701097927,""utc"":""-0854-05-29T04:49:34.861Z"",""motion"":""direct""}]",1
F90.04,F90,90,4,Cancer,90,1410064.6972820847,-0852-07-11T04:44:05.172Z,1410850.1965991515,-0850-09-04T16:43:06.167Z,"[{""jd_ut"":1410064.6972820847,""utc"":""-0852-07-11T04:44:05.172Z"",""motion"":""direct""}]",1
F90.05,F90,90,5,Leo,120,1410850.1965991515,-0850-09-04T16:43:06.167Z,1411919.6092860978,-0847-08-09T02:37:22.319Z,"[{""jd_ut"":1410850.1965991515,""utc"":""-0850-09-04T16:43:06.167Z"",""motion"":""direct""},{""jd_ut"":1410997.8912827298,""utc"":""-0849-01-30T09:23:26.828Z"",""motion"":""retrograde""},{""jd_ut"":1411115.7769335932,""utc"":""-0849-05-28T06:38:47.062Z"",""motion"":""direct""}]",3
F90.06,F90,90,6,Virgo,150,1411919.6092860978,-0847-08-09T02:37:22.319Z,1412729.0328473062,-0845-10-27T12:47:18.007Z,"[{""jd_ut"":1411919.6092860978,""utc"":""-0847-08-09T02:37:22.319Z"",""motion"":""direct""}]",1
F90.07,F90,90,7,Libra,180,1412729.0328473062,-0845-10-27T12:47:18.007Z,1413823.729992316,-0842-10-26T05:31:11.336Z,"[{""jd_ut"":1412729.0328473062,""utc"":""-0845-10-27T12:47:18.007Z"",""motion"":""direct""},{""jd_ut"":1412894.433203734,""utc"":""-0844-04-09T22:23:48.803Z"",""motion"":""retrograde""},{""jd_ut"":1412998.8745102938,""utc"":""-0844-07-23T08:59:17.689Z"",""motion"":""direct""}]",3
F90.08,F90,90,8,Scorpio,210,1413823.729992316,-0842-10-26T05:31:11.336Z,1414658.4750195486,-0839-02-06T23:24:01.689Z,"[{""jd_ut"":1413823.729992316,""utc"":""-0842-10-26T05:31:11.336Z"",""motion"":""direct""}]",1
F90.09,F90,90,9,Sagittarius,240,1414658.4750195486,-0839-02-06T23:24:01.689Z,1415736.3380216733,-0836-01-20T20:06:45.073Z,"[{""jd_ut"":1414658.4750195486,""utc"":""-0839-02-06T23:24:01.689Z"",""motion"":""direct""},{""jd_ut"":1414722.6091545057,""utc"":""-0839-04-12T02:37:10.949Z"",""motion"":""retrograde""},{""jd_ut"":1414921.9757376984,""utc"":""-0839-10-28T11:25:03.737Z"",""motion"":""direct""}]",3
F90.10,F90,90,10,Capricorn,270,1415736.3380216733,-0836-01-20T20:06:45.073Z,1416815.4509609104,-0833-01-03T22:49:23.023Z,"[{""jd_ut"":1415736.3380216733,""utc"":""-0836-01-20T20:06:45.073Z"",""motion"":""direct""},{""jd_ut"":1415920.633004839,""utc"":""-0836-07-23T03:11:31.618Z"",""motion"":""retrograde""},{""jd_ut"":1416002.8643821198,""utc"":""-0836-10-13T08:44:42.615Z"",""motion"":""direct""}]",3
F90.11,F90,90,11,Aquarius,300,1416815.4509609104,-0833-01-03T22:49:23.023Z,1417604.8727338081,-0831-03-03T08:56:44.201Z,"[{""jd_ut"":1416815.4509609104,""utc"":""-0833-01-03T22:49:23.023Z"",""motion"":""direct""}]",1
F90.12,F90,90,12,Pisces,330,1417604.8727338081,-0831-03-03T08:56:44.201Z,1418384.0012173434,-0829-04-21T12:01:45.178Z,"[{""jd_ut"":1417604.8727338081,""utc"":""-0831-03-03T08:56:44.201Z"",""motion"":""direct""}]",1
F91.01,F91,91,1,Aries,0,1418384.0012173434,-0829-04-21T12:01:45.178Z,1419156.0872339667,-0827-06-01T14:05:37.015Z,"[{""jd_ut"":1418384.0012173434,""utc"":""-0829-04-21T12:01:45.178Z"",""motion"":""direct""},{""jd_ut"":1418580.3706101775,""utc"":""-0829-11-03T20:53:40.719Z"",""motion"":""retrograde""},{""jd_ut"":1418635.9234623923,""utc"":""-0829-12-29T10:09:47.151Z"",""motion"":""direct""}]",3
F91.02,F91,91,2,Taurus,30,1419156.0872339667,-0827-06-01T14:05:37.015Z,1419926.6080337954,-0825-07-12T02:35:34.120Z,"[{""jd_ut"":1419156.0872339667,""utc"":""-0827-06-01T14:05:37.015Z"",""motion"":""direct""},{""jd_ut"":1419318.2591957184,""utc"":""-0827-11-10T18:13:14.510Z"",""motion"":""retrograde""},{""jd_ut"":1419414.8459152654,""utc"":""-0826-02-15T08:18:07.079Z"",""motion"":""direct""}]",3
F91.03,F91,91,3,Gemini,60,1419926.6080337954,-0825-07-12T02:35:34.120Z,1420704.8986480148,-0823-08-28T09:34:03.188Z,"[{""jd_ut"":1419926.6080337954,""utc"":""-0825-07-12T02:35:34.120Z"",""motion"":""direct""},{""jd_ut"":1420062.9568221145,""utc"":""-0825-11-25T10:57:49.431Z"",""motion"":""retrograde""},{""jd_ut"":1420187.6686240383,""utc"":""-0824-03-29T04:02:49.117Z"",""motion"":""direct""}]",3
F91.04,F91,91,4,Cancer,90,1420704.8986480148,-0823-08-28T09:34:03.188Z,1421751.4218438384,-0820-07-09T22:07:27.308Z,"[{""jd_ut"":1420704.8986480148,""utc"":""-0823-08-28T09:34:03.188Z"",""motion"":""direct""},{""jd_ut"":1420798.5603717412,""utc"":""-0823-11-30T01:26:56.118Z"",""motion"":""retrograde""},{""jd_ut"":1420965.3476951611,""utc"":""-0822-05-15T20:20:40.862Z"",""motion"":""direct""}]",3
F91.05,F91,91,5,Leo,120,1421751.4218438384,-0820-07-09T22:07:27.308Z,1422547.7595877326,-0818-09-14T06:13:48.380Z,"[{""jd_ut"":1421751.4218438384,""utc"":""-0820-07-09T22:07:27.308Z"",""motion"":""direct""}]",1
F91.06,F91,91,6,Virgo,150,1422547.7595877326,-0818-09-14T06:13:48.380Z,1423393.7219532821,-0815-01-07T05:19:36.764Z,"[{""jd_ut"":1422547.7595877326,""utc"":""-0818-09-14T06:13:48.380Z"",""motion"":""direct""},{""jd_ut"":1422759.976280938,""utc"":""-0817-04-14T11:25:50.673Z"",""motion"":""retrograde""},{""jd_ut"":1422798.5330757853,""utc"":""-0817-05-23T00:47:37.748Z"",""motion"":""direct""}]",3
F91.07,F91,91,7,Libra,180,1423393.7219532821,-0815-01-07T05:19:36.764Z,1424451.5212513926,-0813-12-01T00:30:36.120Z,"[{""jd_ut"":1423393.7219532821,""utc"":""-0815-01-07T05:19:36.764Z"",""motion"":""direct""},{""jd_ut"":1423394.9434123235,""utc"":""-0815-01-08T10:38:30.825Z"",""motion"":""retrograde""},{""jd_ut"":1423633.3414434083,""utc"":""-0815-09-03T20:11:40.710Z"",""motion"":""direct""}]",3
F91.08,F91,91,8,Scorpio,210,1424451.5212513926,-0813-12-01T00:30:36.120Z,1425548.077480278,-0810-12-01T13:51:34.296Z,"[{""jd_ut"":1424451.5212513926,""utc"":""-0813-12-01T00:30:36.120Z"",""motion"":""direct""},{""jd_ut"":1424604.175951663,""utc"":""-0812-05-01T16:13:22.224Z"",""motion"":""retrograde""},{""jd_ut"":1424724.5917181564,""utc"":""-0812-08-30T02:12:04.449Z"",""motion"":""direct""}]",3
F91.09,F91,91,9,Sagittarius,240,1425548.077480278,-0810-12-01T13:51:34.296Z,1426380.8672268977,-0807-03-13T08:48:48.404Z,"[{""jd_ut"":1425548.077480278,""utc"":""-0810-12-01T13:51:34.296Z"",""motion"":""direct""}]",1
F91.10,F91,91,10,Capricorn,270,1426380.8672268977,-0807-03-13T08:48:48.404Z,1427442.840956105,-0804-02-08T08:10:58.607Z,"[{""jd_ut"":1426380.8672268977,""utc"":""-0807-03-13T08:48:48.404Z"",""motion"":""direct""},{""jd_ut"":1426437.7380676847,""utc"":""-0807-05-09T05:42:49.048Z"",""motion"":""retrograde""},{""jd_ut"":1426640.1712283469,""utc"":""-0807-11-27T16:06:34.129Z"",""motion"":""direct""}]",3
F91.11,F91,91,11,Aquarius,300,1427442.840956105,-0804-02-08T08:10:58.607Z,1428238.2966846125,-0802-04-13T19:07:13.551Z,"[{""jd_ut"":1427442.840956105,""utc"":""-0804-02-08T08:10:58.607Z"",""motion"":""direct""}]",1
F91.12,F91,91,12,Pisces,330,1428238.2966846125,-0802-04-13T19:07:13.551Z,1429033.5759168006,-0800-06-17T01:49:19.212Z,"[{""jd_ut"":1428238.2966846125,""utc"":""-0802-04-13T19:07:13.551Z"",""motion"":""direct""},{""jd_ut"":1428366.8078542654,""utc"":""-0802-08-20T07:23:18.609Z"",""motion"":""retrograde""},{""jd_ut"":1428503.2538202088,""utc"":""-0801-01-03T18:05:30.066Z"",""motion"":""direct""}]",3
F92.01,F92,92,1,Aries,0,1429033.5759168006,-0800-06-17T01:49:19.212Z,1430053.9244553144,-0797-04-03T10:11:12.939Z,"[{""jd_ut"":1429033.5759168006,""utc"":""-0800-06-17T01:49:19.212Z"",""motion"":""direct""},{""jd_ut"":1429087.0180148613,""utc"":""-0800-08-09T12:25:56.484Z"",""motion"":""retrograde""},{""jd_ut"":1429283.1157276058,""utc"":""-0799-02-21T14:46:38.865Z"",""motion"":""direct""}]",3
F92.02,F92,92,2,Taurus,30,1430053.9244553144,-0797-04-03T10:11:12.939Z,1430823.2181878467,-0795-05-11T17:14:11.430Z,"[{""jd_ut"":1430053.9244553144,""utc"":""-0797-04-03T10:11:12.939Z"",""motion"":""direct""}]",1
F92.03,F92,92,3,Gemini,60,1430823.2181878467,-0795-05-11T17:14:11.430Z,1431597.2026419477,-0793-06-24T16:51:48.264Z,"[{""jd_ut"":1430823.2181878467,""utc"":""-0795-05-11T17:14:11.430Z"",""motion"":""direct""}]",1
F92.04,F92,92,4,Cancer,90,1431597.2026419477,-0793-06-24T16:51:48.264Z,1432380.9956385791,-0791-08-16T11:53:43.173Z,"[{""jd_ut"":1431597.2026419477,""utc"":""-0793-06-24T16:51:48.264Z"",""motion"":""direct""}]",1
F92.05,F92,92,5,Leo,120,1432380.9956385791,-0791-08-16T11:53:43.173Z,1433186.4368066378,-0789-10-30T22:29:00.094Z,"[{""jd_ut"":1432380.9956385791,""utc"":""-0791-08-16T11:53:43.173Z"",""motion"":""direct""},{""jd_ut"":1432588.707169203,""utc"":""-0790-03-12T04:58:19.419Z"",""motion"":""retrograde""},{""jd_ut"":1432630.0058551207,""utc"":""-0790-04-22T12:08:25.882Z"",""motion"":""direct""}]",3
F92.06,F92,92,6,Virgo,150,1433186.4368066378,-0789-10-30T22:29:00.094Z,1434261.22383025,-0786-10-09T17:22:18.934Z,"[{""jd_ut"":1433186.4368066378,""utc"":""-0789-10-30T22:29:00.094Z"",""motion"":""direct""},{""jd_ut"":1433269.9346025,""utc"":""-0788-01-22T10:25:49.656Z"",""motion"":""retrograde""},{""jd_ut"":1433451.6450318657,""utc"":""-0788-07-22T03:28:50.753Z"",""motion"":""direct""}]",3
F92.07,F92,92,7,Libra,180,1434261.22383025,-0786-10-09T17:22:18.934Z,1435357.2882878408,-0783-10-09T18:55:08.069Z,"[{""jd_ut"":1434261.22383025,""utc"":""-0786-10-09T17:22:18.934Z"",""motion"":""direct""}]",1
F92.08,F92,92,8,Scorpio,210,1435357.2882878408,-0783-10-09T18:55:08.069Z,1436180.099945981,-0780-01-10T14:23:55.333Z,"[{""jd_ut"":1435357.2882878408,""utc"":""-0783-10-09T18:55:08.069Z"",""motion"":""direct""}]",1
F92.09,F92,92,9,Sagittarius,240,1436180.099945981,-0780-01-10T14:23:55.333Z,1437268.9673775323,-0777-01-03T11:13:01.419Z,"[{""jd_ut"":1436180.099945981,""utc"":""-0780-01-10T14:23:55.333Z"",""motion"":""direct""},{""jd_ut"":1436307.105161067,""utc"":""-0780-05-16T14:31:25.916Z"",""motion"":""retrograde""},{""jd_ut"":1436453.350654277,""utc"":""-0780-10-09T20:24:56.530Z"",""motion"":""direct""}]",3
F92.10,F92,92,10,Capricorn,270,1437268.9673775323,-0777-01-03T11:13:01.419Z,1438082.6052781404,-0775-03-27T02:31:36.031Z,"[{""jd_ut"":1437268.9673775323,""utc"":""-0777-01-03T11:13:01.419Z"",""motion"":""direct""}]",1
F92.11,F92,92,11,Aquarius,300,1438082.6052781404,-0775-03-27T02:31:36.031Z,1439137.8939451682,-0772-02-15T09:27:16.863Z,"[{""jd_ut"":1438082.6052781404,""utc"":""-0775-03-27T02:31:36.031Z"",""motion"":""direct""},{""jd_ut"":1438177.9102805634,""utc"":""-0775-06-30T09:50:48.241Z"",""motion"":""retrograde""},{""jd_ut"":1438347.6404555691,""utc"":""-0775-12-17T03:22:15.361Z"",""motion"":""direct""}]",3
F92.12,F92,92,12,Pisces,330,1439137.8939451682,-0772-02-15T09:27:16.863Z,1439915.9677863792,-0770-04-03T11:13:36.743Z,"[{""jd_ut"":1439137.8939451682,""utc"":""-0772-02-15T09:27:16.863Z"",""motion"":""direct""}]",1
F93.01,F93,93,1,Aries,0,1439915.9677863792,-0770-04-03T11:13:36.743Z,1440686.965531934,-0768-05-13T11:10:21.959Z,"[{""jd_ut"":1439915.9677863792,""utc"":""-0770-04-03T11:13:36.743Z"",""motion"":""direct""}]",1
F93.02,F93,93,2,Taurus,30,1440686.965531934,-0768-05-13T11:10:21.959Z,1441456.3326785057,-0766-06-21T19:59:03.423Z,"[{""jd_ut"":1440686.965531934,""utc"":""-0768-05-13T11:10:21.959Z"",""motion"":""direct""}]",1
F93.03,F93,93,3,Gemini,60,1441456.3326785057,-0766-06-21T19:59:03.423Z,1442231.0208121147,-0764-08-04T12:29:58.167Z,"[{""jd_ut"":1441456.3326785057,""utc"":""-0766-06-21T19:59:03.423Z"",""motion"":""direct""},{""jd_ut"":1441649.8941078424,""utc"":""-0765-01-01T09:27:30.918Z"",""motion"":""retrograde""},{""jd_ut"":1441706.5063469983,""utc"":""-0765-02-27T00:09:08.381Z"",""motion"":""direct""}]",3
F93.04,F93,93,4,Cancer,90,1442231.0208121147,-0764-08-04T12:29:58.167Z,1443024.272857483,-0762-10-06T18:32:54.887Z,"[{""jd_ut"":1442231.0208121147,""utc"":""-0764-08-04T12:29:58.167Z"",""motion"":""direct""},{""jd_ut"":1442380.5080228304,""utc"":""-0763-01-01T00:11:33.173Z"",""motion"":""retrograde""},{""jd_ut"":1442493.0629728227,""utc"":""-0763-04-23T13:30:40.852Z"",""motion"":""direct""}]",3
F93.05,F93,93,5,Leo,120,1443024.272857483,-0762-10-06T18:32:54.887Z,1444080.8667426952,-0759-08-28T08:48:06.569Z,"[{""jd_ut"":1443024.272857483,""utc"":""-0762-10-06T18:32:54.887Z"",""motion"":""direct""},{""jd_ut"":1443095.427357844,""utc"":""-0762-12-16T22:15:23.718Z"",""motion"":""retrograde""},{""jd_ut"":1443283.5903434176,""utc"":""-0761-06-23T02:10:05.671Z"",""motion"":""direct""}]",3
F93.06,F93,93,6,Virgo,150,1444080.8667426952,-0759-08-28T08:48:06.569Z,1444895.0257034176,-0757-11-20T12:37:00.775Z,"[{""jd_ut"":1444080.8667426952,""utc"":""-0759-08-28T08:48:06.569Z"",""motion"":""direct""}]",1
F93.07,F93,93,7,Libra,180,1444895.0257034176,-0757-11-20T12:37:00.775Z,1445983.4900662247,-0754-11-12T23:45:41.722Z,"[{""jd_ut"":1444895.0257034176,""utc"":""-0757-11-20T12:37:00.775Z"",""motion"":""direct""},{""jd_ut"":1444998.6650401368,""utc"":""-0756-03-03T03:57:39.468Z"",""motion"":""retrograde""},{""jd_ut"":1445165.4765712107,""utc"":""-0756-08-16T23:26:15.753Z"",""motion"":""direct""}]",3
F93.08,F93,93,8,Scorpio,210,1445983.4900662247,-0754-11-12T23:45:41.722Z,1447081.826135722,-0751-11-15T07:49:38.126Z,"[{""jd_ut"":1445983.4900662247,""utc"":""-0754-11-12T23:45:41.722Z"",""motion"":""direct""},{""jd_ut"":1446190.5303698173,""utc"":""-0753-06-08T00:43:43.952Z"",""motion"":""retrograde""},{""jd_ut"":1446243.7228470813,""utc"":""-0753-07-31T05:20:53.988Z"",""motion"":""direct""}]",3
F93.09,F93,93,9,Sagittarius,240,1447081.826135722,-0751-11-15T07:49:38.126Z,1447900.5139728412,-0748-02-12T00:20:07.253Z,"[{""jd_ut"":1447081.826135722,""utc"":""-0751-11-15T07:49:38.126Z"",""motion"":""direct""}]",1
F93.10,F93,93,10,Capricorn,270,1447900.5139728412,-0748-02-12T00:20:07.253Z,1448976.067528782,-0745-01-22T13:37:14.487Z,"[{""jd_ut"":1447900.5139728412,""utc"":""-0748-02-12T00:20:07.253Z"",""motion"":""direct""},{""jd_ut"":1448023.8737512492,""utc"":""-0748-06-14T08:58:12.108Z"",""motion"":""retrograde""},{""jd_ut"":1448171.7603118722,""utc"":""-0748-11-09T06:14:50.946Z"",""motion"":""direct""}]",3
F93.11,F93,93,11,Aquarius,300,1448976.067528782,-0745-01-22T13:37:14.487Z,1449767.433714203,-0743-03-23T22:24:32.907Z,"[{""jd_ut"":1448976.067528782,""utc"":""-0745-01-22T13:37:14.487Z"",""motion"":""direct""}]",1
F93.12,F93,93,12,Pisces,330,1449767.433714203,-0743-03-23T22:24:32.907Z,1450551.060365534,-0741-05-16T13:26:55.582Z,"[{""jd_ut"":1449767.433714203,""utc"":""-0743-03-23T22:24:32.907Z"",""motion"":""direct""},{""jd_ut"":1449950.1205665525,""utc"":""-0743-09-22T14:53:36.950Z"",""motion"":""retrograde""},{""jd_ut"":1450027.3300331887,""utc"":""-0743-12-08T19:55:14.868Z"",""motion"":""direct""}]",3
F94.01,F94,94,1,Aries,0,1450551.060365534,-0741-05-16T13:26:55.582Z,1451328.6306872745,-0739-07-02T03:08:11.381Z,"[{""jd_ut"":1450551.060365534,""utc"":""-0741-05-16T13:26:55.582Z"",""motion"":""direct""},{""jd_ut"":1450675.2718445421,""utc"":""-0741-09-17T18:31:27.368Z"",""motion"":""retrograde""},{""jd_ut"":1450813.2307373341,""utc"":""-0740-02-02T17:32:15.706Z"",""motion"":""direct""}]",3
F94.02,F94,94,2,Taurus,30,1451328.6306872745,-0739-07-02T03:08:11.381Z,1452108.044246524,-0737-08-20T13:03:42.900Z,"[{""jd_ut"":1451328.6306872745,""utc"":""-0739-07-02T03:08:11.381Z"",""motion"":""direct""},{""jd_ut"":1451415.3683639043,""utc"":""-0739-09-26T20:50:26.641Z"",""motion"":""retrograde""},{""jd_ut"":1451585.3006453863,""utc"":""-0738-03-15T19:12:55.761Z"",""motion"":""direct""}]",3
F94.03,F94,94,3,Gemini,60,1452108.044246524,-0737-08-20T13:03:42.900Z,1453129.7656697417,-0734-06-07T06:22:33.866Z,"[{""jd_ut"":1452108.044246524,""utc"":""-0737-08-20T13:03:42.900Z"",""motion"":""direct""},{""jd_ut"":1452154.359896929,""utc"":""-0737-10-05T20:38:15.095Z"",""motion"":""retrograde""},{""jd_ut"":1452355.2052999274,""utc"":""-0736-04-23T16:55:37.914Z"",""motion"":""direct""}]",3
F94.04,F94,94,4,Cancer,90,1453129.7656697417,-0734-06-07T06:22:33.866Z,1453913.3534748005,-0732-07-29T20:29:00.223Z,"[{""jd_ut"":1453129.7656697417,""utc"":""-0734-06-07T06:22:33.866Z"",""motion"":""direct""}]",1
F94.05,F94,94,5,Leo,120,1453913.3534748005,-0732-07-29T20:29:00.223Z,1454711.3871568348,-0730-10-05T21:17:30.351Z,"[{""jd_ut"":1453913.3534748005,""utc"":""-0732-07-29T20:29:00.223Z"",""motion"":""direct""}]",1
F94.06,F94,94,6,Virgo,150,1454711.3871568348,-0730-10-05T21:17:30.351Z,1455794.3310463936,-0727-09-22T19:56:42.408Z,"[{""jd_ut"":1454711.3871568348,""utc"":""-0730-10-05T21:17:30.351Z"",""motion"":""direct""},{""jd_ut"":1454852.3363382407,""utc"":""-0729-02-23T20:04:19.624Z"",""motion"":""retrograde""},{""jd_ut"":1454980.6474190815,""utc"":""-0729-07-02T03:32:17.009Z"",""motion"":""direct""}]",3
F94.07,F94,94,7,Libra,180,1455794.3310463936,-0727-09-22T19:56:42.408Z,1456620.993554187,-0725-12-28T11:50:43.082Z,"[{""jd_ut"":1455794.3310463936,""utc"":""-0727-09-22T19:56:42.408Z"",""motion"":""direct""}]",1
F94.08,F94,94,8,Scorpio,210,1456620.993554187,-0725-12-28T11:50:43.082Z,1457710.2770496323,-0722-12-21T18:38:57.088Z,"[{""jd_ut"":1456620.993554187,""utc"":""-0725-12-28T11:50:43.082Z"",""motion"":""direct""},{""jd_ut"":1456706.2337852633,""utc"":""-0724-03-22T17:36:39.047Z"",""motion"":""retrograde""},{""jd_ut"":1456889.976638386,""utc"":""-0724-09-22T11:26:21.557Z"",""motion"":""direct""}]",3
F94.09,F94,94,9,Sagittarius,240,1457710.2770496323,-0722-12-21T18:38:57.088Z,1458802.7642289042,-0719-12-18T06:20:29.377Z,"[{""jd_ut"":1457710.2770496323,""utc"":""-0722-12-21T18:38:57.088Z"",""motion"":""direct""},{""jd_ut"":1457887.8984462172,""utc"":""-0721-06-17T09:33:45.753Z"",""motion"":""retrograde""},{""jd_ut"":1457980.0202235086,""utc"":""-0721-09-17T12:29:07.311Z"",""motion"":""direct""}]",3
F94.10,F94,94,10,Capricorn,270,1458802.7642289042,-0719-12-18T06:20:29.377Z,1459609.0469409414,-0716-03-03T13:07:35.697Z,"[{""jd_ut"":1458802.7642289042,""utc"":""-0719-12-18T06:20:29.377Z"",""motion"":""direct""}]",1
F94.11,F94,94,11,Aquarius,300,1459609.0469409414,-0716-03-03T13:07:35.697Z,1460671.1654418525,-0713-01-29T15:58:14.176Z,"[{""jd_ut"":1459609.0469409414,""utc"":""-0716-03-03T13:07:35.697Z"",""motion"":""direct""},{""jd_ut"":1459758.9784871968,""utc"":""-0716-07-31T11:29:01.294Z"",""motion"":""retrograde""},{""jd_ut"":1459877.412197223,""utc"":""-0716-11-26T21:53:33.840Z"",""motion"":""direct""}]",3
F94.12,F94,94,12,Pisces,330,1460671.1654418525,-0713-01-29T15:58:14.176Z,1461449.142671992,-0711-03-17T15:25:26.860Z,"[{""jd_ut"":1460671.1654418525,""utc"":""-0713-01-29T15:58:14.176Z"",""motion"":""direct""}]",1
F95.01,F95,95,1,Aries,0,1461449.142671992,-0711-03-17T15:25:26.860Z,1462219.6367258076,-0709-04-27T03:16:53.110Z,"[{""jd_ut"":1461449.142671992,""utc"":""-0711-03-17T15:25:26.860Z"",""motion"":""direct""}]",1
F95.02,F95,95,2,Taurus,30,1462219.6367258076,-0709-04-27T03:16:53.110Z,1462988.488557178,-0707-06-03T23:43:31.340Z,"[{""jd_ut"":1462219.6367258076,""utc"":""-0709-04-27T03:16:53.110Z"",""motion"":""direct""}]",1
F95.03,F95,95,3,Gemini,60,1462988.488557178,-0707-06-03T23:43:31.340Z,1463761.8984272336,-0705-07-17T09:33:44.113Z,"[{""jd_ut"":1462988.488557178,""utc"":""-0707-06-03T23:43:31.340Z"",""motion"":""direct""}]",1
F95.04,F95,95,4,Cancer,90,1463761.8984272336,-0705-07-17T09:33:44.113Z,1464547.3145370786,-0703-09-09T19:32:56.004Z,"[{""jd_ut"":1463761.8984272336,""utc"":""-0705-07-17T09:33:44.113Z"",""motion"":""direct""},{""jd_ut"":1463974.399518162,""utc"":""-0704-02-14T21:35:18.369Z"",""motion"":""retrograde""},{""jd_ut"":1464003.9774733442,""utc"":""-0704-03-15T11:27:33.697Z"",""motion"":""direct""}]",3
F95.05,F95,95,5,Leo,120,1464547.3145370786,-0703-09-09T19:32:56.004Z,1465614.135500127,-0700-08-12T15:15:07.211Z,"[{""jd_ut"":1464547.3145370786,""utc"":""-0703-09-09T19:32:56.004Z"",""motion"":""direct""},{""jd_ut"":1464678.8901377968,""utc"":""-0702-01-19T09:21:47.906Z"",""motion"":""retrograde""},{""jd_ut"":1464813.2254643054,""utc"":""-0702-06-02T17:24:40.116Z"",""motion"":""direct""}]",3
F95.06,F95,95,6,Virgo,150,1465614.135500127,-0700-08-12T15:15:07.211Z,1466423.3187414175,-0698-10-30T19:38:59.258Z,"[{""jd_ut"":1465614.135500127,""utc"":""-0700-08-12T15:15:07.211Z"",""motion"":""direct""}]",1
F95.07,F95,95,7,Libra,180,1466423.3187414175,-0698-10-30T19:38:59.258Z,1467517.0371805741,-0695-10-28T12:53:32.402Z,"[{""jd_ut"":1466423.3187414175,""utc"":""-0698-10-30T19:38:59.258Z"",""motion"":""direct""},{""jd_ut"":1466578.835886544,""utc"":""-0697-04-04T08:03:40.597Z"",""motion"":""retrograde""},{""jd_ut"":1466694.2136786836,""utc"":""-0697-07-28T17:07:41.838Z"",""motion"":""direct""}]",3
F95.08,F95,95,8,Scorpio,210,1467517.0371805741,-0695-10-28T12:53:32.402Z,1468356.5067178211,-0692-02-15T00:09:40.420Z,"[{""jd_ut"":1467517.0371805741,""utc"":""-0695-10-28T12:53:32.402Z"",""motion"":""direct""}]",1
F95.09,F95,95,9,Sagittarius,240,1468356.5067178211,-0692-02-15T00:09:40.420Z,1469430.5683812783,-0689-01-24T01:38:28.142Z,"[{""jd_ut"":1468356.5067178211,""utc"":""-0692-02-15T00:09:40.420Z"",""motion"":""direct""},{""jd_ut"":1468404.7299426896,""utc"":""-0692-04-03T05:31:07.048Z"",""motion"":""retrograde""},{""jd_ut"":1468615.5439529046,""utc"":""-0692-10-31T01:03:17.531Z"",""motion"":""direct""}]",3
F95.10,F95,95,10,Capricorn,270,1469430.5683812783,-0689-01-24T01:38:28.142Z,1470510.0957059753,-0686-01-07T14:17:48.996Z,"[{""jd_ut"":1469430.5683812783,""utc"":""-0689-01-24T01:38:28.142Z"",""motion"":""direct""},{""jd_ut"":1469603.8109918926,""utc"":""-0689-07-16T07:27:49.700Z"",""motion"":""retrograde""},{""jd_ut"":1469699.5578402332,""utc"":""-0689-10-20T01:23:17.396Z"",""motion"":""direct""}]",3
F95.11,F95,95,11,Aquarius,300,1470510.0957059753,-0686-01-07T14:17:48.996Z,1471300.0697186561,-0684-03-07T13:40:23.692Z,"[{""jd_ut"":1470510.0957059753,""utc"":""-0686-01-07T14:17:48.996Z"",""motion"":""direct""}]",1
F95.12,F95,95,12,Pisces,330,1471300.0697186561,-0684-03-07T13:40:23.692Z,1472080.2397224773,-0682-04-26T17:45:12.022Z,"[{""jd_ut"":1471300.0697186561,""utc"":""-0684-03-07T13:40:23.692Z"",""motion"":""direct""}]",1
F96.01,F96,96,1,Aries,0,1472080.2397224773,-0682-04-26T17:45:12.022Z,1472853.4728865186,-0680-06-07T23:20:57.395Z,"[{""jd_ut"":1472080.2397224773,""utc"":""-0682-04-26T17:45:12.022Z"",""motion"":""direct""},{""jd_ut"":1472257.6513909902,""utc"":""-0682-10-21T03:38:00.182Z"",""motion"":""retrograde""},{""jd_ut"":1472338.0745759276,""utc"":""-0681-01-09T13:47:23.360Z"",""motion"":""direct""}]",3
F96.02,F96,96,2,Taurus,30,1472853.4728865186,-0680-06-07T23:20:57.395Z,1473624.8544056048,-0678-07-19T08:30:20.644Z,"[{""jd_ut"":1472853.4728865186,""utc"":""-0680-06-07T23:20:57.395Z"",""motion"":""direct""},{""jd_ut"":1472997.7502843891,""utc"":""-0680-10-30T06:00:24.571Z"",""motion"":""retrograde""},{""jd_ut"":1473114.0367141068,""utc"":""-0679-02-23T12:52:52.099Z"",""motion"":""direct""}]",3
F96.03,F96,96,3,Gemini,60,1473624.8544056048,-0678-07-19T08:30:20.644Z,1474405.3498839429,-0676-09-06T20:23:49.973Z,"[{""jd_ut"":1473624.8544056048,""utc"":""-0678-07-19T08:30:20.644Z"",""motion"":""direct""},{""jd_ut"":1473742.9081093734,""utc"":""-0678-11-14T09:47:40.650Z"",""motion"":""retrograde""},{""jd_ut"":1473885.5827268683,""utc"":""-0677-04-06T01:59:07.601Z"",""motion"":""direct""}]",3
F96.04,F96,96,4,Cancer,90,1474405.3498839429,-0676-09-06T20:23:49.973Z,1475446.391854363,-0673-07-14T21:24:16.217Z,"[{""jd_ut"":1474405.3498839429,""utc"":""-0676-09-06T20:23:49.973Z"",""motion"":""direct""},{""jd_ut"":1474477.5217040577,""utc"":""-0676-11-18T00:31:15.231Z"",""motion"":""retrograde""},{""jd_ut"":1474661.73040049,""utc"":""-0675-05-21T05:31:46.602Z"",""motion"":""direct""}]",3
F96.05,F96,96,5,Leo,120,1475446.391854363,-0673-07-14T21:24:16.217Z,1476242.2243262483,-0671-09-17T17:23:01.788Z,"[{""jd_ut"":1475446.391854363,""utc"":""-0673-07-14T21:24:16.217Z"",""motion"":""direct""}]",1
F96.06,F96,96,6,Virgo,150,1476242.2243262483,-0671-09-17T17:23:01.788Z,1477327.65505468,-0668-09-07T03:43:16.724Z,"[{""jd_ut"":1476242.2243262483,""utc"":""-0671-09-17T17:23:01.788Z"",""motion"":""direct""},{""jd_ut"":1476437.6551222699,""utc"":""-0670-04-01T03:43:22.564Z"",""motion"":""retrograde""},{""jd_ut"":1476500.9052879736,""utc"":""-0670-06-03T09:43:36.881Z"",""motion"":""direct""}]",3
F96.07,F96,96,7,Libra,180,1477327.65505468,-0668-09-07T03:43:16.724Z,1478146.9015773074,-0666-12-05T09:38:16.279Z,"[{""jd_ut"":1477327.65505468,""utc"":""-0668-09-07T03:43:16.724Z"",""motion"":""direct""}]",1
F96.08,F96,96,8,Scorpio,210,1478146.9015773074,-0666-12-05T09:38:16.279Z,1479243.3022423042,-0663-12-05T19:15:13.735Z,"[{""jd_ut"":1478146.9015773074,""utc"":""-0666-12-05T09:38:16.279Z"",""motion"":""direct""},{""jd_ut"":1478287.3051753212,""utc"":""-0665-04-24T19:19:27.148Z"",""motion"":""retrograde""},{""jd_ut"":1478420.5448474973,""utc"":""-0665-09-05T01:04:34.824Z"",""motion"":""direct""}]",3
F96.09,F96,96,9,Sagittarius,240,1479243.3022423042,-0663-12-05T19:15:13.735Z,1480336.823579222,-0660-12-03T07:45:57.245Z,"[{""jd_ut"":1479243.3022423042,""utc"":""-0663-12-05T19:15:13.735Z"",""motion"":""direct""}]",1
F96.10,F96,96,10,Capricorn,270,1480336.823579222,-0660-12-03T07:45:57.245Z,1481140.919957745,-0657-02-15T10:04:44.349Z,"[{""jd_ut"":1480336.823579222,""utc"":""-0660-12-03T07:45:57.245Z"",""motion"":""direct""}]",1
F96.11,F96,96,11,Aquarius,300,1481140.919957745,-0657-02-15T10:04:44.349Z,1481941.4873870965,-0655-04-25T23:41:50.245Z,"[{""jd_ut"":1481140.919957745,""utc"":""-0657-02-15T10:04:44.349Z"",""motion"":""direct""},{""jd_ut"":1481343.5831565387,""utc"":""-0657-09-06T01:59:44.725Z"",""motion"":""retrograde""},{""jd_ut"":1481398.565052906,""utc"":""-0657-10-31T01:33:40.571Z"",""motion"":""direct""}]",3
F96.12,F96,96,12,Pisces,330,1481941.4873870965,-0655-04-25T23:41:50.245Z,1482983.0674186866,-0652-03-02T13:37:04.975Z,"[{""jd_ut"":1481941.4873870965,""utc"":""-0655-04-25T23:41:50.245Z"",""motion"":""direct""},{""jd_ut"":1482040.601706009,""utc"":""-0655-08-03T02:26:27.399Z"",""motion"":""retrograde""},{""jd_ut"":1482204.0177252716,""utc"":""-0654-01-13T12:25:31.463Z"",""motion"":""direct""}]",3
F97.01,F97,97,1,Aries,0,1482983.0674186866,-0652-03-02T13:37:04.975Z,1483753.603716358,-0650-04-12T02:29:21.093Z,"[{""jd_ut"":1482983.0674186866,""utc"":""-0652-03-02T13:37:04.975Z"",""motion"":""direct""}]",1
F97.02,F97,97,2,Taurus,30,1483753.603716358,-0650-04-12T02:29:21.093Z,1484522.3330113203,-0648-05-19T19:59:32.178Z,"[{""jd_ut"":1483753.603716358,""utc"":""-0650-04-12T02:29:21.093Z"",""motion"":""direct""}]",1
F97.03,F97,97,3,Gemini,60,1484522.3330113203,-0648-05-19T19:59:32.178Z,1485295.2991473451,-0646-07-01T19:10:46.331Z,"[{""jd_ut"":1484522.3330113203,""utc"":""-0648-05-19T19:59:32.178Z"",""motion"":""direct""}]",1
F97.04,F97,97,4,Cancer,90,1485295.2991473451,-0646-07-01T19:10:46.331Z,1486078.1755876057,-0644-08-22T16:12:50.769Z,"[{""jd_ut"":1485295.2991473451,""utc"":""-0646-07-01T19:10:46.331Z"",""motion"":""direct""}]",1
F97.05,F97,97,5,Leo,120,1486078.1755876057,-0644-08-22T16:12:50.769Z,1486887.1797373714,-0642-11-09T16:18:49.309Z,"[{""jd_ut"":1486078.1755876057,""utc"":""-0644-08-22T16:12:50.769Z"",""motion"":""direct""},{""jd_ut"":1486261.0418032892,""utc"":""-0643-02-21T13:00:11.804Z"",""motion"":""retrograde""},{""jd_ut"":1486336.788161045,""utc"":""-0643-05-08T06:54:57.114Z"",""motion"":""direct""}]",3
F97.06,F97,97,6,Virgo,150,1486887.1797373714,-0642-11-09T16:18:49.309Z,1487955.6793691036,-0639-10-13T04:18:17.491Z,"[{""jd_ut"":1486887.1797373714,""utc"":""-0642-11-09T16:18:49.309Z"",""motion"":""direct""},{""jd_ut"":1486948.8933003317,""utc"":""-0641-01-10T09:26:21.149Z"",""motion"":""retrograde""},{""jd_ut"":1487147.196143414,""utc"":""-0641-07-27T16:42:26.791Z"",""motion"":""direct""}]",3
F97.07,F97,97,7,Libra,180,1487955.6793691036,-0639-10-13T04:18:17.491Z,1489051.2568315146,-0636-10-12T18:09:50.243Z,"[{""jd_ut"":1487955.6793691036,""utc"":""-0639-10-13T04:18:17.491Z"",""motion"":""direct""},{""jd_ut"":1488167.1217635549,""utc"":""-0638-05-12T14:55:20.371Z"",""motion"":""retrograde""},{""jd_ut"":1488210.8220922477,""utc"":""-0638-06-25T07:43:48.770Z"",""motion"":""direct""}]",3
F97.08,F97,97,8,Scorpio,210,1489051.2568315146,-0636-10-12T18:09:50.243Z,1489875.701043434,-0633-01-15T04:49:30.153Z,"[{""jd_ut"":1489051.2568315146,""utc"":""-0636-10-12T18:09:50.243Z"",""motion"":""direct""}]",1
F97.09,F97,97,9,Sagittarius,240,1489875.701043434,-0633-01-15T04:49:30.153Z,1490964.1335677984,-0630-01-07T15:12:20.258Z,"[{""jd_ut"":1489875.701043434,""utc"":""-0633-01-15T04:49:30.153Z"",""motion"":""direct""},{""jd_ut"":1489990.6982970317,""utc"":""-0633-05-10T04:45:32.864Z"",""motion"":""retrograde""},{""jd_ut"":1490148.4362700153,""utc"":""-0633-10-14T22:28:13.729Z"",""motion"":""direct""}]",3
F97.10,F97,97,10,Capricorn,270,1490964.1335677984,-0630-01-07T15:12:20.258Z,1491784.1548036337,-0628-04-06T15:42:55.034Z,"[{""jd_ut"":1490964.1335677984,""utc"":""-0630-01-07T15:12:20.258Z"",""motion"":""direct""}]",1
F97.11,F97,97,11,Aquarius,300,1491784.1548036337,-0628-04-06T15:42:55.034Z,1492834.818317019,-0625-02-21T07:38:22.590Z,"[{""jd_ut"":1491784.1548036337,""utc"":""-0628-04-06T15:42:55.034Z"",""motion"":""direct""},{""jd_ut"":1491855.2091035848,""utc"":""-0628-06-16T17:01:06.550Z"",""motion"":""retrograde""},{""jd_ut"":1492044.4494774798,""utc"":""-0628-12-22T22:47:14.854Z"",""motion"":""direct""}]",3
F97.12,F97,97,12,Pisces,330,1492834.818317019,-0625-02-21T07:38:22.590Z,1493613.564558546,-0623-04-10T01:32:57.858Z,"[{""jd_ut"":1492834.818317019,""utc"":""-0625-02-21T07:38:22.590Z"",""motion"":""direct""}]",1
F98.01,F98,98,1,Aries,0,1493613.564558546,-0623-04-10T01:32:57.858Z,1494385.1356436363,-0621-05-21T15:15:19.610Z,"[{""jd_ut"":1493613.564558546,""utc"":""-0623-04-10T01:32:57.858Z"",""motion"":""direct""}]",1
F98.02,F98,98,2,Taurus,30,1494385.1356436363,-0621-05-21T15:15:19.610Z,1495154.6557106846,-0619-06-29T03:44:13.403Z,"[{""jd_ut"":1494385.1356436363,""utc"":""-0621-05-21T15:15:19.610Z"",""motion"":""direct""},{""jd_ut"":1494582.883095981,""utc"":""-0621-12-05T09:11:39.493Z"",""motion"":""retrograde""},{""jd_ut"":1494633.9762917203,""utc"":""-0620-01-25T11:25:51.605Z"",""motion"":""direct""}]",3
F98.03,F98,98,3,Gemini,60,1495154.6557106846,-0619-06-29T03:44:13.403Z,1495929.4133595657,-0617-08-12T21:55:14.266Z,"[{""jd_ut"":1495154.6557106846,""utc"":""-0619-06-29T03:44:13.403Z"",""motion"":""direct""},{""jd_ut"":1495323.1718302066,""utc"":""-0619-12-14T16:07:26.130Z"",""motion"":""retrograde""},{""jd_ut"":1495412.0361087015,""utc"":""-0618-03-13T12:51:59.792Z"",""motion"":""direct""}]",3
F98.04,F98,98,4,Cancer,90,1495929.4133595657,-0617-08-12T21:55:14.266Z,1496728.5145360534,-0615-10-20T00:20:55.915Z,"[{""jd_ut"":1495929.4133595657,""utc"":""-0617-08-12T21:55:14.266Z"",""motion"":""direct""},{""jd_ut"":1496059.4452466997,""utc"":""-0617-12-20T22:41:09.315Z"",""motion"":""retrograde""},{""jd_ut"":1496192.194612245,""utc"":""-0616-05-01T16:40:14.498Z"",""motion"":""direct""}]",3
F98.05,F98,98,5,Leo,120,1496728.5145360534,-0615-10-20T00:20:55.915Z,1497775.4928380507,-0612-08-31T23:49:41.208Z,"[{""jd_ut"":1496728.5145360534,""utc"":""-0615-10-20T00:20:55.915Z"",""motion"":""direct""},{""jd_ut"":1496770.8758218577,""utc"":""-0615-12-01T09:01:11.009Z"",""motion"":""retrograde""},{""jd_ut"":1496979.563890745,""utc"":""-0614-06-28T01:32:00.160Z"",""motion"":""direct""}]",3
F98.06,F98,98,6,Virgo,150,1497775.4928380507,-0612-08-31T23:49:41.208Z,1498591.8731225692,-0610-11-26T08:57:17.790Z,"[{""jd_ut"":1497775.4928380507,""utc"":""-0612-08-31T23:49:41.208Z"",""motion"":""direct""}]",1
F98.07,F98,98,7,Libra,180,1498591.8731225692,-0610-11-26T08:57:17.790Z,1499678.7264883243,-0607-11-17T05:26:08.591Z,"[{""jd_ut"":1498591.8731225692,""utc"":""-0610-11-26T08:57:17.790Z"",""motion"":""direct""},{""jd_ut"":1498681.3431710182,""utc"":""-0609-02-23T20:14:09.976Z"",""motion"":""retrograde""},{""jd_ut"":1498860.5011091265,""utc"":""-0609-08-22T00:01:35.829Z"",""motion"":""direct""}]",3
F98.08,F98,98,8,Scorpio,210,1499678.7264883243,-0607-11-17T05:26:08.591Z,1500777.797347092,-0604-11-20T07:08:10.789Z,"[{""jd_ut"":1499678.7264883243,""utc"":""-0607-11-17T05:26:08.591Z"",""motion"":""direct""},{""jd_ut"":1499868.6053162515,""utc"":""-0606-05-26T02:31:39.324Z"",""motion"":""retrograde""},{""jd_ut"":1499945.2363432785,""utc"":""-0606-08-10T17:40:20.059Z"",""motion"":""direct""}]",3
F98.09,F98,98,9,Sagittarius,240,1500777.797347092,-0604-11-20T07:08:10.789Z,1501601.7388960696,-0601-02-22T05:44:00.620Z,"[{""jd_ut"":1500777.797347092,""utc"":""-0604-11-20T07:08:10.789Z"",""motion"":""direct""}]",1
F98.10,F98,98,10,Capricorn,270,1501601.7388960696,-0601-02-22T05:44:00.620Z,1502675.3955208291,-0598-01-31T21:29:33.000Z,"[{""jd_ut"":1501601.7388960696,""utc"":""-0601-02-22T05:44:00.620Z"",""motion"":""direct""},{""jd_ut"":1501700.322711382,""utc"":""-0601-05-31T19:44:42.263Z"",""motion"":""retrograde""},{""jd_ut"":1501870.6075923857,""utc"":""-0601-11-18T02:34:55.982Z"",""motion"":""direct""}]",3
F98.11,F98,98,11,Aquarius,300,1502675.3955208291,-0598-01-31T21:29:33.000Z,1503470.1079299757,-0596-04-05T14:35:25.150Z,"[{""jd_ut"":1502675.3955208291,""utc"":""-0598-01-31T21:29:33.000Z"",""motion"":""direct""}]",1
F98.12,F98,98,12,Pisces,330,1503470.1079299757,-0596-04-05T14:35:25.150Z,1504260.0044397446,-0594-06-04T12:06:23.594Z,"[{""jd_ut"":1503470.1079299757,""utc"":""-0596-04-05T14:35:25.150Z"",""motion"":""direct""},{""jd_ut"":1503618.6614797488,""utc"":""-0596-09-01T03:52:31.850Z"",""motion"":""retrograde""},{""jd_ut"":1503735.2909071273,""utc"":""-0596-12-26T18:58:54.376Z"",""motion"":""direct""}]",3
F99.01,F99,99,1,Aries,0,1504260.0044397446,-0594-06-04T12:06:23.594Z,1505288.1768619576,-0591-03-28T16:14:40.873Z,"[{""jd_ut"":1504260.0044397446,""utc"":""-0594-06-04T12:06:23.594Z"",""motion"":""direct""},{""jd_ut"":1504342.4185682582,""utc"":""-0594-08-25T22:02:44.298Z"",""motion"":""retrograde""},{""jd_ut"":1504517.1205468592,""utc"":""-0593-02-16T14:53:35.249Z"",""motion"":""direct""}]",3
F99.02,F99,99,2,Taurus,30,1505288.1768619576,-0591-03-28T16:14:40.873Z,1506057.0415550503,-0589-05-06T12:59:50.356Z,"[{""jd_ut"":1505288.1768619576,""utc"":""-0591-03-28T16:14:40.873Z"",""motion"":""direct""}]",1
F99.03,F99,99,3,Gemini,60,1506057.0415550503,-0589-05-06T12:59:50.356Z,1506830.0349332383,-0587-06-17T12:50:18.232Z,"[{""jd_ut"":1506057.0415550503,""utc"":""-0589-05-06T12:59:50.356Z"",""motion"":""direct""}]",1
F99.04,F99,99,4,Cancer,90,1506830.0349332383,-0587-06-17T12:50:18.232Z,1507612.0191708757,-0585-08-08T12:27:36.364Z,"[{""jd_ut"":1506830.0349332383,""utc"":""-0587-06-17T12:50:18.232Z"",""motion"":""direct""}]",1
F99.05,F99,99,5,Leo,120,1507612.0191708757,-0585-08-08T12:27:36.364Z,1508410.3752645543,-0583-10-14T21:00:22.857Z,"[{""jd_ut"":1507612.0191708757,""utc"":""-0585-08-08T12:27:36.364Z"",""motion"":""direct""}]",1
F99.06,F99,99,6,Virgo,150,1508410.3752645543,-0583-10-14T21:00:22.857Z,1509489.9715508088,-0580-09-28T11:19:01.990Z,"[{""jd_ut"":1508410.3752645543,""utc"":""-0583-10-14T21:00:22.857Z"",""motion"":""direct""},{""jd_ut"":1508531.0762499687,""utc"":""-0582-02-12T13:49:47.997Z"",""motion"":""retrograde""},{""jd_ut"":1508679.230794183,""utc"":""-0582-07-10T17:32:20.617Z"",""motion"":""direct""}]",3
F99.07,F99,99,7,Libra,180,1509489.9715508088,-0580-09-28T11:19:01.990Z,1510321.2501842664,-0577-01-07T18:00:15.921Z,"[{""jd_ut"":1509489.9715508088,""utc"":""-0580-09-28T11:19:01.990Z"",""motion"":""direct""}]",1
F99.08,F99,99,8,Scorpio,210,1510321.2501842664,-0577-01-07T18:00:15.921Z,1511406.4490553248,-0575-12-27T22:46:38.380Z,"[{""jd_ut"":1510321.2501842664,""utc"":""-0577-01-07T18:00:15.921Z"",""motion"":""direct""},{""jd_ut"":1510385.4168202672,""utc"":""-0577-03-12T22:00:13.271Z"",""motion"":""retrograde""},{""jd_ut"":1510585.5434640427,""utc"":""-0577-09-29T01:02:35.293Z"",""motion"":""direct""}]",3
F99.09,F99,99,9,Sagittarius,240,1511406.4490553248,-0575-12-27T22:46:38.380Z,1512499.3855946697,-0572-12-24T21:15:15.379Z,"[{""jd_ut"":1511406.4490553248,""utc"":""-0575-12-27T22:46:38.380Z"",""motion"":""direct""},{""jd_ut"":1511568.0401610602,""utc"":""-0574-06-07T12:57:49.916Z"",""motion"":""retrograde""},{""jd_ut"":1511678.8871631082,""utc"":""-0574-09-26T09:17:30.893Z"",""motion"":""direct""}]",3
F99.10,F99,99,10,Capricorn,270,1512499.3855946697,-0572-12-24T21:15:15.379Z,1513309.4117142847,-0569-03-14T21:52:52.114Z,"[{""jd_ut"":1512499.3855946697,""utc"":""-0572-12-24T21:15:15.379Z"",""motion"":""direct""}]",1
F99.11,F99,99,11,Aquarius,300,1513309.4117142847,-0569-03-14T21:52:52.114Z,1514370.6454714695,-0566-02-08T03:29:28.735Z,"[{""jd_ut"":1513309.4117142847,""utc"":""-0569-03-14T21:52:52.114Z"",""motion"":""direct""},{""jd_ut"":1513434.9076275146,""utc"":""-0569-07-18T09:46:59.017Z"",""motion"":""retrograde""},{""jd_ut"":1513578.0803028638,""utc"":""-0569-12-08T13:55:38.167Z"",""motion"":""direct""}]",3
F99.12,F99,99,12,Pisces,330,1514370.6454714695,-0566-02-08T03:29:28.735Z,1515149.0687215105,-0564-03-27T13:38:57.539Z,"[{""jd_ut"":1514370.6454714695,""utc"":""-0566-02-08T03:29:28.735Z"",""motion"":""direct""}]",1
F100.01,F100,100,1,Aries,0,1515149.0687215105,-0564-03-27T13:38:57.539Z,1515919.9246053514,-0562-05-07T10:11:25.902Z,"[{""jd_ut"":1515149.0687215105,""utc"":""-0564-03-27T13:38:57.539Z"",""motion"":""direct""}]",1
F100.02,F100,100,2,Taurus,30,1515919.9246053514,-0562-05-07T10:11:25.902Z,1516688.707999871,-0560-06-14T04:59:31.189Z,"[{""jd_ut"":1515919.9246053514,""utc"":""-0562-05-07T10:11:25.902Z"",""motion"":""direct""}]",1
F100.03,F100,100,3,Gemini,60,1516688.707999871,-0560-06-14T04:59:31.189Z,1517461.642163158,-0558-07-27T03:24:42.897Z,"[{""jd_ut"":1516688.707999871,""utc"":""-0560-06-14T04:59:31.189Z"",""motion"":""direct""}]",1
F100.04,F100,100,4,Cancer,90,1517461.642163158,-0558-07-27T03:24:42.897Z,1518247.7920653867,-0556-09-20T07:00:34.449Z,"[{""jd_ut"":1517461.642163158,""utc"":""-0558-07-27T03:24:42.897Z"",""motion"":""direct""},{""jd_ut"":1517638.1287862742,""utc"":""-0557-01-19T15:05:27.134Z"",""motion"":""retrograde""},{""jd_ut"":1517718.7071729451,""utc"":""-0557-04-10T04:58:19.742Z"",""motion"":""direct""}]",3
F100.05,F100,100,5,Leo,120,1518247.7920653867,-0556-09-20T07:00:34.449Z,1519310.3220670628,-0553-08-18T19:43:46.594Z,"[{""jd_ut"":1518247.7920653867,""utc"":""-0556-09-20T07:00:34.449Z"",""motion"":""direct""},{""jd_ut"":1518356.0784779605,""utc"":""-0555-01-06T13:53:00.496Z"",""motion"":""retrograde""},{""jd_ut"":1518512.5628325185,""utc"":""-0555-06-12T01:30:28.730Z"",""motion"":""direct""}]",3
F100.06,F100,100,6,Virgo,150,1519310.3220670628,-0553-08-18T19:43:46.594Z,1520119.918434272,-0551-11-05T10:02:32.721Z,"[{""jd_ut"":1519310.3220670628,""utc"":""-0553-08-18T19:43:46.594Z"",""motion"":""direct""}]",1
F100.07,F100,100,7,Libra,180,1520119.918434272,-0551-11-05T10:02:32.721Z,1521213.0443196911,-0548-11-02T13:03:49.221Z,"[{""jd_ut"":1520119.918434272,""utc"":""-0551-11-05T10:02:32.721Z"",""motion"":""direct""},{""jd_ut"":1520259.8132029995,""utc"":""-0550-03-25T07:31:00.739Z"",""motion"":""retrograde""},{""jd_ut"":1520391.9337409101,""utc"":""-0550-08-04T10:24:35.215Z"",""motion"":""direct""}]",3
F100.08,F100,100,8,Scorpio,210,1521213.0443196911,-0548-11-02T13:03:49.221Z,1522312.918693848,-0545-11-07T10:02:55.148Z,"[{""jd_ut"":1521213.0443196911,""utc"":""-0548-11-02T13:03:49.221Z"",""motion"":""direct""}]",1
F100.09,F100,100,9,Sagittarius,240,1522312.918693848,-0545-11-07T10:02:55.148Z,1523131.095847595,-0542-02-02T14:18:01.232Z,"[{""jd_ut"":1522312.918693848,""utc"":""-0545-11-07T10:02:55.148Z"",""motion"":""direct""}]",1
F100.10,F100,100,10,Capricorn,270,1523131.095847595,-0542-02-02T14:18:01.232Z,1524211.4004531284,-0539-01-17T21:36:39.150Z,"[{""jd_ut"":1523131.095847595,""utc"":""-0542-02-02T14:18:01.232Z"",""motion"":""direct""},{""jd_ut"":1523277.3445665487,""utc"":""-0542-06-28T20:16:10.550Z"",""motion"":""retrograde""},{""jd_ut"":1523402.9922965048,""utc"":""-0542-11-01T11:48:54.418Z"",""motion"":""direct""}]",3
F100.11,F100,100,11,Aquarius,300,1524211.4004531284,-0539-01-17T21:36:39.150Z,1525004.0711357673,-0537-03-21T13:42:26.130Z,"[{""jd_ut"":1524211.4004531284,""utc"":""-0539-01-17T21:36:39.150Z"",""motion"":""direct""}]",1
F100.12,F100,100,12,Pisces,330,1525004.0711357673,-0537-03-21T13:42:26.130Z,1525788.190488128,-0535-05-13T16:34:18.174Z,"[{""jd_ut"":1525004.0711357673,""utc"":""-0537-03-21T13:42:26.130Z"",""motion"":""direct""},{""jd_ut"":1525197.410301392,""utc"":""-0537-09-30T21:50:50.040Z"",""motion"":""retrograde""},{""jd_ut"":1525261.3754874053,""utc"":""-0537-12-03T21:00:42.112Z"",""motion"":""direct""}]",3
F101.01,F101,101,1,Aries,0,1525788.190488128,-0535-05-13T16:34:18.174Z,1526565.0795139135,-0533-06-29T13:54:30.002Z,"[{""jd_ut"":1525788.190488128,""utc"":""-0535-05-13T16:34:18.174Z"",""motion"":""direct""},{""jd_ut"":1525919.0768783428,""utc"":""-0535-09-21T13:50:42.289Z"",""motion"":""retrograde""},{""jd_ut"":1526050.8239539033,""utc"":""-0534-01-31T07:46:29.617Z"",""motion"":""direct""}]",3
F101.02,F101,101,2,Taurus,30,1526565.0795139135,-0533-06-29T13:54:30.002Z,1527340.846345717,-0531-08-13T08:18:44.270Z,"[{""jd_ut"":1526565.0795139135,""utc"":""-0533-06-29T13:54:30.002Z"",""motion"":""direct""},{""jd_ut"":1526659.6123195724,""utc"":""-0533-10-02T02:41:44.411Z"",""motion"":""retrograde""},{""jd_ut"":1526823.1255307687,""utc"":""-0532-03-13T15:00:45.858Z"",""motion"":""direct""}]",3
F101.03,F101,101,3,Gemini,60,1527340.846345717,-0531-08-13T08:18:44.270Z,1528365.7185656084,-0528-06-03T05:14:44.069Z,"[{""jd_ut"":1527340.846345717,""utc"":""-0531-08-13T08:18:44.270Z"",""motion"":""direct""},{""jd_ut"":1527402.428287615,""utc"":""-0531-10-13T22:16:44.050Z"",""motion"":""retrograde""},{""jd_ut"":1527592.38792177,""utc"":""-0530-04-21T21:18:36.441Z"",""motion"":""direct""}]",3
F101.04,F101,101,4,Cancer,90,1528365.7185656084,-0528-06-03T05:14:44.069Z,1529147.6050374573,-0526-07-25T02:31:15.236Z,"[{""jd_ut"":1528365.7185656084,""utc"":""-0528-06-03T05:14:44.069Z"",""motion"":""direct""}]",1
F101.05,F101,101,5,Leo,120,1529147.6050374573,-0526-07-25T02:31:15.236Z,1529942.3610615456,-0524-09-26T20:39:55.718Z,"[{""jd_ut"":1529147.6050374573,""utc"":""-0526-07-25T02:31:15.236Z"",""motion"":""direct""}]",1
F101.06,F101,101,6,Virgo,150,1529942.3610615456,-0524-09-26T20:39:55.718Z,1531025.2845902378,-0521-09-14T18:49:48.597Z,"[{""jd_ut"":1529942.3610615456,""utc"":""-0524-09-26T20:39:55.718Z"",""motion"":""direct""},{""jd_ut"":1530107.959791644,""utc"":""-0523-03-11T11:02:05.998Z"",""motion"":""retrograde""},{""jd_ut"":1530208.4006933076,""utc"":""-0523-06-19T21:36:59.902Z"",""motion"":""direct""}]",3
F101.07,F101,101,7,Libra,180,1531025.2845902378,-0521-09-14T18:49:48.597Z,1531845.975362653,-0519-12-13T11:24:31.333Z,"[{""jd_ut"":1531025.2845902378,""utc"":""-0521-09-14T18:49:48.597Z"",""motion"":""direct""}]",1
F101.08,F101,101,8,Scorpio,210,1531845.975362653,-0519-12-13T11:24:31.333Z,1532940.876793949,-0516-12-12T09:02:34.997Z,"[{""jd_ut"":1531845.975362653,""utc"":""-0519-12-13T11:24:31.333Z"",""motion"":""direct""},{""jd_ut"":1531965.7162083397,""utc"":""-0518-04-12T05:11:20.401Z"",""motion"":""retrograde""},{""jd_ut"":1532119.1874109805,""utc"":""-0518-09-12T16:29:52.309Z"",""motion"":""direct""}]",3
F101.09,F101,101,9,Sagittarius,240,1532940.876793949,-0516-12-12T09:02:34.997Z,1534035.6850356888,-0513-12-12T04:26:27.084Z,"[{""jd_ut"":1532940.876793949,""utc"":""-0516-12-12T09:02:34.997Z"",""motion"":""direct""},{""jd_ut"":1533150.7502922597,""utc"":""-0515-07-10T06:00:25.251Z"",""motion"":""retrograde""},{""jd_ut"":1533200.7037832798,""utc"":""-0515-08-29T04:53:26.875Z"",""motion"":""direct""}]",3
F101.10,F101,101,10,Capricorn,270,1534035.6850356888,-0513-12-12T04:26:27.084Z,1534842.421980898,-0510-02-25T22:07:39.150Z,"[{""jd_ut"":1534035.6850356888,""utc"":""-0513-12-12T04:26:27.084Z"",""motion"":""direct""}]",1
F101.11,F101,101,11,Aquarius,300,1534842.421980898,-0510-02-25T22:07:39.150Z,1535659.2201531222,-0508-05-22T17:17:01.230Z,"[{""jd_ut"":1534842.421980898,""utc"":""-0510-02-25T22:07:39.150Z"",""motion"":""direct""},{""jd_ut"":1535009.6229051054,""utc"":""-0510-08-12T02:56:59.001Z"",""motion"":""retrograde""},{""jd_ut"":1535109.6781243975,""utc"":""-0510-11-20T04:16:29.948Z"",""motion"":""direct""}]",3
F101.12,F101,101,12,Pisces,330,1535659.2201531222,-0508-05-22T17:17:01.230Z,1536686.0559441615,-0505-03-15T13:20:33.576Z,"[{""jd_ut"":1535659.2201531222,""utc"":""-0508-05-22T17:17:01.230Z"",""motion"":""direct""},{""jd_ut"":1535699.6139437957,""utc"":""-0508-07-02T02:44:04.744Z"",""motion"":""retrograde""},{""jd_ut"":1535907.1980644925,""utc"":""-0507-01-25T16:45:12.772Z"",""motion"":""direct""}]",3
F102.01,F102,102,1,Aries,0,1536686.0559441615,-0505-03-15T13:20:33.576Z,1537456.6445712568,-0503-04-24T03:28:10.957Z,"[{""jd_ut"":1536686.0559441615,""utc"":""-0505-03-15T13:20:33.576Z"",""motion"":""direct""}]",1
F102.02,F102,102,2,Taurus,30,1537456.6445712568,-0503-04-24T03:28:10.957Z,1538225.0443347283,-0501-06-01T13:03:50.521Z,"[{""jd_ut"":1537456.6445712568,""utc"":""-0503-04-24T03:28:10.957Z"",""motion"":""direct""}]",1
F102.03,F102,102,3,Gemini,60,1538225.0443347283,-0501-06-01T13:03:50.521Z,1538997.1377002932,-0499-07-13T15:18:17.305Z,"[{""jd_ut"":1538225.0443347283,""utc"":""-0501-06-01T13:03:50.521Z"",""motion"":""direct""}]",1
F102.04,F102,102,4,Cancer,90,1538997.1377002932,-0499-07-13T15:18:17.305Z,1539779.619188835,-0497-09-04T02:51:37.915Z,"[{""jd_ut"":1538997.1377002932,""utc"":""-0499-07-13T15:18:17.305Z"",""motion"":""direct""}]",1
F102.05,F102,102,5,Leo,120,1539779.619188835,-0497-09-04T02:51:37.915Z,1540845.9065354452,-0494-08-05T09:45:24.662Z,"[{""jd_ut"":1539779.619188835,""utc"":""-0497-09-04T02:51:37.915Z"",""motion"":""direct""},{""jd_ut"":1539931.1931354622,""utc"":""-0496-02-02T16:38:06.904Z"",""motion"":""retrograde""},{""jd_ut"":1540043.974301958,""utc"":""-0496-05-25T11:22:59.689Z"",""motion"":""direct""}]",3
F102.06,F102,102,6,Virgo,150,1540845.9065354452,-0494-08-05T09:45:24.662Z,1541653.336882398,-0492-10-20T20:05:06.639Z,"[{""jd_ut"":1540845.9065354452,""utc"":""-0494-08-05T09:45:24.662Z"",""motion"":""direct""}]",1
F102.07,F102,102,7,Libra,180,1541653.336882398,-0492-10-20T20:05:06.639Z,1542748.6201359276,-0489-10-21T02:52:59.744Z,"[{""jd_ut"":1541653.336882398,""utc"":""-0492-10-20T20:05:06.639Z"",""motion"":""direct""},{""jd_ut"":1541837.8796056015,""utc"":""-0491-04-23T09:06:37.924Z"",""motion"":""retrograde""},{""jd_ut"":1541918.8942250279,""utc"":""-0491-07-13T09:27:41.042Z"",""motion"":""direct""}]",3
F102.08,F102,102,8,Scorpio,210,1542748.6201359276,-0489-10-21T02:52:59.744Z,1543579.0690359236,-0486-01-28T13:39:24.704Z,"[{""jd_ut"":1542748.6201359276,""utc"":""-0489-10-21T02:52:59.744Z"",""motion"":""direct""}]",1
F102.09,F102,102,9,Sagittarius,240,1543579.0690359236,-0486-01-28T13:39:24.704Z,1544664.9799564201,-0483-01-18T11:31:08.235Z,"[{""jd_ut"":1543579.0690359236,""utc"":""-0486-01-28T13:39:24.704Z"",""motion"":""direct""},{""jd_ut"":1543664.8249541754,""utc"":""-0486-04-24T07:47:56.041Z"",""motion"":""retrograde""},{""jd_ut"":1543847.9542668392,""utc"":""-0486-10-24T10:54:08.655Z"",""motion"":""direct""}]",3
F102.10,F102,102,10,Capricorn,270,1544664.9799564201,-0483-01-18T11:31:08.235Z,1545748.0067164386,-0480-01-06T12:09:40.300Z,"[{""jd_ut"":1544664.9799564201,""utc"":""-0483-01-18T11:31:08.235Z"",""motion"":""direct""},{""jd_ut"":1544854.9205960496,""utc"":""-0483-07-27T10:05:39.499Z"",""motion"":""retrograde""},{""jd_ut"":1544930.678740332,""utc"":""-0483-10-11T04:17:23.165Z"",""motion"":""direct""}]",3
F102.11,F102,102,11,Aquarius,300,1545748.0067164386,-0480-01-06T12:09:40.300Z,1546540.3245450463,-0478-03-08T19:47:20.692Z,"[{""jd_ut"":1545748.0067164386,""utc"":""-0480-01-06T12:09:40.300Z"",""motion"":""direct""}]",1
F102.12,F102,102,12,Pisces,330,1546540.3245450463,-0478-03-08T19:47:20.692Z,1547322.304053689,-0476-04-28T19:17:50.239Z,"[{""jd_ut"":1546540.3245450463,""utc"":""-0478-03-08T19:47:20.692Z"",""motion"":""direct""}]",1
F103.01,F103,103,1,Aries,0,1547322.304053689,-0476-04-28T19:17:50.239Z,1548096.3372479156,-0474-06-11T20:05:38.220Z,"[{""jd_ut"":1547322.304053689,""utc"":""-0476-04-28T19:17:50.239Z"",""motion"":""direct""},{""jd_ut"":1547493.0955654932,""utc"":""-0476-10-16T14:17:36.859Z"",""motion"":""retrograde""},{""jd_ut"":1547581.9460594635,""utc"":""-0475-01-13T10:42:19.538Z"",""motion"":""direct""}]",3
F103.02,F103,103,2,Taurus,30,1548096.3372479156,-0474-06-11T20:05:38.220Z,1548867.4135026801,-0472-07-21T21:55:26.632Z,"[{""jd_ut"":1548096.3372479156,""utc"":""-0474-06-11T20:05:38.220Z"",""motion"":""direct""},{""jd_ut"":1548233.2362529556,""utc"":""-0474-10-26T17:40:12.255Z"",""motion"":""retrograde""},{""jd_ut"":1548357.320561191,""utc"":""-0473-02-27T19:41:36.487Z"",""motion"":""direct""}]",3
F103.03,F103,103,3,Gemini,60,1548867.4135026801,-0472-07-21T21:55:26.632Z,1549646.3663043133,-0470-09-08T20:47:28.693Z,"[{""jd_ut"":1548867.4135026801,""utc"":""-0472-07-21T21:55:26.632Z"",""motion"":""direct""},{""jd_ut"":1548979.4807963604,""utc"":""-0472-11-10T23:32:20.806Z"",""motion"":""retrograde""},{""jd_ut"":1549127.6677586678,""utc"":""-0471-04-08T04:01:34.349Z"",""motion"":""direct""}]",3
F103.04,F103,103,4,Cancer,90,1549646.3663043133,-0470-09-08T20:47:28.693Z,1550684.4407781968,-0467-07-12T22:34:43.236Z,"[{""jd_ut"":1549646.3663043133,""utc"":""-0470-09-08T20:47:28.693Z"",""motion"":""direct""},{""jd_ut"":1549716.5162579264,""utc"":""-0470-11-18T00:23:24.685Z"",""motion"":""retrograde""},{""jd_ut"":1549901.9240248073,""utc"":""-0469-05-22T10:10:35.743Z"",""motion"":""direct""}]",3
F103.05,F103,103,5,Leo,120,1550684.4407781968,-0467-07-12T22:34:43.236Z,1551477.8353567207,-0465-09-14T08:02:54.821Z,"[{""jd_ut"":1550684.4407781968,""utc"":""-0467-07-12T22:34:43.236Z"",""motion"":""direct""}]",1
F103.06,F103,103,6,Virgo,150,1551477.8353567207,-0465-09-14T08:02:54.821Z,1552305.6104729562,-0463-12-20T02:39:04.863Z,"[{""jd_ut"":1551477.8353567207,""utc"":""-0465-09-14T08:02:54.821Z"",""motion"":""direct""},{""jd_ut"":1551694.8453285778,""utc"":""-0464-04-18T08:17:16.389Z"",""motion"":""retrograde""},{""jd_ut"":1551724.7547162334,""utc"":""-0464-05-18T06:06:47.483Z"",""motion"":""direct""}]",3
F103.07,F103,103,7,Libra,180,1552305.6104729562,-0463-12-20T02:39:04.863Z,1553378.7499048589,-0460-11-27T05:59:51.780Z,"[{""jd_ut"":1552305.6104729562,""utc"":""-0463-12-20T02:39:04.863Z"",""motion"":""direct""},{""jd_ut"":1552345.3634405509,""utc"":""-0462-01-28T20:43:21.264Z"",""motion"":""retrograde""},{""jd_ut"":1552561.2015141975,""utc"":""-0462-09-01T16:50:10.827Z"",""motion"":""direct""}]",3
F103.08,F103,103,8,Scorpio,210,1553378.7499048589,-0460-11-27T05:59:51.780Z,1554477.0136052389,-0457-11-30T12:19:35.493Z,"[{""jd_ut"":1553378.7499048589,""utc"":""-0460-11-27T05:59:51.780Z"",""motion"":""direct""},{""jd_ut"":1553540.5739877387,""utc"":""-0459-05-08T01:46:32.541Z"",""motion"":""retrograde""},{""jd_ut"":1553650.7650922611,""utc"":""-0459-08-26T06:21:43.971Z"",""motion"":""direct""}]",3
F103.09,F103,103,9,Sagittarius,240,1554477.0136052389,-0457-11-30T12:19:35.493Z,1555313.80615963,-0454-03-16T07:20:52.192Z,"[{""jd_ut"":1554477.0136052389,""utc"":""-0457-11-30T12:19:35.493Z"",""motion"":""direct""}]",1
F103.10,F103,103,10,Capricorn,270,1555313.80615963,-0454-03-16T07:20:52.192Z,1556378.293350765,-0451-02-12T19:02:25.506Z,"[{""jd_ut"":1555313.80615963,""utc"":""-0454-03-16T07:20:52.192Z"",""motion"":""direct""},{""jd_ut"":1555365.2136973836,""utc"":""-0454-05-06T17:07:43.454Z"",""motion"":""retrograde""},{""jd_ut"":1555572.1871974044,""utc"":""-0454-11-29T16:29:33.856Z"",""motion"":""direct""}]",3
F103.11,F103,103,11,Aquarius,300,1556378.293350765,-0451-02-12T19:02:25.506Z,1557180.6543661663,-0449-04-26T03:42:17.237Z,"[{""jd_ut"":1556378.293350765,""utc"":""-0451-02-12T19:02:25.506Z"",""motion"":""direct""},{""jd_ut"":1556591.157888786,""utc"":""-0451-09-13T15:47:21.591Z"",""motion"":""retrograde""},{""jd_ut"":1556631.9805753916,""utc"":""-0451-10-24T11:32:01.714Z"",""motion"":""direct""}]",3
F103.12,F103,103,12,Pisces,330,1557180.6543661663,-0449-04-26T03:42:17.237Z,1558224.0090756887,-0446-03-04T12:13:04.140Z,"[{""jd_ut"":1557180.6543661663,""utc"":""-0449-04-26T03:42:17.237Z"",""motion"":""direct""},{""jd_ut"":1557281.2612459166,""utc"":""-0449-08-04T18:16:11.647Z"",""motion"":""retrograde""},{""jd_ut"":1557443.8031631722,""utc"":""-0448-01-14T07:16:33.298Z"",""motion"":""direct""}]",3
F104.01,F104,104,1,Aries,0,1558224.0090756887,-0446-03-04T12:13:04.140Z,1558994.7894745483,-0444-04-13T06:56:50.601Z,"[{""jd_ut"":1558224.0090756887,""utc"":""-0446-03-04T12:13:04.140Z"",""motion"":""direct""}]",1
F104.02,F104,104,2,Taurus,30,1558994.7894745483,-0444-04-13T06:56:50.601Z,1559763.0480121202,-0442-05-21T13:09:08.247Z,"[{""jd_ut"":1558994.7894745483,""utc"":""-0444-04-13T06:56:50.601Z"",""motion"":""direct""}]",1
F104.03,F104,104,3,Gemini,60,1559763.0480121202,-0442-05-21T13:09:08.247Z,1560534.7420161115,-0440-07-01T05:48:30.192Z,"[{""jd_ut"":1559763.0480121202,""utc"":""-0442-05-21T13:09:08.247Z"",""motion"":""direct""}]",1
F104.04,F104,104,4,Cancer,90,1560534.7420161115,-0440-07-01T05:48:30.192Z,1561315.4568897602,-0438-08-20T22:57:55.275Z,"[{""jd_ut"":1560534.7420161115,""utc"":""-0440-07-01T05:48:30.192Z"",""motion"":""direct""}]",1
F104.05,F104,104,5,Leo,120,1561315.4568897602,-0438-08-20T22:57:55.275Z,1562117.261289829,-0436-10-30T18:16:15.441Z,"[{""jd_ut"":1561315.4568897602,""utc"":""-0438-08-20T22:57:55.275Z"",""motion"":""direct""},{""jd_ut"":1561508.4202641929,""utc"":""-0437-03-01T22:05:10.826Z"",""motion"":""retrograde""},{""jd_ut"":1561570.0416896264,""utc"":""-0437-05-02T13:00:01.984Z"",""motion"":""direct""}]",3
F104.06,F104,104,6,Virgo,150,1562117.261289829,-0436-10-30T18:16:15.441Z,1563189.1669628858,-0433-10-07T16:00:25.593Z,"[{""jd_ut"":1562117.261289829,""utc"":""-0436-10-30T18:16:15.441Z"",""motion"":""direct""},{""jd_ut"":1562200.8235288248,""utc"":""-0435-01-22T07:45:52.890Z"",""motion"":""retrograde""},{""jd_ut"":1562381.7299019424,""utc"":""-0435-07-22T05:31:03.528Z"",""motion"":""direct""}]",3
F104.07,F104,104,7,Libra,180,1563189.1669628858,-0433-10-07T16:00:25.593Z,1564284.767845767,-0430-10-07T06:25:41.874Z,"[{""jd_ut"":1563189.1669628858,""utc"":""-0433-10-07T16:00:25.593Z"",""motion"":""direct""}]",1
F104.08,F104,104,8,Scorpio,210,1564284.767845767,-0430-10-07T06:25:41.874Z,1565108.277569204,-0427-01-07T18:39:41.979Z,"[{""jd_ut"":1564284.767845767,""utc"":""-0430-10-07T06:25:41.874Z"",""motion"":""direct""}]",1
F104.09,F104,104,9,Sagittarius,240,1565108.277569204,-0427-01-07T18:39:41.979Z,1566201.1006896081,-0424-01-05T14:24:59.582Z,"[{""jd_ut"":1565108.277569204,""utc"":""-0427-01-07T18:39:41.979Z"",""motion"":""direct""},{""jd_ut"":1565240.8212166312,""utc"":""-0427-05-20T07:42:33.117Z"",""motion"":""retrograde""},{""jd_ut"":1565382.1416209582,""utc"":""-0427-10-08T15:23:56.051Z"",""motion"":""direct""}]",3
F104.10,F104,104,10,Capricorn,270,1566201.1006896081,-0424-01-05T14:24:59.582Z,1567024.0592597132,-0422-04-07T13:25:20.039Z,"[{""jd_ut"":1566201.1006896081,""utc"":""-0424-01-05T14:24:59.582Z"",""motion"":""direct""}]",1
F104.11,F104,104,11,Aquarius,300,1567024.0592597132,-0422-04-07T13:25:20.039Z,1568078.030554479,-0419-02-24T12:43:59.907Z,"[{""jd_ut"":1567024.0592597132,""utc"":""-0422-04-07T13:25:20.039Z"",""motion"":""direct""},{""jd_ut"":1567094.837489321,""utc"":""-0422-06-17T08:05:59.077Z"",""motion"":""retrograde""},{""jd_ut"":1567284.8418308538,""utc"":""-0422-12-24T08:12:14.186Z"",""motion"":""direct""}]",3
F104.12,F104,104,12,Pisces,330,1568078.030554479,-0419-02-24T12:43:59.907Z,1568859.1738647171,-0417-04-16T16:10:21.912Z,"[{""jd_ut"":1568078.030554479,""utc"":""-0419-02-24T12:43:59.907Z"",""motion"":""direct""}]",1
F105.01,F105,105,1,Aries,0,1568859.1738647171,-0417-04-16T16:10:21.912Z,1569632.0888781124,-0415-05-28T14:07:59.069Z,"[{""jd_ut"":1568859.1738647171,""utc"":""-0417-04-16T16:10:21.912Z"",""motion"":""direct""},{""jd_ut"":1569078.8191779205,""utc"":""-0417-11-22T07:39:36.972Z"",""motion"":""retrograde""},{""jd_ut"":1569099.1865429278,""utc"":""-0417-12-12T16:28:37.309Z"",""motion"":""direct""}]",3
F105.02,F105,105,2,Taurus,30,1569632.0888781124,-0415-05-28T14:07:59.069Z,1570401.7079773173,-0413-07-07T04:59:29.240Z,"[{""jd_ut"":1569632.0888781124,""utc"":""-0415-05-28T14:07:59.069Z"",""motion"":""direct""},{""jd_ut"":1569805.6128705544,""utc"":""-0415-11-18T02:42:32.016Z"",""motion"":""retrograde""},{""jd_ut"":1569888.960905504,""utc"":""-0414-02-09T11:03:42.236Z"",""motion"":""direct""}]",3
F105.03,F105,105,3,Gemini,60,1570401.7079773173,-0413-07-07T04:59:29.240Z,1571175.923150368,-0411-08-19T10:09:20.192Z,"[{""jd_ut"":1570401.7079773173,""utc"":""-0413-07-07T04:59:29.240Z"",""motion"":""direct""},{""jd_ut"":1570550.6639303314,""utc"":""-0413-12-03T03:56:03.581Z"",""motion"":""retrograde""},{""jd_ut"":1570661.852510382,""utc"":""-0412-03-23T08:27:36.897Z"",""motion"":""direct""}]",3
F105.04,F105,105,4,Cancer,90,1571175.923150368,-0411-08-19T10:09:20.192Z,1571982.5665147733,-0409-11-04T01:35:46.876Z,"[{""jd_ut"":1571175.923150368,""utc"":""-0411-08-19T10:09:20.192Z"",""motion"":""direct""},{""jd_ut"":1571290.4902913724,""utc"":""-0411-12-11T23:46:01.175Z"",""motion"":""retrograde""},{""jd_ut"":1571437.9515053774,""utc"":""-0410-05-08T10:50:10.065Z"",""motion"":""direct""}]",3
F105.05,F105,105,5,Leo,120,1571982.5665147733,-0409-11-04T01:35:46.876Z,1573015.0688169012,-0406-09-01T13:39:05.780Z,"[{""jd_ut"":1571982.5665147733,""utc"":""-0409-11-04T01:35:46.876Z"",""motion"":""direct""},{""jd_ut"":1571996.2381310356,""utc"":""-0409-11-17T17:42:54.521Z"",""motion"":""retrograde""},{""jd_ut"":1572221.8552405182,""utc"":""-0408-06-30T08:31:32.781Z"",""motion"":""direct""}]",3
F105.06,F105,105,6,Virgo,150,1573015.0688169012,-0406-09-01T13:39:05.780Z,1573827.395064788,-0404-11-21T21:28:53.598Z,"[{""jd_ut"":1573015.0688169012,""utc"":""-0406-09-01T13:39:05.780Z"",""motion"":""direct""}]",1
F105.07,F105,105,7,Libra,180,1573827.395064788,-0404-11-21T21:28:53.598Z,1574914.445373185,-0401-11-13T22:41:20.243Z,"[{""jd_ut"":1573827.395064788,""utc"":""-0404-11-21T21:28:53.598Z"",""motion"":""direct""},{""jd_ut"":1573927.2543841288,""utc"":""-0403-03-01T18:06:18.789Z"",""motion"":""retrograde""},{""jd_ut"":1574097.0183092318,""utc"":""-0403-08-18T12:26:21.918Z"",""motion"":""direct""}]",3
F105.08,F105,105,8,Scorpio,210,1574914.445373185,-0401-11-13T22:41:20.243Z,1576013.9887495488,-0398-11-17T11:43:47.961Z,"[{""jd_ut"":1574914.445373185,""utc"":""-0401-11-13T22:41:20.243Z"",""motion"":""direct""},{""jd_ut"":1575120.2456659945,""utc"":""-0400-06-06T17:53:45.542Z"",""motion"":""retrograde""},{""jd_ut"":1575174.9271324845,""utc"":""-0400-07-31T10:15:04.247Z"",""motion"":""direct""}]",3
F105.09,F105,105,9,Sagittarius,240,1576013.9887495488,-0398-11-17T11:43:47.961Z,1576837.5607608613,-0395-02-18T01:27:29.738Z,"[{""jd_ut"":1576013.9887495488,""utc"":""-0398-11-17T11:43:47.961Z"",""motion"":""direct""}]",1
F105.10,F105,105,10,Capricorn,270,1576837.5607608613,-0395-02-18T01:27:29.738Z,1577915.4870162345,-0392-01-31T23:41:18.203Z,"[{""jd_ut"":1576837.5607608613,""utc"":""-0395-02-18T01:27:29.738Z"",""motion"":""direct""},{""jd_ut"":1576945.2066103155,""utc"":""-0395-06-05T16:57:31.131Z"",""motion"":""retrograde""},{""jd_ut"":1577108.1824770067,""utc"":""-0395-11-15T16:22:46.013Z"",""motion"":""direct""}]",3
F105.11,F105,105,11,Aquarius,300,1577915.4870162345,-0392-01-31T23:41:18.203Z,1578713.249269838,-0390-04-08T17:58:56.914Z,"[{""jd_ut"":1577915.4870162345,""utc"":""-0392-01-31T23:41:18.203Z"",""motion"":""direct""}]",1
F105.12,F105,105,12,Pisces,330,1578713.249269838,-0390-04-08T17:58:56.914Z,1579509.937147609,-0388-06-13T10:29:29.553Z,"[{""jd_ut"":1578713.249269838,""utc"":""-0390-04-08T17:58:56.914Z"",""motion"":""direct""},{""jd_ut"":1578853.2875697422,""utc"":""-0390-08-26T18:54:06.026Z"",""motion"":""retrograde""},{""jd_ut"":1578979.2516860962,""utc"":""-0390-12-30T18:02:25.679Z"",""motion"":""direct""}]",3
F106.01,F106,106,1,Aries,0,1579509.937147609,-0388-06-13T10:29:29.553Z,1580533.3788544214,-0385-04-02T21:05:33.022Z,"[{""jd_ut"":1579509.937147609,""utc"":""-0388-06-13T10:29:29.553Z"",""motion"":""direct""},{""jd_ut"":1579570.6466581519,""utc"":""-0388-08-13T03:31:11.264Z"",""motion"":""retrograde""},{""jd_ut"":1579761.9983611112,""utc"":""-0387-02-20T11:57:38.400Z"",""motion"":""direct""}]",3
F106.02,F106,106,2,Taurus,30,1580533.3788544214,-0385-04-02T21:05:33.022Z,1581301.7344403793,-0383-05-10T05:37:35.649Z,"[{""jd_ut"":1580533.3788544214,""utc"":""-0385-04-02T21:05:33.022Z"",""motion"":""direct""}]",1
F106.03,F106,106,3,Gemini,60,1581301.7344403793,-0383-05-10T05:37:35.649Z,1582073.3685732656,-0381-06-20T20:50:44.730Z,"[{""jd_ut"":1581301.7344403793,""utc"":""-0383-05-10T05:37:35.649Z"",""motion"":""direct""}]",1
F106.04,F106,106,4,Cancer,90,1582073.3685732656,-0381-06-20T20:50:44.730Z,1582853.2498300546,-0379-08-08T17:59:45.317Z,"[{""jd_ut"":1582073.3685732656,""utc"":""-0381-06-20T20:50:44.730Z"",""motion"":""direct""}]",1
F106.05,F106,106,5,Leo,120,1582853.2498300546,-0379-08-08T17:59:45.317Z,1583648.659341033,-0377-10-13T03:49:27.065Z,"[{""jd_ut"":1582853.2498300546,""utc"":""-0379-08-08T17:59:45.317Z"",""motion"":""direct""}]",1
F106.06,F106,106,6,Virgo,150,1583648.659341033,-0377-10-13T03:49:27.065Z,1584726.4196790345,-0374-09-24T22:04:20.269Z,"[{""jd_ut"":1583648.659341033,""utc"":""-0377-10-13T03:49:27.065Z"",""motion"":""direct""},{""jd_ut"":1583773.7623121361,""utc"":""-0376-02-15T06:17:43.769Z"",""motion"":""retrograde""},{""jd_ut"":1583917.146894177,""utc"":""-0376-07-07T15:31:31.657Z"",""motion"":""direct""}]",3
F106.07,F106,106,7,Libra,180,1584726.4196790345,-0374-09-24T22:04:20.269Z,1585552.1117237676,-0372-12-28T14:40:52.934Z,"[{""jd_ut"":1584726.4196790345,""utc"":""-0374-09-24T22:04:20.269Z"",""motion"":""direct""}]",1
F106.08,F106,106,8,Scorpio,210,1585552.1117237676,-0372-12-28T14:40:52.934Z,1586642.5110867503,-0369-12-24T00:15:57.895Z,"[{""jd_ut"":1585552.1117237676,""utc"":""-0372-12-28T14:40:52.934Z"",""motion"":""direct""},{""jd_ut"":1585636.158804228,""utc"":""-0371-03-22T15:48:40.685Z"",""motion"":""retrograde""},{""jd_ut"":1585820.9742427724,""utc"":""-0371-09-23T11:22:54.576Z"",""motion"":""direct""}]",3
F106.09,F106,106,9,Sagittarius,240,1586642.5110867503,-0369-12-24T00:15:57.895Z,1587738.181796465,-0366-12-23T16:21:47.215Z,"[{""jd_ut"":1586642.5110867503,""utc"":""-0369-12-24T00:15:57.895Z"",""motion"":""direct""},{""jd_ut"":1586814.8459500293,""utc"":""-0368-06-13T08:18:10.083Z"",""motion"":""retrograde""},{""jd_ut"":1586913.6350616515,""utc"":""-0368-09-20T03:14:29.327Z"",""motion"":""direct""}]",3
F106.10,F106,106,10,Capricorn,270,1587738.181796465,-0366-12-23T16:21:47.215Z,1588552.0000656159,-0363-03-16T12:00:05.669Z,"[{""jd_ut"":1587738.181796465,""utc"":""-0366-12-23T16:21:47.215Z"",""motion"":""direct""}]",1
F106.11,F106,106,11,Aquarius,300,1588552.0000656159,-0363-03-16T12:00:05.669Z,1589616.184070082,-0360-02-13T16:25:03.655Z,"[{""jd_ut"":1588552.0000656159,""utc"":""-0363-03-16T12:00:05.669Z"",""motion"":""direct""},{""jd_ut"":1588670.7837741566,""utc"":""-0363-07-13T06:48:38.087Z"",""motion"":""retrograde""},{""jd_ut"":1588820.8267686,""utc"":""-0363-12-10T07:50:32.807Z"",""motion"":""direct""}]",3
F106.12,F106,106,12,Pisces,330,1589616.184070082,-0360-02-13T16:25:03.655Z,1590397.2873718701,-0358-04-04T18:53:48.930Z,"[{""jd_ut"":1589616.184070082,""utc"":""-0360-02-13T16:25:03.655Z"",""motion"":""direct""}]",1
F107.01,F107,107,1,Aries,0,1590397.2873718701,-0358-04-04T18:53:48.930Z,1591169.8579677367,-0356-05-16T08:35:28.412Z,"[{""jd_ut"":1590397.2873718701,""utc"":""-0358-04-04T18:53:48.930Z"",""motion"":""direct""}]",1
F107.02,F107,107,2,Taurus,30,1591169.8579677367,-0356-05-16T08:35:28.412Z,1591938.9484394845,-0354-06-24T10:45:45.171Z,"[{""jd_ut"":1591169.8579677367,""utc"":""-0356-05-16T08:35:28.412Z"",""motion"":""direct""}]",1
F107.03,F107,107,3,Gemini,60,1591938.9484394845,-0354-06-24T10:45:45.171Z,1592711.4217753545,-0352-08-04T22:07:21.391Z,"[{""jd_ut"":1591938.9484394845,""utc"":""-0354-06-24T10:45:45.171Z"",""motion"":""direct""},{""jd_ut"":1592123.1329786293,""utc"":""-0354-12-25T15:11:29.354Z"",""motion"":""retrograde""},{""jd_ut"":1592192.3404211923,""utc"":""-0353-03-04T20:10:12.391Z"",""motion"":""direct""}]",3
F107.04,F107,107,4,Cancer,90,1592711.4217753545,-0352-08-04T22:07:21.391Z,1593498.273827361,-0350-09-30T18:34:18.684Z,"[{""jd_ut"":1592711.4217753545,""utc"":""-0352-08-04T22:07:21.391Z"",""motion"":""direct""},{""jd_ut"":1592860.1934117475,""utc"":""-0352-12-31T16:38:30.775Z"",""motion"":""retrograde""},{""jd_ut"":1592972.9626197629,""utc"":""-0351-04-23T11:06:10.348Z"",""motion"":""direct""}]",3
F107.05,F107,107,5,Leo,120,1593498.273827361,-0350-09-30T18:34:18.684Z,1594553.3215483255,-0347-08-20T19:43:01.775Z,"[{""jd_ut"":1593498.273827361,""utc"":""-0350-09-30T18:34:18.684Z"",""motion"":""direct""},{""jd_ut"":1593583.074682986,""utc"":""-0350-12-24T13:47:32.610Z"",""motion"":""retrograde""},{""jd_ut"":1593759.45653731,""utc"":""-0349-06-18T22:57:24.824Z"",""motion"":""direct""}]",3
F107.06,F107,107,6,Virgo,150,1594553.3215483255,-0347-08-20T19:43:01.775Z,1595360.3839897523,-0345-11-05T21:12:56.715Z,"[{""jd_ut"":1594553.3215483255,""utc"":""-0347-08-20T19:43:01.775Z"",""motion"":""direct""}]",1
F107.07,F107,107,7,Libra,180,1595360.3839897523,-0345-11-05T21:12:56.715Z,1596451.4632084398,-0342-10-31T23:07:01.209Z,"[{""jd_ut"":1595360.3839897523,""utc"":""-0345-11-05T21:12:56.715Z"",""motion"":""direct""},{""jd_ut"":1595499.4657067186,""utc"":""-0344-03-23T23:10:37.060Z"",""motion"":""retrograde""},{""jd_ut"":1595631.7618940491,""utc"":""-0344-08-03T06:17:07.646Z"",""motion"":""direct""}]",3
F107.08,F107,107,8,Scorpio,210,1596451.4632084398,-0342-10-31T23:07:01.209Z,1597551.1021111887,-0339-11-04T14:27:02.407Z,"[{""jd_ut"":1596451.4632084398,""utc"":""-0342-10-31T23:07:01.209Z"",""motion"":""direct""}]",1
F107.09,F107,107,9,Sagittarius,240,1597551.1021111887,-0339-11-04T14:27:02.407Z,1598370.297626142,-0336-02-01T19:08:34.899Z,"[{""jd_ut"":1597551.1021111887,""utc"":""-0339-11-04T14:27:02.407Z"",""motion"":""direct""}]",1
F107.10,F107,107,10,Capricorn,270,1598370.297626142,-0336-02-01T19:08:34.899Z,1599453.4012425654,-0333-01-19T21:37:47.358Z,"[{""jd_ut"":1598370.297626142,""utc"":""-0336-02-01T19:08:34.899Z"",""motion"":""direct""},{""jd_ut"":1598518.038125988,""utc"":""-0336-06-28T12:54:54.085Z"",""motion"":""retrograde""},{""jd_ut"":1598642.654226786,""utc"":""-0336-10-31T03:42:05.194Z"",""motion"":""direct""}]",3
F107.11,F107,107,11,Aquarius,300,1599453.4012425654,-0333-01-19T21:37:47.358Z,1600249.2424712996,-0331-03-25T17:49:09.520Z,"[{""jd_ut"":1599453.4012425654,""utc"":""-0333-01-19T21:37:47.358Z"",""motion"":""direct""}]",1
F107.12,F107,107,12,Pisces,330,1600249.2424712996,-0331-03-25T17:49:09.520Z,1601038.3101793248,-0329-05-23T19:26:39.494Z,"[{""jd_ut"":1600249.2424712996,""utc"":""-0331-03-25T17:49:09.520Z"",""motion"":""direct""},{""jd_ut"":1600424.988114826,""utc"":""-0331-09-17T11:42:53.121Z"",""motion"":""retrograde""},{""jd_ut"":1600511.9299096344,""utc"":""-0331-12-13T10:19:04.192Z"",""motion"":""direct""}]",3
F108.01,F108,108,1,Aries,0,1601038.3101793248,-0329-05-23T19:26:39.494Z,1601822.5617420073,-0327-07-16T01:28:54.509Z,"[{""jd_ut"":1601038.3101793248,""utc"":""-0329-05-23T19:26:39.494Z"",""motion"":""direct""},{""jd_ut"":1601145.029141205,""utc"":""-0329-09-07T12:41:57.800Z"",""motion"":""retrograde""},{""jd_ut"":1601299.662771185,""utc"":""-0328-02-09T03:54:23.430Z"",""motion"":""direct""}]",3
F108.02,F108,108,2,Taurus,30,1601822.5617420073,-0327-07-16T01:28:54.509Z,1602840.7156668617,-0324-04-29T05:10:33.617Z,"[{""jd_ut"":1601822.5617420073,""utc"":""-0327-07-16T01:28:54.509Z"",""motion"":""direct""},{""jd_ut"":1601879.036697329,""utc"":""-0327-09-10T12:52:50.649Z"",""motion"":""retrograde""},{""jd_ut"":1602072.0854073623,""utc"":""-0326-03-22T14:02:59.196Z"",""motion"":""direct""}]",3
F108.03,F108,108,3,Gemini,60,1602840.7156668617,-0324-04-29T05:10:33.617Z,1603612.465564385,-0322-06-09T23:10:24.763Z,"[{""jd_ut"":1602840.7156668617,""utc"":""-0324-04-29T05:10:33.617Z"",""motion"":""direct""}]",1
F108.04,F108,108,4,Cancer,90,1603612.465564385,-0322-06-09T23:10:24.763Z,1604392.032266269,-0320-07-28T12:46:27.806Z,"[{""jd_ut"":1603612.465564385,""utc"":""-0322-06-09T23:10:24.763Z"",""motion"":""direct""}]",1
F108.05,F108,108,5,Leo,120,1604392.032266269,-0320-07-28T12:46:27.806Z,1605184.4168089502,-0318-09-28T22:00:12.293Z,"[{""jd_ut"":1604392.032266269,""utc"":""-0320-07-28T12:46:27.806Z"",""motion"":""direct""}]",1
F108.06,F108,108,6,Virgo,150,1605184.4168089502,-0318-09-28T22:00:12.293Z,1606264.2533567003,-0315-09-12T18:04:50.019Z,"[{""jd_ut"":1605184.4168089502,""utc"":""-0318-09-28T22:00:12.293Z"",""motion"":""direct""},{""jd_ut"":1605344.6069365186,""utc"":""-0317-03-08T02:33:59.315Z"",""motion"":""retrograde""},{""jd_ut"":1605450.688999385,""utc"":""-0317-06-22T04:32:09.547Z"",""motion"":""direct""}]",3
F108.07,F108,108,7,Libra,180,1606264.2533567003,-0315-09-12T18:04:50.019Z,1607082.8000786449,-0313-12-10T07:12:06.795Z,"[{""jd_ut"":1606264.2533567003,""utc"":""-0315-09-12T18:04:50.019Z"",""motion"":""direct""}]",1
F108.08,F108,108,8,Scorpio,210,1607082.8000786449,-0313-12-10T07:12:06.795Z,1608178.7814551778,-0310-12-10T06:45:17.727Z,"[{""jd_ut"":1607082.8000786449,""utc"":""-0313-12-10T07:12:06.795Z"",""motion"":""direct""},{""jd_ut"":1607210.0769153177,""utc"":""-0312-04-15T13:50:45.483Z"",""motion"":""retrograde""},{""jd_ut"":1607356.3255918436,""utc"":""-0312-09-08T19:48:51.135Z"",""motion"":""direct""}]",3
F108.09,F108,108,9,Sagittarius,240,1608178.7814551778,-0310-12-10T06:45:17.727Z,1609275.4998885007,-0307-12-10T23:59:50.366Z,"[{""jd_ut"":1608178.7814551778,""utc"":""-0310-12-10T06:45:17.727Z"",""motion"":""direct""},{""jd_ut"":1608398.5636982191,""utc"":""-0309-07-18T01:31:43.526Z"",""motion"":""retrograde""},{""jd_ut"":1608433.4719734965,""utc"":""-0309-08-21T23:19:38.510Z"",""motion"":""direct""}]",3
F108.10,F108,108,10,Capricorn,270,1609275.4998885007,-0307-12-10T23:59:50.366Z,1610085.5788739366,-0304-02-29T01:53:34.708Z,"[{""jd_ut"":1609275.4998885007,""utc"":""-0307-12-10T23:59:50.366Z"",""motion"":""direct""}]",1
F108.11,F108,108,11,Aquarius,300,1610085.5788739366,-0304-02-29T01:53:34.708Z,1611154.0705219833,-0301-02-01T13:41:33.099Z,"[{""jd_ut"":1610085.5788739366,""utc"":""-0304-02-29T01:53:34.708Z"",""motion"":""direct""},{""jd_ut"":1610243.475139116,""utc"":""-0304-08-04T23:24:12.020Z"",""motion"":""retrograde""},{""jd_ut"":1610354.487645342,""utc"":""-0304-11-23T23:42:12.558Z"",""motion"":""direct""}]",3
F108.12,F108,108,12,Pisces,330,1611154.0705219833,-0301-02-01T13:41:33.099Z,1611935.6551671256,-0299-03-25T03:43:26.440Z,"[{""jd_ut"":1611154.0705219833,""utc"":""-0301-02-01T13:41:33.099Z"",""motion"":""direct""}]",1
F109.01,F109,109,1,Aries,0,1611935.6551671256,-0299-03-25T03:43:26.440Z,1612708.2393636685,-0297-05-06T17:44:41.021Z,"[{""jd_ut"":1611935.6551671256,""utc"":""-0299-03-25T03:43:26.440Z"",""motion"":""direct""}]",1
F109.02,F109,109,2,Taurus,30,1612708.2393636685,-0297-05-06T17:44:41.021Z,1613477.1825580895,-0295-06-13T16:22:53.019Z,"[{""jd_ut"":1612708.2393636685,""utc"":""-0297-05-06T17:44:41.021Z"",""motion"":""direct""}]",1
F109.03,F109,109,3,Gemini,60,1613477.1825580895,-0295-06-13T16:22:53.019Z,1614248.8605266903,-0293-07-25T08:39:09.506Z,"[{""jd_ut"":1613477.1825580895,""utc"":""-0295-06-13T16:22:53.019Z"",""motion"":""direct""}]",1
F109.04,F109,109,4,Cancer,90,1614248.8605266903,-0293-07-25T08:39:09.506Z,1615031.2239996665,-0291-09-14T17:22:33.571Z,"[{""jd_ut"":1614248.8605266903,""utc"":""-0293-07-25T08:39:09.506Z"",""motion"":""direct""},{""jd_ut"":1614432.360150475,""utc"":""-0292-01-24T20:38:37.001Z"",""motion"":""retrograde""},{""jd_ut"":1614503.6456973092,""utc"":""-0292-04-05T03:29:48.248Z"",""motion"":""direct""}]",3
F109.05,F109,109,5,Leo,120,1615031.2239996665,-0291-09-14T17:22:33.571Z,1616091.8315306753,-0288-08-10T07:57:24.250Z,"[{""jd_ut"":1615031.2239996665,""utc"":""-0291-09-14T17:22:33.571Z"",""motion"":""direct""},{""jd_ut"":1615153.783438614,""utc"":""-0290-01-15T06:48:09.096Z"",""motion"":""retrograde""},{""jd_ut"":1615296.1540720114,""utc"":""-0290-06-06T15:41:51.822Z"",""motion"":""direct""}]",3
F109.06,F109,109,6,Virgo,150,1616091.8315306753,-0288-08-10T07:57:24.250Z,1616896.4970723772,-0286-10-23T23:55:47.053Z,"[{""jd_ut"":1616091.8315306753,""utc"":""-0288-08-10T07:57:24.250Z"",""motion"":""direct""}]",1
F109.07,F109,109,7,Libra,180,1616896.4970723772,-0286-10-23T23:55:47.053Z,1617989.0655564163,-0283-10-20T13:34:24.074Z,"[{""jd_ut"":1616896.4970723772,""utc"":""-0286-10-23T23:55:47.053Z"",""motion"":""direct""},{""jd_ut"":1617071.804293239,""utc"":""-0285-04-17T07:18:10.936Z"",""motion"":""retrograde""},{""jd_ut"":1617163.4404324954,""utc"":""-0285-07-17T22:34:13.368Z"",""motion"":""direct""}]",3
F109.08,F109,109,8,Scorpio,210,1617989.0655564163,-0283-10-20T13:34:24.074Z,1618818.6345838355,-0280-01-28T03:13:48.043Z,"[{""jd_ut"":1617989.0655564163,""utc"":""-0283-10-20T13:34:24.074Z"",""motion"":""direct""}]",1
F109.09,F109,109,9,Sagittarius,240,1618818.6345838355,-0280-01-28T03:13:48.043Z,1619905.7021399084,-0277-01-19T04:51:04.888Z,"[{""jd_ut"":1618818.6345838355,""utc"":""-0280-01-28T03:13:48.043Z"",""motion"":""direct""},{""jd_ut"":1618905.1953429454,""utc"":""-0280-04-23T16:41:17.630Z"",""motion"":""retrograde""},{""jd_ut"":1619087.7284833374,""utc"":""-0280-10-23T05:29:00.960Z"",""motion"":""direct""}]",3
F109.10,F109,109,10,Capricorn,270,1619905.7021399084,-0277-01-19T04:51:04.888Z,1620991.149589302,-0274-01-08T15:35:24.516Z,"[{""jd_ut"":1619905.7021399084,""utc"":""-0277-01-19T04:51:04.888Z"",""motion"":""direct""},{""jd_ut"":1620092.604112599,""utc"":""-0277-07-25T02:29:55.329Z"",""motion"":""retrograde""},{""jd_ut"":1620172.6801389018,""utc"":""-0277-10-13T04:19:24.001Z"",""motion"":""direct""}]",3
F109.11,F109,109,11,Aquarius,300,1620991.149589302,-0274-01-08T15:35:24.516Z,1621786.3063317952,-0272-03-13T19:21:07.067Z,"[{""jd_ut"":1620991.149589302,""utc"":""-0274-01-08T15:35:24.516Z"",""motion"":""direct""}]",1
F109.12,F109,109,12,Pisces,330,1621786.3063317952,-0272-03-13T19:21:07.067Z,1622572.3176946477,-0270-05-08T19:37:28.818Z,"[{""jd_ut"":1621786.3063317952,""utc"":""-0272-03-13T19:21:07.067Z"",""motion"":""direct""},{""jd_ut"":1622013.431632768,""utc"":""-0272-10-26T22:21:33.071Z"",""motion"":""retrograde""},{""jd_ut"":1622026.550161826,""utc"":""-0272-11-09T01:12:13.982Z"",""motion"":""direct""}]",3
F110.01,F110,110,1,Aries,0,1622572.3176946477,-0270-05-08T19:37:28.818Z,1623350.5527926907,-0268-06-25T01:16:01.288Z,"[{""jd_ut"":1622572.3176946477,""utc"":""-0270-05-08T19:37:28.818Z"",""motion"":""direct""},{""jd_ut"":1622715.5812027063,""utc"":""-0270-09-29T01:56:55.914Z"",""motion"":""retrograde""},{""jd_ut"":1622835.385124003,""utc"":""-0269-01-26T21:14:34.714Z"",""motion"":""direct""}]",3
F110.02,F110,110,2,Taurus,30,1623350.5527926907,-0268-06-25T01:16:01.288Z,1624125.3727776343,-0266-08-08T20:56:47.988Z,"[{""jd_ut"":1623350.5527926907,""utc"":""-0268-06-25T01:16:01.288Z"",""motion"":""direct""},{""jd_ut"":1623453.6341247023,""utc"":""-0268-10-06T03:13:08.374Z"",""motion"":""retrograde""},{""jd_ut"":1623609.8157425933,""utc"":""-0267-03-11T07:34:40.160Z"",""motion"":""direct""}]",3
F110.03,F110,110,3,Gemini,60,1624125.3727776343,-0266-08-08T20:56:47.988Z,1625151.4136429387,-0263-05-30T21:55:38.750Z,"[{""jd_ut"":1624125.3727776343,""utc"":""-0266-08-08T20:56:47.988Z"",""motion"":""direct""},{""jd_ut"":1624197.3645737115,""utc"":""-0266-10-19T20:44:59.169Z"",""motion"":""retrograde""},{""jd_ut"":1624379.1737806299,""utc"":""-0265-04-19T16:10:14.646Z"",""motion"":""direct""}]",3
F110.04,F110,110,4,Cancer,90,1625151.4136429387,-0263-05-30T21:55:38.750Z,1625931.196807745,-0261-07-19T16:43:24.189Z,"[{""jd_ut"":1625151.4136429387,""utc"":""-0263-05-30T21:55:38.750Z"",""motion"":""direct""}]",1
F110.05,F110,110,5,Leo,120,1625931.196807745,-0261-07-19T16:43:24.189Z,1626722.052180525,-0259-09-17T13:15:08.397Z,"[{""jd_ut"":1625931.196807745,""utc"":""-0261-07-19T16:43:24.189Z"",""motion"":""direct""}]",1
F110.06,F110,110,6,Virgo,150,1626722.052180525,-0259-09-17T13:15:08.397Z,1627550.7547969879,-0257-12-25T06:06:54.460Z,"[{""jd_ut"":1626722.052180525,""utc"":""-0259-09-17T13:15:08.397Z"",""motion"":""direct""},{""jd_ut"":1626919.7537884782,""utc"":""-0258-04-03T06:05:27.325Z"",""motion"":""retrograde""},{""jd_ut"":1626978.203365182,""utc"":""-0258-05-31T16:52:50.752Z"",""motion"":""direct""}]",3
F110.07,F110,110,7,Libra,180,1627550.7547969879,-0257-12-25T06:06:54.460Z,1628617.6736881053,-0254-11-26T04:10:06.652Z,"[{""jd_ut"":1627550.7547969879,""utc"":""-0257-12-25T06:06:54.460Z"",""motion"":""direct""},{""jd_ut"":1627579.969528539,""utc"":""-0256-01-23T11:16:07.266Z"",""motion"":""retrograde""},{""jd_ut"":1627802.094279985,""utc"":""-0256-09-01T14:15:45.791Z"",""motion"":""direct""}]",3
F110.08,F110,110,8,Scorpio,210,1628617.6736881053,-0254-11-26T04:10:06.652Z,1629715.7880369448,-0251-11-28T06:54:46.392Z,"[{""jd_ut"":1628617.6736881053,""utc"":""-0254-11-26T04:10:06.652Z"",""motion"":""direct""},{""jd_ut"":1628782.4439591835,""utc"":""-0253-05-09T22:39:18.073Z"",""motion"":""retrograde""},{""jd_ut"":1628889.1450846475,""utc"":""-0253-08-24T15:28:55.314Z"",""motion"":""direct""}]",3
F110.09,F110,110,9,Sagittarius,240,1629715.7880369448,-0251-11-28T06:54:46.392Z,1630553.525747036,-0248-03-15T00:37:04.544Z,"[{""jd_ut"":1629715.7880369448,""utc"":""-0251-11-28T06:54:46.392Z"",""motion"":""direct""}]",1
F110.10,F110,110,10,Capricorn,270,1630553.525747036,-0248-03-15T00:37:04.544Z,1631621.1267350437,-0245-02-15T15:02:29.908Z,"[{""jd_ut"":1630553.525747036,""utc"":""-0248-03-15T00:37:04.544Z"",""motion"":""direct""},{""jd_ut"":1630605.1710930876,""utc"":""-0248-05-05T16:06:22.443Z"",""motion"":""retrograde""},{""jd_ut"":1630812.305431222,""utc"":""-0248-11-28T19:19:49.258Z"",""motion"":""direct""}]",3
F110.11,F110,110,11,Aquarius,300,1631621.1267350437,-0245-02-15T15:02:29.908Z,1632432.4653220135,-0243-05-06T23:10:03.822Z,"[{""jd_ut"":1631621.1267350437,""utc"":""-0245-02-15T15:02:29.908Z"",""motion"":""direct""},{""jd_ut"":1631820.9049331187,""utc"":""-0245-09-03T09:43:06.221Z"",""motion"":""retrograde""},{""jd_ut"":1631881.2350335983,""utc"":""-0245-11-02T17:38:26.903Z"",""motion"":""direct""}]",3
F110.12,F110,110,12,Pisces,330,1632432.4653220135,-0243-05-06T23:10:03.822Z,1633473.9281071448,-0240-03-13T10:16:28.457Z,"[{""jd_ut"":1632432.4653220135,""utc"":""-0243-05-06T23:10:03.822Z"",""motion"":""direct""},{""jd_ut"":1632506.3617459084,""utc"":""-0243-07-19T20:40:54.846Z"",""motion"":""retrograde""},{""jd_ut"":1632691.168851242,""utc"":""-0242-01-20T16:03:08.747Z"",""motion"":""direct""}]",3
F111.01,F111,111,1,Aries,0,1633473.9281071448,-0240-03-13T10:16:28.457Z,1634246.8377892217,-0238-04-25T08:06:24.989Z,"[{""jd_ut"":1633473.9281071448,""utc"":""-0240-03-13T10:16:28.457Z"",""motion"":""direct""}]",1
F111.02,F111,111,2,Taurus,30,1634246.8377892217,-0238-04-25T08:06:24.989Z,1635015.8580885301,-0236-06-02T08:35:38.849Z,"[{""jd_ut"":1634246.8377892217,""utc"":""-0238-04-25T08:06:24.989Z"",""motion"":""direct""}]",1
F111.03,F111,111,3,Gemini,60,1635015.8580885301,-0236-06-02T08:35:38.849Z,1635787.1430274188,-0234-07-13T15:25:57.569Z,"[{""jd_ut"":1635015.8580885301,""utc"":""-0236-06-02T08:35:38.849Z"",""motion"":""direct""}]",1
F111.04,F111,111,4,Cancer,90,1635787.1430274188,-0234-07-13T15:25:57.569Z,1636567.2853318923,-0232-08-31T18:50:52.675Z,"[{""jd_ut"":1635787.1430274188,""utc"":""-0234-07-13T15:25:57.569Z"",""motion"":""direct""}]",1
F111.05,F111,111,5,Leo,120,1636567.2853318923,-0232-08-31T18:50:52.675Z,1637377.0335882683,-0230-11-19T12:48:22.026Z,"[{""jd_ut"":1636567.2853318923,""utc"":""-0232-08-31T18:50:52.675Z"",""motion"":""direct""},{""jd_ut"":1636723.6786858574,""utc"":""-0231-02-04T04:17:18.458Z"",""motion"":""retrograde""},{""jd_ut"":1636830.4704549261,""utc"":""-0231-05-21T23:17:27.306Z"",""motion"":""direct""}]",3
F111.06,F111,111,6,Virgo,150,1637377.0335882683,-0230-11-19T12:48:22.026Z,1638433.8099782798,-0227-10-11T07:26:22.123Z,"[{""jd_ut"":1637377.0335882683,""utc"":""-0230-11-19T12:48:22.026Z"",""motion"":""direct""},{""jd_ut"":1637418.3384460951,""utc"":""-0230-12-30T20:07:21.743Z"",""motion"":""retrograde""},{""jd_ut"":1637629.9100286928,""utc"":""-0229-07-30T09:50:26.479Z"",""motion"":""direct""}]",3
F111.07,F111,111,7,Libra,180,1638433.8099782798,-0227-10-11T07:26:22.123Z,1639526.559771019,-0224-10-08T01:26:04.216Z,"[{""jd_ut"":1638433.8099782798,""utc"":""-0227-10-11T07:26:22.123Z"",""motion"":""direct""},{""jd_ut"":1638658.9308094159,""utc"":""-0226-05-24T10:20:21.934Z"",""motion"":""retrograde""},{""jd_ut"":1638678.9458771967,""utc"":""-0226-06-13T10:42:03.790Z"",""motion"":""direct""}]",3
F111.08,F111,111,8,Scorpio,210,1639526.559771019,-0224-10-08T01:26:04.216Z,1640349.2337309509,-0221-01-08T17:36:34.354Z,"[{""jd_ut"":1639526.559771019,""utc"":""-0224-10-08T01:26:04.216Z"",""motion"":""direct""}]",1
F111.09,F111,111,9,Sagittarius,240,1640349.2337309509,-0221-01-08T17:36:34.354Z,1641442.2317914795,-0218-01-05T17:33:46.784Z,"[{""jd_ut"":1640349.2337309509,""utc"":""-0221-01-08T17:36:34.354Z"",""motion"":""direct""},{""jd_ut"":1640479.3450871161,""utc"":""-0221-05-18T20:16:55.527Z"",""motion"":""retrograde""},{""jd_ut"":1640622.9521838585,""utc"":""-0221-10-09T10:51:08.685Z"",""motion"":""direct""}]",3
F111.10,F111,111,10,Capricorn,270,1641442.2317914795,-0218-01-05T17:33:46.784Z,1642271.1061255084,-0216-04-13T14:32:49.244Z,"[{""jd_ut"":1641442.2317914795,""utc"":""-0218-01-05T17:33:46.784Z"",""motion"":""direct""}]",1
F111.11,F111,111,11,Aquarius,300,1642271.1061255084,-0216-04-13T14:32:49.244Z,1643323.6195243252,-0213-03-02T02:52:06.902Z,"[{""jd_ut"":1642271.1061255084,""utc"":""-0216-04-13T14:32:49.244Z"",""motion"":""direct""},{""jd_ut"":1642326.2421274735,""utc"":""-0216-06-07T17:48:39.814Z"",""motion"":""retrograde""},{""jd_ut"":1642528.1895355228,""utc"":""-0216-12-26T16:32:55.869Z"",""motion"":""direct""}]",3
F111.12,F111,111,12,Pisces,330,1643323.6195243252,-0213-03-02T02:52:06.902Z,1644108.0046936027,-0211-04-24T12:06:45.527Z,"[{""jd_ut"":1643323.6195243252,""utc"":""-0213-03-02T02:52:06.902Z"",""motion"":""direct""}]",1
F112.01,F112,112,1,Aries,0,1644108.0046936027,-0211-04-24T12:06:45.527Z,1644884.0227080076,-0209-06-09T12:32:41.972Z,"[{""jd_ut"":1644108.0046936027,""utc"":""-0211-04-24T12:06:45.527Z"",""motion"":""direct""},{""jd_ut"":1644288.950038686,""utc"":""-0211-10-22T10:48:03.342Z"",""motion"":""retrograde""},{""jd_ut"":1644366.1554754176,""utc"":""-0210-01-07T15:43:53.076Z"",""motion"":""direct""}]",3
F112.02,F112,112,2,Taurus,30,1644884.0227080076,-0209-06-09T12:32:41.972Z,1645655.6902801525,-0207-07-20T04:34:00.205Z,"[{""jd_ut"":1644884.0227080076,""utc"":""-0209-06-09T12:32:41.972Z"",""motion"":""direct""},{""jd_ut"":1645024.7566189775,""utc"":""-0209-10-28T06:09:31.880Z"",""motion"":""retrograde""},{""jd_ut"":1645145.1069301898,""utc"":""-0208-02-25T14:33:58.768Z"",""motion"":""direct""}]",3
F112.03,F112,112,3,Gemini,60,1645655.6902801525,-0207-07-20T04:34:00.205Z,1646432.5910083763,-0205-09-05T02:11:03.124Z,"[{""jd_ut"":1645655.6902801525,""utc"":""-0207-07-20T04:34:00.205Z"",""motion"":""direct""},{""jd_ut"":1645770.2558069858,""utc"":""-0207-11-11T18:08:21.724Z"",""motion"":""retrograde""},{""jd_ut"":1645915.902192214,""utc"":""-0206-04-06T09:39:09.407Z"",""motion"":""direct""}]",3
F112.04,F112,112,4,Cancer,90,1646432.5910083763,-0205-09-05T02:11:03.124Z,1647469.824575671,-0202-07-08T07:47:23.338Z,"[{""jd_ut"":1646432.5910083763,""utc"":""-0205-09-05T02:11:03.124Z"",""motion"":""direct""},{""jd_ut"":1646509.7017457346,""utc"":""-0205-11-21T04:50:30.831Z"",""motion"":""retrograde""},{""jd_ut"":1646689.176620218,""utc"":""-0204-05-18T16:14:19.987Z"",""motion"":""direct""}]",3
F112.05,F112,112,5,Leo,120,1647469.824575671,-0202-07-08T07:47:23.338Z,1648260.183534739,-0200-09-06T16:24:17.401Z,"[{""jd_ut"":1647469.824575671,""utc"":""-0202-07-08T07:47:23.338Z"",""motion"":""direct""}]",1
F112.06,F112,112,6,Virgo,150,1648260.183534739,-0200-09-06T16:24:17.401Z,1649071.083163049,-0198-11-26T13:59:45.287Z,"[{""jd_ut"":1648260.183534739,""utc"":""-0200-09-06T16:24:17.401Z"",""motion"":""direct""}]",1
F112.07,F112,112,7,Libra,180,1649071.083163049,-0198-11-26T13:59:45.287Z,1650154.1031076107,-0195-11-13T14:28:28.498Z,"[{""jd_ut"":1649071.083163049,""utc"":""-0198-11-26T13:59:45.287Z"",""motion"":""direct""},{""jd_ut"":1649162.764152323,""utc"":""-0197-02-26T06:20:22.761Z"",""motion"":""retrograde""},{""jd_ut"":1649339.098738817,""utc"":""-0197-08-21T14:22:11.034Z"",""motion"":""direct""}]",3
F112.08,F112,112,8,Scorpio,210,1650154.1031076107,-0195-11-13T14:28:28.498Z,1651252.8554531462,-0192-11-16T08:31:51.152Z,"[{""jd_ut"":1650154.1031076107,""utc"":""-0195-11-13T14:28:28.498Z"",""motion"":""direct""},{""jd_ut"":1650361.5070830905,""utc"":""-0194-06-09T00:10:11.979Z"",""motion"":""retrograde""},{""jd_ut"":1650413.525875119,""utc"":""-0194-07-31T00:37:15.610Z"",""motion"":""direct""}]",3
F112.09,F112,112,9,Sagittarius,240,1651252.8554531462,-0192-11-16T08:31:51.152Z,1652076.7928071525,-0189-02-18T07:01:38.538Z,"[{""jd_ut"":1651252.8554531462,""utc"":""-0192-11-16T08:31:51.152Z"",""motion"":""direct""}]",1
F112.10,F112,112,10,Capricorn,270,1652076.7928071525,-0189-02-18T07:01:38.538Z,1653157.2806338612,-0186-02-02T18:44:06.766Z,"[{""jd_ut"":1652076.7928071525,""utc"":""-0189-02-18T07:01:38.538Z"",""motion"":""direct""},{""jd_ut"":1652185.8881183695,""utc"":""-0189-06-07T09:18:53.427Z"",""motion"":""retrograde""},{""jd_ut"":1652347.8047156362,""utc"":""-0189-11-16T07:18:47.431Z"",""motion"":""direct""}]",3
F112.11,F112,112,11,Aquarius,300,1653157.2806338612,-0186-02-02T18:44:06.766Z,1653959.9948909087,-0184-04-15T11:52:38.575Z,"[{""jd_ut"":1653157.2806338612,""utc"":""-0186-02-02T18:44:06.766Z"",""motion"":""direct""}]",1
F112.12,F112,112,12,Pisces,330,1653959.9948909087,-0184-04-15T11:52:38.575Z,1655011.174982586,-0181-03-02T16:11:58.495Z,"[{""jd_ut"":1653959.9948909087,""utc"":""-0184-04-15T11:52:38.575Z"",""motion"":""direct""},{""jd_ut"":1654083.0075322795,""utc"":""-0184-08-16T12:10:50.789Z"",""motion"":""retrograde""},{""jd_ut"":1654226.2212453606,""utc"":""-0183-01-06T17:18:35.599Z"",""motion"":""direct""}]",3
F113.01,F113,113,1,Aries,0,1655011.174982586,-0181-03-02T16:11:58.495Z,1655784.6896421807,-0179-04-14T04:33:05.084Z,"[{""jd_ut"":1655011.174982586,""utc"":""-0181-03-02T16:11:58.495Z"",""motion"":""direct""}]",1
F113.02,F113,113,2,Taurus,30,1655784.6896421807,-0179-04-14T04:33:05.084Z,1656553.9991333312,-0177-05-23T11:58:45.120Z,"[{""jd_ut"":1655784.6896421807,""utc"":""-0179-04-14T04:33:05.084Z"",""motion"":""direct""}]",1
F113.03,F113,113,3,Gemini,60,1656553.9991333312,-0177-05-23T11:58:45.120Z,1657325.2419486977,-0175-07-02T17:48:24.367Z,"[{""jd_ut"":1656553.9991333312,""utc"":""-0177-05-23T11:58:45.120Z"",""motion"":""direct""}]",1
F113.04,F113,113,4,Cancer,90,1657325.2419486977,-0175-07-02T17:48:24.367Z,1658104.2614338337,-0173-08-20T18:16:27.883Z,"[{""jd_ut"":1657325.2419486977,""utc"":""-0175-07-02T17:48:24.367Z"",""motion"":""direct""}]",1
F113.05,F113,113,5,Leo,120,1658104.2614338337,-0173-08-20T18:16:27.883Z,1658901.0368689857,-0171-10-25T12:53:05.480Z,"[{""jd_ut"":1658104.2614338337,""utc"":""-0173-08-20T18:16:27.883Z"",""motion"":""direct""},{""jd_ut"":1658299.5921471762,""utc"":""-0172-03-03T02:12:41.516Z"",""motion"":""retrograde""},{""jd_ut"":1658357.3694407903,""utc"":""-0172-04-29T20:51:59.684Z"",""motion"":""direct""}]",3
F113.06,F113,113,6,Virgo,150,1658901.0368689857,-0171-10-25T12:53:05.480Z,1659971.4219783177,-0168-09-29T22:07:38.927Z,"[{""jd_ut"":1658901.0368689857,""utc"":""-0171-10-25T12:53:05.480Z"",""motion"":""direct""},{""jd_ut"":1658997.3973813183,""utc"":""-0170-01-29T21:32:13.746Z"",""motion"":""retrograde""},{""jd_ut"":1659166.7655580593,""utc"":""-0170-07-18T06:22:24.216Z"",""motion"":""direct""}]",3
F113.07,F113,113,7,Libra,180,1659971.4219783177,-0168-09-29T22:07:38.927Z,1660797.0764978305,-0165-01-03T13:50:09.413Z,"[{""jd_ut"":1659971.4219783177,""utc"":""-0168-09-29T22:07:38.927Z"",""motion"":""direct""}]",1
F113.08,F113,113,8,Scorpio,210,1660797.0764978305,-0165-01-03T13:50:09.413Z,1661883.3400864564,-0163-12-24T20:09:43.470Z,"[{""jd_ut"":1660797.0764978305,""utc"":""-0165-01-03T13:50:09.413Z"",""motion"":""direct""},{""jd_ut"":1660870.3377762367,""utc"":""-0165-03-17T20:06:23.867Z"",""motion"":""retrograde""},{""jd_ut"":1661063.217495983,""utc"":""-0165-09-26T17:13:11.653Z"",""motion"":""direct""}]",3
F113.09,F113,113,9,Sagittarius,240,1661883.3400864564,-0163-12-24T20:09:43.470Z,1662978.8311155327,-0160-12-24T07:56:48.382Z,"[{""jd_ut"":1661883.3400864564,""utc"":""-0163-12-24T20:09:43.470Z"",""motion"":""direct""},{""jd_ut"":1662053.3370830747,""utc"":""-0162-06-12T20:05:23.978Z"",""motion"":""retrograde""},{""jd_ut"":1662154.585497866,""utc"":""-0162-09-22T02:03:07.016Z"",""motion"":""direct""}]",3
F113.10,F113,113,10,Capricorn,270,1662978.8311155327,-0160-12-24T07:56:48.382Z,1663794.7231389415,-0157-03-20T05:21:19.205Z,"[{""jd_ut"":1662978.8311155327,""utc"":""-0160-12-24T07:56:48.382Z"",""motion"":""direct""}]",1
F113.11,F113,113,11,Aquarius,300,1663794.7231389415,-0157-03-20T05:21:19.205Z,1664860.5118991942,-0154-02-18T00:17:08.090Z,"[{""jd_ut"":1663794.7231389415,""utc"":""-0157-03-20T05:21:19.205Z"",""motion"":""direct""},{""jd_ut"":1663906.6105245412,""utc"":""-0157-07-10T02:39:09.320Z"",""motion"":""retrograde""},{""jd_ut"":1664063.460718737,""utc"":""-0157-12-13T23:03:26.099Z"",""motion"":""direct""}]",3
F113.12,F113,113,12,Pisces,330,1664860.5118991942,-0154-02-18T00:17:08.090Z,1665644.1921269624,-0152-04-11T16:36:39.770Z,"[{""jd_ut"":1664860.5118991942,""utc"":""-0154-02-18T00:17:08.090Z"",""motion"":""direct""}]",1
F114.01,F114,114,1,Aries,0,1665644.1921269624,-0152-04-11T16:36:39.770Z,1666419.211204494,-0150-05-26T17:04:08.068Z,"[{""jd_ut"":1665644.1921269624,""utc"":""-0152-04-11T16:36:39.770Z"",""motion"":""direct""}]",1
F114.02,F114,114,2,Taurus,30,1666419.211204494,-0150-05-26T17:04:08.068Z,1667189.7722966536,-0148-07-05T06:32:06.431Z,"[{""jd_ut"":1666419.211204494,""utc"":""-0150-05-26T17:04:08.068Z"",""motion"":""direct""},{""jd_ut"":1666599.009767403,""utc"":""-0150-11-22T12:14:03.904Z"",""motion"":""retrograde""},{""jd_ut"":1666674.9978403104,""utc"":""-0149-02-06T11:56:53.403Z"",""motion"":""direct""}]",3
F114.03,F114,114,3,Gemini,60,1667189.7722966536,-0148-07-05T06:32:06.431Z,1667963.1623519645,-0146-08-17T15:53:47.210Z,"[{""jd_ut"":1667189.7722966536,""utc"":""-0148-07-05T06:32:06.431Z"",""motion"":""direct""},{""jd_ut"":1667342.012665519,""utc"":""-0148-12-04T12:18:14.301Z"",""motion"":""retrograde""},{""jd_ut"":1667449.5298059662,""utc"":""-0147-03-22T00:42:55.235Z"",""motion"":""direct""}]",3
F114.04,F114,114,4,Cancer,90,1667963.1623519645,-0146-08-17T15:53:47.210Z,1668756.395719098,-0144-10-18T21:29:50.130Z,"[{""jd_ut"":1667963.1623519645,""utc"":""-0146-08-17T15:53:47.210Z"",""motion"":""direct""},{""jd_ut"":1668082.8593473686,""utc"":""-0146-12-15T08:37:27.613Z"",""motion"":""retrograde""},{""jd_ut"":1668225.02793951,""utc"":""-0145-05-06T12:40:13.974Z"",""motion"":""direct""}]",3
F114.05,F114,114,5,Leo,120,1668756.395719098,-0144-10-18T21:29:50.130Z,1669798.161762395,-0141-08-26T15:52:56.271Z,"[{""jd_ut"":1668756.395719098,""utc"":""-0144-10-18T21:29:50.130Z"",""motion"":""direct""},{""jd_ut"":1668802.3803385133,""utc"":""-0144-12-03T21:07:41.248Z"",""motion"":""retrograde""},{""jd_ut"":1669007.42918223,""utc"":""-0143-06-26T22:18:01.345Z"",""motion"":""direct""}]",3
F114.06,F114,114,6,Virgo,150,1669798.161762395,-0141-08-26T15:52:56.271Z,1670603.1258130022,-0139-11-08T15:01:10.243Z,"[{""jd_ut"":1669798.161762395,""utc"":""-0141-08-26T15:52:56.271Z"",""motion"":""direct""}]",1
F114.07,F114,114,7,Libra,180,1670603.1258130022,-0139-11-08T15:01:10.243Z,1671690.89068856,-0136-10-31T09:22:35.492Z,"[{""jd_ut"":1670603.1258130022,""utc"":""-0139-11-08T15:01:10.243Z"",""motion"":""direct""},{""jd_ut"":1670735.585392837,""utc"":""-0138-03-21T02:02:57.941Z"",""motion"":""retrograde""},{""jd_ut"":1670874.0851903856,""utc"":""-0138-08-06T14:02:40.449Z"",""motion"":""direct""}]",3
F114.08,F114,114,8,Scorpio,210,1671690.89068856,-0136-10-31T09:22:35.492Z,1672539.3614970855,-0133-02-26T20:40:33.348Z,"[{""jd_ut"":1671690.89068856,""utc"":""-0136-10-31T09:22:35.492Z"",""motion"":""direct""}]",1
F114.09,F114,114,9,Sagittarius,240,1672539.3614970855,-0133-02-26T20:40:33.348Z,1673608.2852348671,-0130-01-30T18:50:44.293Z,"[{""jd_ut"":1672539.3614970855,""utc"":""-0133-02-26T20:40:33.348Z"",""motion"":""direct""},{""jd_ut"":1672561.7052945849,""utc"":""-0133-03-21T04:55:37.452Z"",""motion"":""retrograde""},{""jd_ut"":1672789.2489011148,""utc"":""-0133-11-03T17:58:25.056Z"",""motion"":""direct""}]",3
F114.10,F114,114,10,Capricorn,270,1673608.2852348671,-0130-01-30T18:50:44.293Z,1674693.4010183858,-0127-01-19T21:37:27.989Z,"[{""jd_ut"":1673608.2852348671,""utc"":""-0130-01-30T18:50:44.293Z"",""motion"":""direct""},{""jd_ut"":1673760.9720863705,""utc"":""-0130-07-02T11:19:48.262Z"",""motion"":""retrograde""},{""jd_ut"":1673880.505981117,""utc"":""-0130-10-30T00:08:36.769Z"",""motion"":""direct""}]",3
F114.11,F114,114,11,Aquarius,300,1674693.4010183858,-0127-01-19T21:37:27.989Z,1675492.2473329282,-0125-03-29T17:56:09.565Z,"[{""jd_ut"":1674693.4010183858,""utc"":""-0127-01-19T21:37:27.989Z"",""motion"":""direct""}]",1
F114.12,F114,114,12,Pisces,330,1675492.2473329282,-0125-03-29T17:56:09.565Z,1676288.4389146762,-0123-06-02T22:32:02.228Z,"[{""jd_ut"":1675492.2473329282,""utc"":""-0125-03-29T17:56:09.565Z"",""motion"":""direct""},{""jd_ut"":1675658.6478133332,""utc"":""-0125-09-12T03:32:51.072Z"",""motion"":""retrograde""},{""jd_ut"":1675757.1252402966,""utc"":""-0125-12-19T15:00:20.762Z"",""motion"":""direct""}]",3
F115.01,F115,115,1,Aries,0,1676288.4389146762,-0123-06-02T22:32:02.228Z,1677321.1996553526,-0120-03-31T16:47:30.222Z,"[{""jd_ut"":1676288.4389146762,""utc"":""-0123-06-02T22:32:02.228Z"",""motion"":""direct""},{""jd_ut"":1676371.9915900468,""utc"":""-0123-08-25T11:47:53.380Z"",""motion"":""retrograde""},{""jd_ut"":1676546.686086174,""utc"":""-0122-02-16T04:27:57.845Z"",""motion"":""direct""}]",3
F115.02,F115,115,2,Taurus,30,1677321.1996553526,-0120-03-31T16:47:30.222Z,1678090.943596277,-0118-05-10T10:38:46.718Z,"[{""jd_ut"":1677321.1996553526,""utc"":""-0120-03-31T16:47:30.222Z"",""motion"":""direct""}]",1
F115.03,F115,115,3,Gemini,60,1678090.943596277,-0118-05-10T10:38:46.718Z,1678862.4062337028,-0116-06-19T21:44:58.592Z,"[{""jd_ut"":1678090.943596277,""utc"":""-0118-05-10T10:38:46.718Z"",""motion"":""direct""}]",1
F115.04,F115,115,4,Cancer,90,1678862.4062337028,-0116-06-19T21:44:58.592Z,1679641.0083862469,-0114-08-07T12:12:04.572Z,"[{""jd_ut"":1678862.4062337028,""utc"":""-0116-06-19T21:44:58.592Z"",""motion"":""direct""}]",1
F115.05,F115,115,5,Leo,120,1679641.0083862469,-0114-08-07T12:12:04.572Z,1680433.0985420132,-0112-10-07T14:21:54.030Z,"[{""jd_ut"":1679641.0083862469,""utc"":""-0114-08-07T12:12:04.572Z"",""motion"":""direct""}]",1
F115.06,F115,115,6,Virgo,150,1680433.0985420132,-0112-10-07T14:21:54.030Z,1681508.5497738472,-0109-09-18T01:11:40.460Z,"[{""jd_ut"":1680433.0985420132,""utc"":""-0112-10-07T14:21:54.030Z"",""motion"":""direct""},{""jd_ut"":1680570.5743389493,""utc"":""-0111-02-22T01:47:02.885Z"",""motion"":""retrograde""},{""jd_ut"":1680700.861338853,""utc"":""-0111-07-02T08:40:19.677Z"",""motion"":""direct""}]",3
F115.07,F115,115,7,Libra,180,1681508.5497738472,-0109-09-18T01:11:40.460Z,1682325.3127059536,-0107-12-12T19:30:17.794Z,"[{""jd_ut"":1681508.5497738472,""utc"":""-0109-09-18T01:11:40.460Z"",""motion"":""direct""}]",1
F115.08,F115,115,8,Scorpio,210,1682325.3127059536,-0107-12-12T19:30:17.794Z,1683418.6665081088,-0104-12-10T03:59:46.301Z,"[{""jd_ut"":1682325.3127059536,""utc"":""-0107-12-12T19:30:17.794Z"",""motion"":""direct""},{""jd_ut"":1682446.7685991465,""utc"":""-0106-04-13T06:26:46.966Z"",""motion"":""retrograde""},{""jd_ut"":1682598.0361770089,""utc"":""-0106-09-11T12:52:05.694Z"",""motion"":""direct""}]",3
F115.09,F115,115,9,Sagittarius,240,1683418.6665081088,-0104-12-10T03:59:46.301Z,1684514.9133093394,-0101-12-11T09:55:09.927Z,"[{""jd_ut"":1683418.6665081088,""utc"":""-0104-12-10T03:59:46.301Z"",""motion"":""direct""},{""jd_ut"":1683639.813080125,""utc"":""-0103-07-19T07:30:50.123Z"",""motion"":""retrograde""},{""jd_ut"":1683672.0265509333,""utc"":""-0103-08-20T12:38:14.001Z"",""motion"":""direct""}]",3
F115.10,F115,115,10,Capricorn,270,1684514.9133093394,-0101-12-11T09:55:09.927Z,1685325.7453161464,-0098-03-02T05:53:15.315Z,"[{""jd_ut"":1684514.9133093394,""utc"":""-0101-12-11T09:55:09.927Z"",""motion"":""direct""}]",1
F115.11,F115,115,11,Aquarius,300,1685325.7453161464,-0098-03-02T05:53:15.315Z,1686396.3286291207,-0095-02-04T19:53:13.556Z,"[{""jd_ut"":1685325.7453161464,""utc"":""-0098-03-02T05:53:15.315Z"",""motion"":""direct""},{""jd_ut"":1685482.661718804,""utc"":""-0098-08-06T03:52:52.505Z"",""motion"":""retrograde""},{""jd_ut"":1685595.192033738,""utc"":""-0098-11-26T16:36:31.715Z"",""motion"":""direct""}]",3
F115.12,F115,115,12,Pisces,330,1686396.3286291207,-0095-02-04T19:53:13.556Z,1687179.952310861,-0093-03-30T10:51:19.658Z,"[{""jd_ut"":1686396.3286291207,""utc"":""-0095-02-04T19:53:13.556Z"",""motion"":""direct""}]",1
F116.01,F116,116,1,Aries,0,1687179.952310861,-0093-03-30T10:51:19.658Z,1687954.4761613947,-0091-05-12T23:25:40.345Z,"[{""jd_ut"":1687179.952310861,""utc"":""-0093-03-30T10:51:19.658Z"",""motion"":""direct""}]",1
F116.02,F116,116,2,Taurus,30,1687954.4761613947,-0091-05-12T23:25:40.345Z,1688724.5768758613,-0089-06-22T01:50:42.074Z,"[{""jd_ut"":1687954.4761613947,""utc"":""-0091-05-12T23:25:40.345Z"",""motion"":""direct""}]",1
F116.03,F116,116,3,Gemini,60,1688724.5768758613,-0089-06-22T01:50:42.074Z,1689496.57734785,-0087-08-02T01:51:22.854Z,"[{""jd_ut"":1688724.5768758613,""utc"":""-0089-06-22T01:50:42.074Z"",""motion"":""direct""},{""jd_ut"":1688922.261835223,""utc"":""-0088-01-05T18:17:02.563Z"",""motion"":""retrograde""},{""jd_ut"":1688972.9604879022,""utc"":""-0088-02-25T11:03:06.155Z"",""motion"":""direct""}]",3
F116.04,F116,116,4,Cancer,90,1689496.57734785,-0087-08-02T01:51:22.854Z,1690279.6706079338,-0085-09-24T04:05:40.525Z,"[{""jd_ut"":1689496.57734785,""utc"":""-0087-08-02T01:51:22.854Z"",""motion"":""direct""},{""jd_ut"":1689656.8340523434,""utc"":""-0086-01-09T08:01:02.122Z"",""motion"":""retrograde""},{""jd_ut"":1689756.3608446326,""utc"":""-0086-04-18T20:39:36.976Z"",""motion"":""direct""}]",3
F116.05,F116,116,5,Leo,120,1690279.6706079338,-0085-09-24T04:05:40.525Z,1691335.267678388,-0082-08-14T18:25:27.413Z,"[{""jd_ut"":1690279.6706079338,""utc"":""-0085-09-24T04:05:40.525Z"",""motion"":""direct""},{""jd_ut"":1690382.626392373,""utc"":""-0084-01-05T03:02:00.301Z"",""motion"":""retrograde""},{""jd_ut"":1690542.8365813605,""utc"":""-0084-06-13T08:04:40.630Z"",""motion"":""direct""}]",3
F116.06,F116,116,6,Virgo,150,1691335.267678388,-0082-08-14T18:25:27.413Z,1692137.5492694546,-0080-10-25T01:10:56.881Z,"[{""jd_ut"":1691335.267678388,""utc"":""-0082-08-14T18:25:27.413Z"",""motion"":""direct""}]",1
F116.07,F116,116,7,Libra,180,1692137.5492694546,-0080-10-25T01:10:56.881Z,1693227.3289798135,-0077-10-19T19:53:43.856Z,"[{""jd_ut"":1692137.5492694546,""utc"":""-0080-10-25T01:10:56.881Z"",""motion"":""direct""},{""jd_ut"":1692310.0386408907,""utc"":""-0079-04-15T12:55:38.573Z"",""motion"":""retrograde""},{""jd_ut"":1692404.4888736806,""utc"":""-0079-07-18T23:43:58.686Z"",""motion"":""direct""}]",3
F116.08,F116,116,8,Scorpio,210,1693227.3289798135,-0077-10-19T19:53:43.856Z,1694052.9553708937,-0074-01-22T10:55:44.045Z,"[{""jd_ut"":1693227.3289798135,""utc"":""-0077-10-19T19:53:43.856Z"",""motion"":""direct""}]",1
F116.09,F116,116,9,Sagittarius,240,1694052.9553708937,-0074-01-22T10:55:44.045Z,1695141.9504438052,-0071-01-15T10:48:38.345Z,"[{""jd_ut"":1694052.9553708937,""utc"":""-0074-01-22T10:55:44.045Z"",""motion"":""direct""},{""jd_ut"":1694152.1900270348,""utc"":""-0074-05-01T16:33:38.336Z"",""motion"":""retrograde""},{""jd_ut"":1694324.1040775129,""utc"":""-0074-10-20T14:29:52.297Z"",""motion"":""direct""}]",3
F116.10,F116,116,10,Capricorn,270,1695141.9504438052,-0071-01-15T10:48:38.345Z,1696228.687606793,-0068-01-07T04:30:09.227Z,"[{""jd_ut"":1695141.9504438052,""utc"":""-0071-01-15T10:48:38.345Z"",""motion"":""direct""},{""jd_ut"":1695341.483090125,""utc"":""-0071-08-02T23:35:38.987Z"",""motion"":""retrograde""},{""jd_ut"":1695405.0886909566,""utc"":""-0071-10-05T14:07:42.899Z"",""motion"":""direct""}]",3
F116.11,F116,116,11,Aquarius,300,1696228.687606793,-0068-01-07T04:30:09.227Z,1697025.8141547702,-0066-03-14T07:32:22.972Z,"[{""jd_ut"":1696228.687606793,""utc"":""-0068-01-07T04:30:09.227Z"",""motion"":""direct""}]",1
F116.12,F116,116,12,Pisces,330,1697025.8141547702,-0066-03-14T07:32:22.972Z,1697815.1823180532,-0064-05-11T16:22:32.280Z,"[{""jd_ut"":1697025.8141547702,""utc"":""-0066-03-14T07:32:22.972Z"",""motion"":""direct""},{""jd_ut"":1697255.9738160009,""utc"":""-0066-10-30T11:22:17.702Z"",""motion"":""retrograde""},{""jd_ut"":1697264.2085586824,""utc"":""-0066-11-07T17:00:19.470Z"",""motion"":""direct""}]",3
F117.01,F117,117,1,Aries,0,1697815.1823180532,-0064-05-11T16:22:32.280Z,1698598.8885905761,-0062-07-04T09:19:34.226Z,"[{""jd_ut"":1697815.1823180532,""utc"":""-0064-05-11T16:22:32.280Z"",""motion"":""direct""},{""jd_ut"":1697950.776141039,""utc"":""-0064-09-24T06:37:38.586Z"",""motion"":""retrograde""},{""jd_ut"":1698078.926606967,""utc"":""-0063-01-30T10:14:18.842Z"",""motion"":""direct""}]",3
F117.02,F117,117,2,Taurus,30,1698598.8885905761,-0062-07-04T09:19:34.226Z,1699385.0371916536,-0060-08-28T12:53:33.359Z,"[{""jd_ut"":1698598.8885905761,""utc"":""-0062-07-04T09:19:34.226Z"",""motion"":""direct""},{""jd_ut"":1698682.9769604942,""utc"":""-0062-09-26T11:26:49.387Z"",""motion"":""retrograde""},{""jd_ut"":1698855.589719927,""utc"":""-0061-03-18T02:09:11.802Z"",""motion"":""direct""}]",3
F117.03,F117,117,3,Gemini,60,1699385.0371916536,-0060-08-28T12:53:33.359Z,1700398.3329202463,-0057-06-07T19:59:24.309Z,"[{""jd_ut"":1699385.0371916536,""utc"":""-0060-08-28T12:53:33.359Z"",""motion"":""direct""},{""jd_ut"":1699415.3929477674,""utc"":""-0060-09-27T21:25:50.687Z"",""motion"":""retrograde""},{""jd_ut"":1699626.218886782,""utc"":""-0059-04-26T17:15:11.818Z"",""motion"":""direct""}]",3
F117.04,F117,117,4,Cancer,90,1700398.3329202463,-0057-06-07T19:59:24.309Z,1701177.1761114202,-0055-07-25T16:13:36.027Z,"[{""jd_ut"":1700398.3329202463,""utc"":""-0057-06-07T19:59:24.309Z"",""motion"":""direct""}]",1
F117.05,F117,117,5,Leo,120,1701177.1761114202,-0055-07-25T16:13:36.027Z,1701967.152521071,-0053-09-23T15:39:37.821Z,"[{""jd_ut"":1701177.1761114202,""utc"":""-0055-07-25T16:13:36.027Z"",""motion"":""direct""}]",1
F117.06,F117,117,6,Virgo,150,1701967.152521071,-0053-09-23T15:39:37.821Z,1703044.6112675262,-0050-09-05T02:40:13.514Z,"[{""jd_ut"":1701967.152521071,""utc"":""-0053-09-23T15:39:37.821Z"",""motion"":""direct""},{""jd_ut"":1702147.1185105126,""utc"":""-0052-03-21T14:50:39.308Z"",""motion"":""retrograde""},{""jd_ut"":1702228.877827676,""utc"":""-0052-06-11T09:04:04.311Z"",""motion"":""direct""}]",3
F117.07,F117,117,7,Libra,180,1703044.6112675262,-0050-09-05T02:40:13.514Z,1703857.9663453442,-0048-11-26T11:11:32.238Z,"[{""jd_ut"":1703044.6112675262,""utc"":""-0050-09-05T02:40:13.514Z"",""motion"":""direct""}]",1
F117.08,F117,117,8,Scorpio,210,1703857.9663453442,-0048-11-26T11:11:32.238Z,1704954.1065159277,-0045-11-27T14:33:22.976Z,"[{""jd_ut"":1703857.9663453442,""utc"":""-0048-11-26T11:11:32.238Z"",""motion"":""direct""},{""jd_ut"":1704022.2809737804,""utc"":""-0047-05-09T18:44:36.135Z"",""motion"":""retrograde""},{""jd_ut"":1704128.8435277883,""utc"":""-0047-08-24T08:14:40.801Z"",""motion"":""direct""}]",3
F117.09,F117,117,9,Sagittarius,240,1704954.1065159277,-0045-11-27T14:33:22.976Z,1705786.9054183704,-0042-03-09T09:43:48.147Z,"[{""jd_ut"":1704954.1065159277,""utc"":""-0045-11-27T14:33:22.976Z"",""motion"":""direct""}]",1
F117.10,F117,117,10,Capricorn,270,1705786.9054183704,-0042-03-09T09:43:48.147Z,1706858.93284225,-0039-02-13T10:23:17.570Z,"[{""jd_ut"":1705786.9054183704,""utc"":""-0042-03-09T09:43:48.147Z"",""motion"":""direct""},{""jd_ut"":1705852.5101152598,""utc"":""-0042-05-14T00:14:33.958Z"",""motion"":""retrograde""},{""jd_ut"":1706049.7719011772,""utc"":""-0042-11-27T06:31:32.262Z"",""motion"":""direct""}]",3
F117.11,F117,117,11,Aquarius,300,1706858.93284225,-0039-02-13T10:23:17.570Z,1707670.4746626695,-0037-05-05T23:23:30.855Z,"[{""jd_ut"":1706858.93284225,""utc"":""-0039-02-13T10:23:17.570Z"",""motion"":""direct""},{""jd_ut"":1707066.7531801672,""utc"":""-0039-09-09T06:04:34.766Z"",""motion"":""retrograde""},{""jd_ut"":1707116.1639622487,""utc"":""-0039-10-28T15:56:06.338Z"",""motion"":""direct""}]",3
F117.12,F117,117,12,Pisces,330,1707670.4746626695,-0037-05-05T23:23:30.855Z,1708715.0588089284,-0034-03-15T13:24:41.091Z,"[{""jd_ut"":1707670.4746626695,""utc"":""-0037-05-05T23:23:30.855Z"",""motion"":""direct""},{""jd_ut"":1707748.2119687535,""utc"":""-0037-07-22T17:05:14.100Z"",""motion"":""retrograde""},{""jd_ut"":1707930.5889733704,""utc"":""-0036-01-21T02:08:07.299Z"",""motion"":""direct""}]",3
F118.01,F118,118,1,Aries,0,1708715.0588089284,-0034-03-15T13:24:41.091Z,1709489.4618473845,-0032-04-27T23:05:03.614Z,"[{""jd_ut"":1708715.0588089284,""utc"":""-0034-03-15T13:24:41.091Z"",""motion"":""direct""}]",1
F118.02,F118,118,2,Taurus,30,1709489.4618473845,-0032-04-27T23:05:03.614Z,1710259.354791196,-0030-06-06T20:30:53.959Z,"[{""jd_ut"":1709489.4618473845,""utc"":""-0032-04-27T23:05:03.614Z"",""motion"":""direct""}]",1
F118.03,F118,118,3,Gemini,60,1710259.354791196,-0030-06-06T20:30:53.959Z,1711030.6696210885,-0028-07-17T04:04:15.262Z,"[{""jd_ut"":1710259.354791196,""utc"":""-0030-06-06T20:30:53.959Z"",""motion"":""direct""}]",1
F118.04,F118,118,4,Cancer,90,1711030.6696210885,-0028-07-17T04:04:15.262Z,1711810.3453203882,-0026-09-04T20:17:15.682Z,"[{""jd_ut"":1711030.6696210885,""utc"":""-0028-07-17T04:04:15.262Z"",""motion"":""direct""},{""jd_ut"":1711249.3415741692,""utc"":""-0027-02-20T20:11:52.008Z"",""motion"":""retrograde""},{""jd_ut"":1711267.3495147172,""utc"":""-0027-03-10T20:23:18.072Z"",""motion"":""direct""}]",3
F118.05,F118,118,5,Leo,120,1711810.3453203882,-0026-09-04T20:17:15.682Z,1712621.6500905538,-0024-11-24T03:36:07.824Z,"[{""jd_ut"":1711810.3453203882,""utc"":""-0026-09-04T20:17:15.682Z"",""motion"":""direct""},{""jd_ut"":1711958.7446259228,""utc"":""-0025-01-31T05:52:15.680Z"",""motion"":""retrograde""},{""jd_ut"":1712073.9907019488,""utc"":""-0025-05-26T11:46:36.648Z"",""motion"":""direct""}]",3
F118.06,F118,118,6,Virgo,150,1712621.6500905538,-0024-11-24T03:36:07.824Z,1713672.4749269458,-0021-10-10T23:23:53.688Z,"[{""jd_ut"":1712621.6500905538,""utc"":""-0024-11-24T03:36:07.824Z"",""motion"":""direct""},{""jd_ut"":1712653.5527855256,""utc"":""-0024-12-26T01:16:00.669Z"",""motion"":""retrograde""},{""jd_ut"":1712870.6804085127,""utc"":""-0023-07-31T04:19:47.295Z"",""motion"":""direct""}]",3
F118.07,F118,118,7,Libra,180,1713672.4749269458,-0021-10-10T23:23:53.688Z,1714762.7654698705,-0018-10-05T06:22:16.597Z,"[{""jd_ut"":1713672.4749269458,""utc"":""-0021-10-10T23:23:53.688Z"",""motion"":""direct""}]",1
F118.08,F118,118,8,Scorpio,210,1714762.7654698705,-0018-10-05T06:22:16.597Z,1715582.5511014243,-0015-01-02T01:13:35.163Z,"[{""jd_ut"":1714762.7654698705,""utc"":""-0018-10-05T06:22:16.597Z"",""motion"":""direct""}]",1
F118.09,F118,118,9,Sagittarius,240,1715582.5511014243,-0015-01-02T01:13:35.163Z,1716676.4372273213,-0013-12-31T22:29:36.441Z,"[{""jd_ut"":1715582.5511014243,""utc"":""-0015-01-02T01:13:35.163Z"",""motion"":""direct""},{""jd_ut"":1715729.3113138112,""utc"":""-0015-05-28T19:28:17.513Z"",""motion"":""retrograde""},{""jd_ut"":1715856.0566548603,""utc"":""-0015-10-02T13:21:34.980Z"",""motion"":""direct""}]",3
F118.10,F118,118,10,Capricorn,270,1716676.4372273213,-0013-12-31T22:29:36.441Z,1717498.2920958167,-0010-04-01T19:00:37.079Z,"[{""jd_ut"":1716676.4372273213,""utc"":""-0013-12-31T22:29:36.441Z"",""motion"":""direct""}]",1
F118.11,F118,118,11,Aquarius,300,1717498.2920958167,-0010-04-01T19:00:37.079Z,1718559.715247428,-0007-02-26T05:09:57.378Z,"[{""jd_ut"":1717498.2920958167,""utc"":""-0010-04-01T19:00:37.079Z"",""motion"":""direct""},{""jd_ut"":1717580.8449120899,""utc"":""-0010-06-23T08:16:40.405Z"",""motion"":""retrograde""},{""jd_ut"":1717762.5492158593,""utc"":""-0010-12-22T01:10:52.250Z"",""motion"":""direct""}]",3
F118.12,F118,118,12,Pisces,330,1718559.715247428,-0007-02-26T05:09:57.378Z,1719345.9672938134,-0005-04-23T11:12:54.185Z,"[{""jd_ut"":1718559.715247428,""utc"":""-0007-02-26T05:09:57.378Z"",""motion"":""direct""}]",1
F119.01,F119,119,1,Aries,0,1719345.9672938134,-0005-04-23T11:12:54.185Z,1720124.462726573,-0003-06-09T23:06:19.576Z,"[{""jd_ut"":1719345.9672938134,""utc"":""-0005-04-23T11:12:54.185Z"",""motion"":""direct""},{""jd_ut"":1719532.8321814076,""utc"":""-0005-10-27T07:58:20.474Z"",""motion"":""retrograde""},{""jd_ut"":1719603.0644665267,""utc"":""-0004-01-05T13:32:49.908Z"",""motion"":""direct""}]",3
F119.02,F119,119,2,Taurus,30,1720124.462726573,-0003-06-09T23:06:19.576Z,1720898.6453370536,-0001-07-24T03:29:17.121Z,"[{""jd_ut"":1720124.462726573,""utc"":""-0003-06-09T23:06:19.576Z"",""motion"":""direct""},{""jd_ut"":1720263.671034588,""utc"":""-0003-10-27T04:06:17.388Z"",""motion"":""retrograde""},{""jd_ut"":1720386.0392257692,""utc"":""-0002-02-26T12:56:29.106Z"",""motion"":""direct""}]",3
F119.03,F119,119,3,Gemini,60,1720898.6453370536,-0001-07-24T03:29:17.121Z,1721678.321944559,0001-09-10T19:43:36.010Z,"[{""jd_ut"":1720898.6453370536,""utc"":""-0001-07-24T03:29:17.121Z"",""motion"":""direct""},{""jd_ut"":1721006.0941362693,""utc"":""-0001-11-08T14:15:33.374Z"",""motion"":""retrograde""},{""jd_ut"":1721158.5374157187,""utc"":""-0000-04-09T00:53:52.718Z"",""motion"":""direct""}]",3
F119.04,F119,119,4,Cancer,90,1721678.321944559,0001-09-10T19:43:36.010Z,1722712.0136563373,0004-07-10T12:19:39.908Z,"[{""jd_ut"":1721678.321944559,""utc"":""0001-09-10T19:43:36.010Z"",""motion"":""direct""},{""jd_ut"":1721742.9508207035,""utc"":""0001-11-14T10:49:10.909Z"",""motion"":""retrograde""},{""jd_ut"":1721932.0527569512,""utc"":""0002-05-22T13:15:58.201Z"",""motion"":""direct""}]",3
F119.05,F119,119,5,Leo,120,1722712.0136563373,0004-07-10T12:19:39.908Z,1723501.484171397,0006-09-07T23:37:12.409Z,"[{""jd_ut"":1722712.0136563373,""utc"":""0004-07-10T12:19:39.908Z"",""motion"":""direct""}]",1
F119.06,F119,119,6,Virgo,150,1723501.484171397,0006-09-07T23:37:12.409Z,1724310.9395998488,0008-11-25T10:33:01.427Z,"[{""jd_ut"":1723501.484171397,""utc"":""0006-09-07T23:37:12.409Z"",""motion"":""direct""}]",1
F119.07,F119,119,7,Libra,180,1724310.9395998488,0008-11-25T10:33:01.427Z,1725391.8480583075,0011-11-11T08:21:12.238Z,"[{""jd_ut"":1724310.9395998488,""utc"":""0008-11-25T10:33:01.427Z"",""motion"":""direct""},{""jd_ut"":1724403.0671105194,""utc"":""0009-02-25T13:36:38.349Z"",""motion"":""retrograde""},{""jd_ut"":1724578.6401707008,""utc"":""0009-08-20T03:21:50.749Z"",""motion"":""direct""}]",3
F119.08,F119,119,8,Scorpio,210,1725391.8480583075,0011-11-11T08:21:12.238Z,1726488.908337682,0014-11-12T09:48:00.376Z,"[{""jd_ut"":1725391.8480583075,""utc"":""0011-11-11T08:21:12.238Z"",""motion"":""direct""},{""jd_ut"":1725611.6234160233,""utc"":""0012-06-18T02:57:43.144Z"",""motion"":""retrograde""},{""jd_ut"":1725643.7967522498,""utc"":""0012-07-20T07:07:19.394Z"",""motion"":""direct""}]",3
F119.09,F119,119,9,Sagittarius,240,1726488.908337682,0014-11-12T09:48:00.376Z,1727309.9066289067,0017-02-10T09:45:32.738Z,"[{""jd_ut"":1726488.908337682,""utc"":""0014-11-12T09:48:00.376Z"",""motion"":""direct""}]",1
F119.10,F119,119,10,Capricorn,270,1727309.9066289067,0017-02-10T09:45:32.738Z,1728392.666713172,0020-01-29T04:00:04.018Z,"[{""jd_ut"":1727309.9066289067,""utc"":""0017-02-10T09:45:32.738Z"",""motion"":""direct""},{""jd_ut"":1727435.1130079227,""utc"":""0017-06-15T14:42:43.885Z"",""motion"":""retrograde""},{""jd_ut"":1727582.1828074944,""utc"":""0017-11-09T16:23:14.568Z"",""motion"":""direct""}]",3
F119.11,F119,119,11,Aquarius,300,1728392.666713172,0020-01-29T04:00:04.018Z,1729194.5931470762,0022-04-10T02:14:07.907Z,"[{""jd_ut"":1728392.666713172,""utc"":""0020-01-29T04:00:04.018Z"",""motion"":""direct""}]",1
F119.12,F119,119,12,Pisces,330,1729194.5931470762,0022-04-10T02:14:07.907Z,1730248.76849068,0025-02-27T06:26:37.595Z,"[{""jd_ut"":1729194.5931470762,""utc"":""0022-04-10T02:14:07.907Z"",""motion"":""direct""},{""jd_ut"":1729330.1957646897,""utc"":""0022-08-23T16:41:54.069Z"",""motion"":""retrograde""},{""jd_ut"":1729461.707066832,""utc"":""0023-01-02T04:58:10.574Z"",""motion"":""direct""}]",3
F120.01,F120,120,1,Aries,0,1730248.76849068,0025-02-27T06:26:37.595Z,1731023.5761700538,0027-04-13T01:49:41.093Z,"[{""jd_ut"":1730248.76849068,""utc"":""0025-02-27T06:26:37.595Z"",""motion"":""direct""}]",1
F120.02,F120,120,2,Taurus,30,1731023.5761700538,0027-04-13T01:49:41.093Z,1731793.5756143034,0029-05-22T01:48:53.076Z,"[{""jd_ut"":1731023.5761700538,""utc"":""0027-04-13T01:49:41.093Z"",""motion"":""direct""}]",1
F120.03,F120,120,3,Gemini,60,1731793.5756143034,0029-05-22T01:48:53.076Z,1732564.7433923404,0031-07-02T05:50:29.098Z,"[{""jd_ut"":1731793.5756143034,""utc"":""0029-05-22T01:48:53.076Z"",""motion"":""direct""}]",1
F120.04,F120,120,4,Cancer,90,1732564.7433923404,0031-07-02T05:50:29.098Z,1733342.9969403641,0033-08-18T11:55:35.647Z,"[{""jd_ut"":1732564.7433923404,""utc"":""0031-07-02T05:50:29.098Z"",""motion"":""direct""}]",1
F120.05,F120,120,5,Leo,120,1733342.9969403641,0033-08-18T11:55:35.647Z,1734137.4378949339,0035-10-21T22:30:34.122Z,"[{""jd_ut"":1733342.9969403641,""utc"":""0033-08-18T11:55:35.647Z"",""motion"":""direct""},{""jd_ut"":1733543.9273302616,""utc"":""0034-03-07T10:15:21.335Z"",""motion"":""retrograde""},{""jd_ut"":1733593.1703083324,""utc"":""0034-04-25T16:05:14.640Z"",""motion"":""direct""}]",3
F120.06,F120,120,6,Virgo,150,1734137.4378949339,0035-10-21T22:30:34.122Z,1735207.2927579908,0038-09-25T19:01:34.290Z,"[{""jd_ut"":1734137.4378949339,""utc"":""0035-10-21T22:30:34.122Z"",""motion"":""direct""},{""jd_ut"":1734242.2201650594,""utc"":""0036-02-03T17:17:02.261Z"",""motion"":""retrograde""},{""jd_ut"":1734403.7148624086,""utc"":""0036-07-14T05:09:24.112Z"",""motion"":""direct""}]",3
F120.07,F120,120,7,Libra,180,1735207.2927579908,0038-09-25T19:01:34.290Z,1736026.0387796657,0040-12-22T12:55:50.563Z,"[{""jd_ut"":1735207.2927579908,""utc"":""0038-09-25T19:01:34.290Z"",""motion"":""direct""}]",1
F120.08,F120,120,8,Scorpio,210,1736026.0387796657,0040-12-22T12:55:50.563Z,1737115.12238131,0043-12-16T14:56:13.745Z,"[{""jd_ut"":1736026.0387796657,""utc"":""0040-12-22T12:55:50.563Z"",""motion"":""direct""},{""jd_ut"":1736123.9788263035,""utc"":""0041-03-30T11:29:30.593Z"",""motion"":""retrograde""},{""jd_ut"":1736296.4228342208,""utc"":""0041-09-18T22:08:52.877Z"",""motion"":""direct""}]",3
F120.09,F120,120,9,Sagittarius,240,1737115.12238131,0043-12-16T14:56:13.745Z,1738210.7986449762,0046-12-16T07:10:02.926Z,"[{""jd_ut"":1737115.12238131,""utc"":""0043-12-16T14:56:13.745Z"",""motion"":""direct""},{""jd_ut"":1737310.846478927,""utc"":""0044-06-29T08:18:55.779Z"",""motion"":""retrograde""},{""jd_ut"":1737380.1213826495,""utc"":""0044-09-06T14:54:47.461Z"",""motion"":""direct""}]",3
F120.10,F120,120,10,Capricorn,270,1738210.7986449762,0046-12-16T07:10:02.926Z,1739023.319546604,0049-03-07T19:40:08.827Z,"[{""jd_ut"":1738210.7986449762,""utc"":""0046-12-16T07:10:02.926Z"",""motion"":""direct""}]",1
F120.11,F120,120,11,Aquarius,300,1739023.319546604,0049-03-07T19:40:08.827Z,1740093.367127615,0052-02-10T20:48:39.826Z,"[{""jd_ut"":1739023.319546604,""utc"":""0049-03-07T19:40:08.827Z"",""motion"":""direct""},{""jd_ut"":1739162.3266727184,""utc"":""0049-07-24T19:50:24.523Z"",""motion"":""retrograde""},{""jd_ut"":1739293.555955573,""utc"":""0049-12-03T01:20:34.562Z"",""motion"":""direct""}]",3
F120.12,F120,120,12,Pisces,330,1740093.367127615,0052-02-10T20:48:39.826Z,1740878.2864705957,0054-04-05T18:52:31.059Z,"[{""jd_ut"":1740093.367127615,""utc"":""0052-02-10T20:48:39.826Z"",""motion"":""direct""}]",1
F121.01,F121,121,1,Aries,0,1740878.2864705957,0054-04-05T18:52:31.059Z,1741654.7107252367,0056-05-21T05:03:26.660Z,"[{""jd_ut"":1740878.2864705957,""utc"":""0054-04-05T18:52:31.059Z"",""motion"":""direct""}]",1
F121.02,F121,121,2,Taurus,30,1741654.7107252367,0056-05-21T05:03:26.660Z,1742426.5204859627,0058-07-02T00:29:29.987Z,"[{""jd_ut"":1741654.7107252367,""utc"":""0056-05-21T05:03:26.660Z"",""motion"":""direct""},{""jd_ut"":1741849.4364848821,""utc"":""0056-12-01T22:28:32.294Z"",""motion"":""retrograde""},{""jd_ut"":1741906.1346649402,""utc"":""0057-01-27T15:13:55.051Z"",""motion"":""direct""}]",3
F121.03,F121,121,3,Gemini,60,1742426.5204859627,0058-07-02T00:29:29.987Z,1743200.3069555238,0060-08-13T19:22:00.957Z,"[{""jd_ut"":1742426.5204859627,""utc"":""0058-07-02T00:29:29.987Z"",""motion"":""direct""},{""jd_ut"":1742587.2794693578,""utc"":""0058-12-09T18:42:26.153Z"",""motion"":""retrograde""},{""jd_ut"":1742685.5119935595,""utc"":""0059-03-18T00:17:16.244Z"",""motion"":""direct""}]",3
F121.04,F121,121,4,Cancer,90,1743200.3069555238,0060-08-13T19:22:00.957Z,1743989.98056733,0062-10-12T11:32:01.017Z,"[{""jd_ut"":1743200.3069555238,""utc"":""0060-08-13T19:22:00.957Z"",""motion"":""direct""},{""jd_ut"":1743326.7282368266,""utc"":""0060-12-18T05:28:39.662Z"",""motion"":""retrograde""},{""jd_ut"":1743462.432551994,""utc"":""0061-05-02T22:22:52.492Z"",""motion"":""direct""}]",3
F121.05,F121,121,5,Leo,120,1743989.98056733,0062-10-12T11:32:01.017Z,1745035.3651310718,0065-08-22T20:45:47.325Z,"[{""jd_ut"":1743989.98056733,""utc"":""0062-10-12T11:32:01.017Z"",""motion"":""direct""},{""jd_ut"":1744049.5662394455,""utc"":""0062-12-11T01:35:23.088Z"",""motion"":""retrograde""},{""jd_ut"":1744244.962530041,""utc"":""0063-06-24T11:06:02.596Z"",""motion"":""direct""}]",3
F121.06,F121,121,6,Virgo,150,1745035.3651310718,0065-08-22T20:45:47.325Z,1745838.5480538784,0067-11-04T01:09:11.855Z,"[{""jd_ut"":1745035.3651310718,""utc"":""0065-08-22T20:45:47.325Z"",""motion"":""direct""}]",1
F121.07,F121,121,7,Libra,180,1745838.5480538784,0067-11-04T01:09:11.855Z,1746925.8528515957,0070-10-26T08:28:06.378Z,"[{""jd_ut"":1745838.5480538784,""utc"":""0067-11-04T01:09:11.855Z"",""motion"":""direct""},{""jd_ut"":1745982.6166579477,""utc"":""0068-03-27T02:47:59.247Z"",""motion"":""retrograde""},{""jd_ut"":1746108.8816029103,""utc"":""0068-07-31T09:09:30.491Z"",""motion"":""direct""}]",3
F121.08,F121,121,8,Scorpio,210,1746925.8528515957,0070-10-26T08:28:06.378Z,1747757.5834431108,0073-02-04T02:00:09.485Z,"[{""jd_ut"":1746925.8528515957,""utc"":""0070-10-26T08:28:06.378Z"",""motion"":""direct""}]",1
F121.09,F121,121,9,Sagittarius,240,1747757.5834431108,0073-02-04T02:00:09.485Z,1748840.159351586,0076-01-22T15:49:27.977Z,"[{""jd_ut"":1747757.5834431108,""utc"":""0073-02-04T02:00:09.485Z"",""motion"":""direct""},{""jd_ut"":1747825.7903402043,""utc"":""0073-04-13T06:58:05.394Z"",""motion"":""retrograde""},{""jd_ut"":1748022.502314684,""utc"":""0073-10-27T00:03:19.989Z"",""motion"":""direct""}]",3
F121.10,F121,121,10,Capricorn,270,1748840.159351586,0076-01-22T15:49:27.977Z,1749926.5180226583,0079-01-13T00:25:57.158Z,"[{""jd_ut"":1748840.159351586,""utc"":""0076-01-22T15:49:27.977Z"",""motion"":""direct""},{""jd_ut"":1749015.216266849,""utc"":""0076-07-15T17:11:25.456Z"",""motion"":""retrograde""},{""jd_ut"":1749109.6171837929,""utc"":""0076-10-18T02:48:44.680Z"",""motion"":""direct""}]",3
F121.11,F121,121,11,Aquarius,300,1749926.5180226583,0079-01-13T00:25:57.158Z,1750724.7724740156,0081-03-21T06:32:21.755Z,"[{""jd_ut"":1749926.5180226583,""utc"":""0079-01-13T00:25:57.158Z"",""motion"":""direct""}]",1
F121.12,F121,121,12,Pisces,330,1750724.7724740156,0081-03-21T06:32:21.755Z,1751518.0872459714,0083-05-23T14:05:38.052Z,"[{""jd_ut"":1750724.7724740156,""utc"":""0081-03-21T06:32:21.755Z"",""motion"":""direct""},{""jd_ut"":1750913.2238861914,""utc"":""0081-09-25T17:22:23.767Z"",""motion"":""retrograde""},{""jd_ut"":1750985.4501056168,""utc"":""0081-12-06T22:48:09.125Z"",""motion"":""direct""}]",3
F122.01,F122,122,1,Aries,0,1751518.0872459714,0083-05-23T14:05:38.052Z,1752316.1101689348,0085-07-29T14:38:38.596Z,"[{""jd_ut"":1751518.0872459714,""utc"":""0083-05-23T14:05:38.052Z"",""motion"":""direct""},{""jd_ut"":1751624.414856765,""utc"":""0083-09-06T21:57:23.624Z"",""motion"":""retrograde""},{""jd_ut"":1751780.3706341423,""utc"":""0084-02-09T20:53:42.790Z"",""motion"":""direct""}]",3
F122.02,F122,122,2,Taurus,30,1752316.1101689348,0085-07-29T14:38:38.596Z,1753326.7157298387,0088-05-05T05:10:39.058Z,"[{""jd_ut"":1752316.1101689348,""utc"":""0085-07-29T14:38:38.596Z"",""motion"":""direct""},{""jd_ut"":1752343.7475875104,""utc"":""0085-08-26T05:56:31.561Z"",""motion"":""retrograde""},{""jd_ut"":1752556.3367761765,""utc"":""0086-03-26T20:04:57.462Z"",""motion"":""direct""}]",3
F122.03,F122,122,3,Gemini,60,1753326.7157298387,0088-05-05T05:10:39.058Z,1754098.131172215,0090-06-15T15:08:53.279Z,"[{""jd_ut"":1753326.7157298387,""utc"":""0088-05-05T05:10:39.058Z"",""motion"":""direct""}]",1
F122.04,F122,122,4,Cancer,90,1754098.131172215,0090-06-15T15:08:53.279Z,1754876.039811776,0092-08-01T12:57:19.737Z,"[{""jd_ut"":1754098.131172215,""utc"":""0090-06-15T15:08:53.279Z"",""motion"":""direct""}]",1
F122.05,F122,122,5,Leo,120,1754876.039811776,0092-08-01T12:57:19.737Z,1755666.0712627089,0094-09-30T13:42:37.098Z,"[{""jd_ut"":1754876.039811776,""utc"":""0092-08-01T12:57:19.737Z"",""motion"":""direct""}]",1
F122.06,F122,122,6,Virgo,150,1755666.0712627089,0094-09-30T13:42:37.098Z,1756741.3601399353,0097-09-09T20:38:36.090Z,"[{""jd_ut"":1755666.0712627089,""utc"":""0094-09-30T13:42:37.098Z"",""motion"":""direct""},{""jd_ut"":1755822.0985587654,""utc"":""0095-03-05T14:21:55.477Z"",""motion"":""retrograde""},{""jd_ut"":1755932.0118363844,""utc"":""0095-06-23T12:17:02.664Z"",""motion"":""direct""}]",3
F122.07,F122,122,7,Libra,180,1756741.3601399353,0097-09-09T20:38:36.090Z,1757554.3412013534,0099-12-01T20:11:19.797Z,"[{""jd_ut"":1756741.3601399353,""utc"":""0097-09-09T20:38:36.090Z"",""motion"":""direct""}]",1
F122.08,F122,122,8,Scorpio,210,1757554.3412013534,0099-12-01T20:11:19.797Z,1758648.7116726167,0102-12-01T05:04:48.514Z,"[{""jd_ut"":1757554.3412013534,""utc"":""0099-12-01T20:11:19.797Z"",""motion"":""direct""},{""jd_ut"":1757703.2192503284,""utc"":""0100-04-29T17:15:43.228Z"",""motion"":""retrograde""},{""jd_ut"":1757826.639886166,""utc"":""0100-08-31T03:21:26.165Z"",""motion"":""direct""}]",3
F122.09,F122,122,9,Sagittarius,240,1758648.7116726167,0102-12-01T05:04:48.514Z,1759488.3973673983,0105-03-19T21:32:12.543Z,"[{""jd_ut"":1758648.7116726167,""utc"":""0102-12-01T05:04:48.514Z"",""motion"":""direct""}]",1
F122.10,F122,122,10,Capricorn,270,1759488.3973673983,0105-03-19T21:32:12.543Z,1760553.768058599,0108-02-18T06:26:00.263Z,"[{""jd_ut"":1759488.3973673983,""utc"":""0105-03-19T21:32:12.543Z"",""motion"":""direct""},{""jd_ut"":1759530.7980505698,""utc"":""0105-05-01T07:09:11.569Z"",""motion"":""retrograde""},{""jd_ut"":1759744.3476376492,""utc"":""0105-11-30T20:20:35.893Z"",""motion"":""direct""}]",3
F122.11,F122,122,11,Aquarius,300,1760553.768058599,0108-02-18T06:26:00.263Z,1761372.188037281,0110-05-16T16:30:46.421Z,"[{""jd_ut"":1760553.768058599,""utc"":""0108-02-18T06:26:00.263Z"",""motion"":""direct""},{""jd_ut"":1760745.7572700279,""utc"":""0108-08-28T06:10:28.130Z"",""motion"":""retrograde""},{""jd_ut"":1760816.8821718968,""utc"":""0108-11-07T09:10:19.652Z"",""motion"":""direct""}]",3
F122.12,F122,122,12,Pisces,330,1761372.188037281,0110-05-16T16:30:46.421Z,1762410.9484686432,0113-03-20T10:45:47.691Z,"[{""jd_ut"":1761372.188037281,""utc"":""0110-05-16T16:30:46.421Z"",""motion"":""direct""},{""jd_ut"":1761426.0475047808,""utc"":""0110-07-09T13:08:24.413Z"",""motion"":""retrograde""},{""jd_ut"":1761625.990146739,""utc"":""0111-01-25T11:45:48.678Z"",""motion"":""direct""}]",3
F123.01,F123,123,1,Aries,0,1762410.9484686432,0113-03-20T10:45:47.691Z,1763186.4810803044,0115-05-04T23:32:45.338Z,"[{""jd_ut"":1762410.9484686432,""utc"":""0113-03-20T10:45:47.691Z"",""motion"":""direct""}]",1
F123.02,F123,123,2,Taurus,30,1763186.4810803044,0115-05-04T23:32:45.338Z,1763957.3563634674,0117-06-13T20:33:09.804Z,"[{""jd_ut"":1763186.4810803044,""utc"":""0115-05-04T23:32:45.338Z"",""motion"":""direct""}]",1
F123.03,F123,123,3,Gemini,60,1763957.3563634674,0117-06-13T20:33:09.804Z,1764729.4210053822,0119-07-25T22:06:14.865Z,"[{""jd_ut"":1763957.3563634674,""utc"":""0117-06-13T20:33:09.804Z"",""motion"":""direct""}]",1
F123.04,F123,123,4,Cancer,90,1764729.4210053822,0119-07-25T22:06:14.865Z,1765510.3790590195,0121-09-13T21:05:50.699Z,"[{""jd_ut"":1764729.4210053822,""utc"":""0119-07-25T22:06:14.865Z"",""motion"":""direct""},{""jd_ut"":1764910.9648398766,""utc"":""0120-01-23T11:09:22.165Z"",""motion"":""retrograde""},{""jd_ut"":1764984.6242182762,""utc"":""0120-04-06T02:58:52.459Z"",""motion"":""direct""}]",3
F123.05,F123,123,5,Leo,120,1765510.3790590195,0121-09-13T21:05:50.699Z,1766568.3966838117,0124-08-06T21:31:13.481Z,"[{""jd_ut"":1765510.3790590195,""utc"":""0121-09-13T21:05:50.699Z"",""motion"":""direct""},{""jd_ut"":1765635.1637057462,""utc"":""0122-01-16T15:55:44.176Z"",""motion"":""retrograde""},{""jd_ut"":1765774.834183854,""utc"":""0122-06-05T08:01:13.485Z"",""motion"":""direct""}]",3
F123.06,F123,123,6,Virgo,150,1766568.3966838117,0124-08-06T21:31:13.481Z,1767369.8042151015,0126-10-17T07:18:04.185Z,"[{""jd_ut"":1766568.3966838117,""utc"":""0124-08-06T21:31:13.481Z"",""motion"":""direct""}]",1
F123.07,F123,123,7,Libra,180,1767369.8042151015,0126-10-17T07:18:04.185Z,1768459.4368861378,0129-10-10T22:29:06.962Z,"[{""jd_ut"":1767369.8042151015,""utc"":""0126-10-17T07:18:04.185Z"",""motion"":""direct""},{""jd_ut"":1767567.949701263,""utc"":""0127-05-03T10:47:34.189Z"",""motion"":""retrograde""},{""jd_ut"":1767629.0660824878,""utc"":""0127-07-03T13:35:09.527Z"",""motion"":""direct""}]",3
F123.08,F123,123,8,Scorpio,210,1768459.4368861378,0129-10-10T22:29:06.962Z,1769280.338825035,0132-01-09T20:07:54.483Z,"[{""jd_ut"":1768459.4368861378,""utc"":""0129-10-10T22:29:06.962Z"",""motion"":""direct""}]",1
F123.09,F123,123,9,Sagittarius,240,1769280.338825035,0132-01-09T20:07:54.483Z,1770372.7091397475,0135-01-06T05:01:09.674Z,"[{""jd_ut"":1769280.338825035,""utc"":""0132-01-09T20:07:54.483Z"",""motion"":""direct""},{""jd_ut"":1769409.2694519083,""utc"":""0132-05-17T18:28:00.645Z"",""motion"":""retrograde""},{""jd_ut"":1769553.7820127755,""utc"":""0132-10-09T06:46:05.904Z"",""motion"":""direct""}]",3
F123.10,F123,123,10,Capricorn,270,1770372.7091397475,0135-01-06T05:01:09.674Z,1771203.789117694,0137-04-16T06:56:19.769Z,"[{""jd_ut"":1770372.7091397475,""utc"":""0135-01-06T05:01:09.674Z"",""motion"":""direct""}]",1
F123.11,F123,123,11,Aquarius,300,1771203.789117694,0137-04-16T06:56:19.769Z,1772257.127364167,0140-03-04T15:03:24.264Z,"[{""jd_ut"":1771203.789117694,""utc"":""0137-04-16T06:56:19.769Z"",""motion"":""direct""},{""jd_ut"":1771254.168473443,""utc"":""0137-06-05T16:02:36.105Z"",""motion"":""retrograde""},{""jd_ut"":1771459.7172060064,""utc"":""0137-12-28T05:12:46.599Z"",""motion"":""direct""}]",3
F123.12,F123,123,12,Pisces,330,1772257.127364167,0140-03-04T15:03:24.264Z,1773045.0408313302,0142-05-01T12:58:47.827Z,"[{""jd_ut"":1772257.127364167,""utc"":""0140-03-04T15:03:24.264Z"",""motion"":""direct""}]",1
F124.01,F124,124,1,Aries,0,1773045.0408313302,0142-05-01T12:58:47.827Z,1773826.068233782,0144-06-20T13:38:15.399Z,"[{""jd_ut"":1773045.0408313302,""utc"":""0142-05-01T12:58:47.827Z"",""motion"":""direct""},{""jd_ut"":1773206.4296946079,""utc"":""0142-10-09T22:18:45.614Z"",""motion"":""retrograde""},{""jd_ut"":1773307.6516021146,""utc"":""0143-01-19T03:38:18.423Z"",""motion"":""direct""}]",3
F124.02,F124,124,2,Taurus,30,1773826.068233782,0144-06-20T13:38:15.399Z,1774603.7063093707,0146-08-07T04:57:05.130Z,"[{""jd_ut"":1773826.068233782,""utc"":""0144-06-20T13:38:15.399Z"",""motion"":""direct""},{""jd_ut"":1773938.7712021745,""utc"":""0144-10-11T06:30:31.868Z"",""motion"":""retrograde""},{""jd_ut"":1774087.048669964,""utc"":""0145-03-08T13:10:05.085Z"",""motion"":""direct""}]",3
F124.03,F124,124,3,Gemini,60,1774603.7063093707,0146-08-07T04:57:05.130Z,1775630.7077296143,0149-05-30T04:59:07.839Z,"[{""jd_ut"":1774603.7063093707,""utc"":""0146-08-07T04:57:05.130Z"",""motion"":""direct""},{""jd_ut"":1774678.9933317597,""utc"":""0146-10-21T11:50:23.864Z"",""motion"":""retrograde""},{""jd_ut"":1774858.497874245,""utc"":""0147-04-18T23:56:56.335Z"",""motion"":""direct""}]",3
F124.04,F124,124,4,Cancer,90,1775630.7077296143,0149-05-30T04:59:07.839Z,1776409.1218494256,0151-07-17T14:55:27.790Z,"[{""jd_ut"":1775630.7077296143,""utc"":""0149-05-30T04:59:07.839Z"",""motion"":""direct""}]",1
F124.05,F124,124,5,Leo,120,1776409.1218494256,0151-07-17T14:55:27.790Z,1777197.6538806674,0153-09-13T03:41:35.290Z,"[{""jd_ut"":1776409.1218494256,""utc"":""0151-07-17T14:55:27.790Z"",""motion"":""direct""}]",1
F124.06,F124,124,6,Virgo,150,1777197.6538806674,0153-09-13T03:41:35.290Z,1778010.008769181,0155-12-04T12:12:37.657Z,"[{""jd_ut"":1777197.6538806674,""utc"":""0153-09-13T03:41:35.290Z"",""motion"":""direct""},{""jd_ut"":1777419.4467939227,""utc"":""0154-04-22T22:43:22.995Z"",""motion"":""retrograde""},{""jd_ut"":1777439.2973970394,""utc"":""0154-05-12T19:08:15.104Z"",""motion"":""direct""}]",3
F124.07,F124,124,7,Libra,180,1778010.008769181,0155-12-04T12:12:37.657Z,1779086.0831134985,0158-11-14T13:59:41.006Z,"[{""jd_ut"":1778010.008769181,""utc"":""0155-12-04T12:12:37.657Z"",""motion"":""direct""},{""jd_ut"":1778083.562538832,""utc"":""0156-02-16T01:30:03.355Z"",""motion"":""retrograde""},{""jd_ut"":1778274.0167937148,""utc"":""0156-08-24T12:24:10.977Z"",""motion"":""direct""}]",3
F124.08,F124,124,8,Scorpio,210,1779086.0831134985,0158-11-14T13:59:41.006Z,1780182.4521976756,0161-11-14T22:51:09.879Z,"[{""jd_ut"":1779086.0831134985,""utc"":""0158-11-14T13:59:41.006Z"",""motion"":""direct""},{""jd_ut"":1779288.783972995,""utc"":""0159-06-05T06:48:55.267Z"",""motion"":""retrograde""},{""jd_ut"":1779346.6045035655,""utc"":""0159-08-02T02:30:29.108Z"",""motion"":""direct""}]",3
F124.09,F124,124,9,Sagittarius,240,1780182.4521976756,0161-11-14T22:51:09.879Z,1781004.5599868582,0164-02-15T01:26:22.865Z,"[{""jd_ut"":1780182.4521976756,""utc"":""0161-11-14T22:51:09.879Z"",""motion"":""direct""}]",1
F124.10,F124,124,10,Capricorn,270,1781004.5599868582,0164-02-15T01:26:22.865Z,1782086.5560747674,0167-02-01T01:20:44.860Z,"[{""jd_ut"":1781004.5599868582,""utc"":""0164-02-15T01:26:22.865Z"",""motion"":""direct""},{""jd_ut"":1781120.046285286,""utc"":""0164-06-09T13:06:39.049Z"",""motion"":""retrograde""},{""jd_ut"":1781276.3603296876,""utc"":""0164-11-12T20:38:52.485Z"",""motion"":""direct""}]",3
F124.11,F124,124,11,Aquarius,300,1782086.5560747674,0167-02-01T01:20:44.860Z,1782890.3340380774,0169-04-14T20:01:00.890Z,"[{""jd_ut"":1782086.5560747674,""utc"":""0167-02-01T01:20:44.860Z"",""motion"":""direct""}]",1
F124.12,F124,124,12,Pisces,330,1782890.3340380774,0169-04-14T20:01:00.890Z,1783943.8123637605,0172-03-03T07:29:48.229Z,"[{""jd_ut"":1782890.3340380774,""utc"":""0169-04-14T20:01:00.890Z"",""motion"":""direct""},{""jd_ut"":1783013.5381067758,""utc"":""0169-08-16T00:54:52.425Z"",""motion"":""retrograde""},{""jd_ut"":1783157.0519208307,""utc"":""0170-01-06T13:14:45.960Z"",""motion"":""direct""}]",3
F125.01,F125,125,1,Aries,0,1783943.8123637605,0172-03-03T07:29:48.229Z,1784719.1677339305,0174-04-17T16:01:32.212Z,"[{""jd_ut"":1783943.8123637605,""utc"":""0172-03-03T07:29:48.229Z"",""motion"":""direct""}]",1
F125.02,F125,125,2,Taurus,30,1784719.1677339305,0174-04-17T16:01:32.212Z,1785489.6186319767,0176-05-27T02:50:49.803Z,"[{""jd_ut"":1784719.1677339305,""utc"":""0174-04-17T16:01:32.212Z"",""motion"":""direct""}]",1
F125.03,F125,125,3,Gemini,60,1785489.6186319767,0176-05-27T02:50:49.803Z,1786260.9339321977,0178-07-07T10:24:51.742Z,"[{""jd_ut"":1785489.6186319767,""utc"":""0176-05-27T02:50:49.803Z"",""motion"":""direct""}]",1
F125.04,F125,125,4,Cancer,90,1786260.9339321977,0178-07-07T10:24:51.742Z,1787039.2809775225,0180-08-23T18:44:36.458Z,"[{""jd_ut"":1786260.9339321977,""utc"":""0178-07-07T10:24:51.742Z"",""motion"":""direct""}]",1
F125.05,F125,125,5,Leo,120,1787039.2809775225,0180-08-23T18:44:36.458Z,1787835.8051148374,0182-10-29T07:19:21.922Z,"[{""jd_ut"":1787039.2809775225,""utc"":""0180-08-23T18:44:36.458Z"",""motion"":""direct""},{""jd_ut"":1787219.4266691818,""utc"":""0181-02-19T22:14:24.217Z"",""motion"":""retrograde""},{""jd_ut"":1787297.1728531593,""utc"":""0181-05-08T16:08:54.513Z"",""motion"":""direct""}]",3
F125.06,F125,125,6,Virgo,150,1787835.8051148374,0182-10-29T07:19:21.922Z,1788902.3185826442,0185-09-29T19:38:45.540Z,"[{""jd_ut"":1787835.8051148374,""utc"":""0182-10-29T07:19:21.922Z"",""motion"":""direct""},{""jd_ut"":1787923.0823849333,""utc"":""0183-01-24T13:58:38.058Z"",""motion"":""retrograde""},{""jd_ut"":1788099.762850299,""utc"":""0183-07-20T06:18:30.266Z"",""motion"":""direct""}]",3
F125.07,F125,125,7,Libra,180,1788902.3185826442,0185-09-29T19:38:45.540Z,1789724.5104186991,0187-12-31T00:15:00.176Z,"[{""jd_ut"":1788902.3185826442,""utc"":""0185-09-29T19:38:45.540Z"",""motion"":""direct""}]",1
F125.08,F125,125,8,Scorpio,210,1789724.5104186991,0187-12-31T00:15:00.176Z,1790810.5327732898,0190-12-21T00:47:11.612Z,"[{""jd_ut"":1789724.5104186991,""utc"":""0187-12-31T00:15:00.176Z"",""motion"":""direct""},{""jd_ut"":1789804.851355712,""utc"":""0188-03-20T08:25:57.134Z"",""motion"":""retrograde""},{""jd_ut"":1789991.9028456057,""utc"":""0188-09-23T09:40:05.860Z"",""motion"":""direct""}]",3
F125.09,F125,125,9,Sagittarius,240,1790810.5327732898,0190-12-21T00:47:11.612Z,1791906.2024747655,0193-12-20T16:51:33.820Z,"[{""jd_ut"":1790810.5327732898,""utc"":""0190-12-21T00:47:11.612Z"",""motion"":""direct""},{""jd_ut"":1790990.7026071758,""utc"":""0191-06-19T04:51:45.260Z"",""motion"":""retrograde""},{""jd_ut"":1791079.588946395,""utc"":""0191-09-16T02:08:04.969Z"",""motion"":""direct""}]",3
F125.10,F125,125,10,Capricorn,270,1791906.2024747655,0193-12-20T16:51:33.820Z,1792721.5461055473,0196-03-15T01:06:23.519Z,"[{""jd_ut"":1791906.2024747655,""utc"":""0193-12-20T16:51:33.820Z"",""motion"":""direct""}]",1
F125.11,F125,125,11,Aquarius,300,1792721.5461055473,0196-03-15T01:06:23.519Z,1793790.3845827077,0199-02-16T21:13:47.946Z,"[{""jd_ut"":1792721.5461055473,""utc"":""0196-03-15T01:06:23.519Z"",""motion"":""direct""},{""jd_ut"":1792842.006588872,""utc"":""0196-07-13T12:09:29.279Z"",""motion"":""retrograde""},{""jd_ut"":1792991.2764440356,""utc"":""0196-12-09T18:38:04.765Z"",""motion"":""direct""}]",3
F125.12,F125,125,12,Pisces,330,1793790.3845827077,0199-02-16T21:13:47.946Z,1794576.1340547265,0201-04-13T15:13:02.328Z,"[{""jd_ut"":1793790.3845827077,""utc"":""0199-02-16T21:13:47.946Z"",""motion"":""direct""}]",1
F126.01,F126,126,1,Aries,0,1794576.1340547265,0201-04-13T15:13:02.328Z,1795353.5848670858,0203-05-31T02:02:12.516Z,"[{""jd_ut"":1794576.1340547265,""utc"":""0201-04-13T15:13:02.328Z"",""motion"":""direct""}]",1
F126.02,F126,126,2,Taurus,30,1795353.5848670858,0203-05-31T02:02:12.516Z,1796126.303816774,0205-07-11T19:17:29.769Z,"[{""jd_ut"":1795353.5848670858,""utc"":""0203-05-31T02:02:12.516Z"",""motion"":""direct""},{""jd_ut"":1795521.392489302,""utc"":""0203-11-14T21:25:11.076Z"",""motion"":""retrograde""},{""jd_ut"":1795612.7001951402,""utc"":""0204-02-14T04:48:16.860Z"",""motion"":""direct""}]",3
F126.03,F126,126,3,Gemini,60,1796126.303816774,0205-07-11T19:17:29.769Z,1796901.1772892973,0207-08-25T16:15:17.795Z,"[{""jd_ut"":1796126.303816774,""utc"":""0205-07-11T19:17:29.769Z"",""motion"":""direct""},{""jd_ut"":1796263.0587749304,""utc"":""0205-11-25T13:24:38.154Z"",""motion"":""retrograde""},{""jd_ut"":1796387.3836455187,""utc"":""0206-03-29T21:12:26.973Z"",""motion"":""direct""}]",3
F126.04,F126,126,4,Cancer,90,1796901.1772892973,0207-08-25T16:15:17.795Z,1797941.7329151062,0210-07-01T05:35:23.865Z,"[{""jd_ut"":1796901.1772892973,""utc"":""0207-08-25T16:15:17.795Z"",""motion"":""direct""},{""jd_ut"":1797003.7202672143,""utc"":""0207-12-06T05:17:11.087Z"",""motion"":""retrograde""},{""jd_ut"":1797161.6145605473,""utc"":""0208-05-12T02:44:58.031Z"",""motion"":""direct""}]",3
F126.05,F126,126,5,Leo,120,1797941.7329151062,0210-07-01T05:35:23.865Z,1798730.5392844165,0212-08-28T00:56:34.174Z,"[{""jd_ut"":1797941.7329151062,""utc"":""0210-07-01T05:35:23.865Z"",""motion"":""direct""}]",1
F126.06,F126,126,6,Virgo,150,1798730.5392844165,0212-08-28T00:56:34.174Z,1799533.8276855326,0214-11-09T07:51:52.030Z,"[{""jd_ut"":1798730.5392844165,""utc"":""0212-08-28T00:56:34.174Z"",""motion"":""direct""}]",1
F126.07,F126,126,7,Libra,180,1799533.8276855326,0214-11-09T07:51:52.030Z,1800619.302034738,0217-10-29T19:14:55.801Z,"[{""jd_ut"":1799533.8276855326,""utc"":""0214-11-09T07:51:52.030Z"",""motion"":""direct""},{""jd_ut"":1799666.3549061897,""utc"":""0215-03-21T20:31:03.895Z"",""motion"":""retrograde""},{""jd_ut"":1799804.2321061678,""utc"":""0215-08-06T17:34:13.973Z"",""motion"":""direct""}]",3
F126.08,F126,126,8,Scorpio,210,1800619.302034738,0217-10-29T19:14:55.801Z,1801454.4163677646,0220-02-11T21:59:34.175Z,"[{""jd_ut"":1800619.302034738,""utc"":""0217-10-29T19:14:55.801Z"",""motion"":""direct""}]",1
F126.09,F126,126,9,Sagittarius,240,1801454.4163677646,0220-02-11T21:59:34.175Z,1802533.7201713123,0223-01-26T05:17:02.801Z,"[{""jd_ut"":1801454.4163677646,""utc"":""0220-02-11T21:59:34.175Z"",""motion"":""direct""},{""jd_ut"":1801509.21276379,""utc"":""0220-04-06T17:06:22.791Z"",""motion"":""retrograde""},{""jd_ut"":1801715.7847107141,""utc"":""0220-10-30T06:49:59.006Z"",""motion"":""direct""}]",3
F126.10,F126,126,10,Capricorn,270,1802533.7201713123,0223-01-26T05:17:02.801Z,1803620.3654003204,0226-01-16T20:46:10.588Z,"[{""jd_ut"":1802533.7201713123,""utc"":""0223-01-26T05:17:02.801Z"",""motion"":""direct""},{""jd_ut"":1802700.1460915655,""utc"":""0223-07-11T15:30:22.311Z"",""motion"":""retrograde""},{""jd_ut"":1802804.734766813,""utc"":""0223-10-24T05:38:03.853Z"",""motion"":""direct""}]",3
F126.11,F126,126,11,Aquarius,300,1803620.3654003204,0226-01-16T20:46:10.588Z,1804419.7043204848,0228-03-26T04:54:13.290Z,"[{""jd_ut"":1803620.3654003204,""utc"":""0226-01-16T20:46:10.588Z"",""motion"":""direct""}]",1
F126.12,F126,126,12,Pisces,330,1804419.7043204848,0228-03-26T04:54:13.290Z,1805216.4114258252,0230-05-31T21:52:27.191Z,"[{""jd_ut"":1804419.7043204848,""utc"":""0228-03-26T04:54:13.290Z"",""motion"":""direct""},{""jd_ut"":1804594.6837279946,""utc"":""0228-09-17T04:24:34.099Z"",""motion"":""retrograde""},{""jd_ut"":1804683.6411457239,""utc"":""0228-12-15T03:23:14.991Z"",""motion"":""direct""}]",3
F127.01,F127,127,1,Aries,0,1805216.4114258252,0230-05-31T21:52:27.191Z,1806252.148885156,0233-04-01T15:34:23.677Z,"[{""jd_ut"":1805216.4114258252,""utc"":""0230-05-31T21:52:27.191Z"",""motion"":""direct""},{""jd_ut"":1805305.4007581891,""utc"":""0230-08-28T21:37:05.508Z"",""motion"":""retrograde""},{""jd_ut"":1805476.102007145,""utc"":""0231-02-15T14:26:53.417Z"",""motion"":""direct""}]",3
F127.02,F127,127,2,Taurus,30,1806252.148885156,0233-04-01T15:34:23.677Z,1807022.659743575,0235-05-12T03:50:01.845Z,"[{""jd_ut"":1806252.148885156,""utc"":""0233-04-01T15:34:23.677Z"",""motion"":""direct""}]",1
F127.03,F127,127,3,Gemini,60,1807022.659743575,0235-05-12T03:50:01.845Z,1807793.8124018023,0237-06-21T07:29:51.516Z,"[{""jd_ut"":1807022.659743575,""utc"":""0235-05-12T03:50:01.845Z"",""motion"":""direct""}]",1
F127.04,F127,127,4,Cancer,90,1807793.8124018023,0237-06-21T07:29:51.516Z,1808571.233167307,0239-08-07T17:35:45.655Z,"[{""jd_ut"":1807793.8124018023,""utc"":""0237-06-21T07:29:51.516Z"",""motion"":""direct""}]",1
F127.05,F127,127,5,Leo,120,1808571.233167307,0239-08-07T17:35:45.655Z,1809361.231259712,0241-10-05T17:33:00.839Z,"[{""jd_ut"":1808571.233167307,""utc"":""0239-08-07T17:35:45.655Z"",""motion"":""direct""}]",1
F127.06,F127,127,6,Virgo,150,1809361.231259712,0241-10-05T17:33:00.839Z,1810435.3638971737,0244-09-13T20:44:00.716Z,"[{""jd_ut"":1809361.231259712,""utc"":""0241-10-05T17:33:00.839Z"",""motion"":""direct""},{""jd_ut"":1809505.2997128791,""utc"":""0242-02-26T19:11:35.193Z"",""motion"":""retrograde""},{""jd_ut"":1809628.2250384055,""utc"":""0242-06-29T17:24:03.318Z"",""motion"":""direct""}]",3
F127.07,F127,127,7,Libra,180,1810435.3638971737,0244-09-13T20:44:00.716Z,1811249.2612978308,0246-12-06T18:16:16.133Z,"[{""jd_ut"":1810435.3638971737,""utc"":""0244-09-13T20:44:00.716Z"",""motion"":""direct""}]",1
F127.08,F127,127,8,Scorpio,210,1811249.2612978308,0246-12-06T18:16:16.133Z,1812343.2824618975,0249-12-04T18:46:44.708Z,"[{""jd_ut"":1811249.2612978308,""utc"":""0246-12-06T18:16:16.133Z"",""motion"":""direct""},{""jd_ut"":1811387.087348375,""utc"":""0247-04-23T14:05:46.900Z"",""motion"":""retrograde""},{""jd_ut"":1811522.0405037291,""utc"":""0247-09-05T12:58:19.522Z"",""motion"":""direct""}]",3
F127.09,F127,127,9,Sagittarius,240,1812343.2824618975,0249-12-04T18:46:44.708Z,1813439.9142777566,0252-12-05T09:56:33.598Z,"[{""jd_ut"":1812343.2824618975,""utc"":""0249-12-04T18:46:44.708Z"",""motion"":""direct""}]",1
F127.10,F127,127,10,Capricorn,270,1813439.9142777566,0252-12-05T09:56:33.598Z,1814251.094599456,0255-02-24T14:16:13.393Z,"[{""jd_ut"":1813439.9142777566,""utc"":""0252-12-05T09:56:33.598Z"",""motion"":""direct""}]",1
F127.11,F127,127,11,Aquarius,300,1814251.094599456,0255-02-24T14:16:13.393Z,1815324.2317410172,0258-02-01T17:33:42.424Z,"[{""jd_ut"":1814251.094599456,""utc"":""0255-02-24T14:16:13.393Z"",""motion"":""direct""},{""jd_ut"":1814422.196144333,""utc"":""0255-08-14T16:42:26.870Z"",""motion"":""retrograde""},{""jd_ut"":1814519.1051156311,""utc"":""0255-11-19T14:31:21.991Z"",""motion"":""direct""}]",3
F127.12,F127,127,12,Pisces,330,1815324.2317410172,0258-02-01T17:33:42.424Z,1816109.611714338,0260-03-28T02:40:52.119Z,"[{""jd_ut"":1815324.2317410172,""utc"":""0258-02-01T17:33:42.424Z"",""motion"":""direct""}]",1
F128.01,F128,128,1,Aries,0,1816109.611714338,0260-03-28T02:40:52.119Z,1816885.670297274,0262-05-13T04:05:13.684Z,"[{""jd_ut"":1816109.611714338,""utc"":""0260-03-28T02:40:52.119Z"",""motion"":""direct""}]",1
F128.02,F128,128,2,Taurus,30,1816885.670297274,0262-05-13T04:05:13.684Z,1817656.8081352995,0264-06-22T07:23:42.890Z,"[{""jd_ut"":1816885.670297274,""utc"":""0262-05-13T04:05:13.684Z"",""motion"":""direct""}]",1
F128.03,F128,128,3,Gemini,60,1817656.8081352995,0264-06-22T07:23:42.890Z,1818428.8656153837,0266-08-03T08:46:29.169Z,"[{""jd_ut"":1817656.8081352995,""utc"":""0264-06-22T07:23:42.890Z"",""motion"":""direct""},{""jd_ut"":1817847.6464025592,""utc"":""0264-12-30T03:30:49.181Z"",""motion"":""retrograde""},{""jd_ut"":1817908.4276504233,""utc"":""0265-02-28T22:15:48.997Z"",""motion"":""direct""}]",3
F128.04,F128,128,4,Cancer,90,1818428.8656153837,0266-08-03T08:46:29.169Z,1819210.6062117675,0268-09-23T02:32:56.697Z,"[{""jd_ut"":1818428.8656153837,""utc"":""0266-08-03T08:46:29.169Z"",""motion"":""direct""},{""jd_ut"":1818584.524414306,""utc"":""0267-01-06T00:35:09.396Z"",""motion"":""retrograde""},{""jd_ut"":1818689.2280488834,""utc"":""0267-04-20T17:28:23.424Z"",""motion"":""direct""}]",3
F128.05,F128,128,5,Leo,120,1819210.6062117675,0268-09-23T02:32:56.697Z,1820263.95507487,0271-08-12T10:55:18.469Z,"[{""jd_ut"":1819210.6062117675,""utc"":""0268-09-23T02:32:56.697Z"",""motion"":""direct""},{""jd_ut"":1819313.1020183652,""utc"":""0269-01-03T14:26:54.387Z"",""motion"":""retrograde""},{""jd_ut"":1819473.278972968,""utc"":""0269-06-12T18:41:43.264Z"",""motion"":""direct""}]",3
F128.06,F128,128,6,Virgo,150,1820263.95507487,0271-08-12T10:55:18.469Z,1821064.517133209,0273-10-21T00:24:40.309Z,"[{""jd_ut"":1820263.95507487,""utc"":""0271-08-12T10:55:18.469Z"",""motion"":""direct""}]",1
F128.07,F128,128,7,Libra,180,1821064.517133209,0273-10-21T00:24:40.309Z,1822153.105089319,0276-10-13T14:31:19.717Z,"[{""jd_ut"":1821064.517133209,""utc"":""0273-10-21T00:24:40.309Z"",""motion"":""direct""},{""jd_ut"":1821248.642579001,""utc"":""0274-04-23T03:25:18.826Z"",""motion"":""retrograde""},{""jd_ut"":1821328.1179286586,""utc"":""0274-07-11T14:49:49.036Z"",""motion"":""direct""}]",3
F128.08,F128,128,8,Scorpio,210,1822153.105089319,0276-10-13T14:31:19.717Z,1822974.8435771759,0279-01-13T08:14:45.068Z,"[{""jd_ut"":1822153.105089319,""utc"":""0276-10-13T14:31:19.717Z"",""motion"":""direct""}]",1
F128.09,F128,128,9,Sagittarius,240,1822974.8435771759,0279-01-13T08:14:45.068Z,1824066.635813767,0282-01-09T03:15:34.309Z,"[{""jd_ut"":1822974.8435771759,""utc"":""0279-01-13T08:14:45.068Z"",""motion"":""direct""},{""jd_ut"":1823094.3410531017,""utc"":""0279-05-12T20:11:06.988Z"",""motion"":""retrograde""},{""jd_ut"":1823247.9593179366,""utc"":""0279-10-13T11:01:25.070Z"",""motion"":""direct""}]",3
F128.10,F128,128,10,Capricorn,270,1824066.635813767,0282-01-09T03:15:34.309Z,1825154.6695109173,0285-01-01T04:04:05.743Z,"[{""jd_ut"":1824066.635813767,""utc"":""0282-01-09T03:15:34.309Z"",""motion"":""direct""},{""jd_ut"":1824295.118462984,""utc"":""0282-08-25T14:50:35.202Z"",""motion"":""retrograde""},{""jd_ut"":1824314.7054285663,""utc"":""0282-09-14T04:55:49.028Z"",""motion"":""direct""}]",3
F128.11,F128,128,11,Aquarius,300,1825154.6695109173,0285-01-01T04:04:05.743Z,1825952.8021279685,0287-03-10T07:15:03.856Z,"[{""jd_ut"":1825154.6695109173,""utc"":""0285-01-01T04:04:05.743Z"",""motion"":""direct""}]",1
F128.12,F128,128,12,Pisces,330,1825952.8021279685,0287-03-10T07:15:03.856Z,1826742.562596864,0289-05-08T01:30:08.369Z,"[{""jd_ut"":1825952.8021279685,""utc"":""0287-03-10T07:15:03.856Z"",""motion"":""direct""}]",1
F129.01,F129,129,1,Aries,0,1826742.562596864,0289-05-08T01:30:08.369Z,1827526.7205285379,0291-07-01T05:17:33.666Z,"[{""jd_ut"":1826742.562596864,""utc"":""0289-05-08T01:30:08.369Z"",""motion"":""direct""},{""jd_ut"":1826885.8780012978,""utc"":""0289-09-28T09:04:19.312Z"",""motion"":""retrograde""},{""jd_ut"":1827006.5625726674,""utc"":""0290-01-27T01:30:06.278Z"",""motion"":""direct""}]",3
F129.02,F129,129,2,Taurus,30,1827526.7205285379,0291-07-01T05:17:33.666Z,1828311.7363039372,0293-08-24T05:40:16.660Z,"[{""jd_ut"":1827526.7205285379,""utc"":""0291-07-01T05:17:33.666Z"",""motion"":""direct""},{""jd_ut"":1827616.769796962,""utc"":""0291-09-29T06:28:30.458Z"",""motion"":""retrograde""},{""jd_ut"":1827784.6945333718,""utc"":""0292-03-15T04:40:07.683Z"",""motion"":""direct""}]",3
F129.03,F129,129,3,Gemini,60,1828311.7363039372,0293-08-24T05:40:16.660Z,1829327.2600672706,0296-06-04T18:14:29.812Z,"[{""jd_ut"":1828311.7363039372,""utc"":""0293-08-24T05:40:16.660Z"",""motion"":""direct""},{""jd_ut"":1828350.2294610268,""utc"":""0293-10-01T17:30:25.433Z"",""motion"":""retrograde""},{""jd_ut"":1828555.7774458718,""utc"":""0294-04-25T06:39:31.323Z"",""motion"":""direct""}]",3
F129.04,F129,129,4,Cancer,90,1829327.2600672706,0296-06-04T18:14:29.812Z,1830104.6866092714,0298-07-22T04:28:43.041Z,"[{""jd_ut"":1829327.2600672706,""utc"":""0296-06-04T18:14:29.812Z"",""motion"":""direct""}]",1
F129.05,F129,129,5,Leo,120,1830104.6866092714,0298-07-22T04:28:43.041Z,1830892.544161073,0300-09-18T01:03:35.517Z,"[{""jd_ut"":1830104.6866092714,""utc"":""0298-07-22T04:28:43.041Z"",""motion"":""direct""}]",1
F129.06,F129,129,6,Virgo,150,1830892.544161073,0300-09-18T01:03:35.517Z,1831708.6709853997,0302-12-13T04:06:13.139Z,"[{""jd_ut"":1830892.544161073,""utc"":""0300-09-18T01:03:35.517Z"",""motion"":""direct""},{""jd_ut"":1831091.441849438,""utc"":""0301-04-04T22:36:15.791Z"",""motion"":""retrograde""},{""jd_ut"":1831147.2027019719,""utc"":""0301-05-30T16:51:53.450Z"",""motion"":""direct""}]",3
F129.07,F129,129,7,Libra,180,1831708.6709853997,0302-12-13T04:06:13.139Z,1832780.5165808545,0305-11-19T00:23:52.586Z,"[{""jd_ut"":1831708.6709853997,""utc"":""0302-12-13T04:06:13.139Z"",""motion"":""direct""},{""jd_ut"":1831764.870078999,""utc"":""0303-02-07T08:52:54.826Z"",""motion"":""retrograde""},{""jd_ut"":1831968.3730307636,""utc"":""0303-08-29T20:57:09.858Z"",""motion"":""direct""}]",3
F129.08,F129,129,8,Scorpio,210,1832780.5165808545,0305-11-19T00:23:52.586Z,1833877.2953680973,0308-11-19T19:05:19.804Z,"[{""jd_ut"":1832780.5165808545,""utc"":""0305-11-19T00:23:52.586Z"",""motion"":""direct""},{""jd_ut"":1832969.2274803603,""utc"":""0306-05-26T17:27:34.303Z"",""motion"":""retrograde""},{""jd_ut"":1833046.0165637084,""utc"":""0306-08-11T12:23:51.104Z"",""motion"":""direct""}]",3
F129.09,F129,129,9,Sagittarius,240,1833877.2953680973,0308-11-19T19:05:19.804Z,1834703.6094900174,0311-02-24T02:37:39.938Z,"[{""jd_ut"":1833877.2953680973,""utc"":""0308-11-19T19:05:19.804Z"",""motion"":""direct""}]",1
F129.10,F129,129,10,Capricorn,270,1834703.6094900174,0311-02-24T02:37:39.938Z,1835784.242461041,0314-02-08T17:49:08.634Z,"[{""jd_ut"":1834703.6094900174,""utc"":""0311-02-24T02:37:39.938Z"",""motion"":""direct""},{""jd_ut"":1834799.5760143409,""utc"":""0311-05-31T01:49:27.639Z"",""motion"":""retrograde""},{""jd_ut"":1834973.1641124762,""utc"":""0311-11-20T15:56:19.318Z"",""motion"":""direct""}]",3
F129.11,F129,129,11,Aquarius,300,1835784.242461041,0314-02-08T17:49:08.634Z,1836594.6008873032,0316-04-29T02:25:16.663Z,"[{""jd_ut"":1835784.242461041,""utc"":""0314-02-08T17:49:08.634Z"",""motion"":""direct""}]",1
F129.12,F129,129,12,Pisces,330,1836594.6008873032,0316-04-29T02:25:16.663Z,1837644.3671002365,0319-03-14T20:48:37.460Z,"[{""jd_ut"":1836594.6008873032,""utc"":""0316-04-29T02:25:16.663Z"",""motion"":""direct""},{""jd_ut"":1836686.2467923514,""utc"":""0316-07-29T17:55:22.859Z"",""motion"":""retrograde""},{""jd_ut"":1836857.881825957,""utc"":""0317-01-17T09:09:49.763Z"",""motion"":""direct""}]",3
F130.01,F130,130,1,Aries,0,1837644.3671002365,0319-03-14T20:48:37.460Z,1838420.0573208253,0321-04-28T13:22:32.519Z,"[{""jd_ut"":1837644.3671002365,""utc"":""0319-03-14T20:48:37.460Z"",""motion"":""direct""}]",1
F130.02,F130,130,2,Taurus,30,1838420.0573208253,0321-04-28T13:22:32.519Z,1839190.560617682,0323-06-08T01:27:17.368Z,"[{""jd_ut"":1838420.0573208253,""utc"":""0321-04-28T13:22:32.519Z"",""motion"":""direct""}]",1
F130.03,F130,130,3,Gemini,60,1839190.560617682,0323-06-08T01:27:17.368Z,1839961.5501434328,0325-07-18T01:12:12.393Z,"[{""jd_ut"":1839190.560617682,""utc"":""0323-06-08T01:27:17.368Z"",""motion"":""direct""}]",1
F130.04,F130,130,4,Cancer,90,1839961.5501434328,0325-07-18T01:12:12.393Z,1840739.6040137177,0327-09-04T02:29:46.785Z,"[{""jd_ut"":1839961.5501434328,""utc"":""0325-07-18T01:12:12.393Z"",""motion"":""direct""},{""jd_ut"":1840177.6934030065,""utc"":""0326-02-19T04:38:30.020Z"",""motion"":""retrograde""},{""jd_ut"":1840200.114213944,""utc"":""0326-03-13T14:44:28.085Z"",""motion"":""direct""}]",3
F130.05,F130,130,5,Leo,120,1840739.6040137177,0327-09-04T02:29:46.785Z,1841541.2489367044,0329-11-13T17:58:28.131Z,"[{""jd_ut"":1840739.6040137177,""utc"":""0327-09-04T02:29:46.785Z"",""motion"":""direct""},{""jd_ut"":1840891.909192556,""utc"":""0328-02-03T09:49:14.237Z"",""motion"":""retrograde""},{""jd_ut"":1841002.3952995702,""utc"":""0328-05-23T21:29:13.883Z"",""motion"":""direct""}]",3
F130.06,F130,130,6,Virgo,150,1841541.2489367044,0329-11-13T17:58:28.131Z,1842598.0145108895,0332-10-05T12:20:53.741Z,"[{""jd_ut"":1841541.2489367044,""utc"":""0329-11-13T17:58:28.131Z"",""motion"":""direct""},{""jd_ut"":1841596.5836182036,""utc"":""0330-01-08T02:00:24.613Z"",""motion"":""retrograde""},{""jd_ut"":1841797.5307268277,""utc"":""0330-07-28T00:44:14.798Z"",""motion"":""direct""}]",3
F130.07,F130,130,7,Libra,180,1842598.0145108895,0332-10-05T12:20:53.741Z,1843424.4657440078,0335-01-09T23:10:40.282Z,"[{""jd_ut"":1842598.0145108895,""utc"":""0332-10-05T12:20:53.741Z"",""motion"":""direct""}]",1
F130.08,F130,130,8,Scorpio,210,1843424.4657440078,0335-01-09T23:10:40.282Z,1844505.5363709913,0337-12-26T00:52:22.454Z,"[{""jd_ut"":1843424.4657440078,""utc"":""0335-01-09T23:10:40.282Z"",""motion"":""direct""},{""jd_ut"":1843484.583993401,""utc"":""0335-03-11T02:00:57.030Z"",""motion"":""retrograde""},{""jd_ut"":1843686.9314223016,""utc"":""0335-09-29T10:21:14.887Z"",""motion"":""direct""}]",3
F130.09,F130,130,9,Sagittarius,240,1844505.5363709913,0337-12-26T00:52:22.454Z,1845601.3362655123,0340-12-25T20:04:13.340Z,"[{""jd_ut"":1844505.5363709913,""utc"":""0337-12-26T00:52:22.454Z"",""motion"":""direct""},{""jd_ut"":1844672.7309947792,""utc"":""0338-06-11T05:32:37.949Z"",""motion"":""retrograde""},{""jd_ut"":1844777.034416114,""utc"":""0338-09-23T12:49:33.552Z"",""motion"":""direct""}]",3
F130.10,F130,130,10,Capricorn,270,1845601.3362655123,0340-12-25T20:04:13.340Z,1846420.884200144,0343-03-25T09:13:14.892Z,"[{""jd_ut"":1845601.3362655123,""utc"":""0340-12-25T20:04:13.340Z"",""motion"":""direct""}]",1
F130.11,F130,130,11,Aquarius,300,1846420.884200144,0343-03-25T09:13:14.892Z,1847487.9894547057,0346-02-24T11:44:48.887Z,"[{""jd_ut"":1846420.884200144,""utc"":""0343-03-25T09:13:14.892Z"",""motion"":""direct""},{""jd_ut"":1846520.8553262395,""utc"":""0343-07-03T08:31:40.187Z"",""motion"":""retrograde""},{""jd_ut"":1846688.7788308235,""utc"":""0343-12-18T06:41:30.983Z"",""motion"":""direct""}]",3
F130.12,F130,130,12,Pisces,330,1847487.9894547057,0346-02-24T11:44:48.887Z,1848275.272809052,0348-04-21T18:32:50.702Z,"[{""jd_ut"":1847487.9894547057,""utc"":""0346-02-24T11:44:48.887Z"",""motion"":""direct""}]",1
F131.01,F131,131,1,Aries,0,1848275.272809052,0348-04-21T18:32:50.702Z,1849054.5429034643,0350-06-10T01:01:46.859Z,"[{""jd_ut"":1848275.272809052,""utc"":""0348-04-21T18:32:50.702Z"",""motion"":""direct""},{""jd_ut"":1848466.0974101955,""utc"":""0348-10-29T14:20:16.241Z"",""motion"":""retrograde""},{""jd_ut"":1848531.6066160449,""utc"":""0349-01-03T02:33:31.626Z"",""motion"":""direct""}]",3
F131.02,F131,131,2,Taurus,30,1849054.5429034643,0350-06-10T01:01:46.859Z,1849829.0257697226,0352-07-23T12:37:06.504Z,"[{""jd_ut"":1849054.5429034643,""utc"":""0350-06-10T01:01:46.859Z"",""motion"":""direct""},{""jd_ut"":1849194.9065812049,""utc"":""0350-10-28T09:45:28.616Z"",""motion"":""retrograde""},{""jd_ut"":1849316.2896762216,""utc"":""0351-02-26T18:57:08.026Z"",""motion"":""direct""}]",3
F131.03,F131,131,3,Gemini,60,1849829.0257697226,0352-07-23T12:37:06.504Z,1850606.8116728785,0354-09-09T07:28:48.537Z,"[{""jd_ut"":1849829.0257697226,""utc"":""0352-07-23T12:37:06.504Z"",""motion"":""direct""},{""jd_ut"":1849937.0761369858,""utc"":""0352-11-08T13:49:38.236Z"",""motion"":""retrograde""},{""jd_ut"":1850088.8507303982,""utc"":""0353-04-09T08:25:03.106Z"",""motion"":""direct""}]",3
F131.04,F131,131,4,Cancer,90,1850606.8116728785,0354-09-09T07:28:48.537Z,1851639.3028457696,0357-07-07T19:16:05.874Z,"[{""jd_ut"":1850606.8116728785,""utc"":""0354-09-09T07:28:48.537Z"",""motion"":""direct""},{""jd_ut"":1850676.3233830365,""utc"":""0354-11-17T19:45:40.294Z"",""motion"":""retrograde""},{""jd_ut"":1850861.214910036,""utc"":""0355-05-21T17:09:28.227Z"",""motion"":""direct""}]",3
F131.05,F131,131,5,Leo,120,1851639.3028457696,0357-07-07T19:16:05.874Z,1852426.633865355,0359-09-03T03:12:45.967Z,"[{""jd_ut"":1851639.3028457696,""utc"":""0357-07-07T19:16:05.874Z"",""motion"":""direct""}]",1
F131.06,F131,131,6,Virgo,150,1852426.633865355,0359-09-03T03:12:45.967Z,1853230.5141739193,0361-11-15T00:20:24.627Z,"[{""jd_ut"":1852426.633865355,""utc"":""0359-09-03T03:12:45.967Z"",""motion"":""direct""}]",1
F131.07,F131,131,7,Libra,180,1853230.5141739193,0361-11-15T00:20:24.627Z,1854314.3723997101,0364-11-02T20:56:15.335Z,"[{""jd_ut"":1853230.5141739193,""utc"":""0361-11-15T00:20:24.627Z"",""motion"":""direct""},{""jd_ut"":1853348.3423405401,""utc"":""0362-03-12T20:12:58.223Z"",""motion"":""retrograde""},{""jd_ut"":1853500.5625886358,""utc"":""0362-08-12T01:30:07.658Z"",""motion"":""direct""}]",3
F131.08,F131,131,8,Scorpio,210,1854314.3723997101,0364-11-02T20:56:15.335Z,1855411.8065609275,0367-11-05T07:21:26.864Z,"[{""jd_ut"":1854314.3723997101,""utc"":""0364-11-02T20:56:15.335Z"",""motion"":""direct""}]",1
F131.09,F131,131,9,Sagittarius,240,1855411.8065609275,0367-11-05T07:21:26.864Z,1856232.064283318,0370-02-02T13:32:34.079Z,"[{""jd_ut"":1855411.8065609275,""utc"":""0367-11-05T07:21:26.864Z"",""motion"":""direct""}]",1
F131.10,F131,131,10,Capricorn,270,1856232.064283318,0370-02-02T13:32:34.079Z,1857319.3480887502,0373-01-24T20:21:14.868Z,"[{""jd_ut"":1856232.064283318,""utc"":""0370-02-02T13:32:34.079Z"",""motion"":""direct""},{""jd_ut"":1856377.7789438153,""utc"":""0370-06-28T06:41:40.746Z"",""motion"":""retrograde""},{""jd_ut"":1856504.8970441925,""utc"":""0370-11-02T09:31:44.618Z"",""motion"":""direct""}]",3
F131.11,F131,131,11,Aquarius,300,1857319.3480887502,0373-01-24T20:21:14.868Z,1858122.9516222863,0375-04-08T10:50:20.166Z,"[{""jd_ut"":1857319.3480887502,""utc"":""0373-01-24T20:21:14.868Z"",""motion"":""direct""}]",1
F131.12,F131,131,12,Pisces,330,1858122.9516222863,0375-04-08T10:50:20.166Z,1859179.9091754402,0378-02-28T09:49:12.758Z,"[{""jd_ut"":1858122.9516222863,""utc"":""0375-04-08T10:50:20.166Z"",""motion"":""direct""},{""jd_ut"":1858263.7036888772,""utc"":""0375-08-27T04:53:18.719Z"",""motion"":""retrograde""},{""jd_ut"":1858390.5078425454,""utc"":""0376-01-01T00:11:17.596Z"",""motion"":""direct""}]",3
F132.01,F132,132,1,Aries,0,1859179.9091754402,0378-02-28T09:49:12.758Z,1859955.8664549435,0380-04-14T08:47:41.707Z,"[{""jd_ut"":1859179.9091754402,""utc"":""0378-02-28T09:49:12.758Z"",""motion"":""direct""}]",1
F132.02,F132,132,2,Taurus,30,1859955.8664549435,0380-04-14T08:47:41.707Z,1860726.137751779,0382-05-24T15:18:21.754Z,"[{""jd_ut"":1859955.8664549435,""utc"":""0380-04-14T08:47:41.707Z"",""motion"":""direct""}]",1
F132.03,F132,132,3,Gemini,60,1860726.137751779,0382-05-24T15:18:21.754Z,1861496.6347098225,0384-07-03T03:13:58.929Z,"[{""jd_ut"":1860726.137751779,""utc"":""0382-05-24T15:18:21.754Z"",""motion"":""direct""}]",1
F132.04,F132,132,4,Cancer,90,1861496.6347098225,0384-07-03T03:13:58.929Z,1862273.1900861356,0386-08-18T16:33:43.442Z,"[{""jd_ut"":1861496.6347098225,""utc"":""0384-07-03T03:13:58.929Z"",""motion"":""direct""}]",1
F132.05,F132,132,5,Leo,120,1862273.1900861356,0386-08-18T16:33:43.442Z,1863064.0347699323,0388-10-17T12:50:04.122Z,"[{""jd_ut"":1862273.1900861356,""utc"":""0386-08-18T16:33:43.442Z"",""motion"":""direct""},{""jd_ut"":1862476.634249533,""utc"":""0387-03-10T03:13:19.160Z"",""motion"":""retrograde""},{""jd_ut"":1862521.5736647355,""utc"":""0387-04-24T01:46:04.633Z"",""motion"":""direct""}]",3
F132.06,F132,132,6,Virgo,150,1863064.0347699323,0388-10-17T12:50:04.122Z,1864133.0742396698,0391-09-21T13:46:54.307Z,"[{""jd_ut"":1863064.0347699323,""utc"":""0388-10-17T12:50:04.122Z"",""motion"":""direct""},{""jd_ut"":1863178.5424747965,""utc"":""0389-02-09T01:01:09.822Z"",""motion"":""retrograde""},{""jd_ut"":1863330.513828049,""utc"":""0389-07-11T00:19:54.743Z"",""motion"":""direct""}]",3
F132.07,F132,132,7,Libra,180,1864133.0742396698,0391-09-21T13:46:54.307Z,1864948.0278780805,0393-12-14T12:40:08.666Z,"[{""jd_ut"":1864133.0742396698,""utc"":""0391-09-21T13:46:54.307Z"",""motion"":""direct""}]",1
F132.08,F132,132,8,Scorpio,210,1864948.0278780805,0393-12-14T12:40:08.666Z,1866039.7509802445,0396-12-10T06:01:24.693Z,"[{""jd_ut"":1864948.0278780805,""utc"":""0393-12-14T12:40:08.666Z"",""motion"":""direct""},{""jd_ut"":1865066.1058646007,""utc"":""0394-04-11T14:32:26.702Z"",""motion"":""retrograde""},{""jd_ut"":1865220.1630872507,""utc"":""0394-09-12T15:54:50.738Z"",""motion"":""direct""}]",3
F132.09,F132,132,9,Sagittarius,240,1866039.7509802445,0396-12-10T06:01:24.693Z,1867137.0332453577,0399-12-12T12:47:52.399Z,"[{""jd_ut"":1866039.7509802445,""utc"":""0396-12-10T06:01:24.693Z"",""motion"":""direct""},{""jd_ut"":1866261.8409905042,""utc"":""0397-07-20T08:11:01.580Z"",""motion"":""retrograde""},{""jd_ut"":1866292.2518745768,""utc"":""0397-08-19T18:02:41.963Z"",""motion"":""direct""}]",3
F132.10,F132,132,10,Capricorn,270,1867137.0332453577,0399-12-12T12:47:52.399Z,1867950.836303622,0402-03-05T08:04:16.633Z,"[{""jd_ut"":1867137.0332453577,""utc"":""0399-12-12T12:47:52.399Z"",""motion"":""direct""}]",1
F132.11,F132,132,11,Aquarius,300,1867950.836303622,0402-03-05T08:04:16.633Z,1869024.276055112,0405-02-10T18:37:31.162Z,"[{""jd_ut"":1867950.836303622,""utc"":""0402-03-05T08:04:16.633Z"",""motion"":""direct""},{""jd_ut"":1868097.014588798,""utc"":""0402-07-29T12:21:00.472Z"",""motion"":""retrograde""},{""jd_ut"":1868221.5922488454,""utc"":""0402-12-01T02:12:50.300Z"",""motion"":""direct""}]",3
F132.12,F132,132,12,Pisces,330,1869024.276055112,0405-02-10T18:37:31.162Z,1869810.7969701206,0407-04-08T07:07:38.218Z,"[{""jd_ut"":1869024.276055112,""utc"":""0405-02-10T18:37:31.162Z"",""motion"":""direct""}]",1
F133.01,F133,133,1,Aries,0,1869810.7969701206,0407-04-08T07:07:38.218Z,1870588.258301584,0409-05-24T18:11:57.257Z,"[{""jd_ut"":1869810.7969701206,""utc"":""0407-04-08T07:07:38.218Z"",""motion"":""direct""}]",1
F133.02,F133,133,2,Taurus,30,1870588.258301584,0409-05-24T18:11:57.257Z,1871360.4174335543,0411-07-05T22:01:06.259Z,"[{""jd_ut"":1870588.258301584,""utc"":""0409-05-24T18:11:57.257Z"",""motion"":""direct""},{""jd_ut"":1870772.3105511195,""utc"":""0409-11-24T19:27:11.617Z"",""motion"":""retrograde""},{""jd_ut"":1870843.5976025588,""utc"":""0410-02-04T02:20:32.861Z"",""motion"":""direct""}]",3
F133.03,F133,133,3,Gemini,60,1871360.4174335543,0411-07-05T22:01:06.259Z,1872133.4154699584,0413-08-16T21:58:16.604Z,"[{""jd_ut"":1871360.4174335543,""utc"":""0411-07-05T22:01:06.259Z"",""motion"":""direct""},{""jd_ut"":1871512.3077035574,""utc"":""0411-12-04T19:23:05.587Z"",""motion"":""retrograde""},{""jd_ut"":1871620.441431529,""utc"":""0412-03-21T22:35:39.684Z"",""motion"":""direct""}]",3
F133.04,F133,133,4,Cancer,90,1872133.4154699584,0413-08-16T21:58:16.604Z,1872919.740341635,0415-10-12T05:46:05.517Z,"[{""jd_ut"":1872133.4154699584,""utc"":""0413-08-16T21:58:16.604Z"",""motion"":""direct""},{""jd_ut"":1872254.1754482118,""utc"":""0413-12-15T16:12:38.726Z"",""motion"":""retrograde""},{""jd_ut"":1872394.8893144256,""utc"":""0414-05-05T09:20:36.766Z"",""motion"":""direct""}]",3
F133.05,F133,133,5,Leo,120,1872919.740341635,0415-10-12T05:46:05.517Z,1873962.400031832,0418-08-19T21:36:02.750Z,"[{""jd_ut"":1872919.740341635,""utc"":""0415-10-12T05:46:05.517Z"",""motion"":""direct""},{""jd_ut"":1872981.6113718166,""utc"":""0415-12-13T02:40:22.525Z"",""motion"":""retrograde""},{""jd_ut"":1873174.5511140558,""utc"":""0416-06-23T01:13:36.254Z"",""motion"":""direct""}]",3
F133.06,F133,133,6,Virgo,150,1873962.400031832,0418-08-19T21:36:02.750Z,1874762.347449446,0420-10-27T20:20:19.632Z,"[{""jd_ut"":1873962.400031832,""utc"":""0418-08-19T21:36:02.750Z"",""motion"":""direct""}]",1
F133.07,F133,133,7,Libra,180,1874762.347449446,0420-10-27T20:20:19.632Z,1875849.6585388249,0423-10-20T03:48:17.754Z,"[{""jd_ut"":1874762.347449446,""utc"":""0420-10-27T20:20:19.632Z"",""motion"":""direct""},{""jd_ut"":1874924.9074353296,""utc"":""0421-04-08T09:46:42.412Z"",""motion"":""retrograde""},{""jd_ut"":1875030.3860019934,""utc"":""0421-07-22T21:15:50.572Z"",""motion"":""direct""}]",3
F133.08,F133,133,8,Scorpio,210,1875849.6585388249,0423-10-20T03:48:17.754Z,1876675.3166168332,0426-01-22T19:35:55.694Z,"[{""jd_ut"":1875849.6585388249,""utc"":""0423-10-20T03:48:17.754Z"",""motion"":""direct""}]",1
F133.09,F133,133,9,Sagittarius,240,1876675.3166168332,0426-01-22T19:35:55.694Z,1877765.4774454758,0429-01-16T23:27:31.289Z,"[{""jd_ut"":1876675.3166168332,""utc"":""0426-01-22T19:35:55.694Z"",""motion"":""direct""},{""jd_ut"":1876771.8066864815,""utc"":""0426-04-29T07:21:37.712Z"",""motion"":""retrograde""},{""jd_ut"":1876946.132882181,""utc"":""0426-10-20T15:11:21.020Z"",""motion"":""direct""}]",3
F133.10,F133,133,10,Capricorn,270,1877765.4774454758,0429-01-16T23:27:31.289Z,1878855.4486873928,0432-01-11T22:46:06.591Z,"[{""jd_ut"":1877765.4774454758,""utc"":""0429-01-16T23:27:31.289Z"",""motion"":""direct""},{""jd_ut"":1877956.3935945784,""utc"":""0429-07-26T21:26:46.572Z"",""motion"":""retrograde""},{""jd_ut"":1878031.6948242253,""utc"":""0429-10-10T04:40:32.813Z"",""motion"":""direct""}]",3
F133.11,F133,133,11,Aquarius,300,1878855.4486873928,0432-01-11T22:46:06.591Z,1879656.771655188,0434-03-23T06:31:11.008Z,"[{""jd_ut"":1878855.4486873928,""utc"":""0432-01-11T22:46:06.591Z"",""motion"":""direct""}]",1
F133.12,F133,133,12,Pisces,330,1879656.771655188,0434-03-23T06:31:11.008Z,1880455.235295088,0436-05-29T17:38:49.496Z,"[{""jd_ut"":1879656.771655188,""utc"":""0434-03-23T06:31:11.008Z"",""motion"":""direct""},{""jd_ut"":1879840.0078259604,""utc"":""0434-09-22T12:11:16.163Z"",""motion"":""retrograde""},{""jd_ut"":1879919.469468426,""utc"":""0434-12-10T23:16:02.072Z"",""motion"":""direct""}]",3
F134.01,F134,134,1,Aries,0,1880455.235295088,0436-05-29T17:38:49.496Z,1881492.7004426755,0439-04-02T04:48:38.247Z,"[{""jd_ut"":1880455.235295088,""utc"":""0436-05-29T17:38:49.496Z"",""motion"":""direct""},{""jd_ut"":1880546.4365731957,""utc"":""0436-08-28T22:28:39.924Z"",""motion"":""retrograde""},{""jd_ut"":1880715.7176769818,""utc"":""0437-02-14T05:13:27.291Z"",""motion"":""direct""}]",3
F134.02,F134,134,2,Taurus,30,1881492.7004426755,0439-04-02T04:48:38.247Z,1882263.1382807586,0441-05-11T15:19:07.458Z,"[{""jd_ut"":1881492.7004426755,""utc"":""0439-04-02T04:48:38.247Z"",""motion"":""direct""}]",1
F134.03,F134,134,3,Gemini,60,1882263.1382807586,0441-05-11T15:19:07.458Z,1883033.5024705236,0443-06-21T00:03:33.453Z,"[{""jd_ut"":1882263.1382807586,""utc"":""0441-05-11T15:19:07.458Z"",""motion"":""direct""}]",1
F134.04,F134,134,4,Cancer,90,1883033.5024705236,0443-06-21T00:03:33.453Z,1883809.404431343,0445-08-04T21:42:22.868Z,"[{""jd_ut"":1883033.5024705236,""utc"":""0443-06-21T00:03:33.453Z"",""motion"":""direct""}]",1
F134.05,F134,134,5,Leo,120,1883809.404431343,0445-08-04T21:42:22.868Z,1884596.688648235,0447-10-01T04:31:39.208Z,"[{""jd_ut"":1883809.404431343,""utc"":""0445-08-04T21:42:22.868Z"",""motion"":""direct""}]",1
F134.06,F134,134,6,Virgo,150,1884596.688648235,0447-10-01T04:31:39.208Z,1885669.108832098,0450-09-07T14:36:43.093Z,"[{""jd_ut"":1884596.688648235,""utc"":""0447-10-01T04:31:39.208Z"",""motion"":""direct""},{""jd_ut"":1884753.1723938272,""utc"":""0448-03-05T16:08:14.827Z"",""motion"":""retrograde""},{""jd_ut"":1884861.8448243118,""utc"":""0448-06-22T08:16:32.821Z"",""motion"":""direct""}]",3
F134.07,F134,134,7,Libra,180,1885669.108832098,0450-09-07T14:36:43.093Z,1886480.4631530931,0452-11-26T23:06:56.427Z,"[{""jd_ut"":1885669.108832098,""utc"":""0450-09-07T14:36:43.093Z"",""motion"":""direct""}]",1
F134.08,F134,134,8,Scorpio,210,1886480.4631530931,0452-11-26T23:06:56.427Z,1887575.7036570013,0455-11-27T04:53:15.965Z,"[{""jd_ut"":1886480.4631530931,""utc"":""0452-11-26T23:06:56.427Z"",""motion"":""direct""},{""jd_ut"":1886641.434032747,""utc"":""0453-05-06T22:25:00.429Z"",""motion"":""retrograde""},{""jd_ut"":1886751.324615438,""utc"":""0453-08-24T19:47:26.774Z"",""motion"":""direct""}]",3
F134.09,F134,134,9,Sagittarius,240,1887575.7036570013,0455-11-27T04:53:15.965Z,1888412.003050732,0458-03-12T12:04:23.583Z,"[{""jd_ut"":1887575.7036570013,""utc"":""0455-11-27T04:53:15.965Z"",""motion"":""direct""}]",1
F134.10,F134,134,10,Capricorn,270,1888412.003050732,0458-03-12T12:04:23.583Z,1889485.3301447588,0461-02-17T19:55:24.507Z,"[{""jd_ut"":1888412.003050732,""utc"":""0458-03-12T12:04:23.583Z"",""motion"":""direct""},{""jd_ut"":1888468.7540968074,""utc"":""0458-05-08T06:05:53.964Z"",""motion"":""retrograde""},{""jd_ut"":1888673.0641269414,""utc"":""0458-11-28T13:32:20.568Z"",""motion"":""direct""}]",3
F134.11,F134,134,11,Aquarius,300,1889485.3301447588,0461-02-17T19:55:24.507Z,1890322.0851096367,0463-06-04T14:02:33.473Z,"[{""jd_ut"":1889485.3301447588,""utc"":""0461-02-17T19:55:24.507Z"",""motion"":""direct""},{""jd_ut"":1889673.1111109578,""utc"":""0461-08-24T14:39:59.987Z"",""motion"":""retrograde""},{""jd_ut"":1889750.4549436416,""utc"":""0461-11-09T22:55:07.131Z"",""motion"":""direct""}]",3
F134.12,F134,134,12,Pisces,330,1890322.0851096367,0463-06-04T14:02:33.473Z,1891348.1158171776,0466-03-26T14:46:46.604Z,"[{""jd_ut"":1890322.0851096367,""utc"":""0463-06-04T14:02:33.473Z"",""motion"":""direct""},{""jd_ut"":1890335.3760885214,""utc"":""0463-06-17T21:01:34.048Z"",""motion"":""retrograde""},{""jd_ut"":1890561.2350409697,""utc"":""0464-01-29T17:38:27.540Z"",""motion"":""direct""}]",3
F135.01,F135,135,1,Aries,0,1891348.1158171776,0466-03-26T14:46:46.604Z,1892124.8831500635,0468-05-11T09:11:44.165Z,"[{""jd_ut"":1891348.1158171776,""utc"":""0466-03-26T14:46:46.604Z"",""motion"":""direct""}]",1
F135.02,F135,135,2,Taurus,30,1892124.8831500635,0468-05-11T09:11:44.165Z,1892896.0263000862,0470-06-21T12:37:52.327Z,"[{""jd_ut"":1892124.8831500635,""utc"":""0468-05-11T09:11:44.165Z"",""motion"":""direct""}]",1
F135.03,F135,135,3,Gemini,60,1892896.0263000862,0470-06-21T12:37:52.327Z,1893667.3479508166,0472-07-31T20:21:02.951Z,"[{""jd_ut"":1892896.0263000862,""utc"":""0470-06-21T12:37:52.327Z"",""motion"":""direct""},{""jd_ut"":1893089.8788983026,""utc"":""0471-01-01T09:05:36.813Z"",""motion"":""retrograde""},{""jd_ut"":1893146.3396586096,""utc"":""0471-02-26T20:09:06.504Z"",""motion"":""direct""}]",3
F135.04,F135,135,4,Cancer,90,1893667.3479508166,0472-07-31T20:21:02.951Z,1894446.5766233928,0474-09-19T01:50:20.261Z,"[{""jd_ut"":1893667.3479508166,""utc"":""0472-07-31T20:21:02.951Z"",""motion"":""direct""},{""jd_ut"":1893827.3753952766,""utc"":""0473-01-07T21:00:34.152Z"",""motion"":""retrograde""},{""jd_ut"":1893926.7586137312,""utc"":""0473-04-17T06:12:24.226Z"",""motion"":""direct""}]",3
F135.05,F135,135,5,Leo,120,1894446.5766233928,0474-09-19T01:50:20.261Z,1895499.0097215516,0477-08-06T12:13:59.942Z,"[{""jd_ut"":1894446.5766233928,""utc"":""0474-09-19T01:50:20.261Z"",""motion"":""direct""},{""jd_ut"":1894558.623066782,""utc"":""0475-01-09T02:57:12.970Z"",""motion"":""retrograde""},{""jd_ut"":1894709.619627541,""utc"":""0475-06-09T02:52:15.820Z"",""motion"":""direct""}]",3
F135.06,F135,135,6,Virgo,150,1895499.0097215516,0477-08-06T12:13:59.942Z,1896297.5516574774,0479-10-14T01:14:23.206Z,"[{""jd_ut"":1895499.0097215516,""utc"":""0477-08-06T12:13:59.942Z"",""motion"":""direct""}]",1
F135.07,F135,135,7,Libra,180,1896297.5516574774,0479-10-14T01:14:23.206Z,1897385.6562366537,0482-10-06T03:44:58.847Z,"[{""jd_ut"":1896297.5516574774,""utc"":""0479-10-14T01:14:23.206Z"",""motion"":""direct""},{""jd_ut"":1896508.9417169155,""utc"":""0480-05-12T10:36:04.341Z"",""motion"":""retrograde""},{""jd_ut"":1896549.8655546848,""utc"":""0480-06-22T08:46:23.925Z"",""motion"":""direct""}]",3
F135.08,F135,135,8,Scorpio,210,1897385.6562366537,0482-10-06T03:44:58.847Z,1898205.6821054826,0485-01-03T04:22:13.914Z,"[{""jd_ut"":1897385.6562366537,""utc"":""0482-10-06T03:44:58.847Z"",""motion"":""direct""}]",1
F135.09,F135,135,9,Sagittarius,240,1898205.6821054826,0485-01-03T04:22:13.914Z,1899301.2552504954,0488-01-03T18:07:33.643Z,"[{""jd_ut"":1898205.6821054826,""utc"":""0485-01-03T04:22:13.914Z"",""motion"":""direct""},{""jd_ut"":1898347.3628175547,""utc"":""0485-05-24T20:42:27.437Z"",""motion"":""retrograde""},{""jd_ut"":1898479.3949196772,""utc"":""0485-10-03T21:28:41.060Z"",""motion"":""direct""}]",3
F135.10,F135,135,10,Capricorn,270,1899301.2552504954,0488-01-03T18:07:33.643Z,1900138.0581805017,0490-04-19T13:23:46.795Z,"[{""jd_ut"":1899301.2552504954,""utc"":""0488-01-03T18:07:33.643Z"",""motion"":""direct""}]",1
F135.11,F135,135,11,Aquarius,300,1900138.0581805017,0490-04-19T13:23:46.795Z,1901192.9989897464,0493-03-09T11:58:32.714Z,"[{""jd_ut"":1900138.0581805017,""utc"":""0490-04-19T13:23:46.795Z"",""motion"":""direct""},{""jd_ut"":1900180.0943106995,""utc"":""0490-05-31T14:15:48.444Z"",""motion"":""retrograde""},{""jd_ut"":1900391.9630264007,""utc"":""0490-12-29T11:06:45.481Z"",""motion"":""direct""}]",3
F135.12,F135,135,12,Pisces,330,1901192.9989897464,0493-03-09T11:58:32.714Z,1901986.0872935927,0495-05-11T14:05:42.166Z,"[{""jd_ut"":1901192.9989897464,""utc"":""0493-03-09T11:58:32.714Z"",""motion"":""direct""}]",1
F136.01,F136,136,1,Aries,0,1901986.0872935927,0495-05-11T14:05:42.166Z,1902775.5952377268,0497-07-09T02:17:08.540Z,"[{""jd_ut"":1901986.0872935927,""utc"":""0495-05-11T14:05:42.166Z"",""motion"":""direct""},{""jd_ut"":1902120.0863218415,""utc"":""0495-09-22T14:04:18.207Z"",""motion"":""retrograde""},{""jd_ut"":1902250.7137274034,""utc"":""0496-01-31T05:07:46.048Z"",""motion"":""direct""}]",3
F136.02,F136,136,2,Taurus,30,1902775.5952377268,0497-07-09T02:17:08.540Z,1903800.7300499994,0500-04-30T05:31:16.320Z,"[{""jd_ut"":1902775.5952377268,""utc"":""0497-07-09T02:17:08.540Z"",""motion"":""direct""},{""jd_ut"":1902845.9247464729,""utc"":""0497-09-17T10:11:38.095Z"",""motion"":""retrograde""},{""jd_ut"":1903029.7232832373,""utc"":""0498-03-20T05:21:31.672Z"",""motion"":""direct""}]",3
F136.03,F136,136,3,Gemini,60,1903800.7300499994,0500-04-30T05:31:16.320Z,1904571.2947384412,0502-06-09T19:04:25.401Z,"[{""jd_ut"":1903800.7300499994,""utc"":""0500-04-30T05:31:16.320Z"",""motion"":""direct""}]",1
F136.04,F136,136,4,Cancer,90,1904571.2947384412,0502-06-09T19:04:25.401Z,1905347.0864179223,0504-07-24T14:04:26.508Z,"[{""jd_ut"":1904571.2947384412,""utc"":""0502-06-09T19:04:25.401Z"",""motion"":""direct""}]",1
F136.05,F136,136,5,Leo,120,1905347.0864179223,0504-07-24T14:04:26.508Z,1906132.7880962668,0506-09-18T06:54:51.517Z,"[{""jd_ut"":1905347.0864179223,""utc"":""0504-07-24T14:04:26.508Z"",""motion"":""direct""}]",1
F136.06,F136,136,6,Virgo,150,1906132.7880962668,0506-09-18T06:54:51.517Z,1906943.358848459,0508-12-06T20:36:44.507Z,"[{""jd_ut"":1906132.7880962668,""utc"":""0506-09-18T06:54:51.517Z"",""motion"":""direct""},{""jd_ut"":1906331.4914308838,""utc"":""0507-04-04T23:47:39.628Z"",""motion"":""retrograde""},{""jd_ut"":1906386.6985223508,""utc"":""0507-05-30T04:45:52.331Z"",""motion"":""direct""}]",3
F136.07,F136,136,7,Libra,180,1906943.358848459,0508-12-06T20:36:44.507Z,1908016.0328445453,0511-11-14T12:47:17.769Z,"[{""jd_ut"":1906943.358848459,""utc"":""0508-12-06T20:36:44.507Z"",""motion"":""direct""},{""jd_ut"":1907011.232582007,""utc"":""0509-02-12T17:34:55.085Z"",""motion"":""retrograde""},{""jd_ut"":1907205.5227432023,""utc"":""0509-08-26T00:32:45.013Z"",""motion"":""direct""}]",3
F136.08,F136,136,8,Scorpio,210,1908016.0328445453,0511-11-14T12:47:17.769Z,1909112.4468876738,0514-11-14T22:43:31.095Z,"[{""jd_ut"":1908016.0328445453,""utc"":""0511-11-14T12:47:17.769Z"",""motion"":""direct""},{""jd_ut"":1908221.7199262502,""utc"":""0512-06-07T05:16:41.628Z"",""motion"":""retrograde""},{""jd_ut"":1908274.7817540914,""utc"":""0512-07-30T06:45:43.553Z"",""motion"":""direct""}]",3
F136.09,F136,136,9,Sagittarius,240,1909112.4468876738,0514-11-14T22:43:31.095Z,1909936.6346543627,0517-02-16T03:13:54.137Z,"[{""jd_ut"":1909112.4468876738,""utc"":""0514-11-14T22:43:31.095Z"",""motion"":""direct""}]",1
F136.10,F136,136,10,Capricorn,270,1909936.6346543627,0517-02-16T03:13:54.137Z,1911021.7251215815,0520-02-06T05:24:10.505Z,"[{""jd_ut"":1909936.6346543627,""utc"":""0517-02-16T03:13:54.137Z"",""motion"":""direct""},{""jd_ut"":1910048.1975360988,""utc"":""0517-06-07T16:44:27.119Z"",""motion"":""retrograde""},{""jd_ut"":1910208.545369904,""utc"":""0517-11-15T01:05:19.960Z"",""motion"":""direct""}]",3
F136.11,F136,136,11,Aquarius,300,1911021.7251215815,0520-02-06T05:24:10.505Z,1911834.0587599091,0522-04-28T13:24:36.856Z,"[{""jd_ut"":1911021.7251215815,""utc"":""0520-02-06T05:24:10.505Z"",""motion"":""direct""}]",1
F136.12,F136,136,12,Pisces,330,1911834.0587599091,0522-04-28T13:24:36.856Z,1912886.337923516,0525-03-15T20:06:36.592Z,"[{""jd_ut"":1911834.0587599091,""utc"":""0522-04-28T13:24:36.856Z"",""motion"":""direct""},{""jd_ut"":1911926.333373813,""utc"":""0522-07-29T20:00:03.497Z"",""motion"":""retrograde""},{""jd_ut"":1912098.0415475587,""utc"":""0523-01-17T12:59:49.709Z"",""motion"":""direct""}]",3
F137.01,F137,137,1,Aries,0,1912886.337923516,0525-03-15T20:06:36.592Z,1913663.127518537,0527-05-01T15:03:37.602Z,"[{""jd_ut"":1912886.337923516,""utc"":""0525-03-15T20:06:36.592Z"",""motion"":""direct""}]",1
F137.02,F137,137,2,Taurus,30,1913663.127518537,0527-05-01T15:03:37.602Z,1914433.908631924,0529-06-10T09:48:25.798Z,"[{""jd_ut"":1913663.127518537,""utc"":""0527-05-01T15:03:37.602Z"",""motion"":""direct""}]",1
F137.03,F137,137,3,Gemini,60,1914433.908631924,0529-06-10T09:48:25.798Z,1915204.4396127989,0531-07-20T22:33:02.546Z,"[{""jd_ut"":1914433.908631924,""utc"":""0529-06-10T09:48:25.798Z"",""motion"":""direct""}]",1
F137.04,F137,137,4,Cancer,90,1915204.4396127989,0531-07-20T22:33:02.546Z,1915981.152932772,0533-09-04T15:40:13.391Z,"[{""jd_ut"":1915204.4396127989,""utc"":""0531-07-20T22:33:02.546Z"",""motion"":""direct""},{""jd_ut"":1915405.0105412113,""utc"":""0532-02-06T12:15:10.761Z"",""motion"":""retrograde""},{""jd_ut"":1915451.790993751,""utc"":""0532-03-24T06:59:01.860Z"",""motion"":""direct""}]",3
F137.05,F137,137,5,Leo,120,1915981.152932772,0533-09-04T15:40:13.391Z,1916779.0327132158,0535-11-11T12:47:06.422Z,"[{""jd_ut"":1915981.152932772,""utc"":""0533-09-04T15:40:13.391Z"",""motion"":""direct""},{""jd_ut"":1916129.6263529086,""utc"":""0534-01-31T03:01:56.891Z"",""motion"":""retrograde""},{""jd_ut"":1916243.7983812857,""utc"":""0534-05-25T07:09:40.143Z"",""motion"":""direct""}]",3
F137.06,F137,137,6,Virgo,150,1916779.0327132158,0535-11-11T12:47:06.422Z,1917834.6601455589,0538-10-02T03:50:36.576Z,"[{""jd_ut"":1916779.0327132158,""utc"":""0535-11-11T12:47:06.422Z"",""motion"":""direct""},{""jd_ut"":1916839.3057379564,""utc"":""0536-01-10T19:20:15.759Z"",""motion"":""retrograde""},{""jd_ut"":1917036.1721021594,""utc"":""0536-07-25T16:07:49.627Z"",""motion"":""direct""}]",3
F137.07,F137,137,7,Libra,180,1917834.6601455589,0538-10-02T03:50:36.576Z,1918654.1533002295,0540-12-29T15:40:45.140Z,"[{""jd_ut"":1917834.6601455589,""utc"":""0538-10-02T03:50:36.576Z"",""motion"":""direct""}]",1
F137.08,F137,137,8,Scorpio,210,1918654.1533002295,0540-12-29T15:40:45.140Z,1919740.376769599,0543-12-20T21:02:32.893Z,"[{""jd_ut"":1918654.1533002295,""utc"":""0540-12-29T15:40:45.140Z"",""motion"":""direct""},{""jd_ut"":1918736.6758083757,""utc"":""0541-03-22T04:13:09.844Z"",""motion"":""retrograde""},{""jd_ut"":1918921.8005264206,""utc"":""0541-09-23T07:12:45.483Z"",""motion"":""direct""}]",3
F137.09,F137,137,9,Sagittarius,240,1919740.376769599,0543-12-20T21:02:32.893Z,1920838.161860453,0546-12-22T15:53:04.743Z,"[{""jd_ut"":1919740.376769599,""utc"":""0543-12-20T21:02:32.893Z"",""motion"":""direct""},{""jd_ut"":1919922.4841162818,""utc"":""0544-06-19T23:37:07.647Z"",""motion"":""retrograde""},{""jd_ut"":1920009.1648721308,""utc"":""0544-09-14T15:57:24.952Z"",""motion"":""direct""}]",3
F137.10,F137,137,10,Capricorn,270,1920838.161860453,0546-12-22T15:53:04.743Z,1921659.3665800174,0549-03-22T20:47:52.514Z,"[{""jd_ut"":1920838.161860453,""utc"":""0546-12-22T15:53:04.743Z"",""motion"":""direct""}]",1
F137.11,F137,137,11,Aquarius,300,1921659.3665800174,0549-03-22T20:47:52.514Z,1922730.449988157,0552-02-26T22:47:58.977Z,"[{""jd_ut"":1921659.3665800174,""utc"":""0549-03-22T20:47:52.514Z"",""motion"":""direct""},{""jd_ut"":1921762.2977880202,""utc"":""0549-07-03T19:08:48.885Z"",""motion"":""retrograde""},{""jd_ut"":1921928.121450351,""utc"":""0549-12-16T14:54:53.310Z"",""motion"":""direct""}]",3
F137.12,F137,137,12,Pisces,330,1922730.449988157,0552-02-26T22:47:58.977Z,1923521.3234252264,0554-04-27T19:45:43.940Z,"[{""jd_ut"":1922730.449988157,""utc"":""0552-02-26T22:47:58.977Z"",""motion"":""direct""}]",1
F138.01,F138,138,1,Aries,0,1923521.3234252264,0554-04-27T19:45:43.940Z,1924304.935166393,0556-06-19T10:26:38.376Z,"[{""jd_ut"":1923521.3234252264,""utc"":""0554-04-27T19:45:43.940Z"",""motion"":""direct""},{""jd_ut"":1923692.2461620108,""utc"":""0554-10-15T17:54:28.398Z"",""motion"":""retrograde""},{""jd_ut"":1923783.257153342,""utc"":""0555-01-14T18:10:18.049Z"",""motion"":""direct""}]",3
F138.02,F138,138,2,Taurus,30,1924304.935166393,0556-06-19T10:26:38.376Z,1925083.9286678461,0558-08-07T10:17:16.902Z,"[{""jd_ut"":1924304.935166393,""utc"":""0556-06-19T10:26:38.376Z"",""motion"":""direct""},{""jd_ut"":1924419.799181284,""utc"":""0556-10-12T07:10:49.263Z"",""motion"":""retrograde""},{""jd_ut"":1924566.4093556046,""utc"":""0557-03-07T21:49:28.324Z"",""motion"":""direct""}]",3
F138.03,F138,138,3,Gemini,60,1925083.9286678461,0558-08-07T10:17:16.902Z,1926109.5261044349,0561-05-29T00:37:35.423Z,"[{""jd_ut"":1925083.9286678461,""utc"":""0558-08-07T10:17:16.902Z"",""motion"":""direct""},{""jd_ut"":1925158.5699638813,""utc"":""0558-10-21T01:40:44.879Z"",""motion"":""retrograde""},{""jd_ut"":1925338.4809794407,""utc"":""0559-04-18T23:32:36.624Z"",""motion"":""direct""}]",3
F138.04,F138,138,4,Cancer,90,1926109.5261044349,0561-05-29T00:37:35.423Z,1926885.5382258957,0563-07-14T00:55:02.717Z,"[{""jd_ut"":1926109.5261044349,""utc"":""0561-05-29T00:37:35.423Z"",""motion"":""direct""}]",1
F138.05,F138,138,5,Leo,120,1926885.5382258957,0563-07-14T00:55:02.717Z,1927670.5431110412,0565-09-06T01:02:04.794Z,"[{""jd_ut"":1926885.5382258957,""utc"":""0563-07-14T00:55:02.717Z"",""motion"":""direct""}]",1
F138.06,F138,138,6,Virgo,150,1927670.5431110412,0565-09-06T01:02:04.794Z,1928472.3550575231,0567-11-16T20:31:16.970Z,"[{""jd_ut"":1927670.5431110412,""utc"":""0565-09-06T01:02:04.794Z"",""motion"":""direct""}]",1
F138.07,F138,138,7,Libra,180,1928472.3550575231,0567-11-16T20:31:16.970Z,1929553.0905315224,0570-11-01T14:10:21.924Z,"[{""jd_ut"":1928472.3550575231,""utc"":""0567-11-16T20:31:16.970Z"",""motion"":""direct""},{""jd_ut"":1928586.1286949771,""utc"":""0568-03-09T15:05:19.246Z"",""motion"":""retrograde""},{""jd_ut"":1928741.465176038,""utc"":""0568-08-11T23:09:51.210Z"",""motion"":""direct""}]",3
F138.08,F138,138,8,Scorpio,210,1929553.0905315224,0570-11-01T14:10:21.924Z,1930395.1461823117,0573-02-20T15:30:30.152Z,"[{""jd_ut"":1929553.0905315224,""utc"":""0570-11-01T14:10:21.924Z"",""motion"":""direct""}]",1
F138.09,F138,138,9,Sagittarius,240,1930395.1461823117,0573-02-20T15:30:30.152Z,1931469.649271104,0576-01-31T03:34:57.023Z,"[{""jd_ut"":1930395.1461823117,""utc"":""0573-02-20T15:30:30.152Z"",""motion"":""direct""},{""jd_ut"":1930428.4726258786,""utc"":""0573-03-25T23:20:34.876Z"",""motion"":""retrograde""},{""jd_ut"":1930649.4064515475,""utc"":""0573-11-01T21:45:17.414Z"",""motion"":""direct""}]",3
F138.10,F138,138,10,Capricorn,270,1931469.649271104,0576-01-31T03:34:57.023Z,1932559.1929814834,0579-01-24T16:37:53.600Z,"[{""jd_ut"":1931469.649271104,""utc"":""0576-01-31T03:34:57.023Z"",""motion"":""direct""},{""jd_ut"":1931621.1662324066,""utc"":""0576-06-30T15:59:22.480Z"",""motion"":""retrograde""},{""jd_ut"":1931742.508620611,""utc"":""0576-10-30T00:12:24.821Z"",""motion"":""direct""}]",3
F138.11,F138,138,11,Aquarius,300,1932559.1929814834,0579-01-24T16:37:53.600Z,1933365.7238552156,0581-04-10T05:22:21.091Z,"[{""jd_ut"":1932559.1929814834,""utc"":""0579-01-24T16:37:53.600Z"",""motion"":""direct""}]",1
F138.12,F138,138,12,Pisces,330,1933365.7238552156,0581-04-10T05:22:21.091Z,1934424.7973397397,0584-03-04T07:08:10.154Z,"[{""jd_ut"":1933365.7238552156,""utc"":""0581-04-10T05:22:21.091Z"",""motion"":""direct""},{""jd_ut"":1933498.9214948053,""utc"":""0581-08-21T10:06:57.151Z"",""motion"":""retrograde""},{""jd_ut"":1933633.9199003703,""utc"":""0582-01-03T10:04:39.392Z"",""motion"":""direct""}]",3
F139.01,F139,139,1,Aries,0,1934424.7973397397,0584-03-04T07:08:10.154Z,1935201.9901449452,0586-04-20T11:45:48.523Z,"[{""jd_ut"":1934424.7973397397,""utc"":""0584-03-04T07:08:10.154Z"",""motion"":""direct""}]",1
F139.02,F139,139,2,Taurus,30,1935201.9901449452,0586-04-20T11:45:48.523Z,1935972.6938870605,0588-05-30T04:39:11.842Z,"[{""jd_ut"":1935201.9901449452,""utc"":""0586-04-20T11:45:48.523Z"",""motion"":""direct""}]",1
F139.03,F139,139,3,Gemini,60,1935972.6938870605,0588-05-30T04:39:11.842Z,1936742.7963365163,0590-07-09T07:06:43.475Z,"[{""jd_ut"":1935972.6938870605,""utc"":""0588-05-30T04:39:11.842Z"",""motion"":""direct""}]",1
F139.04,F139,139,4,Cancer,90,1936742.7963365163,0590-07-09T07:06:43.475Z,1937518.2820401,0592-08-22T18:46:08.265Z,"[{""jd_ut"":1936742.7963365163,""utc"":""0590-07-09T07:06:43.475Z"",""motion"":""direct""}]",1
F139.05,F139,139,5,Leo,120,1937518.2820401,0592-08-22T18:46:08.265Z,1938307.7648663279,0594-10-21T06:21:24.451Z,"[{""jd_ut"":1937518.2820401,""utc"":""0592-08-22T18:46:08.265Z"",""motion"":""direct""},{""jd_ut"":1937702.4863645155,""utc"":""0593-02-22T23:40:21.894Z"",""motion"":""retrograde""},{""jd_ut"":1937773.8757459465,""utc"":""0593-05-05T09:01:04.450Z"",""motion"":""direct""}]",3
F139.06,F139,139,6,Virgo,150,1938307.7648663279,0594-10-21T06:21:24.451Z,1939372.7045967053,0597-09-20T04:54:37.155Z,"[{""jd_ut"":1938307.7648663279,""utc"":""0594-10-21T06:21:24.451Z"",""motion"":""direct""},{""jd_ut"":1938413.8019636665,""utc"":""0595-02-04T07:14:49.661Z"",""motion"":""retrograde""},{""jd_ut"":1938573.0279714316,""utc"":""0595-07-13T12:40:16.732Z"",""motion"":""direct""}]",3
F139.07,F139,139,7,Libra,180,1939372.7045967053,0597-09-20T04:54:37.155Z,1940184.9284336516,0599-12-11T10:16:56.667Z,"[{""jd_ut"":1939372.7045967053,""utc"":""0597-09-20T04:54:37.155Z"",""motion"":""direct""}]",1
F139.08,F139,139,8,Scorpio,210,1940184.9284336516,0599-12-11T10:16:56.667Z,1941276.9282249962,0602-12-08T10:16:38.640Z,"[{""jd_ut"":1940184.9284336516,""utc"":""0599-12-11T10:16:56.667Z"",""motion"":""direct""},{""jd_ut"":1940310.3933936493,""utc"":""0600-04-15T21:26:29.211Z"",""motion"":""retrograde""},{""jd_ut"":1940457.2493128115,""utc"":""0600-09-09T17:59:00.627Z"",""motion"":""direct""}]",3
F139.09,F139,139,9,Sagittarius,240,1941276.9282249962,0602-12-08T10:16:38.640Z,1942375.3048957204,0605-12-10T19:19:02.990Z,"[{""jd_ut"":1941276.9282249962,""utc"":""0602-12-08T10:16:38.640Z"",""motion"":""direct""}]",1
F139.10,F139,139,10,Capricorn,270,1942375.3048957204,0605-12-10T19:19:02.990Z,1943191.3109365255,0608-03-05T19:27:44.916Z,"[{""jd_ut"":1942375.3048957204,""utc"":""0605-12-10T19:19:02.990Z"",""motion"":""direct""}]",1
F139.11,F139,139,11,Aquarius,300,1943191.3109365255,0608-03-05T19:27:44.916Z,1944268.0909134806,0611-02-15T14:10:54.925Z,"[{""jd_ut"":1943191.3109365255,""utc"":""0608-03-05T19:27:44.916Z"",""motion"":""direct""},{""jd_ut"":1943335.7369399662,""utc"":""0608-07-28T05:41:11.613Z"",""motion"":""retrograde""},{""jd_ut"":1943462.5358224143,""utc"":""0608-12-02T00:51:35.057Z"",""motion"":""direct""}]",3
F139.12,F139,139,12,Pisces,330,1944268.0909134806,0611-02-15T14:10:54.925Z,1945058.129857685,0613-04-15T15:06:59.704Z,"[{""jd_ut"":1944268.0909134806,""utc"":""0611-02-15T14:10:54.925Z"",""motion"":""direct""}]",1
F140.01,F140,140,1,Aries,0,1945058.129857685,0613-04-15T15:06:59.704Z,1945839.4972095755,0615-06-05T23:55:58.907Z,"[{""jd_ut"":1945058.129857685,""utc"":""0613-04-15T15:06:59.704Z"",""motion"":""direct""},{""jd_ut"":1945275.6265222426,""utc"":""0613-11-19T03:02:11.522Z"",""motion"":""retrograde""},{""jd_ut"":1945302.9799600649,""utc"":""0613-12-16T11:31:08.550Z"",""motion"":""direct""}]",3
F140.02,F140,140,2,Taurus,30,1945839.4972095755,0615-06-05T23:55:58.907Z,1946614.8573288014,0617-07-20T08:34:33.208Z,"[{""jd_ut"":1945839.4972095755,""utc"":""0615-06-05T23:55:58.907Z"",""motion"":""direct""},{""jd_ut"":1945990.4453024664,""utc"":""0615-11-03T22:41:14.133Z"",""motion"":""retrograde""},{""jd_ut"":1946101.249412071,""utc"":""0616-02-22T17:59:09.203Z"",""motion"":""direct""}]",3
F140.03,F140,140,3,Gemini,60,1946614.8573288014,0617-07-20T08:34:33.208Z,1947390.8510805517,0619-09-04T08:25:33.360Z,"[{""jd_ut"":1946614.8573288014,""utc"":""0617-07-20T08:34:33.208Z"",""motion"":""direct""},{""jd_ut"":1946730.7517135837,""utc"":""0617-11-13T06:02:28.054Z"",""motion"":""retrograde""},{""jd_ut"":1946875.4965284485,""utc"":""0618-04-06T23:55:00.058Z"",""motion"":""direct""}]",3
F140.04,F140,140,4,Cancer,90,1947390.8510805517,0619-09-04T08:25:33.360Z,1948424.2631906173,0622-07-03T18:18:59.669Z,"[{""jd_ut"":1947390.8510805517,""utc"":""0619-09-04T08:25:33.360Z"",""motion"":""direct""},{""jd_ut"":1947471.8409771617,""utc"":""0619-11-24T08:11:00.427Z"",""motion"":""retrograde""},{""jd_ut"":1947647.57252958,""utc"":""0620-05-18T01:44:26.556Z"",""motion"":""direct""}]",3
F140.05,F140,140,5,Leo,120,1948424.2631906173,0622-07-03T18:18:59.669Z,1949209.1926707132,0624-08-26T16:37:26.750Z,"[{""jd_ut"":1948424.2631906173,""utc"":""0622-07-03T18:18:59.669Z"",""motion"":""direct""}]",1
F140.06,F140,140,6,Virgo,150,1949209.1926707132,0624-08-26T16:37:26.750Z,1950007.1846737177,0626-11-02T16:25:55.809Z,"[{""jd_ut"":1949209.1926707132,""utc"":""0624-08-26T16:37:26.750Z"",""motion"":""direct""}]",1
F140.07,F140,140,7,Libra,180,1950007.1846737177,0626-11-02T16:25:55.809Z,1951090.833183912,0629-10-21T07:59:47.090Z,"[{""jd_ut"":1950007.1846737177,""utc"":""0626-11-02T16:25:55.809Z"",""motion"":""direct""},{""jd_ut"":1950157.013960911,""utc"":""0627-04-01T12:20:06.223Z"",""motion"":""retrograde""},{""jd_ut"":1950275.906668054,""utc"":""0627-07-29T09:45:36.120Z"",""motion"":""direct""}]",3
F140.08,F140,140,8,Scorpio,210,1951090.833183912,0629-10-21T07:59:47.090Z,1951915.139024566,0632-01-23T15:20:11.722Z,"[{""jd_ut"":1951090.833183912,""utc"":""0629-10-21T07:59:47.090Z"",""motion"":""direct""}]",1
F140.09,F140,140,9,Sagittarius,240,1951915.139024566,0632-01-23T15:20:11.722Z,1953005.3180813906,0635-01-17T19:38:02.232Z,"[{""jd_ut"":1951915.139024566,""utc"":""0632-01-23T15:20:11.722Z"",""motion"":""direct""},{""jd_ut"":1952011.9649280948,""utc"":""0632-04-29T11:09:29.787Z"",""motion"":""retrograde""},{""jd_ut"":1952185.8422033535,""utc"":""0632-10-20T08:12:46.370Z"",""motion"":""direct""}]",3
F140.10,F140,140,10,Capricorn,270,1953005.3180813906,0635-01-17T19:38:02.232Z,1954096.8978176238,0638-01-13T09:32:51.443Z,"[{""jd_ut"":1953005.3180813906,""utc"":""0635-01-17T19:38:02.232Z"",""motion"":""direct""},{""jd_ut"":1953196.2752037137,""utc"":""0635-07-27T18:36:17.601Z"",""motion"":""retrograde""},{""jd_ut"":1953271.7364049493,""utc"":""0635-10-11T05:40:25.388Z"",""motion"":""direct""}]",3
F140.11,F140,140,11,Aquarius,300,1954096.8978176238,0638-01-13T09:32:51.443Z,1954900.9009212148,0640-03-27T09:37:19.593Z,"[{""jd_ut"":1954096.8978176238,""utc"":""0638-01-13T09:32:51.443Z"",""motion"":""direct""}]",1
F140.12,F140,140,12,Pisces,330,1954900.9009212148,0640-03-27T09:37:19.593Z,1955708.5746997292,0642-06-13T01:47:34.057Z,"[{""jd_ut"":1954900.9009212148,""utc"":""0640-03-27T09:37:19.593Z"",""motion"":""direct""},{""jd_ut"":1955070.872699365,""utc"":""0640-09-13T08:56:41.225Z"",""motion"":""retrograde""},{""jd_ut"":1955166.9876527097,""utc"":""0640-12-18T11:42:13.194Z"",""motion"":""direct""}]",3
F141.01,F141,141,1,Aries,0,1955708.5746997292,0642-06-13T01:47:34.057Z,1956740.9626871804,0645-04-10T11:06:16.172Z,"[{""jd_ut"":1955708.5746997292,""utc"":""0642-06-13T01:47:34.057Z"",""motion"":""direct""},{""jd_ut"":1955770.216911937,""utc"":""0642-08-13T17:12:21.191Z"",""motion"":""retrograde""},{""jd_ut"":1955962.8714257628,""utc"":""0643-02-22T08:54:51.186Z"",""motion"":""direct""}]",3
F141.02,F141,141,2,Taurus,30,1956740.9626871804,0645-04-10T11:06:16.172Z,1957511.8712441358,0647-05-21T08:54:35.493Z,"[{""jd_ut"":1956740.9626871804,""utc"":""0645-04-10T11:06:16.172Z"",""motion"":""direct""}]",1
F141.03,F141,141,3,Gemini,60,1957511.8712441358,0647-05-21T08:54:35.493Z,1958281.8054980515,0649-06-29T07:19:55.032Z,"[{""jd_ut"":1957511.8712441358,""utc"":""0647-05-21T08:54:35.493Z"",""motion"":""direct""}]",1
F141.04,F141,141,4,Cancer,90,1958281.8054980515,0649-06-29T07:19:55.032Z,1959056.62574876,0651-08-13T03:01:04.693Z,"[{""jd_ut"":1958281.8054980515,""utc"":""0649-06-29T07:19:55.032Z"",""motion"":""direct""}]",1
F141.05,F141,141,5,Leo,120,1959056.62574876,0651-08-13T03:01:04.693Z,1959842.6025869972,0653-10-07T02:27:43.517Z,"[{""jd_ut"":1959056.62574876,""utc"":""0651-08-13T03:01:04.693Z"",""motion"":""direct""}]",1
F141.06,F141,141,6,Virgo,150,1959842.6025869972,0653-10-07T02:27:43.517Z,1960910.9309108886,0656-09-09T10:20:30.701Z,"[{""jd_ut"":1959842.6025869972,""utc"":""0653-10-07T02:27:43.517Z"",""motion"":""direct""},{""jd_ut"":1959983.7894577044,""utc"":""0654-02-25T06:56:49.146Z"",""motion"":""retrograde""},{""jd_ut"":1960108.5017441632,""utc"":""0654-06-30T00:02:30.696Z"",""motion"":""direct""}]",3
F141.07,F141,141,7,Libra,180,1960910.9309108886,0656-09-09T10:20:30.701Z,1961719.9453350184,0658-11-27T10:41:16.946Z,"[{""jd_ut"":1960910.9309108886,""utc"":""0656-09-09T10:20:30.701Z"",""motion"":""direct""}]",1
F141.08,F141,141,8,Scorpio,210,1961719.9453350184,0658-11-27T10:41:16.946Z,1962814.1923085274,0661-11-25T16:36:55.457Z,"[{""jd_ut"":1961719.9453350184,""utc"":""0658-11-27T10:41:16.946Z"",""motion"":""direct""},{""jd_ut"":1961882.3777036439,""utc"":""0659-05-08T21:03:53.595Z"",""motion"":""retrograde""},{""jd_ut"":1961990.314700596,""utc"":""0659-08-24T19:33:10.131Z"",""motion"":""direct""}]",3
F141.09,F141,141,9,Sagittarius,240,1962814.1923085274,0661-11-25T16:36:55.457Z,1963649.1181552038,0664-03-09T14:50:08.610Z,"[{""jd_ut"":1962814.1923085274,""utc"":""0661-11-25T16:36:55.457Z"",""motion"":""direct""}]",1
F141.10,F141,141,10,Capricorn,270,1963649.1181552038,0664-03-09T14:50:08.610Z,1964726.2912160312,0667-02-19T18:59:21.065Z,"[{""jd_ut"":1963649.1181552038,""utc"":""0664-03-09T14:50:08.610Z"",""motion"":""direct""},{""jd_ut"":1963711.7125038197,""utc"":""0664-05-11T05:06:00.330Z"",""motion"":""retrograde""},{""jd_ut"":1963912.0767310373,""utc"":""0664-11-27T13:50:29.562Z"",""motion"":""direct""}]",3
F141.11,F141,141,11,Aquarius,300,1964726.2912160312,0667-02-19T18:59:21.065Z,1965805.5460998514,0670-02-03T01:06:23.027Z,"[{""jd_ut"":1964726.2912160312,""utc"":""0667-02-19T18:59:21.065Z"",""motion"":""direct""},{""jd_ut"":1964910.360176377,""utc"":""0667-08-22T20:38:39.239Z"",""motion"":""retrograde""},{""jd_ut"":1964992.73890224,""utc"":""0667-11-13T05:44:01.154Z"",""motion"":""direct""}]",3
F141.12,F141,141,12,Pisces,330,1965805.5460998514,0670-02-03T01:06:23.027Z,1966595.6581593417,0672-04-03T03:47:44.967Z,"[{""jd_ut"":1965805.5460998514,""utc"":""0670-02-03T01:06:23.027Z"",""motion"":""direct""}]",1
F142.01,F142,142,1,Aries,0,1966595.6581593417,0672-04-03T03:47:44.967Z,1967375.9538004547,0674-05-23T10:53:28.359Z,"[{""jd_ut"":1966595.6581593417,""utc"":""0672-04-03T03:47:44.967Z"",""motion"":""direct""}]",1
F142.02,F142,142,2,Taurus,30,1967375.9538004547,0674-05-23T10:53:28.359Z,1968149.844821793,0676-07-05T08:16:32.603Z,"[{""jd_ut"":1967375.9538004547,""utc"":""0674-05-23T10:53:28.359Z"",""motion"":""direct""},{""jd_ut"":1967564.445664972,""utc"":""0674-11-27T22:41:45.454Z"",""motion"":""retrograde""},{""jd_ut"":1967630.7451431449,""utc"":""0675-02-02T05:53:00.368Z"",""motion"":""direct""}]",3
F142.03,F142,142,3,Gemini,60,1968149.844821793,0676-07-05T08:16:32.603Z,1968922.8578603212,0678-08-17T08:35:19.132Z,"[{""jd_ut"":1968149.844821793,""utc"":""0676-07-05T08:16:32.603Z"",""motion"":""direct""},{""jd_ut"":1968301.0833480144,""utc"":""0676-12-03T14:00:01.268Z"",""motion"":""retrograde""},{""jd_ut"":1968410.2190291677,""utc"":""0677-03-22T17:15:24.120Z"",""motion"":""direct""}]",3
F142.04,F142,142,4,Cancer,90,1968922.8578603212,0678-08-17T08:35:19.132Z,1969706.3458724464,0680-10-08T20:18:03.379Z,"[{""jd_ut"":1968922.8578603212,""utc"":""0678-08-17T08:35:19.132Z"",""motion"":""direct""},{""jd_ut"":1969043.26210943,""utc"":""0678-12-15T18:17:26.255Z"",""motion"":""retrograde""},{""jd_ut"":1969184.2416788028,""utc"":""0679-05-05T17:48:01.049Z"",""motion"":""direct""}]",3
F142.05,F142,142,5,Leo,120,1969706.3458724464,0680-10-08T20:18:03.379Z,1970747.7994562034,0683-08-16T07:11:13.016Z,"[{""jd_ut"":1969706.3458724464,""utc"":""0680-10-08T20:18:03.379Z"",""motion"":""direct""},{""jd_ut"":1969774.1690248707,""utc"":""0680-12-15T16:03:23.749Z"",""motion"":""retrograde""},{""jd_ut"":1969962.2659216616,""utc"":""0681-06-21T18:22:55.632Z"",""motion"":""direct""}]",3
F142.06,F142,142,6,Virgo,150,1970747.7994562034,0683-08-16T07:11:13.016Z,1971543.9269754072,0685-10-20T10:14:50.675Z,"[{""jd_ut"":1970747.7994562034,""utc"":""0683-08-16T07:11:13.016Z"",""motion"":""direct""}]",1
F142.07,F142,142,7,Libra,180,1971543.9269754072,0685-10-20T10:14:50.675Z,1972628.5436357893,0688-10-09T01:02:50.132Z,"[{""jd_ut"":1971543.9269754072,""utc"":""0685-10-20T10:14:50.675Z"",""motion"":""direct""},{""jd_ut"":1971730.6966337073,""utc"":""0686-04-25T04:43:09.152Z"",""motion"":""retrograde""},{""jd_ut"":1971805.557691284,""utc"":""0686-07-09T01:23:04.527Z"",""motion"":""direct""}]",3
F142.08,F142,142,8,Scorpio,210,1972628.5436357893,0688-10-09T01:02:50.132Z,1973447.19452358,0691-01-05T16:40:06.837Z,"[{""jd_ut"":1972628.5436357893,""utc"":""0688-10-09T01:02:50.132Z"",""motion"":""direct""}]",1
F142.09,F142,142,9,Sagittarius,240,1973447.19452358,0691-01-05T16:40:06.837Z,1974541.9839892574,0694-01-04T11:36:56.672Z,"[{""jd_ut"":1973447.19452358,""utc"":""0691-01-05T16:40:06.837Z"",""motion"":""direct""},{""jd_ut"":1973585.0739179007,""utc"":""0691-05-23T13:46:26.507Z"",""motion"":""retrograde""},{""jd_ut"":1973720.6748117744,""utc"":""0691-10-06T04:11:43.737Z"",""motion"":""direct""}]",3
F142.10,F142,142,10,Capricorn,270,1974541.9839892574,0694-01-04T11:36:56.672Z,1975386.0768365012,0696-04-27T13:50:38.674Z,"[{""jd_ut"":1974541.9839892574,""utc"":""0694-01-04T11:36:56.672Z"",""motion"":""direct""}]",1
F142.11,F142,142,11,Aquarius,300,1975386.0768365012,0696-04-27T13:50:38.674Z,1976437.0840270175,0699-03-14T14:00:59.934Z,"[{""jd_ut"":1975386.0768365012,""utc"":""0696-04-27T13:50:38.674Z"",""motion"":""direct""},{""jd_ut"":1975411.0173383541,""utc"":""0696-05-22T12:24:58.034Z"",""motion"":""retrograde""},{""jd_ut"":1975633.98378098,""utc"":""0696-12-31T11:36:38.677Z"",""motion"":""direct""}]",3
F142.12,F142,142,12,Pisces,330,1976437.0840270175,0699-03-14T14:00:59.934Z,1977235.2972969697,0701-05-21T19:08:06.458Z,"[{""jd_ut"":1976437.0840270175,""utc"":""0699-03-14T14:00:59.934Z"",""motion"":""direct""},{""jd_ut"":1976653.6999289282,""utc"":""0699-10-17T04:47:53.859Z"",""motion"":""retrograde""},{""jd_ut"":1976687.7033988023,""utc"":""0699-11-20T04:52:53.657Z"",""motion"":""direct""}]",3
F143.01,F143,143,1,Aries,0,1977235.2972969697,0701-05-21T19:08:06.458Z,1978279.0579346055,0704-03-30T13:23:25.550Z,"[{""jd_ut"":1977235.2972969697,""utc"":""0701-05-21T19:08:06.458Z"",""motion"":""direct""},{""jd_ut"":1977346.7904880624,""utc"":""0701-09-10T06:58:18.169Z"",""motion"":""retrograde""},{""jd_ut"":1977499.2714157915,""utc"":""0702-02-09T18:30:50.324Z"",""motion"":""direct""}]",3
F143.02,F143,143,2,Taurus,30,1978279.0579346055,0704-03-30T13:23:25.550Z,1979050.5611699424,0706-05-11T01:28:05.083Z,"[{""jd_ut"":1978279.0579346055,""utc"":""0704-03-30T13:23:25.550Z"",""motion"":""direct""}]",1
F143.03,F143,143,3,Gemini,60,1979050.5611699424,0706-05-11T01:28:05.083Z,1979820.6885015639,0708-06-19T04:31:26.535Z,"[{""jd_ut"":1979050.5611699424,""utc"":""0706-05-11T01:28:05.083Z"",""motion"":""direct""}]",1
F143.04,F143,143,4,Cancer,90,1979820.6885015639,0708-06-19T04:31:26.535Z,1980595.3162112674,0710-08-02T19:35:20.654Z,"[{""jd_ut"":1979820.6885015639,""utc"":""0708-06-19T04:31:26.535Z"",""motion"":""direct""}]",1
F143.05,F143,143,5,Leo,120,1980595.3162112674,0710-08-02T19:35:20.654Z,1981379.5479226178,0712-09-25T01:09:00.514Z,"[{""jd_ut"":1980595.3162112674,""utc"":""0710-08-02T19:35:20.654Z"",""motion"":""direct""}]",1
F143.06,F143,143,6,Virgo,150,1981379.5479226178,0712-09-25T01:09:00.514Z,1982192.6430697427,0714-12-17T03:26:01.226Z,"[{""jd_ut"":1981379.5479226178,""utc"":""0712-09-25T01:09:00.514Z"",""motion"":""direct""},{""jd_ut"":1981555.2120364197,""utc"":""0713-03-19T17:05:19.947Z"",""motion"":""retrograde""},{""jd_ut"":1981640.4016428217,""utc"":""0713-06-12T21:38:21.940Z"",""motion"":""direct""}]",3
F143.07,F143,143,7,Libra,180,1982192.6430697427,0714-12-17T03:26:01.226Z,1983256.6392371422,0717-11-15T03:20:30.089Z,"[{""jd_ut"":1982192.6430697427,""utc"":""0714-12-17T03:26:01.226Z"",""motion"":""direct""},{""jd_ut"":1982240.8377967235,""utc"":""0715-02-03T08:06:25.637Z"",""motion"":""retrograde""},{""jd_ut"":1982448.8341431306,""utc"":""0715-08-30T08:01:09.966Z"",""motion"":""direct""}]",3
F143.08,F143,143,8,Scorpio,210,1983256.6392371422,0717-11-15T03:20:30.089Z,1984351.4473856478,0720-11-13T22:44:14.120Z,"[{""jd_ut"":1983256.6392371422,""utc"":""0717-11-15T03:20:30.089Z"",""motion"":""direct""},{""jd_ut"":1983460.097977696,""utc"":""0718-06-06T14:21:05.273Z"",""motion"":""retrograde""},{""jd_ut"":1983515.8536092243,""utc"":""0718-08-01T08:29:11.837Z"",""motion"":""direct""}]",3
F143.09,F143,143,9,Sagittarius,240,1984351.4473856478,0720-11-13T22:44:14.120Z,1985175.1495863777,0723-02-15T15:35:24.263Z,"[{""jd_ut"":1984351.4473856478,""utc"":""0720-11-13T22:44:14.120Z"",""motion"":""direct""}]",1
F143.10,F143,143,10,Capricorn,270,1985175.1495863777,0723-02-15T15:35:24.263Z,1986262.287496672,0726-02-06T18:53:59.712Z,"[{""jd_ut"":1985175.1495863777,""utc"":""0723-02-15T15:35:24.263Z"",""motion"":""direct""},{""jd_ut"":1985289.8614929286,""utc"":""0723-06-10T08:40:32.989Z"",""motion"":""retrograde""},{""jd_ut"":1985447.5138304322,""utc"":""0723-11-15T00:19:54.949Z"",""motion"":""direct""}]",3
F143.11,F143,143,11,Aquarius,300,1986262.287496672,0726-02-06T18:53:59.712Z,1987080.2521586157,0728-05-04T18:03:06.504Z,"[{""jd_ut"":1986262.287496672,""utc"":""0726-02-06T18:53:59.712Z"",""motion"":""direct""}]",1
F143.12,F143,143,12,Pisces,330,1987080.2521586157,0728-05-04T18:03:06.504Z,1988133.0535919326,0731-03-23T13:17:10.343Z,"[{""jd_ut"":1987080.2521586157,""utc"":""0728-05-04T18:03:06.504Z"",""motion"":""direct""},{""jd_ut"":1987158.3023574841,""utc"":""0728-07-21T19:15:23.687Z"",""motion"":""retrograde""},{""jd_ut"":1987341.9302489194,""utc"":""0729-01-21T10:19:33.507Z"",""motion"":""direct""}]",3
F144.01,F144,144,1,Aries,0,1988133.0535919326,0731-03-23T13:17:10.343Z,1988912.9602810317,0733-05-11T11:02:48.281Z,"[{""jd_ut"":1988133.0535919326,""utc"":""0731-03-23T13:17:10.343Z"",""motion"":""direct""}]",1
F144.02,F144,144,2,Taurus,30,1988912.9602810317,0733-05-11T11:02:48.281Z,1989686.1853519105,0735-06-23T16:26:54.405Z,"[{""jd_ut"":1988912.9602810317,""utc"":""0733-05-11T11:02:48.281Z"",""motion"":""direct""}]",1
F144.03,F144,144,3,Gemini,60,1989686.1853519105,0735-06-23T16:26:54.405Z,1990457.951810747,0737-08-03T10:50:36.449Z,"[{""jd_ut"":1989686.1853519105,""utc"":""0735-06-23T16:26:54.405Z"",""motion"":""direct""},{""jd_ut"":1989876.0966490838,""utc"":""0735-12-30T14:19:10.481Z"",""motion"":""retrograde""},{""jd_ut"":1989938.4934408516,""utc"":""0736-03-01T23:50:33.290Z"",""motion"":""direct""}]",3
F144.04,F144,144,4,Cancer,90,1990457.951810747,0737-08-03T10:50:36.449Z,1991236.060055642,0739-09-20T13:26:28.807Z,"[{""jd_ut"":1990457.951810747,""utc"":""0737-08-03T10:50:36.449Z"",""motion"":""direct""},{""jd_ut"":1990614.2311138245,""utc"":""0738-01-06T17:32:48.234Z"",""motion"":""retrograde""},{""jd_ut"":1990717.9226640537,""utc"":""0738-04-20T10:08:38.174Z"",""motion"":""direct""}]",3
F144.05,F144,144,5,Leo,120,1991236.060055642,0739-09-20T13:26:28.807Z,1992285.8566173865,0742-08-05T08:33:31.742Z,"[{""jd_ut"":1991236.060055642,""utc"":""0739-09-20T13:26:28.807Z"",""motion"":""direct""},{""jd_ut"":1991347.7660874296,""utc"":""0740-01-10T06:23:09.954Z"",""motion"":""retrograde""},{""jd_ut"":1991498.7807229152,""utc"":""0740-06-09T06:44:14.460Z"",""motion"":""direct""}]",3
F144.06,F144,144,6,Virgo,150,1992285.8566173865,0742-08-05T08:33:31.742Z,1993081.3467954807,0744-10-08T20:19:23.130Z,"[{""jd_ut"":1992285.8566173865,""utc"":""0742-08-05T08:33:31.742Z"",""motion"":""direct""}]",1
F144.07,F144,144,7,Libra,180,1993081.3467954807,0744-10-08T20:19:23.130Z,1993902.5341735212,0747-01-08T00:49:12.592Z,"[{""jd_ut"":1993081.3467954807,""utc"":""0744-10-08T20:19:23.130Z"",""motion"":""direct""}]",1
F144.08,F144,144,8,Scorpio,210,1993902.5341735212,0747-01-08T00:49:12.592Z,1994982.0751321935,0749-12-22T13:48:11.422Z,"[{""jd_ut"":1993902.5341735212,""utc"":""0747-01-08T00:49:12.592Z"",""motion"":""direct""},{""jd_ut"":1993966.8990072962,""utc"":""0747-03-13T09:34:34.230Z"",""motion"":""retrograde""},{""jd_ut"":1994165.5322071249,""utc"":""0747-09-28T00:46:22.696Z"",""motion"":""direct""}]",3
F144.09,F144,144,9,Sagittarius,240,1994982.0751321935,0749-12-22T13:48:11.422Z,1996078.841304842,0752-12-23T08:11:28.738Z,"[{""jd_ut"":1994982.0751321935,""utc"":""0749-12-22T13:48:11.422Z"",""motion"":""direct""},{""jd_ut"":1995159.1670620115,""utc"":""0750-06-17T16:00:34.158Z"",""motion"":""retrograde""},{""jd_ut"":1995251.4926459272,""utc"":""0750-09-17T23:49:24.608Z"",""motion"":""direct""}]",3
F144.10,F144,144,10,Capricorn,270,1996078.841304842,0752-12-23T08:11:28.738Z,1996901.4254734637,0755-03-25T22:12:40.907Z,"[{""jd_ut"":1996078.841304842,""utc"":""0752-12-23T08:11:28.738Z"",""motion"":""direct""}]",1
F144.11,F144,144,11,Aquarius,300,1996901.4254734637,0755-03-25T22:12:40.907Z,1997973.638150325,0758-03-02T03:18:56.188Z,"[{""jd_ut"":1996901.4254734637,""utc"":""0755-03-25T22:12:40.907Z"",""motion"":""direct""},{""jd_ut"":1996999.2101555238,""utc"":""0755-07-01T17:02:37.437Z"",""motion"":""retrograde""},{""jd_ut"":1997169.831308247,""utc"":""0755-12-19T07:57:05.033Z"",""motion"":""direct""}]",3
F144.12,F144,144,12,Pisces,330,1997973.638150325,0758-03-02T03:18:56.188Z,1998767.8972397856,0760-05-04T09:32:01.517Z,"[{""jd_ut"":1997973.638150325,""utc"":""0758-03-02T03:18:56.188Z"",""motion"":""direct""}]",1
F145.01,F145,145,1,Aries,0,1998767.8972397856,0760-05-04T09:32:01.517Z,1999558.0416135113,0762-07-03T12:59:55.407Z,"[{""jd_ut"":1998767.8972397856,""utc"":""0760-05-04T09:32:01.517Z"",""motion"":""direct""},{""jd_ut"":1998920.0106781605,""utc"":""0760-10-03T12:15:22.593Z"",""motion"":""retrograde""},{""jd_ut"":1999032.8064039326,""utc"":""0761-01-24T07:21:13.300Z"",""motion"":""direct""}]",3
F145.02,F145,145,2,Taurus,30,1999558.0416135113,0762-07-03T12:59:55.407Z,2000588.2759948317,0765-04-28T18:37:25.953Z,"[{""jd_ut"":1999558.0416135113,""utc"":""0762-07-03T12:59:55.407Z"",""motion"":""direct""},{""jd_ut"":1999642.8381659533,""utc"":""0762-09-26T08:06:57.538Z"",""motion"":""retrograde""},{""jd_ut"":1999815.7965425183,""utc"":""0763-03-18T07:07:01.274Z"",""motion"":""direct""}]",3
F145.03,F145,145,3,Gemini,60,2000588.2759948317,0765-04-28T18:37:25.953Z,2001358.8420447418,0767-06-08T08:12:32.666Z,"[{""jd_ut"":2000588.2759948317,""utc"":""0765-04-28T18:37:25.953Z"",""motion"":""direct""}]",1
F145.04,F145,145,4,Cancer,90,2001358.8420447418,0767-06-08T08:12:32.666Z,2002133.5650091548,0769-07-22T01:33:36.791Z,"[{""jd_ut"":2001358.8420447418,""utc"":""0767-06-08T08:12:32.666Z"",""motion"":""direct""}]",1
F145.05,F145,145,5,Leo,120,2002133.5650091548,0769-07-22T01:33:36.791Z,2002916.9308926133,0771-09-13T10:20:29.122Z,"[{""jd_ut"":2002133.5650091548,""utc"":""0769-07-22T01:33:36.791Z"",""motion"":""direct""}]",1
F145.06,F145,145,6,Virgo,150,2002916.9308926133,0771-09-13T10:20:29.122Z,2003717.9779391065,0773-11-22T11:28:13.939Z,"[{""jd_ut"":2002916.9308926133,""utc"":""0771-09-13T10:20:29.122Z"",""motion"":""direct""}]",1
F145.07,F145,145,7,Libra,180,2003717.9779391065,0773-11-22T11:28:13.939Z,2004793.749296594,0776-11-02T05:58:59.226Z,"[{""jd_ut"":2003717.9779391065,""utc"":""0773-11-22T11:28:13.939Z"",""motion"":""direct""},{""jd_ut"":2003818.883947129,""utc"":""0774-03-03T09:12:53.032Z"",""motion"":""retrograde""},{""jd_ut"":2003985.3404659652,""utc"":""0774-08-16T20:10:16.259Z"",""motion"":""direct""}]",3
F145.08,F145,145,8,Scorpio,210,2004793.749296594,0776-11-02T05:58:59.226Z,2005630.1434094943,0779-02-16T15:26:30.580Z,"[{""jd_ut"":2004793.749296594,""utc"":""0776-11-02T05:58:59.226Z"",""motion"":""direct""}]",1
F145.09,F145,145,9,Sagittarius,240,2005630.1434094943,0779-02-16T15:26:30.580Z,2006707.5578955328,0782-01-29T01:23:22.174Z,"[{""jd_ut"":2005630.1434094943,""utc"":""0779-02-16T15:26:30.580Z"",""motion"":""direct""},{""jd_ut"":2005673.7973209685,""utc"":""0779-04-01T07:08:08.532Z"",""motion"":""retrograde""},{""jd_ut"":2005888.0413460098,""utc"":""0779-11-01T12:59:32.295Z"",""motion"":""direct""}]",3
F145.10,F145,145,10,Capricorn,270,2006707.5578955328,0782-01-29T01:23:22.174Z,2007798.4464247567,0785-01-23T22:42:51.099Z,"[{""jd_ut"":2006707.5578955328,""utc"":""0782-01-29T01:23:22.174Z"",""motion"":""direct""},{""jd_ut"":2006864.3109528702,""utc"":""0782-07-04T19:27:46.328Z"",""motion"":""retrograde""},{""jd_ut"":2006980.096338186,""utc"":""0782-10-28T14:18:43.619Z"",""motion"":""direct""}]",3
F145.11,F145,145,11,Aquarius,300,2007798.4464247567,0785-01-23T22:42:51.099Z,2008607.5257880394,0787-04-13T00:37:08.087Z,"[{""jd_ut"":2007798.4464247567,""utc"":""0785-01-23T22:42:51.099Z"",""motion"":""direct""}]",1
F145.12,F145,145,12,Pisces,330,2008607.5257880394,0787-04-13T00:37:08.087Z,2009669.480198586,0790-03-09T23:31:29.158Z,"[{""jd_ut"":2008607.5257880394,""utc"":""0787-04-13T00:37:08.087Z"",""motion"":""direct""},{""jd_ut"":2008735.8311410928,""utc"":""0787-08-19T07:56:50.590Z"",""motion"":""retrograde""},{""jd_ut"":2008876.0142234298,""utc"":""0788-01-06T12:20:28.904Z"",""motion"":""direct""}]",3
F146.01,F146,146,1,Aries,0,2009669.480198586,0790-03-09T23:31:29.158Z,2010449.4407575447,0792-04-27T22:34:41.452Z,"[{""jd_ut"":2009669.480198586,""utc"":""0790-03-09T23:31:29.158Z"",""motion"":""direct""}]",1
F146.02,F146,146,2,Taurus,30,2010449.4407575447,0792-04-27T22:34:41.452Z,2011222.3853159538,0794-06-09T21:14:51.298Z,"[{""jd_ut"":2010449.4407575447,""utc"":""0792-04-27T22:34:41.452Z"",""motion"":""direct""}]",1
F146.03,F146,146,3,Gemini,60,2011222.3853159538,0794-06-09T21:14:51.298Z,2011993.6110713314,0796-07-20T02:39:56.563Z,"[{""jd_ut"":2011222.3853159538,""utc"":""0794-06-09T21:14:51.298Z"",""motion"":""direct""}]",1
F146.04,F146,146,4,Cancer,90,2011993.6110713314,0796-07-20T02:39:56.563Z,2012769.6037584827,0798-09-04T02:29:24.733Z,"[{""jd_ut"":2011993.6110713314,""utc"":""0796-07-20T02:39:56.563Z"",""motion"":""direct""},{""jd_ut"":2012194.1522755683,""utc"":""0797-02-05T15:39:16.609Z"",""motion"":""retrograde""},{""jd_ut"":2012241.1988512604,""utc"":""0797-03-24T16:46:20.749Z"",""motion"":""direct""}]",3
F146.05,F146,146,5,Leo,120,2012769.6037584827,0798-09-04T02:29:24.733Z,2013563.0083554327,0800-11-05T12:12:01.909Z,"[{""jd_ut"":2012769.6037584827,""utc"":""0798-09-04T02:29:24.733Z"",""motion"":""direct""},{""jd_ut"":2012920.30164763,""utc"":""0799-02-01T19:14:22.355Z"",""motion"":""retrograde""},{""jd_ut"":2013031.8672622163,""utc"":""0799-05-24T08:48:51.455Z"",""motion"":""direct""}]",3
F146.06,F146,146,6,Virgo,150,2013563.0083554327,0800-11-05T12:12:01.909Z,2014618.7262409749,0803-09-27T05:25:47.220Z,"[{""jd_ut"":2013563.0083554327,""utc"":""0800-11-05T12:12:01.909Z"",""motion"":""direct""},{""jd_ut"":2013634.9528582608,""utc"":""0801-01-16T10:52:06.954Z"",""motion"":""retrograde""},{""jd_ut"":2013822.566419506,""utc"":""0801-07-23T01:35:38.645Z"",""motion"":""direct""}]",3
F146.07,F146,146,7,Libra,180,2014618.7262409749,0803-09-27T05:25:47.220Z,2015429.9013828537,0805-12-16T09:37:59.479Z,"[{""jd_ut"":2014618.7262409749,""utc"":""0803-09-27T05:25:47.220Z"",""motion"":""direct""}]",1
F146.08,F146,146,8,Scorpio,210,2015429.9013828537,0805-12-16T09:37:59.479Z,2016517.957461656,0808-12-08T10:58:44.687Z,"[{""jd_ut"":2015429.9013828537,""utc"":""0805-12-16T09:37:59.479Z"",""motion"":""direct""},{""jd_ut"":2015543.7061340157,""utc"":""0806-04-09T04:56:49.979Z"",""motion"":""retrograde""},{""jd_ut"":2015700.9743405865,""utc"":""0806-09-13T11:23:03.027Z"",""motion"":""direct""}]",3
F146.09,F146,146,9,Sagittarius,240,2016517.957461656,0808-12-08T10:58:44.687Z,2017615.1583403088,0811-12-10T15:48:00.603Z,"[{""jd_ut"":2016517.957461656,""utc"":""0808-12-08T10:58:44.687Z"",""motion"":""direct""}]",1
F146.10,F146,146,10,Capricorn,270,2017615.1583403088,0811-12-10T15:48:00.603Z,2018431.3831233955,0814-03-05T21:11:41.861Z,"[{""jd_ut"":2017615.1583403088,""utc"":""0811-12-10T15:48:00.603Z"",""motion"":""direct""}]",1
F146.11,F146,146,11,Aquarius,300,2018431.3831233955,0814-03-05T21:11:41.861Z,2019509.7160939593,0817-02-16T05:11:10.518Z,"[{""jd_ut"":2018431.3831233955,""utc"":""0814-03-05T21:11:41.861Z"",""motion"":""direct""},{""jd_ut"":2018575.1907552439,""utc"":""0814-07-27T16:34:41.253Z"",""motion"":""retrograde""},{""jd_ut"":2018702.9228757024,""utc"":""0814-12-02T10:08:56.461Z"",""motion"":""direct""}]",3
F146.12,F146,146,12,Pisces,330,2019509.7160939593,0817-02-16T05:11:10.518Z,2020302.0375634837,0819-04-19T12:54:05.485Z,"[{""jd_ut"":2019509.7160939593,""utc"":""0817-02-16T05:11:10.518Z"",""motion"":""direct""}]",1
F147.01,F147,147,1,Aries,0,2020302.0375634837,0819-04-19T12:54:05.485Z,2021086.9312939746,0821-06-12T10:21:03.799Z,"[{""jd_ut"":2020302.0375634837,""utc"":""0819-04-19T12:54:05.485Z"",""motion"":""direct""},{""jd_ut"":2020499.561060396,""utc"":""0819-11-03T01:27:55.618Z"",""motion"":""retrograde""},{""jd_ut"":2020557.7784180185,""utc"":""0819-12-31T06:40:55.317Z"",""motion"":""direct""}]",3
F147.02,F147,147,2,Taurus,30,2021086.9312939746,0821-06-12T10:21:03.799Z,2021866.6650733114,0823-08-01T03:57:42.334Z,"[{""jd_ut"":2021086.9312939746,""utc"":""0821-06-12T10:21:03.799Z"",""motion"":""direct""},{""jd_ut"":2021218.6112501714,""utc"":""0821-10-22T02:40:12.015Z"",""motion"":""retrograde""},{""jd_ut"":2021349.7854851345,""utc"":""0822-03-02T06:51:05.916Z"",""motion"":""direct""}]",3
F147.03,F147,147,3,Gemini,60,2021866.6650733114,0823-08-01T03:57:42.334Z,2022650.85200316,0825-09-23T08:26:53.073Z,"[{""jd_ut"":2021866.6650733114,""utc"":""0823-08-01T03:57:42.334Z"",""motion"":""direct""},{""jd_ut"":2021955.4856301076,""utc"":""0823-10-28T23:39:18.441Z"",""motion"":""retrograde""},{""jd_ut"":2022124.162796597,""utc"":""0824-04-14T15:54:25.626Z"",""motion"":""direct""}]",3
F147.04,F147,147,4,Cancer,90,2022650.85200316,0825-09-23T08:26:53.073Z,2023670.901378462,0828-07-09T09:37:59.099Z,"[{""jd_ut"":2022650.85200316,""utc"":""0825-09-23T08:26:53.073Z"",""motion"":""direct""},{""jd_ut"":2022689.225310231,""utc"":""0825-10-31T17:24:26.804Z"",""motion"":""retrograde""},{""jd_ut"":2022895.6480160481,""utc"":""0826-05-26T03:33:08.587Z"",""motion"":""direct""}]",3
F147.05,F147,147,5,Leo,120,2023670.901378462,0828-07-09T09:37:59.099Z,2024454.1079169656,0830-08-31T14:35:24.026Z,"[{""jd_ut"":2023670.901378462,""utc"":""0828-07-09T09:37:59.099Z"",""motion"":""direct""}]",1
F147.06,F147,147,6,Virgo,150,2024454.1079169656,0830-08-31T14:35:24.026Z,2025250.4497882864,0832-11-04T22:47:41.708Z,"[{""jd_ut"":2024454.1079169656,""utc"":""0830-08-31T14:35:24.026Z"",""motion"":""direct""}]",1
F147.07,F147,147,7,Libra,180,2025250.4497882864,0832-11-04T22:47:41.708Z,2026330.5704007652,0835-10-21T01:41:22.626Z,"[{""jd_ut"":2025250.4497882864,""utc"":""0832-11-04T22:47:41.708Z"",""motion"":""direct""},{""jd_ut"":2025392.0369108412,""utc"":""0833-03-26T12:53:09.097Z"",""motion"":""retrograde""},{""jd_ut"":2025519.131597871,""utc"":""0833-07-31T15:09:30.056Z"",""motion"":""direct""}]",3
F147.08,F147,147,8,Scorpio,210,2026330.5704007652,0835-10-21T01:41:22.626Z,2027151.3837283496,0838-01-18T21:12:34.129Z,"[{""jd_ut"":2026330.5704007652,""utc"":""0835-10-21T01:41:22.626Z"",""motion"":""direct""}]",1
F147.09,F147,147,9,Sagittarius,240,2027151.3837283496,0838-01-18T21:12:34.129Z,2028241.8862523958,0841-01-13T09:16:12.207Z,"[{""jd_ut"":2027151.3837283496,""utc"":""0838-01-18T21:12:34.129Z"",""motion"":""direct""},{""jd_ut"":2027256.7184120775,""utc"":""0838-05-04T05:14:30.803Z"",""motion"":""retrograde""},{""jd_ut"":2027423.0619412335,""utc"":""0838-10-17T13:29:11.723Z"",""motion"":""direct""}]",3
F147.10,F147,147,10,Capricorn,270,2028241.8862523958,0841-01-13T09:16:12.207Z,2029334.1582427002,0844-01-10T15:47:52.169Z,"[{""jd_ut"":2028241.8862523958,""utc"":""0841-01-13T09:16:12.207Z"",""motion"":""direct""},{""jd_ut"":2028444.888934345,""utc"":""0841-08-04T09:20:03.927Z"",""motion"":""retrograde""},{""jd_ut"":2028504.1823379956,""utc"":""0841-10-02T16:22:34.003Z"",""motion"":""direct""}]",3
F147.11,F147,147,11,Aquarius,300,2029334.1582427002,0844-01-10T15:47:52.169Z,2030139.471013647,0846-03-25T23:18:15.579Z,"[{""jd_ut"":2029334.1582427002,""utc"":""0844-01-10T15:47:52.169Z"",""motion"":""direct""}]",1
F147.12,F147,147,12,Pisces,330,2030139.471013647,0846-03-25T23:18:15.579Z,2030952.2209687885,0848-06-15T17:18:11.703Z,"[{""jd_ut"":2030139.471013647,""utc"":""0846-03-25T23:18:15.579Z"",""motion"":""direct""},{""jd_ut"":2030313.04204715,""utc"":""0846-09-15T13:00:32.874Z"",""motion"":""retrograde""},{""jd_ut"":2030405.3195920875,""utc"":""0846-12-16T19:40:12.756Z"",""motion"":""direct""}]",3
F148.01,F148,148,1,Aries,0,2030952.2209687885,0848-06-15T17:18:11.703Z,2031985.2416099044,0851-04-14T17:47:55.096Z,"[{""jd_ut"":2030952.2209687885,""utc"":""0848-06-15T17:18:11.703Z"",""motion"":""direct""},{""jd_ut"":2031005.6534659574,""utc"":""0848-08-08T03:40:59.459Z"",""motion"":""retrograde""},{""jd_ut"":2031204.568808748,""utc"":""0849-02-23T01:39:05.076Z"",""motion"":""direct""}]",3
F148.02,F148,148,2,Taurus,30,2031985.2416099044,0851-04-14T17:47:55.096Z,2032758.2333850302,0853-05-26T17:36:04.467Z,"[{""jd_ut"":2031985.2416099044,""utc"":""0851-04-14T17:47:55.096Z"",""motion"":""direct""}]",1
F148.03,F148,148,3,Gemini,60,2032758.2333850302,0853-05-26T17:36:04.467Z,2033529.2773723067,0855-07-06T18:39:24.967Z,"[{""jd_ut"":2032758.2333850302,""utc"":""0853-05-26T17:36:04.467Z"",""motion"":""direct""}]",1
F148.04,F148,148,4,Cancer,90,2033529.2773723067,0855-07-06T18:39:24.967Z,2034304.2720553097,0857-08-19T18:31:45.579Z,"[{""jd_ut"":2033529.2773723067,""utc"":""0855-07-06T18:39:24.967Z"",""motion"":""direct""}]",1
F148.05,F148,148,5,Leo,120,2034304.2720553097,0857-08-19T18:31:45.579Z,2035090.8971020817,0859-10-15T09:31:49.620Z,"[{""jd_ut"":2034304.2720553097,""utc"":""0857-08-19T18:31:45.579Z"",""motion"":""direct""},{""jd_ut"":2034500.4042973816,""utc"":""0858-03-03T21:42:11.294Z"",""motion"":""retrograde""},{""jd_ut"":2034555.4122870816,""utc"":""0858-04-27T21:53:41.604Z"",""motion"":""direct""}]",3
F148.06,F148,148,6,Virgo,150,2035090.8971020817,0859-10-15T09:31:49.620Z,2036155.3231794746,0862-09-13T19:45:22.707Z,"[{""jd_ut"":2035090.8971020817,""utc"":""0859-10-15T09:31:49.620Z"",""motion"":""direct""},{""jd_ut"":2035211.5512471055,""utc"":""0860-02-13T01:13:47.750Z"",""motion"":""retrograde""},{""jd_ut"":2035356.766310819,""utc"":""0860-07-07T06:23:29.255Z"",""motion"":""direct""}]",3
F148.07,F148,148,7,Libra,180,2036155.3231794746,0862-09-13T19:45:22.707Z,2036962.4532397483,0864-11-28T22:52:39.914Z,"[{""jd_ut"":2036155.3231794746,""utc"":""0862-09-13T19:45:22.707Z"",""motion"":""direct""}]",1
F148.08,F148,148,8,Scorpio,210,2036962.4532397483,0864-11-28T22:52:39.914Z,2038053.850140694,0867-11-25T08:24:12.156Z,"[{""jd_ut"":2036962.4532397483,""utc"":""0864-11-28T22:52:39.914Z"",""motion"":""direct""},{""jd_ut"":2037118.3217218067,""utc"":""0865-05-03T19:43:16.764Z"",""motion"":""retrograde""},{""jd_ut"":2037232.9221610427,""utc"":""0865-08-26T10:07:54.714Z"",""motion"":""direct""}]",3
F148.09,F148,148,9,Sagittarius,240,2038053.850140694,0867-11-25T08:24:12.156Z,2038885.3670212985,0870-03-05T20:48:30.640Z,"[{""jd_ut"":2038053.850140694,""utc"":""0867-11-25T08:24:12.156Z"",""motion"":""direct""}]",1
F148.10,F148,148,10,Capricorn,270,2038885.3670212985,0870-03-05T20:48:30.640Z,2039964.2906406783,0873-02-16T18:58:31.355Z,"[{""jd_ut"":2038885.3670212985,""utc"":""0870-03-05T20:48:30.640Z"",""motion"":""direct""},{""jd_ut"":2038955.9459982947,""utc"":""0870-05-15T10:42:14.253Z"",""motion"":""retrograde""},{""jd_ut"":2039150.270731701,""utc"":""0870-11-25T18:29:51.219Z"",""motion"":""direct""}]",3
F148.11,F148,148,11,Aquarius,300,2039964.2906406783,0873-02-16T18:58:31.355Z,2041044.8108896068,0876-02-02T07:27:40.862Z,"[{""jd_ut"":2039964.2906406783,""utc"":""0873-02-16T18:58:31.355Z"",""motion"":""direct""},{""jd_ut"":2040154.3712357618,""utc"":""0873-08-25T20:54:34.770Z"",""motion"":""retrograde""},{""jd_ut"":2040229.3709034943,""utc"":""0873-11-08T20:54:06.062Z"",""motion"":""direct""}]",3
F148.12,F148,148,12,Pisces,330,2041044.8108896068,0876-02-02T07:27:40.862Z,2041836.4977913033,0878-04-03T23:56:49.169Z,"[{""jd_ut"":2041044.8108896068,""utc"":""0876-02-02T07:27:40.862Z"",""motion"":""direct""}]",1
F149.01,F149,149,1,Aries,0,2041836.4977913033,0878-04-03T23:56:49.169Z,2042618.9217016604,0880-05-25T10:07:15.023Z,"[{""jd_ut"":2041836.4977913033,""utc"":""0878-04-03T23:56:49.169Z"",""motion"":""direct""}]",1
F149.02,F149,149,2,Taurus,30,2042618.9217016604,0880-05-25T10:07:15.023Z,2043394.995682722,0882-07-10T11:53:46.987Z,"[{""jd_ut"":2042618.9217016604,""utc"":""0880-05-25T10:07:15.023Z"",""motion"":""direct""},{""jd_ut"":2042796.9162418004,""utc"":""0880-11-19T09:59:23.292Z"",""motion"":""retrograde""},{""jd_ut"":2042877.255521657,""utc"":""0881-02-07T18:07:57.071Z"",""motion"":""direct""}]",3
F149.03,F149,149,3,Gemini,60,2043394.995682722,0882-07-10T11:53:46.987Z,2044169.7273378065,0884-08-23T05:27:21.986Z,"[{""jd_ut"":2043394.995682722,""utc"":""0882-07-10T11:53:46.987Z"",""motion"":""direct""},{""jd_ut"":2043532.7103106277,""utc"":""0882-11-25T05:02:50.838Z"",""motion"":""retrograde""},{""jd_ut"":2043656.3693224187,""utc"":""0883-03-28T20:51:49.457Z"",""motion"":""direct""}]",3
F149.04,F149,149,4,Cancer,90,2044169.7273378065,0884-08-23T05:27:21.986Z,2044957.8330079154,0886-10-20T07:59:31.884Z,"[{""jd_ut"":2044169.7273378065,""utc"":""0884-08-23T05:27:21.986Z"",""motion"":""direct""},{""jd_ut"":2044274.077458453,""utc"":""0884-12-05T13:51:32.410Z"",""motion"":""retrograde""},{""jd_ut"":2044429.7765443325,""utc"":""0885-05-10T06:38:13.430Z"",""motion"":""direct""}]",3
F149.05,F149,149,5,Leo,120,2044957.8330079154,0886-10-20T07:59:31.884Z,2045990.3621105151,0889-08-17T20:41:26.349Z,"[{""jd_ut"":2044957.8330079154,""utc"":""0886-10-20T07:59:31.884Z"",""motion"":""direct""},{""jd_ut"":2045001.3961656978,""utc"":""0886-12-02T21:30:28.716Z"",""motion"":""retrograde""},{""jd_ut"":2045206.4060726035,""utc"":""0887-06-25T21:44:44.673Z"",""motion"":""direct""}]",3
F149.06,F149,149,6,Virgo,150,2045990.3621105151,0889-08-17T20:41:26.349Z,2046784.7066363161,0891-10-21T04:57:33.378Z,"[{""jd_ut"":2045990.3621105151,""utc"":""0889-08-17T20:41:26.349Z"",""motion"":""direct""}]",1
F149.07,F149,149,7,Libra,180,2046784.7066363161,0891-10-21T04:57:33.378Z,2047866.6025123368,0894-10-07T02:27:37.066Z,"[{""jd_ut"":2046784.7066363161,""utc"":""0891-10-21T04:57:33.378Z"",""motion"":""direct""},{""jd_ut"":2046969.2183311237,""utc"":""0892-04-22T17:14:23.809Z"",""motion"":""retrograde""},{""jd_ut"":2047046.3844306916,""utc"":""0892-07-08T21:13:34.812Z"",""motion"":""direct""}]",3
F149.08,F149,149,8,Scorpio,210,2047866.6025123368,0894-10-07T02:27:37.066Z,2048682.3265396245,0896-12-30T19:50:13.024Z,"[{""jd_ut"":2047866.6025123368,""utc"":""0894-10-07T02:27:37.066Z"",""motion"":""direct""}]",1
F149.09,F149,149,9,Sagittarius,240,2048682.3265396245,0896-12-30T19:50:13.024Z,2049776.8594122767,0899-12-30T08:37:33.221Z,"[{""jd_ut"":2048682.3265396245,""utc"":""0896-12-30T19:50:13.024Z"",""motion"":""direct""},{""jd_ut"":2048832.630376527,""utc"":""0897-05-30T03:07:44.532Z"",""motion"":""retrograde""},{""jd_ut"":2048955.1222953019,""utc"":""0897-09-29T14:56:06.314Z"",""motion"":""direct""}]",3
F149.10,F149,149,10,Capricorn,270,2049776.8594122767,0899-12-30T08:37:33.221Z,2050607.2929978478,0902-04-09T19:01:55.014Z,"[{""jd_ut"":2049776.8594122767,""utc"":""0899-12-30T08:37:33.221Z"",""motion"":""direct""}]",1
F149.11,F149,149,11,Aquarius,300,2050607.2929978478,0902-04-09T19:01:55.014Z,2051672.7778329235,0905-03-10T06:40:04.765Z,"[{""jd_ut"":2050607.2929978478,""utc"":""0902-04-09T19:01:55.014Z"",""motion"":""direct""},{""jd_ut"":2050671.3592974017,""utc"":""0902-06-12T20:37:23.296Z"",""motion"":""retrograde""},{""jd_ut"":2050868.6658269614,""utc"":""0902-12-27T03:58:47.449Z"",""motion"":""direct""}]",3
F149.12,F149,149,12,Pisces,330,2051672.7778329235,0905-03-10T06:40:04.765Z,2052471.9249899196,0907-05-18T10:11:59.129Z,"[{""jd_ut"":2051672.7778329235,""utc"":""0905-03-10T06:40:04.765Z"",""motion"":""direct""}]",1
F150.01,F150,150,1,Aries,0,2052471.9249899196,0907-05-18T10:11:59.129Z,2053519.5336543326,0910-03-31T00:48:27.734Z,"[{""jd_ut"":2052471.9249899196,""utc"":""0907-05-18T10:11:59.129Z"",""motion"":""direct""},{""jd_ut"":2052590.8103543972,""utc"":""0907-09-14T07:26:54.620Z"",""motion"":""retrograde""},{""jd_ut"":2052736.9515013117,""utc"":""0908-02-07T10:50:09.713Z"",""motion"":""direct""}]",3
F150.02,F150,150,2,Taurus,30,2053519.5336543326,0910-03-31T00:48:27.734Z,2054293.0312934844,0912-05-12T12:45:03.757Z,"[{""jd_ut"":2053519.5336543326,""utc"":""0910-03-31T00:48:27.734Z"",""motion"":""direct""}]",1
F150.03,F150,150,3,Gemini,60,2054293.0312934844,0912-05-12T12:45:03.757Z,2055064.2851395844,0914-06-22T18:50:36.060Z,"[{""jd_ut"":2054293.0312934844,""utc"":""0912-05-12T12:45:03.757Z"",""motion"":""direct""}]",1
F150.04,F150,150,4,Cancer,90,2055064.2851395844,0914-06-22T18:50:36.060Z,2055839.002916215,0916-08-05T12:04:11.961Z,"[{""jd_ut"":2055064.2851395844,""utc"":""0914-06-22T18:50:36.060Z"",""motion"":""direct""}]",1
F150.05,F150,150,5,Leo,120,2055839.002916215,0916-08-05T12:04:11.961Z,2056622.9437481724,0918-09-28T10:38:59.842Z,"[{""jd_ut"":2055839.002916215,""utc"":""0916-08-05T12:04:11.961Z"",""motion"":""direct""}]",1
F150.06,F150,150,6,Virgo,150,2056622.9437481724,0918-09-28T10:38:59.842Z,2057439.4803049583,0920-12-22T23:31:38.348Z,"[{""jd_ut"":2056622.9437481724,""utc"":""0918-09-28T10:38:59.842Z"",""motion"":""direct""},{""jd_ut"":2056788.322714984,""utc"":""0919-03-12T19:44:42.575Z"",""motion"":""retrograde""},{""jd_ut"":2056885.8582655243,""utc"":""0919-06-18T08:35:54.141Z"",""motion"":""direct""}]",3
F150.07,F150,150,7,Libra,180,2057439.4803049583,0920-12-22T23:31:38.348Z,2058496.4816290853,0923-11-14T23:33:32.753Z,"[{""jd_ut"":2057439.4803049583,""utc"":""0920-12-22T23:31:38.348Z"",""motion"":""direct""},{""jd_ut"":2057473.3918202948,""utc"":""0921-01-25T21:24:13.273Z"",""motion"":""retrograde""},{""jd_ut"":2057690.5329469838,""utc"":""0921-08-31T00:47:26.619Z"",""motion"":""direct""}]",3
F150.08,F150,150,8,Scorpio,210,2058496.4816290853,0923-11-14T23:33:32.753Z,2059589.0761961937,0926-11-11T13:49:43.351Z,"[{""jd_ut"":2058496.4816290853,""utc"":""0923-11-14T23:33:32.753Z"",""motion"":""direct""},{""jd_ut"":2058701.227291775,""utc"":""0924-06-06T17:27:18.009Z"",""motion"":""retrograde""},{""jd_ut"":2058754.351676586,""utc"":""0924-07-29T20:26:24.857Z"",""motion"":""direct""}]",3
F150.09,F150,150,9,Sagittarius,240,2059589.0761961937,0926-11-11T13:49:43.351Z,2060410.0860656104,0929-02-09T14:03:56.069Z,"[{""jd_ut"":2059589.0761961937,""utc"":""0926-11-11T13:49:43.351Z"",""motion"":""direct""}]",1
F150.10,F150,150,10,Capricorn,270,2060410.0860656104,0929-02-09T14:03:56.069Z,2061498.2025700985,0932-02-02T16:51:42.057Z,"[{""jd_ut"":2060410.0860656104,""utc"":""0929-02-09T14:03:56.069Z"",""motion"":""direct""},{""jd_ut"":2060536.7937455084,""utc"":""0929-06-16T07:02:59.612Z"",""motion"":""retrograde""},{""jd_ut"":2060683.0235009482,""utc"":""0929-11-09T12:33:50.482Z"",""motion"":""direct""}]",3
F150.11,F150,150,11,Aquarius,300,2061498.2025700985,0932-02-02T16:51:42.057Z,2062313.2361075706,0934-04-27T17:39:59.694Z,"[{""jd_ut"":2061498.2025700985,""utc"":""0932-02-02T16:51:42.057Z"",""motion"":""direct""}]",1
F150.12,F150,150,12,Pisces,330,2062313.2361075706,0934-04-27T17:39:59.694Z,2063370.8385327775,0937-03-20T08:07:29.232Z,"[{""jd_ut"":2062313.2361075706,""utc"":""0934-04-27T17:39:59.694Z"",""motion"":""direct""},{""jd_ut"":2062406.3600590886,""utc"":""0934-07-29T20:38:29.105Z"",""motion"":""retrograde""},{""jd_ut"":2062578.2547201146,""utc"":""0935-01-17T18:06:47.818Z"",""motion"":""direct""}]",3
F151.01,F151,151,1,Aries,0,2063370.8385327775,0937-03-20T08:07:29.232Z,2064152.13129303,0939-05-10T15:09:03.718Z,"[{""jd_ut"":2063370.8385327775,""utc"":""0937-03-20T08:07:29.232Z"",""motion"":""direct""}]",1
F151.02,F151,151,2,Taurus,30,2064152.13129303,0939-05-10T15:09:03.718Z,2064926.656721665,0941-06-23T03:45:40.752Z,"[{""jd_ut"":2064152.13129303,""utc"":""0939-05-10T15:09:03.718Z"",""motion"":""direct""}]",1
F151.03,F151,151,3,Gemini,60,2064926.656721665,0941-06-23T03:45:40.752Z,2065699.1201864812,0943-08-04T14:53:04.112Z,"[{""jd_ut"":2064926.656721665,""utc"":""0941-06-23T03:45:40.752Z"",""motion"":""direct""},{""jd_ut"":2065114.28889213,""utc"":""0941-12-27T18:56:00.280Z"",""motion"":""retrograde""},{""jd_ut"":2065180.1100616585,""utc"":""0942-03-03T14:38:29.327Z"",""motion"":""direct""}]",3
F151.04,F151,151,4,Cancer,90,2065699.1201864812,0943-08-04T14:53:04.112Z,2066477.102059856,0945-09-20T14:26:57.972Z,"[{""jd_ut"":2065699.1201864812,""utc"":""0943-08-04T14:53:04.112Z"",""motion"":""direct""},{""jd_ut"":2065852.1402537208,""utc"":""0944-01-04T15:21:57.921Z"",""motion"":""retrograde""},{""jd_ut"":2065959.4113803445,""utc"":""0944-04-20T21:52:23.262Z"",""motion"":""direct""}]",3
F151.05,F151,151,5,Leo,120,2066477.102059856,0945-09-20T14:26:57.972Z,2067525.2756694746,0948-08-03T18:36:57.843Z,"[{""jd_ut"":2066477.102059856,""utc"":""0945-09-20T14:26:57.972Z"",""motion"":""direct""},{""jd_ut"":2066586.4781144946,""utc"":""0946-01-07T23:28:29.092Z"",""motion"":""retrograde""},{""jd_ut"":2066739.297888237,""utc"":""0946-06-09T19:08:57.544Z"",""motion"":""direct""}]",3
F151.06,F151,151,6,Virgo,150,2067525.2756694746,0948-08-03T18:36:57.843Z,2068319.3617192758,0950-10-06T20:40:52.545Z,"[{""jd_ut"":2067525.2756694746,""utc"":""0948-08-03T18:36:57.843Z"",""motion"":""direct""}]",1
F151.07,F151,151,7,Libra,180,2068319.3617192758,0950-10-06T20:40:52.545Z,2069134.371319396,0952-12-29T20:54:41.996Z,"[{""jd_ut"":2068319.3617192758,""utc"":""0950-10-06T20:40:52.545Z"",""motion"":""direct""}]",1
F151.08,F151,151,8,Scorpio,210,2069134.371319396,0952-12-29T20:54:41.996Z,2070215.6493689683,0955-12-16T03:35:05.479Z,"[{""jd_ut"":2069134.371319396,""utc"":""0952-12-29T20:54:41.996Z"",""motion"":""direct""},{""jd_ut"":2069216.6783798449,""utc"":""0953-03-22T04:16:52.019Z"",""motion"":""retrograde""},{""jd_ut"":2069401.0258519128,""utc"":""0953-09-22T12:37:13.605Z"",""motion"":""direct""}]",3
F151.09,F151,151,9,Sagittarius,240,2070215.6493689683,0955-12-16T03:35:05.479Z,2071311.6894313232,0958-12-16T04:32:46.866Z,"[{""jd_ut"":2070215.6493689683,""utc"":""0955-12-16T03:35:05.479Z"",""motion"":""direct""},{""jd_ut"":2070413.9908020208,""utc"":""0956-07-01T11:46:45.295Z"",""motion"":""retrograde""},{""jd_ut"":2070478.8145725788,""utc"":""0956-09-04T07:32:59.071Z"",""motion"":""direct""}]",3
F151.10,F151,151,10,Capricorn,270,2071311.6894313232,0958-12-16T04:32:46.866Z,2072129.7047229689,0961-03-13T04:54:48.065Z,"[{""jd_ut"":2071311.6894313232,""utc"":""0958-12-16T04:32:46.866Z"",""motion"":""direct""}]",1
F151.11,F151,151,11,Aquarius,300,2072129.7047229689,0961-03-13T04:54:48.065Z,2073206.5620620614,0964-02-23T01:29:22.162Z,"[{""jd_ut"":2072129.7047229689,""utc"":""0961-03-13T04:54:48.065Z"",""motion"":""direct""},{""jd_ut"":2072254.4729583496,""utc"":""0961-07-15T23:21:03.601Z"",""motion"":""retrograde""},{""jd_ut"":2072400.998410313,""utc"":""0961-12-09T11:57:42.651Z"",""motion"":""direct""}]",3
F151.12,F151,151,12,Pisces,330,2073206.5620620614,0964-02-23T01:29:22.162Z,2074000.8661475675,0966-04-27T08:47:15.150Z,"[{""jd_ut"":2073206.5620620614,""utc"":""0964-02-23T01:29:22.162Z"",""motion"":""direct""}]",1
F152.01,F152,152,1,Aries,0,2074000.8661475675,0966-04-27T08:47:15.150Z,2074790.834759816,0968-06-25T08:02:03.248Z,"[{""jd_ut"":2074000.8661475675,""utc"":""0966-04-27T08:47:15.150Z"",""motion"":""direct""},{""jd_ut"":2074171.7609575004,""utc"":""0966-10-15T06:15:46.728Z"",""motion"":""retrograde""},{""jd_ut"":2074263.878875541,""utc"":""0967-01-15T09:05:34.847Z"",""motion"":""direct""}]",3
F152.02,F152,152,2,Taurus,30,2074790.834759816,0968-06-25T08:02:03.248Z,2075585.6232996853,0970-08-29T02:57:33.093Z,"[{""jd_ut"":2074790.834759816,""utc"":""0968-06-25T08:02:03.248Z"",""motion"":""direct""},{""jd_ut"":2074891.3155949563,""utc"":""0968-10-03T19:34:27.404Z"",""motion"":""retrograde""},{""jd_ut"":2075051.5158506231,""utc"":""0969-03-13T00:22:49.494Z"",""motion"":""direct""}]",3
F152.03,F152,152,3,Gemini,60,2075585.6232996853,0970-08-29T02:57:33.093Z,2076598.0031629521,0973-06-06T12:04:33.279Z,"[{""jd_ut"":2075585.6232996853,""utc"":""0970-08-29T02:57:33.093Z"",""motion"":""direct""},{""jd_ut"":2075614.0997016788,""utc"":""0970-09-26T14:23:34.225Z"",""motion"":""retrograde""},{""jd_ut"":2075826.186989388,""utc"":""0971-04-26T16:29:15.883Z"",""motion"":""direct""}]",3
F152.04,F152,152,4,Cancer,90,2076598.0031629521,0973-06-06T12:04:33.279Z,2077372.9888976016,0975-07-21T11:44:00.753Z,"[{""jd_ut"":2076598.0031629521,""utc"":""0973-06-06T12:04:33.279Z"",""motion"":""direct""}]",1
F152.05,F152,152,5,Leo,120,2077372.9888976016,0975-07-21T11:44:00.753Z,2078155.936871802,0977-09-11T10:29:05.724Z,"[{""jd_ut"":2077372.9888976016,""utc"":""0975-07-21T11:44:00.753Z"",""motion"":""direct""}]",1
F152.06,F152,152,6,Virgo,150,2078155.936871802,0977-09-11T10:29:05.724Z,2078955.4011913594,0979-11-19T21:37:42.933Z,"[{""jd_ut"":2078155.936871802,""utc"":""0977-09-11T10:29:05.724Z"",""motion"":""direct""}]",1
F152.07,F152,152,7,Libra,180,2078955.4011913594,0979-11-19T21:37:42.933Z,2080030.7496232279,0982-10-30T05:59:27.447Z,"[{""jd_ut"":2078955.4011913594,""utc"":""0979-11-19T21:37:42.933Z"",""motion"":""direct""},{""jd_ut"":2079062.2053506002,""utc"":""0980-03-05T16:55:42.292Z"",""motion"":""retrograde""},{""jd_ut"":2079223.2117790212,""utc"":""0980-08-13T17:04:57.707Z"",""motion"":""direct""}]",3
F152.08,F152,152,8,Scorpio,210,2080030.7496232279,0982-10-30T05:59:27.447Z,2080857.941260696,0985-02-03T10:35:24.924Z,"[{""jd_ut"":2080030.7496232279,""utc"":""0982-10-30T05:59:27.447Z"",""motion"":""direct""}]",1
F152.09,F152,152,9,Sagittarius,240,2080857.941260696,0985-02-03T10:35:24.924Z,2081940.965012312,0988-01-22T11:09:37.064Z,"[{""jd_ut"":2080857.941260696,""utc"":""0985-02-03T10:35:24.924Z"",""motion"":""direct""},{""jd_ut"":2080927.701408966,""utc"":""0985-04-14T04:50:01.735Z"",""motion"":""retrograde""},{""jd_ut"":2081123.032123024,""utc"":""0985-10-26T12:46:15.429Z"",""motion"":""direct""}]",3
F152.10,F152,152,10,Capricorn,270,2081940.965012312,0988-01-22T11:09:37.064Z,2083032.3218357638,0991-01-17T19:43:26.610Z,"[{""jd_ut"":2081940.965012312,""utc"":""0988-01-22T11:09:37.064Z"",""motion"":""direct""},{""jd_ut"":2082116.1662622252,""utc"":""0988-07-15T15:59:25.056Z"",""motion"":""retrograde""},{""jd_ut"":2082210.7794375345,""utc"":""0988-10-18T06:42:23.403Z"",""motion"":""direct""}]",3
F152.11,F152,152,11,Aquarius,300,2083032.3218357638,0991-01-17T19:43:26.610Z,2083839.5860691103,0993-04-04T02:03:56.371Z,"[{""jd_ut"":2083032.3218357638,""utc"":""0991-01-17T19:43:26.610Z"",""motion"":""direct""}]",1
F152.12,F152,152,12,Pisces,330,2083839.5860691103,0993-04-04T02:03:56.371Z,2084904.3429926941,0996-03-03T20:13:54.569Z,"[{""jd_ut"":2083839.5860691103,""utc"":""0993-04-04T02:03:56.371Z"",""motion"":""direct""},{""jd_ut"":2083987.1655818648,""utc"":""0993-08-29T15:58:26.273Z"",""motion"":""retrograde""},{""jd_ut"":2084108.3934144326,""utc"":""0993-12-28T21:26:31.007Z"",""motion"":""direct""}]",3
F153.01,F153,153,1,Aries,0,2084904.3429926941,0996-03-03T20:13:54.569Z,2085685.4114268892,0998-04-23T21:52:27.283Z,"[{""jd_ut"":2084904.3429926941,""utc"":""0996-03-03T20:13:54.569Z"",""motion"":""direct""}]",1
F153.02,F153,153,2,Taurus,30,2085685.4114268892,0998-04-23T21:52:27.283Z,2086459.2269170736,1000-06-06T17:26:45.635Z,"[{""jd_ut"":2085685.4114268892,""utc"":""0998-04-23T21:52:27.283Z"",""motion"":""direct""}]",1
F153.03,F153,153,3,Gemini,60,2086459.2269170736,1000-06-06T17:26:45.635Z,2087230.8009437486,1002-07-18T07:13:21.540Z,"[{""jd_ut"":2086459.2269170736,""utc"":""1000-06-06T17:26:45.635Z"",""motion"":""direct""}]",1
F153.04,F153,153,4,Cancer,90,2087230.8009437486,1002-07-18T07:13:21.540Z,2088006.1983746514,1004-08-31T16:45:39.570Z,"[{""jd_ut"":2087230.8009437486,""utc"":""1002-07-18T07:13:21.540Z"",""motion"":""direct""},{""jd_ut"":2087446.3318013395,""utc"":""1003-02-18T19:57:47.636Z"",""motion"":""retrograde""},{""jd_ut"":2087469.708316302,""utc"":""1003-03-14T04:59:58.528Z"",""motion"":""direct""}]",3
F153.05,F153,153,5,Leo,120,2088006.1983746514,1004-08-31T16:45:39.570Z,2088795.925197496,1006-10-30T10:12:17.064Z,"[{""jd_ut"":2088006.1983746514,""utc"":""1004-08-31T16:45:39.570Z"",""motion"":""direct""},{""jd_ut"":2088166.2349929875,""utc"":""1005-02-07T17:38:23.394Z"",""motion"":""retrograde""},{""jd_ut"":2088266.9764581728,""utc"":""1005-05-19T11:26:05.986Z"",""motion"":""direct""}]",3
F153.06,F153,153,6,Virgo,150,2088795.925197496,1006-10-30T10:12:17.064Z,2089853.7706509726,1009-09-22T06:29:44.244Z,"[{""jd_ut"":2088795.925197496,""utc"":""1006-10-30T10:12:17.064Z"",""motion"":""direct""},{""jd_ut"":2088883.6004564394,""utc"":""1007-01-26T02:24:39.436Z"",""motion"":""retrograde""},{""jd_ut"":2089058.1295798873,""utc"":""1007-07-19T15:06:35.702Z"",""motion"":""direct""}]",3
F153.07,F153,153,7,Libra,180,2089853.7706509726,1009-09-22T06:29:44.244Z,2090661.1439194917,1011-12-08T15:27:14.644Z,"[{""jd_ut"":2089853.7706509726,""utc"":""1009-09-22T06:29:44.244Z"",""motion"":""direct""}]",1
F153.08,F153,153,8,Scorpio,210,2090661.1439194917,1011-12-08T15:27:14.644Z,2091749.6869328003,1014-12-01T04:29:10.994Z,"[{""jd_ut"":2090661.1439194917,""utc"":""1011-12-08T15:27:14.644Z"",""motion"":""direct""},{""jd_ut"":2090796.2491001757,""utc"":""1012-04-21T17:58:42.255Z"",""motion"":""retrograde""},{""jd_ut"":2090932.5328227426,""utc"":""1012-09-05T00:47:15.885Z"",""motion"":""direct""}]",3
F153.09,F153,153,9,Sagittarius,240,2091749.6869328003,1014-12-01T04:29:10.994Z,2092588.1709776227,1017-03-18T16:06:12.467Z,"[{""jd_ut"":2091749.6869328003,""utc"":""1014-12-01T04:29:10.994Z"",""motion"":""direct""}]",1
F153.10,F153,153,10,Capricorn,270,2092588.1709776227,1017-03-18T16:06:12.467Z,2093659.662559514,1020-02-23T03:54:05.142Z,"[{""jd_ut"":2092588.1709776227,""utc"":""1017-03-18T16:06:12.467Z"",""motion"":""direct""},{""jd_ut"":2092632.6205334677,""utc"":""1017-05-02T02:53:34.092Z"",""motion"":""retrograde""},{""jd_ut"":2092845.5925654294,""utc"":""1017-12-01T02:13:17.653Z"",""motion"":""direct""}]",3
F153.11,F153,153,11,Aquarius,300,2093659.662559514,1020-02-23T03:54:05.142Z,2094740.1055200514,1023-02-07T14:31:56.932Z,"[{""jd_ut"":2093659.662559514,""utc"":""1020-02-23T03:54:05.142Z"",""motion"":""direct""},{""jd_ut"":2093834.9001411716,""utc"":""1020-08-16T09:36:12.197Z"",""motion"":""retrograde""},{""jd_ut"":2093928.1874733283,""utc"":""1020-11-17T16:29:57.696Z"",""motion"":""direct""}]",3
F153.12,F153,153,12,Pisces,330,2094740.1055200514,1023-02-07T14:31:56.932Z,2095532.5525332708,1025-04-10T01:15:38.875Z,"[{""jd_ut"":2094740.1055200514,""utc"":""1023-02-07T14:31:56.932Z"",""motion"":""direct""}]",1
F154.01,F154,154,1,Aries,0,2095532.5525332708,1025-04-10T01:15:38.875Z,2096317.1145765777,1027-06-03T14:44:59.416Z,"[{""jd_ut"":2095532.5525332708,""utc"":""1025-04-10T01:15:38.875Z"",""motion"":""direct""}]",1
F154.02,F154,154,2,Taurus,30,2096317.1145765777,1027-06-03T14:44:59.416Z,2097096.3271641373,1029-07-21T19:51:06.981Z,"[{""jd_ut"":2096317.1145765777,""utc"":""1027-06-03T14:44:59.416Z"",""motion"":""direct""},{""jd_ut"":2096473.371239685,""utc"":""1027-11-06T20:54:35.109Z"",""motion"":""retrograde""},{""jd_ut"":2096579.2292089062,""utc"":""1028-02-20T17:30:03.649Z"",""motion"":""direct""}]",3
F154.03,F154,154,3,Gemini,60,2097096.3271641373,1029-07-21T19:51:06.981Z,2097876.016161847,1031-09-09T12:23:16.384Z,"[{""jd_ut"":2097096.3271641373,""utc"":""1029-07-21T19:51:06.981Z"",""motion"":""direct""},{""jd_ut"":2097208.2797248745,""utc"":""1029-11-10T18:42:48.229Z"",""motion"":""retrograde""},{""jd_ut"":2097357.0304294853,""utc"":""1030-04-08T12:43:49.108Z"",""motion"":""direct""}]",3
F154.04,F154,154,4,Cancer,90,2097876.016161847,1031-09-09T12:23:16.384Z,2098906.0752677387,1034-07-05T13:48:23.133Z,"[{""jd_ut"":2097876.016161847,""utc"":""1031-09-09T12:23:16.384Z"",""motion"":""direct""},{""jd_ut"":2097945.623407988,""utc"":""1031-11-18T02:57:42.450Z"",""motion"":""retrograde""},{""jd_ut"":2098130.150271056,""utc"":""1032-05-20T15:36:23.419Z"",""motion"":""direct""}]",3
F154.05,F154,154,5,Leo,120,2098906.0752677387,1034-07-05T13:48:23.133Z,2099689.167920434,1036-08-26T16:01:48.325Z,"[{""jd_ut"":2098906.0752677387,""utc"":""1034-07-05T13:48:23.133Z"",""motion"":""direct""}]",1
F154.06,F154,154,6,Virgo,150,2099689.167920434,1036-08-26T16:01:48.325Z,2100484.088054235,1038-10-30T14:06:47.886Z,"[{""jd_ut"":2099689.167920434,""utc"":""1036-08-26T16:01:48.325Z"",""motion"":""direct""}]",1
F154.07,F154,154,7,Libra,180,2100484.088054235,1038-10-30T14:06:47.886Z,2101564.622111257,1041-10-15T02:55:50.413Z,"[{""jd_ut"":2100484.088054235,""utc"":""1038-10-30T14:06:47.886Z"",""motion"":""direct""},{""jd_ut"":2100642.3439796865,""utc"":""1039-04-06T20:15:19.845Z"",""motion"":""retrograde""},{""jd_ut"":2100751.222754279,""utc"":""1039-07-24T17:20:45.970Z"",""motion"":""direct""}]",3
F154.08,F154,154,8,Scorpio,210,2101564.622111257,1041-10-15T02:55:50.413Z,2102381.56996601,1044-01-10T01:40:45.063Z,"[{""jd_ut"":2101564.622111257,""utc"":""1041-10-15T02:55:50.413Z"",""motion"":""direct""}]",1
F154.09,F154,154,9,Sagittarius,240,2102381.56996601,1044-01-10T01:40:45.063Z,2103473.8748224946,1047-01-06T08:59:44.664Z,"[{""jd_ut"":2102381.56996601,""utc"":""1044-01-10T01:40:45.063Z"",""motion"":""direct""},{""jd_ut"":2102510.1959444163,""utc"":""1044-05-17T16:42:09.598Z"",""motion"":""retrograde""},{""jd_ut"":2102654.54813963,""utc"":""1044-10-09T01:09:19.264Z"",""motion"":""direct""}]",3
F154.10,F154,154,10,Capricorn,270,2103473.8748224946,1047-01-06T08:59:44.664Z,2104566.0239218874,1050-01-02T12:34:26.851Z,"[{""jd_ut"":2103473.8748224946,""utc"":""1047-01-06T08:59:44.664Z"",""motion"":""direct""}]",1
F154.11,F154,154,11,Aquarius,300,2104566.0239218874,1050-01-02T12:34:26.851Z,2105370.6435867874,1052-03-17T03:26:45.898Z,"[{""jd_ut"":2104566.0239218874,""utc"":""1050-01-02T12:34:26.851Z"",""motion"":""direct""}]",1
F154.12,F154,154,12,Pisces,330,2105370.6435867874,1052-03-17T03:26:45.898Z,2106174.737055083,1054-05-30T05:41:21.559Z,"[{""jd_ut"":2105370.6435867874,""utc"":""1052-03-17T03:26:45.898Z"",""motion"":""direct""},{""jd_ut"":2105572.8099129237,""utc"":""1052-10-05T07:26:16.477Z"",""motion"":""retrograde""},{""jd_ut"":2105628.8044987004,""utc"":""1052-11-30T07:18:28.688Z"",""motion"":""direct""}]",3
F155.01,F155,155,1,Aries,0,2106174.737055083,1054-05-30T05:41:21.559Z,2107218.429665968,1057-04-07T22:18:43.140Z,"[{""jd_ut"":2106174.737055083,""utc"":""1054-05-30T05:41:21.559Z"",""motion"":""direct""},{""jd_ut"":2106265.611658465,""utc"":""1054-08-29T02:40:47.291Z"",""motion"":""retrograde""},{""jd_ut"":2106436.483871665,""utc"":""1055-02-15T23:36:46.512Z"",""motion"":""direct""}]",3
F155.02,F155,155,2,Taurus,30,2107218.429665968,1057-04-07T22:18:43.140Z,2107992.0873918124,1059-05-21T14:05:50.653Z,"[{""jd_ut"":2107218.429665968,""utc"":""1057-04-07T22:18:43.140Z"",""motion"":""direct""}]",1
F155.03,F155,155,3,Gemini,60,2107992.0873918124,1059-05-21T14:05:50.653Z,2108763.3338395776,1061-06-30T20:00:43.740Z,"[{""jd_ut"":2107992.0873918124,""utc"":""1059-05-21T14:05:50.653Z"",""motion"":""direct""}]",1
F155.04,F155,155,4,Cancer,90,2108763.3338395776,1061-06-30T20:00:43.740Z,2109537.7490900094,1063-08-14T05:58:41.377Z,"[{""jd_ut"":2108763.3338395776,""utc"":""1061-06-30T20:00:43.740Z"",""motion"":""direct""}]",1
F155.05,F155,155,5,Leo,120,2109537.7490900094,1063-08-14T05:58:41.377Z,2110321.9402035614,1065-10-06T10:33:53.588Z,"[{""jd_ut"":2109537.7490900094,""utc"":""1063-08-14T05:58:41.377Z"",""motion"":""direct""}]",1
F155.06,F155,155,6,Virgo,150,2110321.9402035614,1065-10-06T10:33:53.588Z,2111387.272416221,1068-09-05T18:32:16.761Z,"[{""jd_ut"":2110321.9402035614,""utc"":""1065-10-06T10:33:53.588Z"",""motion"":""direct""},{""jd_ut"":2110464.927853423,""utc"":""1066-02-26T10:16:06.536Z"",""motion"":""retrograde""},{""jd_ut"":2110587.1327856593,""utc"":""1066-06-28T15:11:12.681Z"",""motion"":""direct""}]",3
F155.07,F155,155,7,Libra,180,2111387.272416221,1068-09-05T18:32:16.761Z,2112192.4109057654,1070-11-19T21:51:42.258Z,"[{""jd_ut"":2111387.272416221,""utc"":""1068-09-05T18:32:16.761Z"",""motion"":""direct""}]",1
F155.08,F155,155,8,Scorpio,210,2112192.4109057654,1070-11-19T21:51:42.258Z,2113283.7207797905,1073-11-15T05:17:55.374Z,"[{""jd_ut"":2112192.4109057654,""utc"":""1070-11-19T21:51:42.258Z"",""motion"":""direct""},{""jd_ut"":2112377.8961056955,""utc"":""1071-05-24T09:30:23.532Z"",""motion"":""retrograde""},{""jd_ut"":2112456.953024842,""utc"":""1071-08-11T10:52:21.346Z"",""motion"":""direct""}]",3
F155.09,F155,155,9,Sagittarius,240,2113283.7207797905,1073-11-15T05:17:55.374Z,2114105.5556795616,1076-02-15T01:20:10.714Z,"[{""jd_ut"":2113283.7207797905,""utc"":""1073-11-15T05:17:55.374Z"",""motion"":""direct""}]",1
F155.10,F155,155,10,Capricorn,270,2114105.5556795616,1076-02-15T01:20:10.714Z,2115192.2684280714,1079-02-05T18:26:32.185Z,"[{""jd_ut"":2114105.5556795616,""utc"":""1076-02-15T01:20:10.714Z"",""motion"":""direct""},{""jd_ut"":2114220.5828493526,""utc"":""1076-06-09T01:59:18.184Z"",""motion"":""retrograde""},{""jd_ut"":2114377.8535279315,""utc"":""1076-11-13T08:29:04.813Z"",""motion"":""direct""}]",3
F155.11,F155,155,11,Aquarius,300,2115192.2684280714,1079-02-05T18:26:32.185Z,2116010.9139962653,1081-05-04T09:56:09.277Z,"[{""jd_ut"":2115192.2684280714,""utc"":""1079-02-05T18:26:32.185Z"",""motion"":""direct""}]",1
F155.12,F155,155,12,Pisces,330,2116010.9139962653,1081-05-04T09:56:09.277Z,2117065.459030251,1084-03-23T23:01:00.214Z,"[{""jd_ut"":2116010.9139962653,""utc"":""1081-05-04T09:56:09.277Z"",""motion"":""direct""},{""jd_ut"":2116088.333631629,""utc"":""1081-07-20T20:00:25.773Z"",""motion"":""retrograde""},{""jd_ut"":2116272.8870611954,""utc"":""1082-01-21T09:17:22.087Z"",""motion"":""direct""}]",3
F156.01,F156,156,1,Aries,0,2117065.459030251,1084-03-23T23:01:00.214Z,2117847.700169447,1086-05-15T04:48:14.640Z,"[{""jd_ut"":2117065.459030251,""utc"":""1084-03-23T23:01:00.214Z"",""motion"":""direct""}]",1
F156.02,F156,156,2,Taurus,30,2117847.700169447,1086-05-15T04:48:14.640Z,2118623.608814057,1088-06-29T02:36:41.535Z,"[{""jd_ut"":2117847.700169447,""utc"":""1086-05-15T04:48:14.640Z"",""motion"":""direct""}]",1
F156.03,F156,156,3,Gemini,60,2118623.608814057,1088-06-29T02:36:41.535Z,2119397.4879219327,1090-08-11T23:42:36.455Z,"[{""jd_ut"":2118623.608814057,""utc"":""1088-06-29T02:36:41.535Z"",""motion"":""direct""},{""jd_ut"":2118791.324375869,""utc"":""1088-12-13T19:47:06.075Z"",""motion"":""retrograde""},{""jd_ut"":2118882.2200621357,""utc"":""1089-03-14T17:16:53.369Z"",""motion"":""direct""}]",3
F156.04,F156,156,4,Cancer,90,2119397.4879219327,1090-08-11T23:42:36.455Z,2120178.142968622,1092-09-30T15:25:52.489Z,"[{""jd_ut"":2119397.4879219327,""utc"":""1090-08-11T23:42:36.455Z"",""motion"":""direct""},{""jd_ut"":2119530.650040416,""utc"":""1090-12-23T03:36:03.492Z"",""motion"":""retrograde""},{""jd_ut"":2119659.0222637774,""utc"":""1091-04-30T12:32:03.590Z"",""motion"":""direct""}]",3
F156.05,F156,156,5,Leo,120,2120178.142968622,1092-09-30T15:25:52.489Z,2121221.9416713463,1095-08-10T10:36:00.404Z,"[{""jd_ut"":2120178.142968622,""utc"":""1092-09-30T15:25:52.489Z"",""motion"":""direct""},{""jd_ut"":2120263.9469074076,""utc"":""1092-12-25T10:43:32.800Z"",""motion"":""retrograde""},{""jd_ut"":2120437.3363464046,""utc"":""1093-06-16T20:04:20.329Z"",""motion"":""direct""}]",3
F156.06,F156,156,6,Virgo,150,2121221.9416713463,1095-08-10T10:36:00.404Z,2122015.641163226,1097-10-12T03:23:16.503Z,"[{""jd_ut"":2121221.9416713463,""utc"":""1095-08-10T10:36:00.404Z"",""motion"":""direct""}]",1
F156.07,F156,156,7,Libra,180,2122015.641163226,1097-10-12T03:23:16.503Z,2122837.0870988974,1100-01-11T14:05:25.345Z,"[{""jd_ut"":2122015.641163226,""utc"":""1097-10-12T03:23:16.503Z"",""motion"":""direct""},{""jd_ut"":2122243.9046130264,""utc"":""1098-05-28T09:42:38.565Z"",""motion"":""retrograde""},{""jd_ut"":2122254.4017821187,""utc"":""1098-06-07T21:38:33.975Z"",""motion"":""direct""}]",3
F156.08,F156,156,8,Scorpio,210,2122837.0870988974,1100-01-11T14:05:25.345Z,2123911.934443525,1102-12-22T10:25:35.921Z,"[{""jd_ut"":2122837.0870988974,""utc"":""1100-01-11T14:05:25.345Z"",""motion"":""direct""},{""jd_ut"":2122893.0537628485,""utc"":""1100-03-08T13:17:25.110Z"",""motion"":""retrograde""},{""jd_ut"":2123097.4914009897,""utc"":""1100-09-28T23:47:37.046Z"",""motion"":""direct""}]",3
F156.09,F156,156,9,Sagittarius,240,2123911.934443525,1102-12-22T10:25:35.921Z,2125007.461932631,1105-12-21T23:05:10.979Z,"[{""jd_ut"":2123911.934443525,""utc"":""1102-12-22T10:25:35.921Z"",""motion"":""direct""},{""jd_ut"":2124091.441709673,""utc"":""1103-06-19T22:36:03.716Z"",""motion"":""retrograde""},{""jd_ut"":2124180.3417398604,""utc"":""1103-09-16T20:12:06.324Z"",""motion"":""direct""}]",3
F156.10,F156,156,10,Capricorn,270,2125007.461932631,1105-12-21T23:05:10.979Z,2125828.775272225,1108-03-22T06:36:23.520Z,"[{""jd_ut"":2125007.461932631,""utc"":""1105-12-21T23:05:10.979Z"",""motion"":""direct""}]",1
F156.11,F156,156,11,Aquarius,300,2125828.775272225,1108-03-22T06:36:23.520Z,2126903.474288041,1111-03-01T23:22:58.487Z,"[{""jd_ut"":2125828.775272225,""utc"":""1108-03-22T06:36:23.520Z"",""motion"":""direct""},{""jd_ut"":2125933.6501034936,""utc"":""1108-07-05T03:36:08.942Z"",""motion"":""retrograde""},{""jd_ut"":2126098.3126500146,""utc"":""1108-12-16T19:30:12.961Z"",""motion"":""direct""}]",3
F156.12,F156,156,12,Pisces,330,2126903.474288041,1111-03-01T23:22:58.487Z,2127699.883016818,1113-05-06T09:11:32.653Z,"[{""jd_ut"":2126903.474288041,""utc"":""1111-03-01T23:22:58.487Z"",""motion"":""direct""}]",1
F157.01,F157,157,1,Aries,0,2127699.883016818,1113-05-06T09:11:32.653Z,2128496.129983672,1115-07-11T15:07:10.589Z,"[{""jd_ut"":2127699.883016818,""utc"":""1113-05-06T09:11:32.653Z"",""motion"":""direct""},{""jd_ut"":2127847.8319122596,""utc"":""1113-10-01T07:57:57.219Z"",""motion"":""retrograde""},{""jd_ut"":2127965.614980717,""utc"":""1114-01-27T02:45:34.334Z"",""motion"":""direct""}]",3
F157.02,F157,157,2,Taurus,30,2128496.129983672,1115-07-11T15:07:10.589Z,2129524.923943232,1118-05-05T10:10:28.695Z,"[{""jd_ut"":2128496.129983672,""utc"":""1115-07-11T15:07:10.589Z"",""motion"":""direct""},{""jd_ut"":2128564.1776710786,""utc"":""1115-09-17T16:15:50.781Z"",""motion"":""retrograde""},{""jd_ut"":2128750.670075138,""utc"":""1116-03-22T04:04:54.492Z"",""motion"":""direct""}]",3
F157.03,F157,157,3,Gemini,60,2129524.923943232,1118-05-05T10:10:28.695Z,2130296.3436932433,1120-06-14T20:14:55.096Z,"[{""jd_ut"":2129524.923943232,""utc"":""1118-05-05T10:10:28.695Z"",""motion"":""direct""}]",1
F157.04,F157,157,4,Cancer,90,2130296.3436932433,1120-06-14T20:14:55.096Z,2131070.587365359,1122-07-29T02:05:48.367Z,"[{""jd_ut"":2130296.3436932433,""utc"":""1120-06-14T20:14:55.096Z"",""motion"":""direct""}]",1
F157.05,F157,157,5,Leo,120,2131070.587365359,1122-07-29T02:05:48.367Z,2131852.8441283684,1124-09-18T08:15:32.691Z,"[{""jd_ut"":2131070.587365359,""utc"":""1122-07-29T02:05:48.367Z"",""motion"":""direct""}]",1
F157.06,F157,157,6,Virgo,150,2131852.8441283684,1124-09-18T08:15:32.691Z,2132654.196668883,1126-11-28T16:43:12.191Z,"[{""jd_ut"":2131852.8441283684,""utc"":""1124-09-18T08:15:32.691Z"",""motion"":""direct""},{""jd_ut"":2132052.1585086593,""utc"":""1125-04-05T15:48:15.148Z"",""motion"":""retrograde""},{""jd_ut"":2132105.0880088992,""utc"":""1125-05-28T14:06:43.969Z"",""motion"":""direct""}]",3
F157.07,F157,157,7,Libra,180,2132654.196668883,1126-11-28T16:43:12.191Z,2133725.328848568,1129-11-03T19:53:32.516Z,"[{""jd_ut"":2132654.196668883,""utc"":""1126-11-28T16:43:12.191Z"",""motion"":""direct""},{""jd_ut"":2132742.5701684244,""utc"":""1127-02-25T01:41:02.552Z"",""motion"":""retrograde""},{""jd_ut"":2132919.3362325253,""utc"":""1127-08-20T20:04:10.490Z"",""motion"":""direct""}]",3
F157.08,F157,157,8,Scorpio,210,2133725.328848568,1129-11-03T19:53:32.516Z,2134556.96354952,1132-02-13T11:07:30.679Z,"[{""jd_ut"":2133725.328848568,""utc"":""1129-11-03T19:53:32.516Z"",""motion"":""direct""}]",1
F157.09,F157,157,9,Sagittarius,240,2134556.96354952,1132-02-13T11:07:30.679Z,2135634.9102939134,1135-01-26T09:50:49.394Z,"[{""jd_ut"":2134556.96354952,""utc"":""1132-02-13T11:07:30.679Z"",""motion"":""direct""},{""jd_ut"":2134608.6660581566,""utc"":""1132-04-05T03:59:07.425Z"",""motion"":""retrograde""},{""jd_ut"":2134817.100746054,""utc"":""1132-10-30T14:25:04.459Z"",""motion"":""direct""}]",3
F157.10,F157,157,10,Capricorn,270,2135634.9102939134,1135-01-26T09:50:49.394Z,2136726.0876531694,1138-01-21T14:06:13.234Z,"[{""jd_ut"":2135634.9102939134,""utc"":""1135-01-26T09:50:49.394Z"",""motion"":""direct""},{""jd_ut"":2135800.4065206265,""utc"":""1135-07-10T21:45:23.382Z"",""motion"":""retrograde""},{""jd_ut"":2135906.3623192487,""utc"":""1135-10-24T20:41:44.383Z"",""motion"":""direct""}]",3
F157.11,F157,157,11,Aquarius,300,2136726.0876531694,1138-01-21T14:06:13.234Z,2137534.8134787604,1140-04-09T07:31:24.565Z,"[{""jd_ut"":2136726.0876531694,""utc"":""1138-01-21T14:06:13.234Z"",""motion"":""direct""}]",1
F157.12,F157,157,12,Pisces,330,2137534.8134787604,1140-04-09T07:31:24.565Z,2138599.0356316734,1143-03-09T12:51:18.577Z,"[{""jd_ut"":2137534.8134787604,""utc"":""1140-04-09T07:31:24.565Z"",""motion"":""direct""},{""jd_ut"":2137670.690463055,""utc"":""1140-08-23T04:34:16.008Z"",""motion"":""retrograde""},{""jd_ut"":2137803.903391298,""utc"":""1141-01-03T09:40:53.008Z"",""motion"":""direct""}]",3
F158.01,F158,158,1,Aries,0,2138599.0356316734,1143-03-09T12:51:18.577Z,2139380.447566754,1145-04-28T22:44:29.768Z,"[{""jd_ut"":2138599.0356316734,""utc"":""1143-03-09T12:51:18.577Z"",""motion"":""direct""}]",1
F158.02,F158,158,2,Taurus,30,2139380.447566754,1145-04-28T22:44:29.768Z,2140154.896208682,1147-06-12T09:30:32.430Z,"[{""jd_ut"":2139380.447566754,""utc"":""1145-04-28T22:44:29.768Z"",""motion"":""direct""}]",1
F158.03,F158,158,3,Gemini,60,2140154.896208682,1147-06-12T09:30:32.430Z,2140926.9332556473,1149-07-23T10:23:53.288Z,"[{""jd_ut"":2140154.896208682,""utc"":""1147-06-12T09:30:32.430Z"",""motion"":""direct""}]",1
F158.04,F158,158,4,Cancer,90,2140926.9332556473,1149-07-23T10:23:53.288Z,2141702.776152538,1151-09-07T06:37:39.579Z,"[{""jd_ut"":2140926.9332556473,""utc"":""1149-07-23T10:23:53.288Z"",""motion"":""direct""},{""jd_ut"":2141116.5809162445,""utc"":""1150-01-29T01:56:31.164Z"",""motion"":""retrograde""},{""jd_ut"":2141179.095318336,""utc"":""1150-04-01T14:17:15.504Z"",""motion"":""direct""}]",3
F158.05,F158,158,5,Leo,120,2141702.776152538,1151-09-07T06:37:39.579Z,2142495.498087208,1153-11-07T23:57:14.735Z,"[{""jd_ut"":2141702.776152538,""utc"":""1151-09-07T06:37:39.579Z"",""motion"":""direct""},{""jd_ut"":2141846.916025658,""utc"":""1152-01-29T09:59:04.617Z"",""motion"":""retrograde""},{""jd_ut"":2141965.2416178733,""utc"":""1152-05-26T17:47:55.784Z"",""motion"":""direct""}]",3
F158.06,F158,158,6,Virgo,150,2142495.498087208,1153-11-07T23:57:14.735Z,2143548.2954471195,1156-09-25T19:05:26.631Z,"[{""jd_ut"":2142495.498087208,""utc"":""1153-11-07T23:57:14.735Z"",""motion"":""direct""},{""jd_ut"":2142563.593966732,""utc"":""1154-01-15T02:15:18.726Z"",""motion"":""retrograde""},{""jd_ut"":2142753.689394096,""utc"":""1154-07-24T04:32:43.650Z"",""motion"":""direct""}]",3
F158.07,F158,158,7,Libra,180,2143548.2954471195,1156-09-25T19:05:26.631Z,2144356.9725865396,1158-12-13T11:20:31.477Z,"[{""jd_ut"":2143548.2954471195,""utc"":""1156-09-25T19:05:26.631Z"",""motion"":""direct""}]",1
F158.08,F158,158,8,Scorpio,210,2144356.9725865396,1158-12-13T11:20:31.477Z,2145444.5869791685,1161-12-05T02:05:15.000Z,"[{""jd_ut"":2144356.9725865396,""utc"":""1158-12-13T11:20:31.477Z"",""motion"":""direct""},{""jd_ut"":2144479.200147828,""utc"":""1159-04-14T16:48:12.772Z"",""motion"":""retrograde""},{""jd_ut"":2144628.269183729,""utc"":""1159-09-10T18:27:37.474Z"",""motion"":""direct""}]",3
F158.09,F158,158,9,Sagittarius,240,2145444.5869791685,1161-12-05T02:05:15.000Z,2146541.0794632426,1164-12-05T13:54:25.624Z,"[{""jd_ut"":2145444.5869791685,""utc"":""1161-12-05T02:05:15.000Z"",""motion"":""direct""}]",1
F158.10,F158,158,10,Capricorn,270,2146541.0794632426,1164-12-05T13:54:25.624Z,2147356.7352573844,1167-03-01T05:38:46.238Z,"[{""jd_ut"":2146541.0794632426,""utc"":""1164-12-05T13:54:25.624Z"",""motion"":""direct""}]",1
F158.11,F158,158,11,Aquarius,300,2147356.7352573844,1167-03-01T05:38:46.238Z,2148437.317235711,1170-02-13T19:36:49.165Z,"[{""jd_ut"":2147356.7352573844,""utc"":""1167-03-01T05:38:46.238Z"",""motion"":""direct""},{""jd_ut"":2147513.8389214696,""utc"":""1167-08-05T08:08:02.815Z"",""motion"":""retrograde""},{""jd_ut"":2147627.703816207,""utc"":""1167-11-27T04:53:29.720Z"",""motion"":""direct""}]",3
F158.12,F158,158,12,Pisces,330,2148437.317235711,1170-02-13T19:36:49.165Z,2149230.981701752,1172-04-17T11:33:39.031Z,"[{""jd_ut"":2148437.317235711,""utc"":""1170-02-13T19:36:49.165Z"",""motion"":""direct""}]",1
F159.01,F159,159,1,Aries,0,2149230.981701752,1172-04-17T11:33:39.031Z,2150017.848729627,1174-06-13T08:22:10.240Z,"[{""jd_ut"":2149230.981701752,""utc"":""1172-04-17T11:33:39.031Z"",""motion"":""direct""},{""jd_ut"":2149434.2099404084,""utc"":""1172-11-06T17:02:18.851Z"",""motion"":""retrograde""},{""jd_ut"":2149484.986146453,""utc"":""1172-12-27T11:40:03.054Z"",""motion"":""direct""}]",3
F159.02,F159,159,2,Taurus,30,2150017.848729627,1174-06-13T08:22:10.240Z,2150800.803440649,1176-08-04T07:16:57.272Z,"[{""jd_ut"":2150017.848729627,""utc"":""1174-06-13T08:22:10.240Z"",""motion"":""direct""},{""jd_ut"":2150148.2884585196,""utc"":""1174-10-21T18:55:22.816Z"",""motion"":""retrograde""},{""jd_ut"":2150281.168016392,""utc"":""1175-03-03T16:01:56.616Z"",""motion"":""direct""}]",3
F159.03,F159,159,3,Gemini,60,2150800.803440649,1176-08-04T07:16:57.272Z,2151829.170565841,1179-05-29T16:05:36.889Z,"[{""jd_ut"":2150800.803440649,""utc"":""1176-08-04T07:16:57.272Z"",""motion"":""direct""},{""jd_ut"":2150881.525466987,""utc"":""1176-10-24T00:36:40.348Z"",""motion"":""retrograde""},{""jd_ut"":2151057.1041694283,""utc"":""1177-04-17T14:30:00.239Z"",""motion"":""direct""}]",3
F159.04,F159,159,4,Cancer,90,2151829.170565841,1179-05-29T16:05:36.889Z,2152603.820050326,1181-07-12T07:40:52.348Z,"[{""jd_ut"":2151829.170565841,""utc"":""1179-05-29T16:05:36.889Z"",""motion"":""direct""}]",1
F159.05,F159,159,5,Leo,120,2152603.820050326,1181-07-12T07:40:52.348Z,2153385.6201453097,1183-09-02T02:53:00.555Z,"[{""jd_ut"":2152603.820050326,""utc"":""1181-07-12T07:40:52.348Z"",""motion"":""direct""}]",1
F159.06,F159,159,6,Virgo,150,2153385.6201453097,1183-09-02T02:53:00.555Z,2154180.331922179,1185-11-04T19:57:58.076Z,"[{""jd_ut"":2153385.6201453097,""utc"":""1183-09-02T02:53:00.555Z"",""motion"":""direct""}]",1
F159.07,F159,159,7,Libra,180,2154180.331922179,1185-11-04T19:57:58.076Z,2155258.8925657114,1188-10-18T09:25:17.677Z,"[{""jd_ut"":2154180.331922179,""utc"":""1185-11-04T19:57:58.076Z"",""motion"":""direct""},{""jd_ut"":2154323.9107539607,""utc"":""1186-03-28T09:51:29.142Z"",""motion"":""retrograde""},{""jd_ut"":2154448.4585665166,""utc"":""1186-07-30T23:00:20.147Z"",""motion"":""direct""}]",3
F159.08,F159,159,8,Scorpio,210,2155258.8925657114,1188-10-18T09:25:17.677Z,2156076.4953737287,1191-01-13T23:53:20.290Z,"[{""jd_ut"":2155258.8925657114,""utc"":""1188-10-18T09:25:17.677Z"",""motion"":""direct""}]",1
F159.09,F159,159,9,Sagittarius,240,2156076.4953737287,1191-01-13T23:53:20.290Z,2157167.5856492063,1194-01-09T02:03:20.091Z,"[{""jd_ut"":2156076.4953737287,""utc"":""1191-01-13T23:53:20.290Z"",""motion"":""direct""},{""jd_ut"":2156194.7352948813,""utc"":""1191-05-12T05:38:49.478Z"",""motion"":""retrograde""},{""jd_ut"":2156348.9748765426,""utc"":""1191-10-13T11:23:49.333Z"",""motion"":""direct""}]",3
F159.10,F159,159,10,Capricorn,270,2157167.5856492063,1194-01-09T02:03:20.091Z,2158260.2304109866,1197-01-05T17:31:47.509Z,"[{""jd_ut"":2157167.5856492063,""utc"":""1194-01-09T02:03:20.091Z"",""motion"":""direct""},{""jd_ut"":2157396.023373395,""utc"":""1194-08-25T12:33:39.461Z"",""motion"":""retrograde""},{""jd_ut"":2157415.716620178,""utc"":""1194-09-14T05:11:55.983Z"",""motion"":""direct""}]",3
F159.11,F159,159,11,Aquarius,300,2158260.2304109866,1197-01-05T17:31:47.509Z,2159065.7832023045,1199-03-22T06:47:48.679Z,"[{""jd_ut"":2158260.2304109866,""utc"":""1197-01-05T17:31:47.509Z"",""motion"":""direct""}]",1
F159.12,F159,159,12,Pisces,330,2159065.7832023045,1199-03-22T06:47:48.679Z,2159875.3241179306,1201-06-08T19:46:43.789Z,"[{""jd_ut"":2159065.7832023045,""utc"":""1199-03-22T06:47:48.679Z"",""motion"":""direct""},{""jd_ut"":2159251.8217909876,""utc"":""1199-09-24T07:43:22.741Z"",""motion"":""retrograde""},{""jd_ut"":2159329.3774587456,""utc"":""1199-12-10T21:03:32.436Z"",""motion"":""direct""}]",3
F160.01,F160,160,1,Aries,0,2159875.3241179306,1201-06-08T19:46:43.789Z,2160914.2415784784,1204-04-12T17:47:52.381Z,"[{""jd_ut"":2159875.3241179306,""utc"":""1201-06-08T19:46:43.789Z"",""motion"":""direct""},{""jd_ut"":2159944.274923468,""utc"":""1201-08-16T18:35:53.388Z"",""motion"":""retrograde""},{""jd_ut"":2160132.4116937965,""utc"":""1202-02-20T21:52:50.344Z"",""motion"":""direct""}]",3
F160.02,F160,160,2,Taurus,30,2160914.2415784784,1204-04-12T17:47:52.381Z,2161688.1655894592,1206-05-26T15:58:26.929Z,"[{""jd_ut"":2160914.2415784784,""utc"":""1204-04-12T17:47:52.381Z"",""motion"":""direct""}]",1
F160.03,F160,160,3,Gemini,60,2161688.1655894592,1206-05-26T15:58:26.929Z,2162459.5163399624,1208-07-06T00:23:31.773Z,"[{""jd_ut"":2161688.1655894592,""utc"":""1206-05-26T15:58:26.929Z"",""motion"":""direct""}]",1
F160.04,F160,160,4,Cancer,90,2162459.5163399624,1208-07-06T00:23:31.773Z,2163233.7624267917,1210-08-19T06:17:53.675Z,"[{""jd_ut"":2162459.5163399624,""utc"":""1208-07-06T00:23:31.773Z"",""motion"":""direct""}]",1
F160.05,F160,160,5,Leo,120,2163233.7624267917,1210-08-19T06:17:53.675Z,2164018.227724799,1212-10-11T17:27:55.423Z,"[{""jd_ut"":2163233.7624267917,""utc"":""1210-08-19T06:17:53.675Z"",""motion"":""direct""},{""jd_ut"":2163434.9406694546,""utc"":""1211-03-08T10:34:33.841Z"",""motion"":""retrograde""},{""jd_ut"":2163482.1872024015,""utc"":""1211-04-24T16:29:34.287Z"",""motion"":""direct""}]",3
F160.06,F160,160,6,Virgo,150,2164018.227724799,1212-10-11T17:27:55.423Z,2165081.5733511886,1215-09-10T01:45:37.543Z,"[{""jd_ut"":2164018.227724799,""utc"":""1212-10-11T17:27:55.423Z"",""motion"":""direct""},{""jd_ut"":2164147.0652028164,""utc"":""1213-02-17T13:33:53.523Z"",""motion"":""retrograde""},{""jd_ut"":2164283.7256956967,""utc"":""1213-07-04T05:25:00.108Z"",""motion"":""direct""}]",3
F160.07,F160,160,7,Libra,180,2165081.5733511886,1215-09-10T01:45:37.543Z,2165886.8210016023,1217-11-23T07:42:14.538Z,"[{""jd_ut"":2165081.5733511886,""utc"":""1215-09-10T01:45:37.543Z"",""motion"":""direct""}]",1
F160.08,F160,160,8,Scorpio,210,2165886.8210016023,1217-11-23T07:42:14.538Z,2166978.250637116,1220-11-18T18:00:55.047Z,"[{""jd_ut"":2165886.8210016023,""utc"":""1217-11-23T07:42:14.538Z"",""motion"":""direct""},{""jd_ut"":2166060.254623155,""utc"":""1218-05-15T18:06:39.441Z"",""motion"":""retrograde""},{""jd_ut"":2166154.369768222,""utc"":""1218-08-17T20:52:27.974Z"",""motion"":""direct""}]",3
F160.09,F160,160,9,Sagittarius,240,2166978.250637116,1220-11-18T18:00:55.047Z,2167803.528292547,1223-02-22T00:40:44.476Z,"[{""jd_ut"":2166978.250637116,""utc"":""1220-11-18T18:00:55.047Z"",""motion"":""direct""}]",1
F160.10,F160,160,10,Capricorn,270,2167803.528292547,1223-02-22T00:40:44.476Z,2168889.035940417,1226-02-11T12:51:45.252Z,"[{""jd_ut"":2167803.528292547,""utc"":""1223-02-22T00:40:44.476Z"",""motion"":""direct""},{""jd_ut"":2167901.457266841,""utc"":""1223-05-30T22:58:27.855Z"",""motion"":""retrograde""},{""jd_ut"":2168073.9132376965,""utc"":""1223-11-19T09:55:03.737Z"",""motion"":""direct""}]",3
F160.11,F160,160,11,Aquarius,300,2168889.035940417,1226-02-11T12:51:45.252Z,2169724.443728097,1228-05-26T22:38:58.108Z,"[{""jd_ut"":2168889.035940417,""utc"":""1226-02-11T12:51:45.252Z"",""motion"":""direct""},{""jd_ut"":2169100.8952407623,""utc"":""1226-09-11T09:29:08.802Z"",""motion"":""retrograde""},{""jd_ut"":2169146.0807581944,""utc"":""1226-10-26T13:56:17.508Z"",""motion"":""direct""}]",3
F160.12,F160,160,12,Pisces,330,2169724.443728097,1228-05-26T22:38:58.108Z,2170764.814726497,1231-04-02T07:33:12.369Z,"[{""jd_ut"":2169724.443728097,""utc"":""1228-05-26T22:38:58.108Z"",""motion"":""direct""},{""jd_ut"":2169753.142346478,""utc"":""1228-06-24T15:24:58.736Z"",""motion"":""retrograde""},{""jd_ut"":2169971.4918352934,""utc"":""1229-01-28T23:48:14.569Z"",""motion"":""direct""}]",3
F161.01,F161,161,1,Aries,0,2170764.814726497,1231-04-02T07:33:12.369Z,2171548.663206255,1233-05-25T03:55:01.020Z,"[{""jd_ut"":2170764.814726497,""utc"":""1231-04-02T07:33:12.369Z"",""motion"":""direct""}]",1
F161.02,F161,161,2,Taurus,30,2171548.663206255,1233-05-25T03:55:01.020Z,2172326.1125573665,1235-07-11T14:42:04.956Z,"[{""jd_ut"":2171548.663206255,""utc"":""1233-05-25T03:55:01.020Z"",""motion"":""direct""},{""jd_ut"":2171728.7414872665,""utc"":""1233-11-21T05:47:44.500Z"",""motion"":""retrograde""},{""jd_ut"":2171807.001835067,""utc"":""1234-02-07T12:02:38.550Z"",""motion"":""direct""}]",3
F161.03,F161,161,3,Gemini,60,2172326.1125573665,1235-07-11T14:42:04.956Z,2173101.7273809537,1237-08-25T05:27:25.714Z,"[{""jd_ut"":2172326.1125573665,""utc"":""1235-07-11T14:42:04.956Z"",""motion"":""direct""},{""jd_ut"":2172462.2152182963,""utc"":""1235-11-24T17:09:54.861Z"",""motion"":""retrograde""},{""jd_ut"":2172587.833029774,""utc"":""1236-03-29T07:59:33.772Z"",""motion"":""direct""}]",3
F161.04,F161,161,4,Cancer,90,2173101.7273809537,1237-08-25T05:27:25.714Z,2173889.8263792964,1239-10-22T07:49:59.171Z,"[{""jd_ut"":2173101.7273809537,""utc"":""1237-08-25T05:27:25.714Z"",""motion"":""direct""},{""jd_ut"":2173202.7789670574,""utc"":""1237-12-04T06:41:42.754Z"",""motion"":""retrograde""},{""jd_ut"":2173361.4501216663,""utc"":""1238-05-11T22:48:10.512Z"",""motion"":""direct""}]",3
F161.05,F161,161,5,Leo,120,2173889.8263792964,1239-10-22T07:49:59.171Z,2174919.46923473,1242-08-16T23:15:41.881Z,"[{""jd_ut"":2173889.8263792964,""utc"":""1239-10-22T07:49:59.171Z"",""motion"":""direct""},{""jd_ut"":2173930.6077788044,""utc"":""1239-12-02T02:35:12.089Z"",""motion"":""retrograde""},{""jd_ut"":2174137.1637285473,""utc"":""1240-06-25T15:55:46.146Z"",""motion"":""direct""}]",3
F161.06,F161,161,6,Virgo,150,2174919.46923473,1242-08-16T23:15:41.881Z,2175711.942269587,1244-10-17T10:36:52.092Z,"[{""jd_ut"":2174919.46923473,""utc"":""1242-08-16T23:15:41.881Z"",""motion"":""direct""}]",1
F161.07,F161,161,7,Libra,180,2175711.942269587,1244-10-17T10:36:52.092Z,2176545.6659951797,1247-01-29T03:59:01.984Z,"[{""jd_ut"":2175711.942269587,""utc"":""1244-10-17T10:36:52.092Z"",""motion"":""direct""},{""jd_ut"":2175908.697211257,""utc"":""1245-05-02T04:43:59.053Z"",""motion"":""retrograde""},{""jd_ut"":2175968.8501824327,""utc"":""1245-07-01T08:24:15.762Z"",""motion"":""direct""}]",3
F161.08,F161,161,8,Scorpio,210,2176545.6659951797,1247-01-29T03:59:01.984Z,2177606.7196467435,1249-12-25T05:16:17.479Z,"[{""jd_ut"":2176545.6659951797,""utc"":""1247-01-29T03:59:01.984Z"",""motion"":""direct""},{""jd_ut"":2176564.293450419,""utc"":""1247-02-16T19:02:34.116Z"",""motion"":""retrograde""},{""jd_ut"":2176792.5049152253,""utc"":""1247-10-03T00:07:04.675Z"",""motion"":""direct""}]",3
F161.09,F161,161,9,Sagittarius,240,2177606.7196467435,1249-12-25T05:16:17.479Z,2178701.930811259,1252-12-24T10:20:22.093Z,"[{""jd_ut"":2177606.7196467435,""utc"":""1249-12-25T05:16:17.479Z"",""motion"":""direct""},{""jd_ut"":2177773.922895097,""utc"":""1250-06-10T10:08:58.136Z"",""motion"":""retrograde""},{""jd_ut"":2177877.35188812,""utc"":""1250-09-21T20:26:43.134Z"",""motion"":""direct""}]",3
F161.10,F161,161,10,Capricorn,270,2178701.930811259,1252-12-24T10:20:22.093Z,2179527.202543107,1255-03-29T16:51:39.724Z,"[{""jd_ut"":2178701.930811259,""utc"":""1252-12-24T10:20:22.093Z"",""motion"":""direct""}]",1
F161.11,F161,161,11,Aquarius,300,2179527.202543107,1255-03-29T16:51:39.724Z,2180599.8446420906,1258-03-06T08:16:17.077Z,"[{""jd_ut"":2179527.202543107,""utc"":""1255-03-29T16:51:39.724Z"",""motion"":""direct""},{""jd_ut"":2179614.14613379,""utc"":""1255-06-24T15:30:25.959Z"",""motion"":""retrograde""},{""jd_ut"":2179794.253491381,""utc"":""1255-12-21T18:05:01.655Z"",""motion"":""direct""}]",3
F161.12,F161,161,12,Pisces,330,2180599.8446420906,1258-03-06T08:16:17.077Z,2181399.216976649,1260-05-13T17:12:26.782Z,"[{""jd_ut"":2180599.8446420906,""utc"":""1258-03-06T08:16:17.077Z"",""motion"":""direct""}]",1
F162.01,F162,162,1,Aries,0,2181399.216976649,1260-05-13T17:12:26.782Z,2182448.775113743,1263-03-29T06:36:09.827Z,"[{""jd_ut"":2181399.216976649,""utc"":""1260-05-13T17:12:26.782Z"",""motion"":""direct""},{""jd_ut"":2181525.480962052,""utc"":""1260-09-16T23:32:35.121Z"",""motion"":""retrograde""},{""jd_ut"":2181665.0788507406,""utc"":""1261-02-03T13:53:32.704Z"",""motion"":""direct""}]",3
F162.02,F162,162,2,Taurus,30,2182448.775113743,1263-03-29T06:36:09.827Z,2183222.7594137685,1265-05-11T06:13:33.350Z,"[{""jd_ut"":2182448.775113743,""utc"":""1263-03-29T06:36:09.827Z"",""motion"":""direct""}]",1
F162.03,F162,162,3,Gemini,60,2183222.7594137685,1265-05-11T06:13:33.350Z,2183993.88207174,1267-06-21T09:10:10.998Z,"[{""jd_ut"":2183222.7594137685,""utc"":""1265-05-11T06:13:33.350Z"",""motion"":""direct""}]",1
F162.04,F162,162,4,Cancer,90,2183993.88207174,1267-06-21T09:10:10.998Z,2184767.4856425,1269-08-02T23:39:19.512Z,"[{""jd_ut"":2183993.88207174,""utc"":""1267-06-21T09:10:10.998Z"",""motion"":""direct""}]",1
F162.05,F162,162,5,Leo,120,2184767.4856425,1269-08-02T23:39:19.512Z,2185549.2428063806,1271-09-23T17:49:38.471Z,"[{""jd_ut"":2184767.4856425,""utc"":""1269-08-02T23:39:19.512Z"",""motion"":""direct""}]",1
F162.06,F162,162,6,Virgo,150,2185549.2428063806,1271-09-23T17:49:38.471Z,2186353.3772686655,1273-12-05T21:03:16.013Z,"[{""jd_ut"":2185549.2428063806,""utc"":""1271-09-23T17:49:38.471Z"",""motion"":""direct""},{""jd_ut"":2185727.999306298,""utc"":""1272-03-20T11:59:00.064Z"",""motion"":""retrograde""},{""jd_ut"":2185808.551316495,""utc"":""1272-06-09T01:13:53.745Z"",""motion"":""direct""}]",3
F162.07,F162,162,7,Libra,180,2186353.3772686655,1273-12-05T21:03:16.013Z,2187419.8512821784,1276-11-06T08:25:50.780Z,"[{""jd_ut"":2186353.3772686655,""utc"":""1273-12-05T21:03:16.013Z"",""motion"":""direct""},{""jd_ut"":2186422.9506652337,""utc"":""1274-02-13T10:48:57.476Z"",""motion"":""retrograde""},{""jd_ut"":2186614.707786061,""utc"":""1274-08-24T04:59:12.716Z"",""motion"":""direct""}]",3
F162.08,F162,162,8,Scorpio,210,2187419.8512821784,1276-11-06T08:25:50.780Z,2188512.200083852,1279-11-03T16:48:07.245Z,"[{""jd_ut"":2187419.8512821784,""utc"":""1276-11-06T08:25:50.780Z"",""motion"":""direct""}]",1
F162.09,F162,162,9,Sagittarius,240,2188512.200083852,1279-11-03T16:48:07.245Z,2189331.669666713,1282-01-31T04:04:19.204Z,"[{""jd_ut"":2188512.200083852,""utc"":""1279-11-03T16:48:07.245Z"",""motion"":""direct""}]",1
F162.10,F162,162,10,Capricorn,270,2189331.669666713,1282-01-31T04:04:19.204Z,2190423.339540502,1285-01-26T20:08:56.299Z,"[{""jd_ut"":2189331.669666713,""utc"":""1282-01-31T04:04:19.204Z"",""motion"":""direct""},{""jd_ut"":2189480.5401356276,""utc"":""1282-06-29T00:57:47.718Z"",""motion"":""retrograde""},{""jd_ut"":2189604.6880917493,""utc"":""1282-10-31T04:30:51.127Z"",""motion"":""direct""}]",3
F162.11,F162,162,11,Aquarius,300,2190423.339540502,1285-01-26T20:08:56.299Z,2191237.7831337377,1287-04-21T06:47:42.755Z,"[{""jd_ut"":2190423.339540502,""utc"":""1285-01-26T20:08:56.299Z"",""motion"":""direct""}]",1
F162.12,F162,162,12,Pisces,330,2191237.7831337377,1287-04-21T06:47:42.755Z,2192299.9990110546,1290-03-18T11:58:34.555Z,"[{""jd_ut"":2191237.7831337377,""utc"":""1287-04-21T06:47:42.755Z"",""motion"":""direct""},{""jd_ut"":2191344.1139283245,""utc"":""1287-08-05T14:44:03.407Z"",""motion"":""retrograde""},{""jd_ut"":2191505.147542444,""utc"":""1288-01-13T15:32:27.667Z"",""motion"":""direct""}]",3
F163.01,F163,163,1,Aries,0,2192299.9990110546,1290-03-18T11:58:34.555Z,2193082.7391696414,1292-05-09T05:44:24.257Z,"[{""jd_ut"":2192299.9990110546,""utc"":""1290-03-18T11:58:34.555Z"",""motion"":""direct""}]",1
F163.02,F163,163,2,Taurus,30,2193082.7391696414,1292-05-09T05:44:24.257Z,2193858.267887743,1294-06-23T18:25:45.501Z,"[{""jd_ut"":2193082.7391696414,""utc"":""1292-05-09T05:44:24.257Z"",""motion"":""direct""}]",1
F163.03,F163,163,3,Gemini,60,2193858.267887743,1294-06-23T18:25:45.501Z,2194631.016345172,1296-08-04T12:23:32.223Z,"[{""jd_ut"":2193858.267887743,""utc"":""1294-06-23T18:25:45.501Z"",""motion"":""direct""},{""jd_ut"":2194041.9864680683,""utc"":""1294-12-24T11:40:30.841Z"",""motion"":""retrograde""},{""jd_ut"":2194113.3119855244,""utc"":""1295-03-05T19:29:15.549Z"",""motion"":""direct""}]",3
F163.04,F163,163,4,Cancer,90,2194631.016345172,1296-08-04T12:23:32.223Z,2195408.1756719127,1298-09-20T16:12:58.053Z,"[{""jd_ut"":2194631.016345172,""utc"":""1296-08-04T12:23:32.223Z"",""motion"":""direct""},{""jd_ut"":2194780.4486284936,""utc"":""1296-12-31T22:46:01.502Z"",""motion"":""retrograde""},{""jd_ut"":2194891.7316445243,""utc"":""1297-04-22T05:33:34.087Z"",""motion"":""direct""}]",3
F163.05,F163,163,5,Leo,120,2195408.1756719127,1298-09-20T16:12:58.053Z,2196454.0055260407,1301-08-02T12:07:57.450Z,"[{""jd_ut"":2195408.1756719127,""utc"":""1298-09-20T16:12:58.053Z"",""motion"":""direct""},{""jd_ut"":2195516.5465963287,""utc"":""1299-01-07T01:07:05.923Z"",""motion"":""retrograde""},{""jd_ut"":2195670.0217618616,""utc"":""1299-06-09T12:31:20.225Z"",""motion"":""direct""}]",3
F163.06,F163,163,6,Virgo,150,2196454.0055260407,1301-08-02T12:07:57.450Z,2197246.198287531,1303-10-03T16:45:32.043Z,"[{""jd_ut"":2196454.0055260407,""utc"":""1301-08-02T12:07:57.450Z"",""motion"":""direct""}]",1
F163.07,F163,163,7,Libra,180,2197246.198287531,1303-10-03T16:45:32.043Z,2198056.3383592563,1305-12-21T20:07:14.240Z,"[{""jd_ut"":2197246.198287531,""utc"":""1303-10-03T16:45:32.043Z"",""motion"":""direct""}]",1
F163.08,F163,163,8,Scorpio,210,2198056.3383592563,1305-12-21T20:07:14.240Z,2199140.4051127806,1308-12-09T21:43:21.744Z,"[{""jd_ut"":2198056.3383592563,""utc"":""1305-12-21T20:07:14.240Z"",""motion"":""direct""},{""jd_ut"":2198158.1735398322,""utc"":""1306-04-02T16:09:53.842Z"",""motion"":""retrograde""},{""jd_ut"":2198325.715859321,""utc"":""1306-09-17T05:10:50.245Z"",""motion"":""direct""}]",3
F163.09,F163,163,9,Sagittarius,240,2199140.4051127806,1308-12-09T21:43:21.744Z,2200237.0243230527,1311-12-11T12:35:01.512Z,"[{""jd_ut"":2199140.4051127806,""utc"":""1308-12-09T21:43:21.744Z"",""motion"":""direct""},{""jd_ut"":2199368.4413706195,""utc"":""1309-07-25T22:35:34.422Z"",""motion"":""retrograde""},{""jd_ut"":2199387.2074432718,""utc"":""1309-08-13T16:58:43.099Z"",""motion"":""direct""}]",3
F163.10,F163,163,10,Capricorn,270,2200237.0243230527,1311-12-11T12:35:01.512Z,2201054.882866565,1314-03-08T09:11:19.671Z,"[{""jd_ut"":2200237.0243230527,""utc"":""1311-12-11T12:35:01.512Z"",""motion"":""direct""}]",1
F163.11,F163,163,11,Aquarius,300,2201054.882866565,1314-03-08T09:11:19.671Z,2202135.447058498,1317-02-20T22:43:45.854Z,"[{""jd_ut"":2201054.882866565,""utc"":""1314-03-08T09:11:19.671Z"",""motion"":""direct""},{""jd_ut"":2201192.2837965535,""utc"":""1314-07-23T18:48:40.022Z"",""motion"":""retrograde""},{""jd_ut"":2201327.008622054,""utc"":""1314-12-05T12:12:24.945Z"",""motion"":""direct""}]",3
F163.12,F163,163,12,Pisces,330,2202135.447058498,1317-02-20T22:43:45.854Z,2202931.4239842324,1319-04-27T22:10:32.238Z,"[{""jd_ut"":2202135.447058498,""utc"":""1317-02-20T22:43:45.854Z"",""motion"":""direct""}]",1
F164.01,F164,164,1,Aries,0,2202931.4239842324,1319-04-27T22:10:32.238Z,2203723.2976801973,1321-06-27T19:08:39.569Z,"[{""jd_ut"":2202931.4239842324,""utc"":""1319-04-27T22:10:32.238Z"",""motion"":""direct""},{""jd_ut"":2203101.7818171335,""utc"":""1319-10-15T06:45:49.000Z"",""motion"":""retrograde""},{""jd_ut"":2203195.083520136,""utc"":""1320-01-16T14:00:16.140Z"",""motion"":""direct""}]",3
F164.02,F164,164,2,Taurus,30,2203723.2976801973,1321-06-27T19:08:39.569Z,2204758.339815776,1324-04-27T20:09:20.083Z,"[{""jd_ut"":2203723.2976801973,""utc"":""1321-06-27T19:08:39.569Z"",""motion"":""direct""},{""jd_ut"":2203819.2480525,""utc"":""1321-10-01T17:57:11.736Z"",""motion"":""retrograde""},{""jd_ut"":2203983.5496909143,""utc"":""1322-03-15T01:11:33.295Z"",""motion"":""direct""}]",3
F164.03,F164,164,3,Gemini,60,2204758.339815776,1324-04-27T20:09:20.083Z,2205529.6198145654,1326-06-08T02:52:31.978Z,"[{""jd_ut"":2204758.339815776,""utc"":""1324-04-27T20:09:20.083Z"",""motion"":""direct""}]",1
F164.04,F164,164,4,Cancer,90,2205529.6198145654,1326-06-08T02:52:31.978Z,2206303.0895727854,1328-07-20T14:08:59.089Z,"[{""jd_ut"":2205529.6198145654,""utc"":""1326-06-08T02:52:31.978Z"",""motion"":""direct""}]",1
F164.05,F164,164,5,Leo,120,2206303.0895727854,1328-07-20T14:08:59.089Z,2207083.6938262684,1330-09-09T04:39:06.590Z,"[{""jd_ut"":2206303.0895727854,""utc"":""1328-07-20T14:08:59.089Z"",""motion"":""direct""}]",1
F164.06,F164,164,6,Virgo,150,2207083.6938262684,1330-09-09T04:39:06.590Z,2207878.7188614197,1332-11-12T05:15:09.627Z,"[{""jd_ut"":2207083.6938262684,""utc"":""1330-09-09T04:39:06.590Z"",""motion"":""direct""}]",1
F164.07,F164,164,7,Libra,180,2207878.7188614197,1332-11-12T05:15:09.627Z,2208954.5129401293,1335-10-24T00:18:38.027Z,"[{""jd_ut"":2207878.7188614197,""utc"":""1332-11-12T05:15:09.627Z"",""motion"":""direct""},{""jd_ut"":2208003.0378615726,""utc"":""1333-03-16T12:54:31.240Z"",""motion"":""retrograde""},{""jd_ut"":2208146.9870834555,""utc"":""1333-08-07T11:41:24.011Z"",""motion"":""direct""}]",3
F164.08,F164,164,8,Scorpio,210,2208954.5129401293,1335-10-24T00:18:38.027Z,2209774.879193523,1338-01-21T09:06:02.320Z,"[{""jd_ut"":2208954.5129401293,""utc"":""1335-10-24T00:18:38.027Z"",""motion"":""direct""}]",1
F164.09,F164,164,9,Sagittarius,240,2209774.879193523,1338-01-21T09:06:02.320Z,2210864.6591662774,1341-01-15T03:49:11.966Z,"[{""jd_ut"":2209774.879193523,""utc"":""1338-01-21T09:06:02.320Z"",""motion"":""direct""},{""jd_ut"":2209874.864095431,""utc"":""1338-05-01T08:44:17.845Z"",""motion"":""retrograde""},{""jd_ut"":2210045.7305447925,""utc"":""1338-10-19T05:31:59.070Z"",""motion"":""direct""}]",3
F164.10,F164,164,10,Capricorn,270,2210864.6591662774,1341-01-15T03:49:11.966Z,2211958.79732956,1344-01-14T07:08:09.274Z,"[{""jd_ut"":2210864.6591662774,""utc"":""1341-01-15T03:49:11.966Z"",""motion"":""direct""},{""jd_ut"":2211061.490797336,""utc"":""1341-07-30T23:46:44.890Z"",""motion"":""retrograde""},{""jd_ut"":2211129.1228263965,""utc"":""1341-10-06T14:56:52.201Z"",""motion"":""direct""}]",3
F164.11,F164,164,11,Aquarius,300,2211958.79732956,1344-01-14T07:08:09.274Z,2212768.205059099,1346-04-02T16:55:17.106Z,"[{""jd_ut"":2211958.79732956,""utc"":""1344-01-14T07:08:09.274Z"",""motion"":""direct""}]",1
F164.12,F164,164,12,Pisces,330,2212768.205059099,1346-04-02T16:55:17.106Z,2213836.1822228096,1349-03-05T16:22:24.051Z,"[{""jd_ut"":2212768.205059099,""utc"":""1346-04-02T16:55:17.106Z"",""motion"":""direct""},{""jd_ut"":2212920.2365149083,""utc"":""1346-09-01T17:40:34.888Z"",""motion"":""retrograde""},{""jd_ut"":2213037.33181455,""utc"":""1346-12-27T19:57:48.777Z"",""motion"":""direct""}]",3
F165.01,F165,165,1,Aries,0,2213836.1822228096,1349-03-05T16:22:24.051Z,2214618.927245115,1351-04-27T10:15:13.978Z,"[{""jd_ut"":2213836.1822228096,""utc"":""1349-03-05T16:22:24.051Z"",""motion"":""direct""}]",1
F165.02,F165,165,2,Taurus,30,2214618.927245115,1351-04-27T10:15:13.978Z,2215393.6940808855,1353-06-10T04:39:28.589Z,"[{""jd_ut"":2214618.927245115,""utc"":""1351-04-27T10:15:13.978Z"",""motion"":""direct""}]",1
F165.03,F165,165,3,Gemini,60,2215393.6940808855,1353-06-10T04:39:28.589Z,2216165.2798211016,1355-07-21T18:42:56.543Z,"[{""jd_ut"":2215393.6940808855,""utc"":""1353-06-10T04:39:28.589Z"",""motion"":""direct""}]",1
F165.04,F165,165,4,Cancer,90,2216165.2798211016,1355-07-21T18:42:56.543Z,2216939.7260737717,1357-09-03T05:25:32.774Z,"[{""jd_ut"":2216165.2798211016,""utc"":""1355-07-21T18:42:56.543Z"",""motion"":""direct""},{""jd_ut"":2216360.8149654614,""utc"":""1356-02-02T07:33:33.016Z"",""motion"":""retrograde""},{""jd_ut"":2216415.2052253867,""utc"":""1356-03-27T16:55:31.473Z"",""motion"":""direct""}]",3
F165.05,F165,165,5,Leo,120,2216939.7260737717,1357-09-03T05:25:32.774Z,2217727.299072395,1359-10-30T19:10:39.855Z,"[{""jd_ut"":2216939.7260737717,""utc"":""1357-09-03T05:25:32.774Z"",""motion"":""direct""},{""jd_ut"":2217091.8614254296,""utc"":""1358-02-02T08:40:27.157Z"",""motion"":""retrograde""},{""jd_ut"":2217201.2353493515,""utc"":""1358-05-22T17:38:54.184Z"",""motion"":""direct""}]",3
F165.06,F165,165,6,Virgo,150,2217727.299072395,1359-10-30T19:10:39.855Z,2218781.922743383,1362-09-19T10:08:45.028Z,"[{""jd_ut"":2217727.299072395,""utc"":""1359-10-30T19:10:39.855Z"",""motion"":""direct""},{""jd_ut"":2217813.5163852125,""utc"":""1360-01-25T00:23:35.682Z"",""motion"":""retrograde""},{""jd_ut"":2217988.685829173,""utc"":""1360-07-18T04:27:35.641Z"",""motion"":""direct""}]",3
F165.07,F165,165,7,Libra,180,2218781.922743383,1362-09-19T10:08:45.028Z,2219586.7724133385,1364-12-02T06:32:16.512Z,"[{""jd_ut"":2218781.922743383,""utc"":""1362-09-19T10:08:45.028Z"",""motion"":""direct""}]",1
F165.08,F165,165,8,Scorpio,210,2219586.7724133385,1364-12-02T06:32:16.512Z,2220675.8166610887,1367-11-26T07:35:59.518Z,"[{""jd_ut"":2219586.7724133385,""utc"":""1364-12-02T06:32:16.512Z"",""motion"":""direct""},{""jd_ut"":2219734.5968915354,""utc"":""1365-04-29T02:19:31.429Z"",""motion"":""retrograde""},{""jd_ut"":2219857.3011597395,""utc"":""1365-08-29T19:13:40.201Z"",""motion"":""direct""}]",3
F165.09,F165,165,9,Sagittarius,240,2220675.8166610887,1367-11-26T07:35:59.518Z,2221507.7451706976,1370-03-07T05:53:02.748Z,"[{""jd_ut"":2220675.8166610887,""utc"":""1367-11-26T07:35:59.518Z"",""motion"":""direct""}]",1
F165.10,F165,165,10,Capricorn,270,2221507.7451706976,1370-03-07T05:53:02.748Z,2222588.142472322,1373-02-19T15:25:09.609Z,"[{""jd_ut"":2221507.7451706976,""utc"":""1370-03-07T05:53:02.748Z"",""motion"":""direct""},{""jd_ut"":2221575.352997562,""utc"":""1370-05-13T20:28:18.989Z"",""motion"":""retrograde""},{""jd_ut"":2221772.2573395697,""utc"":""1370-11-26T18:10:34.139Z"",""motion"":""direct""}]",3
F165.11,F165,165,11,Aquarius,300,2222588.142472322,1373-02-19T15:25:09.609Z,2223671.825450195,1376-02-08T07:48:38.897Z,"[{""jd_ut"":2222588.142472322,""utc"":""1373-02-19T15:25:09.609Z"",""motion"":""direct""},{""jd_ut"":2222768.9160310933,""utc"":""1373-08-19T09:59:05.086Z"",""motion"":""retrograde""},{""jd_ut"":2222856.122119356,""utc"":""1373-11-14T14:55:51.112Z"",""motion"":""direct""}]",3
F165.12,F165,165,12,Pisces,330,2223671.825450195,1376-02-08T07:48:38.897Z,2224466.733594875,1378-04-13T05:36:22.597Z,"[{""jd_ut"":2223671.825450195,""utc"":""1376-02-08T07:48:38.897Z"",""motion"":""direct""}]",1
F166.01,F166,166,1,Aries,0,2224466.733594875,1378-04-13T05:36:22.597Z,2225253.93626881,1380-06-08T10:28:13.625Z,"[{""jd_ut"":2224466.733594875,""utc"":""1378-04-13T05:36:22.597Z"",""motion"":""direct""},{""jd_ut"":2224692.814863097,""utc"":""1378-11-25T07:33:24.172Z"",""motion"":""retrograde""},{""jd_ut"":2224707.7072442602,""utc"":""1378-12-10T04:58:25.904Z"",""motion"":""direct""}]",3
F166.02,F166,166,2,Taurus,30,2225253.93626881,1380-06-08T10:28:13.625Z,2226035.938352976,1382-07-30T10:31:13.697Z,"[{""jd_ut"":2225253.93626881,""utc"":""1380-06-08T10:28:13.625Z"",""motion"":""direct""},{""jd_ut"":2225393.7198138284,""utc"":""1380-10-26T05:16:31.915Z"",""motion"":""retrograde""},{""jd_ut"":2225517.3694767114,""utc"":""1381-02-26T20:52:02.788Z"",""motion"":""direct""}]",3
F166.03,F166,166,3,Gemini,60,2226035.938352976,1382-07-30T10:31:13.697Z,2226821.3380831107,1384-09-22T20:06:50.381Z,"[{""jd_ut"":2226035.938352976,""utc"":""1382-07-30T10:31:13.697Z"",""motion"":""direct""},{""jd_ut"":2226127.2932729544,""utc"":""1382-10-29T19:02:18.783Z"",""motion"":""retrograde""},{""jd_ut"":2226294.0525911422,""utc"":""1383-04-14T13:15:43.875Z"",""motion"":""direct""}]",3
F166.04,F166,166,4,Cancer,90,2226821.3380831107,1384-09-22T20:06:50.381Z,2227839.7445538966,1387-07-08T05:52:09.457Z,"[{""jd_ut"":2226821.3380831107,""utc"":""1384-09-22T20:06:50.381Z"",""motion"":""direct""},{""jd_ut"":2226859.8685287917,""utc"":""1384-10-31T08:50:40.888Z"",""motion"":""retrograde""},{""jd_ut"":2227065.931754525,""utc"":""1385-05-25T10:21:43.591Z"",""motion"":""direct""}]",3
F166.05,F166,166,5,Leo,120,2227839.7445538966,1387-07-08T05:52:09.457Z,2228620.066589143,1389-08-26T13:35:53.302Z,"[{""jd_ut"":2227839.7445538966,""utc"":""1387-07-08T05:52:09.457Z"",""motion"":""direct""}]",1
F166.06,F166,166,6,Virgo,150,2228620.066589143,1389-08-26T13:35:53.302Z,2229411.780330113,1391-10-27T06:43:40.522Z,"[{""jd_ut"":2228620.066589143,""utc"":""1389-08-26T13:35:53.302Z"",""motion"":""direct""}]",1
F166.07,F166,166,7,Libra,180,2229411.780330113,1391-10-27T06:43:40.522Z,2230490.2382312603,1394-10-09T17:43:03.181Z,"[{""jd_ut"":2229411.780330113,""utc"":""1391-10-27T06:43:40.522Z"",""motion"":""direct""},{""jd_ut"":2229578.658626646,""utc"":""1392-04-11T03:48:25.342Z"",""motion"":""retrograde""},{""jd_ut"":2229676.794543028,""utc"":""1392-07-18T07:04:08.518Z"",""motion"":""direct""}]",3
F166.08,F166,166,8,Scorpio,210,2230490.2382312603,1394-10-09T17:43:03.181Z,2231305.1201618696,1397-01-01T14:53:01.986Z,"[{""jd_ut"":2230490.2382312603,""utc"":""1394-10-09T17:43:03.181Z"",""motion"":""direct""}]",1
F166.09,F166,166,9,Sagittarius,240,2231305.1201618696,1397-01-01T14:53:01.986Z,2232399.9342580354,1400-01-01T10:25:19.894Z,"[{""jd_ut"":2231305.1201618696,""utc"":""1397-01-01T14:53:01.986Z"",""motion"":""direct""},{""jd_ut"":2231451.1519664396,""utc"":""1397-05-27T15:38:49.900Z"",""motion"":""retrograde""},{""jd_ut"":2231577.945985019,""utc"":""1397-10-01T10:42:13.106Z"",""motion"":""direct""}]",3
F166.10,F166,166,10,Capricorn,270,2232399.9342580354,1400-01-01T10:25:19.894Z,2233241.8659604155,1402-04-23T08:46:58.980Z,"[{""jd_ut"":2232399.9342580354,""utc"":""1400-01-01T10:25:19.894Z"",""motion"":""direct""}]",1
F166.11,F166,166,11,Aquarius,300,2233241.8659604155,1402-04-23T08:46:58.980Z,2234302.58223042,1405-03-19T01:58:24.708Z,"[{""jd_ut"":2233241.8659604155,""utc"":""1402-04-23T08:46:58.980Z"",""motion"":""direct""},{""jd_ut"":2233276.9841914196,""utc"":""1402-05-28T11:37:14.139Z"",""motion"":""retrograde""},{""jd_ut"":2233494.633189584,""utc"":""1403-01-01T03:11:47.580Z"",""motion"":""direct""}]",3
F166.12,F166,166,12,Pisces,330,2234302.58223042,1405-03-19T01:58:24.708Z,2235114.71979386,1407-06-09T05:16:30.189Z,"[{""jd_ut"":2234302.58223042,""utc"":""1405-03-19T01:58:24.708Z"",""motion"":""direct""},{""jd_ut"":2234498.486419527,""utc"":""1405-09-30T23:40:26.647Z"",""motion"":""retrograde""},{""jd_ut"":2234563.8269578544,""utc"":""1405-12-05T07:50:49.159Z"",""motion"":""direct""}]",3
F167.01,F167,167,1,Aries,0,2235114.71979386,1407-06-09T05:16:30.189Z,2236156.1868626913,1410-04-15T16:29:04.937Z,"[{""jd_ut"":2235114.71979386,""utc"":""1407-06-09T05:16:30.189Z"",""motion"":""direct""},{""jd_ut"":2235184.452484768,""utc"":""1407-08-17T22:51:34.684Z"",""motion"":""retrograde""},{""jd_ut"":2235372.4787754845,""utc"":""1408-02-21T23:29:26.202Z"",""motion"":""direct""}]",3
F167.02,F167,167,2,Taurus,30,2236156.1868626913,1410-04-15T16:29:04.937Z,2236930.904838523,1412-05-29T09:42:58.048Z,"[{""jd_ut"":2236156.1868626913,""utc"":""1410-04-15T16:29:04.937Z"",""motion"":""direct""}]",1
F167.03,F167,167,3,Gemini,60,2236930.904838523,1412-05-29T09:42:58.048Z,2237702.082002857,1414-07-09T13:58:05.047Z,"[{""jd_ut"":2236930.904838523,""utc"":""1412-05-29T09:42:58.048Z"",""motion"":""direct""}]",1
F167.04,F167,167,4,Cancer,90,2237702.082002857,1414-07-09T13:58:05.047Z,2238475.3982518744,1416-08-20T21:33:28.962Z,"[{""jd_ut"":2237702.082002857,""utc"":""1414-07-09T13:58:05.047Z"",""motion"":""direct""}]",1
F167.05,F167,167,5,Leo,120,2238475.3982518744,1416-08-20T21:33:28.962Z,2239257.969305385,1418-10-12T11:15:47.985Z,"[{""jd_ut"":2238475.3982518744,""utc"":""1416-08-20T21:33:28.962Z"",""motion"":""direct""},{""jd_ut"":2238669.7355856197,""utc"":""1417-03-03T05:39:14.598Z"",""motion"":""retrograde""},{""jd_ut"":2238726.631321,""utc"":""1417-04-29T03:09:06.134Z"",""motion"":""direct""}]",3
F167.06,F167,167,6,Virgo,150,2239257.969305385,1418-10-12T11:15:47.985Z,2240318.6017489955,1421-09-07T02:26:31.113Z,"[{""jd_ut"":2239257.969305385,""utc"":""1418-10-12T11:15:47.985Z"",""motion"":""direct""},{""jd_ut"":2239387.5953725185,""utc"":""1419-02-19T02:17:20.186Z"",""motion"":""retrograde""},{""jd_ut"":2239522.9569924427,""utc"":""1419-07-04T10:58:04.147Z"",""motion"":""direct""}]",3
F167.07,F167,167,7,Libra,180,2240318.6017489955,1421-09-07T02:26:31.113Z,2241121.473317707,1423-11-18T23:21:34.650Z,"[{""jd_ut"":2240318.6017489955,""utc"":""1421-09-07T02:26:31.113Z"",""motion"":""direct""}]",1
F167.08,F167,167,8,Scorpio,210,2241121.473317707,1423-11-18T23:21:34.650Z,2242212.07475124,1426-11-13T13:47:38.507Z,"[{""jd_ut"":2241121.473317707,""utc"":""1423-11-18T23:21:34.650Z"",""motion"":""direct""},{""jd_ut"":2241312.3547234694,""utc"":""1424-05-27T20:30:48.108Z"",""motion"":""retrograde""},{""jd_ut"":2241383.807321309,""utc"":""1424-08-07T07:22:32.561Z"",""motion"":""direct""}]",3
F167.09,F167,167,9,Sagittarius,240,2242212.07475124,1426-11-13T13:47:38.507Z,2243033.950912333,1429-02-12T10:49:18.826Z,"[{""jd_ut"":2242212.07475124,""utc"":""1426-11-13T13:47:38.507Z"",""motion"":""direct""}]",1
F167.10,F167,167,10,Capricorn,270,2243033.950912333,1429-02-12T10:49:18.826Z,2244123.814815345,1432-02-07T07:33:20.046Z,"[{""jd_ut"":2243033.950912333,""utc"":""1429-02-12T10:49:18.826Z"",""motion"":""direct""},{""jd_ut"":2243153.797866773,""utc"":""1429-06-12T07:08:55.689Z"",""motion"":""retrograde""},{""jd_ut"":2243306.8173022326,""utc"":""1429-11-12T07:36:54.913Z"",""motion"":""direct""}]",3
F167.11,F167,167,11,Aquarius,300,2244123.814815345,1432-02-07T07:33:20.046Z,2244951.8180641728,1434-05-15T07:38:00.745Z,"[{""jd_ut"":2244123.814815345,""utc"":""1432-02-07T07:33:20.046Z"",""motion"":""direct""}]",1
F167.12,F167,167,12,Pisces,330,2244951.8180641728,1434-05-15T07:38:00.745Z,2246003.912264187,1437-04-01T09:53:39.626Z,"[{""jd_ut"":2244951.8180641728,""utc"":""1434-05-15T07:38:00.745Z"",""motion"":""direct""},{""jd_ut"":2245006.2728063716,""utc"":""1434-07-08T18:32:50.471Z"",""motion"":""retrograde""},{""jd_ut"":2245208.5336706107,""utc"":""1435-01-27T00:48:29.141Z"",""motion"":""direct""}]",3
F168.01,F168,168,1,Aries,0,2246003.912264187,1437-04-01T09:53:39.626Z,2246789.324322342,1439-05-26T19:47:01.450Z,"[{""jd_ut"":2246003.912264187,""utc"":""1437-04-01T09:53:39.626Z"",""motion"":""direct""}]",1
F168.02,F168,168,2,Taurus,30,2246789.324322342,1439-05-26T19:47:01.450Z,2247567.8120470857,1441-07-13T07:29:20.868Z,"[{""jd_ut"":2246789.324322342,""utc"":""1439-05-26T19:47:01.450Z"",""motion"":""direct""},{""jd_ut"":2246966.862166633,""utc"":""1439-11-20T08:41:31.197Z"",""motion"":""retrograde""},{""jd_ut"":2247048.5398853356,""utc"":""1440-02-10T00:57:26.093Z"",""motion"":""direct""}]",3
F168.03,F168,168,3,Gemini,60,2247567.8120470857,1441-07-13T07:29:20.868Z,2248343.637427793,1443-08-28T03:17:53.761Z,"[{""jd_ut"":2247567.8120470857,""utc"":""1441-07-13T07:29:20.868Z"",""motion"":""direct""},{""jd_ut"":2247699.5985930795,""utc"":""1441-11-22T02:21:58.442Z"",""motion"":""retrograde""},{""jd_ut"":2247829.4745240053,""utc"":""1442-03-31T23:23:18.874Z"",""motion"":""direct""}]",3
F168.04,F168,168,4,Cancer,90,2248343.637427793,1443-08-28T03:17:53.761Z,2249130.9522158867,1445-10-23T10:51:11.453Z,"[{""jd_ut"":2248343.637427793,""utc"":""1443-08-28T03:17:53.761Z"",""motion"":""direct""},{""jd_ut"":2248440.380399584,""utc"":""1443-12-02T21:07:46.524Z"",""motion"":""retrograde""},{""jd_ut"":2248602.521076345,""utc"":""1444-05-13T00:30:20.996Z"",""motion"":""direct""}]",3
F168.05,F168,168,5,Leo,120,2249130.9522158867,1445-10-23T10:51:11.453Z,2250157.62962762,1448-08-15T03:06:39.826Z,"[{""jd_ut"":2249130.9522158867,""utc"":""1445-10-23T10:51:11.453Z"",""motion"":""direct""},{""jd_ut"":2249169.4972093888,""utc"":""1445-11-30T23:55:58.891Z"",""motion"":""retrograde""},{""jd_ut"":2249377.049704413,""utc"":""1446-06-26T13:11:34.461Z"",""motion"":""direct""}]",3
F168.06,F168,168,6,Virgo,150,2250157.62962762,1448-08-15T03:06:39.826Z,2250947.877955258,1450-10-14T09:04:15.334Z,"[{""jd_ut"":2250157.62962762,""utc"":""1448-08-15T03:06:39.826Z"",""motion"":""direct""}]",1
F168.07,F168,168,7,Libra,180,2250947.877955258,1450-10-14T09:04:15.334Z,2251764.3661974864,1453-01-07T20:47:19.463Z,"[{""jd_ut"":2250947.877955258,""utc"":""1450-10-14T09:04:15.334Z"",""motion"":""direct""},{""jd_ut"":2251164.406594158,""utc"":""1451-05-18T21:45:29.735Z"",""motion"":""retrograde""},{""jd_ut"":2251194.0081371246,""utc"":""1451-06-17T12:11:43.048Z"",""motion"":""direct""}]",3
F168.08,F168,168,8,Scorpio,210,2251764.3661974864,1453-01-07T20:47:19.463Z,2252839.689852354,1455-12-19T04:33:23.243Z,"[{""jd_ut"":2251764.3661974864,""utc"":""1453-01-07T20:47:19.463Z"",""motion"":""direct""},{""jd_ut"":2251827.584898101,""utc"":""1453-03-12T02:02:15.196Z"",""motion"":""retrograde""},{""jd_ut"":2252026.3365273746,""utc"":""1453-09-26T20:04:35.965Z"",""motion"":""direct""}]",3
F168.09,F168,168,9,Sagittarius,240,2252839.689852354,1455-12-19T04:33:23.243Z,2253936.3971781842,1458-12-19T21:31:56.195Z,"[{""jd_ut"":2252839.689852354,""utc"":""1455-12-19T04:33:23.243Z"",""motion"":""direct""},{""jd_ut"":2253027.944808929,""utc"":""1456-06-24T10:40:31.491Z"",""motion"":""retrograde""},{""jd_ut"":2253105.8014150755,""utc"":""1456-09-10T07:14:02.263Z"",""motion"":""direct""}]",3
F168.10,F168,168,10,Capricorn,270,2253936.3971781842,1458-12-19T21:31:56.195Z,2254760.3561861124,1461-03-22T20:32:54.480Z,"[{""jd_ut"":2253936.3971781842,""utc"":""1458-12-19T21:31:56.195Z"",""motion"":""direct""}]",1
F168.11,F168,168,11,Aquarius,300,2254760.3561861124,1461-03-22T20:32:54.480Z,2255838.8458420495,1464-03-05T08:18:00.753Z,"[{""jd_ut"":2254760.3561861124,""utc"":""1461-03-22T20:32:54.480Z"",""motion"":""direct""},{""jd_ut"":2254862.2461192757,""utc"":""1461-07-02T17:54:24.705Z"",""motion"":""retrograde""},{""jd_ut"":2255030.1850844603,""utc"":""1461-12-17T16:26:31.297Z"",""motion"":""direct""}]",3
F168.12,F168,168,12,Pisces,330,2255838.8458420495,1464-03-05T08:18:00.753Z,2256642.131855076,1466-05-17T15:09:52.279Z,"[{""jd_ut"":2255838.8458420495,""utc"":""1464-03-05T08:18:00.753Z"",""motion"":""direct""}]",1
F169.01,F169,169,1,Aries,0,2256642.131855076,1466-05-17T15:09:52.279Z,2257693.812864978,1469-04-03T07:30:31.534Z,"[{""jd_ut"":2256642.131855076,""utc"":""1466-05-17T15:09:52.279Z"",""motion"":""direct""},{""jd_ut"":2256760.8418809725,""utc"":""1466-09-13T08:12:18.516Z"",""motion"":""retrograde""},{""jd_ut"":2256908.1034764387,""utc"":""1467-02-07T14:29:00.364Z"",""motion"":""direct""}]",3
F169.02,F169,169,2,Taurus,30,2257693.812864978,1469-04-03T07:30:31.534Z,2258468.9335078215,1471-05-18T10:24:15.076Z,"[{""jd_ut"":2257693.812864978,""utc"":""1469-04-03T07:30:31.534Z"",""motion"":""direct""}]",1
F169.03,F169,169,3,Gemini,60,2258468.9335078215,1471-05-18T10:24:15.076Z,2259240.089788096,1473-06-27T14:09:17.691Z,"[{""jd_ut"":2258468.9335078215,""utc"":""1471-05-18T10:24:15.076Z"",""motion"":""direct""}]",1
F169.04,F169,169,4,Cancer,90,2259240.089788096,1473-06-27T14:09:17.691Z,2260012.925783909,1475-08-09T10:13:07.730Z,"[{""jd_ut"":2259240.089788096,""utc"":""1473-06-27T14:09:17.691Z"",""motion"":""direct""}]",1
F169.05,F169,169,5,Leo,120,2260012.925783909,1475-08-09T10:13:07.730Z,2260793.3571710344,1477-09-27T20:34:19.577Z,"[{""jd_ut"":2260012.925783909,""utc"":""1475-08-09T10:13:07.730Z"",""motion"":""direct""}]",1
F169.06,F169,169,6,Virgo,150,2260793.3571710344,1477-09-27T20:34:19.577Z,2261596.429191008,1479-12-09T22:18:02.103Z,"[{""jd_ut"":2260793.3571710344,""utc"":""1477-09-27T20:34:19.577Z"",""motion"":""direct""},{""jd_ut"":2260959.8155548973,""utc"":""1478-03-13T07:34:23.943Z"",""motion"":""retrograde""},{""jd_ut"":2261054.934945763,""utc"":""1478-06-16T10:26:19.314Z"",""motion"":""direct""}]",3
F169.07,F169,169,7,Libra,180,2261596.429191008,1479-12-09T22:18:02.103Z,2262658.2258254485,1482-11-05T17:25:11.319Z,"[{""jd_ut"":2261596.429191008,""utc"":""1479-12-09T22:18:02.103Z"",""motion"":""direct""},{""jd_ut"":2261659.603063723,""utc"":""1480-02-11T02:28:24.706Z"",""motion"":""retrograde""},{""jd_ut"":2261855.5547076175,""utc"":""1480-08-25T01:18:46.738Z"",""motion"":""direct""}]",3
F169.08,F169,169,8,Scorpio,210,2262658.2258254485,1482-11-05T17:25:11.319Z,2263490.870489724,1485-02-15T08:53:30.312Z,"[{""jd_ut"":2262658.2258254485,""utc"":""1482-11-05T17:25:11.319Z"",""motion"":""direct""}]",1
F169.09,F169,169,9,Sagittarius,240,2263490.870489724,1485-02-15T08:53:30.312Z,2264567.2565637045,1488-01-27T18:09:27.104Z,"[{""jd_ut"":2263490.870489724,""utc"":""1485-02-15T08:53:30.312Z"",""motion"":""direct""},{""jd_ut"":2263535.4452986466,""utc"":""1485-03-31T22:41:13.803Z"",""motion"":""retrograde""},{""jd_ut"":2263748.6595943933,""utc"":""1485-10-31T03:49:48.956Z"",""motion"":""direct""}]",3
F169.10,F169,169,10,Capricorn,270,2264567.2565637045,1488-01-27T18:09:27.104Z,2265660.6963095795,1491-01-25T04:42:41.148Z,"[{""jd_ut"":2264567.2565637045,""utc"":""1488-01-27T18:09:27.104Z"",""motion"":""direct""},{""jd_ut"":2264727.521071695,""utc"":""1488-07-06T00:30:20.594Z"",""motion"":""retrograde""},{""jd_ut"":2264839.435875563,""utc"":""1488-10-25T22:27:39.649Z"",""motion"":""direct""}]",3
F169.11,F169,169,11,Aquarius,300,2265660.6963095795,1491-01-25T04:42:41.148Z,2266476.409922166,1493-04-19T21:50:17.275Z,"[{""jd_ut"":2265660.6963095795,""utc"":""1491-01-25T04:42:41.148Z"",""motion"":""direct""}]",1
F169.12,F169,169,12,Pisces,330,2266476.409922166,1493-04-19T21:50:17.275Z,2267541.825505982,1496-03-20T07:48:43.717Z,"[{""jd_ut"":2266476.409922166,""utc"":""1493-04-19T21:50:17.275Z"",""motion"":""direct""},{""jd_ut"":2266585.2020297768,""utc"":""1493-08-06T16:50:55.373Z"",""motion"":""retrograde""},{""jd_ut"":2266744.712821884,""utc"":""1494-01-13T05:06:27.811Z"",""motion"":""direct""}]",3
F170.01,F170,170,1,Aries,0,2267541.825505982,1496-03-20T07:48:43.717Z,2268326.597945951,1498-05-14T02:21:02.530Z,"[{""jd_ut"":2267541.825505982,""utc"":""1496-03-20T07:48:43.717Z"",""motion"":""direct""}]",1
F170.02,F170,170,2,Taurus,30,2268326.597945951,1498-05-14T02:21:02.530Z,2269103.6855293848,1500-06-30T04:27:09.739Z,"[{""jd_ut"":2268326.597945951,""utc"":""1498-05-14T02:21:02.530Z"",""motion"":""direct""}]",1
F170.03,F170,170,3,Gemini,60,2269103.6855293848,1500-06-30T04:27:09.739Z,2269877.125941447,1502-08-12T15:01:21.341Z,"[{""jd_ut"":2269103.6855293848,""utc"":""1500-06-30T04:27:09.739Z"",""motion"":""direct""},{""jd_ut"":2269270.5761491647,""utc"":""1500-12-14T01:49:39.288Z"",""motion"":""retrograde""},{""jd_ut"":2269362.6584320925,""utc"":""1501-03-16T03:48:08.533Z"",""motion"":""direct""}]",3
F170.04,F170,170,4,Cancer,90,2269877.125941447,1502-08-12T15:01:21.341Z,2270654.6503015393,1504-09-28T03:36:26.053Z,"[{""jd_ut"":2269877.125941447,""utc"":""1502-08-12T15:01:21.341Z"",""motion"":""direct""},{""jd_ut"":2270011.0098679084,""utc"":""1502-12-24T12:14:12.587Z"",""motion"":""retrograde""},{""jd_ut"":2270138.375937692,""utc"":""1503-04-30T21:01:21.017Z"",""motion"":""direct""}]",3
F170.05,F170,170,5,Leo,120,2270654.6503015393,1504-09-28T03:36:26.053Z,2271695.8673949726,1507-08-05T08:49:02.926Z,"[{""jd_ut"":2270654.6503015393,""utc"":""1504-09-28T03:36:26.053Z"",""motion"":""direct""},{""jd_ut"":2270748.363883077,""utc"":""1504-12-30T20:43:59.498Z"",""motion"":""retrograde""},{""jd_ut"":2270914.3712550504,""utc"":""1505-06-14T20:54:36.436Z"",""motion"":""direct""}]",3
F170.06,F170,170,6,Virgo,150,2271695.8673949726,1507-08-05T08:49:02.926Z,2272485.6816190947,1509-10-03T04:21:31.890Z,"[{""jd_ut"":2271695.8673949726,""utc"":""1507-08-05T08:49:02.926Z"",""motion"":""direct""}]",1
F170.07,F170,170,7,Libra,180,2272485.6816190947,1509-10-03T04:21:31.890Z,2273292.1737767356,1511-12-18T16:10:14.310Z,"[{""jd_ut"":2272485.6816190947,""utc"":""1509-10-03T04:21:31.890Z"",""motion"":""direct""}]",1
F170.08,F170,170,8,Scorpio,210,2273292.1737767356,1511-12-18T16:10:14.310Z,2274376.230142419,1514-12-06T17:31:24.305Z,"[{""jd_ut"":2273292.1737767356,""utc"":""1511-12-18T16:10:14.310Z"",""motion"":""direct""},{""jd_ut"":2273403.689958252,""utc"":""1512-04-08T04:33:32.393Z"",""motion"":""retrograde""},{""jd_ut"":2273562.189788501,""utc"":""1512-09-13T16:33:17.726Z"",""motion"":""direct""}]",3
F170.09,F170,170,9,Sagittarius,240,2274376.230142419,1514-12-06T17:31:24.305Z,2275473.1892642174,1517-12-07T16:32:32.428Z,"[{""jd_ut"":2274376.230142419,""utc"":""1514-12-06T17:31:24.305Z"",""motion"":""direct""}]",1
F170.10,F170,170,10,Capricorn,270,2275473.1892642174,1517-12-07T16:32:32.428Z,2276291.860464718,1520-03-05T08:39:04.152Z,"[{""jd_ut"":2275473.1892642174,""utc"":""1517-12-07T16:32:32.428Z"",""motion"":""direct""}]",1
F170.11,F170,170,11,Aquarius,300,2276291.860464718,1520-03-05T08:39:04.152Z,2277375.921191165,1523-02-22T10:06:30.917Z,"[{""jd_ut"":2276291.860464718,""utc"":""1520-03-05T08:39:04.152Z"",""motion"":""direct""},{""jd_ut"":2276436.344234312,""utc"":""1520-07-27T20:15:41.845Z"",""motion"":""retrograde""},{""jd_ut"":2276564.1923455596,""utc"":""1520-12-02T16:36:58.656Z"",""motion"":""direct""}]",3
F170.12,F170,170,12,Pisces,330,2277375.921191165,1523-02-22T10:06:30.917Z,2278175.785759858,1525-05-02T06:51:29.652Z,"[{""jd_ut"":2277375.921191165,""utc"":""1523-02-22T10:06:30.917Z"",""motion"":""direct""}]",1
F171.01,F171,171,1,Aries,0,2278175.785759858,1525-05-02T06:51:29.652Z,2278977.1228090758,1527-07-12T14:56:50.704Z,"[{""jd_ut"":2278175.785759858,""utc"":""1525-05-02T06:51:29.652Z"",""motion"":""direct""},{""jd_ut"":2278333.244484296,""utc"":""1525-10-06T17:52:03.443Z"",""motion"":""retrograde""},{""jd_ut"":2278441.764041492,""utc"":""1526-01-23T06:20:13.185Z"",""motion"":""direct""}]",3
F171.02,F171,171,2,Taurus,30,2278977.1228090758,1527-07-12T14:56:50.704Z,2280007.478258499,1530-05-07T23:28:41.534Z,"[{""jd_ut"":2278977.1228090758,""utc"":""1527-07-12T14:56:50.704Z"",""motion"":""direct""},{""jd_ut"":2279042.275494937,""utc"":""1527-09-15T18:36:42.763Z"",""motion"":""retrograde""},{""jd_ut"":2279231.4214242287,""utc"":""1528-03-22T22:06:51.053Z"",""motion"":""direct""}]",3
F171.03,F171,171,3,Gemini,60,2280007.478258499,1530-05-07T23:28:41.534Z,2280778.925171417,1532-06-17T10:12:14.810Z,"[{""jd_ut"":2280007.478258499,""utc"":""1530-05-07T23:28:41.534Z"",""motion"":""direct""}]",1
F171.04,F171,171,4,Cancer,90,2280778.925171417,1532-06-17T10:12:14.810Z,2281551.623087123,1534-07-30T02:57:14.727Z,"[{""jd_ut"":2280778.925171417,""utc"":""1532-06-17T10:12:14.810Z"",""motion"":""direct""}]",1
F171.05,F171,171,5,Leo,120,2281551.623087123,1534-07-30T02:57:14.727Z,2282330.9307805607,1536-09-16T10:20:19.440Z,"[{""jd_ut"":2281551.623087123,""utc"":""1534-07-30T02:57:14.727Z"",""motion"":""direct""}]",1
F171.06,F171,171,6,Virgo,150,2282330.9307805607,1536-09-16T10:20:19.440Z,2283125.3348305346,1538-11-19T20:02:09.358Z,"[{""jd_ut"":2282330.9307805607,""utc"":""1536-09-16T10:20:19.440Z"",""motion"":""direct""},{""jd_ut"":2282539.6553154048,""utc"":""1537-04-13T03:43:39.251Z"",""motion"":""retrograde""},{""jd_ut"":2282577.49094941,""utc"":""1537-05-20T23:46:58.029Z"",""motion"":""direct""}]",3
F171.07,F171,171,7,Libra,180,2283125.3348305346,1538-11-19T20:02:09.358Z,2284195.9735327633,1541-10-25T11:21:53.231Z,"[{""jd_ut"":2283125.3348305346,""utc"":""1538-11-19T20:02:09.358Z"",""motion"":""direct""},{""jd_ut"":2283234.144233196,""utc"":""1539-03-08T15:27:41.748Z"",""motion"":""retrograde""},{""jd_ut"":2283392.1192047214,""utc"":""1539-08-13T14:51:39.288Z"",""motion"":""direct""}]",3
F171.08,F171,171,8,Scorpio,210,2284195.9735327633,1541-10-25T11:21:53.231Z,2285014.120524561,1544-01-21T14:53:33.322Z,"[{""jd_ut"":2284195.9735327633,""utc"":""1541-10-25T11:21:53.231Z"",""motion"":""direct""}]",1
F171.09,F171,171,9,Sagittarius,240,2285014.120524561,1544-01-21T14:53:33.322Z,2286103.1582362494,1547-01-14T15:47:51.612Z,"[{""jd_ut"":2285014.120524561,""utc"":""1544-01-21T14:53:33.322Z"",""motion"":""direct""},{""jd_ut"":2285115.841594153,""utc"":""1544-05-02T08:11:53.735Z"",""motion"":""retrograde""},{""jd_ut"":2285284.8323334623,""utc"":""1544-10-18T07:58:33.611Z"",""motion"":""direct""}]",3
F171.10,F171,171,10,Capricorn,270,2286103.1582362494,1547-01-14T15:47:51.612Z,2287198.0866057733,1550-01-13T14:04:42.739Z,"[{""jd_ut"":2286103.1582362494,""utc"":""1547-01-14T15:47:51.612Z"",""motion"":""direct""},{""jd_ut"":2286305.2925333763,""utc"":""1547-08-04T19:01:14.884Z"",""motion"":""retrograde""},{""jd_ut"":2286365.590048504,""utc"":""1547-10-04T02:09:40.191Z"",""motion"":""direct""}]",3
F171.11,F171,171,11,Aquarius,300,2287198.0866057733,1550-01-13T14:04:42.739Z,2288009.3175134556,1552-04-03T19:37:13.163Z,"[{""jd_ut"":2287198.0866057733,""utc"":""1550-01-13T14:04:42.739Z"",""motion"":""direct""}]",1
F171.12,F171,171,12,Pisces,330,2288009.3175134556,1552-04-03T19:37:13.163Z,2289079.862574595,1555-03-10T08:42:06.445Z,"[{""jd_ut"":2288009.3175134556,""utc"":""1552-04-03T19:37:13.163Z"",""motion"":""direct""},{""jd_ut"":2288157.6926007774,""utc"":""1552-08-30T04:37:20.707Z"",""motion"":""retrograde""},{""jd_ut"":2288279.268332895,""utc"":""1552-12-29T18:26:23.962Z"",""motion"":""direct""}]",3
F172.01,F172,172,1,Aries,0,2289079.862574595,1555-03-10T08:42:06.445Z,2289864.6596009554,1557-05-03T03:49:49.523Z,"[{""jd_ut"":2289079.862574595,""utc"":""1555-03-10T08:42:06.445Z"",""motion"":""direct""}]",1
F172.02,F172,172,2,Taurus,30,2289864.6596009554,1557-05-03T03:49:49.523Z,2290641.1116938097,1559-06-18T14:40:50.345Z,"[{""jd_ut"":2289864.6596009554,""utc"":""1557-05-03T03:49:49.523Z"",""motion"":""direct""}]",1
F172.03,F172,172,3,Gemini,60,2290641.1116938097,1559-06-18T14:40:50.345Z,2291413.5024745353,1561-07-30T00:03:33.800Z,"[{""jd_ut"":2290641.1116938097,""utc"":""1559-06-18T14:40:50.345Z"",""motion"":""direct""},{""jd_ut"":2290849.9966268074,""utc"":""1560-01-13T11:55:08.556Z"",""motion"":""retrograde""},{""jd_ut"":2290885.85666838,""utc"":""1560-02-18T08:33:36.148Z"",""motion"":""direct""}]",3
F172.04,F172,172,4,Cancer,90,2291413.5024745353,1561-07-30T00:03:33.800Z,2292188.2214502385,1563-09-12T17:18:53.301Z,"[{""jd_ut"":2291413.5024745353,""utc"":""1561-07-30T00:03:33.800Z"",""motion"":""direct""},{""jd_ut"":2291581.717620386,""utc"":""1562-01-14T05:13:22.401Z"",""motion"":""retrograde""},{""jd_ut"":2291671.3814986637,""utc"":""1562-04-13T21:09:21.485Z"",""motion"":""direct""}]",3
F172.05,F172,172,5,Leo,120,2292188.2214502385,1563-09-12T17:18:53.301Z,2292978.121542177,1565-11-10T14:55:01.244Z,"[{""jd_ut"":2292188.2214502385,""utc"":""1563-09-12T17:18:53.301Z"",""motion"":""direct""},{""jd_ut"":2292318.749820471,""utc"":""1564-01-21T05:59:44.489Z"",""motion"":""retrograde""},{""jd_ut"":2292450.530968176,""utc"":""1564-06-01T00:44:35.650Z"",""motion"":""direct""}]",3
F172.06,F172,172,6,Virgo,150,2292978.121542177,1565-11-10T14:55:01.244Z,2294024.196797195,1568-09-21T16:43:23.278Z,"[{""jd_ut"":2292978.121542177,""utc"":""1565-11-10T14:55:01.244Z"",""motion"":""direct""},{""jd_ut"":2293040.8685382614,""utc"":""1566-01-12T08:50:41.706Z"",""motion"":""retrograde""},{""jd_ut"":2293233.9354360737,""utc"":""1566-07-24T10:27:01.677Z"",""motion"":""direct""}]",3
F172.07,F172,172,7,Libra,180,2294024.196797195,1568-09-21T16:43:23.278Z,2294826.5625075838,1570-12-03T01:30:00.655Z,"[{""jd_ut"":2294024.196797195,""utc"":""1568-09-21T16:43:23.278Z"",""motion"":""direct""}]",1
F172.08,F172,172,8,Scorpio,210,2294826.5625075838,1570-12-03T01:30:00.655Z,2295913.7105156323,1573-11-24T05:03:08.551Z,"[{""jd_ut"":2294826.5625075838,""utc"":""1570-12-03T01:30:00.655Z"",""motion"":""direct""},{""jd_ut"":2294975.0255785054,""utc"":""1571-04-30T12:36:49.983Z"",""motion"":""retrograde""},{""jd_ut"":2295096.595798865,""utc"":""1571-08-30T02:17:57.022Z"",""motion"":""direct""}]",3
F172.09,F172,172,9,Sagittarius,240,2295913.7105156323,1573-11-24T05:03:08.551Z,2296742.4289992843,1576-03-01T22:17:45.538Z,"[{""jd_ut"":2295913.7105156323,""utc"":""1573-11-24T05:03:08.551Z"",""motion"":""direct""}]",1
F172.10,F172,172,10,Capricorn,270,2296742.4289992843,1576-03-01T22:17:45.538Z,2297826.717312279,1579-02-19T05:12:55.781Z,"[{""jd_ut"":2296742.4289992843,""utc"":""1576-03-01T22:17:45.538Z"",""motion"":""direct""},{""jd_ut"":2296821.3285695696,""utc"":""1576-05-19T19:53:08.411Z"",""motion"":""retrograde""},{""jd_ut"":2297009.7173430715,""utc"":""1576-11-24T05:12:58.441Z"",""motion"":""direct""}]",3
F172.11,F172,172,11,Aquarius,300,2297826.717312279,1579-02-19T05:12:55.781Z,2298913.1171394764,1582-02-09T14:48:40.851Z,"[{""jd_ut"":2297826.717312279,""utc"":""1579-02-19T05:12:55.781Z"",""motion"":""direct""},{""jd_ut"":2298011.3325755866,""utc"":""1579-08-22T19:58:54.531Z"",""motion"":""retrograde""},{""jd_ut"":2298094.0506993793,""utc"":""1579-11-13T13:13:00.426Z"",""motion"":""direct""}]",3
F172.12,F172,172,12,Pisces,330,2298913.1171394764,1582-02-09T14:48:40.851Z,2299711.523888331,1584-04-18T00:34:23.952Z,"[{""jd_ut"":2298913.1171394764,""utc"":""1582-02-09T14:48:40.851Z"",""motion"":""direct""}]",1
F173.01,F173,173,1,Aries,0,2299711.523888331,1584-04-18T00:34:23.952Z,2300504.795719268,1586-06-20T07:05:50.145Z,"[{""jd_ut"":2299711.523888331,""utc"":""1584-04-18T00:34:23.952Z"",""motion"":""direct""},{""jd_ut"":2299910.2768232133,""utc"":""1584-11-02T18:38:37.526Z"",""motion"":""retrograde""},{""jd_ut"":2299968.629466491,""utc"":""1584-12-31T03:06:25.905Z"",""motion"":""direct""}]",3
F173.02,F173,173,2,Taurus,30,2300504.795719268,1586-06-20T07:05:50.145Z,2301302.3340371028,1588-08-25T20:01:00.806Z,"[{""jd_ut"":2300504.795719268,""utc"":""1586-06-20T07:05:50.145Z"",""motion"":""direct""},{""jd_ut"":2300617.865488247,""utc"":""1586-10-11T08:46:18.185Z"",""motion"":""retrograde""},{""jd_ut"":2300767.841183272,""utc"":""1587-03-10T08:11:18.235Z"",""motion"":""direct""}]",3
F173.03,F173,173,3,Gemini,60,2301302.3340371028,1588-08-25T20:01:00.806Z,2302317.5832275935,1591-06-07T01:59:50.864Z,"[{""jd_ut"":2301302.3340371028,""utc"":""1588-08-25T20:01:00.806Z"",""motion"":""direct""},{""jd_ut"":2301336.8504435634,""utc"":""1588-09-29T08:24:38.324Z"",""motion"":""retrograde""},{""jd_ut"":2301545.511996843,""utc"":""1589-04-26T00:17:16.527Z"",""motion"":""direct""}]",3
F173.04,F173,173,4,Cancer,90,2302317.5832275935,1591-06-07T01:59:50.864Z,2303090.4822182916,1593-07-18T23:34:23.660Z,"[{""jd_ut"":2302317.5832275935,""utc"":""1591-06-07T01:59:50.864Z"",""motion"":""direct""}]",1
F173.05,F173,173,5,Leo,120,2303090.4822182916,1593-07-18T23:34:23.660Z,2303869.3276445596,1595-09-05T19:51:48.490Z,"[{""jd_ut"":2303090.4822182916,""utc"":""1593-07-18T23:34:23.660Z"",""motion"":""direct""}]",1
F173.06,F173,173,6,Virgo,150,2303869.3276445596,1595-09-05T19:51:48.490Z,2304660.056425184,1597-11-04T13:21:15.136Z,"[{""jd_ut"":2303869.3276445596,""utc"":""1595-09-05T19:51:48.490Z"",""motion"":""direct""}]",1
F173.07,F173,173,7,Libra,180,2304660.056425184,1597-11-04T13:21:15.136Z,2305734.039514524,1600-10-13T12:56:54.055Z,"[{""jd_ut"":2304660.056425184,""utc"":""1597-11-04T13:21:15.136Z"",""motion"":""direct""},{""jd_ut"":2304804.601641644,""utc"":""1598-03-29T02:26:21.838Z"",""motion"":""retrograde""},{""jd_ut"":2304927.129076668,""utc"":""1598-07-29T15:05:52.224Z"",""motion"":""direct""}]",3
F173.08,F173,173,8,Scorpio,210,2305734.039514524,1600-10-13T12:56:54.055Z,2306547.015595791,1603-01-04T12:22:27.476Z,"[{""jd_ut"":2305734.039514524,""utc"":""1600-10-13T12:56:54.055Z"",""motion"":""direct""}]",1
F173.09,F173,173,9,Sagittarius,240,2306547.015595791,1603-01-04T12:22:27.476Z,2307640.115087741,1606-01-01T14:45:43.581Z,"[{""jd_ut"":2306547.015595791,""utc"":""1603-01-04T12:22:27.476Z"",""motion"":""direct""},{""jd_ut"":2306688.2907529958,""utc"":""1603-05-25T18:58:41.059Z"",""motion"":""retrograde""},{""jd_ut"":2306819.525450212,""utc"":""1603-10-04T00:36:38.898Z"",""motion"":""direct""}]",3
F173.10,F173,173,10,Capricorn,270,2307640.115087741,1606-01-01T14:45:43.581Z,2308483.503917209,1608-04-24T00:05:38.447Z,"[{""jd_ut"":2307640.115087741,""utc"":""1606-01-01T14:45:43.581Z"",""motion"":""direct""}]",1
F173.11,F173,173,11,Aquarius,300,2308483.503917209,1608-04-24T00:05:38.447Z,2309544.5918455655,1611-03-21T02:12:15.457Z,"[{""jd_ut"":2308483.503917209,""utc"":""1608-04-24T00:05:38.447Z"",""motion"":""direct""},{""jd_ut"":2308514.808305177,""utc"":""1608-05-25T07:23:57.567Z"",""motion"":""retrograde""},{""jd_ut"":2308735.132427654,""utc"":""1608-12-31T15:10:41.749Z"",""motion"":""direct""}]",3
F173.12,F173,173,12,Pisces,330,2309544.5918455655,1611-03-21T02:12:15.457Z,2310366.468747612,1613-06-19T23:14:59.794Z,"[{""jd_ut"":2309544.5918455655,""utc"":""1611-03-21T02:12:15.457Z"",""motion"":""direct""},{""jd_ut"":2309732.608190289,""utc"":""1611-09-25T02:35:47.641Z"",""motion"":""retrograde""},{""jd_ut"":2309808.8590454413,""utc"":""1611-12-10T08:37:01.526Z"",""motion"":""direct""}]",3
F174.01,F174,174,1,Aries,0,2310366.468747612,1613-06-19T23:14:59.794Z,2311402.825743762,1616-04-21T07:49:04.261Z,"[{""jd_ut"":2310366.468747612,""utc"":""1613-06-19T23:14:59.794Z"",""motion"":""direct""},{""jd_ut"":2310410.5994014936,""utc"":""1613-08-03T02:23:08.289Z"",""motion"":""retrograde""},{""jd_ut"":2310617.2688668817,""utc"":""1614-02-25T18:27:10.099Z"",""motion"":""direct""}]",3
F174.02,F174,174,2,Taurus,30,2311402.825743762,1616-04-21T07:49:04.261Z,2312179.217729022,1618-06-06T17:13:31.787Z,"[{""jd_ut"":2311402.825743762,""utc"":""1616-04-21T07:49:04.261Z"",""motion"":""direct""}]",1
F174.03,F174,174,3,Gemini,60,2312179.217729022,1618-06-06T17:13:31.787Z,2312951.2351047173,1620-07-17T17:38:33.048Z,"[{""jd_ut"":2312179.217729022,""utc"":""1618-06-06T17:13:31.787Z"",""motion"":""direct""}]",1
F174.04,F174,174,4,Cancer,90,2312951.2351047173,1620-07-17T17:38:33.048Z,2313724.682293211,1622-08-30T04:22:30.133Z,"[{""jd_ut"":2312951.2351047173,""utc"":""1620-07-17T17:38:33.048Z"",""motion"":""direct""},{""jd_ut"":2313162.4149095267,""utc"":""1621-02-13T21:57:28.183Z"",""motion"":""retrograde""},{""jd_ut"":2313193.0216328176,""utc"":""1621-03-16T12:31:09.075Z"",""motion"":""direct""}]",3
F174.05,F174,174,5,Leo,120,2313724.682293211,1622-08-30T04:22:30.133Z,2314507.846533549,1624-10-21T08:19:00.499Z,"[{""jd_ut"":2313724.682293211,""utc"":""1622-08-30T04:22:30.133Z"",""motion"":""direct""},{""jd_ut"":2313888.9489758583,""utc"":""1623-02-10T10:46:31.514Z"",""motion"":""retrograde""},{""jd_ut"":2313984.0677874275,""utc"":""1623-05-16T13:37:36.834Z"",""motion"":""direct""}]",3
F174.06,F174,174,6,Virgo,150,2314507.846533549,1624-10-21T08:19:00.499Z,2315562.812446939,1627-09-11T07:29:55.416Z,"[{""jd_ut"":2314507.846533549,""utc"":""1624-10-21T08:19:00.499Z"",""motion"":""direct""},{""jd_ut"":2314614.1452631867,""utc"":""1625-02-04T15:29:10.739Z"",""motion"":""retrograde""},{""jd_ut"":2314771.232453529,""utc"":""1625-07-11T17:34:43.985Z"",""motion"":""direct""}]",3
F174.07,F174,174,7,Libra,180,2315562.812446939,1627-09-11T07:29:55.416Z,2316363.1565943025,1629-11-19T15:45:29.748Z,"[{""jd_ut"":2315562.812446939,""utc"":""1627-09-11T07:29:55.416Z"",""motion"":""direct""}]",1
F174.08,F174,174,8,Scorpio,210,2316363.1565943025,1629-11-19T15:45:29.748Z,2317451.283067844,1632-11-11T18:47:37.062Z,"[{""jd_ut"":2316363.1565943025,""utc"":""1629-11-19T15:45:29.748Z"",""motion"":""direct""},{""jd_ut"":2316548.555408296,""utc"":""1630-05-24T01:19:47.277Z"",""motion"":""retrograde""},{""jd_ut"":2316626.5802979693,""utc"":""1630-08-10T01:55:37.745Z"",""motion"":""direct""}]",3
F174.09,F174,174,9,Sagittarius,240,2317451.283067844,1632-11-11T18:47:37.062Z,2318271.7725063283,1635-02-10T06:32:24.547Z,"[{""jd_ut"":2317451.283067844,""utc"":""1632-11-11T18:47:37.062Z"",""motion"":""direct""}]",1
F174.10,F174,174,10,Capricorn,270,2318271.7725063283,1635-02-10T06:32:24.547Z,2319362.9254520573,1638-02-05T10:12:39.058Z,"[{""jd_ut"":2318271.7725063283,""utc"":""1635-02-10T06:32:24.547Z"",""motion"":""direct""},{""jd_ut"":2318396.5262479633,""utc"":""1635-06-15T00:37:47.824Z"",""motion"":""retrograde""},{""jd_ut"":2318544.970090608,""utc"":""1635-11-10T11:16:55.829Z"",""motion"":""direct""}]",3
F174.11,F174,174,11,Aquarius,300,2319362.9254520573,1638-02-05T10:12:39.058Z,2320195.1485908832,1640-05-17T15:33:58.252Z,"[{""jd_ut"":2319362.9254520573,""utc"":""1638-02-05T10:12:39.058Z"",""motion"":""direct""}]",1
F174.12,F174,174,12,Pisces,330,2320195.1485908832,1640-05-17T15:33:58.252Z,2321248.1459656786,1643-04-05T15:30:11.435Z,"[{""jd_ut"":2320195.1485908832,""utc"":""1640-05-17T15:33:58.252Z"",""motion"":""direct""},{""jd_ut"":2320242.047246067,""utc"":""1640-07-03T13:08:02.060Z"",""motion"":""retrograde""},{""jd_ut"":2320449.862977987,""utc"":""1641-01-27T08:42:41.298Z"",""motion"":""direct""}]",3
F175.01,F175,175,1,Aries,0,2321248.1459656786,1643-04-05T15:30:11.435Z,2322038.040242374,1645-06-03T12:57:56.941Z,"[{""jd_ut"":2321248.1459656786,""utc"":""1643-04-05T15:30:11.435Z"",""motion"":""direct""}]",1
F175.02,F175,175,2,Taurus,30,2322038.040242374,1645-06-03T12:57:56.941Z,2322822.967770269,1647-07-28T11:13:35.351Z,"[{""jd_ut"":2322038.040242374,""utc"":""1645-06-03T12:57:56.941Z"",""motion"":""direct""},{""jd_ut"":2322190.2956486875,""utc"":""1645-11-02T19:05:44.047Z"",""motion"":""retrograde""},{""jd_ut"":2322301.6622938747,""utc"":""1646-02-22T03:53:42.191Z"",""motion"":""direct""}]",3
F175.03,F175,175,3,Gemini,60,2322822.967770269,1647-07-28T11:13:35.351Z,2323611.035356676,1649-09-23T12:50:54.817Z,"[{""jd_ut"":2322822.967770269,""utc"":""1647-07-28T11:13:35.351Z"",""motion"":""direct""},{""jd_ut"":2322918.9181331005,""utc"":""1647-11-01T10:02:06.700Z"",""motion"":""retrograde""},{""jd_ut"":2323082.256744195,""utc"":""1648-04-12T18:09:42.698Z"",""motion"":""direct""}]",3
F175.04,F175,175,4,Cancer,90,2323611.035356676,1649-09-23T12:50:54.817Z,2324628.734822207,1652-07-07T05:38:08.639Z,"[{""jd_ut"":2323611.035356676,""utc"":""1649-09-23T12:50:54.817Z"",""motion"":""direct""},{""jd_ut"":2323648.5633668145,""utc"":""1649-10-31T01:31:14.893Z"",""motion"":""retrograde""},{""jd_ut"":2323855.3202791745,""utc"":""1650-05-25T19:41:12.121Z"",""motion"":""direct""}]",3
F175.05,F175,175,5,Leo,120,2324628.734822207,1652-07-07T05:38:08.639Z,2325407.6283131735,1654-08-25T03:04:46.258Z,"[{""jd_ut"":2324628.734822207,""utc"":""1652-07-07T05:38:08.639Z"",""motion"":""direct""}]",1
F175.06,F175,175,6,Virgo,150,2325407.6283131735,1654-08-25T03:04:46.258Z,2326196.5028943997,1656-10-22T00:04:10.076Z,"[{""jd_ut"":2325407.6283131735,""utc"":""1654-08-25T03:04:46.258Z"",""motion"":""direct""}]",1
F175.07,F175,175,7,Libra,180,2326196.5028943997,1656-10-22T00:04:10.076Z,2327024.728220083,1659-01-28T05:28:38.215Z,"[{""jd_ut"":2326196.5028943997,""utc"":""1656-10-22T00:04:10.076Z"",""motion"":""direct""},{""jd_ut"":2326377.7076955913,""utc"":""1657-04-21T04:59:04.899Z"",""motion"":""retrograde""},{""jd_ut"":2326457.4842032967,""utc"":""1657-07-09T23:37:15.165Z"",""motion"":""direct""}]",3
F175.08,F175,175,8,Scorpio,210,2327024.728220083,1659-01-28T05:28:38.215Z,2328082.5572657697,1661-12-21T01:22:27.763Z,"[{""jd_ut"":2327024.728220083,""utc"":""1659-01-28T05:28:38.215Z"",""motion"":""direct""},{""jd_ut"":2327045.3694268893,""utc"":""1659-02-17T20:51:58.483Z"",""motion"":""retrograde""},{""jd_ut"":2327271.6604174217,""utc"":""1659-10-02T03:51:00.065Z"",""motion"":""direct""}]",3
F175.09,F175,175,9,Sagittarius,240,2328082.5572657697,1661-12-21T01:22:27.763Z,2329177.3260628292,1664-12-19T19:49:31.828Z,"[{""jd_ut"":2328082.5572657697,""utc"":""1661-12-21T01:22:27.763Z"",""motion"":""direct""},{""jd_ut"":2328261.977429619,""utc"":""1662-06-18T11:27:29.919Z"",""motion"":""retrograde""},{""jd_ut"":2328350.2378723687,""utc"":""1662-09-14T17:42:32.173Z"",""motion"":""direct""}]",3
F175.10,F175,175,10,Capricorn,270,2329177.3260628292,1664-12-19T19:49:31.828Z,2330001.5522475336,1667-03-24T01:15:14.187Z,"[{""jd_ut"":2329177.3260628292,""utc"":""1664-12-19T19:49:31.828Z"",""motion"":""direct""}]",1
F175.11,F175,175,11,Aquarius,300,2330001.5522475336,1667-03-24T01:15:14.187Z,2331080.765998953,1670-03-07T06:23:02.310Z,"[{""jd_ut"":2330001.5522475336,""utc"":""1667-03-24T01:15:14.187Z"",""motion"":""direct""},{""jd_ut"":2330100.3363611856,""utc"":""1667-06-30T20:04:21.606Z"",""motion"":""retrograde""},{""jd_ut"":2330271.120518824,""utc"":""1667-12-18T14:53:32.826Z"",""motion"":""direct""}]",3
F175.12,F175,175,12,Pisces,330,2331080.765998953,1670-03-07T06:23:02.310Z,2331888.0585659556,1672-05-22T13:24:20.099Z,"[{""jd_ut"":2331080.765998953,""utc"":""1670-03-07T06:23:02.310Z"",""motion"":""direct""}]",1
F176.01,F176,176,1,Aries,0,2331888.0585659556,1672-05-22T13:24:20.099Z,2332940.378279133,1675-04-09T21:04:43.317Z,"[{""jd_ut"":2331888.0585659556,""utc"":""1672-05-22T13:24:20.099Z"",""motion"":""direct""},{""jd_ut"":2331992.3365403395,""utc"":""1672-09-03T20:04:37.085Z"",""motion"":""retrograde""},{""jd_ut"":2332153.1983808456,""utc"":""1673-02-11T16:45:40.105Z"",""motion"":""direct""}]",3
F176.02,F176,176,2,Taurus,30,2332940.378279133,1675-04-09T21:04:43.317Z,2333717.054216573,1677-05-25T13:18:04.312Z,"[{""jd_ut"":2332940.378279133,""utc"":""1675-04-09T21:04:43.317Z"",""motion"":""direct""}]",1
F176.03,F176,176,3,Gemini,60,2333717.054216573,1677-05-25T13:18:04.312Z,2334489.0331553174,1679-07-06T12:47:44.619Z,"[{""jd_ut"":2333717.054216573,""utc"":""1677-05-25T13:18:04.312Z"",""motion"":""direct""}]",1
F176.04,F176,176,4,Cancer,90,2334489.0331553174,1679-07-06T12:47:44.619Z,2335261.86388319,1681-08-17T08:43:59.508Z,"[{""jd_ut"":2334489.0331553174,""utc"":""1679-07-06T12:47:44.619Z"",""motion"":""direct""}]",1
F176.05,F176,176,5,Leo,120,2335261.86388319,1681-08-17T08:43:59.508Z,2336042.1904515866,1683-10-06T16:34:15.017Z,"[{""jd_ut"":2335261.86388319,""utc"":""1681-08-17T08:43:59.508Z"",""motion"":""direct""},{""jd_ut"":2335469.0232886663,""utc"":""1682-03-12T12:33:32.141Z"",""motion"":""retrograde""},{""jd_ut"":2335506.502146867,""utc"":""1682-04-19T00:03:05.489Z"",""motion"":""direct""}]",3
F176.06,F176,176,6,Virgo,150,2336042.1904515866,1683-10-06T16:34:15.017Z,2336855.0759265935,1685-12-27T13:49:20.058Z,"[{""jd_ut"":2336042.1904515866,""utc"":""1683-10-06T16:34:15.017Z"",""motion"":""direct""},{""jd_ut"":2336184.8149513407,""utc"":""1684-02-26T07:33:31.796Z"",""motion"":""retrograde""},{""jd_ut"":2336306.165187544,""utc"":""1684-06-26T15:57:52.204Z"",""motion"":""direct""}]",3
F176.07,F176,176,7,Libra,180,2336855.0759265935,1685-12-27T13:49:20.058Z,2337900.496993281,1688-11-06T23:55:40.219Z,"[{""jd_ut"":2336855.0759265935,""utc"":""1685-12-27T13:49:20.058Z"",""motion"":""direct""},{""jd_ut"":2336879.2349430667,""utc"":""1686-01-20T17:38:19.081Z"",""motion"":""retrograde""},{""jd_ut"":2337100.7294487897,""utc"":""1686-08-30T05:30:24.375Z"",""motion"":""direct""}]",3
F176.08,F176,176,8,Scorpio,210,2337900.496993281,1688-11-06T23:55:40.219Z,2338730.3444518307,1691-02-14T20:16:00.638Z,"[{""jd_ut"":2337900.496993281,""utc"":""1688-11-06T23:55:40.219Z"",""motion"":""direct""}]",1
F176.09,F176,176,9,Sagittarius,240,2338730.3444518307,1691-02-14T20:16:00.638Z,2339805.468518532,1694-01-24T23:14:40.001Z,"[{""jd_ut"":2338730.3444518307,""utc"":""1691-02-14T20:16:00.638Z"",""motion"":""direct""},{""jd_ut"":2338775.9532929827,""utc"":""1691-04-01T10:52:44.514Z"",""motion"":""retrograde""},{""jd_ut"":2338988.2618173966,""utc"":""1691-10-30T18:17:01.023Z"",""motion"":""direct""}]",3
F176.10,F176,176,10,Capricorn,270,2339805.468518532,1694-01-24T23:14:40.001Z,2340899.370326751,1697-01-22T20:53:16.231Z,"[{""jd_ut"":2339805.468518532,""utc"":""1694-01-24T23:14:40.001Z"",""motion"":""direct""},{""jd_ut"":2339970.3641198855,""utc"":""1694-07-08T20:44:19.958Z"",""motion"":""retrograde""},{""jd_ut"":2340077.0598381087,""utc"":""1694-10-23T13:26:10.013Z"",""motion"":""direct""}]",3
F176.11,F176,176,11,Aquarius,300,2340899.370326751,1697-01-22T20:53:16.231Z,2341716.4712105747,1699-04-19T23:18:32.594Z,"[{""jd_ut"":2340899.370326751,""utc"":""1697-01-22T20:53:16.231Z"",""motion"":""direct""}]",1
F176.12,F176,176,12,Pisces,330,2341716.4712105747,1699-04-19T23:18:32.594Z,2342784.5680184383,1702-03-24T01:37:56.793Z,"[{""jd_ut"":2341716.4712105747,""utc"":""1699-04-19T23:18:32.594Z"",""motion"":""direct""},{""jd_ut"":2341824.6326382617,""utc"":""1699-08-06T03:10:59.946Z"",""motion"":""retrograde""},{""jd_ut"":2341985.0135423075,""utc"":""1700-01-13T12:19:30.055Z"",""motion"":""direct""}]",3
F177.01,F177,177,1,Aries,0,2342784.5680184383,1702-03-24T01:37:56.793Z,2343572.771890437,1704-05-20T06:31:31.334Z,"[{""jd_ut"":2342784.5680184383,""utc"":""1702-03-24T01:37:56.793Z"",""motion"":""direct""}]",1
F177.02,F177,177,2,Taurus,30,2343572.771890437,1704-05-20T06:31:31.334Z,2344354.0642892485,1706-07-10T13:32:34.591Z,"[{""jd_ut"":2343572.771890437,""utc"":""1704-05-20T06:31:31.334Z"",""motion"":""direct""},{""jd_ut"":2343768.640391971,""utc"":""1704-12-02T03:22:09.866Z"",""motion"":""retrograde""},{""jd_ut"":2343827.4672292517,""utc"":""1705-01-29T23:12:48.607Z"",""motion"":""direct""}]",3
F177.03,F177,177,3,Gemini,60,2344354.0642892485,1706-07-10T13:32:34.591Z,2345132.0619835136,1708-08-26T13:29:15.376Z,"[{""jd_ut"":2344354.0642892485,""utc"":""1706-07-10T13:32:34.591Z"",""motion"":""direct""},{""jd_ut"":2344492.740026051,""utc"":""1706-11-26T05:45:38.251Z"",""motion"":""retrograde""},{""jd_ut"":2344616.269954209,""utc"":""1707-03-29T18:28:44.044Z"",""motion"":""direct""}]",3
F177.04,F177,177,4,Cancer,90,2345132.0619835136,1708-08-26T13:29:15.376Z,2345919.2830998786,1710-10-22T18:47:39.830Z,"[{""jd_ut"":2345132.0619835136,""utc"":""1708-08-26T13:29:15.376Z"",""motion"":""direct""},{""jd_ut"":2345230.4567599036,""utc"":""1708-12-02T22:57:44.056Z"",""motion"":""retrograde""},{""jd_ut"":2345391.3751175385,""utc"":""1709-05-12T21:00:10.155Z"",""motion"":""direct""}]",3
F177.05,F177,177,5,Leo,120,2345919.2830998786,1710-10-22T18:47:39.830Z,2346945.4916782314,1713-08-13T23:48:00.999Z,"[{""jd_ut"":2345919.2830998786,""utc"":""1710-10-22T18:47:39.830Z"",""motion"":""direct""},{""jd_ut"":2345959.7257109443,""utc"":""1710-12-02T05:25:01.426Z"",""motion"":""retrograde""},{""jd_ut"":2346165.9474464487,""utc"":""1711-06-26T10:44:19.373Z"",""motion"":""direct""}]",3
F177.06,F177,177,6,Virgo,150,2346945.4916782314,1713-08-13T23:48:00.999Z,2347733.620973428,1715-10-11T02:54:12.104Z,"[{""jd_ut"":2346945.4916782314,""utc"":""1713-08-13T23:48:00.999Z"",""motion"":""direct""}]",1
F177.07,F177,177,7,Libra,180,2347733.620973428,1715-10-11T02:54:12.104Z,2348541.1138934055,1717-12-26T14:44:00.390Z,"[{""jd_ut"":2347733.620973428,""utc"":""1715-10-11T02:54:12.104Z"",""motion"":""direct""}]",1
F177.08,F177,177,8,Scorpio,210,2348541.1138934055,1717-12-26T14:44:00.390Z,2349618.9997365996,1720-12-08T11:59:37.242Z,"[{""jd_ut"":2348541.1138934055,""utc"":""1717-12-26T14:44:00.390Z"",""motion"":""direct""},{""jd_ut"":2348632.2239751797,""utc"":""1718-03-27T17:22:31.456Z"",""motion"":""retrograde""},{""jd_ut"":2348808.1450083572,""utc"":""1718-09-19T15:28:48.722Z"",""motion"":""direct""}]",3
F177.09,F177,177,9,Sagittarius,240,2349618.9997365996,1720-12-08T11:59:37.242Z,2350714.0121067315,1723-12-08T12:17:26.022Z,"[{""jd_ut"":2349618.9997365996,""utc"":""1720-12-08T11:59:37.242Z"",""motion"":""direct""}]",1
F177.10,F177,177,10,Capricorn,270,2350714.0121067315,1723-12-08T12:17:26.022Z,2351532.266056449,1726-03-05T18:23:07.277Z,"[{""jd_ut"":2350714.0121067315,""utc"":""1723-12-08T12:17:26.022Z"",""motion"":""direct""}]",1
F177.11,F177,177,11,Aquarius,300,2351532.266056449,1726-03-05T18:23:07.277Z,2352617.017349704,1729-02-22T12:24:59.014Z,"[{""jd_ut"":2351532.266056449,""utc"":""1726-03-05T18:23:07.277Z"",""motion"":""direct""},{""jd_ut"":2351675.391328688,""utc"":""1726-07-26T21:23:30.799Z"",""motion"":""retrograde""},{""jd_ut"":2351804.6889786217,""utc"":""1726-12-03T04:32:07.753Z"",""motion"":""direct""}]",3
F177.12,F177,177,12,Pisces,330,2352617.017349704,1729-02-22T12:24:59.014Z,2353419.0319328997,1731-05-05T12:45:59.003Z,"[{""jd_ut"":2352617.017349704,""utc"":""1729-02-22T12:24:59.014Z"",""motion"":""direct""}]",1
F178.01,F178,178,1,Aries,0,2353419.0319328997,1731-05-05T12:45:59.003Z,2354233.385792979,1733-07-27T21:15:32.513Z,"[{""jd_ut"":2353419.0319328997,""utc"":""1731-05-05T12:45:59.003Z"",""motion"":""direct""},{""jd_ut"":2353567.2092167987,""utc"":""1731-09-30T17:01:16.331Z"",""motion"":""retrograde""},{""jd_ut"":2353686.285197188,""utc"":""1732-01-27T18:50:41.037Z"",""motion"":""direct""}]",3
F178.02,F178,178,2,Taurus,30,2354233.385792979,1733-07-27T21:15:32.513Z,2355254.2189845694,1736-05-13T17:15:20.267Z,"[{""jd_ut"":2354233.385792979,""utc"":""1733-07-27T21:15:32.513Z"",""motion"":""direct""},{""jd_ut"":2354263.8626296893,""utc"":""1733-08-27T08:42:11.205Z"",""motion"":""retrograde""},{""jd_ut"":2354476.8452942492,""utc"":""1734-03-28T08:17:13.423Z"",""motion"":""direct""}]",3
F178.03,F178,178,3,Gemini,60,2355254.2189845694,1736-05-13T17:15:20.267Z,2356026.373551828,1738-06-24T20:57:54.878Z,"[{""jd_ut"":2355254.2189845694,""utc"":""1736-05-13T17:15:20.267Z"",""motion"":""direct""}]",1
F178.04,F178,178,4,Cancer,90,2356026.373551828,1738-06-24T20:57:54.878Z,2356798.928038746,1740-08-05T10:16:22.548Z,"[{""jd_ut"":2356026.373551828,""utc"":""1738-06-24T20:57:54.878Z"",""motion"":""direct""}]",1
F178.05,F178,178,5,Leo,120,2356798.928038746,1740-08-05T10:16:22.548Z,2357577.7114934977,1742-09-23T05:04:33.038Z,"[{""jd_ut"":2356798.928038746,""utc"":""1740-08-05T10:16:22.548Z"",""motion"":""direct""}]",1
F178.06,F178,178,6,Virgo,150,2357577.7114934977,1742-09-23T05:04:33.038Z,2358372.652151135,1744-11-26T03:39:05.858Z,"[{""jd_ut"":2357577.7114934977,""utc"":""1742-09-23T05:04:33.038Z"",""motion"":""direct""},{""jd_ut"":2357759.6824110253,""utc"":""1743-03-24T04:22:40.313Z"",""motion"":""retrograde""},{""jd_ut"":2357834.9804212106,""utc"":""1743-06-07T11:31:48.393Z"",""motion"":""direct""}]",3
F178.07,F178,178,7,Libra,180,2358372.652151135,1744-11-26T03:39:05.858Z,2359437.677478186,1747-10-27T04:15:34.115Z,"[{""jd_ut"":2358372.652151135,""utc"":""1744-11-26T03:39:05.858Z"",""motion"":""direct""},{""jd_ut"":2358464.8365223706,""utc"":""1745-02-26T08:04:35.533Z"",""motion"":""retrograde""},{""jd_ut"":2358636.969256115,""utc"":""1745-08-17T11:15:43.728Z"",""motion"":""direct""}]",3
F178.08,F178,178,8,Scorpio,210,2359437.677478186,1747-10-27T04:15:34.115Z,2360253.1161864614,1750-01-19T14:47:18.510Z,"[{""jd_ut"":2359437.677478186,""utc"":""1747-10-27T04:15:34.115Z"",""motion"":""direct""}]",1
F178.09,F178,178,9,Sagittarius,240,2360253.1161864614,1750-01-19T14:47:18.510Z,2361340.731157598,1753-01-11T05:32:52.016Z,"[{""jd_ut"":2360253.1161864614,""utc"":""1750-01-19T14:47:18.510Z"",""motion"":""direct""},{""jd_ut"":2360357.100482705,""utc"":""1750-05-03T14:24:41.706Z"",""motion"":""retrograde""},{""jd_ut"":2360523.807045405,""utc"":""1750-10-17T07:22:08.723Z"",""motion"":""direct""}]",3
F178.10,F178,178,10,Capricorn,270,2361340.731157598,1753-01-11T05:32:52.016Z,2362435.54480322,1756-01-11T01:04:30.998Z,"[{""jd_ut"":2361340.731157598,""utc"":""1753-01-11T05:32:52.016Z"",""motion"":""direct""},{""jd_ut"":2361552.8398155766,""utc"":""1753-08-11T08:09:20.066Z"",""motion"":""retrograde""},{""jd_ut"":2361598.601293709,""utc"":""1753-09-26T02:25:51.776Z"",""motion"":""direct""}]",3
F178.11,F178,178,11,Aquarius,300,2362435.54480322,1756-01-11T01:04:30.998Z,2363247.2235142402,1758-04-01T17:21:51.630Z,"[{""jd_ut"":2362435.54480322,""utc"":""1756-01-11T01:04:30.998Z"",""motion"":""direct""}]",1
F178.12,F178,178,12,Pisces,330,2363247.2235142402,1758-04-01T17:21:51.630Z,2364320.3364983406,1761-03-09T20:04:33.457Z,"[{""jd_ut"":2363247.2235142402,""utc"":""1758-04-01T17:21:51.630Z"",""motion"":""direct""},{""jd_ut"":2363400.5763605675,""utc"":""1758-09-02T01:49:57.553Z"",""motion"":""retrograde""},{""jd_ut"":2363517.1210884275,""utc"":""1758-12-27T14:54:22.040Z"",""motion"":""direct""}]",3
F179.01,F179,179,1,Aries,0,2364320.3364983406,1761-03-09T20:04:33.457Z,2365107.8302211324,1763-05-06T07:55:31.106Z,"[{""jd_ut"":2364320.3364983406,""utc"":""1761-03-09T20:04:33.457Z"",""motion"":""direct""}]",1
F179.02,F179,179,2,Taurus,30,2365107.8302211324,1763-05-06T07:55:31.106Z,2365887.3229026133,1765-06-23T19:44:58.786Z,"[{""jd_ut"":2365107.8302211324,""utc"":""1763-05-06T07:55:31.106Z"",""motion"":""direct""}]",1
F179.03,F179,179,3,Gemini,60,2365887.3229026133,1765-06-23T19:44:58.786Z,2366662.5518997526,1767-08-08T01:14:44.139Z,"[{""jd_ut"":2365887.3229026133,""utc"":""1765-06-23T19:44:58.786Z"",""motion"":""direct""},{""jd_ut"":2366070.4807791505,""utc"":""1765-12-23T23:32:19.319Z"",""motion"":""retrograde""},{""jd_ut"":2366143.370824389,""utc"":""1766-03-06T20:53:59.227Z"",""motion"":""direct""}]",3
F179.04,F179,179,4,Cancer,90,2366662.5518997526,1767-08-08T01:14:44.139Z,2367439.992831042,1769-09-23T11:49:40.602Z,"[{""jd_ut"":2366662.5518997526,""utc"":""1767-08-08T01:14:44.139Z"",""motion"":""direct""},{""jd_ut"":2366805.6827170253,""utc"":""1767-12-29T04:23:06.751Z"",""motion"":""retrograde""},{""jd_ut"":2366923.8398954803,""utc"":""1768-04-25T08:09:26.969Z"",""motion"":""direct""}]",3
F179.05,F179,179,5,Leo,120,2367439.992831042,1769-09-23T11:49:40.602Z,2368481.961554561,1772-07-31T11:04:38.314Z,"[{""jd_ut"":2367439.992831042,""utc"":""1769-09-23T11:49:40.602Z"",""motion"":""direct""},{""jd_ut"":2367542.4897720134,""utc"":""1770-01-03T23:45:16.302Z"",""motion"":""retrograde""},{""jd_ut"":2367700.8372222185,""utc"":""1770-06-11T08:05:36.000Z"",""motion"":""direct""}]",3
F179.06,F179,179,6,Virgo,150,2368481.961554561,1772-07-31T11:04:38.314Z,2369270.3734211056,1774-09-27T20:57:43.584Z,"[{""jd_ut"":2368481.961554561,""utc"":""1772-07-31T11:04:38.314Z"",""motion"":""direct""}]",1
F179.07,F179,179,7,Libra,180,2369270.3734211056,1774-09-27T20:57:43.584Z,2370071.9700028654,1776-12-07T11:16:48.248Z,"[{""jd_ut"":2369270.3734211056,""utc"":""1774-09-27T20:57:43.584Z"",""motion"":""direct""}]",1
F179.08,F179,179,8,Scorpio,210,2370071.9700028654,1776-12-07T11:16:48.248Z,2371155.3799341535,1779-11-25T21:07:06.311Z,"[{""jd_ut"":2370071.9700028654,""utc"":""1776-12-07T11:16:48.248Z"",""motion"":""direct""},{""jd_ut"":2370206.710932495,""utc"":""1777-04-21T05:03:44.568Z"",""motion"":""retrograde""},{""jd_ut"":2370342.049763974,""utc"":""1777-09-03T13:11:39.607Z"",""motion"":""direct""}]",3
F179.09,F179,179,9,Sagittarius,240,2371155.3799341535,1779-11-25T21:07:06.311Z,2371982.364788004,1782-03-01T20:45:17.684Z,"[{""jd_ut"":2371155.3799341535,""utc"":""1779-11-25T21:07:06.311Z"",""motion"":""direct""}]",1
F179.10,F179,179,10,Capricorn,270,2371982.364788004,1782-03-01T20:45:17.684Z,2373065.6408439856,1785-02-17T03:22:48.920Z,"[{""jd_ut"":2371982.364788004,""utc"":""1782-03-01T20:45:17.684Z"",""motion"":""direct""},{""jd_ut"":2372061.3215887602,""utc"":""1782-05-19T19:43:05.269Z"",""motion"":""retrograde""},{""jd_ut"":2372249.375942399,""utc"":""1782-11-23T21:01:21.423Z"",""motion"":""direct""}]",3
F179.11,F179,179,11,Aquarius,300,2373065.6408439856,1785-02-17T03:22:48.920Z,2374152.5550177265,1788-02-09T01:19:13.532Z,"[{""jd_ut"":2373065.6408439856,""utc"":""1785-02-17T03:22:48.920Z"",""motion"":""direct""},{""jd_ut"":2373253.436409354,""utc"":""1785-08-23T22:28:25.768Z"",""motion"":""retrograde""},{""jd_ut"":2373332.0972537845,""utc"":""1785-11-10T14:20:02.727Z"",""motion"":""direct""}]",3
F179.12,F179,179,12,Pisces,330,2374152.5550177265,1788-02-09T01:19:13.532Z,2374952.1321882624,1790-04-18T15:10:21.066Z,"[{""jd_ut"":2374152.5550177265,""utc"":""1788-02-09T01:19:13.532Z"",""motion"":""direct""}]",1
F180.01,F180,180,1,Aries,0,2374952.1321882624,1790-04-18T15:10:21.066Z,2375748.408444752,1792-06-22T21:48:09.627Z,"[{""jd_ut"":2374952.1321882624,""utc"":""1790-04-18T15:10:21.066Z"",""motion"":""direct""},{""jd_ut"":2375147.5133710187,""utc"":""1790-10-31T00:19:15.256Z"",""motion"":""retrograde""},{""jd_ut"":2375211.117271103,""utc"":""1791-01-02T14:48:52.223Z"",""motion"":""direct""}]",3
F180.02,F180,180,2,Taurus,30,2375748.408444752,1792-06-22T21:48:09.627Z,2376789.908688696,1795-04-30T09:48:30.703Z,"[{""jd_ut"":2375748.408444752,""utc"":""1792-06-22T21:48:09.627Z"",""motion"":""direct""},{""jd_ut"":2375852.56888612,""utc"":""1792-10-05T01:39:11.761Z"",""motion"":""retrograde""},{""jd_ut"":2376011.026215434,""utc"":""1793-03-12T12:37:45.014Z"",""motion"":""direct""}]",3
F180.03,F180,180,3,Gemini,60,2376789.908688696,1795-04-30T09:48:30.703Z,2377562.622862138,1797-06-11T02:56:55.289Z,"[{""jd_ut"":2376789.908688696,""utc"":""1795-04-30T09:48:30.703Z"",""motion"":""direct""}]",1
F180.04,F180,180,4,Cancer,90,2377562.622862138,1797-06-11T02:56:55.289Z,2378335.3460142286,1799-07-23T20:18:15.629Z,"[{""jd_ut"":2377562.622862138,""utc"":""1797-06-11T02:56:55.289Z"",""motion"":""direct""}]",1
F180.05,F180,180,5,Leo,120,2378335.3460142286,1799-07-23T20:18:15.629Z,2379113.4733848805,1801-09-09T23:21:40.454Z,"[{""jd_ut"":2378335.3460142286,""utc"":""1799-07-23T20:18:15.629Z"",""motion"":""direct""}]",1
F180.06,F180,180,6,Virgo,150,2379113.4733848805,1801-09-09T23:21:40.454Z,2379903.4172437573,1803-11-08T22:00:49.861Z,"[{""jd_ut"":2379113.4733848805,""utc"":""1801-09-09T23:21:40.454Z"",""motion"":""direct""}]",1
F180.07,F180,180,7,Libra,180,2379903.4172437573,1803-11-08T22:00:49.861Z,2380974.2475807657,1806-10-14T17:56:30.978Z,"[{""jd_ut"":2379903.4172437573,""utc"":""1803-11-08T22:00:49.861Z"",""motion"":""direct""},{""jd_ut"":2380039.5060059344,""utc"":""1804-03-24T00:08:38.913Z"",""motion"":""retrograde""},{""jd_ut"":2380170.375671915,""utc"":""1804-08-01T21:00:58.053Z"",""motion"":""direct""}]",3
F180.08,F180,180,8,Scorpio,210,2380974.2475807657,1806-10-14T17:56:30.978Z,2381784.5828392906,1809-01-02T01:59:17.315Z,"[{""jd_ut"":2380974.2475807657,""utc"":""1806-10-14T17:56:30.978Z"",""motion"":""direct""}]",1
F180.09,F180,180,9,Sagittarius,240,2381784.5828392906,1809-01-02T01:59:17.315Z,2382876.3283961704,1811-12-29T19:52:53.429Z,"[{""jd_ut"":2381784.5828392906,""utc"":""1809-01-02T01:59:17.315Z"",""motion"":""direct""},{""jd_ut"":2381932.101220944,""utc"":""1809-05-29T14:25:45.490Z"",""motion"":""retrograde""},{""jd_ut"":2382056.456284537,""utc"":""1809-09-30T22:57:02.984Z"",""motion"":""direct""}]",3
F180.10,F180,180,10,Capricorn,270,2382876.3283961704,1811-12-29T19:52:53.429Z,2383708.5431712028,1814-04-10T01:02:09.992Z,"[{""jd_ut"":2382876.3283961704,""utc"":""1811-12-29T19:52:53.429Z"",""motion"":""direct""}]",1
F180.11,F180,180,11,Aquarius,300,2383708.5431712028,1814-04-10T01:02:09.992Z,2384780.33165004,1817-03-16T19:57:34.563Z,"[{""jd_ut"":2383708.5431712028,""utc"":""1814-04-10T01:02:09.992Z"",""motion"":""direct""},{""jd_ut"":2383771.0521040456,""utc"":""1814-06-11T13:15:01.790Z"",""motion"":""retrograde""},{""jd_ut"":2383970.583666173,""utc"":""1814-12-28T02:00:28.757Z"",""motion"":""direct""}]",3
F180.12,F180,180,12,Pisces,330,2384780.33165004,1817-03-16T19:57:34.563Z,2385598.6232616054,1819-06-13T02:57:29.803Z,"[{""jd_ut"":2384780.33165004,""utc"":""1817-03-16T19:57:34.563Z"",""motion"":""direct""},{""jd_ut"":2384982.90625609,""utc"":""1817-10-05T09:45:00.526Z"",""motion"":""retrograde""},{""jd_ut"":2385039.9376086406,""utc"":""1817-12-01T10:30:09.387Z"",""motion"":""direct""}]",3
F181.01,F181,181,1,Aries,0,2385598.6232616054,1819-06-13T02:57:29.803Z,2386642.653721762,1822-04-22T03:41:21.560Z,"[{""jd_ut"":2385598.6232616054,""utc"":""1819-06-13T02:57:29.803Z"",""motion"":""direct""},{""jd_ut"":2385658.8651763787,""utc"":""1819-08-12T08:45:51.239Z"",""motion"":""retrograde""},{""jd_ut"":2385854.7726702383,""utc"":""1820-02-24T06:32:38.709Z"",""motion"":""direct""}]",3
F181.02,F181,181,2,Taurus,30,2386642.653721762,1822-04-22T03:41:21.560Z,2387421.342998144,1824-06-08T20:13:55.040Z,"[{""jd_ut"":2386642.653721762,""utc"":""1822-04-22T03:41:21.560Z"",""motion"":""direct""}]",1
F181.03,F181,181,3,Gemini,60,2387421.342998144,1824-06-08T20:13:55.040Z,2388195.350287456,1826-07-22T20:24:24.836Z,"[{""jd_ut"":2387421.342998144,""utc"":""1824-06-08T20:13:55.040Z"",""motion"":""direct""}]",1
F181.04,F181,181,4,Cancer,90,2388195.350287456,1826-07-22T20:24:24.836Z,2388970.1249210546,1828-09-04T14:59:53.179Z,"[{""jd_ut"":2388195.350287456,""utc"":""1826-07-22T20:24:24.836Z"",""motion"":""direct""},{""jd_ut"":2388386.8465319593,""utc"":""1827-01-30T08:19:00.361Z"",""motion"":""retrograde""},{""jd_ut"":2388447.2863739925,""utc"":""1827-03-31T18:52:22.713Z"",""motion"":""direct""}]",3
F181.05,F181,181,5,Leo,120,2388970.1249210546,1828-09-04T14:59:53.179Z,2389754.965116298,1830-10-29T11:09:46.048Z,"[{""jd_ut"":2388970.1249210546,""utc"":""1828-09-04T14:59:53.179Z"",""motion"":""direct""},{""jd_ut"":2389119.141070921,""utc"":""1829-01-31T15:23:08.528Z"",""motion"":""retrograde""},{""jd_ut"":2389231.6654082257,""utc"":""1829-05-24T03:58:11.271Z"",""motion"":""direct""}]",3
F181.06,F181,181,6,Virgo,150,2389754.965116298,1830-10-29T11:09:46.048Z,2390806.148158729,1833-09-14T15:33:20.914Z,"[{""jd_ut"":2389754.965116298,""utc"":""1830-10-29T11:09:46.048Z"",""motion"":""direct""},{""jd_ut"":2389844.9405628154,""utc"":""1831-01-27T10:34:24.627Z"",""motion"":""retrograde""},{""jd_ut"":2390016.264840549,""utc"":""1831-07-17T18:21:22.223Z"",""motion"":""direct""}]",3
F181.07,F181,181,7,Libra,180,2390806.148158729,1833-09-14T15:33:20.914Z,2391605.234292919,1835-11-22T17:37:22.908Z,"[{""jd_ut"":2390806.148158729,""utc"":""1833-09-14T15:33:20.914Z"",""motion"":""direct""}]",1
F181.08,F181,181,8,Scorpio,210,2391605.234292919,1835-11-22T17:37:22.908Z,2392690.97490298,1838-11-12T11:23:51.617Z,"[{""jd_ut"":2391605.234292919,""utc"":""1835-11-22T17:37:22.908Z"",""motion"":""direct""},{""jd_ut"":2391784.057993686,""utc"":""1836-05-19T13:23:30.654Z"",""motion"":""retrograde""},{""jd_ut"":2391869.8876562016,""utc"":""1836-08-13T09:18:13.496Z"",""motion"":""direct""}]",3
F181.09,F181,181,9,Sagittarius,240,2392690.97490298,1838-11-12T11:23:51.617Z,2393509.231092004,1841-02-07T17:32:46.349Z,"[{""jd_ut"":2392690.97490298,""utc"":""1838-11-12T11:23:51.617Z"",""motion"":""direct""}]",1
F181.10,F181,181,10,Capricorn,270,2393509.231092004,1841-02-07T17:32:46.349Z,2394600.0106276628,1844-02-03T12:15:18.230Z,"[{""jd_ut"":2393509.231092004,""utc"":""1841-02-07T17:32:46.349Z"",""motion"":""direct""},{""jd_ut"":2393640.129650886,""utc"":""1841-06-18T15:06:41.837Z"",""motion"":""retrograde""},{""jd_ut"":2393782.276857367,""utc"":""1841-11-07T18:38:40.476Z"",""motion"":""direct""}]",3
F181.11,F181,181,11,Aquarius,300,2394600.0106276628,1844-02-03T12:15:18.230Z,2395426.797013009,1846-05-10T07:07:41.924Z,"[{""jd_ut"":2394600.0106276628,""utc"":""1844-02-03T12:15:18.230Z"",""motion"":""direct""}]",1
F181.12,F181,181,12,Pisces,330,2395426.797013009,1846-05-10T07:07:41.924Z,2396486.137190357,1849-04-03T15:17:33.247Z,"[{""jd_ut"":2395426.797013009,""utc"":""1846-05-10T07:07:41.924Z"",""motion"":""direct""},{""jd_ut"":2395491.0471102763,""utc"":""1846-07-13T13:07:50.328Z"",""motion"":""retrograde""},{""jd_ut"":2395686.9785926407,""utc"":""1847-01-25T11:29:10.404Z"",""motion"":""direct""}]",3
F182.01,F182,182,1,Aries,0,2396486.137190357,1849-04-03T15:17:33.247Z,2397277.1746769426,1851-06-03T16:11:32.088Z,"[{""jd_ut"":2396486.137190357,""utc"":""1849-04-03T15:17:33.247Z"",""motion"":""direct""}]",1
F182.02,F182,182,2,Taurus,30,2397277.1746769426,1851-06-03T16:11:32.088Z,2398064.3371695764,1853-07-29T20:05:31.451Z,"[{""jd_ut"":2397277.1746769426,""utc"":""1851-06-03T16:11:32.088Z"",""motion"":""direct""},{""jd_ut"":2397430.9997755317,""utc"":""1851-11-04T11:59:40.606Z"",""motion"":""retrograde""},{""jd_ut"":2397541.234238346,""utc"":""1852-02-22T17:37:18.193Z"",""motion"":""direct""}]",3
F182.03,F182,182,3,Gemini,60,2398064.3371695764,1853-07-29T20:05:31.451Z,2398862.148891147,1855-10-05T15:34:24.195Z,"[{""jd_ut"":2398064.3371695764,""utc"":""1853-07-29T20:05:31.451Z"",""motion"":""direct""},{""jd_ut"":2398156.784818844,""utc"":""1853-10-30T06:50:08.348Z"",""motion"":""retrograde""},{""jd_ut"":2398323.4314977312,""utc"":""1854-04-14T22:21:21.404Z"",""motion"":""direct""}]",3
F182.04,F182,182,4,Cancer,90,2398862.148891147,1855-10-05T15:34:24.195Z,2399870.5257965093,1858-07-10T00:37:08.818Z,"[{""jd_ut"":2398862.148891147,""utc"":""1855-10-05T15:34:24.195Z"",""motion"":""direct""},{""jd_ut"":2398876.6379346913,""utc"":""1855-10-20T03:18:37.557Z"",""motion"":""retrograde""},{""jd_ut"":2399097.2171400934,""utc"":""1856-05-27T17:12:40.904Z"",""motion"":""direct""}]",3
F182.05,F182,182,5,Leo,120,2399870.5257965093,1858-07-10T00:37:08.818Z,2400648.6875974955,1860-08-26T04:30:08.424Z,"[{""jd_ut"":2399870.5257965093,""utc"":""1858-07-10T00:37:08.818Z"",""motion"":""direct""}]",1
F182.06,F182,182,6,Virgo,150,2400648.6875974955,1860-08-26T04:30:08.424Z,2401436.462766462,1862-10-22T23:06:23.022Z,"[{""jd_ut"":2400648.6875974955,""utc"":""1860-08-26T04:30:08.424Z"",""motion"":""direct""}]",1
F182.07,F182,182,7,Libra,180,2401436.462766462,1862-10-22T23:06:23.022Z,2402255.944616476,1865-01-19T10:40:14.864Z,"[{""jd_ut"":2401436.462766462,""utc"":""1862-10-22T23:06:23.022Z"",""motion"":""direct""},{""jd_ut"":2401617.9540540604,""utc"":""1863-04-22T10:53:50.271Z"",""motion"":""retrograde""},{""jd_ut"":2401696.855655304,""utc"":""1863-07-10T08:32:08.618Z"",""motion"":""direct""}]",3
F182.08,F182,182,8,Scorpio,210,2402255.944616476,1865-01-19T10:40:14.864Z,2403318.227650076,1867-12-17T17:27:48.967Z,"[{""jd_ut"":2402255.944616476,""utc"":""1865-01-19T10:40:14.864Z"",""motion"":""direct""},{""jd_ut"":2402294.8041199865,""utc"":""1865-02-27T07:17:55.967Z"",""motion"":""retrograde""},{""jd_ut"":2402509.4771242086,""utc"":""1865-09-29T23:27:03.532Z"",""motion"":""direct""}]",3
F182.09,F182,182,9,Sagittarius,240,2403318.227650076,1867-12-17T17:27:48.967Z,2404411.543101239,1870-12-15T01:02:03.947Z,"[{""jd_ut"":2403318.227650076,""utc"":""1867-12-17T17:27:48.967Z"",""motion"":""direct""},{""jd_ut"":2403511.997583108,""utc"":""1868-06-28T11:56:31.181Z"",""motion"":""retrograde""},{""jd_ut"":2403581.4338126704,""utc"":""1868-09-05T22:24:41.415Z"",""motion"":""direct""}]",3
F182.10,F182,182,10,Capricorn,270,2404411.543101239,1870-12-15T01:02:03.947Z,2405231.333285343,1873-03-13T19:59:55.854Z,"[{""jd_ut"":2404411.543101239,""utc"":""1870-12-15T01:02:03.947Z"",""motion"":""direct""}]",1
F182.11,F182,182,11,Aquarius,300,2405231.333285343,1873-03-13T19:59:55.854Z,2406314.130311935,1876-02-29T15:07:38.951Z,"[{""jd_ut"":2405231.333285343,""utc"":""1873-03-13T19:59:55.854Z"",""motion"":""direct""},{""jd_ut"":2405353.5800566804,""utc"":""1873-07-14T01:55:16.897Z"",""motion"":""retrograde""},{""jd_ut"":2405503.4060385786,""utc"":""1873-12-10T21:44:41.733Z"",""motion"":""direct""}]",3
F182.12,F182,182,12,Pisces,330,2406314.130311935,1876-02-29T15:07:38.951Z,2407119.343504887,1878-05-14T20:14:38.822Z,"[{""jd_ut"":2406314.130311935,""utc"":""1876-02-29T15:07:38.951Z"",""motion"":""direct""}]",1
F183.01,F183,183,1,Aries,0,2407119.343504887,1878-05-14T20:14:38.822Z,2408176.423785531,1881-04-05T22:10:15.070Z,"[{""jd_ut"":2407119.343504887,""utc"":""1878-05-14T20:14:38.822Z"",""motion"":""direct""},{""jd_ut"":2407243.4965410773,""utc"":""1878-09-15T23:55:01.149Z"",""motion"":""retrograde""},{""jd_ut"":2407386.536532513,""utc"":""1879-02-06T00:52:36.409Z"",""motion"":""direct""}]",3
F183.02,F183,183,2,Taurus,30,2408176.423785531,1881-04-05T22:10:15.070Z,2408955.058109536,1883-05-24T13:23:40.664Z,"[{""jd_ut"":2408176.423785531,""utc"":""1881-04-05T22:10:15.070Z"",""motion"":""direct""}]",1
F183.03,F183,183,3,Gemini,60,2408955.058109536,1883-05-24T13:23:40.664Z,2409728.589757962,1885-07-06T02:09:15.088Z,"[{""jd_ut"":2408955.058109536,""utc"":""1883-05-24T13:23:40.664Z"",""motion"":""direct""}]",1
F183.04,F183,183,4,Cancer,90,2409728.589757962,1885-07-06T02:09:15.088Z,2410502.2952358844,1887-08-18T19:05:08.380Z,"[{""jd_ut"":2409728.589757962,""utc"":""1885-07-06T02:09:15.088Z"",""motion"":""direct""}]",1
F183.05,F183,183,5,Leo,120,2410502.2952358844,1887-08-18T19:05:08.380Z,2411282.647724566,1889-10-07T03:32:43.403Z,"[{""jd_ut"":2410502.2952358844,""utc"":""1887-08-18T19:05:08.380Z"",""motion"":""direct""},{""jd_ut"":2410706.333800584,""utc"":""1888-03-09T20:00:40.370Z"",""motion"":""retrograde""},{""jd_ut"":2410748.9173923377,""utc"":""1888-04-21T10:01:02.698Z"",""motion"":""direct""}]",3
F183.06,F183,183,6,Virgo,150,2411282.647724566,1889-10-07T03:32:43.403Z,2412094.2376631247,1891-12-27T17:42:14.094Z,"[{""jd_ut"":2411282.647724566,""utc"":""1889-10-07T03:32:43.403Z"",""motion"":""direct""},{""jd_ut"":2411423.8618429936,""utc"":""1890-02-25T08:41:03.235Z"",""motion"":""retrograde""},{""jd_ut"":2411546.7031232174,""utc"":""1890-06-28T04:52:29.846Z"",""motion"":""direct""}]",3
F183.07,F183,183,7,Libra,180,2412094.2376631247,1891-12-27T17:42:14.094Z,2413139.284954084,1894-11-06T18:50:20.033Z,"[{""jd_ut"":2412094.2376631247,""utc"":""1891-12-27T17:42:14.094Z"",""motion"":""direct""},{""jd_ut"":2412120.034077502,""utc"":""1892-01-22T12:49:04.296Z"",""motion"":""retrograde""},{""jd_ut"":2412340.463482621,""utc"":""1892-08-29T23:07:24.898Z"",""motion"":""direct""}]",3
F183.08,F183,183,8,Scorpio,210,2413139.284954084,1894-11-06T18:50:20.033Z,2413963.105410088,1897-02-07T14:31:47.432Z,"[{""jd_ut"":2413139.284954084,""utc"":""1894-11-06T18:50:20.033Z"",""motion"":""direct""}]",1
F183.09,F183,183,9,Sagittarius,240,2413963.105410088,1897-02-07T14:31:47.432Z,2415040.8392987894,1900-01-21T08:08:35.415Z,"[{""jd_ut"":2413963.105410088,""utc"":""1897-02-07T14:31:47.432Z"",""motion"":""direct""},{""jd_ut"":2414024.1027161647,""utc"":""1897-04-09T14:27:54.677Z"",""motion"":""retrograde""},{""jd_ut"":2414225.273172642,""utc"":""1897-10-27T18:33:22.116Z"",""motion"":""direct""}]",3
F183.10,F183,183,10,Capricorn,270,2415040.8392987894,1900-01-21T08:08:35.415Z,2416134.4267136827,1903-01-19T22:14:28.062Z,"[{""jd_ut"":2415040.8392987894,""utc"":""1900-01-21T08:08:35.415Z"",""motion"":""direct""},{""jd_ut"":2415219.231989351,""utc"":""1900-07-18T17:34:03.880Z"",""motion"":""retrograde""},{""jd_ut"":2415309.709325035,""utc"":""1900-10-17T05:01:25.683Z"",""motion"":""direct""}]",3
F183.11,F183,183,11,Aquarius,300,2416134.4267136827,1903-01-19T22:14:28.062Z,2416948.8596438086,1905-04-13T08:37:53.225Z,"[{""jd_ut"":2416134.4267136827,""utc"":""1903-01-19T22:14:28.062Z"",""motion"":""direct""}]",1
F183.12,F183,183,12,Pisces,330,2416948.8596438086,1905-04-13T08:37:53.225Z,2418020.098414515,1908-03-19T14:21:43.014Z,"[{""jd_ut"":2416948.8596438086,""utc"":""1905-04-13T08:37:53.225Z"",""motion"":""direct""},{""jd_ut"":2417074.5296777003,""utc"":""1905-08-17T00:42:44.153Z"",""motion"":""retrograde""},{""jd_ut"":2417219.032090283,""utc"":""1906-01-08T12:46:12.600Z"",""motion"":""direct""}]",3
F184.01,F184,184,1,Aries,0,2418020.098414515,1908-03-19T14:21:43.014Z,2418808.8116275687,1910-05-17T07:28:44.622Z,"[{""jd_ut"":2418020.098414515,""utc"":""1908-03-19T14:21:43.014Z"",""motion"":""direct""}]",1
F184.02,F184,184,2,Taurus,30,2418808.8116275687,1910-05-17T07:28:44.622Z,2419590.7579658786,1912-07-07T06:11:28.252Z,"[{""jd_ut"":2418808.8116275687,""utc"":""1910-05-17T07:28:44.622Z"",""motion"":""direct""},{""jd_ut"":2419020.467054273,""utc"":""1910-12-14T23:12:33.489Z"",""motion"":""retrograde""},{""jd_ut"":2419056.8874660144,""utc"":""1911-01-20T09:17:57.064Z"",""motion"":""direct""}]",3
F184.03,F184,184,3,Gemini,60,2419590.7579658786,1912-07-07T06:11:28.252Z,2420369.226680861,1914-08-24T17:26:25.226Z,"[{""jd_ut"":2419590.7579658786,""utc"":""1912-07-07T06:11:28.252Z"",""motion"":""direct""},{""jd_ut"":2419737.2636102727,""utc"":""1912-11-30T18:19:35.928Z"",""motion"":""retrograde""},{""jd_ut"":2419853.04539569,""utc"":""1913-03-26T13:05:22.188Z"",""motion"":""direct""}]",3
F184.04,F184,184,4,Cancer,90,2420369.226680861,1914-08-24T17:26:25.226Z,2421154.1477978444,1916-10-17T15:32:49.734Z,"[{""jd_ut"":2420369.226680861,""utc"":""1914-08-24T17:26:25.226Z"",""motion"":""direct""},{""jd_ut"":2420473.7849381287,""utc"":""1914-12-07T06:50:18.654Z"",""motion"":""retrograde""},{""jd_ut"":2420629.3904191703,""utc"":""1915-05-11T21:22:12.216Z"",""motion"":""direct""}]",3
F184.05,F184,184,5,Leo,120,2421154.1477978444,1916-10-17T15:32:49.734Z,2422183.0769957257,1919-08-12T13:50:52.431Z,"[{""jd_ut"":2421154.1477978444,""utc"":""1916-10-17T15:32:49.734Z"",""motion"":""direct""},{""jd_ut"":2421205.308369701,""utc"":""1916-12-07T19:24:03.142Z"",""motion"":""retrograde""},{""jd_ut"":2421404.078036638,""utc"":""1917-06-24T13:52:22.366Z"",""motion"":""direct""}]",3
F184.06,F184,184,6,Virgo,150,2422183.0769957257,1919-08-12T13:50:52.431Z,2422970.2230765615,1921-10-07T17:21:13.815Z,"[{""jd_ut"":2422183.0769957257,""utc"":""1919-08-12T13:50:52.431Z"",""motion"":""direct""}]",1
F184.07,F184,184,7,Libra,180,2422970.2230765615,1921-10-07T17:21:13.815Z,2423773.683194522,1923-12-20T04:23:48.007Z,"[{""jd_ut"":2422970.2230765615,""utc"":""1921-10-07T17:21:13.815Z"",""motion"":""direct""}]",1
F184.08,F184,184,8,Scorpio,210,2423773.683194522,1923-12-20T04:23:48.007Z,2424852.4402099103,1926-12-02T22:33:54.136Z,"[{""jd_ut"":2423773.683194522,""utc"":""1923-12-20T04:23:48.007Z"",""motion"":""direct""},{""jd_ut"":2423881.8590512127,""utc"":""1924-04-06T08:37:02.025Z"",""motion"":""retrograde""},{""jd_ut"":2424042.4155276427,""utc"":""1924-09-13T21:58:21.588Z"",""motion"":""direct""}]",3
F184.09,F184,184,9,Sagittarius,240,2424852.4402099103,1926-12-02T22:33:54.136Z,2425686.0738862827,1929-03-15T13:46:23.775Z,"[{""jd_ut"":2424852.4402099103,""utc"":""1926-12-02T22:33:54.136Z"",""motion"":""direct""}]",1
F184.10,F184,184,10,Capricorn,270,2425686.0738862827,1929-03-15T13:46:23.775Z,2426761.6154485913,1932-02-24T02:46:14.758Z,"[{""jd_ut"":2425686.0738862827,""utc"":""1929-03-15T13:46:23.775Z"",""motion"":""direct""},{""jd_ut"":2425736.680760394,""utc"":""1929-05-05T04:20:17.698Z"",""motion"":""retrograde""},{""jd_ut"":2425945.6817029035,""utc"":""1929-11-30T04:21:39.131Z"",""motion"":""direct""}]",3
F184.11,F184,184,11,Aquarius,300,2426761.6154485913,1932-02-24T02:46:14.758Z,2427848.0886635846,1935-02-14T14:07:40.534Z,"[{""jd_ut"":2426761.6154485913,""utc"":""1932-02-24T02:46:14.758Z"",""motion"":""direct""},{""jd_ut"":2426932.968836467,""utc"":""1932-08-13T11:15:07.471Z"",""motion"":""retrograde""},{""jd_ut"":2427031.589380296,""utc"":""1932-11-20T02:08:42.458Z"",""motion"":""direct""}]",3
F184.12,F184,184,12,Pisces,330,2427848.0886635846,1935-02-14T14:07:40.534Z,2428648.7698187996,1937-04-25T06:28:32.344Z,"[{""jd_ut"":2427848.0886635846,""utc"":""1935-02-14T14:07:40.534Z"",""motion"":""direct""}]",1
F185.01,F185,185,1,Aries,0,2428648.7698187996,1937-04-25T06:28:32.344Z,2429450.738718046,1939-07-06T05:43:45.239Z,"[{""jd_ut"":2428648.7698187996,""utc"":""1937-04-25T06:28:32.344Z"",""motion"":""direct""},{""jd_ut"":2428824.6539445855,""utc"":""1937-10-18T03:41:40.812Z"",""motion"":""retrograde""},{""jd_ut"":2428912.937239983,""utc"":""1938-01-14T10:29:37.535Z"",""motion"":""direct""}]",3
F185.02,F185,185,2,Taurus,30,2429450.738718046,1939-07-06T05:43:45.239Z,2430488.318483711,1942-05-08T19:38:36.993Z,"[{""jd_ut"":2429450.738718046,""utc"":""1939-07-06T05:43:45.239Z"",""motion"":""direct""},{""jd_ut"":2429528.7218519207,""utc"":""1939-09-22T05:19:28.006Z"",""motion"":""retrograde""},{""jd_ut"":2429708.902571058,""utc"":""1940-03-20T09:39:42.139Z"",""motion"":""direct""}]",3
F185.03,F185,185,3,Gemini,60,2430488.318483711,1942-05-08T19:38:36.993Z,2431261.8243533485,1944-06-20T07:47:04.129Z,"[{""jd_ut"":2430488.318483711,""utc"":""1942-05-08T19:38:36.993Z"",""motion"":""direct""}]",1
F185.04,F185,185,4,Cancer,90,2431261.8243533485,1944-06-20T07:47:04.129Z,2432035.11203048,1946-08-02T14:41:19.433Z,"[{""jd_ut"":2431261.8243533485,""utc"":""1944-06-20T07:47:04.129Z"",""motion"":""direct""}]",1
F185.05,F185,185,5,Leo,120,2432035.11203048,1946-08-02T14:41:19.433Z,2432813.6910069864,1948-09-19T04:35:03.004Z,"[{""jd_ut"":2432035.11203048,""utc"":""1946-08-02T14:41:19.433Z"",""motion"":""direct""}]",1
F185.06,F185,185,6,Virgo,150,2432813.6910069864,1948-09-19T04:35:03.004Z,2433606.15917294,1950-11-20T15:49:12.542Z,"[{""jd_ut"":2432813.6910069864,""utc"":""1948-09-19T04:35:03.004Z"",""motion"":""direct""},{""jd_ut"":2433009.6532122316,""utc"":""1949-04-03T03:40:37.537Z"",""motion"":""retrograde""},{""jd_ut"":2433066.0392967258,""utc"":""1949-05-29T12:56:35.237Z"",""motion"":""direct""}]",3
F185.07,F185,185,7,Libra,180,2433606.15917294,1950-11-20T15:49:12.542Z,2434673.1493598763,1953-10-22T15:35:04.693Z,"[{""jd_ut"":2433606.15917294,""utc"":""1950-11-20T15:49:12.542Z"",""motion"":""direct""},{""jd_ut"":2433713.00975684,""utc"":""1951-03-07T12:14:02.991Z"",""motion"":""retrograde""},{""jd_ut"":2433872.1967229107,""utc"":""1951-08-13T16:43:16.859Z"",""motion"":""direct""}]",3
F185.08,F185,185,8,Scorpio,210,2434673.1493598763,1953-10-22T15:35:04.693Z,2435485.2810565485,1956-01-12T18:44:43.286Z,"[{""jd_ut"":2434673.1493598763,""utc"":""1953-10-22T15:35:04.693Z"",""motion"":""direct""}]",1
F185.09,F185,185,9,Sagittarius,240,2435485.2810565485,1956-01-12T18:44:43.286Z,2436574.064161338,1959-01-05T13:32:23.540Z,"[{""jd_ut"":2435485.2810565485,""utc"":""1956-01-12T18:44:43.286Z"",""motion"":""direct""},{""jd_ut"":2435607.6572400304,""utc"":""1956-05-14T03:46:25.539Z"",""motion"":""retrograde""},{""jd_ut"":2435757.132113479,""utc"":""1956-10-10T15:10:14.605Z"",""motion"":""direct""}]",3
F185.10,F185,185,10,Capricorn,270,2436574.064161338,1959-01-05T13:32:23.540Z,2437668.2922692792,1962-01-03T19:00:52.066Z,"[{""jd_ut"":2436574.064161338,""utc"":""1959-01-05T13:32:23.540Z"",""motion"":""direct""}]",1
F185.11,F185,185,11,Aquarius,300,2437668.2922692792,1962-01-03T19:00:52.066Z,2438478.6786377514,1964-03-24T04:17:14.302Z,"[{""jd_ut"":2437668.2922692792,""utc"":""1962-01-03T19:00:52.066Z"",""motion"":""direct""}]",1
F185.12,F185,185,12,Pisces,330,2438478.6786377514,1964-03-24T04:17:14.302Z,2439553.3967229538,1967-03-03T21:31:16.863Z,"[{""jd_ut"":2438478.6786377514,""utc"":""1964-03-24T04:17:14.302Z"",""motion"":""direct""},{""jd_ut"":2438655.378032484,""utc"":""1964-09-16T21:04:22.007Z"",""motion"":""retrograde""},{""jd_ut"":2438745.735009361,""utc"":""1964-12-16T05:38:24.809Z"",""motion"":""direct""}]",3
F186.01,F186,186,1,Aries,0,2439553.3967229538,1967-03-03T21:31:16.863Z,2440341.4327262184,1969-04-29T22:23:07.545Z,"[{""jd_ut"":2439553.3967229538,""utc"":""1967-03-03T21:31:16.863Z"",""motion"":""direct""}]",1
F186.02,F186,186,2,Taurus,30,2440341.4327262184,1969-04-29T22:23:07.545Z,2441121.172516522,1971-06-18T16:08:25.428Z,"[{""jd_ut"":2440341.4327262184,""utc"":""1969-04-29T22:23:07.545Z"",""motion"":""direct""}]",1
F186.03,F186,186,3,Gemini,60,2441121.172516522,1971-06-18T16:08:25.428Z,2441896.4303691527,1973-08-01T22:19:43.895Z,"[{""jd_ut"":2441121.172516522,""utc"":""1971-06-18T16:08:25.428Z"",""motion"":""direct""},{""jd_ut"":2441326.655703212,""utc"":""1972-01-10T03:44:12.758Z"",""motion"":""retrograde""},{""jd_ut"":2441369.1186710577,""utc"":""1972-02-21T14:50:53.179Z"",""motion"":""direct""}]",3
F186.04,F186,186,4,Cancer,90,2441896.4303691527,1973-08-01T22:19:43.895Z,2442672.705745073,1975-09-17T04:56:16.374Z,"[{""jd_ut"":2441896.4303691527,""utc"":""1973-08-01T22:19:43.895Z"",""motion"":""direct""},{""jd_ut"":2442055.352334352,""utc"":""1974-01-07T20:27:21.688Z"",""motion"":""retrograde""},{""jd_ut"":2442156.439510503,""utc"":""1974-04-18T22:32:53.707Z"",""motion"":""direct""}]",3
F186.05,F186,186,5,Leo,120,2442672.705745073,1975-09-17T04:56:16.374Z,2443464.6121286536,1977-11-17T02:41:27.916Z,"[{""jd_ut"":2442672.705745073,""utc"":""1975-09-17T04:56:16.374Z"",""motion"":""direct""},{""jd_ut"":2442792.0532611143,""utc"":""1976-01-14T13:16:41.760Z"",""motion"":""retrograde""},{""jd_ut"":2442934.713988485,""utc"":""1976-06-05T05:08:08.605Z"",""motion"":""direct""}]",3
F186.06,F186,186,6,Virgo,150,2443464.6121286536,1977-11-17T02:41:27.916Z,2444503.949854725,1980-09-21T10:47:47.448Z,"[{""jd_ut"":2443464.6121286536,""utc"":""1977-11-17T02:41:27.916Z"",""motion"":""direct""},{""jd_ut"":2443513.532182618,""utc"":""1978-01-05T00:46:20.578Z"",""motion"":""retrograde""},{""jd_ut"":2443716.0010526897,""utc"":""1978-07-26T12:01:30.952Z"",""motion"":""direct""}]",3
F186.07,F186,186,7,Libra,180,2444503.949854725,1980-09-21T10:47:47.448Z,2445302.936562067,1982-11-29T10:28:38.963Z,"[{""jd_ut"":2444503.949854725,""utc"":""1980-09-21T10:47:47.448Z"",""motion"":""direct""}]",1
F186.08,F186,186,8,Scorpio,210,2445302.936562067,1982-11-29T10:28:38.963Z,2446386.589770044,1985-11-17T02:09:16.132Z,"[{""jd_ut"":2445302.936562067,""utc"":""1982-11-29T10:28:38.963Z"",""motion"":""direct""},{""jd_ut"":2445461.312288764,""utc"":""1983-05-06T19:29:41.749Z"",""motion"":""retrograde""},{""jd_ut"":2445570.995417797,""utc"":""1983-08-24T11:53:24.098Z"",""motion"":""direct""}]",3
F186.09,F186,186,9,Sagittarius,240,2446386.589770044,1985-11-17T02:09:16.132Z,2447205.4933389938,1988-02-13T23:50:24.489Z,"[{""jd_ut"":2446386.589770044,""utc"":""1985-11-17T02:09:16.132Z"",""motion"":""direct""}]",1
F186.10,F186,186,10,Capricorn,270,2447205.4933389938,1988-02-13T23:50:24.489Z,2448294.2855755435,1991-02-06T18:51:13.727Z,"[{""jd_ut"":2447205.4933389938,""utc"":""1988-02-13T23:50:24.489Z"",""motion"":""direct""},{""jd_ut"":2447322.7238092655,""utc"":""1988-06-10T05:22:17.121Z"",""motion"":""retrograde""},{""jd_ut"":2447477.892859526,""utc"":""1988-11-12T09:25:43.063Z"",""motion"":""direct""}]",3
F186.11,F186,186,11,Aquarius,300,2448294.2855755435,1991-02-06T18:51:13.727Z,2449128.7069459176,1993-05-21T04:58:00.127Z,"[{""jd_ut"":2448294.2855755435,""utc"":""1991-02-06T18:51:13.727Z"",""motion"":""direct""}]",1
F186.12,F186,186,12,Pisces,330,2449128.7069459176,1993-05-21T04:58:00.127Z,2450180.8673149766,1996-04-07T08:48:56.014Z,"[{""jd_ut"":2449128.7069459176,""utc"":""1993-05-21T04:58:00.127Z"",""motion"":""direct""},{""jd_ut"":2449168.8531637937,""utc"":""1993-06-30T08:28:33.352Z"",""motion"":""retrograde""},{""jd_ut"":2449381.4881715253,""utc"":""1994-01-28T23:42:58.020Z"",""motion"":""direct""}]",3
F187.01,F187,187,1,Aries,0,2450180.8673149766,1996-04-07T08:48:56.014Z,2450973.7548084827,1998-06-09T06:06:55.453Z,"[{""jd_ut"":2450180.8673149766,""utc"":""1996-04-07T08:48:56.014Z"",""motion"":""direct""}]",1
F187.02,F187,187,2,Taurus,30,2450973.7548084827,1998-06-09T06:06:55.453Z,2451766.601512449,2000-08-10T02:26:10.676Z,"[{""jd_ut"":2450973.7548084827,""utc"":""1998-06-09T06:06:55.453Z"",""motion"":""direct""},{""jd_ut"":2451112.2781887855,""utc"":""1998-10-25T18:40:35.511Z"",""motion"":""retrograde""},{""jd_ut"":2451238.559521639,""utc"":""1999-03-01T01:25:42.670Z"",""motion"":""direct""}]",3
F187.03,F187,187,3,Gemini,60,2451766.601512449,2000-08-10T02:26:10.676Z,2452794.5610345444,2003-06-04T01:27:53.385Z,"[{""jd_ut"":2451766.601512449,""utc"":""2000-08-10T02:26:10.676Z"",""motion"":""direct""},{""jd_ut"":2451833.530912474,""utc"":""2000-10-16T00:44:30.838Z"",""motion"":""retrograde""},{""jd_ut"":2452020.4160814127,""utc"":""2001-04-20T21:59:09.434Z"",""motion"":""direct""}]",3
F187.04,F187,187,4,Cancer,90,2452794.5610345444,2003-06-04T01:27:53.385Z,2453568.0209671278,2005-07-16T12:30:11.560Z,"[{""jd_ut"":2452794.5610345444,""utc"":""2003-06-04T01:27:53.385Z"",""motion"":""direct""}]",1
F187.05,F187,187,5,Leo,120,2453568.0209671278,2005-07-16T12:30:11.560Z,2454346.0753110275,2007-09-02T13:48:26.873Z,"[{""jd_ut"":2453568.0209671278,""utc"":""2005-07-16T12:30:11.560Z"",""motion"":""direct""}]",1
F187.06,F187,187,6,Virgo,150,2454346.0753110275,2007-09-02T13:48:26.873Z,2455134.2142797904,2009-10-29T17:08:33.774Z,"[{""jd_ut"":2454346.0753110275,""utc"":""2007-09-02T13:48:26.873Z"",""motion"":""direct""}]",1
F187.07,F187,187,7,Libra,180,2455134.2142797904,2009-10-29T17:08:33.774Z,2456206.356888311,2012-10-05T20:33:55.150Z,"[{""jd_ut"":2455134.2142797904,""utc"":""2009-10-29T17:08:33.774Z"",""motion"":""direct""},{""jd_ut"":2455294.285765948,""utc"":""2010-04-07T18:51:30.178Z"",""motion"":""retrograde""},{""jd_ut"":2455399.131861777,""utc"":""2010-07-21T15:09:52.858Z"",""motion"":""direct""}]",3
F187.08,F187,187,8,Scorpio,210,2456206.356888311,2012-10-05T20:33:55.150Z,2457015.1901191883,2014-12-23T16:33:46.298Z,"[{""jd_ut"":2456206.356888311,""utc"":""2012-10-05T20:33:55.150Z"",""motion"":""direct""}]",1
F187.09,F187,187,9,Sagittarius,240,2457015.1901191883,2014-12-23T16:33:46.298Z,2458107.700497454,2017-12-20T04:48:42.980Z,"[{""jd_ut"":2457015.1901191883,""utc"":""2014-12-23T16:33:46.298Z"",""motion"":""direct""},{""jd_ut"":2457188.524970622,""utc"":""2015-06-15T00:35:57.462Z"",""motion"":""retrograde""},{""jd_ut"":2457283.6173017425,""utc"":""2015-09-18T02:48:54.871Z"",""motion"":""direct""}]",3
F187.10,F187,187,10,Capricorn,270,2458107.700497454,2017-12-20T04:48:42.980Z,2458930.6656310847,2020-03-22T03:58:30.526Z,"[{""jd_ut"":2458107.700497454,""utc"":""2017-12-20T04:48:42.980Z"",""motion"":""direct""}]",1
F187.11,F187,187,11,Aquarius,300,2458930.6656310847,2020-03-22T03:58:30.526Z,2460011.0658696257,2023-03-07T13:34:51.136Z,"[{""jd_ut"":2458930.6656310847,""utc"":""2020-03-22T03:58:30.526Z"",""motion"":""direct""},{""jd_ut"":2459032.4839876564,""utc"":""2020-07-01T23:36:56.534Z"",""motion"":""retrograde""},{""jd_ut"":2459200.7111444967,""utc"":""2020-12-17T05:04:02.885Z"",""motion"":""direct""}]",3
F187.12,F187,187,12,Pisces,330,2460011.0658696257,2023-03-07T13:34:51.136Z,2460820.64991467,2025-05-25T03:35:52.627Z,"[{""jd_ut"":2460011.0658696257,""utc"":""2023-03-07T13:34:51.136Z"",""motion"":""direct""}]",1
F188.01,F188,188,1,Aries,0,2460820.64991467,2025-05-25T03:35:52.627Z,2461874.652604838,2028-04-13T03:39:45.058Z,"[{""jd_ut"":2460820.64991467,""utc"":""2025-05-25T03:35:52.627Z"",""motion"":""direct""},{""jd_ut"":2460919.837517851,""utc"":""2025-09-01T08:06:01.542Z"",""motion"":""retrograde""},{""jd_ut"":2461085.5080922637,""utc"":""2026-02-14T00:11:39.172Z"",""motion"":""direct""}]",3
F188.02,F188,188,2,Taurus,30,2461874.652604838,2028-04-13T03:39:45.058Z,2462653.6070786454,2030-06-01T02:34:11.595Z,"[{""jd_ut"":2461874.652604838,""utc"":""2028-04-13T03:39:45.058Z"",""motion"":""direct""}]",1
F188.03,F188,188,3,Gemini,60,2462653.6070786454,2030-06-01T02:34:11.595Z,2463427.594446318,2032-07-14T02:16:00.162Z,"[{""jd_ut"":2462653.6070786454,""utc"":""2030-06-01T02:34:11.595Z"",""motion"":""direct""}]",1
F188.04,F188,188,4,Cancer,90,2463427.594446318,2032-07-14T02:16:00.162Z,2464201.6155874273,2034-08-27T02:46:26.754Z,"[{""jd_ut"":2463427.594446318,""utc"":""2032-07-14T02:16:00.162Z"",""motion"":""direct""}]",1
F188.05,F188,188,5,Leo,120,2464201.6155874273,2034-08-27T02:46:26.754Z,2464982.815621189,2036-10-16T07:34:29.671Z,"[{""jd_ut"":2464201.6155874273,""utc"":""2034-08-27T02:46:26.754Z"",""motion"":""direct""},{""jd_ut"":2464374.315953158,""utc"":""2035-02-15T19:34:58.353Z"",""motion"":""retrograde""},{""jd_ut"":2464459.3643756732,""utc"":""2035-05-11T20:44:42.058Z"",""motion"":""direct""}]",3
F188.06,F188,188,6,Virgo,150,2464982.815621189,2036-10-16T07:34:29.671Z,2466037.135252456,2039-09-05T15:14:45.812Z,"[{""jd_ut"":2464982.815621189,""utc"":""2036-10-16T07:34:29.671Z"",""motion"":""direct""},{""jd_ut"":2465100.782224877,""utc"":""2037-02-11T06:46:24.229Z"",""motion"":""retrograde""},{""jd_ut"":2465246.6047463585,""utc"":""2037-07-07T02:30:50.085Z"",""motion"":""direct""}]",3
F188.07,F188,188,7,Libra,180,2466037.135252456,2039-09-05T15:14:45.812Z,2466834.9569637505,2041-11-11T10:58:01.668Z,"[{""jd_ut"":2466037.135252456,""utc"":""2039-09-05T15:14:45.812Z"",""motion"":""direct""}]",1
F188.08,F188,188,8,Scorpio,210,2466834.9569637505,2041-11-11T10:58:01.668Z,2467667.097963293,2044-02-21T14:21:04.029Z,"[{""jd_ut"":2466834.9569637505,""utc"":""2041-11-11T10:58:01.668Z"",""motion"":""direct""},{""jd_ut"":2467056.9348260704,""utc"":""2042-06-21T10:26:08.972Z"",""motion"":""retrograde""},{""jd_ut"":2467080.082811325,""utc"":""2042-07-14T13:59:14.898Z"",""motion"":""direct""}]",3
F188.09,F188,188,9,Sagittarius,240,2467667.097963293,2044-02-21T14:21:04.029Z,2468735.153269956,2047-01-24T15:40:42.524Z,"[{""jd_ut"":2467667.097963293,""utc"":""2044-02-21T14:21:04.029Z"",""motion"":""direct""},{""jd_ut"":2467699.917805942,""utc"":""2044-03-25T10:01:38.433Z"",""motion"":""retrograde""},{""jd_ut"":2467920.0363779822,""utc"":""2044-10-31T12:52:23.058Z"",""motion"":""direct""}]",3
F188.10,F188,188,10,Capricorn,270,2468735.153269956,2047-01-24T15:40:42.524Z,2469828.0525926733,2050-01-21T13:15:44.007Z,"[{""jd_ut"":2468735.153269956,""utc"":""2047-01-24T15:40:42.524Z"",""motion"":""direct""},{""jd_ut"":2468902.6241849596,""utc"":""2047-07-11T02:58:49.581Z"",""motion"":""retrograde""},{""jd_ut"":2469005.9650726365,""utc"":""2047-10-22T11:09:42.276Z"",""motion"":""direct""}]",3
F188.11,F188,188,11,Aquarius,300,2469828.0525926733,2050-01-21T13:15:44.007Z,2470644.079443875,2052-04-16T13:54:23.951Z,"[{""jd_ut"":2469828.0525926733,""utc"":""2050-01-21T13:15:44.007Z"",""motion"":""direct""}]",1
F188.12,F188,188,12,Pisces,330,2470644.079443875,2052-04-16T13:54:23.951Z,2471714.271009391,2055-03-22T18:30:15.211Z,"[{""jd_ut"":2470644.079443875,""utc"":""2052-04-16T13:54:23.951Z"",""motion"":""direct""},{""jd_ut"":2470758.6490337504,""utc"":""2052-08-09T03:34:36.516Z"",""motion"":""retrograde""},{""jd_ut"":2470913.619234713,""utc"":""2053-01-11T02:51:41.879Z"",""motion"":""direct""}]",3
F189.01,F189,189,1,Aries,0,2471714.271009391,2055-03-22T18:30:15.211Z,2472503.750313713,2057-05-20T06:00:27.105Z,"[{""jd_ut"":2471714.271009391,""utc"":""2055-03-22T18:30:15.211Z"",""motion"":""direct""}]",1
F189.02,F189,189,2,Taurus,30,2472503.750313713,2057-05-20T06:00:27.105Z,2473287.3321260214,2059-07-12T19:58:15.688Z,"[{""jd_ut"":2472503.750313713,""utc"":""2057-05-20T06:00:27.105Z"",""motion"":""direct""},{""jd_ut"":2472697.2846296187,""utc"":""2057-11-29T18:49:51.999Z"",""motion"":""retrograde""},{""jd_ut"":2472759.886366441,""utc"":""2058-01-31T09:16:22.060Z"",""motion"":""direct""}]",3
F189.03,F189,189,3,Gemini,60,2473287.3321260214,2059-07-12T19:58:15.688Z,2474068.818921482,2061-09-01T07:39:14.816Z,"[{""jd_ut"":2473287.3321260214,""utc"":""2059-07-12T19:58:15.688Z"",""motion"":""direct""},{""jd_ut"":2473418.9303940125,""utc"":""2059-11-21T10:19:46.043Z"",""motion"":""retrograde""},{""jd_ut"":2473549.993262862,""utc"":""2060-03-31T11:50:17.911Z"",""motion"":""direct""}]",3
F189.04,F189,189,4,Cancer,90,2474068.818921482,2061-09-01T07:39:14.816Z,2475100.3104054797,2064-06-28T19:26:59.033Z,"[{""jd_ut"":2474068.818921482,""utc"":""2061-09-01T07:39:14.816Z"",""motion"":""direct""},{""jd_ut"":2474153.294372201,""utc"":""2061-11-24T19:03:53.758Z"",""motion"":""retrograde""},{""jd_ut"":2474325.9515261175,""utc"":""2062-05-16T10:50:11.857Z"",""motion"":""direct""}]",3
F189.05,F189,189,5,Leo,120,2475100.3104054797,2064-06-28T19:26:59.033Z,2475878.809052908,2066-08-16T07:25:02.171Z,"[{""jd_ut"":2475100.3104054797,""utc"":""2064-06-28T19:26:59.033Z"",""motion"":""direct""}]",1
F189.06,F189,189,6,Virgo,150,2475878.809052908,2066-08-16T07:25:02.171Z,2476665.622250125,2068-10-11T02:56:02.411Z,"[{""jd_ut"":2475878.809052908,""utc"":""2066-08-16T07:25:02.171Z"",""motion"":""direct""}]",1
F189.07,F189,189,7,Libra,180,2476665.622250125,2068-10-11T02:56:02.411Z,2477471.3655997505,2070-12-25T20:46:27.818Z,"[{""jd_ut"":2476665.622250125,""utc"":""2068-10-11T02:56:02.411Z"",""motion"":""direct""}]",1
F189.08,F189,189,8,Scorpio,210,2477471.3655997505,2070-12-25T20:46:27.818Z,2478547.6225568866,2073-12-06T02:56:28.915Z,"[{""jd_ut"":2477471.3655997505,""utc"":""2070-12-25T20:46:27.818Z"",""motion"":""direct""},{""jd_ut"":2477563.2612935416,""utc"":""2071-03-27T18:16:15.762Z"",""motion"":""retrograde""},{""jd_ut"":2477738.2240295494,""utc"":""2071-09-18T17:22:36.153Z"",""motion"":""direct""}]",3
F189.09,F189,189,9,Sagittarius,240,2478547.6225568866,2073-12-06T02:56:28.915Z,2479641.1687869243,2076-12-03T16:03:03.190Z,"[{""jd_ut"":2478547.6225568866,""utc"":""2073-12-06T02:56:28.915Z"",""motion"":""direct""}]",1
F189.10,F189,189,10,Capricorn,270,2479641.1687869243,2076-12-03T16:03:03.190Z,2480458.2263832754,2079-02-28T17:25:59.515Z,"[{""jd_ut"":2479641.1687869243,""utc"":""2076-12-03T16:03:03.190Z"",""motion"":""direct""}]",1
F189.11,F189,189,11,Aquarius,300,2480458.2263832754,2079-02-28T17:25:59.515Z,2481544.5980633264,2082-02-19T02:21:12.671Z,"[{""jd_ut"":2480458.2263832754,""utc"":""2079-02-28T17:25:59.515Z"",""motion"":""direct""},{""jd_ut"":2480613.0174948648,""utc"":""2079-08-02T12:25:11.556Z"",""motion"":""retrograde""},{""jd_ut"":2480730.097287761,""utc"":""2079-11-27T14:20:05.663Z"",""motion"":""direct""}]",3
F189.12,F189,189,12,Pisces,330,2481544.5980633264,2082-02-19T02:21:12.671Z,2482347.393646137,2084-05-01T21:26:51.026Z,"[{""jd_ut"":2481544.5980633264,""utc"":""2082-02-19T02:21:12.671Z"",""motion"":""direct""}]",1
F190.01,F190,190,1,Aries,0,2482347.393646137,2084-05-01T21:26:51.026Z,2483164.4836679064,2086-07-27T23:36:28.907Z,"[{""jd_ut"":2482347.393646137,""utc"":""2084-05-01T21:26:51.026Z"",""motion"":""direct""},{""jd_ut"":2482500.8274680637,""utc"":""2084-10-02T07:51:33.241Z"",""motion"":""retrograde""},{""jd_ut"":2482614.7066865014,""utc"":""2085-01-24T04:57:37.714Z"",""motion"":""direct""}]",3
F190.02,F190,190,2,Taurus,30,2483164.4836679064,2086-07-27T23:36:28.907Z,2484186.933182506,2089-05-15T10:23:46.969Z,"[{""jd_ut"":2483164.4836679064,""utc"":""2086-07-27T23:36:28.907Z"",""motion"":""direct""},{""jd_ut"":2483193.401720059,""utc"":""2086-08-25T21:38:28.613Z"",""motion"":""retrograde""},{""jd_ut"":2483407.743732228,""utc"":""2087-03-28T05:50:58.464Z"",""motion"":""direct""}]",3
F190.03,F190,190,3,Gemini,60,2484186.933182506,2089-05-15T10:23:46.969Z,2484960.4979113154,2091-06-27T23:56:59.538Z,"[{""jd_ut"":2484186.933182506,""utc"":""2089-05-15T10:23:46.969Z"",""motion"":""direct""}]",1
F190.04,F190,190,4,Cancer,90,2484960.4979113154,2091-06-27T23:56:59.538Z,2485733.6611309703,2093-08-09T03:52:01.716Z,"[{""jd_ut"":2484960.4979113154,""utc"":""2091-06-27T23:56:59.538Z"",""motion"":""direct""}]",1
F190.05,F190,190,5,Leo,120,2485733.6611309703,2093-08-09T03:52:01.716Z,2486512.0316725327,2095-09-26T12:45:36.507Z,"[{""jd_ut"":2485733.6611309703,""utc"":""2093-08-09T03:52:01.716Z"",""motion"":""direct""}]",1
F190.06,F190,190,6,Virgo,150,2486512.0316725327,2095-09-26T12:45:36.507Z,2487306.525838577,2097-11-29T00:37:12.453Z,"[{""jd_ut"":2486512.0316725327,""utc"":""2095-09-26T12:45:36.507Z"",""motion"":""direct""},{""jd_ut"":2486682.347441389,""utc"":""2096-03-14T20:20:18.936Z"",""motion"":""retrograde""},{""jd_ut"":2486771.931933713,""utc"":""2096-06-12T10:21:59.073Z"",""motion"":""direct""}]",3
F190.07,F190,190,7,Libra,180,2487306.525838577,2097-11-29T00:37:12.453Z,2488368.2114033783,2100-10-26T17:04:25.252Z,"[{""jd_ut"":2487306.525838577,""utc"":""2097-11-29T00:37:12.453Z"",""motion"":""direct""},{""jd_ut"":2487391.494391852,""utc"":""2098-02-21T23:51:55.456Z"",""motion"":""retrograde""},{""jd_ut"":2487569.246518269,""utc"":""2098-08-18T17:54:59.178Z"",""motion"":""direct""}]",3
F190.08,F190,190,8,Scorpio,210,2488368.2114033783,2100-10-26T17:04:25.252Z,2489181.198010755,2103-01-17T16:45:08.129Z,"[{""jd_ut"":2488368.2114033783,""utc"":""2100-10-26T17:04:25.252Z"",""motion"":""direct""}]",1
F190.09,F190,190,9,Sagittarius,240,2489181.198010755,2103-01-17T16:45:08.129Z,2490267.83192004,2106-01-08T07:57:57.891Z,"[{""jd_ut"":2489181.198010755,""utc"":""2103-01-17T16:45:08.129Z"",""motion"":""direct""},{""jd_ut"":2489291.073703644,""utc"":""2103-05-07T13:46:07.995Z"",""motion"":""retrograde""},{""jd_ut"":2489452.0288729277,""utc"":""2103-10-15T12:41:34.621Z"",""motion"":""direct""}]",3
F190.10,F190,190,10,Capricorn,270,2490267.83192004,2106-01-08T07:57:57.891Z,2491362.081624967,2109-01-06T13:57:32.397Z,"[{""jd_ut"":2490267.83192004,""utc"":""2106-01-08T07:57:57.891Z"",""motion"":""direct""}]",1
F190.11,F190,190,11,Aquarius,300,2491362.081624967,2109-01-06T13:57:32.397Z,2492173.32047561,2111-03-28T19:41:29.093Z,"[{""jd_ut"":2491362.081624967,""utc"":""2109-01-06T13:57:32.397Z"",""motion"":""direct""}]",1
F190.12,F190,190,12,Pisces,330,2492173.32047561,2111-03-28T19:41:29.093Z,2493248.281099922,2114-03-07T18:44:47.033Z,"[{""jd_ut"":2492173.32047561,""utc"":""2111-03-28T19:41:29.093Z"",""motion"":""direct""},{""jd_ut"":2492338.2006571703,""utc"":""2111-09-09T16:48:56.780Z"",""motion"":""retrograde""},{""jd_ut"":2492442.4678320894,""utc"":""2111-12-22T23:13:40.693Z"",""motion"":""direct""}]",3
F191.01,F191,191,1,Aries,0,2493248.281099922,2114-03-07T18:44:47.033Z,2494036.7109468086,2116-05-04T05:03:45.804Z,"[{""jd_ut"":2493248.281099922,""utc"":""2114-03-07T18:44:47.033Z"",""motion"":""direct""}]",1
F191.02,F191,191,2,Taurus,30,2494036.7109468086,2116-05-04T05:03:45.804Z,2494817.28452627,2118-06-23T18:49:43.070Z,"[{""jd_ut"":2494036.7109468086,""utc"":""2116-05-04T05:03:45.804Z"",""motion"":""direct""}]",1
F191.03,F191,191,3,Gemini,60,2494817.28452627,2118-06-23T18:49:43.070Z,2495593.6606007544,2120-08-08T03:51:15.905Z,"[{""jd_ut"":2494817.28452627,""utc"":""2118-06-23T18:49:43.070Z"",""motion"":""direct""},{""jd_ut"":2495001.866678129,""utc"":""2118-12-25T08:48:00.990Z"",""motion"":""retrograde""},{""jd_ut"":2495073.375235226,""utc"":""2119-03-06T21:00:20.324Z"",""motion"":""direct""}]",3
F191.04,F191,191,4,Cancer,90,2495593.6606007544,2120-08-08T03:51:15.905Z,2496371.3908942705,2122-09-24T21:22:53.265Z,"[{""jd_ut"":2495593.6606007544,""utc"":""2120-08-08T03:51:15.905Z"",""motion"":""direct""},{""jd_ut"":2495735.2570313914,""utc"":""2120-12-27T18:10:07.512Z"",""motion"":""retrograde""},{""jd_ut"":2495855.1172441207,""utc"":""2121-04-26T14:48:49.892Z"",""motion"":""direct""}]",3
F191.05,F191,191,5,Leo,120,2496371.3908942705,2122-09-24T21:22:53.265Z,2497411.6772654634,2125-07-31T04:15:15.736Z,"[{""jd_ut"":2496371.3908942705,""utc"":""2122-09-24T21:22:53.265Z"",""motion"":""direct""},{""jd_ut"":2496472.1084739594,""utc"":""2123-01-03T14:36:12.150Z"",""motion"":""retrograde""},{""jd_ut"":2496631.73200057,""utc"":""2123-06-12T05:34:04.849Z"",""motion"":""direct""}]",3
F191.06,F191,191,6,Virgo,150,2497411.6772654634,2125-07-31T04:15:15.736Z,2498198.6700094026,2127-09-26T04:04:48.812Z,"[{""jd_ut"":2497411.6772654634,""utc"":""2125-07-31T04:15:15.736Z"",""motion"":""direct""}]",1
F191.07,F191,191,7,Libra,180,2498198.6700094026,2127-09-26T04:04:48.812Z,2498997.9271699283,2129-12-03T10:15:07.482Z,"[{""jd_ut"":2498198.6700094026,""utc"":""2127-09-26T04:04:48.812Z"",""motion"":""direct""}]",1
F191.08,F191,191,8,Scorpio,210,2498997.9271699283,2129-12-03T10:15:07.482Z,2500081.0648262314,2132-11-20T13:33:20.986Z,"[{""jd_ut"":2498997.9271699283,""utc"":""2129-12-03T10:15:07.482Z"",""motion"":""direct""},{""jd_ut"":2499144.45833488,""utc"":""2130-04-28T23:00:00.134Z"",""motion"":""retrograde""},{""jd_ut"":2499267.21749931,""utc"":""2130-08-29T17:13:11.940Z"",""motion"":""direct""}]",3
F191.09,F191,191,9,Sagittarius,240,2500081.0648262314,2132-11-20T13:33:20.986Z,2500902.773226019,2135-02-20T06:33:26.728Z,"[{""jd_ut"":2500081.0648262314,""utc"":""2132-11-20T13:33:20.986Z"",""motion"":""direct""}]",1
F191.10,F191,191,10,Capricorn,270,2500902.773226019,2135-02-20T06:33:26.728Z,2501990.260994794,2138-02-11T18:15:49.950Z,"[{""jd_ut"":2500902.773226019,""utc"":""2135-02-20T06:33:26.728Z"",""motion"":""direct""},{""jd_ut"":2501004.3726192946,""utc"":""2135-06-01T20:56:34.307Z"",""motion"":""retrograde""},{""jd_ut"":2501173.6343765827,""utc"":""2135-11-18T03:13:30.137Z"",""motion"":""direct""}]",3
F191.11,F191,191,11,Aquarius,300,2501990.260994794,2138-02-11T18:15:49.950Z,2503078.6771687036,2141-02-04T04:15:07.376Z,"[{""jd_ut"":2501990.260994794,""utc"":""2138-02-11T18:15:49.950Z"",""motion"":""direct""},{""jd_ut"":2502199.5969386604,""utc"":""2138-09-09T02:19:35.500Z"",""motion"":""retrograde""},{""jd_ut"":2502249.071785884,""utc"":""2138-10-28T13:43:22.300Z"",""motion"":""direct""}]",3
F191.12,F191,191,12,Pisces,330,2503078.6771687036,2141-02-04T04:15:07.376Z,2503879.397062123,2143-04-15T21:31:46.167Z,"[{""jd_ut"":2503078.6771687036,""utc"":""2141-02-04T04:15:07.376Z"",""motion"":""direct""}]",1
F192.01,F192,192,1,Aries,0,2503879.397062123,2143-04-15T21:31:46.167Z,2504676.5797374956,2145-06-21T01:54:49.320Z,"[{""jd_ut"":2503879.397062123,""utc"":""2143-04-15T21:31:46.167Z"",""motion"":""direct""},{""jd_ut"":2504087.143897143,""utc"":""2143-11-09T15:27:12.713Z"",""motion"":""retrograde""},{""jd_ut"":2504133.7652813504,""utc"":""2143-12-26T06:22:00.309Z"",""motion"":""direct""}]",3
F192.02,F192,192,2,Taurus,30,2504676.5797374956,2145-06-21T01:54:49.320Z,2505720.6718288995,2148-04-30T04:07:26.017Z,"[{""jd_ut"":2504676.5797374956,""utc"":""2145-06-21T01:54:49.320Z"",""motion"":""direct""},{""jd_ut"":2504785.788959275,""utc"":""2145-10-08T06:56:06.081Z"",""motion"":""retrograde""},{""jd_ut"":2504940.1581236823,""utc"":""2146-03-11T15:47:41.886Z"",""motion"":""direct""}]",3
F192.03,F192,192,3,Gemini,60,2505720.6718288995,2148-04-30T04:07:26.017Z,2506494.3207843527,2150-06-12T19:41:55.768Z,"[{""jd_ut"":2505720.6718288995,""utc"":""2148-04-30T04:07:26.017Z"",""motion"":""direct""}]",1
F192.04,F192,192,4,Cancer,90,2506494.3207843527,2150-06-12T19:41:55.768Z,2507267.205566598,2152-07-24T16:56:00.954Z,"[{""jd_ut"":2506494.3207843527,""utc"":""2150-06-12T19:41:55.768Z"",""motion"":""direct""}]",1
F192.05,F192,192,5,Leo,120,2507267.205566598,2152-07-24T16:56:00.954Z,2508044.493994807,2154-09-09T23:51:21.151Z,"[{""jd_ut"":2507267.205566598,""utc"":""2152-07-24T16:56:00.954Z"",""motion"":""direct""}]",1
F192.06,F192,192,6,Virgo,150,2508044.493994807,2154-09-09T23:51:21.151Z,2508832.570341198,2156-11-06T01:41:17.479Z,"[{""jd_ut"":2508044.493994807,""utc"":""2154-09-09T23:51:21.151Z"",""motion"":""direct""}]",1
F192.07,F192,192,7,Libra,180,2508832.570341198,2156-11-06T01:41:17.479Z,2509901.951910937,2159-10-11T10:50:45.105Z,"[{""jd_ut"":2508832.570341198,""utc"":""2156-11-06T01:41:17.479Z"",""motion"":""direct""},{""jd_ut"":2508972.4098465918,""utc"":""2157-03-25T21:50:10.746Z"",""motion"":""retrograde""},{""jd_ut"":2509098.9315419886,""utc"":""2157-07-30T10:21:25.228Z"",""motion"":""direct""}]",3
F192.08,F192,192,8,Scorpio,210,2509901.951910937,2159-10-11T10:50:45.105Z,2510710.5407207534,2161-12-28T00:58:38.273Z,"[{""jd_ut"":2509901.951910937,""utc"":""2159-10-11T10:50:45.105Z"",""motion"":""direct""}]",1
F192.09,F192,192,9,Sagittarius,240,2510710.5407207534,2161-12-28T00:58:38.273Z,2511802.0188618787,2164-12-23T12:27:09.666Z,"[{""jd_ut"":2510710.5407207534,""utc"":""2161-12-28T00:58:38.273Z"",""motion"":""direct""},{""jd_ut"":2510870.467207063,""utc"":""2162-06-05T23:12:46.690Z"",""motion"":""retrograde""},{""jd_ut"":2510980.84901765,""utc"":""2162-09-24T08:22:35.125Z"",""motion"":""direct""}]",3
F192.10,F192,192,10,Capricorn,270,2511802.0188618787,2164-12-23T12:27:09.666Z,2512628.0286969785,2167-03-29T12:41:19.419Z,"[{""jd_ut"":2511802.0188618787,""utc"":""2164-12-23T12:27:09.666Z"",""motion"":""direct""}]",1
F192.11,F192,192,11,Aquarius,300,2512628.0286969785,2167-03-29T12:41:19.419Z,2513706.403595849,2170-03-11T21:41:10.681Z,"[{""jd_ut"":2512628.0286969785,""utc"":""2167-03-29T12:41:19.419Z"",""motion"":""direct""},{""jd_ut"":2512714.402706162,""utc"":""2167-06-23T21:39:53.812Z"",""motion"":""retrograde""},{""jd_ut"":2512895.806761493,""utc"":""2167-12-22T07:21:44.193Z"",""motion"":""direct""}]",3
F192.12,F192,192,12,Pisces,330,2513706.403595849,2170-03-11T21:41:10.681Z,2514521.5150554646,2172-06-04T00:21:40.792Z,"[{""jd_ut"":2513706.403595849,""utc"":""2170-03-11T21:41:10.681Z"",""motion"":""direct""},{""jd_ut"":2513930.092000601,""utc"":""2170-10-21T14:12:28.852Z"",""motion"":""retrograde""},{""jd_ut"":2513955.4069518596,""utc"":""2170-11-15T21:46:00.641Z"",""motion"":""direct""}]",3
F193.01,F193,193,1,Aries,0,2514521.5150554646,2172-06-04T00:21:40.792Z,2515571.228768819,2175-04-19T17:29:25.626Z,"[{""jd_ut"":2514521.5150554646,""utc"":""2172-06-04T00:21:40.792Z"",""motion"":""direct""},{""jd_ut"":2514597.775629786,""utc"":""2172-08-19T06:36:54.413Z"",""motion"":""retrograde""},{""jd_ut"":2514782.235985157,""utc"":""2173-02-19T17:39:49.118Z"",""motion"":""direct""}]",3
F193.02,F193,193,2,Taurus,30,2515571.228768819,2175-04-19T17:29:25.626Z,2516350.6154113365,2177-06-07T02:46:11.539Z,"[{""jd_ut"":2515571.228768819,""utc"":""2175-04-19T17:29:25.626Z"",""motion"":""direct""}]",1
F193.03,F193,193,3,Gemini,60,2516350.6154113365,2177-06-07T02:46:11.539Z,2517125.1496687233,2179-07-21T15:35:31.378Z,"[{""jd_ut"":2516350.6154113365,""utc"":""2177-06-07T02:46:11.539Z"",""motion"":""direct""}]",1
F193.04,F193,193,4,Cancer,90,2517125.1496687233,2179-07-21T15:35:31.378Z,2517899.6513739694,2181-09-03T03:37:58.711Z,"[{""jd_ut"":2517125.1496687233,""utc"":""2179-07-21T15:35:31.378Z"",""motion"":""direct""},{""jd_ut"":2517319.18165507,""utc"":""2180-01-31T16:21:34.998Z"",""motion"":""retrograde""},{""jd_ut"":2517376.298265054,""utc"":""2180-03-28T19:09:30.101Z"",""motion"":""direct""}]",3
F193.05,F193,193,5,Leo,120,2517899.6513739694,2181-09-03T03:37:58.711Z,2518682.1602433,2183-10-25T15:50:45.021Z,"[{""jd_ut"":2517899.6513739694,""utc"":""2181-09-03T03:37:58.711Z"",""motion"":""direct""},{""jd_ut"":2518051.5387717327,""utc"":""2182-02-02T00:55:49.878Z"",""motion"":""retrograde""},{""jd_ut"":2518160.6263094544,""utc"":""2182-05-22T03:01:53.137Z"",""motion"":""direct""}]",3
F193.06,F193,193,6,Virgo,150,2518682.1602433,2183-10-25T15:50:45.021Z,2519732.572185806,2186-09-10T01:43:56.854Z,"[{""jd_ut"":2518682.1602433,""utc"":""2183-10-25T15:50:45.021Z"",""motion"":""direct""},{""jd_ut"":2518779.998679706,""utc"":""2184-01-31T11:58:05.927Z"",""motion"":""retrograde""},{""jd_ut"":2518944.0213733185,""utc"":""2184-07-13T12:30:46.655Z"",""motion"":""direct""}]",3
F193.07,F193,193,7,Libra,180,2519732.572185806,2186-09-10T01:43:56.854Z,2520529.785286447,2188-11-15T06:50:48.749Z,"[{""jd_ut"":2519732.572185806,""utc"":""2186-09-10T01:43:56.854Z"",""motion"":""direct""}]",1
F193.08,F193,193,8,Scorpio,210,2520529.785286447,2188-11-15T06:50:48.749Z,2521614.8306468995,2191-11-05T07:56:07.892Z,"[{""jd_ut"":2520529.785286447,""utc"":""2188-11-15T06:50:48.749Z"",""motion"":""direct""},{""jd_ut"":2520729.6564981984,""utc"":""2189-06-03T03:45:21.444Z"",""motion"":""retrograde""},{""jd_ut"":2520787.1522371285,""utc"":""2189-07-30T15:39:13.288Z"",""motion"":""direct""}]",3
F193.09,F193,193,9,Sagittarius,240,2521614.8306468995,2191-11-05T07:56:07.892Z,2522431.108794418,2194-01-29T14:36:39.838Z,"[{""jd_ut"":2521614.8306468995,""utc"":""2191-11-05T07:56:07.892Z"",""motion"":""direct""}]",1
F193.10,F193,193,10,Capricorn,270,2522431.108794418,2194-01-29T14:36:39.838Z,2523524.2307006605,2197-01-26T17:32:12.537Z,"[{""jd_ut"":2522431.108794418,""utc"":""2194-01-29T14:36:39.838Z"",""motion"":""direct""},{""jd_ut"":2522583.8259425983,""utc"":""2194-07-01T07:49:21.440Z"",""motion"":""retrograde""},{""jd_ut"":2522703.5924232975,""utc"":""2194-10-29T02:13:05.373Z"",""motion"":""direct""}]",3
F193.11,F193,193,11,Aquarius,300,2523524.2307006605,2197-01-26T17:32:12.537Z,2524346.5858456613,2199-04-29T02:03:37.065Z,"[{""jd_ut"":2523524.2307006605,""utc"":""2197-01-26T17:32:12.537Z"",""motion"":""direct""}]",1
F193.12,F193,193,12,Pisces,330,2524346.5858456613,2199-04-29T02:03:37.065Z,2525413.7392986277,2202-04-01T05:44:35.401Z,"[{""jd_ut"":2524346.5858456613,""utc"":""2199-04-29T02:03:37.065Z"",""motion"":""direct""},{""jd_ut"":2524433.8508400936,""utc"":""2199-07-25T08:25:12.584Z"",""motion"":""retrograde""},{""jd_ut"":2524612.4761829777,""utc"":""2200-01-19T23:25:42.209Z"",""motion"":""direct""}]",3
F194.01,F194,194,1,Aries,0,2525413.7392986277,2202-04-01T05:44:35.401Z,2526206.1917138426,2204-06-01T16:36:04.076Z,"[{""jd_ut"":2525413.7392986277,""utc"":""2202-04-01T05:44:35.401Z"",""motion"":""direct""}]",1
F194.02,F194,194,2,Taurus,30,2526206.1917138426,2204-06-01T16:36:04.076Z,2526995.178982461,2206-07-30T16:17:44.085Z,"[{""jd_ut"":2526206.1917138426,""utc"":""2204-06-01T16:36:04.076Z"",""motion"":""direct""},{""jd_ut"":2526363.6668836493,""utc"":""2204-11-06T04:00:18.747Z"",""motion"":""retrograde""},{""jd_ut"":2526470.3294049352,""utc"":""2205-02-20T19:54:20.586Z"",""motion"":""direct""}]",3
F194.03,F194,194,3,Gemini,60,2526995.178982461,2206-07-30T16:17:44.085Z,2528028.829210261,2209-05-29T07:54:03.767Z,"[{""jd_ut"":2526995.178982461,""utc"":""2206-07-30T16:17:44.085Z"",""motion"":""direct""},{""jd_ut"":2527086.703723558,""utc"":""2206-10-30T04:53:21.715Z"",""motion"":""retrograde""},{""jd_ut"":2527254.3682725234,""utc"":""2207-04-15T20:50:18.746Z"",""motion"":""direct""}]",3
F194.04,F194,194,4,Cancer,90,2528028.829210261,2209-05-29T07:54:03.767Z,2528801.9470220665,2211-07-11T10:43:42.707Z,"[{""jd_ut"":2528028.829210261,""utc"":""2209-05-29T07:54:03.767Z"",""motion"":""direct""}]",1
F194.05,F194,194,5,Leo,120,2528801.9470220665,2211-07-11T10:43:42.707Z,2529579.0146979718,2213-08-26T12:21:09.905Z,"[{""jd_ut"":2528801.9470220665,""utc"":""2211-07-11T10:43:42.707Z"",""motion"":""direct""}]",1
F194.06,F194,194,6,Virgo,150,2529579.0146979718,2213-08-26T12:21:09.905Z,2530364.810040489,2215-10-21T07:26:27.498Z,"[{""jd_ut"":2529579.0146979718,""utc"":""2213-08-26T12:21:09.905Z"",""motion"":""direct""}]",1
F194.07,F194,194,7,Libra,180,2530364.810040489,2215-10-21T07:26:27.498Z,2531175.305627482,2218-01-08T19:20:06.214Z,"[{""jd_ut"":2530364.810040489,""utc"":""2215-10-21T07:26:27.498Z"",""motion"":""direct""},{""jd_ut"":2530554.1535914075,""utc"":""2216-04-27T15:41:10.298Z"",""motion"":""retrograde""},{""jd_ut"":2530622.154020097,""utc"":""2216-07-04T15:41:47.336Z"",""motion"":""direct""}]",3
F194.08,F194,194,8,Scorpio,210,2531175.305627482,2218-01-08T19:20:06.214Z,2532243.745594235,2220-12-12T05:53:39.342Z,"[{""jd_ut"":2531175.305627482,""utc"":""2218-01-08T19:20:06.214Z"",""motion"":""direct""},{""jd_ut"":2531238.054860253,""utc"":""2218-03-12T13:18:59.926Z"",""motion"":""retrograde""},{""jd_ut"":2531435.7796780234,""utc"":""2218-09-26T06:42:44.181Z"",""motion"":""direct""}]",3
F194.09,F194,194,9,Sagittarius,240,2532243.745594235,2220-12-12T05:53:39.342Z,2533336.8431644784,2223-12-10T08:14:09.411Z,"[{""jd_ut"":2532243.745594235,""utc"":""2220-12-12T05:53:39.342Z"",""motion"":""direct""},{""jd_ut"":2532459.050683109,""utc"":""2221-07-15T13:12:59.021Z"",""motion"":""retrograde""},{""jd_ut"":2532496.858142007,""utc"":""2221-08-22T08:35:43.469Z"",""motion"":""direct""}]",3
F194.10,F194,194,10,Capricorn,270,2533336.8431644784,2223-12-10T08:14:09.411Z,2534155.3979350887,2226-03-07T21:33:01.592Z,"[{""jd_ut"":2533336.8431644784,""utc"":""2223-12-10T08:14:09.411Z"",""motion"":""direct""}]",1
F194.11,F194,194,11,Aquarius,300,2534155.3979350887,2226-03-07T21:33:01.592Z,2535241.4324286077,2229-02-25T22:22:41.832Z,"[{""jd_ut"":2534155.3979350887,""utc"":""2226-03-07T21:33:01.592Z"",""motion"":""direct""},{""jd_ut"":2534293.081134037,""utc"":""2226-07-23T13:56:49.981Z"",""motion"":""retrograde""},{""jd_ut"":2534428.167224806,""utc"":""2226-12-05T16:00:48.223Z"",""motion"":""direct""}]",3
F194.12,F194,194,12,Pisces,330,2535241.4324286077,2229-02-25T22:22:41.832Z,2536047.5086558154,2231-05-13T00:12:27.862Z,"[{""jd_ut"":2535241.4324286077,""utc"":""2229-02-25T22:22:41.832Z"",""motion"":""direct""}]",1
F195.01,F195,195,1,Aries,0,2536047.5086558154,2231-05-13T00:12:27.862Z,2537106.836807932,2234-04-06T08:05:00.205Z,"[{""jd_ut"":2536047.5086558154,""utc"":""2231-05-13T00:12:27.862Z"",""motion"":""direct""},{""jd_ut"":2536176.8234906513,""utc"":""2231-09-19T07:45:49.592Z"",""motion"":""retrograde""},{""jd_ut"":2536315.47673265,""utc"":""2232-02-04T23:26:29.701Z"",""motion"":""direct""}]",3
F195.02,F195,195,2,Taurus,30,2537106.836807932,2234-04-06T08:05:00.205Z,2537886.040169242,2236-05-24T12:57:50.622Z,"[{""jd_ut"":2537106.836807932,""utc"":""2234-04-06T08:05:00.205Z"",""motion"":""direct""}]",1
F195.03,F195,195,3,Gemini,60,2537886.040169242,2236-05-24T12:57:50.622Z,2538659.7260951465,2238-07-07T05:25:34.621Z,"[{""jd_ut"":2537886.040169242,""utc"":""2236-05-24T12:57:50.622Z"",""motion"":""direct""}]",1
F195.04,F195,195,4,Cancer,90,2538659.7260951465,2238-07-07T05:25:34.621Z,2539432.895890394,2240-08-18T09:30:04.930Z,"[{""jd_ut"":2538659.7260951465,""utc"":""2238-07-07T05:25:34.621Z"",""motion"":""direct""}]",1
F195.05,F195,195,5,Leo,120,2539432.895890394,2240-08-18T09:30:04.930Z,2540211.3634500857,2242-10-05T20:43:22.087Z,"[{""jd_ut"":2539432.895890394,""utc"":""2240-08-18T09:30:04.930Z"",""motion"":""direct""},{""jd_ut"":2539637.11535378,""utc"":""2241-03-10T14:46:06.567Z"",""motion"":""retrograde""},{""jd_ut"":2539679.076863914,""utc"":""2241-04-21T13:50:41.042Z"",""motion"":""direct""}]",3
F195.06,F195,195,6,Virgo,150,2540211.3634500857,2242-10-05T20:43:22.087Z,2541011.083784962,2244-12-13T14:00:39.021Z,"[{""jd_ut"":2540211.3634500857,""utc"":""2242-10-05T20:43:22.087Z"",""motion"":""direct""},{""jd_ut"":2540357.7009259975,""utc"":""2243-03-01T04:49:20.006Z"",""motion"":""retrograde""},{""jd_ut"":2540474.4446970737,""utc"":""2243-06-25T22:40:21.827Z"",""motion"":""direct""}]",3
F195.07,F195,195,7,Libra,180,2541011.083784962,2244-12-13T14:00:39.021Z,2542063.9429131057,2247-11-01T10:37:47.692Z,"[{""jd_ut"":2541011.083784962,""utc"":""2244-12-13T14:00:39.021Z"",""motion"":""direct""},{""jd_ut"":2541065.872172011,""utc"":""2245-02-06T08:55:55.662Z"",""motion"":""retrograde""},{""jd_ut"":2541266.6301553706,""utc"":""2245-08-26T03:07:25.424Z"",""motion"":""direct""}]",3
F195.08,F195,195,8,Scorpio,210,2542063.9429131057,2247-11-01T10:37:47.692Z,2542879.5137323393,2250-01-25T00:19:46.474Z,"[{""jd_ut"":2542063.9429131057,""utc"":""2247-11-01T10:37:47.692Z"",""motion"":""direct""}]",1
F195.09,F195,195,9,Sagittarius,240,2542879.5137323393,2250-01-25T00:19:46.474Z,2543964.060245526,2253-01-13T13:26:45.213Z,"[{""jd_ut"":2542879.5137323393,""utc"":""2250-01-25T00:19:46.474Z"",""motion"":""direct""},{""jd_ut"":2542971.585091686,""utc"":""2250-04-27T02:02:31.922Z"",""motion"":""retrograde""},{""jd_ut"":2543148.2773617124,""utc"":""2250-10-20T18:39:24.052Z"",""motion"":""direct""}]",3
F195.10,F195,195,10,Capricorn,270,2543964.060245526,2253-01-13T13:26:45.213Z,2545059.3286872227,2256-01-13T19:53:18.576Z,"[{""jd_ut"":2543964.060245526,""utc"":""2253-01-13T13:26:45.213Z"",""motion"":""direct""},{""jd_ut"":2544166.9632692887,""utc"":""2253-08-04T11:07:06.467Z"",""motion"":""retrograde""},{""jd_ut"":2544225.6150615104,""utc"":""2253-10-02T02:45:41.314Z"",""motion"":""direct""}]",3
F195.11,F195,195,11,Aquarius,300,2545059.3286872227,2256-01-13T19:53:18.576Z,2545874.185621691,2258-04-07T16:27:17.714Z,"[{""jd_ut"":2545059.3286872227,""utc"":""2256-01-13T19:53:18.576Z"",""motion"":""direct""}]",1
F195.12,F195,195,12,Pisces,330,2545874.185621691,2258-04-07T16:27:17.714Z,2546949.416577935,2261-03-17T21:59:52.334Z,"[{""jd_ut"":2545874.185621691,""utc"":""2258-04-07T16:27:17.714Z"",""motion"":""direct""},{""jd_ut"":2546012.0352150304,""utc"":""2258-08-23T12:50:42.579Z"",""motion"":""retrograde""},{""jd_ut"":2546145.158157396,""utc"":""2259-01-03T15:47:44.799Z"",""motion"":""direct""}]",3
F196.01,F196,196,1,Aries,0,2546949.416577935,2261-03-17T21:59:52.334Z,2547740.090818147,2263-05-17T14:10:46.688Z,"[{""jd_ut"":2546949.416577935,""utc"":""2261-03-17T21:59:52.334Z"",""motion"":""direct""}]",1
F196.02,F196,196,2,Taurus,30,2547740.090818147,2263-05-17T14:10:46.688Z,2548524.001392789,2265-07-09T12:02:00.337Z,"[{""jd_ut"":2547740.090818147,""utc"":""2263-05-17T14:10:46.688Z"",""motion"":""direct""},{""jd_ut"":2547947.2173489965,""utc"":""2263-12-10T17:12:58.953Z"",""motion"":""retrograde""},{""jd_ut"":2547991.110935551,""utc"":""2264-01-23T14:39:44.832Z"",""motion"":""direct""}]",3
F196.03,F196,196,3,Gemini,60,2548524.001392789,2265-07-09T12:02:00.337Z,2549304.4166856855,2267-08-28T22:00:01.643Z,"[{""jd_ut"":2548524.001392789,""utc"":""2265-07-09T12:02:00.337Z"",""motion"":""direct""},{""jd_ut"":2548663.399367136,""utc"":""2265-11-25T21:35:05.321Z"",""motion"":""retrograde""},{""jd_ut"":2548786.8540806863,""utc"":""2266-03-29T08:29:52.571Z"",""motion"":""direct""}]",3
F196.04,F196,196,4,Cancer,90,2549304.4166856855,2267-08-28T22:00:01.643Z,2550094.249452195,2269-10-26T17:59:12.670Z,"[{""jd_ut"":2549304.4166856855,""utc"":""2267-08-28T22:00:01.643Z"",""motion"":""direct""},{""jd_ut"":2549398.391206407,""utc"":""2267-11-30T21:23:20.234Z"",""motion"":""retrograde""},{""jd_ut"":2549563.236715732,""utc"":""2268-05-13T17:40:52.239Z"",""motion"":""direct""}]",3
F196.05,F196,196,5,Leo,120,2550094.249452195,2269-10-26T17:59:12.670Z,2551114.67395538,2272-08-12T04:10:29.745Z,"[{""jd_ut"":2550094.249452195,""utc"":""2269-10-26T17:59:12.670Z"",""motion"":""direct""},{""jd_ut"":2550125.579125503,""utc"":""2269-11-27T01:53:56.443Z"",""motion"":""retrograde""},{""jd_ut"":2550337.1747408872,""utc"":""2270-06-26T16:11:37.613Z"",""motion"":""direct""}]",3
F196.06,F196,196,6,Virgo,150,2551114.67395538,2272-08-12T04:10:29.745Z,2551899.7469008807,2274-10-06T05:55:32.236Z,"[{""jd_ut"":2551114.67395538,""utc"":""2272-08-12T04:10:29.745Z"",""motion"":""direct""}]",1
F196.07,F196,196,7,Libra,180,2551899.7469008807,2274-10-06T05:55:32.236Z,2552699.8957436243,2276-12-14T09:29:52.249Z,"[{""jd_ut"":2551899.7469008807,""utc"":""2274-10-06T05:55:32.236Z"",""motion"":""direct""}]",1
F196.08,F196,196,8,Scorpio,210,2552699.8957436243,2276-12-14T09:29:52.249Z,2553778.816865336,2279-11-28T07:36:17.165Z,"[{""jd_ut"":2552699.8957436243,""utc"":""2276-12-14T09:29:52.249Z"",""motion"":""direct""},{""jd_ut"":2552818.466418666,""utc"":""2277-04-11T23:11:38.573Z"",""motion"":""retrograde""},{""jd_ut"":2552968.9289162336,""utc"":""2277-09-09T10:17:38.363Z"",""motion"":""direct""}]",3
F196.09,F196,196,9,Sagittarius,240,2553778.816865336,2279-11-28T07:36:17.165Z,2554605.6506200666,2282-03-04T03:36:53.574Z,"[{""jd_ut"":2553778.816865336,""utc"":""2279-11-28T07:36:17.165Z"",""motion"":""direct""}]",1
F196.10,F196,196,10,Capricorn,270,2554605.6506200666,2282-03-04T03:36:53.574Z,2555688.301953486,2285-02-18T19:14:48.781Z,"[{""jd_ut"":2554605.6506200666,""utc"":""2282-03-04T03:36:53.574Z"",""motion"":""direct""},{""jd_ut"":2554679.7361332616,""utc"":""2282-05-17T05:40:01.914Z"",""motion"":""retrograde""},{""jd_ut"":2554871.603879845,""utc"":""2282-11-25T02:29:35.219Z"",""motion"":""direct""}]",3
F196.11,F196,196,11,Aquarius,300,2555688.301953486,2285-02-18T19:14:48.781Z,2556777.3464227403,2288-02-12T20:18:50.925Z,"[{""jd_ut"":2555688.301953486,""utc"":""2285-02-18T19:14:48.781Z"",""motion"":""direct""},{""jd_ut"":2555870.705573285,""utc"":""2285-08-20T04:56:01.532Z"",""motion"":""retrograde""},{""jd_ut"":2555956.3826411255,""utc"":""2285-11-13T21:11:00.193Z"",""motion"":""direct""}]",3
F196.12,F196,196,12,Pisces,330,2556777.3464227403,2288-02-12T20:18:50.925Z,2557580.309468847,2290-04-25T19:25:38.108Z,"[{""jd_ut"":2556777.3464227403,""utc"":""2288-02-12T20:18:50.925Z"",""motion"":""direct""}]",1
F197.01,F197,197,1,Aries,0,2557580.309468847,2290-04-25T19:25:38.108Z,2558387.8051470155,2292-07-11T07:19:24.702Z,"[{""jd_ut"":2557580.309468847,""utc"":""2290-04-25T19:25:38.108Z"",""motion"":""direct""},{""jd_ut"":2557752.483694882,""utc"":""2290-10-14T23:36:31.238Z"",""motion"":""retrograde""},{""jd_ut"":2557845.8584254934,""utc"":""2291-01-16T08:36:07.963Z"",""motion"":""direct""}]",3
F197.02,F197,197,2,Taurus,30,2558387.8051470155,2292-07-11T07:19:24.702Z,2559422.726349205,2295-05-12T05:25:56.571Z,"[{""jd_ut"":2558387.8051470155,""utc"":""2292-07-11T07:19:24.702Z"",""motion"":""direct""},{""jd_ut"":2558451.2591606146,""utc"":""2292-09-12T18:13:11.477Z"",""motion"":""retrograde""},{""jd_ut"":2558642.811000252,""utc"":""2293-03-23T07:27:50.422Z"",""motion"":""direct""}]",3
F197.03,F197,197,3,Gemini,60,2559422.726349205,2295-05-12T05:25:56.571Z,2560196.217362742,2297-06-23T17:13:00.141Z,"[{""jd_ut"":2559422.726349205,""utc"":""2295-05-12T05:25:56.571Z"",""motion"":""direct""}]",1
F197.04,F197,197,4,Cancer,90,2560196.217362742,2297-06-23T17:13:00.141Z,2560968.8215040043,2299-08-05T07:42:57.946Z,"[{""jd_ut"":2560196.217362742,""utc"":""2297-06-23T17:13:00.141Z"",""motion"":""direct""}]",1
F197.05,F197,197,5,Leo,120,2560968.8215040043,2299-08-05T07:42:57.946Z,2561745.660153753,2301-09-21T03:50:37.284Z,"[{""jd_ut"":2560968.8215040043,""utc"":""2299-08-05T07:42:57.946Z"",""motion"":""direct""}]",1
F197.06,F197,197,6,Virgo,150,2561745.660153753,2301-09-21T03:50:37.284Z,2562534.8370548366,2303-11-19T08:05:21.538Z,"[{""jd_ut"":2561745.660153753,""utc"":""2301-09-21T03:50:37.284Z"",""motion"":""direct""},{""jd_ut"":2561936.967576096,""utc"":""2302-03-31T11:13:18.575Z"",""motion"":""retrograde""},{""jd_ut"":2561999.0603224393,""utc"":""2302-06-01T13:26:51.859Z"",""motion"":""direct""}]",3
F197.07,F197,197,7,Libra,180,2562534.8370548366,2303-11-19T08:05:21.538Z,2563599.558643084,2306-10-19T01:24:26.762Z,"[{""jd_ut"":2562534.8370548366,""utc"":""2303-11-19T08:05:21.538Z"",""motion"":""direct""},{""jd_ut"":2562646.470601593,""utc"":""2304-03-09T23:17:39.978Z"",""motion"":""retrograde""},{""jd_ut"":2562800.500013211,""utc"":""2304-08-11T00:00:01.141Z"",""motion"":""direct""}]",3
F197.08,F197,197,8,Scorpio,210,2563599.558643084,2306-10-19T01:24:26.762Z,2564408.6159299687,2309-01-05T02:46:56.349Z,"[{""jd_ut"":2563599.558643084,""utc"":""2306-10-19T01:24:26.762Z"",""motion"":""direct""}]",1
F197.09,F197,197,9,Sagittarius,240,2564408.6159299687,2309-01-05T02:46:56.349Z,2565499.135948007,2311-12-31T15:15:45.908Z,"[{""jd_ut"":2564408.6159299687,""utc"":""2309-01-05T02:46:56.349Z"",""motion"":""direct""},{""jd_ut"":2564548.737506875,""utc"":""2309-05-25T05:42:00.594Z"",""motion"":""retrograde""},{""jd_ut"":2564680.461216285,""utc"":""2309-10-03T23:04:09.087Z"",""motion"":""direct""}]",3
F197.10,F197,197,10,Capricorn,270,2565499.135948007,2311-12-31T15:15:45.908Z,2566337.406523578,2314-04-17T21:45:23.637Z,"[{""jd_ut"":2565499.135948007,""utc"":""2311-12-31T15:15:45.908Z"",""motion"":""direct""}]",1
F197.11,F197,197,11,Aquarius,300,2566337.406523578,2314-04-17T21:45:23.637Z,2567407.418980513,2317-03-22T22:03:19.916Z,"[{""jd_ut"":2566337.406523578,""utc"":""2314-04-17T21:45:23.637Z"",""motion"":""direct""},{""jd_ut"":2566382.9933798797,""utc"":""2314-06-02T11:50:28.022Z"",""motion"":""retrograde""},{""jd_ut"":2566594.7517505223,""utc"":""2314-12-31T06:02:31.245Z"",""motion"":""direct""}]",3
F197.12,F197,197,12,Pisces,330,2567407.418980513,2317-03-22T22:03:19.916Z,2568485.761156002,2320-03-05T06:16:03.879Z,"[{""jd_ut"":2567407.418980513,""utc"":""2317-03-22T22:03:19.916Z"",""motion"":""direct""},{""jd_ut"":2567588.758581682,""utc"":""2317-09-20T06:12:21.457Z"",""motion"":""retrograde""},{""jd_ut"":2567674.1364939576,""utc"":""2317-12-14T15:16:33.078Z"",""motion"":""direct""}]",3
