shell_sign_id,shell_id,shell_ordinal,sign_ordinal,sign_name,sign_start_degree,first_direct_ingress_jd_ut,first_direct_ingress_utc,next_sign_first_direct_ingress_jd_ut,next_sign_first_direct_ingress_utc,transition_crossings,transition_crossing_count
R0.01,R0,0,1,Aries,0,436953.759450997,-3516-03-27T06:13:36.566Z,439238.4014999325,-3510-06-28T21:38:09.594Z,"[{""jd_ut"":436953.759450997,""utc"":""-3516-03-27T06:13:36.566Z"",""motion"":""direct""},{""jd_ut"":437184.82752491964,""utc"":""-3516-11-13T07:51:38.153Z"",""motion"":""retrograde""},{""jd_ut"":437229.6377209552,""utc"":""-3516-12-28T03:18:19.091Z"",""motion"":""direct""}]",3
R0.02,R0,0,2,Taurus,30,439238.4014999325,-3510-06-28T21:38:09.594Z,441777.364185293,-3503-06-10T20:44:25.609Z,"[{""jd_ut"":439238.4014999325,""utc"":""-3510-06-28T21:38:09.594Z"",""motion"":""direct""},{""jd_ut"":439314.64407893945,""utc"":""-3510-09-13T03:27:28.420Z"",""motion"":""retrograde""},{""jd_ut"":439522.0128042038,""utc"":""-3509-04-08T12:18:26.283Z"",""motion"":""direct""}]",3
R0.03,R0,0,3,Gemini,60,441777.364185293,-3503-06-10T20:44:25.609Z,444023.4352142934,-3497-08-05T22:26:42.515Z,"[{""jd_ut"":441777.364185293,""utc"":""-3503-06-10T20:44:25.609Z"",""motion"":""direct""},{""jd_ut"":441965.37887387536,""utc"":""-3503-12-15T21:05:34.703Z"",""motion"":""retrograde""},{""jd_ut"":442063.2916943991,""utc"":""-3502-03-23T19:00:02.396Z"",""motion"":""direct""}]",3
R0.04,R0,0,4,Cancer,90,444023.4352142934,-3497-08-05T22:26:42.515Z,446282.5001515135,-3491-10-12T00:00:13.091Z,"[{""jd_ut"":444023.4352142934,""utc"":""-3497-08-05T22:26:42.515Z"",""motion"":""direct""},{""jd_ut"":444151.4308480696,""utc"":""-3497-12-11T22:20:25.273Z"",""motion"":""retrograde""},{""jd_ut"":444313.5726006599,""utc"":""-3496-05-22T01:44:32.697Z"",""motion"":""direct""}]",3
R0.05,R0,0,5,Leo,120,446282.5001515135,-3491-10-12T00:00:13.091Z,448810.4996490943,-3484-09-12T23:59:29.682Z,"[{""jd_ut"":446282.5001515135,""utc"":""-3491-10-12T00:00:13.091Z"",""motion"":""direct""},{""jd_ut"":446328.8537459023,""utc"":""-3491-11-27T08:29:23.646Z"",""motion"":""retrograde""},{""jd_ut"":446558.5746320904,""utc"":""-3490-07-15T01:47:28.213Z"",""motion"":""direct""}]",3
R0.06,R0,0,6,Virgo,150,448810.4996490943,-3484-09-12T23:59:29.682Z,451376.92119951197,-3477-09-23T10:06:31.638Z,"[{""jd_ut"":448810.4996490943,""utc"":""-3484-09-12T23:59:29.682Z"",""motion"":""direct""},{""jd_ut"":448991.37528954993,""utc"":""-3483-03-12T21:00:25.017Z"",""motion"":""retrograde""},{""jd_ut"":449100.55500603,""utc"":""-3483-06-30T01:19:12.521Z"",""motion"":""direct""}]",3
R0.07,R0,0,7,Libra,180,451376.92119951197,-3477-09-23T10:06:31.638Z,453965.2233363505,-3470-10-24T17:21:36.261Z,"[{""jd_ut"":451376.92119951197,""utc"":""-3477-09-23T10:06:31.638Z"",""motion"":""direct""}]",1
R0.08,R0,0,8,Scorpio,210,453965.2233363505,-3470-10-24T17:21:36.261Z,456574.9286710634,-3463-12-16T10:17:17.180Z,"[{""jd_ut"":453965.2233363505,""utc"":""-3470-10-24T17:21:36.261Z"",""motion"":""direct""},{""jd_ut"":454208.07169401064,""utc"":""-3469-06-24T13:43:14.363Z"",""motion"":""retrograde""},{""jd_ut"":454239.69716969004,""utc"":""-3469-07-26T04:43:55.461Z"",""motion"":""direct""}]",3
R0.09,R0,0,9,Sagittarius,240,456574.9286710634,-3463-12-16T10:17:17.180Z,459211.8851303996,-3455-03-06T09:14:35.267Z,"[{""jd_ut"":456574.9286710634,""utc"":""-3463-12-16T10:17:17.180Z"",""motion"":""direct""},{""jd_ut"":456744.6567746239,""utc"":""-3462-06-04T03:45:45.328Z"",""motion"":""retrograde""},{""jd_ut"":456870.9575585928,""utc"":""-3462-10-08T10:58:53.062Z"",""motion"":""direct""}]",3
R0.10,R0,0,10,Capricorn,270,459211.8851303996,-3455-03-06T09:14:35.267Z,462118.9241635421,-3447-02-19T10:10:47.730Z,"[{""jd_ut"":459211.8851303996,""utc"":""-3455-03-06T09:14:35.267Z"",""motion"":""direct""},{""jd_ut"":459270.9274544099,""utc"":""-3455-05-04T10:15:32.061Z"",""motion"":""retrograde""},{""jd_ut"":459494.9123816398,""utc"":""-3455-12-14T09:53:49.774Z"",""motion"":""direct""}]",3
R0.11,R0,0,11,Aquarius,300,462118.9241635421,-3447-02-19T10:10:47.730Z,464739.4887852187,-3440-04-23T23:43:51.043Z,"[{""jd_ut"":462118.9241635421,""utc"":""-3447-02-19T10:10:47.730Z"",""motion"":""direct""},{""jd_ut"":462278.20372635196,""utc"":""-3447-07-28T16:53:21.957Z"",""motion"":""retrograde""},{""jd_ut"":462414.469754094,""utc"":""-3447-12-11T23:16:26.754Z"",""motion"":""direct""}]",3
R0.12,R0,0,12,Pisces,330,464739.4887852187,-3440-04-23T23:43:51.043Z,467338.6081740393,-3433-06-06T02:35:46.237Z,"[{""jd_ut"":464739.4887852187,""utc"":""-3440-04-23T23:43:51.043Z"",""motion"":""direct""},{""jd_ut"":464825.4739583185,""utc"":""-3440-07-18T23:22:29.999Z"",""motion"":""retrograde""},{""jd_ut"":465027.3503837482,""utc"":""-3439-02-05T20:24:33.156Z"",""motion"":""direct""}]",3
R1.01,R1,1,1,Aries,0,467338.6081740393,-3433-06-06T02:35:46.237Z,469896.4869342488,-3426-06-06T23:41:11.119Z,"[{""jd_ut"":467338.6081740393,""utc"":""-3433-06-06T02:35:46.237Z"",""motion"":""direct""},{""jd_ut"":467400.3055011487,""utc"":""-3433-08-06T19:19:55.299Z"",""motion"":""retrograde""},{""jd_ut"":467619.29562580516,""utc"":""-3432-03-12T19:05:42.070Z"",""motion"":""direct""}]",3
R1.02,R1,1,2,Taurus,30,469896.4869342488,-3426-06-06T23:41:11.119Z,472443.0354793869,-3419-05-27T12:51:05.419Z,"[{""jd_ut"":469896.4869342488,""utc"":""-3426-06-06T23:41:11.119Z"",""motion"":""direct""},{""jd_ut"":470020.92219031067,""utc"":""-3426-10-09T10:07:57.243Z"",""motion"":""retrograde""},{""jd_ut"":470187.0519853267,""utc"":""-3425-03-24T13:14:51.532Z"",""motion"":""direct""}]",3
R1.03,R1,1,3,Gemini,60,472443.0354793869,-3419-05-27T12:51:05.419Z,474687.2184243575,-3413-07-19T17:14:31.864Z,"[{""jd_ut"":472443.0354793869,""utc"":""-3419-05-27T12:51:05.419Z"",""motion"":""direct""},{""jd_ut"":472686.72814780613,""utc"":""-3418-01-26T05:28:31.970Z"",""motion"":""retrograde""},{""jd_ut"":472705.7405392447,""utc"":""-3418-02-14T05:46:22.591Z"",""motion"":""direct""}]",3
R1.04,R1,1,4,Cancer,90,474687.2184243575,-3413-07-19T17:14:31.864Z,476934.2800468531,-3407-09-12T18:43:16.048Z,"[{""jd_ut"":474687.2184243575,""utc"":""-3413-07-19T17:14:31.864Z"",""motion"":""direct""},{""jd_ut"":474855.315825886,""utc"":""-3412-01-03T19:34:47.357Z"",""motion"":""retrograde""},{""jd_ut"":474976.2126744924,""utc"":""-3412-05-03T17:06:15.076Z"",""motion"":""direct""}]",3
R1.05,R1,1,5,Leo,120,476934.2800468531,-3407-09-12T18:43:16.048Z,479475.4044181481,-3400-08-28T21:42:21.728Z,"[{""jd_ut"":476934.2800468531,""utc"":""-3407-09-12T18:43:16.048Z"",""motion"":""direct""},{""jd_ut"":477042.2586736863,""utc"":""-3407-12-29T18:12:29.406Z"",""motion"":""retrograde""},{""jd_ut"":477223.5099190017,""utc"":""-3406-06-29T00:14:17.002Z"",""motion"":""direct""}]",3
R1.06,R1,1,6,Virgo,150,479475.4044181481,-3400-08-28T21:42:21.728Z,481753.3299512529,-3394-11-23T19:55:07.788Z,"[{""jd_ut"":479475.4044181481,""utc"":""-3400-08-28T21:42:21.728Z"",""motion"":""direct""},{""jd_ut"":479707.74707064615,""utc"":""-3399-04-18T05:55:46.904Z"",""motion"":""retrograde""},{""jd_ut"":479749.32789013453,""utc"":""-3399-05-29T19:52:09.708Z"",""motion"":""direct""}]",3
R1.07,R1,1,7,Libra,180,481753.3299512529,-3394-11-23T19:55:07.788Z,484339.66882146895,-3387-12-23T04:03:06.175Z,"[{""jd_ut"":481753.3299512529,""utc"":""-3394-11-23T19:55:07.788Z"",""motion"":""direct""},{""jd_ut"":481837.61381752696,""utc"":""-3393-02-16T02:43:53.834Z"",""motion"":""retrograde""},{""jd_ut"":482041.3867627394,""utc"":""-3393-09-07T21:16:56.301Z"",""motion"":""direct""}]",3
R1.08,R1,1,8,Scorpio,210,484339.66882146895,-3387-12-23T04:03:06.175Z,487238.0847199713,-3379-11-29T14:01:59.806Z,"[{""jd_ut"":484339.66882146895,""utc"":""-3387-12-23T04:03:06.175Z"",""motion"":""direct""},{""jd_ut"":484425.3561232508,""utc"":""-3386-03-18T20:32:49.049Z"",""motion"":""retrograde""},{""jd_ut"":484629.0731370755,""utc"":""-3386-10-08T13:45:19.043Z"",""motion"":""direct""}]",3
R1.09,R1,1,9,Sagittarius,240,487238.0847199713,-3379-11-29T14:01:59.806Z,489863.2430250915,-3371-02-05T17:49:57.368Z,"[{""jd_ut"":487238.0847199713,""utc"":""-3379-11-29T14:01:59.806Z"",""motion"":""direct""},{""jd_ut"":487455.97324182896,""utc"":""-3378-07-05T11:21:28.094Z"",""motion"":""retrograde""},{""jd_ut"":487525.5685198192,""utc"":""-3378-09-13T01:38:40.112Z"",""motion"":""direct""}]",3
R1.10,R1,1,10,Capricorn,270,489863.2430250915,-3371-02-05T17:49:57.368Z,492781.96795956744,-3363-02-02T11:13:51.707Z,"[{""jd_ut"":489863.2430250915,""utc"":""-3371-02-05T17:49:57.368Z"",""motion"":""direct""},{""jd_ut"":489984.4789192247,""utc"":""-3371-06-06T23:29:38.621Z"",""motion"":""retrograde""},{""jd_ut"":490158.38477905747,""utc"":""-3371-11-27T21:14:04.911Z"",""motion"":""direct""}]",3
R1.11,R1,1,11,Aquarius,300,492781.96795956744,-3363-02-02T11:13:51.707Z,495397.67615018366,-3356-04-02T04:13:39.376Z,"[{""jd_ut"":492781.96795956744,""utc"":""-3363-02-02T11:13:51.707Z"",""motion"":""direct""},{""jd_ut"":492985.66478954605,""utc"":""-3363-08-25T03:57:17.817Z"",""motion"":""retrograde""},{""jd_ut"":493072.53035517514,""utc"":""-3363-11-20T00:43:42.687Z"",""motion"":""direct""}]",3
R1.12,R1,1,12,Pisces,330,495397.67615018366,-3356-04-02T04:13:39.376Z,497993.3862494825,-3349-05-11T21:16:11.955Z,"[{""jd_ut"":495397.67615018366,""utc"":""-3356-04-02T04:13:39.376Z"",""motion"":""direct""},{""jd_ut"":495531.8201119811,""utc"":""-3356-08-14T07:40:57.675Z"",""motion"":""retrograde""},{""jd_ut"":495691.68681018834,""utc"":""-3355-01-21T04:29:00.400Z"",""motion"":""direct""}]",3
R2.01,R2,2,1,Aries,0,497993.3862494825,-3349-05-11T21:16:11.955Z,500560.77134325297,-3342-05-22T06:30:44.057Z,"[{""jd_ut"":497993.3862494825,""utc"":""-3349-05-11T21:16:11.955Z"",""motion"":""direct""},{""jd_ut"":498109.43924754276,""utc"":""-3349-09-04T22:32:30.988Z"",""motion"":""retrograde""},{""jd_ut"":498284.3353712441,""utc"":""-3348-02-26T20:02:56.075Z"",""motion"":""direct""}]",3
R2.02,R2,2,2,Taurus,30,500560.77134325297,-3342-05-22T06:30:44.057Z,502834.93151157245,-3336-08-12T10:21:22.600Z,"[{""jd_ut"":500560.77134325297,""utc"":""-3342-05-22T06:30:44.057Z"",""motion"":""direct""},{""jd_ut"":500722.50532539526,""utc"":""-3342-10-31T00:07:40.114Z"",""motion"":""retrograde""},{""jd_ut"":500851.5337626393,""utc"":""-3341-03-09T00:48:37.092Z"",""motion"":""direct""}]",3
R2.03,R2,2,3,Gemini,60,502834.93151157245,-3336-08-12T10:21:22.600Z,505353.99134750094,-3329-07-06T11:47:32.424Z,"[{""jd_ut"":502834.93151157245,""utc"":""-3336-08-12T10:21:22.600Z"",""motion"":""direct""},{""jd_ut"":502882.0501733434,""utc"":""-3336-09-28T13:12:14.977Z"",""motion"":""retrograde""},{""jd_ut"":503110.101707845,""utc"":""-3335-05-14T14:26:27.558Z"",""motion"":""direct""}]",3
R2.04,R2,2,4,Cancer,90,505353.99134750094,-3329-07-06T11:47:32.424Z,507597.7999344317,-3323-08-27T07:11:54.335Z,"[{""jd_ut"":505353.99134750094,""utc"":""-3329-07-06T11:47:32.424Z"",""motion"":""direct""},{""jd_ut"":505560.6234512499,""utc"":""-3328-01-29T02:57:46.188Z"",""motion"":""retrograde""},{""jd_ut"":505635.21973351657,""utc"":""-3328-04-12T17:16:24.976Z"",""motion"":""direct""}]",3
R2.05,R2,2,5,Leo,120,507597.7999344317,-3323-08-27T07:11:54.335Z,509865.5180781026,-3317-11-12T00:26:01.948Z,"[{""jd_ut"":507597.7999344317,""utc"":""-3323-08-27T07:11:54.335Z"",""motion"":""direct""},{""jd_ut"":507744.97966224304,""utc"":""-3322-01-21T11:30:42.818Z"",""motion"":""retrograde""},{""jd_ut"":507888.747254926,""utc"":""-3322-06-14T05:56:02.826Z"",""motion"":""direct""}]",3
R2.06,R2,2,6,Virgo,150,509865.5180781026,-3317-11-12T00:26:01.948Z,512412.2264396236,-3310-11-01T17:26:04.383Z,"[{""jd_ut"":509865.5180781026,""utc"":""-3317-11-12T00:26:01.948Z"",""motion"":""direct""},{""jd_ut"":509910.33183985145,""utc"":""-3317-12-26T19:57:50.963Z"",""motion"":""retrograde""},{""jd_ut"":510142.01521083654,""utc"":""-3316-08-14T12:21:54.216Z"",""motion"":""direct""}]",3
R2.07,R2,2,7,Libra,180,512412.2264396236,-3310-11-01T17:26:04.383Z,514997.89303460263,-3303-11-30T09:25:58.190Z,"[{""jd_ut"":512412.2264396236,""utc"":""-3310-11-01T17:26:04.383Z"",""motion"":""direct""},{""jd_ut"":512544.76579627965,""utc"":""-3309-03-14T06:22:44.799Z"",""motion"":""retrograde""},{""jd_ut"":512706.09274275554,""utc"":""-3309-08-22T14:13:32.974Z"",""motion"":""direct""}]",3
R2.08,R2,2,8,Scorpio,210,514997.89303460263,-3303-11-30T09:25:58.190Z,517618.1746426,-3295-02-02T16:11:29.121Z,"[{""jd_ut"":514997.89303460263,""utc"":""-3303-11-30T09:25:58.190Z"",""motion"":""direct""},{""jd_ut"":515133.12928232155,""utc"":""-3302-04-14T15:06:09.993Z"",""motion"":""retrograde""},{""jd_ut"":515293.39051625435,""utc"":""-3302-09-21T21:22:20.604Z"",""motion"":""direct""}]",3
R2.09,R2,2,9,Sagittarius,240,517618.1746426,-3295-02-02T16:11:29.121Z,520524.4308222907,-3287-01-17T22:20:23.046Z,"[{""jd_ut"":517618.1746426,""utc"":""-3295-02-02T16:11:29.121Z"",""motion"":""direct""},{""jd_ut"":517680.7987332224,""utc"":""-3295-04-06T07:10:10.550Z"",""motion"":""retrograde""},{""jd_ut"":517902.3655668964,""utc"":""-3295-11-13T20:46:24.980Z"",""motion"":""direct""}]",3
R2.10,R2,2,10,Capricorn,270,520524.4308222907,-3287-01-17T22:20:23.046Z,523172.5576554454,-3280-04-19T01:23:01.430Z,"[{""jd_ut"":520524.4308222907,""utc"":""-3287-01-17T22:20:23.046Z"",""motion"":""direct""},{""jd_ut"":520690.0120627959,""utc"":""-3287-07-02T12:17:22.226Z"",""motion"":""retrograde""},{""jd_ut"":520820.9914265516,""utc"":""-3287-11-10T11:47:39.254Z"",""motion"":""direct""}]",3
R2.11,R2,2,11,Aquarius,300,523172.5576554454,-3280-04-19T01:23:01.430Z,526060.4661828529,-3272-03-15T23:11:18.198Z,"[{""jd_ut"":523172.5576554454,""utc"":""-3280-04-19T01:23:01.430Z"",""motion"":""direct""},{""jd_ut"":523206.45982797956,""utc"":""-3280-05-22T23:02:09.137Z"",""motion"":""retrograde""},{""jd_ut"":523446.30647663586,""utc"":""-3279-01-17T19:21:19.581Z"",""motion"":""direct""}]",3
R2.12,R2,2,12,Pisces,330,526060.4661828529,-3272-03-15T23:11:18.198Z,528655.6659539666,-3265-04-24T03:58:58.423Z,"[{""jd_ut"":526060.4661828529,""utc"":""-3272-03-15T23:11:18.198Z"",""motion"":""direct""},{""jd_ut"":526235.8324339043,""utc"":""-3272-09-07T07:58:42.289Z"",""motion"":""retrograde""},{""jd_ut"":526353.8871709737,""utc"":""-3271-01-03T09:17:31.572Z"",""motion"":""direct""}]",3
R3.01,R3,3,1,Aries,0,528655.6659539666,-3265-04-24T03:58:58.423Z,531226.2608045265,-3258-05-07T18:15:33.511Z,"[{""jd_ut"":528655.6659539666,""utc"":""-3265-04-24T03:58:58.423Z"",""motion"":""direct""},{""jd_ut"":528812.7406117399,""utc"":""-3265-09-28T05:46:28.854Z"",""motion"":""retrograde""},{""jd_ut"":528948.1137430056,""utc"":""-3264-02-10T14:43:47.396Z"",""motion"":""direct""}]",3
R3.02,R3,3,2,Taurus,30,531226.2608045265,-3258-05-07T18:15:33.511Z,533488.7947180737,-3252-07-17T07:04:23.642Z,"[{""jd_ut"":531226.2608045265,""utc"":""-3258-05-07T18:15:33.511Z"",""motion"":""direct""},{""jd_ut"":531427.2678450772,""utc"":""-3258-11-24T18:25:41.815Z"",""motion"":""retrograde""},{""jd_ut"":531511.047660941,""utc"":""-3257-02-16T13:08:37.905Z"",""motion"":""direct""}]",3
R3.03,R3,3,3,Gemini,60,533488.7947180737,-3252-07-17T07:04:23.642Z,536021.5861115144,-3245-06-24T02:04:00.035Z,"[{""jd_ut"":533488.7947180737,""utc"":""-3252-07-17T07:04:23.642Z"",""motion"":""direct""},{""jd_ut"":533592.1100885123,""utc"":""-3252-10-28T14:38:31.647Z"",""motion"":""retrograde""},{""jd_ut"":533776.5734646895,""utc"":""-3251-05-01T01:45:47.349Z"",""motion"":""direct""}]",3
R3.04,R3,3,4,Cancer,90,536021.5861115144,-3245-06-24T02:04:00.035Z,538263.7955377086,-3239-08-13T07:05:34.458Z,"[{""jd_ut"":536021.5861115144,""utc"":""-3245-06-24T02:04:00.035Z"",""motion"":""direct""}]",1
R3.05,R3,3,5,Leo,120,538263.7955377086,-3239-08-13T07:05:34.458Z,540519.1287446208,-3233-10-16T15:05:23.535Z,"[{""jd_ut"":538263.7955377086,""utc"":""-3239-08-13T07:05:34.458Z"",""motion"":""direct""},{""jd_ut"":538448.0366795382,""utc"":""-3238-02-13T12:52:49.112Z"",""motion"":""retrograde""},{""jd_ut"":538551.1231458171,""utc"":""-3238-05-27T14:57:19.799Z"",""motion"":""direct""}]",3
R3.06,R3,3,6,Virgo,150,540519.1287446208,-3233-10-16T15:05:23.535Z,543076.7050085049,-3226-10-17T04:55:12.735Z,"[{""jd_ut"":540519.1287446208,""utc"":""-3233-10-16T15:05:23.535Z"",""motion"":""direct""},{""jd_ut"":540621.4144737134,""utc"":""-3232-01-26T21:56:50.529Z"",""motion"":""retrograde""},{""jd_ut"":540808.9401454467,""utc"":""-3232-08-01T10:33:48.567Z"",""motion"":""direct""}]",3
R3.07,R3,3,7,Libra,180,543076.7050085049,-3226-10-17T04:55:12.735Z,545661.4632098307,-3219-11-13T23:07:01.329Z,"[{""jd_ut"":543076.7050085049,""utc"":""-3226-10-17T04:55:12.735Z"",""motion"":""direct""},{""jd_ut"":543248.3177533154,""utc"":""-3225-04-06T19:37:33.886Z"",""motion"":""retrograde""},{""jd_ut"":543369.5183750249,""utc"":""-3225-08-06T00:26:27.602Z"",""motion"":""direct""}]",3
R3.08,R3,3,8,Scorpio,210,545661.4632098307,-3219-11-13T23:07:01.329Z,548271.8404644544,-3211-01-06T08:10:16.129Z,"[{""jd_ut"":545661.4632098307,""utc"":""-3219-11-13T23:07:01.329Z"",""motion"":""direct""},{""jd_ut"":545837.8000845977,""utc"":""-3218-05-09T07:12:07.309Z"",""motion"":""retrograde""},{""jd_ut"":545955.8986196446,""utc"":""-3218-09-04T09:34:00.737Z"",""motion"":""direct""}]",3
R3.09,R3,3,9,Sagittarius,240,548271.8404644544,-3211-01-06T08:10:16.129Z,551187.7986712866,-3204-12-31T07:10:05.199Z,"[{""jd_ut"":548271.8404644544,""utc"":""-3211-01-06T08:10:16.129Z"",""motion"":""direct""},{""jd_ut"":548392.3678025133,""utc"":""-3211-05-06T20:49:38.137Z"",""motion"":""retrograde""},{""jd_ut"":548566.8185393808,""utc"":""-3211-10-28T07:38:41.803Z"",""motion"":""direct""}]",3
R3.10,R3,3,10,Capricorn,270,551187.7986712866,-3204-12-31T07:10:05.199Z,553817.2497322035,-3196-03-13T17:59:36.862Z,"[{""jd_ut"":551187.7986712866,""utc"":""-3204-12-31T07:10:05.199Z"",""motion"":""direct""},{""jd_ut"":551398.7499367252,""utc"":""-3203-07-30T05:59:54.533Z"",""motion"":""retrograde""},{""jd_ut"":551477.8742232102,""utc"":""-3203-10-17T08:58:52.885Z"",""motion"":""direct""}]",3
R3.11,R3,3,11,Aquarius,300,553817.2497322035,-3196-03-13T17:59:36.862Z,556724.2596777906,-3188-02-27T18:13:56.161Z,"[{""jd_ut"":553817.2497322035,""utc"":""-3196-03-13T17:59:36.862Z"",""motion"":""direct""},{""jd_ut"":553925.9531144726,""utc"":""-3196-06-30T10:52:29.090Z"",""motion"":""retrograde""},{""jd_ut"":554110.0880508497,""utc"":""-3196-12-31T14:06:47.593Z"",""motion"":""direct""}]",3
R3.12,R3,3,12,Pisces,330,556724.2596777906,-3188-02-27T18:13:56.161Z,559318.9844509186,-3181-04-06T11:37:36.559Z,"[{""jd_ut"":556724.2596777906,""utc"":""-3188-02-27T18:13:56.161Z"",""motion"":""direct""},{""jd_ut"":556946.5296360247,""utc"":""-3188-10-07T00:42:40.553Z"",""motion"":""retrograde""},{""jd_ut"":557007.6541494308,""utc"":""-3188-12-07T03:41:58.511Z"",""motion"":""direct""}]",3
R4.01,R4,4,1,Aries,0,559318.9844509186,-3181-04-06T11:37:36.559Z,561891.639110873,-3174-04-22T03:20:19.179Z,"[{""jd_ut"":559318.9844509186,""utc"":""-3181-04-06T11:37:36.559Z"",""motion"":""direct""},{""jd_ut"":559519.7193754178,""utc"":""-3181-10-24T05:15:54.036Z"",""motion"":""retrograde""},{""jd_ut"":559606.0852178391,""utc"":""-3180-01-18T14:02:42.821Z"",""motion"":""direct""}]",3
R4.02,R4,4,2,Taurus,30,561891.639110873,-3174-04-22T03:20:19.179Z,564150.2766318833,-3168-06-27T18:38:20.995Z,"[{""jd_ut"":561891.639110873,""utc"":""-3174-04-22T03:20:19.179Z"",""motion"":""direct""}]",1
R4.03,R4,4,3,Gemini,60,564150.2766318833,-3168-06-27T18:38:20.995Z,566405.5762768115,-3162-08-31T01:49:50.317Z,"[{""jd_ut"":564150.2766318833,""utc"":""-3168-06-27T18:38:20.995Z"",""motion"":""direct""},{""jd_ut"":564296.3371518143,""utc"":""-3168-11-20T20:05:29.917Z"",""motion"":""retrograde""},{""jd_ut"":564440.530933311,""utc"":""-3167-04-14T00:44:32.638Z"",""motion"":""direct""}]",3
R4.04,R4,4,4,Cancer,90,566405.5762768115,-3162-08-31T01:49:50.317Z,568930.2717908362,-3155-07-29T18:31:22.728Z,"[{""jd_ut"":566405.5762768115,""utc"":""-3162-08-31T01:49:50.317Z"",""motion"":""direct""},{""jd_ut"":566476.997691551,""utc"":""-3162-11-10T11:56:40.550Z"",""motion"":""retrograde""},{""jd_ut"":566687.9116240428,""utc"":""-3161-06-09T09:52:44.317Z"",""motion"":""direct""}]",3
R4.05,R4,4,5,Leo,120,568930.2717908362,-3155-07-29T18:31:22.728Z,571181.5136557969,-3149-09-28T00:19:39.861Z,"[{""jd_ut"":568930.2717908362,""utc"":""-3155-07-29T18:31:22.728Z"",""motion"":""direct""},{""jd_ut"":569162.1871607073,""utc"":""-3154-03-18T16:29:30.685Z"",""motion"":""retrograde""},{""jd_ut"":569201.3159003141,""utc"":""-3154-04-26T19:34:53.787Z"",""motion"":""direct""}]",3
R4.06,R4,4,6,Virgo,150,571181.5136557969,-3149-09-28T00:19:39.861Z,573742.108551064,-3142-10-01T14:36:18.812Z,"[{""jd_ut"":571181.5136557969,""utc"":""-3149-09-28T00:19:39.861Z"",""motion"":""direct""},{""jd_ut"":571325.2969315376,""utc"":""-3148-02-18T19:07:34.885Z"",""motion"":""retrograde""},{""jd_ut"":571474.0194162601,""utc"":""-3148-07-16T12:27:57.565Z"",""motion"":""direct""}]",3
R4.07,R4,4,7,Libra,180,573742.108551064,-3142-10-01T14:36:18.812Z,576326.9007050085,-3135-10-29T09:37:00.913Z,"[{""jd_ut"":573742.108551064,""utc"":""-3142-10-01T14:36:18.812Z"",""motion"":""direct""},{""jd_ut"":573957.4408804032,""utc"":""-3141-05-04T22:34:52.067Z"",""motion"":""retrograde""},{""jd_ut"":574025.812166871,""utc"":""-3141-07-12T07:29:31.218Z"",""motion"":""direct""}]",3
R4.08,R4,4,8,Scorpio,210,576326.9007050085,-3135-10-29T09:37:00.913Z,578933.2960052674,-3128-12-17T19:06:14.855Z,"[{""jd_ut"":576326.9007050085,""utc"":""-3135-10-29T09:37:00.913Z"",""motion"":""direct""},{""jd_ut"":576547.2990871454,""utc"":""-3134-06-06T19:10:41.129Z"",""motion"":""retrograde""},{""jd_ut"":576611.7033644014,""utc"":""-3134-08-10T04:52:50.684Z"",""motion"":""direct""}]",3
R4.09,R4,4,9,Sagittarius,240,578933.2960052674,-3128-12-17T19:06:14.855Z,581571.3799435506,-3120-03-08T21:07:07.123Z,"[{""jd_ut"":578933.2960052674,""utc"":""-3128-12-17T19:06:14.855Z"",""motion"":""direct""},{""jd_ut"":579098.1598977023,""utc"":""-3127-05-31T15:50:15.161Z"",""motion"":""retrograde""},{""jd_ut"":579229.4393444883,""utc"":""-3127-10-09T22:32:39.364Z"",""motion"":""direct""}]",3
R4.10,R4,4,10,Capricorn,270,581571.3799435506,-3120-03-08T21:07:07.123Z,584476.9665913777,-3112-02-21T11:11:53.495Z,"[{""jd_ut"":581571.3799435506,""utc"":""-3120-03-08T21:07:07.123Z"",""motion"":""direct""},{""jd_ut"":581623.6678785132,""utc"":""-3120-04-30T04:01:44.704Z"",""motion"":""retrograde""},{""jd_ut"":581852.5334410099,""utc"":""-3120-12-15T00:48:09.303Z"",""motion"":""direct""}]",3
R4.11,R4,4,11,Aquarius,300,584476.9665913777,-3112-02-21T11:11:53.495Z,587105.2601121629,-3105-05-03T18:14:33.691Z,"[{""jd_ut"":584476.9665913777,""utc"":""-3112-02-21T11:11:53.495Z"",""motion"":""direct""},{""jd_ut"":584632.1118641165,""utc"":""-3112-07-25T14:41:05.060Z"",""motion"":""retrograde""},{""jd_ut"":584772.8566186614,""utc"":""-3112-12-13T08:33:31.852Z"",""motion"":""direct""}]",3
R4.12,R4,4,12,Pisces,330,587105.2601121629,-3105-05-03T18:14:33.691Z,589983.4139719403,-3097-03-21T21:56:07.176Z,"[{""jd_ut"":587105.2601121629,""utc"":""-3105-05-03T18:14:33.691Z"",""motion"":""direct""},{""jd_ut"":587171.3844982139,""utc"":""-3105-07-08T21:13:40.646Z"",""motion"":""retrograde""},{""jd_ut"":587388.6107149767,""utc"":""-3104-02-11T02:39:25.774Z"",""motion"":""direct""}]",3
R5.01,R5,5,1,Aries,0,589983.4139719403,-3097-03-21T21:56:07.176Z,592270.1575243049,-3091-06-24T15:46:50.100Z,"[{""jd_ut"":589983.4139719403,""utc"":""-3097-03-21T21:56:07.176Z"",""motion"":""direct""}]",1
R5.02,R5,5,2,Taurus,30,592270.1575243049,-3091-06-24T15:46:50.100Z,594813.4869387406,-3084-06-10T23:41:11.507Z,"[{""jd_ut"":592270.1575243049,""utc"":""-3091-06-24T15:46:50.100Z"",""motion"":""direct""},{""jd_ut"":592357.0261226557,""utc"":""-3091-09-19T12:37:36.997Z"",""motion"":""retrograde""},{""jd_ut"":592555.9821993285,""utc"":""-3090-04-06T11:34:22.022Z"",""motion"":""direct""}]",3
R5.03,R5,5,3,Gemini,60,594813.4869387406,-3084-06-10T23:41:11.507Z,597061.9885125435,-3078-08-07T11:43:27.484Z,"[{""jd_ut"":594813.4869387406,""utc"":""-3084-06-10T23:41:11.507Z"",""motion"":""direct""},{""jd_ut"":595003.0042349545,""utc"":""-3084-12-17T12:06:05.900Z"",""motion"":""retrograde""},{""jd_ut"":595099.3894838616,""utc"":""-3083-03-23T21:20:51.406Z"",""motion"":""direct""}]",3
R5.04,R5,5,4,Cancer,90,597061.9885125435,-3078-08-07T11:43:27.484Z,599318.5118554311,-3072-10-11T00:17:04.309Z,"[{""jd_ut"":597061.9885125435,""utc"":""-3078-08-07T11:43:27.484Z"",""motion"":""direct""},{""jd_ut"":597185.9924413878,""utc"":""-3078-12-09T11:49:06.936Z"",""motion"":""retrograde""},{""jd_ut"":597351.8329807678,""utc"":""-3077-05-24T07:59:29.538Z"",""motion"":""direct""}]",3
R5.05,R5,5,5,Leo,120,599318.5118554311,-3072-10-11T00:17:04.309Z,601845.1546642042,-3065-09-11T15:42:42.987Z,"[{""jd_ut"":599318.5118554311,""utc"":""-3072-10-11T00:17:04.309Z"",""motion"":""direct""},{""jd_ut"":599366.7039242466,""utc"":""-3072-11-28T04:53:39.055Z"",""motion"":""retrograde""},{""jd_ut"":599594.9006884368,""utc"":""-3071-07-14T09:36:59.481Z"",""motion"":""direct""}]",3
R5.06,R5,5,6,Virgo,150,601845.1546642042,-3065-09-11T15:42:42.987Z,604133.3919336677,-3059-12-16T21:24:23.069Z,"[{""jd_ut"":601845.1546642042,""utc"":""-3065-09-11T15:42:42.987Z"",""motion"":""direct""},{""jd_ut"":602031.9500253324,""utc"":""-3064-03-16T10:48:02.189Z"",""motion"":""retrograde""},{""jd_ut"":602133.9597891297,""utc"":""-3064-06-26T11:02:05.781Z"",""motion"":""direct""}]",3
R5.07,R5,5,7,Libra,180,604133.3919336677,-3059-12-16T21:24:23.069Z,606708.8689445138,-3051-01-04T08:51:16.806Z,"[{""jd_ut"":604133.3919336677,""utc"":""-3059-12-16T21:24:23.069Z"",""motion"":""direct""},{""jd_ut"":604167.756137209,""utc"":""-3058-01-20T06:08:50.255Z"",""motion"":""retrograde""},{""jd_ut"":604407.0256824747,""utc"":""-3058-09-16T12:36:58.966Z"",""motion"":""direct""}]",3
R5.08,R5,5,8,Scorpio,210,606708.8689445138,-3051-01-04T08:51:16.806Z,609596.7067709852,-3044-12-01T04:57:45.013Z,"[{""jd_ut"":606708.8689445138,""utc"":""-3051-01-04T08:51:16.806Z"",""motion"":""direct""},{""jd_ut"":606767.1418943126,""utc"":""-3051-03-03T15:24:19.669Z"",""motion"":""retrograde""},{""jd_ut"":606991.492331367,""utc"":""-3051-10-13T23:48:57.430Z"",""motion"":""direct""}]",3
R5.09,R5,5,9,Sagittarius,240,609596.7067709852,-3044-12-01T04:57:45.013Z,612221.1811769945,-3036-02-07T16:20:53.692Z,"[{""jd_ut"":609596.7067709852,""utc"":""-3044-12-01T04:57:45.013Z"",""motion"":""direct""},{""jd_ut"":609807.6566156892,""utc"":""-3043-06-30T03:45:31.596Z"",""motion"":""retrograde""},{""jd_ut"":609886.0104728583,""utc"":""-3043-09-16T12:15:04.855Z"",""motion"":""direct""}]",3
R5.10,R5,5,10,Capricorn,270,612221.1811769945,-3036-02-07T16:20:53.692Z,615139.1414330276,-3028-02-03T15:23:39.814Z,"[{""jd_ut"":612221.1811769945,""utc"":""-3036-02-07T16:20:53.692Z"",""motion"":""direct""},{""jd_ut"":612338.7978665705,""utc"":""-3036-06-04T07:08:55.672Z"",""motion"":""retrograde""},{""jd_ut"":612515.9938481974,""utc"":""-3036-11-28T11:51:08.484Z"",""motion"":""direct""}]",3
R5.11,R5,5,11,Aquarius,300,615139.1414330276,-3028-02-03T15:23:39.814Z,617758.2666968033,-3021-04-06T18:24:02.604Z,"[{""jd_ut"":615139.1414330276,""utc"":""-3028-02-03T15:23:39.814Z"",""motion"":""direct""},{""jd_ut"":615340.2747834402,""utc"":""-3028-08-22T18:35:41.289Z"",""motion"":""retrograde""},{""jd_ut"":615430.655406361,""utc"":""-3028-11-21T03:43:47.110Z"",""motion"":""direct""}]",3
R5.12,R5,5,12,Pisces,330,617758.2666968033,-3021-04-06T18:24:02.604Z,620358.0493025454,-3014-05-19T13:10:59.740Z,"[{""jd_ut"":617758.2666968033,""utc"":""-3021-04-06T18:24:02.604Z"",""motion"":""direct""},{""jd_ut"":617882.907356516,""utc"":""-3021-08-09T09:46:35.603Z"",""motion"":""retrograde""},{""jd_ut"":618051.7367766106,""utc"":""-3020-01-25T05:40:57.499Z"",""motion"":""direct""}]",3
R6.01,R6,6,1,Aries,0,620358.0493025454,-3014-05-19T13:10:59.740Z,622927.6684155937,-3007-06-01T04:02:31.107Z,"[{""jd_ut"":620358.0493025454,""utc"":""-3014-05-19T13:10:59.740Z"",""motion"":""direct""},{""jd_ut"":620456.0007150103,""utc"":""-3014-08-25T12:01:01.777Z"",""motion"":""retrograde""},{""jd_ut"":620646.9247225258,""utc"":""-3013-03-04T10:11:36.026Z"",""motion"":""direct""}]",3
R6.02,R6,6,2,Taurus,30,622927.6684155937,-3007-06-01T04:02:31.107Z,625477.4346595788,-3000-05-25T22:25:54.588Z,"[{""jd_ut"":622927.6684155937,""utc"":""-3007-06-01T04:02:31.107Z"",""motion"":""direct""},{""jd_ut"":623064.7137128564,""utc"":""-3007-10-16T05:07:44.791Z"",""motion"":""retrograde""},{""jd_ut"":623218.8571435204,""utc"":""-3006-03-19T08:34:17.200Z"",""motion"":""direct""}]",3
R6.03,R6,6,3,Gemini,60,625477.4346595788,-3000-05-25T22:25:54.588Z,627723.4974766644,-2994-07-19T23:56:21.984Z,"[{""jd_ut"":625477.4346595788,""utc"":""-3000-05-25T22:25:54.588Z"",""motion"":""direct""}]",1
R6.04,R6,6,4,Cancer,90,627723.4974766644,-2994-07-19T23:56:21.984Z,629968.7481335688,-2988-09-11T05:57:18.740Z,"[{""jd_ut"":627723.4974766644,""utc"":""-2994-07-19T23:56:21.984Z"",""motion"":""direct""},{""jd_ut"":627892.848610315,""utc"":""-2993-01-05T08:21:59.931Z"",""motion"":""retrograde""},{""jd_ut"":628012.2115932822,""utc"":""-2993-05-04T17:04:41.660Z"",""motion"":""direct""}]",3
R6.05,R6,6,5,Leo,120,629968.7481335688,-2988-09-11T05:57:18.740Z,632508.8147307488,-2981-08-26T07:33:12.737Z,"[{""jd_ut"":629968.7481335688,""utc"":""-2988-09-11T05:57:18.740Z"",""motion"":""direct""},{""jd_ut"":630082.0565375958,""utc"":""-2987-01-02T13:21:24.848Z"",""motion"":""retrograde""},{""jd_ut"":630258.3372279895,""utc"":""-2987-06-27T20:05:36.498Z"",""motion"":""direct""}]",3
R6.06,R6,6,6,Virgo,150,632508.8147307488,-2981-08-26T07:33:12.737Z,634778.2563197608,-2975-11-11T18:09:06.027Z,"[{""jd_ut"":632508.8147307488,""utc"":""-2981-08-26T07:33:12.737Z"",""motion"":""direct""}]",1
R6.07,R6,6,7,Libra,180,634778.2563197608,-2975-11-11T18:09:06.027Z,637360.4795396971,-2968-12-06T23:30:32.230Z,"[{""jd_ut"":634778.2563197608,""utc"":""-2975-11-11T18:09:06.027Z"",""motion"":""direct""},{""jd_ut"":634888.7468089932,""utc"":""-2974-03-02T05:55:24.297Z"",""motion"":""retrograde""},{""jd_ut"":635070.1845827571,""utc"":""-2974-08-30T16:25:47.950Z"",""motion"":""direct""}]",3
R6.08,R6,6,8,Scorpio,210,637360.4795396971,-2968-12-06T23:30:32.230Z,639978.0990277925,-2960-02-06T14:22:36.001Z,"[{""jd_ut"":637360.4795396971,""utc"":""-2968-12-06T23:30:32.230Z"",""motion"":""direct""},{""jd_ut"":637481.4429913268,""utc"":""-2967-04-06T22:37:54.451Z"",""motion"":""retrograde""},{""jd_ut"":637654.8519411904,""utc"":""-2967-09-27T08:26:47.719Z"",""motion"":""direct""}]",3
R6.09,R6,6,9,Sagittarius,240,639978.0990277925,-2960-02-06T14:22:36.001Z,642881.3245646916,-2952-01-18T19:47:22.389Z,"[{""jd_ut"":639978.0990277925,""utc"":""-2960-02-06T14:22:36.001Z"",""motion"":""direct""},{""jd_ut"":640033.1469492184,""utc"":""-2960-04-01T15:31:36.412Z"",""motion"":""retrograde""},{""jd_ut"":640260.06439761,""utc"":""-2960-11-14T13:32:43.954Z"",""motion"":""direct""}]",3
R6.10,R6,6,10,Capricorn,270,642881.3245646916,-2952-01-18T19:47:22.389Z,645529.359369013,-2945-04-19T20:37:29.483Z,"[{""jd_ut"":642881.3245646916,""utc"":""-2952-01-18T19:47:22.389Z"",""motion"":""direct""},{""jd_ut"":643045.6473393932,""utc"":""-2952-07-01T03:32:10.124Z"",""motion"":""retrograde""},{""jd_ut"":643177.8693070437,""utc"":""-2952-11-10T08:51:48.129Z"",""motion"":""direct""}]",3
R6.11,R6,6,11,Aquarius,300,645529.359369013,-2945-04-19T20:37:29.483Z,648419.3120261498,-2937-03-18T19:29:19.059Z,"[{""jd_ut"":645529.359369013,""utc"":""-2945-04-19T20:37:29.483Z"",""motion"":""direct""},{""jd_ut"":645562.0707861045,""utc"":""-2945-05-22T13:41:55.919Z"",""motion"":""retrograde""},{""jd_ut"":645802.932100777,""utc"":""-2944-01-18T10:22:13.507Z"",""motion"":""direct""}]",3
R6.12,R6,6,12,Pisces,330,648419.3120261498,-2937-03-18T19:29:19.059Z,651017.4115718161,-2930-04-28T21:52:39.805Z,"[{""jd_ut"":648419.3120261498,""utc"":""-2937-03-18T19:29:19.059Z"",""motion"":""direct""},{""jd_ut"":648588.5040036878,""utc"":""-2937-09-04T00:05:45.919Z"",""motion"":""retrograde""},{""jd_ut"":648713.3513348496,""utc"":""-2936-01-06T20:25:55.331Z"",""motion"":""direct""}]",3
R7.01,R7,7,1,Aries,0,651017.4115718161,-2930-04-28T21:52:39.805Z,653590.2417088428,-2923-05-14T17:48:03.644Z,"[{""jd_ut"":651017.4115718161,""utc"":""-2930-04-28T21:52:39.805Z"",""motion"":""direct""},{""jd_ut"":651161.7009466139,""utc"":""-2930-09-20T04:49:21.787Z"",""motion"":""retrograde""},{""jd_ut"":651310.3866657992,""utc"":""-2929-02-15T21:16:47.925Z"",""motion"":""direct""}]",3
R7.02,R7,7,2,Taurus,30,653590.2417088428,-2923-05-14T17:48:03.644Z,655859.9425519311,-2917-08-01T10:37:16.487Z,"[{""jd_ut"":653590.2417088428,""utc"":""-2923-05-14T17:48:03.644Z"",""motion"":""direct""},{""jd_ut"":653770.2515773538,""utc"":""-2923-11-10T18:02:16.283Z"",""motion"":""retrograde""},{""jd_ut"":653879.141904678,""utc"":""-2922-02-27T15:24:20.564Z"",""motion"":""direct""}]",3
R7.03,R7,7,3,Gemini,60,655859.9425519311,-2917-08-01T10:37:16.487Z,658387.4358875863,-2910-07-02T22:27:40.687Z,"[{""jd_ut"":655859.9425519311,""utc"":""-2917-08-01T10:37:16.487Z"",""motion"":""direct""},{""jd_ut"":655931.6236605276,""utc"":""-2917-10-12T02:58:04.270Z"",""motion"":""retrograde""},{""jd_ut"":656142.0440665837,""utc"":""-2916-05-09T13:03:27.353Z"",""motion"":""direct""}]",3
R7.04,R7,7,4,Cancer,90,658387.4358875863,-2910-07-02T22:27:40.687Z,660628.9903079222,-2904-08-21T11:46:02.604Z,"[{""jd_ut"":658387.4358875863,""utc"":""-2910-07-02T22:27:40.687Z"",""motion"":""direct""},{""jd_ut"":658605.8764748888,""utc"":""-2909-02-06T09:02:07.430Z"",""motion"":""retrograde""},{""jd_ut"":658663.9665268299,""utc"":""-2909-04-05T11:11:47.918Z"",""motion"":""direct""}]",3
R7.05,R7,7,5,Leo,120,660628.9903079222,-2904-08-21T11:46:02.604Z,662887.1895961056,-2898-10-28T16:33:01.104Z,"[{""jd_ut"":660628.9903079222,""utc"":""-2904-08-21T11:46:02.604Z"",""motion"":""direct""},{""jd_ut"":660789.944310484,""utc"":""-2903-01-29T10:39:48.426Z"",""motion"":""retrograde""},{""jd_ut"":660919.1050465244,""utc"":""-2903-06-07T14:31:16.020Z"",""motion"":""direct""}]",3
R7.06,R7,7,6,Virgo,150,662887.1895961056,-2898-10-28T16:33:01.104Z,665437.1034950952,-2891-10-21T14:29:01.976Z,"[{""jd_ut"":662887.1895961056,""utc"":""-2898-10-28T16:33:01.104Z"",""motion"":""direct""},{""jd_ut"":662964.0332384983,""utc"":""-2897-01-13T12:47:51.806Z"",""motion"":""retrograde""},{""jd_ut"":663172.3041418167,""utc"":""-2897-08-09T19:17:57.853Z"",""motion"":""direct""}]",3
R7.07,R7,7,7,Libra,180,665437.1034950952,-2891-10-21T14:29:01.976Z,668019.8419004316,-2884-11-16T08:12:20.197Z,"[{""jd_ut"":665437.1034950952,""utc"":""-2891-10-21T14:29:01.976Z"",""motion"":""direct""},{""jd_ut"":665598.4462780859,""utc"":""-2890-03-31T22:42:38.427Z"",""motion"":""retrograde""},{""jd_ut"":665730.5455888181,""utc"":""-2890-08-11T01:05:38.874Z"",""motion"":""direct""}]",3
R7.08,R7,7,8,Scorpio,210,668019.8419004316,-2884-11-16T08:12:20.197Z,670627.301609148,-2876-01-06T19:14:19.030Z,"[{""jd_ut"":668019.8419004316,""utc"":""-2884-11-16T08:12:20.197Z"",""motion"":""direct""},{""jd_ut"":668191.0895962196,""utc"":""-2883-05-06T14:09:01.113Z"",""motion"":""retrograde""},{""jd_ut"":668314.5019615125,""utc"":""-2883-09-07T00:02:49.475Z"",""motion"":""direct""}]",3
R7.09,R7,7,9,Sagittarius,240,670627.301609148,-2876-01-06T19:14:19.030Z,673543.1816723698,-2869-12-31T16:21:36.493Z,"[{""jd_ut"":670627.301609148,""utc"":""-2876-01-06T19:14:19.030Z"",""motion"":""direct""},{""jd_ut"":670749.7170098778,""utc"":""-2876-05-08T05:12:29.653Z"",""motion"":""retrograde""},{""jd_ut"":670922.5352901681,""utc"":""-2876-10-28T00:50:49.071Z"",""motion"":""direct""}]",3
R7.10,R7,7,10,Capricorn,270,673543.1816723698,-2869-12-31T16:21:36.493Z,676172.722834636,-2861-03-14T05:20:52.913Z,"[{""jd_ut"":673543.1816723698,""utc"":""-2869-12-31T16:21:36.493Z"",""motion"":""direct""},{""jd_ut"":673757.3983201561,""utc"":""-2868-08-01T21:33:34.861Z"",""motion"":""retrograde""},{""jd_ut"":673832.2212372895,""utc"":""-2868-10-15T17:18:34.902Z"",""motion"":""direct""}]",3
R7.11,R7,7,11,Aquarius,300,676172.722834636,-2861-03-14T05:20:52.913Z,679082.3394996496,-2853-03-01T20:08:52.770Z,"[{""jd_ut"":676172.722834636,""utc"":""-2861-03-14T05:20:52.913Z"",""motion"":""direct""},{""jd_ut"":676283.0820816255,""utc"":""-2861-07-02T13:58:11.852Z"",""motion"":""retrograde""},{""jd_ut"":676466.1002955073,""utc"":""-2860-01-01T14:24:25.532Z"",""motion"":""direct""}]",3
R7.12,R7,7,12,Pisces,330,679082.3394996496,-2853-03-01T20:08:52.770Z,681680.0910379798,-2846-04-11T14:11:05.681Z,"[{""jd_ut"":679082.3394996496,""utc"":""-2853-03-01T20:08:52.770Z"",""motion"":""direct""},{""jd_ut"":679298.7701878531,""utc"":""-2853-10-04T06:29:04.231Z"",""motion"":""retrograde""},{""jd_ut"":679367.9506860874,""utc"":""-2853-12-12T10:48:59.278Z"",""motion"":""direct""}]",3
R8.01,R8,8,1,Aries,0,681680.0910379798,-2846-04-11T14:11:05.681Z,684255.010215482,-2839-04-29T12:14:42.618Z,"[{""jd_ut"":681680.0910379798,""utc"":""-2846-04-11T14:11:05.681Z"",""motion"":""direct""},{""jd_ut"":681867.3534799356,""utc"":""-2846-10-15T20:29:00.666Z"",""motion"":""retrograde""},{""jd_ut"":681970.3433383198,""utc"":""-2845-01-26T20:14:24.431Z"",""motion"":""direct""}]",3
R8.02,R8,8,2,Taurus,30,684255.010215482,-2839-04-29T12:14:42.618Z,686517.0934778336,-2833-07-09T14:14:36.485Z,"[{""jd_ut"":684255.010215482,""utc"":""-2839-04-29T12:14:42.618Z"",""motion"":""direct""},{""jd_ut"":684483.2111439821,""utc"":""-2839-12-13T17:04:02.840Z"",""motion"":""retrograde""},{""jd_ut"":684530.1362086916,""utc"":""-2838-01-29T15:16:08.431Z"",""motion"":""direct""}]",3
R8.03,R8,8,3,Gemini,60,686517.0934778336,-2833-07-09T14:14:36.485Z,689052.8374920934,-2826-06-18T08:05:59.317Z,"[{""jd_ut"":686517.0934778336,""utc"":""-2833-07-09T14:14:36.485Z"",""motion"":""direct""},{""jd_ut"":686639.102289282,""utc"":""-2833-11-08T14:27:17.794Z"",""motion"":""retrograde""},{""jd_ut"":686806.8080984931,""utc"":""-2832-04-24T07:23:39.710Z"",""motion"":""direct""}]",3
R8.04,R8,8,4,Cancer,90,689052.8374920934,-2826-06-18T08:05:59.317Z,691293.6545097167,-2820-08-06T03:42:29.640Z,"[{""jd_ut"":689052.8374920934,""utc"":""-2826-06-18T08:05:59.317Z"",""motion"":""direct""}]",1
R8.05,R8,8,5,Leo,120,691293.6545097167,-2820-08-06T03:42:29.640Z,693544.0370806884,-2814-10-04T12:53:23.771Z,"[{""jd_ut"":691293.6545097167,""utc"":""-2820-08-06T03:42:29.640Z"",""motion"":""direct""},{""jd_ut"":691498.3730128892,""utc"":""-2819-02-26T20:57:08.314Z"",""motion"":""retrograde""},{""jd_ut"":691575.9731590252,""utc"":""-2819-05-15T11:21:20.940Z"",""motion"":""direct""}]",3
R8.06,R8,8,6,Virgo,150,693544.0370806884,-2814-10-04T12:53:23.771Z,696100.0076811702,-2807-10-03T12:11:03.653Z,"[{""jd_ut"":693544.0370806884,""utc"":""-2814-10-04T12:53:23.771Z"",""motion"":""direct""},{""jd_ut"":693673.468485727,""utc"":""-2813-02-10T23:14:37.167Z"",""motion"":""retrograde""},{""jd_ut"":693835.8398378685,""utc"":""-2813-07-23T08:09:21.992Z"",""motion"":""direct""}]",3
R8.07,R8,8,7,Libra,180,696100.0076811702,-2807-10-03T12:11:03.653Z,698682.5310634526,-2800-10-29T00:44:43.882Z,"[{""jd_ut"":696100.0076811702,""utc"":""-2807-10-03T12:11:03.653Z"",""motion"":""direct""},{""jd_ut"":696310.2207466583,""utc"":""-2806-05-01T17:17:52.511Z"",""motion"":""retrograde""},{""jd_ut"":696385.1381369121,""utc"":""-2806-07-15T15:18:55.029Z"",""motion"":""direct""}]",3
R8.08,R8,8,8,Scorpio,210,698682.5310634526,-2800-10-29T00:44:43.882Z,701286.6109945893,-2793-12-16T02:39:49.933Z,"[{""jd_ut"":698682.5310634526,""utc"":""-2800-10-29T00:44:43.882Z"",""motion"":""direct""},{""jd_ut"":698906.0703341195,""utc"":""-2799-06-09T13:41:16.868Z"",""motion"":""retrograde""},{""jd_ut"":698965.7049028734,""utc"":""-2799-08-08T04:55:03.608Z"",""motion"":""direct""}]",3
R8.09,R8,8,9,Sagittarius,240,701286.6109945893,-2793-12-16T02:39:49.933Z,703921.0576259443,-2785-03-03T13:22:58.882Z,"[{""jd_ut"":701286.6109945893,""utc"":""-2793-12-16T02:39:49.933Z"",""motion"":""direct""},{""jd_ut"":701458.9190829131,""utc"":""-2792-06-05T10:03:28.764Z"",""motion"":""retrograde""},{""jd_ut"":701582.4429630723,""utc"":""-2792-10-06T22:37:52.009Z"",""motion"":""direct""}]",3
R8.10,R8,8,10,Capricorn,270,703921.0576259443,-2785-03-03T13:22:58.882Z,706831.8150562418,-2777-02-20T07:33:40.859Z,"[{""jd_ut"":703921.0576259443,""utc"":""-2785-03-03T13:22:58.882Z"",""motion"":""direct""},{""jd_ut"":703987.1033677964,""utc"":""-2785-05-08T14:28:50.978Z"",""motion"":""retrograde""},{""jd_ut"":704206.2254442377,""utc"":""-2785-12-13T17:24:38.382Z"",""motion"":""direct""}]",3
R8.11,R8,8,11,Aquarius,300,706831.8150562418,-2777-02-20T07:33:40.859Z,709465.1138163514,-2770-05-07T14:43:53.733Z,"[{""jd_ut"":706831.8150562418,""utc"":""-2777-02-20T07:33:40.859Z"",""motion"":""direct""},{""jd_ut"":706990.244857735,""utc"":""-2777-07-28T17:52:35.708Z"",""motion"":""retrograde""},{""jd_ut"":707128.0328172827,""utc"":""-2777-12-13T12:47:15.413Z"",""motion"":""direct""}]",3
R8.12,R8,8,12,Pisces,330,709465.1138163514,-2770-05-07T14:43:53.733Z,712345.1962920101,-2762-03-26T16:42:39.630Z,"[{""jd_ut"":709465.1138163514,""utc"":""-2770-05-07T14:43:53.733Z"",""motion"":""direct""},{""jd_ut"":709523.8637453115,""utc"":""-2770-07-05T08:43:47.595Z"",""motion"":""retrograde""},{""jd_ut"":709746.4449216505,""utc"":""-2769-02-12T22:40:41.231Z"",""motion"":""direct""}]",3
R9.01,R9,9,1,Aries,0,712345.1962920101,-2762-03-26T16:42:39.630Z,714644.0184922493,-2756-07-11T12:26:37.730Z,"[{""jd_ut"":712345.1962920101,""utc"":""-2762-03-26T16:42:39.630Z"",""motion"":""direct""},{""jd_ut"":712581.7898463381,""utc"":""-2762-11-18T06:57:22.724Z"",""motion"":""retrograde""},{""jd_ut"":712619.6634298165,""utc"":""-2762-12-26T03:55:20.336Z"",""motion"":""direct""}]",3
R9.02,R9,9,2,Taurus,30,714644.0184922493,-2756-07-11T12:26:37.730Z,717180.9735865395,-2749-06-22T11:21:57.877Z,"[{""jd_ut"":714644.0184922493,""utc"":""-2756-07-11T12:26:37.730Z"",""motion"":""direct""},{""jd_ut"":714694.359602761,""utc"":""-2756-08-30T20:37:49.679Z"",""motion"":""retrograde""},{""jd_ut"":714920.6571969767,""utc"":""-2755-04-14T03:46:21.819Z"",""motion"":""direct""}]",3
R9.03,R9,9,3,Gemini,60,717180.9735865395,-2749-06-22T11:21:57.877Z,719433.2937557832,-2743-08-21T19:03:00.500Z,"[{""jd_ut"":717180.9735865395,""utc"":""-2749-06-22T11:21:57.877Z"",""motion"":""direct""},{""jd_ut"":717341.3892917994,""utc"":""-2749-11-29T21:20:34.811Z"",""motion"":""retrograde""},{""jd_ut"":717470.9092029568,""utc"":""-2748-04-07T09:49:15.135Z"",""motion"":""direct""}]",3
R9.04,R9,9,4,Cancer,90,719433.2937557832,-2743-08-21T19:03:00.500Z,721959.71019023,-2736-07-22T05:02:40.436Z,"[{""jd_ut"":719433.2937557832,""utc"":""-2743-08-21T19:03:00.500Z"",""motion"":""direct""},{""jd_ut"":719524.4291790952,""utc"":""-2743-11-20T22:18:01.074Z"",""motion"":""retrograde""},{""jd_ut"":719719.1179889385,""utc"":""-2742-06-03T14:49:54.244Z"",""motion"":""direct""}]",3
R9.05,R9,9,5,Leo,120,721959.71019023,-2736-07-22T05:02:40.436Z,724207.4153909213,-2730-09-16T21:58:09.776Z,"[{""jd_ut"":721959.71019023,""utc"":""-2736-07-22T05:02:40.436Z"",""motion"":""direct""}]",1
R9.06,R9,9,6,Virgo,150,724207.4153909213,-2730-09-16T21:58:09.776Z,726499.3844265002,-2724-12-25T21:13:34.450Z,"[{""jd_ut"":724207.4153909213,""utc"":""-2730-09-16T21:58:09.776Z"",""motion"":""direct""},{""jd_ut"":724378.5958506311,""utc"":""-2729-03-07T02:18:01.495Z"",""motion"":""retrograde""},{""jd_ut"":724497.8767623708,""utc"":""-2729-07-04T09:02:32.269Z"",""motion"":""direct""}]",3
R9.07,R9,9,7,Libra,180,726499.3844265002,-2724-12-25T21:13:34.450Z,729061.9243929153,-2716-01-01T10:11:07.548Z,"[{""jd_ut"":726499.3844265002,""utc"":""-2724-12-25T21:13:34.450Z"",""motion"":""direct""},{""jd_ut"":726514.0943191648,""utc"":""-2723-01-09T14:15:49.176Z"",""motion"":""retrograde""},{""jd_ut"":726764.9537848381,""utc"":""-2723-09-17T10:53:27.010Z"",""motion"":""direct""}]",3
R9.08,R9,9,8,Scorpio,210,729061.9243929153,-2716-01-01T10:11:07.548Z,731949.3068804368,-2709-11-27T19:21:54.470Z,"[{""jd_ut"":729061.9243929153,""utc"":""-2716-01-01T10:11:07.548Z"",""motion"":""direct""},{""jd_ut"":729127.1470249505,""utc"":""-2716-03-06T15:31:42.956Z"",""motion"":""retrograde""},{""jd_ut"":729346.3028990517,""utc"":""-2716-10-11T19:16:10.478Z"",""motion"":""direct""}]",3
R9.09,R9,9,9,Sagittarius,240,731949.3068804368,-2709-11-27T19:21:54.470Z,734572.3519933957,-2701-02-01T20:26:52.229Z,"[{""jd_ut"":731949.3068804368,""utc"":""-2709-11-27T19:21:54.470Z"",""motion"":""direct""},{""jd_ut"":732172.6003055295,""utc"":""-2708-07-08T02:24:26.398Z"",""motion"":""retrograde""},{""jd_ut"":732234.809483238,""utc"":""-2708-09-08T07:25:39.352Z"",""motion"":""direct""}]",3
R9.10,R9,9,10,Capricorn,270,734572.3519933957,-2701-02-01T20:26:52.229Z,737493.4960437973,-2693-02-01T23:54:18.184Z,"[{""jd_ut"":734572.3519933957,""utc"":""-2701-02-01T20:26:52.229Z"",""motion"":""direct""},{""jd_ut"":734701.4671922971,""utc"":""-2701-06-10T23:12:45.414Z"",""motion"":""retrograde""},{""jd_ut"":734868.2223855159,""utc"":""-2701-11-24T17:20:14.109Z"",""motion"":""direct""}]",3
R9.11,R9,9,11,Aquarius,300,737493.4960437973,-2693-02-01T23:54:18.184Z,740115.7205646583,-2686-04-08T05:17:36.786Z,"[{""jd_ut"":737493.4960437973,""utc"":""-2693-02-01T23:54:18.184Z"",""motion"":""direct""},{""jd_ut"":737700.068972154,""utc"":""-2693-08-27T13:39:19.194Z"",""motion"":""retrograde""},{""jd_ut"":737784.2152611986,""utc"":""-2693-11-19T17:09:58.568Z"",""motion"":""direct""}]",3
R9.12,R9,9,12,Pisces,330,740115.7205646583,-2686-04-08T05:17:36.786Z,742723.6566200345,-2679-05-29T03:45:31.971Z,"[{""jd_ut"":740115.7205646583,""utc"":""-2686-04-08T05:17:36.786Z"",""motion"":""direct""},{""jd_ut"":740237.8117101444,""utc"":""-2686-08-08T07:28:51.756Z"",""motion"":""retrograde""},{""jd_ut"":740409.1228377847,""utc"":""-2685-01-26T14:56:53.185Z"",""motion"":""direct""}]",3
R10.01,R10,10,1,Aries,0,742723.6566200345,-2679-05-29T03:45:31.971Z,745295.4127760632,-2672-06-12T21:54:23.852Z,"[{""jd_ut"":742723.6566200345,""utc"":""-2679-05-29T03:45:31.971Z"",""motion"":""direct""},{""jd_ut"":742801.8252679466,""utc"":""-2679-08-15T07:48:23.151Z"",""motion"":""retrograde""},{""jd_ut"":743009.033315663,""utc"":""-2678-03-10T12:47:58.473Z"",""motion"":""direct""}]",3
R10.02,R10,10,2,Taurus,30,745295.4127760632,-2672-06-12T21:54:23.852Z,747845.7861111355,-2665-06-07T06:52:00.002Z,"[{""jd_ut"":745295.4127760632,""utc"":""-2672-06-12T21:54:23.852Z"",""motion"":""direct""},{""jd_ut"":745407.0404725296,""utc"":""-2672-10-02T12:58:16.827Z"",""motion"":""retrograde""},{""jd_ut"":745584.990038712,""utc"":""-2671-03-29T11:45:39.345Z"",""motion"":""direct""}]",3
R10.03,R10,10,3,Gemini,60,747845.7861111355,-2665-06-07T06:52:00.002Z,750093.798326466,-2659-08-02T07:09:35.407Z,"[{""jd_ut"":747845.7861111355,""utc"":""-2665-06-07T06:52:00.002Z"",""motion"":""direct""},{""jd_ut"":748047.8519141863,""utc"":""-2665-12-26T08:26:45.386Z"",""motion"":""retrograde""},{""jd_ut"":748129.010555292,""utc"":""-2664-03-16T12:15:11.977Z"",""motion"":""direct""}]",3
R10.04,R10,10,4,Cancer,90,750093.798326466,-2659-08-02T07:09:35.407Z,752343.036607625,-2653-09-29T12:52:42.899Z,"[{""jd_ut"":750093.798326466,""utc"":""-2659-08-02T07:09:35.407Z"",""motion"":""direct""},{""jd_ut"":750229.3641063671,""utc"":""-2659-12-15T20:44:18.790Z"",""motion"":""retrograde""},{""jd_ut"":750383.7887759244,""utc"":""-2658-05-19T06:55:50.240Z"",""motion"":""direct""}]",3
R10.05,R10,10,5,Leo,120,752343.036607625,-2653-09-29T12:52:42.899Z,754872.9024436348,-2646-09-02T09:39:31.130Z,"[{""jd_ut"":752343.036607625,""utc"":""-2653-09-29T12:52:42.899Z"",""motion"":""direct""},{""jd_ut"":752417.1939460908,""utc"":""-2653-12-12T16:39:16.942Z"",""motion"":""retrograde""},{""jd_ut"":752626.3326630597,""utc"":""-2652-07-08T19:59:02.088Z"",""motion"":""direct""}]",3
R10.06,R10,10,6,Virgo,150,754872.9024436348,-2646-09-02T09:39:31.130Z,757139.9929733672,-2640-11-16T11:49:52.899Z,"[{""jd_ut"":754872.9024436348,""utc"":""-2646-09-02T09:39:31.130Z"",""motion"":""direct""},{""jd_ut"":755088.494945324,""utc"":""-2645-04-05T23:52:43.276Z"",""motion"":""retrograde""},{""jd_ut"":755153.0282843991,""utc"":""-2645-06-09T12:40:43.772Z"",""motion"":""direct""}]",3
R10.07,R10,10,7,Libra,180,757139.9929733672,-2640-11-16T11:49:52.899Z,759716.2709836322,-2633-12-06T18:30:12.986Z,"[{""jd_ut"":757139.9929733672,""utc"":""-2640-11-16T11:49:52.899Z"",""motion"":""direct""},{""jd_ut"":757238.5200773063,""utc"":""-2639-02-23T00:28:54.679Z"",""motion"":""retrograde""},{""jd_ut"":757430.2076284008,""utc"":""-2639-09-02T16:58:59.094Z"",""motion"":""direct""}]",3
R10.08,R10,10,8,Scorpio,210,759716.2709836322,-2633-12-06T18:30:12.986Z,762326.0576101663,-2625-01-28T13:22:57.518Z,"[{""jd_ut"":759716.2709836322,""utc"":""-2633-12-06T18:30:12.986Z"",""motion"":""direct""},{""jd_ut"":759838.6287884174,""utc"":""-2632-04-07T03:05:27.319Z"",""motion"":""retrograde""},{""jd_ut"":760010.4171352515,""utc"":""-2632-09-25T22:00:40.486Z"",""motion"":""direct""}]",3
R10.09,R10,10,9,Sagittarius,240,762326.0576101663,-2625-01-28T13:22:57.518Z,765232.6650796921,-2617-01-13T03:57:42.885Z,"[{""jd_ut"":762326.0576101663,""utc"":""-2625-01-28T13:22:57.518Z"",""motion"":""direct""},{""jd_ut"":762398.54648635,""utc"":""-2625-04-11T01:06:56.421Z"",""motion"":""retrograde""},{""jd_ut"":762612.9986789641,""utc"":""-2625-11-11T11:58:05.862Z"",""motion"":""direct""}]",3
R10.10,R10,10,10,Capricorn,270,765232.6650796921,-2617-01-13T03:57:42.885Z,767875.8651271244,-2610-04-09T08:45:46.984Z,"[{""jd_ut"":765232.6650796921,""utc"":""-2617-01-13T03:57:42.885Z"",""motion"":""direct""},{""jd_ut"":765409.3987402224,""utc"":""-2617-07-08T21:34:11.155Z"",""motion"":""retrograde""},{""jd_ut"":765528.429782033,""utc"":""-2617-11-04T22:18:53.168Z"",""motion"":""direct""}]",3
R10.11,R10,10,11,Aquarius,300,767875.8651271244,-2610-04-09T08:45:46.984Z,770775.5931428291,-2602-03-18T02:14:07.540Z,"[{""jd_ut"":767875.8651271244,""utc"":""-2610-04-09T08:45:46.984Z"",""motion"":""direct""},{""jd_ut"":767928.4661687834,""utc"":""-2610-05-31T23:11:16.983Z"",""motion"":""retrograde""},{""jd_ut"":768156.6819857694,""utc"":""-2609-01-15T04:22:03.570Z"",""motion"":""direct""}]",3
R10.12,R10,10,12,Pisces,330,770775.5931428291,-2602-03-18T02:14:07.540Z,773379.6392373978,-2595-05-05T03:20:30.111Z,"[{""jd_ut"":770775.5931428291,""utc"":""-2602-03-18T02:14:07.540Z"",""motion"":""direct""},{""jd_ut"":770944.7788155484,""utc"":""-2602-09-03T06:41:29.663Z"",""motion"":""retrograde""},{""jd_ut"":771069.9260159794,""utc"":""-2601-01-06T10:13:27.781Z"",""motion"":""direct""}]",3
R11.01,R11,11,1,Aries,0,773379.6392373978,-2595-05-05T03:20:30.111Z,775955.7357240627,-2588-05-24T05:39:26.559Z,"[{""jd_ut"":773379.6392373978,""utc"":""-2595-05-05T03:20:30.111Z"",""motion"":""direct""},{""jd_ut"":773510.4464091358,""utc"":""-2595-09-12T22:42:49.749Z"",""motion"":""retrograde""},{""jd_ut"":773672.4365742132,""utc"":""-2594-02-21T22:28:40.012Z"",""motion"":""direct""}]",3
R11.02,R11,11,2,Taurus,30,775955.7357240627,-2588-05-24T05:39:26.559Z,778510.6872084353,-2581-05-23T04:29:34.809Z,"[{""jd_ut"":775955.7357240627,""utc"":""-2588-05-24T05:39:26.559Z"",""motion"":""direct""},{""jd_ut"":776112.8704306267,""utc"":""-2588-10-28T08:53:25.206Z"",""motion"":""retrograde""},{""jd_ut"":776246.9773937736,""utc"":""-2587-03-11T11:27:26.822Z"",""motion"":""direct""}]",3
R11.03,R11,11,3,Gemini,60,778510.6872084353,-2581-05-23T04:29:34.809Z,780756.940589023,-2575-07-16T10:34:26.892Z,"[{""jd_ut"":778510.6872084353,""utc"":""-2581-05-23T04:29:34.809Z"",""motion"":""direct""}]",1
R11.04,R11,11,4,Cancer,90,780756.940589023,-2575-07-16T10:34:26.892Z,783000.015577374,-2569-09-06T12:22:25.885Z,"[{""jd_ut"":780756.940589023,""utc"":""-2575-07-16T10:34:26.892Z"",""motion"":""direct""},{""jd_ut"":780935.0561468035,""utc"":""-2574-01-10T13:20:51.084Z"",""motion"":""retrograde""},{""jd_ut"":781044.2775146172,""utc"":""-2574-04-29T18:39:37.263Z"",""motion"":""direct""}]",3
R11.05,R11,11,5,Leo,120,783000.015577374,-2569-09-06T12:22:25.885Z,785274.1629218748,-2563-11-27T15:54:36.450Z,"[{""jd_ut"":783000.015577374,""utc"":""-2569-09-06T12:22:25.885Z"",""motion"":""direct""},{""jd_ut"":783125.8596472959,""utc"":""-2568-01-10T08:37:53.526Z"",""motion"":""retrograde""},{""jd_ut"":783290.3955226652,""utc"":""-2568-06-22T21:29:33.158Z"",""motion"":""direct""}]",3
R11.06,R11,11,6,Virgo,150,785274.1629218748,-2563-11-27T15:54:36.450Z,787799.5339178988,-2556-10-27T00:48:50.506Z,"[{""jd_ut"":785274.1629218748,""utc"":""-2563-11-27T15:54:36.450Z"",""motion"":""direct""},{""jd_ut"":785287.5301916762,""utc"":""-2563-12-11T00:43:28.561Z"",""motion"":""retrograde""},{""jd_ut"":785537.8808735721,""utc"":""-2562-08-18T09:08:27.477Z"",""motion"":""direct""}]",3
R11.07,R11,11,7,Libra,180,787799.5339178988,-2556-10-27T00:48:50.506Z,790376.8339890095,-2549-11-17T08:00:56.650Z,"[{""jd_ut"":787799.5339178988,""utc"":""-2556-10-27T00:48:50.506Z"",""motion"":""direct""},{""jd_ut"":787946.0046608166,""utc"":""-2555-03-22T12:06:42.695Z"",""motion"":""retrograde""},{""jd_ut"":788093.208031324,""utc"":""-2555-08-16T16:59:33.906Z"",""motion"":""direct""}]",3
R11.08,R11,11,8,Scorpio,210,790376.8339890095,-2549-11-17T08:00:56.650Z,792980.000183058,-2541-01-02T12:00:15.816Z,"[{""jd_ut"":790376.8339890095,""utc"":""-2549-11-17T08:00:56.650Z"",""motion"":""direct""},{""jd_ut"":790546.7399424128,""utc"":""-2548-05-05T05:45:31.024Z"",""motion"":""retrograde""},{""jd_ut"":790671.1208218927,""utc"":""-2548-09-06T14:53:59.012Z"",""motion"":""direct""}]",3
R11.09,R11,11,9,Sagittarius,240,792980.000183058,-2541-01-02T12:00:15.816Z,795894.5661029441,-2534-12-26T01:35:11.294Z,"[{""jd_ut"":792980.000183058,""utc"":""-2541-01-02T12:00:15.816Z"",""motion"":""direct""},{""jd_ut"":793110.5933362637,""utc"":""-2541-05-13T02:14:24.253Z"",""motion"":""retrograde""},{""jd_ut"":793275.9066681236,""utc"":""-2541-10-25T09:45:36.126Z"",""motion"":""direct""}]",3
R11.10,R11,11,10,Capricorn,270,795894.5661029441,-2534-12-26T01:35:11.294Z,798523.8067124488,-2526-03-08T07:21:39.956Z,"[{""jd_ut"":795894.5661029441,""utc"":""-2534-12-26T01:35:11.294Z"",""motion"":""direct""},{""jd_ut"":796126.3449041436,""utc"":""-2533-08-14T20:16:39.718Z"",""motion"":""retrograde""},{""jd_ut"":796177.247086606,""utc"":""-2533-10-04T17:55:48.283Z"",""motion"":""direct""}]",3
R11.11,R11,11,11,Aquarius,300,798523.8067124488,-2526-03-08T07:21:39.956Z,801437.0997448785,-2518-02-27T14:23:37.958Z,"[{""jd_ut"":798523.8067124488,""utc"":""-2526-03-08T07:21:39.956Z"",""motion"":""direct""},{""jd_ut"":798645.4546083896,""utc"":""-2526-07-07T22:54:38.165Z"",""motion"":""retrograde""},{""jd_ut"":798818.7485050648,""utc"":""-2526-12-28T05:57:50.838Z"",""motion"":""direct""}]",3
R11.12,R11,11,12,Pisces,330,801437.0997448785,-2518-02-27T14:23:37.958Z,804039.4658548723,-2511-04-13T23:10:49.861Z,"[{""jd_ut"":801437.0997448785,""utc"":""-2518-02-27T14:23:37.958Z"",""motion"":""direct""},{""jd_ut"":801658.3519413602,""utc"":""-2518-10-06T20:26:47.734Z"",""motion"":""retrograde""},{""jd_ut"":801721.6145154908,""utc"":""-2518-12-09T02:44:54.138Z"",""motion"":""direct""}]",3
R12.01,R12,12,1,Aries,0,804039.4658548723,-2511-04-13T23:10:49.861Z,806617.5883059576,-2504-05-05T02:07:09.635Z,"[{""jd_ut"":804039.4658548723,""utc"":""-2511-04-13T23:10:49.861Z"",""motion"":""direct""},{""jd_ut"":804218.6981710445,""utc"":""-2511-10-10T04:45:21.978Z"",""motion"":""retrograde""},{""jd_ut"":804331.1040021221,""utc"":""-2510-01-30T14:29:45.783Z"",""motion"":""direct""}]",3
R12.02,R12,12,2,Taurus,30,806617.5883059576,-2504-05-05T02:07:09.635Z,808887.7694927433,-2498-07-24T06:28:04.173Z,"[{""jd_ut"":806617.5883059576,""utc"":""-2504-05-05T02:07:09.635Z"",""motion"":""direct""},{""jd_ut"":806823.3929824226,""utc"":""-2504-11-26T21:25:53.681Z"",""motion"":""retrograde""},{""jd_ut"":806901.6707697248,""utc"":""-2503-02-13T04:05:54.504Z"",""motion"":""direct""}]",3
R12.03,R12,12,3,Gemini,60,808887.7694927433,-2498-07-24T06:28:04.173Z,811419.8675749716,-2491-06-29T08:49:18.478Z,"[{""jd_ut"":808887.7694927433,""utc"":""-2498-07-24T06:28:04.173Z"",""motion"":""direct""},{""jd_ut"":808978.4598908881,""utc"":""-2498-10-22T23:02:14.573Z"",""motion"":""retrograde""},{""jd_ut"":809173.7584848471,""utc"":""-2497-05-06T06:12:13.091Z"",""motion"":""direct""}]",3
R12.04,R12,12,4,Cancer,90,811419.8675749716,-2491-06-29T08:49:18.478Z,813661.3251699533,-2485-08-18T19:48:14.684Z,"[{""jd_ut"":811419.8675749716,""utc"":""-2491-06-29T08:49:18.478Z"",""motion"":""direct""},{""jd_ut"":811658.15592115,""utc"":""-2490-02-22T15:44:31.587Z"",""motion"":""retrograde""},{""jd_ut"":811685.8643265609,""utc"":""-2490-03-22T08:44:37.815Z"",""motion"":""direct""}]",3
R12.05,R12,12,5,Leo,120,813661.3251699533,-2485-08-18T19:48:14.684Z,815911.6012777004,-2479-10-16T02:25:50.393Z,"[{""jd_ut"":813661.3251699533,""utc"":""-2485-08-18T19:48:14.684Z"",""motion"":""direct""},{""jd_ut"":813833.6023631599,""utc"":""-2484-02-07T02:27:24.177Z"",""motion"":""retrograde""},{""jd_ut"":813950.1958251791,""utc"":""-2484-06-02T16:41:59.295Z"",""motion"":""direct""}]",3
R12.06,R12,12,6,Virgo,150,815911.6012777004,-2479-10-16T02:25:50.393Z,818461.6181482442,-2472-10-09T02:50:08.008Z,"[{""jd_ut"":815911.6012777004,""utc"":""-2479-10-16T02:25:50.393Z"",""motion"":""direct""},{""jd_ut"":816015.7029627496,""utc"":""-2478-01-28T04:52:15.982Z"",""motion"":""retrograde""},{""jd_ut"":816200.9303030791,""utc"":""-2478-08-01T10:19:38.186Z"",""motion"":""direct""}]",3
R12.07,R12,12,7,Libra,180,818461.6181482442,-2472-10-09T02:50:08.008Z,821039.3539534083,-2465-10-30T20:29:41.574Z,"[{""jd_ut"":818461.6181482442,""utc"":""-2472-10-09T02:50:08.008Z"",""motion"":""direct""},{""jd_ut"":818655.7763751093,""utc"":""-2471-04-21T06:37:58.809Z"",""motion"":""retrograde""},{""jd_ut"":818750.5416750833,""utc"":""-2471-07-25T01:00:00.727Z"",""motion"":""direct""}]",3
R12.08,R12,12,8,Scorpio,210,821039.3539534083,-2465-10-30T20:29:41.574Z,823639.9793811219,-2458-12-13T11:30:18.529Z,"[{""jd_ut"":821039.3539534083,""utc"":""-2465-10-30T20:29:41.574Z"",""motion"":""direct""},{""jd_ut"":821261.8891920797,""utc"":""-2464-06-09T09:20:26.196Z"",""motion"":""retrograde""},{""jd_ut"":821322.2555533792,""utc"":""-2464-08-08T18:07:59.812Z"",""motion"":""direct""}]",3
R12.09,R12,12,9,Sagittarius,240,823639.9793811219,-2458-12-13T11:30:18.529Z,826266.462487895,-2450-02-20T23:05:58.954Z,"[{""jd_ut"":823639.9793811219,""utc"":""-2458-12-13T11:30:18.529Z"",""motion"":""direct""},{""jd_ut"":823820.0028445569,""utc"":""-2457-06-11T12:04:05.770Z"",""motion"":""retrograde""},{""jd_ut"":823934.9538658108,""utc"":""-2457-10-04T10:53:34.006Z"",""motion"":""direct""}]",3
R12.10,R12,12,10,Capricorn,270,826266.462487895,-2450-02-20T23:05:58.954Z,829182.7622256875,-2442-02-15T06:17:36.299Z,"[{""jd_ut"":826266.462487895,""utc"":""-2450-02-20T23:05:58.954Z"",""motion"":""direct""},{""jd_ut"":826355.5853154033,""utc"":""-2450-05-21T02:02:51.251Z"",""motion"":""retrograde""},{""jd_ut"":826556.9851423351,""utc"":""-2450-12-08T11:38:36.298Z"",""motion"":""direct""}]",3
R12.11,R12,12,11,Aquarius,300,829182.7622256875,-2442-02-15T06:17:36.299Z,831813.8852784538,-2435-04-30T09:14:48.058Z,"[{""jd_ut"":829182.7622256875,""utc"":""-2442-02-15T06:17:36.299Z"",""motion"":""direct""},{""jd_ut"":829354.0738307396,""utc"":""-2442-08-05T13:46:18.976Z"",""motion"":""retrograde""},{""jd_ut"":829478.6115402076,""utc"":""-2442-12-08T02:40:37.074Z"",""motion"":""direct""}]",3
R12.12,R12,12,12,Pisces,330,831813.8852784538,-2435-04-30T09:14:48.058Z,834702.3110180551,-2427-03-27T19:27:51.960Z,"[{""jd_ut"":831813.8852784538,""utc"":""-2435-04-30T09:14:48.058Z"",""motion"":""direct""},{""jd_ut"":831888.1472917211,""utc"":""-2435-07-13T15:32:06.005Z"",""motion"":""retrograde""},{""jd_ut"":832099.6553826565,""utc"":""-2434-02-10T03:43:45.062Z"",""motion"":""direct""}]",3
R13.01,R13,13,1,Aries,0,834702.3110180551,-2427-03-27T19:27:51.960Z,837015.1349747272,-2421-07-27T15:14:21.816Z,"[{""jd_ut"":834702.3110180551,""utc"":""-2427-03-27T19:27:51.960Z"",""motion"":""direct""},{""jd_ut"":834934.9042645076,""utc"":""-2427-11-15T09:42:08.453Z"",""motion"":""retrograde""},{""jd_ut"":834979.2763622291,""utc"":""-2427-12-29T18:37:57.697Z"",""motion"":""direct""}]",3
R13.02,R13,13,2,Taurus,30,837015.1349747272,-2421-07-27T15:14:21.816Z,839545.2925985537,-2414-06-30T19:01:20.515Z,"[{""jd_ut"":837015.1349747272,""utc"":""-2421-07-27T15:14:21.816Z"",""motion"":""direct""},{""jd_ut"":837035.2876768538,""utc"":""-2421-08-16T18:54:15.280Z"",""motion"":""retrograde""},{""jd_ut"":837280.8003730488,""utc"":""-2420-04-18T07:12:32.231Z"",""motion"":""direct""}]",3
R13.03,R13,13,3,Gemini,60,839545.2925985537,-2414-06-30T19:01:20.515Z,841804.3321213585,-2408-09-05T19:58:15.285Z,"[{""jd_ut"":839545.2925985537,""utc"":""-2414-06-30T19:01:20.515Z"",""motion"":""direct""},{""jd_ut"":839686.7524019512,""utc"":""-2414-11-19T06:03:27.529Z"",""motion"":""retrograde""},{""jd_ut"":839835.7717801994,""utc"":""-2413-04-17T06:31:21.809Z"",""motion"":""direct""}]",3
R13.04,R13,13,4,Cancer,90,841804.3321213585,-2408-09-05T19:58:15.285Z,844323.7525999029,-2401-07-31T06:03:44.632Z,"[{""jd_ut"":841804.3321213585,""utc"":""-2408-09-05T19:58:15.285Z"",""motion"":""direct""},{""jd_ut"":841864.3558931337,""utc"":""-2408-11-04T20:32:29.167Z"",""motion"":""retrograde""},{""jd_ut"":842083.2463136597,""utc"":""-2407-06-11T17:54:41.500Z"",""motion"":""direct""}]",3
R13.05,R13,13,5,Leo,120,844323.7525999029,-2401-07-31T06:03:44.632Z,846569.2554206573,-2395-09-22T18:07:48.345Z,"[{""jd_ut"":844323.7525999029,""utc"":""-2401-07-31T06:03:44.632Z"",""motion"":""direct""},{""jd_ut"":844553.7492516974,""utc"":""-2400-03-17T05:58:55.347Z"",""motion"":""retrograde""},{""jd_ut"":844595.30632722,""utc"":""-2400-04-27T19:21:06.672Z"",""motion"":""direct""}]",3
R13.06,R13,13,6,Virgo,150,846569.2554206573,-2395-09-22T18:07:48.345Z,849123.6874370622,-2388-09-20T04:29:54.562Z,"[{""jd_ut"":846569.2554206573,""utc"":""-2395-09-22T18:07:48.345Z"",""motion"":""direct""},{""jd_ut"":846726.5570076229,""utc"":""-2394-02-27T01:22:05.459Z"",""motion"":""retrograde""},{""jd_ut"":846860.5621693886,""utc"":""-2394-07-11T01:29:31.435Z"",""motion"":""direct""}]",3
R13.07,R13,13,7,Libra,180,849123.6874370622,-2388-09-20T04:29:54.562Z,851414.8562117119,-2382-12-29T08:32:56.692Z,"[{""jd_ut"":849123.6874370622,""utc"":""-2388-09-20T04:29:54.562Z"",""motion"":""direct""}]",1
R13.08,R13,13,8,Scorpio,210,851414.8562117119,-2382-12-29T08:32:56.692Z,854301.4205258177,-2374-11-23T22:05:33.431Z,"[{""jd_ut"":851414.8562117119,""utc"":""-2382-12-29T08:32:56.692Z"",""motion"":""direct""},{""jd_ut"":851487.375211,""utc"":""-2381-03-11T21:00:18.230Z"",""motion"":""retrograde""},{""jd_ut"":851700.8861913928,""utc"":""-2381-10-11T09:16:06.936Z"",""motion"":""direct""}]",3
R13.09,R13,13,9,Sagittarius,240,854301.4205258177,-2374-11-23T22:05:33.431Z,856920.3808665483,-2366-01-24T21:08:26.870Z,"[{""jd_ut"":854301.4205258177,""utc"":""-2374-11-23T22:05:33.431Z"",""motion"":""direct""},{""jd_ut"":854543.1899962693,""utc"":""-2373-07-23T16:33:35.678Z"",""motion"":""retrograde""},{""jd_ut"":854577.8877338585,""utc"":""-2373-08-27T09:18:20.205Z"",""motion"":""direct""}]",3
R13.10,R13,13,10,Capricorn,270,856920.3808665483,-2366-01-24T21:08:26.870Z,859843.7716669461,-2358-01-26T06:31:12.024Z,"[{""jd_ut"":856920.3808665483,""utc"":""-2366-01-24T21:08:26.870Z"",""motion"":""direct""},{""jd_ut"":857068.5143551761,""utc"":""-2366-06-22T00:20:40.287Z"",""motion"":""retrograde""},{""jd_ut"":857217.1496121057,""utc"":""-2366-11-17T15:35:26.486Z"",""motion"":""direct""}]",3
R13.11,R13,13,11,Aquarius,300,859843.7716669461,-2358-01-26T06:31:12.024Z,862466.1403427266,-2351-04-01T15:22:05.612Z,"[{""jd_ut"":859843.7716669461,""utc"":""-2358-01-26T06:31:12.024Z"",""motion"":""direct""},{""jd_ut"":860069.7805475206,""utc"":""-2358-09-09T06:43:59.306Z"",""motion"":""retrograde""},{""jd_ut"":860128.6642738814,""utc"":""-2358-11-07T03:56:33.263Z"",""motion"":""direct""}]",3
R13.12,R13,13,12,Pisces,330,862466.1403427266,-2351-04-01T15:22:05.612Z,865078.2692583608,-2344-05-26T18:27:43.922Z,"[{""jd_ut"":862466.1403427266,""utc"":""-2351-04-01T15:22:05.612Z"",""motion"":""direct""},{""jd_ut"":862601.118527936,""utc"":""-2351-08-14T14:50:40.814Z"",""motion"":""retrograde""},{""jd_ut"":862760.8827377546,""utc"":""-2350-01-21T09:11:08.542Z"",""motion"":""direct""}]",3
R14.01,R14,14,1,Aries,0,865078.2692583608,-2344-05-26T18:27:43.922Z,867654.4127594768,-2337-06-15T21:54:22.419Z,"[{""jd_ut"":865078.2692583608,""utc"":""-2344-05-26T18:27:43.922Z"",""motion"":""direct""},{""jd_ut"":865159.9717761693,""utc"":""-2344-08-16T11:19:21.461Z"",""motion"":""retrograde""},{""jd_ut"":865364.5051741351,""utc"":""-2343-03-09T00:07:27.045Z"",""motion"":""direct""}]",3
R14.02,R14,14,2,Taurus,30,867654.4127594768,-2337-06-15T21:54:22.419Z,870206.7488450857,-2330-06-11T05:58:20.215Z,"[{""jd_ut"":867654.4127594768,""utc"":""-2337-06-15T21:54:22.419Z"",""motion"":""direct""},{""jd_ut"":867760.131107013,""utc"":""-2337-09-29T15:08:47.646Z"",""motion"":""retrograde""},{""jd_ut"":867943.5462183976,""utc"":""-2336-03-31T01:06:33.270Z"",""motion"":""direct""}]",3
R14.03,R14,14,3,Gemini,60,870206.7488450857,-2330-06-11T05:58:20.215Z,872456.1258494228,-2324-08-07T15:01:13.390Z,"[{""jd_ut"":870206.7488450857,""utc"":""-2330-06-11T05:58:20.215Z"",""motion"":""direct""},{""jd_ut"":870395.4763122916,""utc"":""-2330-12-16T23:25:53.382Z"",""motion"":""retrograde""},{""jd_ut"":870493.0063624966,""utc"":""-2329-03-24T12:09:09.720Z"",""motion"":""direct""}]",3
R14.04,R14,14,4,Cancer,90,872456.1258494228,-2324-08-07T15:01:13.390Z,874709.766413773,-2318-10-09T06:23:38.150Z,"[{""jd_ut"":872456.1258494228,""utc"":""-2324-08-07T15:01:13.390Z"",""motion"":""direct""},{""jd_ut"":872578.0294190818,""utc"":""-2324-12-07T12:42:21.809Z"",""motion"":""retrograde""},{""jd_ut"":872745.5073253165,""utc"":""-2323-05-24T00:10:32.907Z"",""motion"":""direct""}]",3
R14.05,R14,14,5,Leo,120,874709.766413773,-2318-10-09T06:23:38.150Z,877230.8248129701,-2311-09-03T07:47:43.841Z,"[{""jd_ut"":874709.766413773,""utc"":""-2318-10-09T06:23:38.150Z"",""motion"":""direct""},{""jd_ut"":874762.2183148849,""utc"":""-2318-11-30T17:14:22.406Z"",""motion"":""retrograde""},{""jd_ut"":874987.099336701,""utc"":""-2317-07-13T14:23:02.691Z"",""motion"":""direct""}]",3
R14.06,R14,14,6,Virgo,150,877230.8248129701,-2311-09-03T07:47:43.841Z,879494.967920457,-2305-11-15T11:13:48.327Z,"[{""jd_ut"":877230.8248129701,""utc"":""-2311-09-03T07:47:43.841Z"",""motion"":""direct""},{""jd_ut"":877441.054909534,""utc"":""-2310-04-01T13:19:04.184Z"",""motion"":""retrograde""},{""jd_ut"":877512.5082138241,""utc"":""-2310-06-12T00:11:49.674Z"",""motion"":""direct""}]",3
R14.07,R14,14,7,Libra,180,879494.967920457,-2305-11-15T11:13:48.327Z,882066.4966259119,-2298-11-30T23:55:08.479Z,"[{""jd_ut"":879494.967920457,""utc"":""-2305-11-15T11:13:48.327Z"",""motion"":""direct""},{""jd_ut"":879596.5851807646,""utc"":""-2304-02-25T02:02:39.618Z"",""motion"":""retrograde""},{""jd_ut"":879785.4442664273,""utc"":""-2304-08-31T22:39:44.619Z"",""motion"":""direct""}]",3
R14.08,R14,14,8,Scorpio,210,882066.4966259119,-2298-11-30T23:55:08.479Z,884670.3075880087,-2290-01-16T19:22:55.604Z,"[{""jd_ut"":882066.4966259119,""utc"":""-2298-11-30T23:55:08.479Z"",""motion"":""direct""},{""jd_ut"":882203.0176674994,""utc"":""-2297-04-16T12:25:26.472Z"",""motion"":""retrograde""},{""jd_ut"":882361.3447972746,""utc"":""-2297-09-21T20:16:30.485Z"",""motion"":""direct""}]",3
R14.09,R14,14,9,Sagittarius,240,884670.3075880087,-2290-01-16T19:22:55.604Z,887579.9842042769,-2282-01-04T11:37:15.250Z,"[{""jd_ut"":884670.3075880087,""utc"":""-2290-01-16T19:22:55.604Z"",""motion"":""direct""},{""jd_ut"":884768.7410582537,""utc"":""-2290-04-25T05:47:07.433Z"",""motion"":""retrograde""},{""jd_ut"":884962.494598526,""utc"":""-2290-11-04T23:52:13.313Z"",""motion"":""direct""}]",3
R14.10,R14,14,10,Capricorn,270,887579.9842042769,-2282-01-04T11:37:15.250Z,890215.9016067744,-2275-03-24T09:38:18.825Z,"[{""jd_ut"":887579.9842042769,""utc"":""-2282-01-04T11:37:15.250Z"",""motion"":""direct""},{""jd_ut"":887780.7415391144,""utc"":""-2282-07-24T05:47:48.979Z"",""motion"":""retrograde""},{""jd_ut"":887872.4523657844,""utc"":""-2282-10-23T22:51:24.404Z"",""motion"":""direct""}]",3
R14.11,R14,14,11,Aquarius,300,890215.9016067744,-2275-03-24T09:38:18.825Z,893126.2297197252,-2267-03-12T17:30:47.784Z,"[{""jd_ut"":890215.9016067744,""utc"":""-2275-03-24T09:38:18.825Z"",""motion"":""direct""},{""jd_ut"":890302.4697639835,""utc"":""-2275-06-18T23:16:27.608Z"",""motion"":""retrograde""},{""jd_ut"":890505.5538751588,""utc"":""-2274-01-08T01:17:34.814Z"",""motion"":""direct""}]",3
R14.12,R14,14,12,Pisces,330,893126.2297197252,-2267-03-12T17:30:47.784Z,895734.1474509789,-2260-05-02T15:32:19.765Z,"[{""jd_ut"":893126.2297197252,""utc"":""-2267-03-12T17:30:47.784Z"",""motion"":""direct""},{""jd_ut"":893309.2673582288,""utc"":""-2267-09-11T18:24:59.751Z"",""motion"":""retrograde""},{""jd_ut"":893419.8265449118,""utc"":""-2267-12-31T07:50:13.480Z"",""motion"":""direct""}]",3
R15.01,R15,15,1,Aries,0,895734.1474509789,-2260-05-02T15:32:19.765Z,898314.386474557,-2253-05-26T21:16:31.402Z,"[{""jd_ut"":895734.1474509789,""utc"":""-2260-05-02T15:32:19.765Z"",""motion"":""direct""},{""jd_ut"":895868.9622216853,""utc"":""-2260-09-14T11:05:35.954Z"",""motion"":""retrograde""},{""jd_ut"":896027.2914186779,""utc"":""-2259-02-19T18:59:38.574Z"",""motion"":""direct""}]",3
R15.02,R15,15,2,Taurus,30,898314.386474557,-2253-05-26T21:16:31.402Z,900871.6292439695,-2246-05-27T03:06:06.679Z,"[{""jd_ut"":898314.386474557,""utc"":""-2253-05-26T21:16:31.402Z"",""motion"":""direct""},{""jd_ut"":898465.7741558482,""utc"":""-2253-10-25T06:34:47.065Z"",""motion"":""retrograde""},{""jd_ut"":898606.2283580038,""utc"":""-2252-03-13T17:28:50.132Z"",""motion"":""direct""}]",3
R15.03,R15,15,3,Gemini,60,900871.6292439695,-2246-05-27T03:06:06.679Z,903118.6082590965,-2240-07-21T02:35:53.586Z,"[{""jd_ut"":900871.6292439695,""utc"":""-2246-05-27T03:06:06.679Z"",""motion"":""direct""}]",1
R15.04,R15,15,4,Cancer,90,903118.6082590965,-2240-07-21T02:35:53.586Z,905361.7773429656,-2234-09-11T06:39:22.432Z,"[{""jd_ut"":903118.6082590965,""utc"":""-2240-07-21T02:35:53.586Z"",""motion"":""direct""},{""jd_ut"":903282.8804951955,""utc"":""-2239-01-01T09:07:54.785Z"",""motion"":""retrograde""},{""jd_ut"":903407.6190359541,""utc"":""-2239-05-06T02:51:24.706Z"",""motion"":""direct""}]",3
R15.05,R15,15,5,Leo,120,905361.7773429656,-2234-09-11T06:39:22.432Z,907894.7567668133,-2227-08-18T06:09:44.653Z,"[{""jd_ut"":905361.7773429656,""utc"":""-2234-09-11T06:39:22.432Z"",""motion"":""direct""},{""jd_ut"":905475.5576060328,""utc"":""-2233-01-03T01:22:57.161Z"",""motion"":""retrograde""},{""jd_ut"":905650.8899322515,""utc"":""-2233-06-27T09:21:30.147Z"",""motion"":""direct""}]",3
R15.06,R15,15,6,Virgo,150,907894.7567668133,-2227-08-18T06:09:44.653Z,910152.9939584364,-2221-10-24T11:51:18.009Z,"[{""jd_ut"":907894.7567668133,""utc"":""-2227-08-18T06:09:44.653Z"",""motion"":""direct""}]",1
R15.07,R15,15,7,Libra,180,910152.9939584364,-2221-10-24T11:51:18.009Z,912725.8339577008,-2214-11-09T08:00:53.945Z,"[{""jd_ut"":910152.9939584364,""utc"":""-2221-10-24T11:51:18.009Z"",""motion"":""direct""},{""jd_ut"":910306.6815779412,""utc"":""-2220-03-26T04:21:28.334Z"",""motion"":""retrograde""},{""jd_ut"":910446.1108949443,""utc"":""-2220-08-12T14:39:41.323Z"",""motion"":""direct""}]",3
R15.08,R15,15,8,Scorpio,210,912725.8339577008,-2214-11-09T08:00:53.945Z,915325.5671181504,-2207-12-22T01:36:39.008Z,"[{""jd_ut"":912725.8339577008,""utc"":""-2214-11-09T08:00:53.945Z"",""motion"":""direct""},{""jd_ut"":912915.3583113872,""utc"":""-2213-05-17T20:35:58.104Z"",""motion"":""retrograde""},{""jd_ut"":913017.4900159691,""utc"":""-2213-08-27T23:45:37.380Z"",""motion"":""direct""}]",3
R15.09,R15,15,9,Sagittarius,240,915325.5671181504,-2207-12-22T01:36:39.008Z,917958.5556721669,-2199-03-09T01:20:10.075Z,"[{""jd_ut"":915325.5671181504,""utc"":""-2207-12-22T01:36:39.008Z"",""motion"":""direct""},{""jd_ut"":915481.4802323976,""utc"":""-2206-05-26T23:31:32.079Z"",""motion"":""retrograde""},{""jd_ut"":915621.9384639284,""utc"":""-2206-10-14T10:31:23.283Z"",""motion"":""direct""}]",3
R15.10,R15,15,10,Capricorn,270,917958.5556721669,-2199-03-09T01:20:10.075Z,920868.9895867461,-2191-02-25T11:45:00.295Z,"[{""jd_ut"":917958.5556721669,""utc"":""-2199-03-09T01:20:10.075Z"",""motion"":""direct""},{""jd_ut"":918013.3293716712,""utc"":""-2199-05-02T19:54:17.712Z"",""motion"":""retrograde""},{""jd_ut"":918240.6785010921,""utc"":""-2199-12-16T04:17:02.494Z"",""motion"":""direct""}]",3
R15.11,R15,15,11,Aquarius,300,920868.9895867461,-2191-02-25T11:45:00.295Z,923787.6679351691,-2183-02-22T04:01:49.599Z,"[{""jd_ut"":920868.9895867461,""utc"":""-2191-02-25T11:45:00.295Z"",""motion"":""direct""},{""jd_ut"":921015.7368299831,""utc"":""-2191-07-22T05:41:02.111Z"",""motion"":""retrograde""},{""jd_ut"":921165.4677127213,""utc"":""-2191-12-18T23:13:30.379Z"",""motion"":""direct""}]",3
R15.12,R15,15,12,Pisces,330,923787.6679351691,-2183-02-22T04:01:49.599Z,926394.0251481829,-2176-04-12T12:36:12.803Z,"[{""jd_ut"":923787.6679351691,""utc"":""-2183-02-22T04:01:49.599Z"",""motion"":""direct""},{""jd_ut"":924032.1350093086,""utc"":""-2183-10-24T15:14:24.804Z"",""motion"":""retrograde""},{""jd_ut"":924061.8340532689,""utc"":""-2183-11-23T08:01:02.202Z"",""motion"":""direct""}]",3
R16.01,R16,16,1,Aries,0,926394.0251481829,-2176-04-12T12:36:12.803Z,928976.7971497932,-2169-05-09T07:07:53.742Z,"[{""jd_ut"":926394.0251481829,""utc"":""-2176-04-12T12:36:12.803Z"",""motion"":""direct""},{""jd_ut"":926577.6386834332,""utc"":""-2176-10-13T03:19:42.249Z"",""motion"":""retrograde""},{""jd_ut"":926685.3889854222,""utc"":""-2175-01-28T21:20:08.340Z"",""motion"":""direct""}]",3
R16.02,R16,16,2,Taurus,30,928976.7971497932,-2169-05-09T07:07:53.742Z,931254.7108129207,-2163-08-03T05:03:34.236Z,"[{""jd_ut"":928976.7971497932,""utc"":""-2169-05-09T07:07:53.742Z"",""motion"":""direct""},{""jd_ut"":929173.5925184228,""utc"":""-2169-11-22T02:13:13.592Z"",""motion"":""retrograde""},{""jd_ut"":929263.7375405876,""utc"":""-2168-02-20T05:42:03.507Z"",""motion"":""direct""}]",3
R16.03,R16,16,3,Gemini,60,931254.7108129207,-2163-08-03T05:03:34.236Z,933782.9551969417,-2156-07-05T10:55:29.016Z,"[{""jd_ut"":931254.7108129207,""utc"":""-2163-08-03T05:03:34.236Z"",""motion"":""direct""},{""jd_ut"":931323.0506370498,""utc"":""-2163-10-10T13:12:55.041Z"",""motion"":""retrograde""},{""jd_ut"":931535.8959143162,""utc"":""-2162-05-11T09:30:06.997Z"",""motion"":""direct""}]",3
R16.04,R16,16,4,Cancer,90,933782.9551969417,-2156-07-05T10:55:29.016Z,936023.7918027344,-2150-08-24T07:00:11.756Z,"[{""jd_ut"":933782.9551969417,""utc"":""-2156-07-05T10:55:29.016Z"",""motion"":""direct""},{""jd_ut"":933992.0592268903,""utc"":""-2155-01-30T13:25:17.203Z"",""motion"":""retrograde""},{""jd_ut"":934063.2035673261,""utc"":""-2155-04-11T16:53:08.217Z"",""motion"":""direct""}]",3
R16.05,R16,16,5,Leo,120,936023.7918027344,-2150-08-24T07:00:11.756Z,938271.0442411734,-2144-10-18T13:03:42.437Z,"[{""jd_ut"":936023.7918027344,""utc"":""-2150-08-24T07:00:11.756Z"",""motion"":""direct""},{""jd_ut"":936180.7646110547,""utc"":""-2149-01-28T06:21:02.395Z"",""motion"":""retrograde""},{""jd_ut"":936313.5570077309,""utc"":""-2149-06-10T01:22:05.468Z"",""motion"":""direct""}]",3
R16.06,R16,16,6,Virgo,150,938271.0442411734,-2144-10-18T13:03:42.437Z,940816.0295763977,-2137-10-07T12:42:35.401Z,"[{""jd_ut"":938271.0442411734,""utc"":""-2144-10-18T13:03:42.437Z"",""motion"":""direct""},{""jd_ut"":938368.4284372751,""utc"":""-2143-01-23T22:16:56.981Z"",""motion"":""retrograde""},{""jd_ut"":938559.2018157127,""utc"":""-2143-08-02T16:50:36.878Z"",""motion"":""direct""}]",3
R16.07,R16,16,7,Libra,180,940816.0295763977,-2137-10-07T12:42:35.401Z,943388.9416461952,-2130-10-23T10:35:58.231Z,"[{""jd_ut"":940816.0295763977,""utc"":""-2137-10-07T12:42:35.401Z"",""motion"":""direct""},{""jd_ut"":941016.4321617854,""utc"":""-2136-04-24T22:22:18.778Z"",""motion"":""retrograde""},{""jd_ut"":941102.8183459467,""utc"":""-2136-07-20T07:38:25.090Z"",""motion"":""direct""}]",3
R16.08,R16,16,8,Scorpio,210,943388.9416461952,-2130-10-23T10:35:58.231Z,945986.2893774305,-2123-12-02T18:56:42.210Z,"[{""jd_ut"":943388.9416461952,""utc"":""-2130-10-23T10:35:58.231Z"",""motion"":""direct""}]",1
R16.09,R16,16,9,Sagittarius,240,945986.2893774305,-2123-12-02T18:56:42.210Z,948605.8095319262,-2115-02-03T07:25:43.558Z,"[{""jd_ut"":945986.2893774305,""utc"":""-2123-12-02T18:56:42.210Z"",""motion"":""direct""},{""jd_ut"":946194.741307592,""utc"":""-2122-06-29T05:47:28.976Z"",""motion"":""retrograde""},{""jd_ut"":946275.7888824537,""utc"":""-2122-09-18T06:55:59.444Z"",""motion"":""direct""}]",3
R16.10,R16,16,10,Capricorn,270,948605.8095319262,-2115-02-03T07:25:43.558Z,951528.4533765689,-2107-02-03T22:52:51.736Z,"[{""jd_ut"":948605.8095319262,""utc"":""-2115-02-03T07:25:43.558Z"",""motion"":""direct""},{""jd_ut"":948731.9438330792,""utc"":""-2115-06-09T10:39:07.178Z"",""motion"":""retrograde""},{""jd_ut"":948901.7597876485,""utc"":""-2115-11-26T06:14:05.653Z"",""motion"":""direct""}]",3
R16.11,R16,16,11,Aquarius,300,951528.4533765689,-2107-02-03T22:52:51.736Z,954158.2438887609,-2100-04-18T17:51:11.989Z,"[{""jd_ut"":951528.4533765689,""utc"":""-2107-02-03T22:52:51.736Z"",""motion"":""direct""},{""jd_ut"":951727.4174196038,""utc"":""-2107-08-21T22:01:05.054Z"",""motion"":""retrograde""},{""jd_ut"":951820.9269324844,""utc"":""-2107-11-23T10:14:46.967Z"",""motion"":""direct""}]",3
R16.12,R16,16,12,Pisces,330,954158.2438887609,-2100-04-18T17:51:11.989Z,957056.509898145,-2092-03-26T00:14:15.200Z,"[{""jd_ut"":954158.2438887609,""utc"":""-2100-04-18T17:51:11.989Z"",""motion"":""direct""},{""jd_ut"":954257.5375196056,""utc"":""-2100-07-27T00:54:01.694Z"",""motion"":""retrograde""},{""jd_ut"":954449.4755634393,""utc"":""-2099-02-03T23:24:48.681Z"",""motion"":""direct""}]",3
R17.01,R17,17,1,Aries,0,957056.509898145,-2092-03-26T00:14:15.200Z,959640.4961738002,-2085-04-22T23:54:29.416Z,"[{""jd_ut"":957056.509898145,""utc"":""-2092-03-26T00:14:15.200Z"",""motion"":""direct""},{""jd_ut"":957298.8795811313,""utc"":""-2092-11-23T09:06:35.810Z"",""motion"":""retrograde""},{""jd_ut"":957328.5333665367,""utc"":""-2092-12-23T00:48:02.869Z"",""motion"":""direct""}]",3
R17.02,R17,17,2,Taurus,30,959640.4961738002,-2085-04-22T23:54:29.416Z,961910.0691447658,-2079-07-09T13:39:34.108Z,"[{""jd_ut"":959640.4961738002,""utc"":""-2085-04-22T23:54:29.416Z"",""motion"":""direct""}]",1
R17.03,R17,17,3,Gemini,60,961910.0691447658,-2079-07-09T13:39:34.108Z,964448.5802785971,-2072-06-21T01:55:36.071Z,"[{""jd_ut"":961910.0691447658,""utc"":""-2079-07-09T13:39:34.108Z"",""motion"":""direct""},{""jd_ut"":962032.3297184848,""utc"":""-2079-11-08T19:54:47.677Z"",""motion"":""retrograde""},{""jd_ut"":962199.8737300546,""utc"":""-2078-04-25T08:58:10.277Z"",""motion"":""direct""}]",3
R17.04,R17,17,4,Cancer,90,964448.5802785971,-2072-06-21T01:55:36.071Z,966688.3048366914,-2066-08-08T19:18:57.890Z,"[{""jd_ut"":964448.5802785971,""utc"":""-2072-06-21T01:55:36.071Z"",""motion"":""direct""}]",1
R17.05,R17,17,5,Leo,120,966688.3048366914,-2066-08-08T19:18:57.890Z,968931.399314045,-2060-09-28T21:35:00.733Z,"[{""jd_ut"":966688.3048366914,""utc"":""-2066-08-08T19:18:57.890Z"",""motion"":""direct""},{""jd_ut"":966888.3594609243,""utc"":""-2065-02-24T20:37:37.424Z"",""motion"":""retrograde""},{""jd_ut"":966971.2105070273,""utc"":""-2065-05-18T17:03:07.807Z"",""motion"":""direct""}]",3
R17.06,R17,17,6,Virgo,150,968931.399314045,-2060-09-28T21:35:00.733Z,971480.3469075346,-2053-09-21T20:19:32.811Z,"[{""jd_ut"":968931.399314045,""utc"":""-2060-09-28T21:35:00.733Z"",""motion"":""direct""},{""jd_ut"":969074.6269000524,""utc"":""-2059-02-19T03:02:44.165Z"",""motion"":""retrograde""},{""jd_ut"":969222.8810785674,""utc"":""-2059-07-17T09:08:45.188Z"",""motion"":""direct""}]",3
R17.07,R17,17,7,Libra,180,971480.3469075346,-2053-09-21T20:19:32.811Z,973762.0705140177,-2047-12-20T13:41:32.411Z,"[{""jd_ut"":971480.3469075346,""utc"":""-2053-09-21T20:19:32.811Z"",""motion"":""direct""}]",1
R17.08,R17,17,8,Scorpio,210,973762.0705140177,-2047-12-20T13:41:32.411Z,976366.966561533,-2039-02-06T11:11:50.916Z,"[{""jd_ut"":973762.0705140177,""utc"":""-2047-12-20T13:41:32.411Z"",""motion"":""direct""},{""jd_ut"":973854.2931852532,""utc"":""-2046-03-22T19:02:11.206Z"",""motion"":""retrograde""},{""jd_ut"":974052.0783543433,""utc"":""-2046-10-06T13:52:49.815Z"",""motion"":""direct""}]",3
R17.09,R17,17,9,Sagittarius,240,976366.966561533,-2039-02-06T11:11:50.916Z,979263.9997646206,-2031-01-12T11:59:39.663Z,"[{""jd_ut"":976366.966561533,""utc"":""-2039-02-06T11:11:50.916Z"",""motion"":""direct""},{""jd_ut"":976421.1534859247,""utc"":""-2039-04-01T15:41:01.184Z"",""motion"":""retrograde""},{""jd_ut"":976648.6565135785,""utc"":""-2039-11-15T03:45:22.773Z"",""motion"":""direct""}]",3
R17.10,R17,17,10,Capricorn,270,979263.9997646206,-2031-01-12T11:59:39.663Z,981908.6321248033,-2024-04-10T03:10:15.583Z,"[{""jd_ut"":979263.9997646206,""utc"":""-2031-01-12T11:59:39.663Z"",""motion"":""direct""},{""jd_ut"":979442.959405533,""utc"":""-2031-07-10T11:01:32.638Z"",""motion"":""retrograde""},{""jd_ut"":979559.755037064,""utc"":""-2031-11-04T06:07:15.202Z"",""motion"":""direct""}]",3
R17.11,R17,17,11,Aquarius,300,981908.6321248033,-2024-04-10T03:10:15.583Z,984813.3775639345,-2016-03-23T21:03:41.524Z,"[{""jd_ut"":981908.6321248033,""utc"":""-2024-04-10T03:10:15.583Z"",""motion"":""direct""},{""jd_ut"":981959.820231484,""utc"":""-2024-05-31T07:41:08.000Z"",""motion"":""retrograde""},{""jd_ut"":982189.1853521497,""utc"":""-2023-01-15T16:26:54.426Z"",""motion"":""direct""}]",3
R17.12,R17,17,12,Pisces,330,984813.3775639345,-2016-03-23T21:03:41.524Z,987428.5242644327,-2009-05-22T00:34:56.447Z,"[{""jd_ut"":984813.3775639345,""utc"":""-2016-03-23T21:03:41.524Z"",""motion"":""direct""},{""jd_ut"":984968.9030092263,""utc"":""-2016-08-26T09:40:19.997Z"",""motion"":""retrograde""},{""jd_ut"":985108.9791220359,""utc"":""-2015-01-13T11:29:56.144Z"",""motion"":""direct""}]",3
R18.01,R18,18,1,Aries,0,987428.5242644327,-2009-05-22T00:34:56.447Z,990013.959353602,-2002-06-19T11:01:28.151Z,"[{""jd_ut"":987428.5242644327,""utc"":""-2009-05-22T00:34:56.447Z"",""motion"":""direct""},{""jd_ut"":987522.9395573095,""utc"":""-2009-08-24T10:32:57.752Z"",""motion"":""retrograde""},{""jd_ut"":987717.4149829447,""utc"":""-2008-03-05T21:57:34.526Z"",""motion"":""direct""}]",3
R18.02,R18,18,2,Taurus,30,990013.959353602,-2002-06-19T11:01:28.151Z,992569.3159655163,-1995-06-17T19:34:59.421Z,"[{""jd_ut"":990013.959353602,""utc"":""-2002-06-19T11:01:28.151Z"",""motion"":""direct""},{""jd_ut"":990112.569058137,""utc"":""-2002-09-26T01:39:26.623Z"",""motion"":""retrograde""},{""jd_ut"":990302.3997603478,""utc"":""-2001-04-03T21:35:39.294Z"",""motion"":""direct""}]",3
R18.03,R18,18,3,Gemini,60,992569.3159655163,-1995-06-17T19:34:59.421Z,994824.9299319459,-1989-08-21T10:19:06.120Z,"[{""jd_ut"":992569.3159655163,""utc"":""-1995-06-17T19:34:59.421Z"",""motion"":""direct""},{""jd_ut"":992741.3943176263,""utc"":""-1995-12-06T21:27:49.043Z"",""motion"":""retrograde""},{""jd_ut"":992858.3226866582,""utc"":""-1994-04-02T19:44:40.127Z"",""motion"":""direct""}]",3
R18.04,R18,18,4,Cancer,90,994824.9299319459,-1989-08-21T10:19:06.120Z,997351.7522457244,-1982-07-22T06:03:14.031Z,"[{""jd_ut"":994824.9299319459,""utc"":""-1989-08-21T10:19:06.120Z"",""motion"":""direct""},{""jd_ut"":994919.2765126624,""utc"":""-1989-11-23T18:38:10.694Z"",""motion"":""retrograde""},{""jd_ut"":995111.3619669985,""utc"":""-1988-06-02T20:41:13.949Z"",""motion"":""direct""}]",3
R18.05,R18,18,5,Leo,120,997351.7522457244,-1982-07-22T06:03:14.031Z,999593.5411782658,-1976-09-10T00:59:17.802Z,"[{""jd_ut"":997351.7522457244,""utc"":""-1982-07-22T06:03:14.031Z"",""motion"":""direct""}]",1
R18.06,R18,18,6,Virgo,150,999593.5411782658,-1976-09-10T00:59:17.802Z,1001854.6122314383,-1970-11-19T02:41:36.796Z,"[{""jd_ut"":999593.5411782658,""utc"":""-1976-09-10T00:59:17.802Z"",""motion"":""direct""},{""jd_ut"":999783.9557807024,""utc"":""-1975-03-19T10:56:19.453Z"",""motion"":""retrograde""},{""jd_ut"":999880.3232775696,""utc"":""-1975-06-23T19:45:31.182Z"",""motion"":""direct""}]",3
R18.07,R18,18,7,Libra,180,1001854.6122314383,-1970-11-19T02:41:36.796Z,1004418.8353607845,-1963-11-26T08:02:55.172Z,"[{""jd_ut"":1001854.6122314383,""utc"":""-1970-11-19T02:41:36.796Z"",""motion"":""direct""},{""jd_ut"":1001949.1751370754,""utc"":""-1969-02-21T16:12:11.843Z"",""motion"":""retrograde""},{""jd_ut"":1002143.5204198174,""utc"":""-1969-09-04T00:29:24.272Z"",""motion"":""direct""}]",3
R18.08,R18,18,8,Scorpio,210,1004418.8353607845,-1963-11-26T08:02:55.172Z,1007015.0085336228,-1955-01-04T12:12:17.305Z,"[{""jd_ut"":1004418.8353607845,""utc"":""-1963-11-26T08:02:55.172Z"",""motion"":""direct""},{""jd_ut"":1004564.8689351114,""utc"":""-1962-04-21T08:51:15.994Z"",""motion"":""retrograde""},{""jd_ut"":1004713.6567869247,""utc"":""-1962-09-17T03:45:46.390Z"",""motion"":""direct""}]",3
R18.09,R18,18,9,Sagittarius,240,1007015.0085336228,-1955-01-04T12:12:17.305Z,1009925.1029844193,-1948-12-23T14:28:17.854Z,"[{""jd_ut"":1007015.0085336228,""utc"":""-1955-01-04T12:12:17.305Z"",""motion"":""direct""},{""jd_ut"":1007139.4471794842,""utc"":""-1955-05-08T22:43:56.307Z"",""motion"":""retrograde""},{""jd_ut"":1007310.0363746276,""utc"":""-1955-10-26T12:52:22.768Z"",""motion"":""direct""}]",3
R18.10,R18,18,10,Capricorn,270,1009925.1029844193,-1948-12-23T14:28:17.854Z,1012554.0973691593,-1940-03-05T14:20:12.695Z,"[{""jd_ut"":1009925.1029844193,""utc"":""-1948-12-23T14:28:17.854Z"",""motion"":""direct""},{""jd_ut"":1010164.3297212622,""utc"":""-1947-08-19T19:54:47.917Z"",""motion"":""retrograde""},{""jd_ut"":1010204.3859269717,""utc"":""-1947-09-28T21:15:44.090Z"",""motion"":""direct""}]",3
R18.11,R18,18,11,Aquarius,300,1012554.0973691593,-1940-03-05T14:20:12.695Z,1015473.0851054797,-1932-03-02T14:02:33.113Z,"[{""jd_ut"":1012554.0973691593,""utc"":""-1940-03-05T14:20:12.695Z"",""motion"":""direct""},{""jd_ut"":1012679.9523136967,""utc"":""-1940-07-09T10:51:19.903Z"",""motion"":""retrograde""},{""jd_ut"":1012849.5065975133,""utc"":""-1940-12-26T00:09:30.025Z"",""motion"":""direct""}]",3
R18.12,R18,18,12,Pisces,330,1015473.0851054797,-1932-03-02T14:02:33.113Z,1018083.6713861874,-1925-04-26T04:06:47.767Z,"[{""jd_ut"":1015473.0851054797,""utc"":""-1932-03-02T14:02:33.113Z"",""motion"":""direct""},{""jd_ut"":1015681.6827437589,""utc"":""-1932-09-27T04:23:09.061Z"",""motion"":""retrograde""},{""jd_ut"":1015762.4513521635,""utc"":""-1932-12-16T22:49:56.827Z"",""motion"":""direct""}]",3
R19.01,R19,19,1,Aries,0,1018083.6713861874,-1925-04-26T04:06:47.767Z,1020670.5711726495,-1918-05-26T01:42:29.317Z,"[{""jd_ut"":1018083.6713861874,""utc"":""-1925-04-26T04:06:47.767Z"",""motion"":""direct""},{""jd_ut"":1018233.7766215436,""utc"":""-1925-09-23T06:38:20.101Z"",""motion"":""retrograde""},{""jd_ut"":1018377.520274733,""utc"":""-1924-02-14T00:29:11.737Z"",""motion"":""direct""}]",3
R19.02,R19,19,2,Taurus,30,1020670.5711726495,-1918-05-26T01:42:29.317Z,1023231.5434592145,-1911-05-30T01:02:34.876Z,"[{""jd_ut"":1020670.5711726495,""utc"":""-1918-05-26T01:42:29.317Z"",""motion"":""direct""},{""jd_ut"":1020822.0830153786,""utc"":""-1918-10-24T13:59:32.529Z"",""motion"":""retrograde""},{""jd_ut"":1020962.7246364728,""utc"":""-1917-03-14T05:23:28.591Z"",""motion"":""direct""}]",3
R19.03,R19,19,3,Gemini,60,1023231.5434592145,-1911-05-30T01:02:34.876Z,1025482.7061438009,-1905-07-29T04:56:50.824Z,"[{""jd_ut"":1023231.5434592145,""utc"":""-1911-05-30T01:02:34.876Z"",""motion"":""direct""},{""jd_ut"":1023458.3801018123,""utc"":""-1910-01-11T21:07:20.797Z"",""motion"":""retrograde""},{""jd_ut"":1023505.9952131063,""utc"":""-1910-02-28T11:53:06.412Z"",""motion"":""direct""}]",3
R19.04,R19,19,4,Cancer,90,1025482.7061438009,-1905-07-29T04:56:50.824Z,1027728.3511866883,-1899-09-21T20:25:42.530Z,"[{""jd_ut"":1025482.7061438009,""utc"":""-1905-07-29T04:56:50.824Z"",""motion"":""direct""},{""jd_ut"":1025627.97497129,""utc"":""-1905-12-21T11:23:57.519Z"",""motion"":""retrograde""},{""jd_ut"":1025772.7782952886,""utc"":""-1904-05-14T06:40:44.713Z"",""motion"":""direct""}]",3
R19.05,R19,19,5,Leo,120,1027728.3511866883,-1899-09-21T20:25:42.530Z,1030256.4085817069,-1892-08-23T21:48:21.459Z,"[{""jd_ut"":1027728.3511866883,""utc"":""-1899-09-21T20:25:42.530Z"",""motion"":""direct""},{""jd_ut"":1027819.6816555881,""utc"":""-1899-12-22T04:21:35.043Z"",""motion"":""retrograde""},{""jd_ut"":1028014.3534627915,""utc"":""-1898-07-04T20:28:59.185Z"",""motion"":""direct""}]",3
R19.06,R19,19,6,Virgo,150,1030256.4085817069,-1892-08-23T21:48:21.459Z,1032511.0836019078,-1886-10-26T14:00:23.205Z,"[{""jd_ut"":1030256.4085817069,""utc"":""-1892-08-23T21:48:21.459Z"",""motion"":""direct""}]",1
R19.07,R19,19,7,Libra,180,1032511.0836019078,-1886-10-26T14:00:23.205Z,1035078.9884528634,-1879-11-06T11:43:22.327Z,"[{""jd_ut"":1032511.0836019078,""utc"":""-1886-10-26T14:00:23.205Z"",""motion"":""direct""},{""jd_ut"":1032660.7199714561,""utc"":""-1885-03-25T05:16:45.534Z"",""motion"":""retrograde""},{""jd_ut"":1032803.8265930263,""utc"":""-1885-08-15T07:50:17.637Z"",""motion"":""direct""}]",3
R19.08,R19,19,8,Scorpio,210,1035078.9884528634,-1879-11-06T11:43:22.327Z,1037672.9458019941,-1872-12-13T10:41:57.292Z,"[{""jd_ut"":1035078.9884528634,""utc"":""-1879-11-06T11:43:22.327Z"",""motion"":""direct""},{""jd_ut"":1035277.8001073576,""utc"":""-1878-05-24T07:12:09.276Z"",""motion"":""retrograde""},{""jd_ut"":1035368.4926490448,""utc"":""-1878-08-22T23:49:24.877Z"",""motion"":""direct""}]",3
R19.09,R19,19,9,Sagittarius,240,1037672.9458019941,-1872-12-13T10:41:57.292Z,1040292.7288435304,-1864-02-15T05:29:32.081Z,"[{""jd_ut"":1037672.9458019941,""utc"":""-1872-12-13T10:41:57.292Z"",""motion"":""direct""},{""jd_ut"":1037851.5761986175,""utc"":""-1871-06-10T01:49:43.561Z"",""motion"":""retrograde""},{""jd_ut"":1037967.4643898392,""utc"":""-1871-10-03T23:08:43.282Z"",""motion"":""direct""}]",3
R19.10,R19,19,10,Capricorn,270,1040292.7288435304,-1864-02-15T05:29:32.081Z,1043210.9814880688,-1856-02-11T11:33:20.569Z,"[{""jd_ut"":1040292.7288435304,""utc"":""-1864-02-15T05:29:32.081Z"",""motion"":""direct""},{""jd_ut"":1040394.4525195207,""utc"":""-1864-05-26T22:51:37.687Z"",""motion"":""retrograde""},{""jd_ut"":1040585.7162425152,""utc"":""-1864-12-04T05:11:23.353Z"",""motion"":""direct""}]",3
R19.11,R19,19,11,Aquarius,300,1043210.9814880688,-1856-02-11T11:33:20.569Z,1045848.7042523788,-1849-05-03T04:54:07.406Z,"[{""jd_ut"":1043210.9814880688,""utc"":""-1856-02-11T11:33:20.569Z"",""motion"":""direct""},{""jd_ut"":1043392.3299840759,""utc"":""-1856-08-10T19:55:10.624Z"",""motion"":""retrograde""},{""jd_ut"":1043506.1811965515,""utc"":""-1856-12-02T16:20:55.382Z"",""motion"":""direct""}]",3
R19.12,R19,19,12,Pisces,330,1045848.7042523788,-1849-05-03T04:54:07.406Z,1048742.4925903277,-1841-04-04T23:49:19.804Z,"[{""jd_ut"":1045848.7042523788,""utc"":""-1849-05-03T04:54:07.406Z"",""motion"":""direct""},{""jd_ut"":1045917.1394249948,""utc"":""-1849-07-10T15:20:46.320Z"",""motion"":""retrograde""},{""jd_ut"":1046133.5427089655,""utc"":""-1848-02-12T01:01:30.055Z"",""motion"":""direct""}]",3
R20.01,R20,20,1,Aries,0,1048742.4925903277,-1841-04-04T23:49:19.804Z,1051330.413102401,-1834-05-05T21:54:52.047Z,"[{""jd_ut"":1048742.4925903277,""utc"":""-1841-04-04T23:49:19.804Z"",""motion"":""direct""},{""jd_ut"":1048947.1335301576,""utc"":""-1841-10-26T15:12:17.006Z"",""motion"":""retrograde""},{""jd_ut"":1049030.4803857636,""utc"":""-1840-01-17T23:31:45.330Z"",""motion"":""direct""}]",3
R20.02,R20,20,2,Taurus,30,1051330.413102401,-1834-05-05T21:54:52.047Z,1053611.9571056534,-1828-08-03T10:58:13.928Z,"[{""jd_ut"":1051330.413102401,""utc"":""-1834-05-05T21:54:52.047Z"",""motion"":""direct""},{""jd_ut"":1051534.7500932496,""utc"":""-1834-11-26T06:00:08.057Z"",""motion"":""retrograde""},{""jd_ut"":1051615.8828595318,""utc"":""-1833-02-15T09:11:19.064Z"",""motion"":""direct""}]",3
R20.03,R20,20,3,Gemini,60,1053611.9571056534,-1828-08-03T10:58:13.928Z,1056142.8133675237,-1821-07-09T07:31:14.954Z,"[{""jd_ut"":1053611.9571056534,""utc"":""-1828-08-03T10:58:13.928Z"",""motion"":""direct""},{""jd_ut"":1053678.3840869204,""utc"":""-1828-10-08T21:13:05.110Z"",""motion"":""retrograde""},{""jd_ut"":1053892.7552832612,""utc"":""-1827-05-11T06:07:36.474Z"",""motion"":""direct""}]",3
R20.04,R20,20,4,Cancer,90,1056142.8133675237,-1821-07-09T07:31:14.954Z,1058383.7989536119,-1815-08-27T07:10:29.592Z,"[{""jd_ut"":1056142.8133675237,""utc"":""-1821-07-09T07:31:14.954Z"",""motion"":""direct""},{""jd_ut"":1056340.6407099124,""utc"":""-1820-01-23T03:22:37.336Z"",""motion"":""retrograde""},{""jd_ut"":1056426.4136101939,""utc"":""-1820-04-17T21:55:35.921Z"",""motion"":""direct""}]",3
R20.05,R20,20,5,Leo,120,1058383.7989536119,-1815-08-27T07:10:29.592Z,1060630.8482228657,-1809-10-22T08:21:26.456Z,"[{""jd_ut"":1058383.7989536119,""utc"":""-1815-08-27T07:10:29.592Z"",""motion"":""direct""},{""jd_ut"":1058531.8558034971,""utc"":""-1814-01-22T08:32:21.422Z"",""motion"":""retrograde""},{""jd_ut"":1058673.7880883696,""utc"":""-1814-06-13T06:54:50.835Z"",""motion"":""direct""}]",3
R20.06,R20,20,6,Virgo,150,1060630.8482228657,-1809-10-22T08:21:26.456Z,1063170.6664939295,-1802-10-05T03:59:45.076Z,"[{""jd_ut"":1060630.8482228657,""utc"":""-1809-10-22T08:21:26.456Z"",""motion"":""direct""},{""jd_ut"":1060720.6963123647,""utc"":""-1808-01-20T04:42:41.388Z"",""motion"":""retrograde""},{""jd_ut"":1060917.6855686787,""utc"":""-1808-08-04T04:27:13.134Z"",""motion"":""direct""}]",3
R20.07,R20,20,7,Libra,180,1063170.6664939295,-1802-10-05T03:59:45.076Z,1065467.412976108,-1795-01-18T21:54:41.136Z,"[{""jd_ut"":1063170.6664939295,""utc"":""-1802-10-05T03:59:45.076Z"",""motion"":""direct""},{""jd_ut"":1063376.7363828789,""utc"":""-1801-04-29T05:40:23.481Z"",""motion"":""retrograde""},{""jd_ut"":1063455.3799988884,""utc"":""-1801-07-16T21:07:11.904Z"",""motion"":""direct""}]",3
R20.08,R20,20,8,Scorpio,210,1065467.412976108,-1795-01-18T21:54:41.136Z,1068332.8190519935,-1788-11-23T07:39:26.092Z,"[{""jd_ut"":1065467.412976108,""utc"":""-1795-01-18T21:54:41.136Z"",""motion"":""direct""},{""jd_ut"":1065497.4520512447,""utc"":""-1795-02-17T22:50:57.228Z"",""motion"":""retrograde""},{""jd_ut"":1065740.0350570972,""utc"":""-1795-10-18T12:50:28.933Z"",""motion"":""direct""}]",3
R20.09,R20,20,9,Sagittarius,240,1068332.8190519935,-1788-11-23T07:39:26.092Z,1070947.3601463065,-1780-01-20T20:38:36.641Z,"[{""jd_ut"":1068332.8190519935,""utc"":""-1788-11-23T07:39:26.092Z"",""motion"":""direct""},{""jd_ut"":1068583.0745327873,""utc"":""-1787-07-31T13:47:19.633Z"",""motion"":""retrograde""},{""jd_ut"":1068602.5629040855,""utc"":""-1787-08-20T01:30:34.913Z"",""motion"":""direct""}]",3
R20.10,R20,20,10,Capricorn,270,1070947.3601463065,-1780-01-20T20:38:36.641Z,1073870.761952418,-1772-01-22T06:17:12.689Z,"[{""jd_ut"":1070947.3601463065,""utc"":""-1780-01-20T20:38:36.641Z"",""motion"":""direct""},{""jd_ut"":1071107.8395332596,""utc"":""-1780-06-29T08:08:55.674Z"",""motion"":""retrograde""},{""jd_ut"":1071244.2346861376,""utc"":""-1780-11-12T17:37:56.882Z"",""motion"":""direct""}]",3
R20.11,R20,20,11,Aquarius,300,1073870.761952418,-1772-01-22T06:17:12.689Z,1076498.0607930725,-1765-04-02T13:27:32.521Z,"[{""jd_ut"":1073870.761952418,""utc"":""-1772-01-22T06:17:12.689Z"",""motion"":""direct""},{""jd_ut"":1074121.5965845194,""utc"":""-1772-09-29T02:19:04.902Z"",""motion"":""retrograde""},{""jd_ut"":1074142.7343197614,""utc"":""-1772-10-20T05:37:25.227Z"",""motion"":""direct""}]",3
R20.12,R20,20,12,Pisces,330,1076498.0607930725,-1765-04-02T13:27:32.521Z,1079125.8204724207,-1758-06-12T07:41:28.817Z,"[{""jd_ut"":1076498.0607930725,""utc"":""-1765-04-02T13:27:32.521Z"",""motion"":""direct""},{""jd_ut"":1076633.333666577,""utc"":""-1765-08-15T20:00:28.792Z"",""motion"":""retrograde""},{""jd_ut"":1076793.4169116793,""utc"":""-1764-01-22T22:00:21.169Z"",""motion"":""direct""}]",3
R21.01,R21,21,1,Aries,0,1079125.8204724207,-1758-06-12T07:41:28.817Z,1081721.5668233116,-1751-07-21T01:36:13.534Z,"[{""jd_ut"":1079125.8204724207,""utc"":""-1758-06-12T07:41:28.817Z"",""motion"":""direct""},{""jd_ut"":1079175.4079381605,""utc"":""-1758-07-31T21:47:25.857Z"",""motion"":""retrograde""},{""jd_ut"":1079403.9593157992,""utc"":""-1757-03-17T11:01:24.885Z"",""motion"":""direct""}]",3
R21.02,R21,21,2,Taurus,30,1081721.5668233116,-1751-07-21T01:36:13.534Z,1084264.899526014,-1744-07-07T09:35:19.048Z,"[{""jd_ut"":1081721.5668233116,""utc"":""-1751-07-21T01:36:13.534Z"",""motion"":""direct""},{""jd_ut"":1081754.1173769739,""utc"":""-1751-08-22T14:49:01.371Z"",""motion"":""retrograde""},{""jd_ut"":1081992.6260323282,""utc"":""-1750-04-18T03:01:29.193Z"",""motion"":""direct""}]",3
R21.03,R21,21,3,Gemini,60,1084264.899526014,-1744-07-07T09:35:19.048Z,1086806.4449524288,-1737-06-22T22:40:43.890Z,"[{""jd_ut"":1084264.899526014,""utc"":""-1744-07-07T09:35:19.048Z"",""motion"":""direct""},{""jd_ut"":1084390.3912025103,""utc"":""-1744-11-09T21:23:19.897Z"",""motion"":""retrograde""},{""jd_ut"":1084555.139382009,""utc"":""-1743-04-23T15:20:42.606Z"",""motion"":""direct""}]",3
R21.04,R21,21,4,Cancer,90,1086806.4449524288,-1737-06-22T22:40:43.890Z,1089045.7844471107,-1731-08-09T06:49:36.230Z,"[{""jd_ut"":1086806.4449524288,""utc"":""-1737-06-22T22:40:43.890Z"",""motion"":""direct""}]",1
R21.05,R21,21,5,Leo,120,1089045.7844471107,-1731-08-09T06:49:36.230Z,1091287.7672507046,-1725-09-29T06:24:50.461Z,"[{""jd_ut"":1089045.7844471107,""utc"":""-1731-08-09T06:49:36.230Z"",""motion"":""direct""},{""jd_ut"":1089242.284445488,""utc"":""-1730-02-21T18:49:36.090Z"",""motion"":""retrograde""},{""jd_ut"":1089329.4807112333,""utc"":""-1730-05-19T23:32:13.451Z"",""motion"":""direct""}]",3
R21.06,R21,21,6,Virgo,150,1091287.7672507046,-1725-09-29T06:24:50.461Z,1093563.017207719,-1719-12-21T12:24:46.747Z,"[{""jd_ut"":1091287.7672507046,""utc"":""-1725-09-29T06:24:50.461Z"",""motion"":""direct""},{""jd_ut"":1091431.0078147817,""utc"":""-1724-02-19T12:11:15.197Z"",""motion"":""retrograde""},{""jd_ut"":1091578.9677314656,""utc"":""-1724-07-16T11:13:31.999Z"",""motion"":""direct""}]",3
R21.07,R21,21,7,Libra,180,1093563.017207719,-1719-12-21T12:24:46.747Z,1096107.148811554,-1712-12-08T15:34:17.318Z,"[{""jd_ut"":1093563.017207719,""utc"":""-1719-12-21T12:24:46.747Z"",""motion"":""direct""},{""jd_ut"":1093589.0386941042,""utc"":""-1718-01-16T12:55:43.171Z"",""motion"":""retrograde""},{""jd_ut"":1093832.594749072,""utc"":""-1718-09-17T02:16:26.320Z"",""motion"":""direct""}]",3
R21.08,R21,21,8,Scorpio,210,1096107.148811554,-1712-12-08T15:34:17.318Z,1098700.2608008827,-1704-01-14T18:15:33.196Z,"[{""jd_ut"":1096107.148811554,""utc"":""-1712-12-08T15:34:17.318Z"",""motion"":""direct""},{""jd_ut"":1096224.3826941582,""utc"":""-1711-04-04T21:11:04.775Z"",""motion"":""retrograde""},{""jd_ut"":1096400.3975177533,""utc"":""-1711-09-27T21:32:25.534Z"",""motion"":""direct""}]",3
R21.09,R21,21,9,Sagittarius,240,1098700.2608008827,-1704-01-14T18:15:33.196Z,1101606.1062941686,-1697-12-30T14:33:03.816Z,"[{""jd_ut"":1098700.2608008827,""utc"":""-1704-01-14T18:15:33.196Z"",""motion"":""direct""},{""jd_ut"":1098803.7987903687,""utc"":""-1704-04-27T07:10:15.488Z"",""motion"":""retrograde""},{""jd_ut"":1098992.8695967314,""utc"":""-1704-11-02T08:52:13.158Z"",""motion"":""direct""}]",3
R21.10,R21,21,10,Capricorn,270,1101606.1062941686,-1697-12-30T14:33:03.816Z,1104236.2919323486,-1689-03-13T19:00:22.955Z,"[{""jd_ut"":1101606.1062941686,""utc"":""-1697-12-30T14:33:03.816Z"",""motion"":""direct""},{""jd_ut"":1101825.8921541646,""utc"":""-1696-08-06T09:24:42.120Z"",""motion"":""retrograde""},{""jd_ut"":1101893.424394569,""utc"":""-1696-10-12T22:11:07.691Z"",""motion"":""direct""}]",3
R21.11,R21,21,11,Aquarius,300,1104236.2919323486,-1689-03-13T19:00:22.955Z,1107156.0137835634,-1681-03-11T12:19:50.900Z,"[{""jd_ut"":1104236.2919323486,""utc"":""-1689-03-13T19:00:22.955Z"",""motion"":""direct""},{""jd_ut"":1104348.0982159977,""utc"":""-1689-07-03T14:21:25.862Z"",""motion"":""retrograde""},{""jd_ut"":1104530.4145957166,""utc"":""-1688-01-01T21:57:01.070Z"",""motion"":""direct""}]",3
R21.12,R21,21,12,Pisces,330,1107156.0137835634,-1681-03-11T12:19:50.900Z,1109771.2898398149,-1674-05-08T18:57:22.160Z,"[{""jd_ut"":1107156.0137835634,""utc"":""-1681-03-11T12:19:50.900Z"",""motion"":""direct""},{""jd_ut"":1107345.161296802,""utc"":""-1681-09-16T15:52:16.044Z"",""motion"":""retrograde""},{""jd_ut"":1107449.274967336,""utc"":""-1681-12-29T18:35:57.178Z"",""motion"":""direct""}]",3
R22.01,R22,22,1,Aries,0,1109771.2898398149,-1674-05-08T18:57:22.160Z,1112363.8983934359,-1667-06-13T09:33:41.193Z,"[{""jd_ut"":1109771.2898398149,""utc"":""-1674-05-08T18:57:22.160Z"",""motion"":""direct""},{""jd_ut"":1109894.7311536842,""utc"":""-1674-09-09T05:32:51.678Z"",""motion"":""retrograde""},{""jd_ut"":1110064.404617623,""utc"":""-1673-02-25T21:42:38.963Z"",""motion"":""direct""}]",3
R22.02,R22,22,2,Taurus,30,1112363.8983934359,-1667-06-13T09:33:41.193Z,1114924.8446434448,-1660-06-17T08:16:17.194Z,"[{""jd_ut"":1112363.8983934359,""utc"":""-1667-06-13T09:33:41.193Z"",""motion"":""direct""},{""jd_ut"":1112476.1998050548,""utc"":""-1667-10-03T16:47:43.157Z"",""motion"":""retrograde""},{""jd_ut"":1112654.3016901407,""utc"":""-1666-03-30T19:14:26.028Z"",""motion"":""direct""}]",3
R22.03,R22,22,3,Gemini,60,1114924.8446434448,-1660-06-17T08:16:17.194Z,1117184.3869318976,-1654-08-24T21:17:10.916Z,"[{""jd_ut"":1114924.8446434448,""utc"":""-1660-06-17T08:16:17.194Z"",""motion"":""direct""},{""jd_ut"":1115098.5753631904,""utc"":""-1660-12-08T01:48:31.380Z"",""motion"":""retrograde""},{""jd_ut"":1115214.0821974315,""utc"":""-1659-04-02T13:58:21.858Z"",""motion"":""direct""}]",3
R22.04,R22,22,4,Cancer,90,1117184.3869318976,-1654-08-24T21:17:10.916Z,1119709.2246366767,-1647-07-23T17:23:28.609Z,"[{""jd_ut"":1117184.3869318976,""utc"":""-1654-08-24T21:17:10.916Z"",""motion"":""direct""},{""jd_ut"":1117272.1025094753,""utc"":""-1654-11-20T14:27:36.819Z"",""motion"":""retrograde""},{""jd_ut"":1117469.5340292016,""utc"":""-1653-06-06T00:49:00.123Z"",""motion"":""direct""}]",3
R22.05,R22,22,5,Leo,120,1119709.2246366767,-1647-07-23T17:23:28.609Z,1121949.4556698855,-1641-09-10T22:56:09.878Z,"[{""jd_ut"":1119709.2246366767,""utc"":""-1647-07-23T17:23:28.609Z"",""motion"":""direct""}]",1
R22.06,R22,22,6,Virgo,150,1121949.4556698855,-1641-09-10T22:56:09.878Z,1124203.8455052515,-1635-11-12T08:17:31.654Z,"[{""jd_ut"":1121949.4556698855,""utc"":""-1641-09-10T22:56:09.878Z"",""motion"":""direct""},{""jd_ut"":1122141.3256918266,""utc"":""-1640-03-20T19:48:59.774Z"",""motion"":""retrograde""},{""jd_ut"":1122235.412360494,""utc"":""-1640-06-22T21:53:47.947Z"",""motion"":""direct""}]",3
R22.07,R22,22,7,Libra,180,1124203.8455052515,-1635-11-12T08:17:31.654Z,1126765.4751600823,-1628-11-16T23:24:13.831Z,"[{""jd_ut"":1124203.8455052515,""utc"":""-1635-11-12T08:17:31.654Z"",""motion"":""direct""},{""jd_ut"":1124314.325695475,""utc"":""-1634-03-02T19:49:00.089Z"",""motion"":""retrograde""},{""jd_ut"":1124494.5839013974,""utc"":""-1634-08-30T02:00:49.081Z"",""motion"":""direct""}]",3
R22.08,R22,22,8,Scorpio,210,1126765.4751600823,-1628-11-16T23:24:13.831Z,1129355.360919627,-1621-12-20T20:39:43.456Z,"[{""jd_ut"":1126765.4751600823,""utc"":""-1628-11-16T23:24:13.831Z"",""motion"":""direct""},{""jd_ut"":1126935.6350351977,""utc"":""-1627-05-06T03:14:27.041Z"",""motion"":""retrograde""},{""jd_ut"":1127058.9416929842,""utc"":""-1627-09-06T10:36:02.274Z"",""motion"":""direct""}]",3
R22.09,R22,22,9,Sagittarius,240,1129355.360919627,-1621-12-20T20:39:43.456Z,1131976.3808553615,-1613-02-22T21:08:25.903Z,"[{""jd_ut"":1129355.360919627,""utc"":""-1621-12-20T20:39:43.456Z"",""motion"":""direct""},{""jd_ut"":1129517.5408206824,""utc"":""-1620-05-31T00:58:46.907Z"",""motion"":""retrograde""},{""jd_ut"":1129651.0006946041,""utc"":""-1620-10-11T12:01:00.014Z"",""motion"":""direct""}]",3
R22.10,R22,22,10,Capricorn,270,1131976.3808553615,-1613-02-22T21:08:25.903Z,1134891.4721820331,-1605-02-15T23:19:56.528Z,"[{""jd_ut"":1131976.3808553615,""utc"":""-1613-02-22T21:08:25.903Z"",""motion"":""direct""},{""jd_ut"":1132061.2686595162,""utc"":""-1613-05-18T18:26:52.182Z"",""motion"":""retrograde""},{""jd_ut"":1132266.3546785405,""utc"":""-1613-12-09T20:30:44.226Z"",""motion"":""direct""}]",3
R22.11,R22,22,11,Aquarius,300,1134891.4721820331,-1605-02-15T23:19:56.528Z,1137544.7722403356,-1598-05-23T06:32:01.565Z,"[{""jd_ut"":1134891.4721820331,""utc"":""-1605-02-15T23:19:56.528Z"",""motion"":""direct""},{""jd_ut"":1135061.2464594874,""utc"":""-1605-08-04T17:54:54.100Z"",""motion"":""retrograde""},{""jd_ut"":1135187.8069646307,""utc"":""-1605-12-09T07:22:01.744Z"",""motion"":""direct""}]",3
R22.12,R22,22,12,Pisces,330,1137544.7722403356,-1598-05-23T06:32:01.565Z,1140429.4337909925,-1590-04-15T22:24:39.542Z,"[{""jd_ut"":1137544.7722403356,""utc"":""-1598-05-23T06:32:01.565Z"",""motion"":""direct""},{""jd_ut"":1137571.562578875,""utc"":""-1598-06-19T01:30:06.815Z"",""motion"":""retrograde""},{""jd_ut"":1137815.9530026442,""utc"":""-1597-02-18T10:52:19.428Z"",""motion"":""direct""}]",3
R23.01,R23,23,1,Aries,0,1140429.4337909925,-1590-04-15T22:24:39.542Z,1143022.1993647674,-1583-05-21T16:47:05.116Z,"[{""jd_ut"":1140429.4337909925,""utc"":""-1590-04-15T22:24:39.542Z"",""motion"":""direct""},{""jd_ut"":1140604.3832187904,""utc"":""-1590-10-07T21:11:50.103Z"",""motion"":""retrograde""},{""jd_ut"":1140722.7291051885,""utc"":""-1589-02-03T05:29:54.688Z"",""motion"":""direct""}]",3
R23.02,R23,23,2,Taurus,30,1143022.1993647674,-1583-05-21T16:47:05.116Z,1145588.4301995588,-1576-05-30T22:19:29.242Z,"[{""jd_ut"":1143022.1993647674,""utc"":""-1583-05-21T16:47:05.116Z"",""motion"":""direct""},{""jd_ut"":1143184.6629916453,""utc"":""-1583-10-31T03:54:42.478Z"",""motion"":""retrograde""},{""jd_ut"":1143314.21137898,""utc"":""-1582-03-09T17:04:23.144Z"",""motion"":""direct""}]",3
R23.03,R23,23,3,Gemini,60,1145588.4301995588,-1576-05-30T22:19:29.242Z,1147843.4744674256,-1570-08-02T23:23:13.986Z,"[{""jd_ut"":1145588.4301995588,""utc"":""-1576-05-30T22:19:29.242Z"",""motion"":""direct""},{""jd_ut"":1145811.7702941704,""utc"":""-1575-01-09T06:29:13.416Z"",""motion"":""retrograde""},{""jd_ut"":1145865.2661197917,""utc"":""-1575-03-03T18:23:12.750Z"",""motion"":""direct""}]",3
R23.04,R23,23,4,Cancer,90,1147843.4744674256,-1570-08-02T23:23:13.986Z,1150091.5020103925,-1564-09-28T00:02:53.698Z,"[{""jd_ut"":1147843.4744674256,""utc"":""-1570-08-02T23:23:13.986Z"",""motion"":""direct""},{""jd_ut"":1147978.4104861584,""utc"":""-1570-12-15T21:51:06.004Z"",""motion"":""retrograde""},{""jd_ut"":1148133.3973292862,""utc"":""-1569-05-19T21:32:09.250Z"",""motion"":""direct""}]",3
R23.05,R23,23,5,Leo,120,1150091.5020103925,-1564-09-28T00:02:53.698Z,1152614.8340451936,-1557-08-26T08:01:01.505Z,"[{""jd_ut"":1150091.5020103925,""utc"":""-1564-09-28T00:02:53.698Z"",""motion"":""direct""},{""jd_ut"":1150168.2246313598,""utc"":""-1564-12-13T17:23:28.149Z"",""motion"":""retrograde""},{""jd_ut"":1150374.6549570668,""utc"":""-1563-07-08T03:43:08.291Z"",""motion"":""direct""}]",3
R23.06,R23,23,6,Virgo,150,1152614.8340451936,-1557-08-26T08:01:01.505Z,1154864.6365492349,-1551-10-23T03:16:37.854Z,"[{""jd_ut"":1152614.8340451936,""utc"":""-1557-08-26T08:01:01.505Z"",""motion"":""direct""}]",1
R23.07,R23,23,7,Libra,180,1154864.6365492349,-1551-10-23T03:16:37.854Z,1157428.22090801,-1544-10-29T17:18:06.452Z,"[{""jd_ut"":1154864.6365492349,""utc"":""-1551-10-23T03:16:37.854Z"",""motion"":""direct""},{""jd_ut"":1155021.2698188745,""utc"":""-1550-03-28T18:28:32.351Z"",""motion"":""retrograde""},{""jd_ut"":1155156.741265839,""utc"":""-1550-08-11T05:47:25.368Z"",""motion"":""direct""}]",3
R23.08,R23,23,8,Scorpio,210,1157428.22090801,-1544-10-29T17:18:06.452Z,1160016.4266848154,-1537-11-30T22:14:25.568Z,"[{""jd_ut"":1157428.22090801,""utc"":""-1544-10-29T17:18:06.452Z"",""motion"":""direct""},{""jd_ut"":1157651.0515813068,""utc"":""-1543-06-09T13:14:16.625Z"",""motion"":""retrograde""},{""jd_ut"":1157709.5907802768,""utc"":""-1543-08-07T02:10:43.416Z"",""motion"":""direct""}]",3
R23.09,R23,23,9,Sagittarius,240,1160016.4266848154,-1537-11-30T22:14:25.568Z,1162628.9215191188,-1529-01-25T10:06:59.252Z,"[{""jd_ut"":1160016.4266848154,""utc"":""-1537-11-30T22:14:25.568Z"",""motion"":""direct""},{""jd_ut"":1160232.3816306656,""utc"":""-1536-07-03T21:09:32.890Z"",""motion"":""retrograde""},{""jd_ut"":1160303.0507445862,""utc"":""-1536-09-12T13:13:04.332Z"",""motion"":""direct""}]",3
R23.10,R23,23,10,Capricorn,270,1162628.9215191188,-1529-01-25T10:06:59.252Z,1165550.8035368593,-1521-01-25T07:17:05.585Z,"[{""jd_ut"":1162628.9215191188,""utc"":""-1529-01-25T10:06:59.252Z"",""motion"":""direct""},{""jd_ut"":1162775.9997937595,""utc"":""-1529-06-21T11:59:42.181Z"",""motion"":""retrograde""},{""jd_ut"":1162925.7183488947,""utc"":""-1529-11-18T05:14:25.345Z"",""motion"":""direct""}]",3
R23.11,R23,23,11,Aquarius,300,1165550.8035368593,-1521-01-25T07:17:05.585Z,1168181.7341031982,-1514-04-09T05:37:06.516Z,"[{""jd_ut"":1165550.8035368593,""utc"":""-1521-01-25T07:17:05.585Z"",""motion"":""direct""},{""jd_ut"":1165780.7310732529,""utc"":""-1521-09-12T05:32:44.729Z"",""motion"":""retrograde""},{""jd_ut"":1165834.7144640512,""utc"":""-1521-11-05T05:08:49.694Z"",""motion"":""direct""}]",3
R23.12,R23,23,12,Pisces,330,1168181.7341031982,-1514-04-09T05:37:06.516Z,1171089.3046112712,-1506-03-25T19:18:38.414Z,"[{""jd_ut"":1168181.7341031982,""utc"":""-1514-04-09T05:37:06.516Z"",""motion"":""direct""},{""jd_ut"":1168299.7051126137,""utc"":""-1514-08-05T04:55:21.730Z"",""motion"":""retrograde""},{""jd_ut"":1168475.7405144596,""utc"":""-1513-01-28T05:46:20.449Z"",""motion"":""direct""}]",3
R24.01,R24,24,1,Aries,0,1171089.3046112712,-1506-03-25T19:18:38.414Z,1173682.5770544917,-1499-05-02T01:50:57.508Z,"[{""jd_ut"":1171089.3046112712,""utc"":""-1506-03-25T19:18:38.414Z"",""motion"":""direct""},{""jd_ut"":1171326.151257995,""utc"":""-1506-11-17T15:37:48.691Z"",""motion"":""retrograde""},{""jd_ut"":1171366.1199424462,""utc"":""-1506-12-27T14:52:43.027Z"",""motion"":""direct""}]",3
R24.02,R24,24,2,Taurus,30,1173682.5770544917,-1499-05-02T01:50:57.508Z,1175971.042527881,-1493-08-07T13:01:14.409Z,"[{""jd_ut"":1173682.5770544917,""utc"":""-1499-05-02T01:50:57.508Z"",""motion"":""direct""},{""jd_ut"":1173899.5997944144,""utc"":""-1499-12-05T02:23:42.237Z"",""motion"":""retrograde""},{""jd_ut"":1173964.5832948294,""utc"":""-1498-02-08T01:59:56.673Z"",""motion"":""direct""}]",3
R24.03,R24,24,3,Gemini,60,1175971.042527881,-1493-08-07T13:01:14.409Z,1178504.2343905778,-1486-07-14T17:37:31.346Z,"[{""jd_ut"":1175971.042527881,""utc"":""-1493-08-07T13:01:14.409Z"",""motion"":""direct""},{""jd_ut"":1176031.5686230166,""utc"":""-1493-10-07T01:38:49.029Z"",""motion"":""retrograde""},{""jd_ut"":1176250.610897174,""utc"":""-1492-05-13T02:39:41.516Z"",""motion"":""direct""}]",3
R24.04,R24,24,4,Cancer,90,1178504.2343905778,-1486-07-14T17:37:31.346Z,1180747.3320151865,-1480-09-03T19:58:06.112Z,"[{""jd_ut"":1178504.2343905778,""utc"":""-1486-07-14T17:37:31.346Z"",""motion"":""direct""},{""jd_ut"":1178687.4714013105,""utc"":""-1485-01-13T23:18:49.073Z"",""motion"":""retrograde""},{""jd_ut"":1178790.951411313,""utc"":""-1485-04-27T10:50:01.937Z"",""motion"":""direct""}]",3
R24.05,R24,24,5,Leo,120,1180747.3320151865,-1480-09-03T19:58:06.112Z,1182996.19068779,-1474-10-31T16:34:35.425Z,"[{""jd_ut"":1180747.3320151865,""utc"":""-1480-09-03T19:58:06.112Z"",""motion"":""direct""},{""jd_ut"":1180878.3096860405,""utc"":""-1479-01-12T19:25:56.874Z"",""motion"":""retrograde""},{""jd_ut"":1181037.30980394,""utc"":""-1479-06-20T19:26:07.060Z"",""motion"":""direct""}]",3
R24.06,R24,24,6,Virgo,150,1182996.19068779,-1474-10-31T16:34:35.425Z,1185527.251418137,-1467-10-05T18:02:02.527Z,"[{""jd_ut"":1182996.19068779,""utc"":""-1474-10-31T16:34:35.425Z"",""motion"":""direct""},{""jd_ut"":1183066.8363317293,""utc"":""-1473-01-10T08:04:19.061Z"",""motion"":""retrograde""},{""jd_ut"":1183278.6873900113,""utc"":""-1473-08-10T04:29:50.497Z"",""motion"":""direct""}]",3
R24.07,R24,24,7,Libra,180,1185527.251418137,-1467-10-05T18:02:02.527Z,1187809.084033262,-1460-01-04T14:01:00.474Z,"[{""jd_ut"":1185527.251418137,""utc"":""-1467-10-05T18:02:02.527Z"",""motion"":""direct""},{""jd_ut"":1185732.7365022297,""utc"":""-1466-04-29T05:40:33.793Z"",""motion"":""retrograde""},{""jd_ut"":1185811.6609648238,""utc"":""-1466-07-17T03:51:47.361Z"",""motion"":""direct""}]",3
R24.08,R24,24,8,Scorpio,210,1187809.084033262,-1460-01-04T14:01:00.474Z,1190393.8269157554,-1453-02-01T07:50:45.521Z,"[{""jd_ut"":1187809.084033262,""utc"":""-1460-01-04T14:01:00.474Z"",""motion"":""direct""},{""jd_ut"":1187869.7294569998,""utc"":""-1460-03-05T05:30:25.085Z"",""motion"":""retrograde""},{""jd_ut"":1188091.4718927783,""utc"":""-1460-10-12T23:19:31.536Z"",""motion"":""direct""}]",3
R24.09,R24,24,9,Sagittarius,240,1190393.8269157554,-1453-02-01T07:50:45.521Z,1193288.379481217,-1445-01-04T21:06:27.177Z,"[{""jd_ut"":1190393.8269157554,""utc"":""-1453-02-01T07:50:45.521Z"",""motion"":""direct""},{""jd_ut"":1190459.2453089831,""utc"":""-1453-04-07T17:53:14.696Z"",""motion"":""retrograde""},{""jd_ut"":1190678.4877309268,""utc"":""-1453-11-12T23:42:19.952Z"",""motion"":""direct""}]",3
R24.10,R24,24,10,Capricorn,270,1193288.379481217,-1445-01-04T21:06:27.177Z,1195919.1609771363,-1438-03-19T15:51:48.425Z,"[{""jd_ut"":1193288.379481217,""utc"":""-1445-01-04T21:06:27.177Z"",""motion"":""direct""},{""jd_ut"":1193488.8599279472,""utc"":""-1445-07-24T08:38:17.775Z"",""motion"":""retrograde""},{""jd_ut"":1193580.561760066,""utc"":""-1445-10-24T01:28:56.070Z"",""motion"":""direct""}]",3
R24.11,R24,24,11,Aquarius,300,1195919.1609771363,-1438-03-19T15:51:48.425Z,1198837.4942098712,-1430-03-15T23:51:39.733Z,"[{""jd_ut"":1195919.1609771363,""utc"":""-1438-03-19T15:51:48.425Z"",""motion"":""direct""},{""jd_ut"":1196015.6839617626,""utc"":""-1438-06-24T04:24:54.296Z"",""motion"":""retrograde""},{""jd_ut"":1196211.1405907664,""utc"":""-1437-01-05T15:22:27.042Z"",""motion"":""direct""}]",3
R24.12,R24,24,12,Pisces,330,1198837.4942098712,-1430-03-15T23:51:39.733Z,1201459.9730101116,-1423-05-20T11:21:08.074Z,"[{""jd_ut"":1198837.4942098712,""utc"":""-1430-03-15T23:51:39.733Z"",""motion"":""direct""},{""jd_ut"":1199012.3189335242,""utc"":""-1430-09-06T19:39:15.856Z"",""motion"":""retrograde""},{""jd_ut"":1199132.5455044187,""utc"":""-1429-01-05T01:05:31.582Z"",""motion"":""direct""}]",3
R25.01,R25,25,1,Aries,0,1201459.9730101116,-1423-05-20T11:21:08.074Z,1204061.4002723931,-1416-07-03T21:36:23.535Z,"[{""jd_ut"":1201459.9730101116,""utc"":""-1423-05-20T11:21:08.074Z"",""motion"":""direct""},{""jd_ut"":1201555.5657762596,""utc"":""-1423-08-24T01:34:43.069Z"",""motion"":""retrograde""},{""jd_ut"":1201749.8047585296,""utc"":""-1422-03-06T07:18:51.137Z"",""motion"":""direct""}]",3
R25.02,R25,25,2,Taurus,30,1204061.4002723931,-1416-07-03T21:36:23.535Z,1206621.4965517512,-1409-07-07T23:55:02.071Z,"[{""jd_ut"":1204061.4002723931,""utc"":""-1416-07-03T21:36:23.535Z"",""motion"":""direct""},{""jd_ut"":1204127.7452466814,""utc"":""-1416-09-08T05:53:09.313Z"",""motion"":""retrograde""},{""jd_ut"":1204343.3892650302,""utc"":""-1415-04-11T21:20:32.499Z"",""motion"":""direct""}]",3
R25.03,R25,25,3,Gemini,60,1206621.4965517512,-1409-07-07T23:55:02.071Z,1209167.0004748227,-1402-06-26T12:00:41.025Z,"[{""jd_ut"":1206621.4965517512,""utc"":""-1409-07-07T23:55:02.071Z"",""motion"":""direct""},{""jd_ut"":1206746.0995579325,""utc"":""-1409-11-09T14:23:21.805Z"",""motion"":""retrograde""},{""jd_ut"":1206912.0920475475,""utc"":""-1408-04-23T14:12:32.908Z"",""motion"":""direct""}]",3
R25.04,R25,25,4,Cancer,90,1209167.0004748227,-1402-06-26T12:00:41.025Z,1211408.7882048986,-1396-08-16T06:55:00.903Z,"[{""jd_ut"":1209167.0004748227,""utc"":""-1402-06-26T12:00:41.025Z"",""motion"":""direct""}]",1
R25.05,R25,25,5,Leo,120,1211408.7882048986,-1396-08-16T06:55:00.903Z,1213651.3131360519,-1390-10-06T19:30:54.955Z,"[{""jd_ut"":1211408.7882048986,""utc"":""-1396-08-16T06:55:00.903Z"",""motion"":""direct""},{""jd_ut"":1211586.137347566,""utc"":""-1395-02-09T15:17:46.830Z"",""motion"":""retrograde""},{""jd_ut"":1211696.4389498304,""utc"":""-1395-05-30T22:32:05.265Z"",""motion"":""direct""}]",3
R25.06,R25,25,6,Virgo,150,1213651.3131360519,-1390-10-06T19:30:54.955Z,1216191.3593222206,-1383-09-19T20:37:25.440Z,"[{""jd_ut"":1213651.3131360519,""utc"":""-1390-10-06T19:30:54.955Z"",""motion"":""direct""},{""jd_ut"":1213777.7522778446,""utc"":""-1389-02-10T06:03:16.806Z"",""motion"":""retrograde""},{""jd_ut"":1213941.7785994941,""utc"":""-1389-07-24T06:41:10.996Z"",""motion"":""direct""}]",3
R25.07,R25,25,7,Libra,180,1216191.3593222206,-1383-09-19T20:37:25.440Z,1218460.54164257,-1377-12-07T00:59:57.918Z,"[{""jd_ut"":1216191.3593222206,""utc"":""-1383-09-19T20:37:25.440Z"",""motion"":""direct""}]",1
R25.08,R25,25,8,Scorpio,210,1218460.54164257,-1377-12-07T00:59:57.918Z,1221045.0082586594,-1369-01-03T12:11:53.548Z,"[{""jd_ut"":1218460.54164257,""utc"":""-1377-12-07T00:59:57.918Z"",""motion"":""direct""},{""jd_ut"":1218584.6833139863,""utc"":""-1376-04-09T04:23:58.328Z"",""motion"":""retrograde""},{""jd_ut"":1218753.826968892,""utc"":""-1376-09-25T07:50:50.112Z"",""motion"":""direct""}]",3
R25.09,R25,25,9,Sagittarius,240,1221045.0082586594,-1369-01-03T12:11:53.548Z,1223668.8701656573,-1362-03-11T08:53:02.313Z,"[{""jd_ut"":1221045.0082586594,""utc"":""-1369-01-03T12:11:53.548Z"",""motion"":""direct""},{""jd_ut"":1221174.5728726522,""utc"":""-1369-05-13T01:44:56.197Z"",""motion"":""retrograde""},{""jd_ut"":1221340.1634880956,""utc"":""-1369-10-25T15:55:25.371Z"",""motion"":""direct""}]",3
R25.10,R25,25,10,Capricorn,270,1223668.8701656573,-1362-03-11T08:53:02.313Z,1226572.9090560772,-1354-02-21T09:49:02.445Z,"[{""jd_ut"":1223668.8701656573,""utc"":""-1362-03-11T08:53:02.313Z"",""motion"":""direct""},{""jd_ut"":1223718.8141460805,""utc"":""-1362-04-30T07:32:22.221Z"",""motion"":""retrograde""},{""jd_ut"":1223949.3538382454,""utc"":""-1362-12-16T20:29:31.624Z"",""motion"":""direct""}]",3
R25.11,R25,25,11,Aquarius,300,1226572.9090560772,-1354-02-21T09:49:02.445Z,1229496.7754676556,-1346-02-23T06:36:40.405Z,"[{""jd_ut"":1226572.9090560772,""utc"":""-1354-02-21T09:49:02.445Z"",""motion"":""direct""},{""jd_ut"":1226729.1981654111,""utc"":""-1354-07-27T16:45:21.492Z"",""motion"":""retrograde""},{""jd_ut"":1226869.8871536772,""utc"":""-1354-12-15T09:17:30.078Z"",""motion"":""direct""}]",3
R25.12,R25,25,12,Pisces,330,1229496.7754676556,-1346-02-23T06:36:40.405Z,1232113.331815077,-1339-04-23T19:57:48.823Z,"[{""jd_ut"":1229496.7754676556,""utc"":""-1346-02-23T06:36:40.405Z"",""motion"":""direct""},{""jd_ut"":1229735.4684371003,""utc"":""-1346-10-19T23:14:32.965Z"",""motion"":""retrograde""},{""jd_ut"":1229775.147035289,""utc"":""-1346-11-28T15:31:43.849Z"",""motion"":""direct""}]",3
R26.01,R26,26,1,Aries,0,1232113.331815077,-1339-04-23T19:57:48.823Z,1234710.4013452511,-1332-06-02T21:37:56.230Z,"[{""jd_ut"":1232113.331815077,""utc"":""-1339-04-23T19:57:48.823Z"",""motion"":""direct""},{""jd_ut"":1232268.8086579912,""utc"":""-1339-09-26T07:24:28.050Z"",""motion"":""retrograde""},{""jd_ut"":1232407.9877781137,""utc"":""-1338-02-12T11:42:24.029Z"",""motion"":""direct""}]",3
R26.02,R26,26,2,Taurus,30,1234710.4013452511,-1332-06-02T21:37:56.230Z,1237279.308606822,-1325-06-15T19:24:23.629Z,"[{""jd_ut"":1234710.4013452511,""utc"":""-1332-06-02T21:37:56.230Z"",""motion"":""direct""},{""jd_ut"":1234844.227116499,""utc"":""-1332-10-14T17:27:02.866Z"",""motion"":""retrograde""},{""jd_ut"":1235002.763462863,""utc"":""-1331-03-22T06:19:23.191Z"",""motion"":""direct""}]",3
R26.03,R26,26,3,Gemini,60,1237279.308606822,-1325-06-15T19:24:23.629Z,1239544.0993676968,-1319-08-27T14:23:05.369Z,"[{""jd_ut"":1237279.308606822,""utc"":""-1325-06-15T19:24:23.629Z"",""motion"":""direct""},{""jd_ut"":1237457.3957385244,""utc"":""-1325-12-10T21:29:51.809Z"",""motion"":""retrograde""},{""jd_ut"":1237568.4376593917,""utc"":""-1324-03-30T22:30:13.771Z"",""motion"":""direct""}]",3
R26.04,R26,26,4,Cancer,90,1239544.0993676968,-1319-08-27T14:23:05.369Z,1242070.0909387637,-1312-07-27T14:10:57.109Z,"[{""jd_ut"":1239544.0993676968,""utc"":""-1319-08-27T14:23:05.369Z"",""motion"":""direct""},{""jd_ut"":1239624.6170500028,""utc"":""-1319-11-16T02:48:33.120Z"",""motion"":""retrograde""},{""jd_ut"":1239827.8498255382,""utc"":""-1318-06-07T08:23:44.927Z"",""motion"":""direct""}]",3
R26.05,R26,26,5,Leo,120,1242070.0909387637,-1312-07-27T14:10:57.109Z,1244310.0177234677,-1306-09-14T12:25:31.308Z,"[{""jd_ut"":1242070.0909387637,""utc"":""-1312-07-27T14:10:57.109Z"",""motion"":""direct""}]",1
R26.06,R26,26,6,Virgo,150,1244310.0177234677,-1306-09-14T12:25:31.308Z,1246562.5260984176,-1300-11-15T00:37:34.903Z,"[{""jd_ut"":1244310.0177234677,""utc"":""-1306-09-14T12:25:31.308Z"",""motion"":""direct""},{""jd_ut"":1244490.083350351,""utc"":""-1305-03-13T14:00:01.470Z"",""motion"":""retrograde""},{""jd_ut"":1244597.821081445,""utc"":""-1305-06-29T07:42:21.437Z"",""motion"":""direct""}]",3
R26.07,R26,26,7,Libra,180,1246562.5260984176,-1300-11-15T00:37:34.903Z,1249119.0546630328,-1293-11-15T13:18:42.886Z,"[{""jd_ut"":1246562.5260984176,""utc"":""-1300-11-15T00:37:34.903Z"",""motion"":""direct""},{""jd_ut"":1246667.713101442,""utc"":""-1299-02-28T05:06:51.965Z"",""motion"":""retrograde""},{""jd_ut"":1246852.561962022,""utc"":""-1299-09-01T01:29:13.519Z"",""motion"":""direct""}]",3
R26.08,R26,26,8,Scorpio,210,1249119.0546630328,-1293-11-15T13:18:42.886Z,1251703.2404144988,-1286-12-12T17:46:11.813Z,"[{""jd_ut"":1249119.0546630328,""utc"":""-1293-11-15T13:18:42.886Z"",""motion"":""direct""},{""jd_ut"":1249296.7040536744,""utc"":""-1292-05-11T04:53:50.237Z"",""motion"":""retrograde""},{""jd_ut"":1249411.1373914871,""utc"":""-1292-09-02T15:17:50.624Z"",""motion"":""direct""}]",3
R26.09,R26,26,9,Sagittarius,240,1251703.2404144988,-1286-12-12T17:46:11.813Z,1254313.7821318782,-1278-02-04T06:46:16.194Z,"[{""jd_ut"":1251703.2404144988,""utc"":""-1286-12-12T17:46:11.813Z"",""motion"":""direct""},{""jd_ut"":1251887.1750022643,""utc"":""-1285-06-14T16:12:00.196Z"",""motion"":""retrograde""},{""jd_ut"":1251996.720210662,""utc"":""-1285-10-02T05:17:06.201Z"",""motion"":""direct""}]",3
R26.10,R26,26,10,Capricorn,270,1254313.7821318782,-1278-02-04T06:46:16.194Z,1257231.8881496056,-1270-01-31T09:18:56.126Z,"[{""jd_ut"":1254313.7821318782,""utc"":""-1278-02-04T06:46:16.194Z"",""motion"":""direct""},{""jd_ut"":1254440.3041295893,""utc"":""-1278-06-10T19:17:56.797Z"",""motion"":""retrograde""},{""jd_ut"":1254609.3965084045,""utc"":""-1278-11-26T21:30:58.326Z"",""motion"":""direct""}]",3
R26.11,R26,26,11,Aquarius,300,1257231.8881496056,-1270-01-31T09:18:56.126Z,1259863.922026367,-1263-04-16T10:07:43.078Z,"[{""jd_ut"":1257231.8881496056,""utc"":""-1270-01-31T09:18:56.126Z"",""motion"":""direct""},{""jd_ut"":1257444.4461318492,""utc"":""-1270-08-31T22:42:25.792Z"",""motion"":""retrograde""},{""jd_ut"":1257521.6501514837,""utc"":""-1270-11-17T03:36:13.088Z"",""motion"":""direct""}]",3
R26.12,R26,26,12,Pisces,330,1259863.922026367,-1263-04-16T10:07:43.078Z,1262772.3140430083,-1255-04-02T19:32:13.316Z,"[{""jd_ut"":1259863.922026367,""utc"":""-1263-04-16T10:07:43.078Z"",""motion"":""direct""},{""jd_ut"":1259968.0766294417,""utc"":""-1263-07-29T13:50:20.784Z"",""motion"":""retrograde""},{""jd_ut"":1260156.2818440632,""utc"":""-1262-02-02T18:45:51.327Z"",""motion"":""direct""}]",3
R27.01,R27,27,1,Aries,0,1262772.3140430083,-1255-04-02T19:32:13.316Z,1265368.306697762,-1248-05-11T19:21:38.687Z,"[{""jd_ut"":1262772.3140430083,""utc"":""-1255-04-02T19:32:13.316Z"",""motion"":""direct""},{""jd_ut"":1262983.2759357258,""utc"":""-1255-10-30T18:37:20.847Z"",""motion"":""retrograde""},{""jd_ut"":1263059.6537264185,""utc"":""-1254-01-15T03:41:21.963Z"",""motion"":""direct""}]",3
R27.02,R27,27,2,Taurus,30,1265368.306697762,-1248-05-11T19:21:38.687Z,1267940.4549057507,-1241-05-27T22:55:03.857Z,"[{""jd_ut"":1265368.306697762,""utc"":""-1248-05-11T19:21:38.687Z"",""motion"":""direct""},{""jd_ut"":1265556.1015489427,""utc"":""-1248-11-15T14:26:13.829Z"",""motion"":""retrograde""},{""jd_ut"":1265658.0498982864,""utc"":""-1247-02-25T13:11:51.212Z"",""motion"":""direct""}]",3
R27.03,R27,27,3,Gemini,60,1267940.4549057507,-1241-05-27T22:55:03.857Z,1270198.3923753141,-1235-08-01T21:25:01.227Z,"[{""jd_ut"":1267940.4549057507,""utc"":""-1241-05-27T22:55:03.857Z"",""motion"":""direct""},{""jd_ut"":1268183.9498115787,""utc"":""-1240-01-26T10:47:43.720Z"",""motion"":""retrograde""},{""jd_ut"":1268206.4867759827,""utc"":""-1240-02-17T23:40:57.445Z"",""motion"":""direct""}]",3
R27.04,R27,27,4,Cancer,90,1270198.3923753141,-1235-08-01T21:25:01.227Z,1272450.9853173266,-1229-10-02T11:38:51.417Z,"[{""jd_ut"":1270198.3923753141,""utc"":""-1235-08-01T21:25:01.227Z"",""motion"":""direct""},{""jd_ut"":1270336.473231635,""utc"":""-1235-12-17T23:21:27.213Z"",""motion"":""retrograde""},{""jd_ut"":1270488.4660191685,""utc"":""-1234-05-18T23:11:04.056Z"",""motion"":""direct""}]",3
R27.05,R27,27,5,Leo,120,1272450.9853173266,-1229-10-02T11:38:51.417Z,1274972.3785556206,-1222-08-27T21:05:07.206Z,"[{""jd_ut"":1272450.9853173266,""utc"":""-1229-10-02T11:38:51.417Z"",""motion"":""direct""},{""jd_ut"":1272520.9784321515,""utc"":""-1229-12-11T11:28:56.538Z"",""motion"":""retrograde""},{""jd_ut"":1272732.6730448534,""utc"":""-1228-07-10T04:09:11.075Z"",""motion"":""direct""}]",3
R27.06,R27,27,6,Virgo,150,1274972.3785556206,-1222-08-27T21:05:07.206Z,1277220.4735499928,-1216-10-22T23:21:54.719Z,"[{""jd_ut"":1274972.3785556206,""utc"":""-1222-08-27T21:05:07.206Z"",""motion"":""direct""}]",1
R27.07,R27,27,7,Libra,180,1277220.4735499928,-1216-10-22T23:21:54.719Z,1279780.2270771936,-1209-10-26T17:26:59.470Z,"[{""jd_ut"":1277220.4735499928,""utc"":""-1216-10-22T23:21:54.719Z"",""motion"":""direct""},{""jd_ut"":1277378.2413467923,""utc"":""-1215-03-29T17:47:32.363Z"",""motion"":""retrograde""},{""jd_ut"":1277512.3925781646,""utc"":""-1215-08-10T21:25:18.753Z"",""motion"":""direct""}]",3
R27.08,R27,27,8,Scorpio,210,1279780.2270771936,-1209-10-26T17:26:59.470Z,1282364.3820691574,-1202-11-22T21:10:10.775Z,"[{""jd_ut"":1279780.2270771936,""utc"":""-1209-10-26T17:26:59.470Z"",""motion"":""direct""},{""jd_ut"":1280025.2659221087,""utc"":""-1208-06-27T18:22:55.670Z"",""motion"":""retrograde""},{""jd_ut"":1280048.831853889,""utc"":""-1208-07-21T07:57:52.176Z"",""motion"":""direct""}]",3
R27.09,R27,27,9,Sagittarius,240,1282364.3820691574,-1202-11-22T21:10:10.775Z,1284970.9987616683,-1194-01-11T11:58:13.008Z,"[{""jd_ut"":1282364.3820691574,""utc"":""-1202-11-22T21:10:10.775Z"",""motion"":""direct""}]",1
R27.10,R27,27,10,Capricorn,270,1284970.9987616683,-1194-01-11T11:58:13.008Z,1287603.9255110915,-1187-03-28T10:12:44.158Z,"[{""jd_ut"":1284970.9987616683,""utc"":""-1194-01-11T11:58:13.008Z"",""motion"":""direct""},{""jd_ut"":1285153.3867556849,""utc"":""-1194-07-12T21:16:55.691Z"",""motion"":""retrograde""},{""jd_ut"":1285265.7626953367,""utc"":""-1194-11-02T06:18:16.877Z"",""motion"":""direct""}]",3
R27.11,R27,27,11,Aquarius,300,1287603.9255110915,-1187-03-28T10:12:44.158Z,1290518.5052739768,-1179-03-21T00:07:35.672Z,"[{""jd_ut"":1287603.9255110915,""utc"":""-1187-03-28T10:12:44.158Z"",""motion"":""direct""},{""jd_ut"":1287681.3710545553,""utc"":""-1187-06-13T20:54:19.114Z"",""motion"":""retrograde""},{""jd_ut"":1287892.1240078653,""utc"":""-1186-01-10T14:58:34.280Z"",""motion"":""direct""}]",3
R27.12,R27,27,12,Pisces,330,1290518.5052739768,-1179-03-21T00:07:35.672Z,1293148.3381314212,-1172-06-01T20:06:54.555Z,"[{""jd_ut"":1290518.5052739768,""utc"":""-1179-03-21T00:07:35.672Z"",""motion"":""direct""},{""jd_ut"":1290680.8556680619,""utc"":""-1179-08-30T08:32:09.721Z"",""motion"":""retrograde""},{""jd_ut"":1290814.3867756273,""utc"":""-1178-01-10T21:16:57.414Z"",""motion"":""direct""}]",3
R28.01,R28,28,1,Aries,0,1293148.3381314212,-1172-06-01T20:06:54.555Z,1296029.223958807,-1164-04-21T17:22:30.041Z,"[{""jd_ut"":1293148.3381314212,""utc"":""-1172-06-01T20:06:54.555Z"",""motion"":""direct""},{""jd_ut"":1293217.5031459024,""utc"":""-1172-08-10T00:04:31.806Z"",""motion"":""retrograde""},{""jd_ut"":1293432.6886749137,""utc"":""-1171-03-13T04:31:41.513Z"",""motion"":""direct""}]",3
R28.02,R28,28,2,Taurus,30,1296029.223958807,-1164-04-21T17:22:30.041Z,1298317.4846623829,-1158-07-27T23:37:54.830Z,"[{""jd_ut"":1296029.223958807,""utc"":""-1164-04-21T17:22:30.041Z"",""motion"":""direct""}]",1
R28.03,R28,28,3,Gemini,60,1298317.4846623829,-1158-07-27T23:37:54.830Z,1300858.4576888955,-1151-07-11T22:59:04.321Z,"[{""jd_ut"":1298317.4846623829,""utc"":""-1158-07-27T23:37:54.830Z"",""motion"":""direct""},{""jd_ut"":1298398.5807551541,""utc"":""-1158-10-17T01:56:17.245Z"",""motion"":""retrograde""},{""jd_ut"":1298602.183102944,""utc"":""-1157-05-08T16:23:40.094Z"",""motion"":""direct""}]",3
R28.04,R28,28,4,Cancer,90,1300858.4576888955,-1151-07-11T22:59:04.321Z,1303104.148444063,-1145-09-04T15:33:45.567Z,"[{""jd_ut"":1300858.4576888955,""utc"":""-1151-07-11T22:59:04.321Z"",""motion"":""direct""},{""jd_ut"":1301047.1151338439,""utc"":""-1150-01-16T14:45:47.564Z"",""motion"":""retrograde""},{""jd_ut"":1301144.3988286532,""utc"":""-1150-04-23T21:34:18.796Z"",""motion"":""direct""}]",3
R28.05,R28,28,5,Leo,120,1303104.148444063,-1145-09-04T15:33:45.567Z,1305351.800928622,-1139-10-30T07:13:20.233Z,"[{""jd_ut"":1303104.148444063,""utc"":""-1145-09-04T15:33:45.567Z"",""motion"":""direct""},{""jd_ut"":1303233.9401853778,""utc"":""-1144-01-12T10:33:52.017Z"",""motion"":""retrograde""},{""jd_ut"":1303394.0464109331,""utc"":""-1144-06-20T13:06:49.905Z"",""motion"":""direct""}]",3
R28.06,R28,28,6,Virgo,150,1305351.800928622,-1139-10-30T07:13:20.233Z,1307881.4124848247,-1132-10-02T21:53:58.689Z,"[{""jd_ut"":1305351.800928622,""utc"":""-1139-10-30T07:13:20.233Z"",""motion"":""direct""},{""jd_ut"":1305424.1034463397,""utc"":""-1138-01-10T14:28:57.764Z"",""motion"":""retrograde""},{""jd_ut"":1305634.4364995789,""utc"":""-1138-08-08T22:28:33.564Z"",""motion"":""direct""}]",3
R28.07,R28,28,7,Libra,180,1307881.4124848247,-1132-10-02T21:53:58.689Z,1310153.0866807955,-1126-12-22T14:04:49.221Z,"[{""jd_ut"":1307881.4124848247,""utc"":""-1132-10-02T21:53:58.689Z"",""motion"":""direct""},{""jd_ut"":1308094.136355563,""utc"":""-1131-05-03T15:16:21.121Z"",""motion"":""retrograde""},{""jd_ut"":1308163.177670375,""utc"":""-1131-07-11T16:15:50.720Z"",""motion"":""direct""}]",3
R28.08,R28,28,8,Scorpio,210,1310153.0866807955,-1126-12-22T14:04:49.221Z,1312732.2574970974,-1118-01-13T18:10:47.749Z,"[{""jd_ut"":1310153.0866807955,""utc"":""-1126-12-22T14:04:49.221Z"",""motion"":""direct""},{""jd_ut"":1310240.2013715818,""utc"":""-1125-03-19T16:49:58.505Z"",""motion"":""retrograde""},{""jd_ut"":1310441.3359572333,""utc"":""-1125-10-06T20:03:46.705Z"",""motion"":""direct""}]",3
R28.09,R28,28,9,Sagittarius,240,1312732.2574970974,-1118-01-13T18:10:47.749Z,1315630.7499001254,-1111-12-21T05:59:51.371Z,"[{""jd_ut"":1312732.2574970974,""utc"":""-1118-01-13T18:10:47.749Z"",""motion"":""direct""},{""jd_ut"":1312836.1914936872,""utc"":""-1118-04-27T16:35:45.055Z"",""motion"":""retrograde""},{""jd_ut"":1313024.7334843213,""utc"":""-1118-11-02T05:36:13.045Z"",""motion"":""direct""}]",3
R28.10,R28,28,10,Capricorn,270,1315630.7499001254,-1111-12-21T05:59:51.371Z,1318254.4328859202,-1103-02-25T22:23:21.344Z,"[{""jd_ut"":1315630.7499001254,""utc"":""-1111-12-21T05:59:51.371Z"",""motion"":""direct""}]",1
R28.11,R28,28,11,Aquarius,300,1318254.4328859202,-1103-02-25T22:23:21.344Z,1321177.424339475,-1095-02-27T22:11:02.931Z,"[{""jd_ut"":1318254.4328859202,""utc"":""-1103-02-25T22:23:21.344Z"",""motion"":""direct""},{""jd_ut"":1318397.5603148923,""utc"":""-1103-07-19T01:26:51.207Z"",""motion"":""retrograde""},{""jd_ut"":1318551.2316519632,""utc"":""-1103-12-19T17:33:34.730Z"",""motion"":""direct""}]",3
R28.12,R28,28,12,Pisces,330,1321177.424339475,-1095-02-27T22:11:02.931Z,1323798.4056198774,-1088-05-02T21:44:05.557Z,"[{""jd_ut"":1321177.424339475,""utc"":""-1095-02-27T22:11:02.931Z"",""motion"":""direct""},{""jd_ut"":1321397.605203128,""utc"":""-1095-10-06T02:31:29.550Z"",""motion"":""retrograde""},{""jd_ut"":1321464.011485938,""utc"":""-1095-12-11T12:16:32.385Z"",""motion"":""direct""}]",3
R29.01,R29,29,1,Aries,0,1323798.4056198774,-1088-05-02T21:44:05.557Z,1326400.991457215,-1081-06-18T11:47:41.903Z,"[{""jd_ut"":1323798.4056198774,""utc"":""-1088-05-02T21:44:05.557Z"",""motion"":""direct""},{""jd_ut"":1323932.8034382872,""utc"":""-1088-09-14T07:16:57.068Z"",""motion"":""retrograde""},{""jd_ut"":1324092.8001203765,""utc"":""-1087-02-21T07:12:10.401Z"",""motion"":""direct""}]",3
R29.02,R29,29,2,Taurus,30,1326400.991457215,-1081-06-18T11:47:41.903Z,1328972.611511867,-1074-07-03T02:40:34.625Z,"[{""jd_ut"":1326400.991457215,""utc"":""-1081-06-18T11:47:41.903Z"",""motion"":""direct""},{""jd_ut"":1326502.3859179448,""utc"":""-1081-09-27T21:15:43.310Z"",""motion"":""retrograde""},{""jd_ut"":1326690.5263556857,""utc"":""-1080-04-03T00:37:57.131Z"",""motion"":""direct""}]",3
R29.03,R29,29,3,Gemini,60,1328972.611511867,-1074-07-03T02:40:34.625Z,1331522.3241723105,-1067-06-25T19:46:48.488Z,"[{""jd_ut"":1328972.611511867,""utc"":""-1074-07-03T02:40:34.625Z"",""motion"":""direct""},{""jd_ut"":1329108.7686589067,""utc"":""-1074-11-16T06:26:52.130Z"",""motion"":""retrograde""},{""jd_ut"":1329263.934385167,""utc"":""-1073-04-20T10:25:30.878Z"",""motion"":""direct""}]",3
R29.04,R29,29,4,Cancer,90,1331522.3241723105,-1067-06-25T19:46:48.488Z,1333766.6218386027,-1061-08-18T02:55:26.855Z,"[{""jd_ut"":1331522.3241723105,""utc"":""-1067-06-25T19:46:48.488Z"",""motion"":""direct""}]",1
R29.05,R29,29,5,Leo,120,1333766.6218386027,-1061-08-18T02:55:26.855Z,1336008.2106912467,-1055-10-06T17:03:23.724Z,"[{""jd_ut"":1333766.6218386027,""utc"":""-1061-08-18T02:55:26.855Z"",""motion"":""direct""},{""jd_ut"":1333939.8887490216,""utc"":""-1060-02-07T09:19:47.915Z"",""motion"":""retrograde""},{""jd_ut"":1334054.7127838829,""utc"":""-1060-06-01T05:06:24.527Z"",""motion"":""direct""}]",3
R29.06,R29,29,6,Virgo,150,1336008.2106912467,-1055-10-06T17:03:23.724Z,1338546.3089081557,-1048-09-17T19:24:49.665Z,"[{""jd_ut"":1336008.2106912467,""utc"":""-1055-10-06T17:03:23.724Z"",""motion"":""direct""},{""jd_ut"":1336133.4035312352,""utc"":""-1054-02-08T21:41:05.099Z"",""motion"":""retrograde""},{""jd_ut"":1336298.3680305006,""utc"":""-1054-07-23T20:49:57.835Z"",""motion"":""direct""}]",3
R29.07,R29,29,7,Libra,180,1338546.3089081557,-1048-09-17T19:24:49.665Z,1340809.8422705526,-1042-11-29T08:12:52.176Z,"[{""jd_ut"":1338546.3089081557,""utc"":""-1048-09-17T19:24:49.665Z"",""motion"":""direct""}]",1
R29.08,R29,29,8,Scorpio,210,1340809.8422705526,-1042-11-29T08:12:52.176Z,1343390.036981381,-1035-12-22T12:53:15.191Z,"[{""jd_ut"":1340809.8422705526,""utc"":""-1042-11-29T08:12:52.176Z"",""motion"":""direct""},{""jd_ut"":1340950.4724613735,""utc"":""-1041-04-18T23:20:20.663Z"",""motion"":""retrograde""},{""jd_ut"":1341103.4743685587,""utc"":""-1041-09-18T23:23:05.443Z"",""motion"":""direct""}]",3
R29.09,R29,29,9,Sagittarius,240,1343390.036981381,-1035-12-22T12:53:15.191Z,1345998.36150308,-1027-02-11T20:40:33.866Z,"[{""jd_ut"":1343390.036981381,""utc"":""-1035-12-22T12:53:15.191Z"",""motion"":""direct""},{""jd_ut"":1343546.2888414501,""utc"":""-1034-05-27T18:55:55.901Z"",""motion"":""retrograde""},{""jd_ut"":1343685.5014245468,""utc"":""-1034-10-14T00:02:03.081Z"",""motion"":""direct""}]",3
R29.10,R29,29,10,Capricorn,270,1345998.36150308,-1027-02-11T20:40:33.866Z,1348913.111222359,-1019-02-04T14:40:09.612Z,"[{""jd_ut"":1345998.36150308,""utc"":""-1027-02-11T20:40:33.866Z"",""motion"":""direct""},{""jd_ut"":1346105.4664084949,""utc"":""-1027-05-29T23:11:37.694Z"",""motion"":""retrograde""},{""jd_ut"":1346291.7861818126,""utc"":""-1027-12-02T06:52:06.109Z"",""motion"":""direct""}]",3
R29.11,R29,29,11,Aquarius,300,1348913.111222359,-1019-02-04T14:40:09.612Z,1351548.9644806236,-1012-04-24T11:08:51.126Z,"[{""jd_ut"":1348913.111222359,""utc"":""-1019-02-04T14:40:09.612Z"",""motion"":""direct""},{""jd_ut"":1349110.1962129343,""utc"":""-1019-08-20T16:42:32.798Z"",""motion"":""retrograde""},{""jd_ut"":1349206.3682614323,""utc"":""-1019-11-24T20:50:17.788Z"",""motion"":""direct""}]",3
R29.12,R29,29,12,Pisces,330,1351548.9644806236,-1012-04-24T11:08:51.126Z,1354456.6354843988,-1004-04-10T03:15:05.852Z,"[{""jd_ut"":1351548.9644806236,""utc"":""-1012-04-24T11:08:51.126Z"",""motion"":""direct""},{""jd_ut"":1351633.3972961335,""utc"":""-1012-07-17T21:32:06.386Z"",""motion"":""retrograde""},{""jd_ut"":1351837.954887929,""utc"":""-1011-02-07T10:55:02.317Z"",""motion"":""direct""}]",3
R30.01,R30,30,1,Aries,0,1354456.6354843988,-1004-04-10T03:15:05.852Z,1357057.4482331276,-0997-05-25T22:45:27.342Z,"[{""jd_ut"":1354456.6354843988,""utc"":""-1004-04-10T03:15:05.852Z"",""motion"":""direct""},{""jd_ut"":1354643.906281061,""utc"":""-1004-10-14T09:45:02.684Z"",""motion"":""retrograde""},{""jd_ut"":1354749.0607797033,""utc"":""-1003-01-27T13:27:31.366Z"",""motion"":""direct""}]",3
R30.02,R30,30,2,Taurus,30,1357057.4482331276,-0997-05-25T22:45:27.342Z,1359633.2074272614,-0990-06-13T16:58:41.715Z,"[{""jd_ut"":1357057.4482331276,""utc"":""-0997-05-25T22:45:27.342Z"",""motion"":""direct""},{""jd_ut"":1357212.136857167,""utc"":""-0997-10-27T15:17:04.459Z"",""motion"":""retrograde""},{""jd_ut"":1357350.5858188113,""utc"":""-0996-03-14T02:03:34.745Z"",""motion"":""direct""}]",3
R30.03,R30,30,3,Gemini,60,1359633.2074272614,-0990-06-13T16:58:41.715Z,1361903.258286186,-0984-08-30T18:11:55.926Z,"[{""jd_ut"":1359633.2074272614,""utc"":""-0990-06-13T16:58:41.715Z"",""motion"":""direct""},{""jd_ut"":1359817.2935015187,""utc"":""-0990-12-14T19:02:38.531Z"",""motion"":""retrograde""},{""jd_ut"":1359921.7452435242,""utc"":""-0989-03-29T05:53:09.040Z"",""motion"":""direct""}]",3
R30.04,R30,30,4,Cancer,90,1361903.258286186,-0984-08-30T18:11:55.926Z,1364430.8313941103,-0977-08-02T07:57:12.451Z,"[{""jd_ut"":1361903.258286186,""utc"":""-0984-08-30T18:11:55.926Z"",""motion"":""direct""},{""jd_ut"":1361977.6316755512,""utc"":""-0984-11-13T03:09:36.768Z"",""motion"":""retrograde""},{""jd_ut"":1362185.9363179645,""utc"":""-0983-06-09T10:28:17.872Z"",""motion"":""direct""}]",3
R30.05,R30,30,5,Leo,120,1364430.8313941103,-0977-08-02T07:57:12.451Z,1366670.235080075,-0971-09-18T17:38:30.918Z,"[{""jd_ut"":1364430.8313941103,""utc"":""-0977-08-02T07:57:12.451Z"",""motion"":""direct""},{""jd_ut"":1364653.8554698536,""utc"":""-0976-03-12T08:31:52.595Z"",""motion"":""retrograde""},{""jd_ut"":1364705.3493850776,""utc"":""-0976-05-02T20:23:06.871Z"",""motion"":""direct""}]",3
R30.06,R30,30,6,Virgo,150,1366670.235080075,-0971-09-18T17:38:30.918Z,1368921.4968012474,-0965-11-17T23:55:23.628Z,"[{""jd_ut"":1366670.235080075,""utc"":""-0971-09-18T17:38:30.918Z"",""motion"":""direct""},{""jd_ut"":1366839.8979209373,""utc"":""-0970-03-07T09:33:00.369Z"",""motion"":""retrograde""},{""jd_ut"":1366959.2437453321,""utc"":""-0970-07-04T17:50:59.597Z"",""motion"":""direct""}]",3
R30.07,R30,30,7,Libra,180,1368921.4968012474,-0965-11-17T23:55:23.628Z,1371471.94733983,-0958-11-11T10:44:10.161Z,"[{""jd_ut"":1368921.4968012474,""utc"":""-0965-11-17T23:55:23.628Z"",""motion"":""direct""},{""jd_ut"":1369020.8910410954,""utc"":""-0964-02-25T09:23:05.951Z"",""motion"":""retrograde""},{""jd_ut"":1369210.4196892283,""utc"":""-0964-09-01T22:04:21.149Z"",""motion"":""direct""}]",3
R30.08,R30,30,8,Scorpio,210,1371471.94733983,-0958-11-11T10:44:10.161Z,1374051.7848681388,-0951-12-04T06:50:12.607Z,"[{""jd_ut"":1371471.94733983,""utc"":""-0958-11-11T10:44:10.161Z"",""motion"":""direct""},{""jd_ut"":1371659.136061633,""utc"":""-0957-05-17T15:15:55.725Z"",""motion"":""retrograde""},{""jd_ut"":1371762.1436865032,""utc"":""-0957-08-28T15:26:54.514Z"",""motion"":""direct""}]",3
R30.09,R30,30,9,Sagittarius,240,1374051.7848681388,-0951-12-04T06:50:12.607Z,1376655.1565986136,-0943-01-19T15:45:30.120Z,"[{""jd_ut"":1374051.7848681388,""utc"":""-0951-12-04T06:50:12.607Z"",""motion"":""direct""},{""jd_ut"":1374258.2406754154,""utc"":""-0950-06-28T17:46:34.356Z"",""motion"":""retrograde""},{""jd_ut"":1374340.3809385262,""utc"":""-0950-09-18T21:08:33.089Z"",""motion"":""direct""}]",3
R30.10,R30,30,10,Capricorn,270,1376655.1565986136,-0943-01-19T15:45:30.120Z,1379294.8306164187,-0936-04-12T07:56:05.259Z,"[{""jd_ut"":1376655.1565986136,""utc"":""-0943-01-19T15:45:30.120Z"",""motion"":""direct""},{""jd_ut"":1376816.6747431504,""utc"":""-0943-06-30T04:11:37.808Z"",""motion"":""retrograde""},{""jd_ut"":1376951.4749801606,""utc"":""-0943-11-11T23:23:58.286Z"",""motion"":""direct""}]",3
R30.11,R30,30,11,Aquarius,300,1379294.8306164187,-0936-04-12T07:56:05.259Z,1382201.0744109503,-0928-03-27T13:47:09.106Z,"[{""jd_ut"":1379294.8306164187,""utc"":""-0936-04-12T07:56:05.259Z"",""motion"":""direct""},{""jd_ut"":1379340.81073434,""utc"":""-0936-05-28T07:27:27.447Z"",""motion"":""retrograde""},{""jd_ut"":1379574.0530152288,""utc"":""-0935-01-16T13:16:20.516Z"",""motion"":""direct""}]",3
R30.12,R30,30,12,Pisces,330,1382201.0744109503,-0928-03-27T13:47:09.106Z,1385117.15232336,-0920-03-21T15:39:20.738Z,"[{""jd_ut"":1382201.0744109503,""utc"":""-0928-03-27T13:47:09.106Z"",""motion"":""direct""},{""jd_ut"":1382347.530169357,""utc"":""-0928-08-21T00:43:26.632Z"",""motion"":""retrograde""},{""jd_ut"":1382497.363647853,""utc"":""-0927-01-17T20:43:39.175Z"",""motion"":""direct""}]",3
R31.01,R31,31,1,Aries,0,1385117.15232336,-0920-03-21T15:39:20.738Z,1387717.3463389822,-0913-05-04T20:18:43.688Z,"[{""jd_ut"":1385117.15232336,""utc"":""-0920-03-21T15:39:20.738Z"",""motion"":""direct""}]",1
R31.02,R31,31,2,Taurus,30,1387717.3463389822,-0913-05-04T20:18:43.688Z,1390295.117036784,-0906-05-25T14:48:31.978Z,"[{""jd_ut"":1387717.3463389822,""utc"":""-0913-05-04T20:18:43.688Z"",""motion"":""direct""},{""jd_ut"":1387924.9307978172,""utc"":""-0913-11-28T10:20:20.931Z"",""motion"":""retrograde""},{""jd_ut"":1388003.5167811764,""utc"":""-0912-02-15T00:24:09.894Z"",""motion"":""direct""}]",3
R31.03,R31,31,3,Gemini,60,1390295.117036784,-0906-05-25T14:48:31.978Z,1392558.1899494054,-0900-08-05T16:33:31.629Z,"[{""jd_ut"":1390295.117036784,""utc"":""-0906-05-25T14:48:31.978Z"",""motion"":""direct""}]",1
R31.04,R31,31,4,Cancer,90,1392558.1899494054,-0900-08-05T16:33:31.629Z,1394824.4231349183,-0894-10-19T22:09:18.857Z,"[{""jd_ut"":1392558.1899494054,""utc"":""-0900-08-05T16:33:31.629Z"",""motion"":""direct""},{""jd_ut"":1392687.9885763233,""utc"":""-0900-12-13T11:43:32.994Z"",""motion"":""retrograde""},{""jd_ut"":1392848.4086979139,""utc"":""-0899-05-22T21:48:31.500Z"",""motion"":""direct""}]",3
R31.05,R31,31,5,Leo,120,1394824.4231349183,-0894-10-19T22:09:18.857Z,1397335.1509002456,-0887-09-03T15:37:17.781Z,"[{""jd_ut"":1394824.4231349183,""utc"":""-0894-10-19T22:09:18.857Z"",""motion"":""direct""},{""jd_ut"":1394858.8603104567,""utc"":""-0894-11-23T08:38:50.823Z"",""motion"":""retrograde""},{""jd_ut"":1395095.2479649559,""utc"":""-0893-07-17T17:57:04.172Z"",""motion"":""direct""}]",3
R31.06,R31,31,6,Virgo,150,1397335.1509002456,-0887-09-03T15:37:17.781Z,1399582.6333754822,-0881-10-30T03:12:03.642Z,"[{""jd_ut"":1397335.1509002456,""utc"":""-0887-09-03T15:37:17.781Z"",""motion"":""direct""},{""jd_ut"":1397550.38894162,""utc"":""-0886-04-06T21:20:04.556Z"",""motion"":""retrograde""},{""jd_ut"":1397613.682100695,""utc"":""-0886-06-09T04:22:13.500Z"",""motion"":""direct""}]",3
R31.07,R31,31,7,Libra,180,1399582.6333754822,-0881-10-30T03:12:03.642Z,1402136.7386299046,-0874-10-27T05:43:37.624Z,"[{""jd_ut"":1399582.6333754822,""utc"":""-0881-10-30T03:12:03.642Z"",""motion"":""direct""},{""jd_ut"":1399726.2675525662,""utc"":""-0880-03-21T18:25:16.542Z"",""motion"":""retrograde""},{""jd_ut"":1399874.520058664,""utc"":""-0880-08-17T00:28:53.069Z"",""motion"":""direct""}]",3
R31.08,R31,31,8,Scorpio,210,1402136.7386299046,-0874-10-27T05:43:37.624Z,1404445.5465570018,-0867-02-21T01:07:02.525Z,"[{""jd_ut"":1402136.7386299046,""utc"":""-0874-10-27T05:43:37.624Z"",""motion"":""direct""},{""jd_ut"":1402381.6442045034,""utc"":""-0873-06-29T03:27:39.269Z"",""motion"":""retrograde""},{""jd_ut"":1402404.678286816,""utc"":""-0873-07-22T04:16:43.981Z"",""motion"":""direct""}]",3
R31.09,R31,31,9,Sagittarius,240,1404445.5465570018,-0867-02-21T01:07:02.525Z,1407317.212232903,-0859-01-01T17:05:36.923Z,"[{""jd_ut"":1404445.5465570018,""utc"":""-0867-02-21T01:07:02.525Z"",""motion"":""direct""},{""jd_ut"":1404470.349001282,""utc"":""-0867-03-17T20:22:33.711Z"",""motion"":""retrograde""},{""jd_ut"":1404716.31291389,""utc"":""-0867-11-18T19:30:35.760Z"",""motion"":""direct""}]",3
R31.10,R31,31,10,Capricorn,270,1407317.212232903,-0859-01-01T17:05:36.923Z,1409940.3152363915,-0852-03-08T19:33:56.424Z,"[{""jd_ut"":1407317.212232903,""utc"":""-0859-01-01T17:05:36.923Z"",""motion"":""direct""},{""jd_ut"":1407528.30118756,""utc"":""-0859-07-31T19:13:42.605Z"",""motion"":""retrograde""},{""jd_ut"":1407606.3090950153,""utc"":""-0859-10-17T19:25:05.809Z"",""motion"":""direct""}]",3
R31.11,R31,31,11,Aquarius,300,1409940.3152363915,-0852-03-08T19:33:56.424Z,1412860.5699064592,-0844-03-07T01:40:39.918Z,"[{""jd_ut"":1409940.3152363915,""utc"":""-0852-03-08T19:33:56.424Z"",""motion"":""direct""},{""jd_ut"":1410060.7933732173,""utc"":""-0852-07-07T07:02:27.446Z"",""motion"":""retrograde""},{""jd_ut"":1410235.5478592925,""utc"":""-0852-12-29T01:08:55.043Z"",""motion"":""direct""}]",3
R31.12,R31,31,12,Pisces,330,1412860.5699064592,-0844-03-07T01:40:39.918Z,1415485.451839272,-0837-05-14T22:50:38.913Z,"[{""jd_ut"":1412860.5699064592,""utc"":""-0844-03-07T01:40:39.918Z"",""motion"":""direct""},{""jd_ut"":1413058.8662411887,""utc"":""-0844-09-21T08:47:23.239Z"",""motion"":""retrograde""},{""jd_ut"":1413153.0067361714,""utc"":""-0844-12-24T12:09:42.005Z"",""motion"":""direct""}]",3
R32.01,R32,32,1,Aries,0,1415485.451839272,-0837-05-14T22:50:38.913Z,1418100.1246243794,-0830-07-11T14:59:27.546Z,"[{""jd_ut"":1415485.451839272,""utc"":""-0837-05-14T22:50:38.913Z"",""motion"":""direct""},{""jd_ut"":1415595.1717567532,""utc"":""-0837-09-01T16:07:19.783Z"",""motion"":""retrograde""},{""jd_ut"":1415777.6644468936,""utc"":""-0836-03-02T03:56:48.212Z"",""motion"":""direct""}]",3
R32.02,R32,32,2,Taurus,30,1418100.1246243794,-0830-07-11T14:59:27.546Z,1420670.5670466362,-0823-07-25T01:36:32.829Z,"[{""jd_ut"":1418100.1246243794,""utc"":""-0830-07-11T14:59:27.546Z"",""motion"":""direct""},{""jd_ut"":1418152.5693218163,""utc"":""-0830-09-02T01:39:49.405Z"",""motion"":""retrograde""},{""jd_ut"":1418378.7825322333,""utc"":""-0829-04-16T06:46:50.785Z"",""motion"":""direct""}]",3
R32.03,R32,32,3,Gemini,60,1420670.5670466362,-0823-07-25T01:36:32.829Z,1423218.1219489654,-0816-07-15T14:55:36.391Z,"[{""jd_ut"":1420670.5670466362,""utc"":""-0823-07-25T01:36:32.829Z"",""motion"":""direct""},{""jd_ut"":1420758.4139455264,""utc"":""-0823-10-20T21:56:04.893Z"",""motion"":""retrograde""},{""jd_ut"":1420956.672727427,""utc"":""-0822-05-07T04:08:43.650Z"",""motion"":""direct""}]",3
R32.04,R32,32,4,Cancer,90,1423218.1219489654,-0816-07-15T14:55:36.391Z,1425469.3517475794,-0810-09-13T20:26:30.991Z,"[{""jd_ut"":1423218.1219489654,""utc"":""-0816-07-15T14:55:36.391Z"",""motion"":""direct""},{""jd_ut"":1423397.150680401,""utc"":""-0815-01-10T15:36:58.787Z"",""motion"":""retrograde""},{""jd_ut"":1423506.227571644,""utc"":""-0815-04-29T17:27:42.190Z"",""motion"":""direct""}]",3
R32.05,R32,32,5,Leo,120,1425469.3517475794,-0810-09-13T20:26:30.991Z,1427730.3504115683,-0804-11-21T20:24:35.560Z,"[{""jd_ut"":1425469.3517475794,""utc"":""-0810-09-13T20:26:30.991Z"",""motion"":""direct""},{""jd_ut"":1425579.0875990065,""utc"":""-0809-01-01T14:06:08.554Z"",""motion"":""retrograde""},{""jd_ut"":1425757.7157105901,""utc"":""-0809-06-29T05:10:37.395Z"",""motion"":""direct""}]",3
R32.06,R32,32,6,Virgo,150,1427730.3504115683,-0804-11-21T20:24:35.560Z,1430244.6353195715,-0797-10-11T03:14:51.611Z,"[{""jd_ut"":1427730.3504115683,""utc"":""-0804-11-21T20:24:35.560Z"",""motion"":""direct""},{""jd_ut"":1427756.3112432724,""utc"":""-0804-12-17T19:28:11.419Z"",""motion"":""retrograde""},{""jd_ut"":1427998.4973115786,""utc"":""-0803-08-16T23:56:07.720Z"",""motion"":""direct""}]",3
R32.07,R32,32,7,Libra,180,1430244.6353195715,-0797-10-11T03:14:51.611Z,1432514.659203391,-0791-12-28T03:49:15.173Z,"[{""jd_ut"":1430244.6353195715,""utc"":""-0797-10-11T03:14:51.611Z"",""motion"":""direct""},{""jd_ut"":1430435.907059548,""utc"":""-0796-04-19T09:46:09.945Z"",""motion"":""retrograde""},{""jd_ut"":1430531.7747311834,""utc"":""-0796-07-24T06:35:36.774Z"",""motion"":""direct""}]",3
R32.08,R32,32,8,Scorpio,210,1432514.659203391,-0791-12-28T03:49:15.173Z,1435086.0885188812,-0783-01-11T14:07:28.031Z,"[{""jd_ut"":1432514.659203391,""utc"":""-0791-12-28T03:49:15.173Z"",""motion"":""direct""},{""jd_ut"":1432590.3993574064,""utc"":""-0790-03-13T21:35:04.480Z"",""motion"":""retrograde""},{""jd_ut"":1432800.372543943,""utc"":""-0790-10-09T20:56:27.797Z"",""motion"":""direct""}]",3
R32.09,R32,32,9,Sagittarius,240,1435086.0885188812,-0783-01-11T14:07:28.031Z,1437696.1812664946,-0776-03-05T16:21:01.425Z,"[{""jd_ut"":1435086.0885188812,""utc"":""-0783-01-11T14:07:28.031Z"",""motion"":""direct""},{""jd_ut"":1435195.6280553094,""utc"":""-0783-05-01T03:04:23.979Z"",""motion"":""retrograde""},{""jd_ut"":1435378.8739514695,""utc"":""-0783-10-31T08:58:29.407Z"",""motion"":""direct""}]",3
R32.10,R32,32,10,Capricorn,270,1437696.1812664946,-0776-03-05T16:21:01.425Z,1440598.3154200646,-0768-02-14T19:34:12.294Z,"[{""jd_ut"":1437696.1812664946,""utc"":""-0776-03-05T16:21:01.425Z"",""motion"":""direct""},{""jd_ut"":1437756.1001431942,""utc"":""-0776-05-04T14:24:12.372Z"",""motion"":""retrograde""},{""jd_ut"":1437979.6411035974,""utc"":""-0776-12-14T03:23:11.351Z"",""motion"":""direct""}]",3
R32.11,R32,32,11,Aquarius,300,1440598.3154200646,-0768-02-14T19:34:12.294Z,1443241.7368107107,-0761-05-12T05:41:00.445Z,"[{""jd_ut"":1440598.3154200646,""utc"":""-0768-02-14T19:34:12.294Z"",""motion"":""direct""},{""jd_ut"":1440771.2510858914,""utc"":""-0768-08-05T18:01:33.821Z"",""motion"":""retrograde""},{""jd_ut"":1440894.30593248,""utc"":""-0768-12-06T19:20:32.566Z"",""motion"":""direct""}]",3
R32.12,R32,32,12,Pisces,330,1443241.7368107107,-0761-05-12T05:41:00.445Z,1446141.6239990098,-0753-04-20T02:58:33.514Z,"[{""jd_ut"":1443241.7368107107,""utc"":""-0761-05-12T05:41:00.445Z"",""motion"":""direct""},{""jd_ut"":1443290.6782292943,""utc"":""-0761-06-30T04:16:39.011Z"",""motion"":""retrograde""},{""jd_ut"":1443521.4480940984,""utc"":""-0760-02-15T22:45:15.330Z"",""motion"":""direct""}]",3
R33.01,R33,33,1,Aries,0,1446141.6239990098,-0753-04-20T02:58:33.514Z,1448746.6900036149,-0746-06-07T04:33:36.312Z,"[{""jd_ut"":1446141.6239990098,""utc"":""-0753-04-20T02:58:33.514Z"",""motion"":""direct""},{""jd_ut"":1446306.1591433436,""utc"":""-0753-10-01T15:49:09.985Z"",""motion"":""retrograde""},{""jd_ut"":1446436.2762520812,""utc"":""-0752-02-08T18:37:48.180Z"",""motion"":""direct""}]",3
R33.02,R33,33,2,Taurus,30,1448746.6900036149,-0746-06-07T04:33:36.312Z,1451324.8274885267,-0739-06-28T07:51:35.009Z,"[{""jd_ut"":1448746.6900036149,""utc"":""-0746-06-07T04:33:36.312Z"",""motion"":""direct""},{""jd_ut"":1448870.860586084,""utc"":""-0746-10-09T08:39:14.638Z"",""motion"":""retrograde""},{""jd_ut"":1449039.19146743,""utc"":""-0745-03-26T16:35:42.786Z"",""motion"":""direct""}]",3
R33.03,R33,33,3,Gemini,60,1451324.8274885267,-0739-06-28T07:51:35.009Z,1453880.0949092032,-0732-06-26T14:16:40.155Z,"[{""jd_ut"":1451324.8274885267,""utc"":""-0739-06-28T07:51:35.009Z"",""motion"":""direct""},{""jd_ut"":1451470.207459711,""utc"":""-0739-11-20T16:58:44.519Z"",""motion"":""retrograde""},{""jd_ut"":1451616.4538009982,""utc"":""-0738-04-15T22:53:28.406Z"",""motion"":""direct""}]",3
R33.04,R33,33,4,Cancer,90,1453880.0949092032,-0732-06-26T14:16:40.155Z,1456127.911164817,-0726-08-22T09:52:04.640Z,"[{""jd_ut"":1453880.0949092032,""utc"":""-0732-06-26T14:16:40.155Z"",""motion"":""direct""},{""jd_ut"":1454123.9331405899,""utc"":""-0731-02-25T10:23:43.347Z"",""motion"":""retrograde""},{""jd_ut"":1454143.9446849246,""utc"":""-0731-03-17T10:40:20.777Z"",""motion"":""direct""}]",3
R33.05,R33,33,5,Leo,120,1456127.911164817,-0726-08-22T09:52:04.640Z,1458372.835836403,-0720-10-14T08:03:36.265Z,"[{""jd_ut"":1456127.911164817,""utc"":""-0726-08-22T09:52:04.640Z"",""motion"":""direct""},{""jd_ut"":1456288.4030634589,""utc"":""-0725-01-29T21:40:24.683Z"",""motion"":""retrograde""},{""jd_ut"":1456417.2368754903,""utc"":""-0725-06-07T17:41:06.042Z"",""motion"":""direct""}]",3
R33.06,R33,33,6,Virgo,150,1458372.835836403,-0720-10-14T08:03:36.265Z,1460908.1809390713,-0713-09-23T16:20:33.136Z,"[{""jd_ut"":1458372.835836403,""utc"":""-0720-10-14T08:03:36.265Z"",""motion"":""direct""},{""jd_ut"":1458479.1185798822,""utc"":""-0719-01-28T14:50:45.302Z"",""motion"":""retrograde""},{""jd_ut"":1458661.4947120133,""utc"":""-0719-07-29T23:52:23.118Z"",""motion"":""direct""}]",3
R33.07,R33,33,7,Libra,180,1460908.1809390713,-0713-09-23T16:20:33.136Z,1463169.6722784014,-0707-12-02T04:08:04.854Z,"[{""jd_ut"":1460908.1809390713,""utc"":""-0713-09-23T16:20:33.136Z"",""motion"":""direct""}]",1
R33.08,R33,33,8,Scorpio,210,1463169.6722784014,-0707-12-02T04:08:04.854Z,1465745.4055766421,-0700-12-21T21:44:01.822Z,"[{""jd_ut"":1463169.6722784014,""utc"":""-0707-12-02T04:08:04.854Z"",""motion"":""direct""},{""jd_ut"":1463301.9297228935,""utc"":""-0706-04-13T10:18:48.058Z"",""motion"":""retrograde""},{""jd_ut"":1463462.9641849333,""utc"":""-0706-09-21T11:08:25.578Z"",""motion"":""direct""}]",3
R33.09,R33,33,9,Sagittarius,240,1465745.4055766421,-0700-12-21T21:44:01.822Z,1468346.6622058116,-0692-02-05T03:53:34.582Z,"[{""jd_ut"":1465745.4055766421,""utc"":""-0700-12-21T21:44:01.822Z"",""motion"":""direct""},{""jd_ut"":1465904.1513637835,""utc"":""-0699-05-29T15:37:57.831Z"",""motion"":""retrograde""},{""jd_ut"":1466040.2950269873,""utc"":""-0699-10-12T19:04:50.332Z"",""motion"":""direct""}]",3
R33.10,R33,33,10,Capricorn,270,1468346.6622058116,-0692-02-05T03:53:34.582Z,1471259.760053677,-0684-01-27T06:14:28.638Z,"[{""jd_ut"":1468346.6622058116,""utc"":""-0692-02-05T03:53:34.582Z"",""motion"":""direct""},{""jd_ut"":1468471.5347989108,""utc"":""-0692-06-09T00:50:06.626Z"",""motion"":""retrograde""},{""jd_ut"":1468641.9789170232,""utc"":""-0692-11-26T11:29:38.431Z"",""motion"":""direct""}]",3
R33.11,R33,33,11,Aquarius,300,1471259.760053677,-0684-01-27T06:14:28.638Z,1473888.0291530937,-0677-04-08T12:41:58.827Z,"[{""jd_ut"":1471259.760053677,""utc"":""-0684-01-27T06:14:28.638Z"",""motion"":""direct""},{""jd_ut"":1471487.453414822,""utc"":""-0684-09-10T22:52:55.041Z"",""motion"":""retrograde""},{""jd_ut"":1471544.0737090977,""utc"":""-0684-11-06T13:46:08.466Z"",""motion"":""direct""}]",3
R33.12,R33,33,12,Pisces,330,1473888.0291530937,-0677-04-08T12:41:58.827Z,1476801.83883585,-0669-03-31T08:07:55.417Z,"[{""jd_ut"":1473888.0291530937,""utc"":""-0677-04-08T12:41:58.827Z"",""motion"":""direct""},{""jd_ut"":1474009.433989531,""utc"":""-0677-08-07T22:24:56.695Z"",""motion"":""retrograde""},{""jd_ut"":1474182.9157558903,""utc"":""-0676-01-28T09:58:41.309Z"",""motion"":""direct""}]",3
R34.01,R34,34,1,Aries,0,1476801.83883585,-0669-03-31T08:07:55.417Z,1479405.4581781216,-0662-05-16T22:59:46.590Z,"[{""jd_ut"":1476801.83883585,""utc"":""-0669-03-31T08:07:55.417Z"",""motion"":""direct""},{""jd_ut"":1477020.9307209882,""utc"":""-0669-11-05T10:20:14.293Z"",""motion"":""retrograde""},{""jd_ut"":1477087.1372653772,""utc"":""-0668-01-10T15:17:39.729Z"",""motion"":""direct""}]",3
R34.02,R34,34,2,Taurus,30,1479405.4581781216,-0662-05-16T22:59:46.590Z,1481985.2130433926,-0655-06-08T17:06:46.949Z,"[{""jd_ut"":1479405.4581781216,""utc"":""-0662-05-16T22:59:46.590Z"",""motion"":""direct""},{""jd_ut"":1479579.7944340822,""utc"":""-0662-11-07T07:03:59.105Z"",""motion"":""retrograde""},{""jd_ut"":1479697.867655777,""utc"":""-0661-03-05T08:49:25.459Z"",""motion"":""direct""}]",3
R34.03,R34,34,3,Gemini,60,1481985.2130433926,-0655-06-08T17:06:46.949Z,1484260.0008499003,-0649-08-31T12:01:13.431Z,"[{""jd_ut"":1481985.2130433926,""utc"":""-0655-06-08T17:06:46.949Z"",""motion"":""direct""},{""jd_ut"":1482180.6770717683,""utc"":""-0655-12-21T04:14:59.001Z"",""motion"":""retrograde""},{""jd_ut"":1482271.9509780458,""utc"":""-0654-03-22T10:49:24.503Z"",""motion"":""direct""}]",3
R34.04,R34,34,4,Cancer,90,1484260.0008499003,-0649-08-31T12:01:13.431Z,1486789.972906244,-0642-08-04T11:20:59.099Z,"[{""jd_ut"":1484260.0008499003,""utc"":""-0649-08-31T12:01:13.431Z"",""motion"":""direct""},{""jd_ut"":1484333.3529864717,""utc"":""-0649-11-12T20:28:18.031Z"",""motion"":""retrograde""},{""jd_ut"":1484542.6317397617,""utc"":""-0648-06-09T03:09:42.315Z"",""motion"":""direct""}]",3
R34.05,R34,34,5,Leo,120,1486789.972906244,-0642-08-04T11:20:59.099Z,1489031.4820609353,-0636-09-22T23:34:10.065Z,"[{""jd_ut"":1486789.972906244,""utc"":""-0642-08-04T11:20:59.099Z"",""motion"":""direct""},{""jd_ut"":1487002.0069747134,""utc"":""-0641-03-04T12:10:02.615Z"",""motion"":""retrograde""},{""jd_ut"":1487069.0333094355,""utc"":""-0641-05-10T12:47:57.935Z"",""motion"":""direct""}]",3
R34.06,R34,34,6,Virgo,150,1489031.4820609353,-0636-09-22T23:34:10.065Z,1491284.2601861823,-0630-11-23T18:14:40.086Z,"[{""jd_ut"":1489031.4820609353,""utc"":""-0636-09-22T23:34:10.065Z"",""motion"":""direct""},{""jd_ut"":1489188.3998420713,""utc"":""-0635-02-26T21:35:46.355Z"",""motion"":""retrograde""},{""jd_ut"":1489321.657294292,""utc"":""-0635-07-10T03:46:30.227Z"",""motion"":""direct""}]",3
R34.07,R34,34,7,Libra,180,1491284.2601861823,-0630-11-23T18:14:40.086Z,1493829.880126778,-0623-11-12T09:07:22.954Z,"[{""jd_ut"":1491284.2601861823,""utc"":""-0630-11-23T18:14:40.086Z"",""motion"":""direct""},{""jd_ut"":1491369.609816785,""utc"":""-0629-02-17T02:38:08.170Z"",""motion"":""retrograde""},{""jd_ut"":1491570.57757639,""utc"":""-0629-09-06T01:51:42.600Z"",""motion"":""direct""}]",3
R34.08,R34,34,8,Scorpio,210,1493829.880126778,-0623-11-12T09:07:22.954Z,1496406.2634221981,-0616-12-01T18:19:19.678Z,"[{""jd_ut"":1493829.880126778,""utc"":""-0623-11-12T09:07:22.954Z"",""motion"":""direct""},{""jd_ut"":1494012.45443501,""utc"":""-0622-05-13T22:54:23.185Z"",""motion"":""retrograde""},{""jd_ut"":1494120.7048112764,""utc"":""-0622-08-30T04:54:55.694Z"",""motion"":""direct""}]",3
R34.09,R34,34,9,Sagittarius,240,1496406.2634221981,-0616-12-01T18:19:19.678Z,1499005.397582727,-0608-01-13T21:32:31.148Z,"[{""jd_ut"":1496406.2634221981,""utc"":""-0616-12-01T18:19:19.678Z"",""motion"":""direct""},{""jd_ut"":1496618.9851912344,""utc"":""-0615-07-02T11:38:40.523Z"",""motion"":""retrograde""},{""jd_ut"":1496692.4824850773,""utc"":""-0615-09-13T23:34:46.711Z"",""motion"":""direct""}]",3
R34.10,R34,34,10,Capricorn,270,1499005.397582727,-0608-01-13T21:32:31.148Z,1501631.059109307,-0601-03-23T13:25:07.044Z,"[{""jd_ut"":1499005.397582727,""utc"":""-0608-01-13T21:32:31.148Z"",""motion"":""direct""},{""jd_ut"":1499182.0443437346,""utc"":""-0608-07-08T13:03:51.299Z"",""motion"":""retrograde""},{""jd_ut"":1499300.6434975755,""utc"":""-0608-11-04T03:26:38.191Z"",""motion"":""direct""}]",3
R34.11,R34,34,11,Aquarius,300,1501631.059109307,-0601-03-23T13:25:07.044Z,1504545.9923199825,-0593-03-17T11:48:56.446Z,"[{""jd_ut"":1501631.059109307,""utc"":""-0601-03-23T13:25:07.044Z"",""motion"":""direct""},{""jd_ut"":1501719.1255477434,""utc"":""-0601-06-19T15:00:47.325Z"",""motion"":""retrograde""},{""jd_ut"":1501921.2838017475,""utc"":""-0600-01-07T18:48:40.471Z"",""motion"":""direct""}]",3
R34.12,R34,34,12,Pisces,330,1504545.9923199825,-0593-03-17T11:48:56.446Z,1507177.742355859,-0586-05-31T05:48:59.546Z,"[{""jd_ut"":1504545.9923199825,""utc"":""-0593-03-17T11:48:56.446Z"",""motion"":""direct""},{""jd_ut"":1504719.3808827093,""utc"":""-0593-09-06T21:08:28.266Z"",""motion"":""retrograde""},{""jd_ut"":1504841.7448361632,""utc"":""-0592-01-07T05:52:33.845Z"",""motion"":""direct""}]",3
R35.01,R35,35,1,Aries,0,1507177.742355859,-0586-05-31T05:48:59.546Z,1510067.0371888615,-0578-04-28T12:53:33.118Z,"[{""jd_ut"":1507177.742355859,""utc"":""-0586-05-31T05:48:59.546Z"",""motion"":""direct""},{""jd_ut"":1507252.4572945219,""utc"":""-0586-08-13T22:58:30.247Z"",""motion"":""retrograde""},{""jd_ut"":1507463.6122770747,""utc"":""-0585-03-13T02:41:40.739Z"",""motion"":""direct""}]",3
R35.02,R35,35,2,Taurus,30,1510067.0371888615,-0578-04-28T12:53:33.118Z,1512647.8213971872,-0571-05-22T07:42:48.717Z,"[{""jd_ut"":1510067.0371888615,""utc"":""-0578-04-28T12:53:33.118Z"",""motion"":""direct""},{""jd_ut"":1510296.5445050918,""utc"":""-0578-12-14T01:04:05.240Z"",""motion"":""retrograde""},{""jd_ut"":1510345.822272081,""utc"":""-0577-02-01T07:44:04.308Z"",""motion"":""direct""}]",3
R35.03,R35,35,3,Gemini,60,1512647.8213971872,-0571-05-22T07:42:48.717Z,1514915.0145944562,-0565-08-06T12:21:00.961Z,"[{""jd_ut"":1512647.8213971872,""utc"":""-0571-05-22T07:42:48.717Z"",""motion"":""direct""}]",1
R35.04,R35,35,4,Cancer,90,1514915.0145944562,-0565-08-06T12:21:00.961Z,1517453.7641379465,-0558-07-19T06:20:21.519Z,"[{""jd_ut"":1514915.0145944562,""utc"":""-0565-08-06T12:21:00.961Z"",""motion"":""direct""},{""jd_ut"":1515043.4690450565,""utc"":""-0565-12-12T23:15:25.493Z"",""motion"":""retrograde""},{""jd_ut"":1515205.3394864108,""utc"":""-0564-05-22T20:08:51.626Z"",""motion"":""direct""}]",3
R35.05,R35,35,5,Leo,120,1517453.7641379465,-0558-07-19T06:20:21.519Z,1519695.1734404382,-0552-09-06T16:09:45.254Z,"[{""jd_ut"":1517453.7641379465,""utc"":""-0558-07-19T06:20:21.519Z"",""motion"":""direct""}]",1
R35.06,R35,35,6,Virgo,150,1519695.1734404382,-0552-09-06T16:09:45.254Z,1521942.1034042821,-0546-11-01T14:28:54.130Z,"[{""jd_ut"":1519695.1734404382,""utc"":""-0552-09-06T16:09:45.254Z"",""motion"":""direct""},{""jd_ut"":1519897.5458458364,""utc"":""-0551-03-28T01:06:01.080Z"",""motion"":""retrograde""},{""jd_ut"":1519978.0100430907,""utc"":""-0551-06-16T12:14:27.723Z"",""motion"":""direct""}]",3
R35.07,R35,35,7,Libra,180,1521942.1034042821,-0546-11-01T14:28:54.130Z,1524493.6437597494,-0539-10-27T03:27:00.842Z,"[{""jd_ut"":1521942.1034042821,""utc"":""-0546-11-01T14:28:54.130Z"",""motion"":""direct""},{""jd_ut"":1522078.2952519096,""utc"":""-0545-03-17T19:05:09.765Z"",""motion"":""retrograde""},{""jd_ut"":1522233.6053765803,""utc"":""-0545-08-20T02:31:44.537Z"",""motion"":""direct""}]",3
R35.08,R35,35,8,Scorpio,210,1524493.6437597494,-0539-10-27T03:27:00.842Z,1526791.048804609,-0532-02-10T13:10:16.718Z,"[{""jd_ut"":1524493.6437597494,""utc"":""-0539-10-27T03:27:00.842Z"",""motion"":""direct""},{""jd_ut"":1524734.4134340202,""utc"":""-0538-06-24T21:55:20.699Z"",""motion"":""retrograde""},{""jd_ut"":1524764.0903832433,""utc"":""-0538-07-24T14:10:09.112Z"",""motion"":""direct""}]",3
R35.09,R35,35,9,Sagittarius,240,1526791.048804609,-0532-02-10T13:10:16.718Z,1529667.8518521567,-0525-12-27T08:26:40.026Z,"[{""jd_ut"":1526791.048804609,""utc"":""-0532-02-10T13:10:16.718Z"",""motion"":""direct""},{""jd_ut"":1526838.084314812,""utc"":""-0532-03-28T14:01:24.800Z"",""motion"":""retrograde""},{""jd_ut"":1527069.7719180584,""utc"":""-0532-11-15T06:31:33.720Z"",""motion"":""direct""}]",3
R35.10,R35,35,10,Capricorn,270,1529667.8518521567,-0525-12-27T08:26:40.026Z,1532285.8338188948,-0517-02-26T08:00:41.953Z,"[{""jd_ut"":1529667.8518521567,""utc"":""-0525-12-27T08:26:40.026Z"",""motion"":""direct""},{""jd_ut"":1529898.9167778543,""utc"":""-0524-08-14T10:00:09.607Z"",""motion"":""retrograde""},{""jd_ut"":1529949.671738002,""utc"":""-0524-10-04T04:07:18.163Z"",""motion"":""direct""}]",3
R35.11,R35,35,11,Aquarius,300,1532285.8338188948,-0517-02-26T08:00:41.953Z,1535207.7801547563,-0509-02-26T06:43:25.371Z,"[{""jd_ut"":1532285.8338188948,""utc"":""-0517-02-26T08:00:41.953Z"",""motion"":""direct""},{""jd_ut"":1532430.7835478247,""utc"":""-0517-07-21T06:48:18.532Z"",""motion"":""retrograde""},{""jd_ut"":1532582.4522030354,""utc"":""-0517-12-19T22:51:10.342Z"",""motion"":""direct""}]",3
R35.12,R35,35,12,Pisces,330,1535207.7801547563,-0509-02-26T06:43:25.371Z,1537830.284995385,-0502-05-02T18:50:23.601Z,"[{""jd_ut"":1535207.7801547563,""utc"":""-0509-02-26T06:43:25.371Z"",""motion"":""direct""},{""jd_ut"":1535434.0739486078,""utc"":""-0509-10-10T13:46:29.160Z"",""motion"":""retrograde""},{""jd_ut"":1535492.5128242685,""utc"":""-0509-12-08T00:18:28.017Z"",""motion"":""direct""}]",3
R36.01,R36,36,1,Aries,0,1537830.284995385,-0502-05-02T18:50:23.601Z,1540445.0129188597,-0495-06-30T12:18:36.189Z,"[{""jd_ut"":1537830.284995385,""utc"":""-0502-05-02T18:50:23.601Z"",""motion"":""direct""},{""jd_ut"":1537965.0688889287,""utc"":""-0502-09-14T13:39:12.003Z"",""motion"":""retrograde""},{""jd_ut"":1538125.0026447796,""utc"":""-0501-02-21T12:03:48.509Z"",""motion"":""direct""}]",3
R36.02,R36,36,2,Taurus,30,1540445.0129188597,-0495-06-30T12:18:36.189Z,1543023.9912035577,-0488-07-22T11:47:19.987Z,"[{""jd_ut"":1540445.0129188597,""utc"":""-0495-06-30T12:18:36.189Z"",""motion"":""direct""},{""jd_ut"":1540520.925003515,""utc"":""-0495-09-14T10:12:00.304Z"",""motion"":""retrograde""},{""jd_ut"":1540730.2082826481,""utc"":""-0494-04-11T16:59:55.621Z"",""motion"":""direct""}]",3
R36.03,R36,36,3,Gemini,60,1543023.9912035577,-0488-07-22T11:47:19.987Z,1545577.3431862532,-0481-07-19T20:14:11.292Z,"[{""jd_ut"":1543023.9912035577,""utc"":""-0488-07-22T11:47:19.987Z"",""motion"":""direct""},{""jd_ut"":1543117.7698289338,""utc"":""-0488-10-24T06:28:33.220Z"",""motion"":""retrograde""},{""jd_ut"":1543311.419673943,""utc"":""-0487-05-05T22:04:19.829Z"",""motion"":""direct""}]",3
R36.04,R36,36,4,Cancer,90,1545577.3431862532,-0481-07-19T20:14:11.292Z,1547832.5484473682,-0475-09-21T01:09:45.853Z,"[{""jd_ut"":1545577.3431862532,""utc"":""-0481-07-19T20:14:11.292Z"",""motion"":""direct""},{""jd_ut"":1545748.5640302151,""utc"":""-0480-01-07T01:32:12.211Z"",""motion"":""retrograde""},{""jd_ut"":1545866.6398512386,""utc"":""-0480-05-04T03:21:23.147Z"",""motion"":""direct""}]",3
R36.05,R36,36,5,Leo,120,1547832.5484473682,-0475-09-21T01:09:45.853Z,1550360.67693988,-0468-08-23T04:14:47.606Z,"[{""jd_ut"":1547832.5484473682,""utc"":""-0475-09-21T01:09:45.853Z"",""motion"":""direct""},{""jd_ut"":1547927.1644763513,""utc"":""-0475-12-24T15:56:50.757Z"",""motion"":""retrograde""},{""jd_ut"":1548118.923160669,""utc"":""-0474-07-04T10:09:21.082Z"",""motion"":""direct""}]",3
R36.06,R36,36,6,Virgo,150,1550360.67693988,-0468-08-23T04:14:47.606Z,1552605.3401711253,-0462-10-15T20:09:50.785Z,"[{""jd_ut"":1550360.67693988,""utc"":""-0468-08-23T04:14:47.606Z"",""motion"":""direct""}]",1
R36.07,R36,36,7,Libra,180,1552605.3401711253,-0462-10-15T20:09:50.785Z,1554875.2061239346,-0455-01-01T16:56:49.108Z,"[{""jd_ut"":1552605.3401711253,""utc"":""-0462-10-15T20:09:50.785Z"",""motion"":""direct""},{""jd_ut"":1552784.4187059999,""utc"":""-0461-04-12T22:02:56.198Z"",""motion"":""retrograde""},{""jd_ut"":1552894.2504227497,""utc"":""-0461-07-31T18:00:36.526Z"",""motion"":""direct""}]",3
R36.08,R36,36,8,Scorpio,210,1554875.2061239346,-0455-01-01T16:56:49.108Z,1557439.7021892327,-0448-01-10T04:51:09.150Z,"[{""jd_ut"":1554875.2061239346,""utc"":""-0455-01-01T16:56:49.108Z"",""motion"":""direct""},{""jd_ut"":1554941.8367678379,""utc"":""-0455-03-09T08:04:56.741Z"",""motion"":""retrograde""},{""jd_ut"":1555158.6492643347,""utc"":""-0455-10-12T03:34:56.439Z"",""motion"":""direct""}]",3
R36.09,R36,36,9,Sagittarius,240,1557439.7021892327,-0448-01-10T04:51:09.150Z,1560041.8112394596,-0441-02-24T07:28:11.089Z,"[{""jd_ut"":1557439.7021892327,""utc"":""-0448-01-10T04:51:09.150Z"",""motion"":""direct""},{""jd_ut"":1557555.2976199198,""utc"":""-0448-05-04T19:08:34.361Z"",""motion"":""retrograde""},{""jd_ut"":1557732.8817610997,""utc"":""-0448-10-29T09:09:44.159Z"",""motion"":""direct""}]",3
R36.10,R36,36,10,Capricorn,270,1560041.8112394596,-0441-02-24T07:28:11.089Z,1562946.247753718,-0433-02-06T17:56:45.921Z,"[{""jd_ut"":1560041.8112394596,""utc"":""-0441-02-24T07:28:11.089Z"",""motion"":""direct""},{""jd_ut"":1560124.138308485,""utc"":""-0441-05-17T15:19:09.853Z"",""motion"":""retrograde""},{""jd_ut"":1560330.927171355,""utc"":""-0441-12-10T10:15:07.605Z"",""motion"":""direct""}]",3
R36.11,R36,36,11,Aquarius,300,1562946.247753718,-0433-02-06T17:56:45.921Z,1565580.2151012262,-0426-04-24T17:09:44.746Z,"[{""jd_ut"":1562946.247753718,""utc"":""-0433-02-06T17:56:45.921Z"",""motion"":""direct""},{""jd_ut"":1563141.0634105708,""utc"":""-0433-08-20T13:31:18.673Z"",""motion"":""retrograde""},{""jd_ut"":1563239.5279758554,""utc"":""-0433-11-27T00:40:17.114Z"",""motion"":""direct""}]",3
R36.12,R36,36,12,Pisces,330,1565580.2151012262,-0426-04-24T17:09:44.746Z,1568490.1775922356,-0418-04-12T16:15:43.969Z,"[{""jd_ut"":1565580.2151012262,""utc"":""-0426-04-24T17:09:44.746Z"",""motion"":""direct""},{""jd_ut"":1565666.1482980242,""utc"":""-0426-07-19T15:33:32.949Z"",""motion"":""retrograde""},{""jd_ut"":1565869.8267187467,""utc"":""-0425-02-08T07:50:28.500Z"",""motion"":""direct""}]",3
R37.01,R37,37,1,Aries,0,1568490.1775922356,-0418-04-12T16:15:43.969Z,1571098.7884078762,-0411-06-03T06:55:18.440Z,"[{""jd_ut"":1568490.1775922356,""utc"":""-0418-04-12T16:15:43.969Z"",""motion"":""direct""},{""jd_ut"":1568673.5996607542,""utc"":""-0418-10-13T02:23:30.689Z"",""motion"":""retrograde""},{""jd_ut"":1568783.6023891158,""utc"":""-0417-01-31T02:27:26.420Z"",""motion"":""direct""}]",3
R37.02,R37,37,2,Taurus,30,1571098.7884078762,-0411-06-03T06:55:18.440Z,1573681.619030924,-0404-06-29T02:51:24.272Z,"[{""jd_ut"":1571098.7884078762,""utc"":""-0411-06-03T06:55:18.440Z"",""motion"":""direct""},{""jd_ut"":1571232.1053414862,""utc"":""-0411-10-14T14:31:41.504Z"",""motion"":""retrograde""},{""jd_ut"":1571392.0650594234,""utc"":""-0410-03-23T13:33:41.134Z"",""motion"":""direct""}]",3
R37.03,R37,37,3,Gemini,60,1573681.619030924,-0404-06-29T02:51:24.272Z,1576241.5125488383,-0397-07-03T00:18:04.220Z,"[{""jd_ut"":1573681.619030924,""utc"":""-0404-06-29T02:51:24.272Z"",""motion"":""direct""},{""jd_ut"":1573825.5226822654,""utc"":""-0404-11-20T00:32:39.748Z"",""motion"":""retrograde""},{""jd_ut"":1573973.6586372647,""utc"":""-0403-04-17T03:48:26.260Z"",""motion"":""direct""}]",3
R37.04,R37,37,4,Cancer,90,1576241.5125488383,-0397-07-03T00:18:04.220Z,1578492.6562053328,-0391-08-31T03:44:56.141Z,"[{""jd_ut"":1576241.5125488383,""utc"":""-0397-07-03T00:18:04.220Z"",""motion"":""direct""},{""jd_ut"":1576459.7112258868,""utc"":""-0396-02-06T05:04:09.917Z"",""motion"":""retrograde""},{""jd_ut"":1576519.7979692128,""utc"":""-0396-04-06T07:09:04.540Z"",""motion"":""direct""}]",3
R37.05,R37,37,5,Leo,120,1578492.6562053328,-0391-08-31T03:44:56.141Z,1580744.181326909,-0385-10-30T16:21:06.645Z,"[{""jd_ut"":1578492.6562053328,""utc"":""-0391-08-31T03:44:56.141Z"",""motion"":""direct""},{""jd_ut"":1578632.647998718,""utc"":""-0390-01-18T03:33:07.089Z"",""motion"":""retrograde""},{""jd_ut"":1578782.808755129,""utc"":""-0390-06-17T07:24:36.443Z"",""motion"":""direct""}]",3
R37.06,R37,37,6,Virgo,150,1580744.181326909,-0385-10-30T16:21:06.645Z,1583271.572014484,-0378-10-01T01:43:42.051Z,"[{""jd_ut"":1580744.181326909,""utc"":""-0385-10-30T16:21:06.645Z"",""motion"":""direct""},{""jd_ut"":1580817.8121009162,""utc"":""-0384-01-12T07:29:25.519Z"",""motion"":""retrograde""},{""jd_ut"":1581027.144850884,""utc"":""-0384-08-08T15:28:35.116Z"",""motion"":""direct""}]",3
R37.07,R37,37,7,Libra,180,1583271.572014484,-0378-10-01T01:43:42.051Z,1585532.3279569033,-0372-12-08T19:52:15.476Z,"[{""jd_ut"":1583271.572014484,""utc"":""-0378-10-01T01:43:42.051Z"",""motion"":""direct""},{""jd_ut"":1583495.6208746848,""utc"":""-0377-05-13T02:54:03.573Z"",""motion"":""retrograde""},{""jd_ut"":1583547.593674115,""utc"":""-0377-07-04T02:14:53.444Z"",""motion"":""direct""}]",3
R37.08,R37,37,8,Scorpio,210,1585532.3279569033,-0372-12-08T19:52:15.476Z,1588102.1429933938,-0365-12-22T15:25:54.629Z,"[{""jd_ut"":1585532.3279569033,""utc"":""-0372-12-08T19:52:15.476Z"",""motion"":""direct""},{""jd_ut"":1585649.9508497552,""utc"":""-0371-04-05T10:49:13.419Z"",""motion"":""retrograde""},{""jd_ut"":1585824.4350923807,""utc"":""-0371-09-26T22:26:31.982Z"",""motion"":""direct""}]",3
R37.09,R37,37,9,Sagittarius,240,1588102.1429933938,-0365-12-22T15:25:54.629Z,1590699.186915508,-0357-01-31T16:29:09.500Z,"[{""jd_ut"":1588102.1429933938,""utc"":""-0365-12-22T15:25:54.629Z"",""motion"":""direct""},{""jd_ut"":1588259.9152018079,""utc"":""-0364-05-28T09:57:53.436Z"",""motion"":""retrograde""},{""jd_ut"":1588396.7046644827,""utc"":""-0364-10-12T04:54:43.011Z"",""motion"":""direct""}]",3
R37.10,R37,37,10,Capricorn,270,1590699.186915508,-0357-01-31T16:29:09.500Z,1593609.6834183894,-0349-01-20T04:24:07.349Z,"[{""jd_ut"":1590699.186915508,""utc"":""-0357-01-31T16:29:09.500Z"",""motion"":""direct""},{""jd_ut"":1590832.582109347,""utc"":""-0357-06-14T01:58:14.248Z"",""motion"":""retrograde""},{""jd_ut"":1590994.9664450395,""utc"":""-0357-11-23T11:11:40.851Z"",""motion"":""direct""}]",3
R37.11,R37,37,11,Aquarius,300,1593609.6834183894,-0349-01-20T04:24:07.349Z,1596235.9047548044,-0342-03-30T09:42:50.815Z,"[{""jd_ut"":1593609.6834183894,""utc"":""-0349-01-20T04:24:07.349Z"",""motion"":""direct""}]",1
R37.12,R37,37,12,Pisces,330,1596235.9047548044,-0342-03-30T09:42:50.815Z,1599152.3342772885,-0334-03-24T20:01:21.558Z,"[{""jd_ut"":1596235.9047548044,""utc"":""-0342-03-30T09:42:50.815Z"",""motion"":""direct""},{""jd_ut"":1596376.0543737407,""utc"":""-0342-08-17T13:18:17.891Z"",""motion"":""retrograde""},{""jd_ut"":1596532.1302965907,""utc"":""-0341-01-20T15:07:37.625Z"",""motion"":""direct""}]",3
R38.01,R38,38,1,Aries,0,1599152.3342772885,-0334-03-24T20:01:21.558Z,1601759.3851392353,-0327-05-13T21:14:36.030Z,"[{""jd_ut"":1599152.3342772885,""utc"":""-0334-03-24T20:01:21.558Z"",""motion"":""direct""},{""jd_ut"":1599393.6788312183,""utc"":""-0334-11-21T04:17:31.017Z"",""motion"":""retrograde""},{""jd_ut"":1599428.23209285,""utc"":""-0334-12-25T17:34:12.822Z"",""motion"":""direct""}]",3
R38.02,R38,38,2,Taurus,30,1601759.3851392353,-0327-05-13T21:14:36.030Z,1604343.4085510154,-0320-06-09T21:48:18.808Z,"[{""jd_ut"":1601759.3851392353,""utc"":""-0327-05-13T21:14:36.030Z"",""motion"":""direct""},{""jd_ut"":1601939.4972033221,""utc"":""-0327-11-09T23:55:58.367Z"",""motion"":""retrograde""},{""jd_ut"":1602051.3450115314,""utc"":""-0326-03-01T20:16:48.996Z"",""motion"":""direct""}]",3
R38.03,R38,38,3,Gemini,60,1604343.4085510154,-0320-06-09T21:48:18.808Z,1606633.6289823991,-0314-09-17T03:05:44.079Z,"[{""jd_ut"":1604343.4085510154,""utc"":""-0320-06-09T21:48:18.808Z"",""motion"":""direct""},{""jd_ut"":1604533.0105587253,""utc"":""-0320-12-16T12:15:12.274Z"",""motion"":""retrograde""},{""jd_ut"":1604631.905839317,""utc"":""-0319-03-25T09:44:24.517Z"",""motion"":""direct""}]",3
R38.04,R38,38,4,Cancer,90,1606633.6289823991,-0314-09-17T03:05:44.079Z,1609156.1718215514,-0307-08-13T16:07:25.382Z,"[{""jd_ut"":1606633.6289823991,""utc"":""-0314-09-17T03:05:44.079Z"",""motion"":""direct""},{""jd_ut"":1606670.9945717999,""utc"":""-0314-10-24T11:52:11.004Z"",""motion"":""retrograde""},{""jd_ut"":1606905.6993322652,""utc"":""-0313-06-16T04:47:02.308Z"",""motion"":""direct""}]",3
R38.05,R38,38,5,Leo,120,1609156.1718215514,-0307-08-13T16:07:25.382Z,1611401.8925608909,-0301-10-07T09:25:17.261Z,"[{""jd_ut"":1609156.1718215514,""utc"":""-0307-08-13T16:07:25.382Z"",""motion"":""direct""},{""jd_ut"":1609338.0012760442,""utc"":""-0306-02-11T12:01:50.250Z"",""motion"":""retrograde""},{""jd_ut"":1609443.274977081,""utc"":""-0306-05-27T18:35:58.020Z"",""motion"":""direct""}]",3
R38.06,R38,38,6,Virgo,150,1611401.8925608909,-0301-10-07T09:25:17.261Z,1613667.9593516234,-0295-12-21T11:01:27.980Z,"[{""jd_ut"":1611401.8925608909,""utc"":""-0301-10-07T09:25:17.261Z"",""motion"":""direct""},{""jd_ut"":1611525.355833875,""utc"":""-0300-02-07T20:32:24.047Z"",""motion"":""retrograde""},{""jd_ut"":1611691.880346438,""utc"":""-0300-07-24T09:07:41.932Z"",""motion"":""direct""}]",3
R38.07,R38,38,7,Libra,180,1613667.9593516234,-0295-12-21T11:01:27.980Z,1616195.2973905066,-0288-11-21T19:08:14.540Z,"[{""jd_ut"":1613667.9593516234,""utc"":""-0295-12-21T11:01:27.980Z"",""motion"":""direct""},{""jd_ut"":1613695.7198471585,""utc"":""-0294-01-18T05:16:34.794Z"",""motion"":""retrograde""},{""jd_ut"":1613937.51417244,""utc"":""-0294-09-17T00:20:24.499Z"",""motion"":""direct""}]",3
R38.08,R38,38,8,Scorpio,210,1616195.2973905066,-0288-11-21T19:08:14.540Z,1618766.1346778055,-0281-12-06T15:13:56.162Z,"[{""jd_ut"":1616195.2973905066,""utc"":""-0288-11-21T19:08:14.540Z"",""motion"":""direct""},{""jd_ut"":1616354.258022809,""utc"":""-0287-04-29T18:11:33.171Z"",""motion"":""retrograde""},{""jd_ut"":1616488.0701068346,""utc"":""-0287-09-10T13:40:57.231Z"",""motion"":""direct""}]",3
R38.09,R38,38,9,Sagittarius,240,1618766.1346778055,-0281-12-06T15:13:56.162Z,1621361.4439168135,-0273-01-13T22:39:14.413Z,"[{""jd_ut"":1618766.1346778055,""utc"":""-0281-12-06T15:13:56.162Z"",""motion"":""direct""},{""jd_ut"":1618967.8598887012,""utc"":""-0280-06-25T08:38:14.384Z"",""motion"":""retrograde""},{""jd_ut"":1619054.9055003054,""utc"":""-0280-09-20T09:43:55.226Z"",""motion"":""direct""}]",3
R38.10,R38,38,10,Capricorn,270,1621361.4439168135,-0273-01-13T22:39:14.413Z,1623980.1596101923,-0266-03-16T15:49:50.321Z,"[{""jd_ut"":1621361.4439168135,""utc"":""-0273-01-13T22:39:14.413Z"",""motion"":""direct""},{""jd_ut"":1621538.849927755,""utc"":""-0273-07-10T08:23:53.758Z"",""motion"":""retrograde""},{""jd_ut"":1621656.2647533156,""utc"":""-0273-11-04T18:21:14.686Z"",""motion"":""direct""}]",3
R38.11,R38,38,11,Aquarius,300,1623980.1596101923,-0266-03-16T15:49:50.321Z,1626896.5590957487,-0258-03-11T01:25:05.873Z,"[{""jd_ut"":1623980.1596101923,""utc"":""-0266-03-16T15:49:50.321Z"",""motion"":""direct""},{""jd_ut"":1624083.5619147243,""utc"":""-0266-06-28T01:29:09.432Z"",""motion"":""retrograde""},{""jd_ut"":1624273.1100476542,""utc"":""-0265-01-03T14:38:28.117Z"",""motion"":""direct""}]",3
R38.12,R38,38,12,Pisces,330,1626896.5590957487,-0258-03-11T01:25:05.873Z,1629524.96105565,-0251-05-21T11:03:55.208Z,"[{""jd_ut"":1626896.5590957487,""utc"":""-0258-03-11T01:25:05.873Z"",""motion"":""direct""},{""jd_ut"":1627084.4985721954,""utc"":""-0258-09-14T23:57:56.638Z"",""motion"":""retrograde""},{""jd_ut"":1627190.7519950513,""utc"":""-0258-12-30T06:02:52.372Z"",""motion"":""direct""}]",3
R39.01,R39,39,1,Aries,0,1629524.96105565,-0251-05-21T11:03:55.208Z,1632421.4095489983,-0243-04-25T21:49:45.033Z,"[{""jd_ut"":1629524.96105565,""utc"":""-0251-05-21T11:03:55.208Z"",""motion"":""direct""},{""jd_ut"":1629618.496342789,""utc"":""-0251-08-22T23:54:44.017Z"",""motion"":""retrograde""},{""jd_ut"":1629815.0959845735,""utc"":""-0250-03-07T14:18:13.067Z"",""motion"":""direct""}]",3
R39.02,R39,39,2,Taurus,30,1632421.4095489983,-0243-04-25T21:49:45.033Z,1635006.2034784793,-0236-05-23T16:53:00.541Z,"[{""jd_ut"":1632421.4095489983,""utc"":""-0243-04-25T21:49:45.033Z"",""motion"":""direct""},{""jd_ut"":1632658.9839155818,""utc"":""-0243-12-19T11:36:50.306Z"",""motion"":""retrograde""},{""jd_ut"":1632696.3515397725,""utc"":""-0242-01-25T20:26:13.036Z"",""motion"":""direct""}]",3
R39.03,R39,39,3,Gemini,60,1635006.2034784793,-0236-05-23T16:53:00.541Z,1637279.858431927,-0230-08-14T08:36:08.518Z,"[{""jd_ut"":1635006.2034784793,""utc"":""-0236-05-23T16:53:00.541Z"",""motion"":""direct""}]",1
R39.04,R39,39,4,Cancer,90,1637279.858431927,-0230-08-14T08:36:08.518Z,1639819.6979731661,-0223-07-28T04:45:04.882Z,"[{""jd_ut"":1637279.858431927,""utc"":""-0230-08-14T08:36:08.518Z"",""motion"":""direct""},{""jd_ut"":1637389.246692495,""utc"":""-0230-12-01T17:55:14.232Z"",""motion"":""retrograde""},{""jd_ut"":1637568.6382435728,""utc"":""-0229-05-30T03:19:04.245Z"",""motion"":""direct""}]",3
R39.05,R39,39,5,Leo,120,1639819.6979731661,-0223-07-28T04:45:04.882Z,1642063.8608621866,-0217-09-19T08:39:38.493Z,"[{""jd_ut"":1639819.6979731661,""utc"":""-0223-07-28T04:45:04.882Z"",""motion"":""direct""},{""jd_ut"":1640062.0234695608,""utc"":""-0222-03-27T12:33:47.770Z"",""motion"":""retrograde""},{""jd_ut"":1640083.5910849185,""utc"":""-0222-04-18T02:11:09.737Z"",""motion"":""direct""}]",3
R39.06,R39,39,6,Virgo,150,1642063.8608621866,-0217-09-19T08:39:38.493Z,1644313.4981009043,-0211-11-15T23:57:15.918Z,"[{""jd_ut"":1642063.8608621866,""utc"":""-0217-09-19T08:39:38.493Z"",""motion"":""direct""},{""jd_ut"":1642231.4895441881,""utc"":""-0216-03-04T23:44:56.618Z"",""motion"":""retrograde""},{""jd_ut"":1642353.0370730432,""utc"":""-0216-07-04T12:53:23.111Z"",""motion"":""direct""}]",3
R39.07,R39,39,7,Libra,180,1644313.4981009043,-0211-11-15T23:57:15.918Z,1646859.828518812,-0204-11-05T07:53:04.025Z,"[{""jd_ut"":1644313.4981009043,""utc"":""-0211-11-15T23:57:15.918Z"",""motion"":""direct""},{""jd_ut"":1644415.1898922855,""utc"":""-0210-02-25T16:33:26.693Z"",""motion"":""retrograde""},{""jd_ut"":1644602.3085306273,""utc"":""-0210-08-31T19:24:17.046Z"",""motion"":""direct""}]",3
R39.08,R39,39,8,Scorpio,210,1646859.828518812,-0204-11-05T07:53:04.025Z,1649431.573719814,-0197-11-22T01:46:09.392Z,"[{""jd_ut"":1646859.828518812,""utc"":""-0204-11-05T07:53:04.025Z"",""motion"":""direct""},{""jd_ut"":1647062.0103686522,""utc"":""-0203-05-26T12:14:55.852Z"",""motion"":""retrograde""},{""jd_ut"":1647146.0835357755,""utc"":""-0203-08-18T14:00:17.491Z"",""motion"":""direct""}]",3
R39.09,R39,39,9,Sagittarius,240,1649431.573719814,-0197-11-22T01:46:09.392Z,1652025.9655498038,-0190-12-29T11:10:23.503Z,"[{""jd_ut"":1649431.573719814,""utc"":""-0197-11-22T01:46:09.392Z"",""motion"":""direct""}]",1
R39.10,R39,39,10,Capricorn,270,1652025.9655498038,-0190-12-29T11:10:23.503Z,1654639.3166884817,-0182-02-23T19:36:01.885Z,"[{""jd_ut"":1652025.9655498038,""utc"":""-0190-12-29T11:10:23.503Z"",""motion"":""direct""},{""jd_ut"":1652250.6313774604,""utc"":""-0189-08-11T03:09:11.013Z"",""motion"":""retrograde""},{""jd_ut"":1652309.8279371476,""utc"":""-0189-10-09T07:52:13.770Z"",""motion"":""direct""}]",3
R39.11,R39,39,11,Aquarius,300,1654639.3166884817,-0182-02-23T19:36:01.885Z,1657559.9061943572,-0174-02-22T09:44:55.192Z,"[{""jd_ut"":1654639.3166884817,""utc"":""-0182-02-23T19:36:01.885Z"",""motion"":""direct""},{""jd_ut"":1654790.6887607216,""utc"":""-0182-07-25T04:31:48.926Z"",""motion"":""retrograde""},{""jd_ut"":1654936.0426962115,""utc"":""-0182-12-17T13:01:28.953Z"",""motion"":""direct""}]",3
R39.12,R39,39,12,Pisces,330,1657559.9061943572,-0174-02-22T09:44:55.192Z,1660181.4608652368,-0167-04-27T23:03:38.756Z,"[{""jd_ut"":1657559.9061943572,""utc"":""-0174-02-22T09:44:55.192Z"",""motion"":""direct""},{""jd_ut"":1657804.5846491344,""utc"":""-0174-10-25T02:01:53.685Z"",""motion"":""retrograde""},{""jd_ut"":1657835.4498454616,""utc"":""-0174-11-24T22:47:46.648Z"",""motion"":""direct""}]",3
R40.01,R40,40,1,Aries,0,1660181.4608652368,-0167-04-27T23:03:38.756Z,1662797.4219410112,-0160-06-25T22:07:35.703Z,"[{""jd_ut"":1660181.4608652368,""utc"":""-0167-04-27T23:03:38.756Z"",""motion"":""direct""},{""jd_ut"":1660327.5148562277,""utc"":""-0167-09-21T00:21:23.578Z"",""motion"":""retrograde""},{""jd_ut"":1660476.9403537428,""utc"":""-0166-02-17T10:34:06.563Z"",""motion"":""direct""}]",3
R40.02,R40,40,2,Taurus,30,1662797.4219410112,-0160-06-25T22:07:35.703Z,1665382.4305900969,-0153-07-24T22:20:02.984Z,"[{""jd_ut"":1662797.4219410112,""utc"":""-0160-06-25T22:07:35.703Z"",""motion"":""direct""},{""jd_ut"":1662881.3455351228,""utc"":""-0160-09-17T20:17:34.235Z"",""motion"":""retrograde""},{""jd_ut"":1663084.3755846745,""utc"":""-0159-04-08T21:00:50.516Z"",""motion"":""direct""}]",3
R40.03,R40,40,3,Gemini,60,1665382.4305900969,-0153-07-24T22:20:02.984Z,1667939.0626250156,-0146-07-24T13:30:10.801Z,"[{""jd_ut"":1665382.4305900969,""utc"":""-0153-07-24T22:20:02.984Z"",""motion"":""direct""},{""jd_ut"":1665471.3849721015,""utc"":""-0153-10-21T21:14:21.590Z"",""motion"":""retrograde""},{""jd_ut"":1665669.3010667004,""utc"":""-0152-05-06T19:13:32.163Z"",""motion"":""direct""}]",3
R40.04,R40,40,4,Cancer,90,1667939.0626250156,-0146-07-24T13:30:10.801Z,1670204.115877029,-0140-10-05T14:46:51.775Z,"[{""jd_ut"":1667939.0626250156,""utc"":""-0146-07-24T13:30:10.801Z"",""motion"":""direct""},{""jd_ut"":1668096.7333641928,""utc"":""-0146-12-29T05:36:02.666Z"",""motion"":""retrograde""},{""jd_ut"":1668229.48340035,""utc"":""-0145-05-10T23:36:05.790Z"",""motion"":""direct""}]",3
R40.05,R40,40,5,Leo,120,1670204.115877029,-0140-10-05T14:46:51.775Z,1672727.235744611,-0133-09-02T17:39:28.334Z,"[{""jd_ut"":1670204.115877029,""utc"":""-0140-10-05T14:46:51.775Z"",""motion"":""direct""},{""jd_ut"":1670266.116665957,""utc"":""-0140-12-06T14:47:59.939Z"",""motion"":""retrograde""},{""jd_ut"":1670483.782484707,""utc"":""-0139-07-12T06:46:46.679Z"",""motion"":""direct""}]",3
R40.06,R40,40,6,Virgo,150,1672727.235744611,-0133-09-02T17:39:28.334Z,1674972.8484408897,-0127-10-26T08:21:45.293Z,"[{""jd_ut"":1672727.235744611,""utc"":""-0133-09-02T17:39:28.334Z"",""motion"":""direct""},{""jd_ut"":1672945.2823999114,""utc"":""-0132-04-07T18:46:39.352Z"",""motion"":""retrograde""},{""jd_ut"":1673004.3052125107,""utc"":""-0132-06-05T19:19:30.361Z"",""motion"":""direct""}]",3
R40.07,R40,40,7,Libra,180,1674972.8484408897,-0127-10-26T08:21:45.293Z,1677524.0732325627,-0120-10-20T13:45:27.293Z,"[{""jd_ut"":1674972.8484408897,""utc"":""-0127-10-26T08:21:45.293Z"",""motion"":""direct""},{""jd_ut"":1675123.0476928013,""utc"":""-0126-03-25T13:08:40.658Z"",""motion"":""retrograde""},{""jd_ut"":1675264.2917702696,""utc"":""-0126-08-13T19:00:08.951Z"",""motion"":""direct""}]",3
R40.08,R40,40,8,Scorpio,210,1677524.0732325627,-0120-10-20T13:45:27.293Z,1679804.872902404,-0113-01-18T08:56:58.768Z,"[{""jd_ut"":1677524.0732325627,""utc"":""-0120-10-20T13:45:27.293Z"",""motion"":""direct""}]",1
R40.09,R40,40,9,Sagittarius,240,1679804.872902404,-0113-01-18T08:56:58.768Z,1682403.7776271594,-0106-03-01T06:39:46.987Z,"[{""jd_ut"":1679804.872902404,""utc"":""-0113-01-18T08:56:58.768Z"",""motion"":""direct""},{""jd_ut"":1679900.581802552,""utc"":""-0113-04-24T01:57:47.741Z"",""motion"":""retrograde""},{""jd_ut"":1680095.351470748,""utc"":""-0113-11-04T20:26:07.073Z"",""motion"":""direct""}]",3
R40.10,R40,40,10,Capricorn,270,1682403.7776271594,-0106-03-01T06:39:46.987Z,1685301.4141780892,-0098-02-05T21:56:24.987Z,"[{""jd_ut"":1682403.7776271594,""utc"":""-0106-03-01T06:39:46.987Z"",""motion"":""direct""},{""jd_ut"":1682473.9076015516,""utc"":""-0106-05-10T09:46:56.774Z"",""motion"":""retrograde""},{""jd_ut"":1682689.796888176,""utc"":""-0106-12-12T07:07:31.138Z"",""motion"":""direct""}]",3
R40.11,R40,40,11,Aquarius,300,1685301.4141780892,-0098-02-05T21:56:24.987Z,1687931.2877445347,-0091-04-19T18:54:21.128Z,"[{""jd_ut"":1685301.4141780892,""utc"":""-0098-02-05T21:56:24.987Z"",""motion"":""direct""},{""jd_ut"":1685499.247160397,""utc"":""-0098-08-22T17:55:54.658Z"",""motion"":""retrograde""},{""jd_ut"":1685594.1390679562,""utc"":""-0098-11-25T15:20:15.471Z"",""motion"":""direct""}]",3
R40.12,R40,40,12,Pisces,330,1687931.2877445347,-0091-04-19T18:54:21.128Z,1690843.0416761753,-0083-04-09T13:00:00.822Z,"[{""jd_ut"":1687931.2877445347,""utc"":""-0091-04-19T18:54:21.128Z"",""motion"":""direct""},{""jd_ut"":1688028.2379971845,""utc"":""-0091-07-25T17:42:42.957Z"",""motion"":""retrograde""},{""jd_ut"":1688222.8385244817,""utc"":""-0090-02-05T08:07:28.515Z"",""motion"":""direct""}]",3
R41.01,R41,41,1,Aries,0,1690843.0416761753,-0083-04-09T13:00:00.822Z,1693452.7197107351,-0076-06-01T05:16:23.008Z,"[{""jd_ut"":1690843.0416761753,""utc"":""-0083-04-09T13:00:00.822Z"",""motion"":""direct""},{""jd_ut"":1691035.0700980118,""utc"":""-0083-10-18T13:40:56.468Z"",""motion"":""retrograde""},{""jd_ut"":1691135.608969973,""utc"":""-0082-01-27T02:36:55.006Z"",""motion"":""direct""}]",3
R41.02,R41,41,2,Taurus,30,1693452.7197107351,-0076-06-01T05:16:23.008Z,1696039.4457303714,-0069-07-01T22:41:51.104Z,"[{""jd_ut"":1693452.7197107351,""utc"":""-0076-06-01T05:16:23.008Z"",""motion"":""direct""},{""jd_ut"":1693591.177967953,""utc"":""-0076-10-17T16:16:16.431Z"",""motion"":""retrograde""},{""jd_ut"":1693746.32024648,""utc"":""-0075-03-21T19:41:09.296Z"",""motion"":""direct""}]",3
R41.03,R41,41,3,Gemini,60,1696039.4457303714,-0069-07-01T22:41:51.104Z,1698601.8166932133,-0062-07-07T07:36:02.294Z,"[{""jd_ut"":1696039.4457303714,""utc"":""-0069-07-01T22:41:51.104Z"",""motion"":""direct""},{""jd_ut"":1696179.5078734267,""utc"":""-0069-11-19T00:11:20.264Z"",""motion"":""retrograde""},{""jd_ut"":1696331.767341718,""utc"":""-0068-04-19T06:24:58.324Z"",""motion"":""direct""}]",3
R41.04,R41,41,4,Cancer,90,1698601.8166932133,-0062-07-07T07:36:02.294Z,1700857.350236212,-0056-09-08T20:24:20.409Z,"[{""jd_ut"":1698601.8166932133,""utc"":""-0062-07-07T07:36:02.294Z"",""motion"":""direct""},{""jd_ut"":1698806.330691386,""utc"":""-0061-01-27T19:56:11.736Z"",""motion"":""retrograde""},{""jd_ut"":1698884.8877716572,""utc"":""-0061-04-16T09:18:23.471Z"",""motion"":""direct""}]",3
R41.05,R41,41,5,Leo,120,1700857.350236212,-0056-09-08T20:24:20.409Z,1703124.4084082535,-0050-11-23T21:48:06.473Z,"[{""jd_ut"":1700857.350236212,""utc"":""-0056-09-08T20:24:20.409Z"",""motion"":""direct""},{""jd_ut"":1700977.9128902238,""utc"":""-0055-01-07T09:54:33.715Z"",""motion"":""retrograde""},{""jd_ut"":1701146.9229359496,""utc"":""-0055-06-25T10:09:01.666Z"",""motion"":""direct""}]",3
R41.06,R41,41,6,Virgo,150,1703124.4084082535,-0050-11-23T21:48:06.473Z,1705636.0420174436,-0043-10-09T13:00:30.307Z,"[{""jd_ut"":1703124.4084082535,""utc"":""-0050-11-23T21:48:06.473Z"",""motion"":""direct""},{""jd_ut"":1703148.3634796306,""utc"":""-0050-12-17T20:43:24.640Z"",""motion"":""retrograde""},{""jd_ut"":1703391.4884813088,""utc"":""-0049-08-17T23:43:24.785Z"",""motion"":""direct""}]",3
R41.07,R41,41,7,Libra,180,1705636.0420174436,-0043-10-09T13:00:30.307Z,1707898.872363228,-0037-12-20T08:56:12.183Z,"[{""jd_ut"":1705636.0420174436,""utc"":""-0043-10-09T13:00:30.307Z"",""motion"":""direct""},{""jd_ut"":1705831.7209117622,""utc"":""-0042-04-23T05:18:06.776Z"",""motion"":""retrograde""},{""jd_ut"":1705921.717375644,""utc"":""-0042-07-22T05:13:01.256Z"",""motion"":""direct""}]",3
R41.08,R41,41,8,Scorpio,210,1707898.872363228,-0037-12-20T08:56:12.183Z,1710463.4473044788,-0030-12-27T22:44:07.107Z,"[{""jd_ut"":1707898.872363228,""utc"":""-0037-12-20T08:56:12.183Z"",""motion"":""direct""},{""jd_ut"":1707993.606012321,""utc"":""-0036-03-24T02:32:39.465Z"",""motion"":""retrograde""},{""jd_ut"":1708187.8642207505,""utc"":""-0036-10-04T08:44:28.673Z"",""motion"":""direct""}]",3
R41.09,R41,41,9,Sagittarius,240,1710463.4473044788,-0030-12-27T22:44:07.107Z,1713057.9281098815,-0022-02-03T10:16:28.694Z,"[{""jd_ut"":1710463.4473044788,""utc"":""-0030-12-27T22:44:07.107Z"",""motion"":""direct""},{""jd_ut"":1710608.8337010657,""utc"":""-0029-05-22T08:00:31.772Z"",""motion"":""retrograde""},{""jd_ut"":1710758.2148844749,""utc"":""-0029-10-18T17:09:26.019Z"",""motion"":""direct""}]",3
R41.10,R41,41,10,Capricorn,270,1713057.9281098815,-0022-02-03T10:16:28.694Z,1715696.952204056,-0015-04-26T10:51:10.430Z,"[{""jd_ut"":1713057.9281098815,""utc"":""-0022-02-03T10:16:28.694Z"",""motion"":""direct""},{""jd_ut"":1713185.6641151207,""utc"":""-0022-06-11T03:56:19.546Z"",""motion"":""retrograde""},{""jd_ut"":1713353.0858721896,""utc"":""-0022-11-25T14:03:39.357Z"",""motion"":""direct""}]",3
R41.11,R41,41,11,Aquarius,300,1715696.952204056,-0015-04-26T10:51:10.430Z,1718589.1618201798,-0007-03-27T15:53:01.264Z,"[{""jd_ut"":1715696.952204056,""utc"":""-0015-04-26T10:51:10.430Z"",""motion"":""direct""},{""jd_ut"":1715714.3696589977,""utc"":""-0015-05-13T20:52:18.537Z"",""motion"":""retrograde""},{""jd_ut"":1715965.1968994457,""utc"":""-0014-01-19T16:43:32.112Z"",""motion"":""direct""}]",3
R41.12,R41,41,12,Pisces,330,1718589.1618201798,-0007-03-27T15:53:01.264Z,1721506.509339681,0001-03-23T00:13:26.948Z,"[{""jd_ut"":1718589.1618201798,""utc"":""-0007-03-27T15:53:01.264Z"",""motion"":""direct""},{""jd_ut"":1718736.217573544,""utc"":""-0007-08-21T17:13:18.354Z"",""motion"":""retrograde""},{""jd_ut"":1718885.4634147235,""utc"":""-0006-01-17T23:07:19.032Z"",""motion"":""direct""}]",3
R42.01,R42,42,1,Aries,0,1721506.509339681,0001-03-23T00:13:26.948Z,1724114.574142598,0008-05-13T01:46:45.920Z,"[{""jd_ut"":1721506.509339681,""utc"":""0001-03-23T00:13:26.948Z"",""motion"":""direct""},{""jd_ut"":1721762.129254635,""utc"":""0001-12-03T15:06:07.600Z"",""motion"":""retrograde""},{""jd_ut"":1721772.8118675528,""utc"":""0001-12-14T07:29:05.357Z"",""motion"":""direct""}]",3
R42.02,R42,42,2,Taurus,30,1724114.574142598,0008-05-13T01:46:45.920Z,1726702.061846692,0015-06-13T13:29:03.554Z,"[{""jd_ut"":1724114.574142598,""utc"":""0008-05-13T01:46:45.920Z"",""motion"":""direct""},{""jd_ut"":1724297.2441065074,""utc"":""0008-11-11T17:51:30.802Z"",""motion"":""retrograde""},{""jd_ut"":1724406.4619664727,""utc"":""0009-02-28T23:05:13.903Z"",""motion"":""direct""}]",3
R42.03,R42,42,3,Gemini,60,1726702.061846692,0015-06-13T13:29:03.554Z,1729266.5038233409,0022-06-21T00:05:30.337Z,"[{""jd_ut"":1726702.061846692,""utc"":""0015-06-13T13:29:03.554Z"",""motion"":""direct""},{""jd_ut"":1726884.941026311,""utc"":""0015-12-13T10:35:04.673Z"",""motion"":""retrograde""},{""jd_ut"":1726992.030181828,""utc"":""0016-03-29T12:43:27.710Z"",""motion"":""direct""}]",3
R42.04,R42,42,4,Cancer,90,1729266.5038233409,0022-06-21T00:05:30.337Z,1731520.1246185242,0028-08-21T14:59:27.040Z,"[{""jd_ut"":1729266.5038233409,""utc"":""0022-06-21T00:05:30.337Z"",""motion"":""direct""}]",1
R42.05,R42,42,5,Leo,120,1731520.1246185242,0028-08-21T14:59:27.040Z,1733769.0152454101,0034-10-18T12:21:57.203Z,"[{""jd_ut"":1731520.1246185242,""utc"":""0028-08-21T14:59:27.040Z"",""motion"":""direct""},{""jd_ut"":1731681.9102232414,""utc"":""0029-01-30T09:50:43.288Z"",""motion"":""retrograde""},{""jd_ut"":1731809.752861388,""utc"":""0029-06-07T06:04:07.224Z"",""motion"":""direct""}]",3
R42.06,R42,42,6,Virgo,150,1733769.0152454101,0034-10-18T12:21:57.203Z,1736301.333213016,0041-09-23T19:59:49.605Z,"[{""jd_ut"":1733769.0152454101,""utc"":""0034-10-18T12:21:57.203Z"",""motion"":""direct""},{""jd_ut"":1733868.3328329176,""utc"":""0035-01-25T19:59:16.764Z"",""motion"":""retrograde""},{""jd_ut"":1734056.355655585,""utc"":""0035-08-01T20:32:08.643Z"",""motion"":""direct""}]",3
R42.07,R42,42,7,Libra,180,1736301.333213016,0041-09-23T19:59:49.605Z,1738558.4111989858,0047-11-28T21:52:07.592Z,"[{""jd_ut"":1736301.333213016,""utc"":""0041-09-23T19:59:49.605Z"",""motion"":""direct""}]",1
R42.08,R42,42,8,Scorpio,210,1738558.4111989858,0047-11-28T21:52:07.592Z,1741126.0251530847,0054-12-09T12:36:13.227Z,"[{""jd_ut"":1738558.4111989858,""utc"":""0047-11-28T21:52:07.592Z"",""motion"":""direct""},{""jd_ut"":1738700.7719458207,""utc"":""0048-04-19T06:31:36.119Z"",""motion"":""retrograde""},{""jd_ut"":1738851.2266962482,""utc"":""0048-09-16T17:26:26.556Z"",""motion"":""direct""}]",3
R42.09,R42,42,9,Sagittarius,240,1741126.0251530847,0054-12-09T12:36:13.227Z,1743718.7170969374,0062-01-14T05:12:37.175Z,"[{""jd_ut"":1741126.0251530847,""utc"":""0054-12-09T12:36:13.227Z"",""motion"":""direct""},{""jd_ut"":1741317.052382255,""utc"":""0055-06-18T13:15:25.827Z"",""motion"":""retrograde""},{""jd_ut"":1741416.965742495,""utc"":""0055-09-26T11:10:40.152Z"",""motion"":""direct""}]",3
R42.10,R42,42,10,Capricorn,270,1743718.7170969374,0062-01-14T05:12:37.175Z,1746335.04316187,0069-03-14T13:02:09.186Z,"[{""jd_ut"":1743718.7170969374,""utc"":""0062-01-14T05:12:37.175Z"",""motion"":""direct""},{""jd_ut"":1743893.6188096195,""utc"":""0062-07-08T02:51:05.151Z"",""motion"":""retrograde""},{""jd_ut"":1744013.4882365977,""utc"":""0062-11-04T23:43:03.642Z"",""motion"":""direct""}]",3
R42.11,R42,42,11,Aquarius,300,1746335.04316187,0069-03-14T13:02:09.186Z,1749250.4523220472,0077-03-07T22:51:20.625Z,"[{""jd_ut"":1746335.04316187,""utc"":""0069-03-14T13:02:09.186Z"",""motion"":""direct""},{""jd_ut"":1746441.2121296185,""utc"":""0069-06-28T17:05:27.999Z"",""motion"":""retrograde""},{""jd_ut"":1746628.5405323291,""utc"":""0070-01-02T00:58:21.993Z"",""motion"":""direct""}]",3
R42.12,R42,42,12,Pisces,330,1749250.4523220472,0077-03-07T22:51:20.625Z,1751879.2706472296,0084-05-18T18:29:43.921Z,"[{""jd_ut"":1749250.4523220472,""utc"":""0077-03-07T22:51:20.625Z"",""motion"":""direct""},{""jd_ut"":1749444.7815829683,""utc"":""0077-09-18T06:45:28.768Z"",""motion"":""retrograde""},{""jd_ut"":1749543.61914963,""utc"":""0077-12-26T02:51:34.528Z"",""motion"":""direct""}]",3
R43.01,R43,43,1,Aries,0,1751879.2706472296,0084-05-18T18:29:43.921Z,1754778.0139825335,0092-04-25T12:20:08.091Z,"[{""jd_ut"":1751879.2706472296,""utc"":""0084-05-18T18:29:43.921Z"",""motion"":""direct""},{""jd_ut"":1751976.707207085,""utc"":""0084-08-24T04:58:22.692Z"",""motion"":""retrograde""},{""jd_ut"":1752170.2739402587,""utc"":""0085-03-05T18:34:28.438Z"",""motion"":""direct""}]",3
R43.02,R43,43,2,Taurus,30,1754778.0139825335,0092-04-25T12:20:08.091Z,1757366.5780695747,0099-05-28T01:52:25.211Z,"[{""jd_ut"":1754778.0139825335,""utc"":""0092-04-25T12:20:08.091Z"",""motion"":""direct""},{""jd_ut"":1755013.155446182,""utc"":""0092-12-16T15:43:50.550Z"",""motion"":""retrograde""},{""jd_ut"":1755054.7936631981,""utc"":""0093-01-27T07:02:52.500Z"",""motion"":""direct""}]",3
R43.03,R43,43,3,Gemini,60,1757366.5780695747,0099-05-28T01:52:25.211Z,1759646.1352592367,0105-08-24T15:14:46.398Z,"[{""jd_ut"":1757366.5780695747,""utc"":""0099-05-28T01:52:25.211Z"",""motion"":""direct""},{""jd_ut"":1757599.0797255193,""utc"":""0100-01-15T13:54:48.285Z"",""motion"":""retrograde""},{""jd_ut"":1757641.8110210565,""utc"":""0100-02-27T07:27:52.219Z"",""motion"":""direct""}]",3
R43.04,R43,43,4,Cancer,90,1759646.1352592367,0105-08-24T15:14:46.398Z,1762185.3507608427,0112-08-06T20:25:05.737Z,"[{""jd_ut"":1759646.1352592367,""utc"":""0105-08-24T15:14:46.398Z"",""motion"":""direct""},{""jd_ut"":1759733.8324905122,""utc"":""0105-11-20T07:58:47.180Z"",""motion"":""retrograde""},{""jd_ut"":1759931.798081338,""utc"":""0106-06-06T07:09:14.228Z"",""motion"":""direct""}]",3
R43.05,R43,43,5,Leo,120,1762185.3507608427,0112-08-06T20:25:05.737Z,1764430.7779666246,0118-09-30T06:40:16.316Z,"[{""jd_ut"":1762185.3507608427,""utc"":""0112-08-06T20:25:05.737Z"",""motion"":""direct""},{""jd_ut"":1762388.1160627045,""utc"":""0113-02-25T14:47:07.818Z"",""motion"":""retrograde""},{""jd_ut"":1762468.0394170042,""utc"":""0113-05-16T12:56:45.629Z"",""motion"":""direct""}]",3
R43.06,R43,43,6,Virgo,150,1764430.7779666246,0118-09-30T06:40:16.316Z,1766685.5530846291,0124-12-02T01:16:26.512Z,"[{""jd_ut"":1764430.7779666246,""utc"":""0118-09-30T06:40:16.316Z"",""motion"":""direct""},{""jd_ut"":1764572.3094282947,""utc"":""0119-02-18T19:25:34.605Z"",""motion"":""retrograde""},{""jd_ut"":1764721.0795058212,""utc"":""0119-07-17T13:54:29.303Z"",""motion"":""direct""}]",3
R43.07,R43,43,7,Libra,180,1766685.5530846291,0124-12-02T01:16:26.512Z,1769222.7984637008,0131-11-13T07:09:47.264Z,"[{""jd_ut"":1766685.5530846291,""utc"":""0124-12-02T01:16:26.512Z"",""motion"":""direct""},{""jd_ut"":1766753.050651615,""utc"":""0125-02-07T13:12:56.300Z"",""motion"":""retrograde""},{""jd_ut"":1766967.7963122912,""utc"":""0125-09-10T07:06:41.382Z"",""motion"":""direct""}]",3
R43.08,R43,43,8,Scorpio,210,1769222.7984637008,0131-11-13T07:09:47.264Z,1771791.7720571053,0138-11-25T06:31:45.734Z,"[{""jd_ut"":1769222.7984637008,""utc"":""0131-11-13T07:09:47.264Z"",""motion"":""direct""},{""jd_ut"":1769405.7342930567,""utc"":""0132-05-14T05:37:22.920Z"",""motion"":""retrograde""},{""jd_ut"":1769512.5837723892,""utc"":""0132-08-29T02:00:37.934Z"",""motion"":""direct""}]",3
R43.09,R43,43,9,Sagittarius,240,1771791.7720571053,0138-11-25T06:31:45.734Z,1774383.0219833646,0145-12-29T12:31:39.363Z,"[{""jd_ut"":1771791.7720571053,""utc"":""0138-11-25T06:31:45.734Z"",""motion"":""direct""},{""jd_ut"":1772037.1819765759,""utc"":""0139-07-28T16:22:02.776Z"",""motion"":""retrograde""},{""jd_ut"":1772061.6142505854,""utc"":""0139-08-22T02:44:31.251Z"",""motion"":""direct""}]",3
R43.10,R43,43,10,Capricorn,270,1774383.0219833646,0145-12-29T12:31:39.363Z,1776994.7405077526,0153-02-22T05:46:19.870Z,"[{""jd_ut"":1774383.0219833646,""utc"":""0145-12-29T12:31:39.363Z"",""motion"":""direct""},{""jd_ut"":1774605.1863601883,""utc"":""0146-08-08T16:28:21.520Z"",""motion"":""retrograde""},{""jd_ut"":1774667.4278695444,""utc"":""0146-10-09T22:16:07.929Z"",""motion"":""direct""}]",3
R43.11,R43,43,11,Aquarius,300,1776994.7405077526,0153-02-22T05:46:19.870Z,1779914.3233856787,0161-02-19T19:45:40.523Z,"[{""jd_ut"":1776994.7405077526,""utc"":""0153-02-22T05:46:19.870Z"",""motion"":""direct""},{""jd_ut"":1777147.9003072777,""utc"":""0153-07-25T09:36:26.549Z"",""motion"":""retrograde""},{""jd_ut"":1777291.5583731523,""utc"":""0153-12-16T01:24:03.440Z"",""motion"":""direct""}]",3
R43.12,R43,43,12,Pisces,330,1779914.3233856787,0161-02-19T19:45:40.523Z,1782537.345937414,0168-04-26T20:18:08.993Z,"[{""jd_ut"":1779914.3233856787,""utc"":""0161-02-19T19:45:40.523Z"",""motion"":""direct""}]",1
R44.01,R44,44,1,Aries,0,1782537.345937414,0168-04-26T20:18:08.993Z,1785156.4085633573,0175-06-28T21:48:19.874Z,"[{""jd_ut"":1782537.345937414,""utc"":""0168-04-26T20:18:08.993Z"",""motion"":""direct""},{""jd_ut"":1782684.065836674,""utc"":""0168-09-20T13:34:48.289Z"",""motion"":""retrograde""},{""jd_ut"":1782832.9829867678,""utc"":""0169-02-16T11:35:30.057Z"",""motion"":""direct""}]",3
R44.02,R44,44,2,Taurus,30,1785156.4085633573,0175-06-28T21:48:19.874Z,1787749.280969839,0182-08-03T18:44:35.794Z,"[{""jd_ut"":1785156.4085633573,""utc"":""0175-06-28T21:48:19.874Z"",""motion"":""direct""},{""jd_ut"":1785234.3633458181,""utc"":""0175-09-14T20:43:13.079Z"",""motion"":""retrograde""},{""jd_ut"":1785442.2702953448,""utc"":""0176-04-09T18:29:13.518Z"",""motion"":""direct""}]",3
R44.03,R44,44,3,Gemini,60,1787749.280969839,0182-08-03T18:44:35.794Z,1790305.0819582203,0189-08-02T13:58:01.190Z,"[{""jd_ut"":1787749.280969839,""utc"":""0182-08-03T18:44:35.794Z"",""motion"":""direct""},{""jd_ut"":1787815.8320815787,""utc"":""0182-10-09T07:58:11.848Z"",""motion"":""retrograde""},{""jd_ut"":1788031.2814332522,""utc"":""0183-05-12T18:45:15.833Z"",""motion"":""direct""}]",3
R44.04,R44,44,4,Cancer,90,1790305.0819582203,0189-08-02T13:58:01.190Z,1792851.7308124937,0196-07-23T05:32:22.199Z,"[{""jd_ut"":1790305.0819582203,""utc"":""0189-08-02T13:58:01.190Z"",""motion"":""direct""},{""jd_ut"":1790439.701469706,""utc"":""0189-12-15T04:50:06.983Z"",""motion"":""retrograde""},{""jd_ut"":1790595.9729888593,""utc"":""0190-05-20T11:21:06.237Z"",""motion"":""direct""}]",3
R44.05,R44,44,5,Leo,120,1792851.7308124937,0196-07-23T05:32:22.199Z,1795095.906019623,0202-09-15T09:44:40.095Z,"[{""jd_ut"":1792851.7308124937,""utc"":""0196-07-23T05:32:22.199Z"",""motion"":""direct""}]",1
R44.06,R44,44,6,Virgo,150,1795095.906019623,0202-09-15T09:44:40.095Z,1797343.9440187705,0208-11-10T10:39:23.222Z,"[{""jd_ut"":1795095.906019623,""utc"":""0202-09-15T09:44:40.095Z"",""motion"":""direct""},{""jd_ut"":1795275.5244983947,""utc"":""0203-03-14T00:35:16.661Z"",""motion"":""retrograde""},{""jd_ut"":1795383.3431470077,""utc"":""0203-06-29T20:14:07.901Z"",""motion"":""direct""}]",3
R44.07,R44,44,7,Libra,180,1797343.9440187705,0208-11-10T10:39:23.222Z,1799889.2361567682,0215-10-30T17:40:03.945Z,"[{""jd_ut"":1797343.9440187705,""utc"":""0208-11-10T10:39:23.222Z"",""motion"":""direct""},{""jd_ut"":1797459.4516158174,""utc"":""0209-03-05T22:50:19.607Z"",""motion"":""retrograde""},{""jd_ut"":1797634.2028175942,""utc"":""0209-08-27T16:52:03.440Z"",""motion"":""direct""}]",3
R44.08,R44,44,8,Scorpio,210,1799889.2361567682,0215-10-30T17:40:03.945Z,1802172.5022564405,0222-01-30T00:03:14.956Z,"[{""jd_ut"":1799889.2361567682,""utc"":""0215-10-30T17:40:03.945Z"",""motion"":""direct""},{""jd_ut"":1800117.8514122083,""utc"":""0216-06-15T08:26:02.015Z"",""motion"":""retrograde""},{""jd_ut"":1800165.0544088883,""utc"":""0216-08-01T13:18:20.928Z"",""motion"":""direct""}]",3
R44.09,R44,44,9,Sagittarius,240,1802172.5022564405,0222-01-30T00:03:14.956Z,1804765.6667221966,0229-03-07T04:00:04.798Z,"[{""jd_ut"":1802172.5022564405,""utc"":""0222-01-30T00:03:14.956Z"",""motion"":""direct""},{""jd_ut"":1802243.5109910201,""utc"":""0222-04-11T00:15:49.624Z"",""motion"":""retrograde""},{""jd_ut"":1802457.893537676,""utc"":""0222-11-11T09:26:41.655Z"",""motion"":""direct""}]",3
R44.10,R44,44,10,Capricorn,270,1804765.6667221966,0229-03-07T04:00:04.798Z,1807658.0092137316,0237-02-05T12:13:16.066Z,"[{""jd_ut"":1804765.6667221966,""utc"":""0229-03-07T04:00:04.798Z"",""motion"":""direct""},{""jd_ut"":1804823.8334356286,""utc"":""0229-05-04T08:00:08.838Z"",""motion"":""retrograde""},{""jd_ut"":1805048.2729104692,""utc"":""0229-12-14T18:32:59.465Z"",""motion"":""direct""}]",3
R44.11,R44,44,11,Aquarius,300,1807658.0092137316,0237-02-05T12:13:16.066Z,1810285.5207397216,0244-04-17T00:29:51.912Z,"[{""jd_ut"":1807658.0092137316,""utc"":""0237-02-05T12:13:16.066Z"",""motion"":""direct""},{""jd_ut"":1807854.8815106102,""utc"":""0237-08-21T09:09:22.517Z"",""motion"":""retrograde""},{""jd_ut"":1807950.8391980599,""utc"":""0237-11-25T08:08:26.712Z"",""motion"":""direct""}]",3
R44.12,R44,44,12,Pisces,330,1810285.5207397216,0244-04-17T00:29:51.912Z,1813199.5800907565,0252-04-09T01:55:19.841Z,"[{""jd_ut"":1810285.5207397216,""utc"":""0244-04-17T00:29:51.912Z"",""motion"":""direct""},{""jd_ut"":1810386.59306835,""utc"":""0244-07-27T02:14:01.105Z"",""motion"":""retrograde""},{""jd_ut"":1810577.885549963,""utc"":""0245-02-03T09:15:11.517Z"",""motion"":""direct""}]",3
R45.01,R45,45,1,Aries,0,1813199.5800907565,0252-04-09T01:55:19.841Z,1815811.5604686374,0259-06-04T01:27:04.490Z,"[{""jd_ut"":1813199.5800907565,""utc"":""0252-04-09T01:55:19.841Z"",""motion"":""direct""},{""jd_ut"":1813390.7282021898,""utc"":""0252-10-17T05:28:36.669Z"",""motion"":""retrograde""},{""jd_ut"":1813492.4017524798,""utc"":""0253-01-26T21:38:31.414Z"",""motion"":""direct""}]",3
R45.02,R45,45,2,Taurus,30,1815811.5604686374,0259-06-04T01:27:04.490Z,1818403.4733707695,0266-07-08T23:21:39.234Z,"[{""jd_ut"":1815811.5604686374,""utc"":""0259-06-04T01:27:04.490Z"",""motion"":""direct""},{""jd_ut"":1815943.9208452296,""utc"":""0259-10-14T10:06:01.028Z"",""motion"":""retrograde""},{""jd_ut"":1816105.20133312,""utc"":""0260-03-23T16:49:55.182Z"",""motion"":""direct""}]",3
R45.03,R45,45,3,Gemini,60,1818403.4733707695,0266-07-08T23:21:39.234Z,1820967.812956547,0273-07-16T07:30:39.446Z,"[{""jd_ut"":1818403.4733707695,""utc"":""0266-07-08T23:21:39.234Z"",""motion"":""direct""},{""jd_ut"":1818525.9655072107,""utc"":""0266-11-08T11:10:19.823Z"",""motion"":""retrograde""},{""jd_ut"":1818694.9761763029,""utc"":""0267-04-26T11:25:41.633Z"",""motion"":""direct""}]",3
R45.04,R45,45,4,Cancer,90,1820967.812956547,0273-07-16T07:30:39.446Z,1823233.4080905542,0279-09-28T21:47:39.024Z,"[{""jd_ut"":1820967.812956547,""utc"":""0273-07-16T07:30:39.446Z"",""motion"":""direct""},{""jd_ut"":1821144.7200332177,""utc"":""0274-01-09T05:16:50.870Z"",""motion"":""retrograde""},{""jd_ut"":1821256.906924137,""utc"":""0274-05-01T09:45:58.245Z"",""motion"":""direct""}]",3
R45.05,R45,45,5,Leo,120,1823233.4080905542,0279-09-28T21:47:39.024Z,1825761.367302165,0286-08-30T20:48:54.907Z,"[{""jd_ut"":1823233.4080905542,""utc"":""0279-09-28T21:47:39.024Z"",""motion"":""direct""},{""jd_ut"":1823310.8810895374,""utc"":""0279-12-15T09:08:46.136Z"",""motion"":""retrograde""},{""jd_ut"":1823516.7971619102,""utc"":""0280-07-08T07:07:54.789Z"",""motion"":""direct""}]",3
R45.06,R45,45,6,Virgo,150,1825761.367302165,0286-08-30T20:48:54.907Z,1828007.2211452993,0292-10-23T17:18:26.954Z,"[{""jd_ut"":1825761.367302165,""utc"":""0286-08-30T20:48:54.907Z"",""motion"":""direct""},{""jd_ut"":1825989.1176831778,""utc"":""0287-04-15T14:49:27.827Z"",""motion"":""retrograde""},{""jd_ut"":1826034.0315014771,""utc"":""0287-05-30T12:45:21.728Z"",""motion"":""direct""}]",3
R45.07,R45,45,7,Libra,180,1828007.2211452993,0292-10-23T17:18:26.954Z,1830279.52218162,0299-01-13T00:31:56.492Z,"[{""jd_ut"":1828007.2211452993,""utc"":""0292-10-23T17:18:26.954Z"",""motion"":""direct""},{""jd_ut"":1828162.955109627,""utc"":""0293-03-28T10:55:21.472Z"",""motion"":""retrograde""},{""jd_ut"":1828298.1975150164,""utc"":""0293-08-10T16:44:25.297Z"",""motion"":""direct""}]",3
R45.08,R45,45,8,Scorpio,210,1830279.52218162,0299-01-13T00:31:56.492Z,1832830.2527052285,0306-01-07T18:03:53.732Z,"[{""jd_ut"":1830279.52218162,""utc"":""0299-01-13T00:31:56.492Z"",""motion"":""direct""},{""jd_ut"":1830322.3149453793,""utc"":""0299-02-24T19:33:31.281Z"",""motion"":""retrograde""},{""jd_ut"":1830555.4083308843,""utc"":""0299-10-15T21:47:59.788Z"",""motion"":""direct""}]",3
R45.09,R45,45,9,Sagittarius,240,1832830.2527052285,0306-01-07T18:03:53.732Z,1835419.6994159403,0313-02-09T04:47:09.537Z,"[{""jd_ut"":1832830.2527052285,""utc"":""0306-01-07T18:03:53.732Z"",""motion"":""direct""},{""jd_ut"":1832951.0487925843,""utc"":""0306-05-08T13:10:15.679Z"",""motion"":""retrograde""},{""jd_ut"":1833123.6946810037,""utc"":""0306-10-28T04:40:20.439Z"",""motion"":""direct""}]",3
R45.10,R45,45,10,Capricorn,270,1835419.6994159403,0313-02-09T04:47:09.537Z,1838323.0667270175,0321-01-21T13:36:05.214Z,"[{""jd_ut"":1835419.6994159403,""utc"":""0313-02-09T04:47:09.537Z"",""motion"":""direct""},{""jd_ut"":1835534.9133386686,""utc"":""0313-06-04T09:55:12.461Z"",""motion"":""retrograde""},{""jd_ut"":1835713.5429658713,""utc"":""0313-11-30T01:01:52.251Z"",""motion"":""direct""}]",3
R45.11,R45,45,11,Aquarius,300,1838323.0667270175,0321-01-21T13:36:05.214Z,1840944.809155555,0328-03-27T07:25:11.040Z,"[{""jd_ut"":1838323.0667270175,""utc"":""0321-01-21T13:36:05.214Z"",""motion"":""direct""}]",1
R45.12,R45,45,12,Pisces,330,1840944.809155555,0328-03-27T07:25:11.040Z,1843863.3075235155,0336-03-23T19:22:50.032Z,"[{""jd_ut"":1840944.809155555,""utc"":""0328-03-27T07:25:11.040Z"",""motion"":""direct""},{""jd_ut"":1841093.0549927372,""utc"":""0328-08-22T13:19:11.372Z"",""motion"":""retrograde""},{""jd_ut"":1841241.3166389917,""utc"":""0329-01-17T19:35:57.609Z"",""motion"":""direct""}]",3
R46.01,R46,46,1,Aries,0,1843863.3075235155,0336-03-23T19:22:50.032Z,1846473.1661492279,0343-05-16T15:59:15.293Z,"[{""jd_ut"":1843863.3075235155,""utc"":""0336-03-23T19:22:50.032Z"",""motion"":""direct""},{""jd_ut"":1844113.4057564493,""utc"":""0336-11-28T21:44:17.357Z"",""motion"":""retrograde""},{""jd_ut"":1844134.0616954337,""utc"":""0336-12-19T13:28:50.485Z"",""motion"":""direct""}]",3
R46.02,R46,46,2,Taurus,30,1846473.1661492279,0343-05-16T15:59:15.293Z,1849064.346869545,0350-06-19T20:19:29.529Z,"[{""jd_ut"":1846473.1661492279,""utc"":""0343-05-16T15:59:15.293Z"",""motion"":""direct""},{""jd_ut"":1846649.51759972,""utc"":""0343-11-09T00:25:20.616Z"",""motion"":""retrograde""},{""jd_ut"":1846766.2086175652,""utc"":""0344-03-04T17:00:24.558Z"",""motion"":""direct""}]",3
R46.03,R46,46,3,Gemini,60,1849064.346869545,0350-06-19T20:19:29.529Z,1851631.5588846807,0357-06-30T01:24:47.636Z,"[{""jd_ut"":1849064.346869545,""utc"":""0350-06-19T20:19:29.529Z"",""motion"":""direct""},{""jd_ut"":1849231.9105480365,""utc"":""0350-12-04T09:51:11.350Z"",""motion"":""retrograde""},{""jd_ut"":1849356.0580354463,""utc"":""0351-04-07T13:23:34.263Z"",""motion"":""direct""}]",3
R46.04,R46,46,4,Cancer,90,1851631.5588846807,0357-06-30T01:24:47.636Z,1853890.4832223076,0363-09-05T23:35:50.407Z,"[{""jd_ut"":1851631.5588846807,""utc"":""0357-06-30T01:24:47.636Z"",""motion"":""direct""},{""jd_ut"":1851859.1083882507,""utc"":""0358-02-12T14:36:04.745Z"",""motion"":""retrograde""},{""jd_ut"":1851906.7215925688,""utc"":""0358-04-01T05:19:05.598Z"",""motion"":""direct""}]",3
R46.05,R46,46,5,Leo,120,1853890.4832223076,0363-09-05T23:35:50.407Z,1856152.7761339643,0369-11-15T06:37:37.975Z,"[{""jd_ut"":1853890.4832223076,""utc"":""0363-09-05T23:35:50.407Z"",""motion"":""direct""},{""jd_ut"":1854018.9440900274,""utc"":""0364-01-12T10:39:29.378Z"",""motion"":""retrograde""},{""jd_ut"":1854180.4590935144,""utc"":""0364-06-21T23:01:05.680Z"",""motion"":""direct""}]",3
R46.06,R46,46,6,Virgo,150,1856152.7761339643,0369-11-15T06:37:37.975Z,1858671.4896758348,0376-10-07T23:45:07.992Z,"[{""jd_ut"":1856152.7761339643,""utc"":""0369-11-15T06:37:37.975Z"",""motion"":""direct""},{""jd_ut"":1856193.7496642857,""utc"":""0369-12-26T05:59:30.994Z"",""motion"":""retrograde""},{""jd_ut"":1856426.2032200387,""utc"":""0370-08-15T16:52:38.211Z"",""motion"":""direct""}]",3
R46.07,R46,46,7,Libra,180,1858671.4896758348,0376-10-07T23:45:07.992Z,1860930.017560597,0382-12-14T12:25:17.236Z,"[{""jd_ut"":1858671.4896758348,""utc"":""0376-10-07T23:45:07.992Z"",""motion"":""direct""},{""jd_ut"":1858870.6292669815,""utc"":""0377-04-25T03:06:08.667Z"",""motion"":""retrograde""},{""jd_ut"":1858956.0329636047,""utc"":""0377-07-19T12:47:28.055Z"",""motion"":""direct""}]",3
R46.08,R46,46,8,Scorpio,210,1860930.017560597,0382-12-14T12:25:17.236Z,1863492.5398752172,0389-12-20T00:57:25.219Z,"[{""jd_ut"":1860930.017560597,""utc"":""0382-12-14T12:25:17.236Z"",""motion"":""direct""},{""jd_ut"":1861036.9805909032,""utc"":""0383-03-31T11:32:03.054Z"",""motion"":""retrograde""},{""jd_ut"":1861220.4770693989,""utc"":""0383-09-30T23:26:58.796Z"",""motion"":""direct""}]",3
R46.09,R46,46,9,Sagittarius,240,1863492.5398752172,0389-12-20T00:57:25.219Z,1866080.9048604723,0397-01-20T09:42:59.945Z,"[{""jd_ut"":1863492.5398752172,""utc"":""0389-12-20T00:57:25.219Z"",""motion"":""direct""},{""jd_ut"":1863656.473822466,""utc"":""0390-06-01T23:22:18.261Z"",""motion"":""retrograde""},{""jd_ut"":1863786.3601475987,""utc"":""0390-10-09T20:38:36.753Z"",""motion"":""direct""}]",3
R46.10,R46,46,10,Capricorn,270,1866080.9048604723,0397-01-20T09:42:59.945Z,1868695.7992140856,0404-03-19T07:10:52.097Z,"[{""jd_ut"":1866080.9048604723,""utc"":""0397-01-20T09:42:59.945Z"",""motion"":""direct""},{""jd_ut"":1866240.9035027036,""utc"":""0397-06-29T09:41:02.634Z"",""motion"":""retrograde""},{""jd_ut"":1866376.436815809,""utc"":""0397-11-11T22:29:00.886Z"",""motion"":""direct""}]",3
R46.11,R46,46,11,Aquarius,300,1868695.7992140856,0404-03-19T07:10:52.097Z,1871607.0683456804,0412-03-08T13:38:25.067Z,"[{""jd_ut"":1868695.7992140856,""utc"":""0404-03-19T07:10:52.097Z"",""motion"":""direct""},{""jd_ut"":1868792.0277673863,""utc"":""0404-06-23T12:39:59.102Z"",""motion"":""retrograde""},{""jd_ut"":1868987.588999669,""utc"":""0405-01-05T02:08:09.571Z"",""motion"":""direct""}]",3
R46.12,R46,46,12,Pisces,330,1871607.0683456804,0412-03-08T13:38:25.067Z,1874236.5151736303,0419-05-21T00:21:51.002Z,"[{""jd_ut"":1871607.0683456804,""utc"":""0412-03-08T13:38:25.067Z"",""motion"":""direct""},{""jd_ut"":1871800.201177739,""utc"":""0412-09-17T16:49:41.757Z"",""motion"":""retrograde""},{""jd_ut"":1871900.621595406,""utc"":""0412-12-27T02:55:05.843Z"",""motion"":""direct""}]",3
R47.01,R47,47,1,Aries,0,1874236.5151736303,0419-05-21T00:21:51.002Z,1877136.3403968988,0427-04-28T20:10:10.292Z,"[{""jd_ut"":1874236.5151736303,""utc"":""0419-05-21T00:21:51.002Z"",""motion"":""direct""},{""jd_ut"":1874331.6504148399,""utc"":""0419-08-24T03:36:35.842Z"",""motion"":""retrograde""},{""jd_ut"":1874527.1247443114,""utc"":""0420-03-06T14:59:37.909Z"",""motion"":""direct""}]",3
R47.02,R47,47,2,Taurus,30,1877136.3403968988,0427-04-28T20:10:10.292Z,1879727.5254414636,0434-06-02T00:36:38.142Z,"[{""jd_ut"":1877136.3403968988,""utc"":""0427-04-28T20:10:10.292Z"",""motion"":""direct""},{""jd_ut"":1877362.2080373089,""utc"":""0427-12-10T16:59:34.423Z"",""motion"":""retrograde""},{""jd_ut"":1877418.0435023746,""utc"":""0428-02-04T13:02:38.605Z"",""motion"":""direct""}]",3
R47.03,R47,47,3,Gemini,60,1879727.5254414636,0434-06-02T00:36:38.142Z,1882017.702037156,0440-09-08T04:50:56.010Z,"[{""jd_ut"":1879727.5254414636,""utc"":""0434-06-02T00:36:38.142Z"",""motion"":""direct""},{""jd_ut"":1879942.16796494,""utc"":""0435-01-02T16:01:52.171Z"",""motion"":""retrograde""},{""jd_ut"":1880010.4178519943,""utc"":""0435-03-11T22:01:42.412Z"",""motion"":""direct""}]",3
R47.04,R47,47,4,Cancer,90,1882017.702037156,0440-09-08T04:50:56.010Z,1884552.1749537662,0447-08-17T16:11:56.005Z,"[{""jd_ut"":1882017.702037156,""utc"":""0440-09-08T04:50:56.010Z"",""motion"":""direct""},{""jd_ut"":1882073.1444759816,""utc"":""0440-11-02T15:28:02.725Z"",""motion"":""retrograde""},{""jd_ut"":1882295.8215376064,""utc"":""0441-06-13T07:43:00.849Z"",""motion"":""direct""}]",3
R47.05,R47,47,5,Leo,120,1884552.1749537662,0447-08-17T16:11:56.005Z,1886801.581662897,0453-10-14T01:57:35.674Z,"[{""jd_ut"":1884552.1749537662,""utc"":""0447-08-17T16:11:56.005Z"",""motion"":""direct""},{""jd_ut"":1884725.3999288152,""utc"":""0448-02-06T21:35:53.850Z"",""motion"":""retrograde""},{""jd_ut"":1884840.611917581,""utc"":""0448-06-01T02:41:09.679Z"",""motion"":""direct""}]",3
R47.06,R47,47,6,Virgo,150,1886801.581662897,0453-10-14T01:57:35.674Z,1889335.8035353036,0460-09-21T07:17:05.450Z,"[{""jd_ut"":1886801.581662897,""utc"":""0453-10-14T01:57:35.674Z"",""motion"":""direct""},{""jd_ut"":1886909.7867809897,""utc"":""0454-01-30T06:52:57.878Z"",""motion"":""retrograde""},{""jd_ut"":1887090.1376270396,""utc"":""0454-07-29T15:18:10.976Z"",""motion"":""direct""}]",3
R47.07,R47,47,7,Libra,180,1889335.8035353036,0460-09-21T07:17:05.450Z,1891589.9231965342,0466-11-23T10:09:24.181Z,"[{""jd_ut"":1889335.8035353036,""utc"":""0460-09-21T07:17:05.450Z"",""motion"":""direct""}]",1
R47.08,R47,47,8,Scorpio,210,1891589.9231965342,0466-11-23T10:09:24.181Z,1894156.4145976552,0473-12-02T21:57:01.237Z,"[{""jd_ut"":1891589.9231965342,""utc"":""0466-11-23T10:09:24.181Z"",""motion"":""direct""},{""jd_ut"":1891744.59890354,""utc"":""0467-04-27T02:22:25.266Z"",""motion"":""retrograde""},{""jd_ut"":1891882.377225386,""utc"":""0467-09-11T21:03:12.273Z"",""motion"":""direct""}]",3
R47.09,R47,47,9,Sagittarius,240,1894156.4145976552,0473-12-02T21:57:01.237Z,1896744.3947113464,0481-01-02T21:28:23.060Z,"[{""jd_ut"":1894156.4145976552,""utc"":""0473-12-02T21:57:01.237Z"",""motion"":""direct""},{""jd_ut"":1894366.5070472793,""utc"":""0474-07-01T00:10:08.885Z"",""motion"":""retrograde""},{""jd_ut"":1894442.2583380388,""utc"":""0474-09-14T18:12:00.407Z"",""motion"":""direct""}]",3
R47.10,R47,47,10,Capricorn,270,1896744.3947113464,0481-01-02T21:28:23.060Z,1899354.3907230562,0488-02-25T21:22:38.472Z,"[{""jd_ut"":1896744.3947113464,""utc"":""0481-01-02T21:28:23.060Z"",""motion"":""direct""},{""jd_ut"":1896949.7281945776,""utc"":""0481-07-27T05:28:36.012Z"",""motion"":""retrograde""},{""jd_ut"":1897033.8152528708,""utc"":""0481-10-19T07:33:57.848Z"",""motion"":""direct""}]",3
R47.11,R47,47,11,Aquarius,300,1899354.3907230562,0488-02-25T21:22:38.472Z,1902271.4878401058,0496-02-20T23:42:29.385Z,"[{""jd_ut"":1899354.3907230562,""utc"":""0488-02-25T21:22:38.472Z"",""motion"":""direct""},{""jd_ut"":1899499.5354610127,""utc"":""0488-07-20T00:51:03.832Z"",""motion"":""retrograde""},{""jd_ut"":1899650.9086596346,""utc"":""0488-12-18T09:48:28.192Z"",""motion"":""direct""}]",3
R47.12,R47,47,12,Pisces,330,1902271.4878401058,0496-02-20T23:42:29.385Z,1904894.55320849,0503-04-29T01:16:37.214Z,"[{""jd_ut"":1902271.4878401058,""utc"":""0496-02-20T23:42:29.385Z"",""motion"":""direct""},{""jd_ut"":1902521.8238178152,""utc"":""0496-10-28T07:46:17.859Z"",""motion"":""retrograde""},{""jd_ut"":1902543.584932819,""utc"":""0496-11-19T02:02:18.196Z"",""motion"":""direct""}]",3
R48.01,R48,48,1,Aries,0,1904894.55320849,0503-04-29T01:16:37.214Z,1907517.0140431677,0510-07-03T12:20:13.330Z,"[{""jd_ut"":1904894.55320849,""utc"":""0503-04-29T01:16:37.214Z"",""motion"":""direct""},{""jd_ut"":1905038.9793678885,""utc"":""0503-09-20T11:30:17.386Z"",""motion"":""retrograde""},{""jd_ut"":1905190.1207742305,""utc"":""0504-02-18T14:53:54.894Z"",""motion"":""direct""}]",3
R48.02,R48,48,2,Taurus,30,1907517.0140431677,0510-07-03T12:20:13.330Z,1910117.098759471,0517-08-15T14:22:12.818Z,"[{""jd_ut"":1907517.0140431677,""utc"":""0510-07-03T12:20:13.330Z"",""motion"":""direct""},{""jd_ut"":1907585.5472984314,""utc"":""0510-09-10T01:08:06.584Z"",""motion"":""retrograde""},{""jd_ut"":1907800.8942435612,""utc"":""0511-04-13T09:27:42.644Z"",""motion"":""direct""}]",3
R48.03,R48,48,3,Gemini,60,1910117.098759471,0517-08-15T14:22:12.818Z,1912670.1669340562,0524-08-11T16:00:23.102Z,"[{""jd_ut"":1910117.098759471,""utc"":""0517-08-15T14:22:12.818Z"",""motion"":""direct""},{""jd_ut"":1910159.6930558537,""utc"":""0517-09-27T04:38:00.026Z"",""motion"":""retrograde""},{""jd_ut"":1910391.8147254265,""utc"":""0518-05-17T07:33:12.277Z"",""motion"":""direct""}]",3
R48.04,R48,48,4,Cancer,90,1912670.1669340562,0524-08-11T16:00:23.102Z,1915216.459444127,0531-08-01T23:01:35.973Z,"[{""jd_ut"":1912670.1669340562,""utc"":""0524-08-11T16:00:23.102Z"",""motion"":""direct""},{""jd_ut"":1912784.8570104116,""utc"":""0524-12-04T08:34:05.700Z"",""motion"":""retrograde""},{""jd_ut"":1912959.9655793253,""utc"":""0525-05-28T11:10:26.054Z"",""motion"":""direct""}]",3
R48.05,R48,48,5,Leo,120,1915216.459444127,0531-08-01T23:01:35.973Z,1917462.445275155,0537-09-24T22:41:11.773Z,"[{""jd_ut"":1915216.459444127,""utc"":""0531-08-01T23:01:35.973Z"",""motion"":""direct""},{""jd_ut"":1915437.948159773,""utc"":""0532-03-10T10:45:21.004Z"",""motion"":""retrograde""},{""jd_ut"":1915492.3838964468,""utc"":""0532-05-03T21:12:48.653Z"",""motion"":""direct""}]",3
R48.06,R48,48,6,Virgo,150,1917462.445275155,0537-09-24T22:41:11.773Z,1919714.7682407284,0543-11-25T06:26:15.999Z,"[{""jd_ut"":1917462.445275155,""utc"":""0537-09-24T22:41:11.773Z"",""motion"":""direct""},{""jd_ut"":1917615.6542803007,""utc"":""0538-02-25T03:42:09.818Z"",""motion"":""retrograde""},{""jd_ut"":1917752.5626884457,""utc"":""0538-07-12T01:30:16.282Z"",""motion"":""direct""}]",3
R48.07,R48,48,7,Libra,180,1919714.7682407284,0543-11-25T06:26:15.999Z,1922253.3956485093,0550-11-06T21:29:44.031Z,"[{""jd_ut"":1919714.7682407284,""utc"":""0543-11-25T06:26:15.999Z"",""motion"":""direct""},{""jd_ut"":1919798.2518099137,""utc"":""0544-02-16T18:02:36.377Z"",""motion"":""retrograde""},{""jd_ut"":1920000.2612683256,""utc"":""0544-09-05T18:16:13.583Z"",""motion"":""direct""}]",3
R48.08,R48,48,8,Scorpio,210,1922253.3956485093,0550-11-06T21:29:44.031Z,1924546.4583994518,0557-02-15T23:00:05.713Z,"[{""jd_ut"":1922253.3956485093,""utc"":""0550-11-06T21:29:44.031Z"",""motion"":""direct""},{""jd_ut"":1922453.6141516585,""utc"":""0551-05-26T02:44:22.703Z"",""motion"":""retrograde""},{""jd_ut"":1922539.4537979444,""utc"":""0551-08-19T22:53:28.142Z"",""motion"":""direct""}]",3
R48.09,R48,48,9,Sagittarius,240,1924546.4583994518,0557-02-15T23:00:05.713Z,1927133.861083832,0564-03-18T08:39:57.643Z,"[{""jd_ut"":1924546.4583994518,""utc"":""0557-02-15T23:00:05.713Z"",""motion"":""direct""},{""jd_ut"":1924580.3494662037,""utc"":""0557-03-21T20:23:13.880Z"",""motion"":""retrograde""},{""jd_ut"":1924820.2833612259,""utc"":""0557-11-16T18:48:02.410Z"",""motion"":""direct""}]",3
R48.10,R48,48,10,Capricorn,270,1927133.861083832,0564-03-18T08:39:57.643Z,1930016.4001291413,0572-02-07T21:36:11.158Z,"[{""jd_ut"":1927133.861083832,""utc"":""0564-03-18T08:39:57.643Z"",""motion"":""direct""},{""jd_ut"":1927166.9997141697,""utc"":""0564-04-20T11:59:35.304Z"",""motion"":""retrograde""},{""jd_ut"":1927408.2508525313,""utc"":""0564-12-17T18:01:13.659Z"",""motion"":""direct""}]",3
R48.11,R48,48,11,Aquarius,300,1930016.4001291413,0572-02-07T21:36:11.158Z,1932643.076959297,0579-04-18T13:50:49.283Z,"[{""jd_ut"":1930016.4001291413,""utc"":""0572-02-07T21:36:11.158Z"",""motion"":""direct""},{""jd_ut"":1930207.5195623268,""utc"":""0572-08-17T00:28:10.185Z"",""motion"":""retrograde""},{""jd_ut"":1930309.9236427802,""utc"":""0572-11-27T10:10:02.736Z"",""motion"":""direct""}]",3
R48.12,R48,48,12,Pisces,330,1932643.076959297,0579-04-18T13:50:49.283Z,1935556.8130908683,0587-04-10T07:30:51.051Z,"[{""jd_ut"":1932643.076959297,""utc"":""0579-04-18T13:50:49.283Z"",""motion"":""direct""},{""jd_ut"":1932741.0191982607,""utc"":""0579-07-25T12:27:38.730Z"",""motion"":""retrograde""},{""jd_ut"":1932935.1350039742,""utc"":""0580-02-04T15:14:24.343Z"",""motion"":""direct""}]",3
R49.01,R49,49,1,Aries,0,1935556.8130908683,0587-04-10T07:30:51.051Z,1938171.3853264595,0594-06-06T21:14:52.206Z,"[{""jd_ut"":1935556.8130908683,""utc"":""0587-04-10T07:30:51.051Z"",""motion"":""direct""},{""jd_ut"":1935745.3443611306,""utc"":""0587-10-15T20:15:52.802Z"",""motion"":""retrograde""},{""jd_ut"":1935850.037144306,""utc"":""0588-01-28T12:53:29.268Z"",""motion"":""direct""}]",3
R49.02,R49,49,2,Taurus,30,1938171.3853264595,0594-06-06T21:14:52.206Z,1940766.3133021137,0601-07-15T19:31:09.303Z,"[{""jd_ut"":1938171.3853264595,""utc"":""0594-06-06T21:14:52.206Z"",""motion"":""direct""},{""jd_ut"":1938295.4881781465,""utc"":""0594-10-08T23:42:58.592Z"",""motion"":""retrograde""},{""jd_ut"":1938464.752814332,""utc"":""0595-03-27T06:04:03.158Z"",""motion"":""direct""}]",3
R49.03,R49,49,3,Gemini,60,1940766.3133021137,0601-07-15T19:31:09.303Z,1943332.40905575,0608-07-24T21:49:02.417Z,"[{""jd_ut"":1940766.3133021137,""utc"":""0601-07-15T19:31:09.303Z"",""motion"":""direct""},{""jd_ut"":1940874.268068681,""utc"":""0601-10-31T18:26:01.134Z"",""motion"":""retrograde""},{""jd_ut"":1941056.3819968305,""utc"":""0602-05-01T21:10:04.526Z"",""motion"":""direct""}]",3
R49.04,R49,49,4,Cancer,90,1943332.40905575,0608-07-24T21:49:02.417Z,1945614.6326898132,0614-10-24T03:11:04.400Z,"[{""jd_ut"":1943332.40905575,""utc"":""0608-07-24T21:49:02.417Z"",""motion"":""direct""},{""jd_ut"":1943488.3809344517,""utc"":""0608-12-27T21:08:32.737Z"",""motion"":""retrograde""},{""jd_ut"":1943623.5318875946,""utc"":""0609-05-12T00:45:55.088Z"",""motion"":""direct""}]",3
R49.05,R49,49,5,Leo,120,1945614.6326898132,0614-10-24T03:11:04.400Z,1948127.2894605156,0621-09-09T18:56:49.389Z,"[{""jd_ut"":1945614.6326898132,""utc"":""0614-10-24T03:11:04.400Z"",""motion"":""direct""},{""jd_ut"":1945640.4522574455,""utc"":""0614-11-18T22:51:15.043Z"",""motion"":""retrograde""},{""jd_ut"":1945881.9616921865,""utc"":""0615-07-18T11:04:50.205Z"",""motion"":""direct""}]",3
R49.06,R49,49,6,Virgo,150,1948127.2894605156,0621-09-09T18:56:49.389Z,1950373.7102051764,0627-11-04T05:02:41.727Z,"[{""jd_ut"":1948127.2894605156,""utc"":""0621-09-09T18:56:49.389Z"",""motion"":""direct""},{""jd_ut"":1948321.1820321092,""utc"":""0622-03-22T16:22:07.574Z"",""motion"":""retrograde""},{""jd_ut"":1948412.117426752,""utc"":""0622-06-21T14:49:05.671Z"",""motion"":""direct""}]",3
R49.07,R49,49,7,Libra,180,1950373.7102051764,0627-11-04T05:02:41.727Z,1952918.4108715178,0634-10-22T21:51:39.299Z,"[{""jd_ut"":1950373.7102051764,""utc"":""0627-11-04T05:02:41.727Z"",""motion"":""direct""},{""jd_ut"":1950505.1021858924,""utc"":""0628-03-14T14:27:08.861Z"",""motion"":""retrograde""},{""jd_ut"":1950664.501545276,""utc"":""0628-08-21T00:02:13.512Z"",""motion"":""direct""}]",3
R49.08,R49,49,8,Scorpio,210,1952918.4108715178,0634-10-22T21:51:39.299Z,1955193.0343169533,0641-01-13T12:49:24.985Z,"[{""jd_ut"":1952918.4108715178,""utc"":""0634-10-22T21:51:39.299Z"",""motion"":""direct""}]",1
R49.09,R49,49,9,Sagittarius,240,1955193.0343169533,0641-01-13T12:49:24.985Z,1957779.0697807944,0648-02-12T13:40:29.061Z,"[{""jd_ut"":1955193.0343169533,""utc"":""0641-01-13T12:49:24.985Z"",""motion"":""direct""},{""jd_ut"":1955299.1423122077,""utc"":""0641-04-29T15:24:55.775Z"",""motion"":""retrograde""},{""jd_ut"":1955484.6508562732,""utc"":""0641-11-01T03:37:13.982Z"",""motion"":""direct""}]",3
R49.10,R49,49,10,Capricorn,270,1957779.0697807944,0648-02-12T13:40:29.061Z,1960680.1007192605,0656-01-22T14:25:02.144Z,"[{""jd_ut"":1957779.0697807944,""utc"":""0648-02-12T13:40:29.061Z"",""motion"":""direct""},{""jd_ut"":1957887.0681384387,""utc"":""0648-05-30T13:38:07.161Z"",""motion"":""retrograde""},{""jd_ut"":1958072.1931656902,""utc"":""0648-12-01T16:38:09.516Z"",""motion"":""direct""}]",3
R49.11,R49,49,11,Aquarius,300,1960680.1007192605,0656-01-22T14:25:02.144Z,1963301.704245781,0663-03-28T04:54:06.835Z,"[{""jd_ut"":1960680.1007192605,""utc"":""0656-01-22T14:25:02.144Z"",""motion"":""direct""},{""jd_ut"":1960933.8929129136,""utc"":""0656-10-02T09:25:47.676Z"",""motion"":""retrograde""},{""jd_ut"":1960948.6669653207,""utc"":""0656-10-17T04:00:25.804Z"",""motion"":""direct""}]",3
R49.12,R49,49,12,Pisces,330,1963301.704245781,0663-03-28T04:54:06.835Z,1966220.586806524,0671-03-25T02:05:00.084Z,"[{""jd_ut"":1963301.704245781,""utc"":""0663-03-28T04:54:06.835Z"",""motion"":""direct""},{""jd_ut"":1963448.1514434242,""utc"":""0663-08-21T15:38:04.712Z"",""motion"":""retrograde""},{""jd_ut"":1963598.3910486386,""utc"":""0664-01-18T21:23:06.602Z"",""motion"":""direct""}]",3
R50.01,R50,50,1,Aries,0,1966220.586806524,0671-03-25T02:05:00.084Z,1968833.4008181784,0678-05-19T21:37:10.691Z,"[{""jd_ut"":1966220.586806524,""utc"":""0671-03-25T02:05:00.084Z"",""motion"":""direct""},{""jd_ut"":1966463.880142155,""utc"":""0671-11-23T09:07:24.282Z"",""motion"":""retrograde""},{""jd_ut"":1966495.9690412316,""utc"":""0671-12-25T11:15:25.162Z"",""motion"":""direct""}]",3
R50.02,R50,50,2,Taurus,30,1968833.4008181784,0678-05-19T21:37:10.691Z,1971427.1784579111,0685-06-25T16:16:58.764Z,"[{""jd_ut"":1968833.4008181784,""utc"":""0678-05-19T21:37:10.691Z"",""motion"":""direct""},{""jd_ut"":1968999.6662383229,""utc"":""0678-11-02T03:59:22.991Z"",""motion"":""retrograde""},{""jd_ut"":1969127.5243771486,""utc"":""0679-03-10T00:35:06.186Z"",""motion"":""direct""}]",3
R50.03,R50,50,3,Gemini,60,1971427.1784579111,0685-06-25T16:16:58.764Z,1973997.179465043,0692-07-08T16:18:25.780Z,"[{""jd_ut"":1971427.1784579111,""utc"":""0685-06-25T16:16:58.764Z"",""motion"":""direct""},{""jd_ut"":1971578.7965758042,""utc"":""0685-11-24T07:07:04.149Z"",""motion"":""retrograde""},{""jd_ut"":1971719.821531253,""utc"":""0686-04-14T07:43:00.300Z"",""motion"":""direct""}]",3
R50.04,R50,50,4,Cancer,90,1973997.179465043,0692-07-08T16:18:25.780Z,1976261.3802256244,0698-09-19T21:07:31.494Z,"[{""jd_ut"":1973997.179465043,""utc"":""0692-07-08T16:18:25.780Z"",""motion"":""direct""},{""jd_ut"":1974193.0957300598,""utc"":""0693-01-20T14:17:51.077Z"",""motion"":""retrograde""},{""jd_ut"":1974283.438933624,""utc"":""0693-04-20T22:32:03.865Z"",""motion"":""direct""}]",3
R50.05,R50,50,5,Leo,120,1976261.3802256244,0698-09-19T21:07:31.494Z,1978793.8105552075,0705-08-27T07:27:11.970Z,"[{""jd_ut"":1976261.3802256244,""utc"":""0698-09-19T21:07:31.494Z"",""motion"":""direct""},{""jd_ut"":1976357.4554562778,""utc"":""0698-12-24T22:55:51.422Z"",""motion"":""retrograde""},{""jd_ut"":1976548.0403885706,""utc"":""0699-07-03T12:58:09.573Z"",""motion"":""direct""}]",3
R50.06,R50,50,6,Virgo,150,1978793.8105552075,0705-08-27T07:27:11.970Z,1981038.0567331542,0711-10-19T13:21:41.745Z,"[{""jd_ut"":1978793.8105552075,""utc"":""0705-08-27T07:27:11.970Z"",""motion"":""direct""}]",1
R50.07,R50,50,7,Libra,180,1981038.0567331542,0711-10-19T13:21:41.745Z,1983299.0123225315,0717-12-27T12:17:44.667Z,"[{""jd_ut"":1981038.0567331542,""utc"":""0711-10-19T13:21:41.745Z"",""motion"":""direct""},{""jd_ut"":1981208.5510860845,""utc"":""0712-04-07T01:13:33.838Z"",""motion"":""retrograde""},{""jd_ut"":1981327.3999786568,""utc"":""0712-08-03T21:35:58.156Z"",""motion"":""direct""}]",3
R50.08,R50,50,8,Scorpio,210,1983299.0123225315,0717-12-27T12:17:44.667Z,1985854.2907405198,0724-12-25T18:58:39.981Z,"[{""jd_ut"":1983299.0123225315,""utc"":""0717-12-27T12:17:44.667Z"",""motion"":""direct""},{""jd_ut"":1983378.002767363,""utc"":""0718-03-16T12:03:59.100Z"",""motion"":""retrograde""},{""jd_ut"":1983584.7926408062,""utc"":""0718-10-09T07:01:24.166Z"",""motion"":""direct""}]",3
R50.09,R50,50,9,Sagittarius,240,1985854.2907405198,0724-12-25T18:58:39.981Z,1988439.7461847402,0732-01-24T05:54:30.362Z,"[{""jd_ut"":1985854.2907405198,""utc"":""0724-12-25T18:58:39.981Z"",""motion"":""direct""},{""jd_ut"":1986004.7385362517,""utc"":""0725-05-25T05:43:29.532Z"",""motion"":""retrograde""},{""jd_ut"":1986148.263423596,""utc"":""0725-10-15T18:19:19.799Z"",""motion"":""direct""}]",3
R50.10,R50,50,10,Capricorn,270,1988439.7461847402,0732-01-24T05:54:30.362Z,1991052.596189587,0739-03-21T02:18:30.780Z,"[{""jd_ut"":1988439.7461847402,""utc"":""0732-01-24T05:54:30.362Z"",""motion"":""direct""},{""jd_ut"":1988593.2222224479,""utc"":""0732-06-25T17:20:00.019Z"",""motion"":""retrograde""},{""jd_ut"":1988735.4888354456,""utc"":""0732-11-14T23:43:55.383Z"",""motion"":""direct""}]",3
R50.11,R50,50,11,Aquarius,300,1991052.596189587,0739-03-21T02:18:30.780Z,1993963.784222195,0747-03-10T06:49:16.798Z,"[{""jd_ut"":1991052.596189587,""utc"":""0739-03-21T02:18:30.780Z"",""motion"":""direct""},{""jd_ut"":1991147.4629868586,""utc"":""0739-06-23T23:06:42.065Z"",""motion"":""retrograde""},{""jd_ut"":1991344.0969124627,""utc"":""0740-01-06T14:19:33.237Z"",""motion"":""direct""}]",3
R50.12,R50,50,12,Pisces,330,1993963.784222195,0747-03-10T06:49:16.798Z,1996594.456848523,0754-05-22T22:57:51.712Z,"[{""jd_ut"":1993963.784222195,""utc"":""0747-03-10T06:49:16.798Z"",""motion"":""direct""},{""jd_ut"":1994155.4236878064,""utc"":""0747-09-17T22:10:06.626Z"",""motion"":""retrograde""},{""jd_ut"":1994257.7439833274,""utc"":""0747-12-29T05:51:20.159Z"",""motion"":""direct""}]",3
R51.01,R51,51,1,Aries,0,1996594.456848523,0754-05-22T22:57:51.712Z,1999496.7729988336,0762-05-03T06:33:07.099Z,"[{""jd_ut"":1996594.456848523,""utc"":""0754-05-22T22:57:51.712Z"",""motion"":""direct""},{""jd_ut"":1996685.7342287935,""utc"":""0754-08-22T05:37:17.368Z"",""motion"":""retrograde""},{""jd_ut"":1996884.4667270933,""utc"":""0755-03-08T23:12:05.221Z"",""motion"":""direct""}]",3
R51.02,R51,51,2,Taurus,30,1999496.7729988336,0762-05-03T06:33:07.099Z,2002090.6337342681,0769-06-09T03:12:34.641Z,"[{""jd_ut"":1999496.7729988336,""utc"":""0762-05-03T06:33:07.099Z"",""motion"":""direct""},{""jd_ut"":1999708.2725239946,""utc"":""0762-11-30T18:32:26.073Z"",""motion"":""retrograde""},{""jd_ut"":1999783.7455061283,""utc"":""0763-02-14T05:53:31.729Z"",""motion"":""direct""}]",3
R51.03,R51,51,3,Gemini,60,2002090.6337342681,0769-06-09T03:12:34.641Z,2004662.715963034,0776-06-24T05:10:59.206Z,"[{""jd_ut"":2002090.6337342681,""utc"":""0769-06-09T03:12:34.641Z"",""motion"":""direct""},{""jd_ut"":2002284.4209940154,""utc"":""0769-12-19T22:06:13.883Z"",""motion"":""retrograde""},{""jd_ut"":2002379.3759131795,""utc"":""0770-03-24T21:01:18.899Z"",""motion"":""direct""}]",3
R51.04,R51,51,4,Cancer,90,2004662.715963034,0776-06-24T05:10:59.206Z,2006922.195117236,0782-08-31T16:40:58.129Z,"[{""jd_ut"":2004662.715963034,""utc"":""0776-06-24T05:10:59.206Z"",""motion"":""direct""}]",1
R51.05,R51,51,5,Leo,120,2006922.195117236,0782-08-31T16:40:58.129Z,2009182.783181704,0788-11-08T06:47:46.899Z,"[{""jd_ut"":2006922.195117236,""utc"":""0782-08-31T16:40:58.129Z"",""motion"":""direct""},{""jd_ut"":2007061.8121372443,""utc"":""0783-01-18T07:29:28.658Z"",""motion"":""retrograde""},{""jd_ut"":2007212.5098167039,""utc"":""0783-06-18T00:14:08.163Z"",""motion"":""direct""}]",3
R51.06,R51,51,6,Virgo,150,2009182.783181704,0788-11-08T06:47:46.899Z,2011704.2191331182,0795-10-04T17:15:33.101Z,"[{""jd_ut"":2009182.783181704,""utc"":""0788-11-08T06:47:46.899Z"",""motion"":""direct""},{""jd_ut"":2009237.5234662709,""utc"":""0789-01-02T00:33:47.486Z"",""motion"":""retrograde""},{""jd_ut"":2009460.6004424612,""utc"":""0789-08-13T02:24:38.229Z"",""motion"":""direct""}]",3
R51.07,R51,51,7,Libra,180,2011704.2191331182,0795-10-04T17:15:33.101Z,2013958.3533275486,0801-12-05T20:28:47.500Z,"[{""jd_ut"":2011704.2191331182,""utc"":""0795-10-04T17:15:33.101Z"",""motion"":""direct""},{""jd_ut"":2011916.1926939916,""utc"":""0796-05-03T16:37:28.761Z"",""motion"":""retrograde""},{""jd_ut"":2011984.2741591525,""utc"":""0796-07-10T18:34:47.351Z"",""motion"":""direct""}]",3
R51.08,R51,51,8,Scorpio,210,2013958.3533275486,0801-12-05T20:28:47.500Z,2016519.1361383875,0808-12-09T15:16:02.357Z,"[{""jd_ut"":2013958.3533275486,""utc"":""0801-12-05T20:28:47.500Z"",""motion"":""direct""},{""jd_ut"":2014084.0439662677,""utc"":""0802-04-10T13:03:18.686Z"",""motion"":""retrograde""},{""jd_ut"":2014250.35562362,""utc"":""0802-09-23T20:32:05.881Z"",""motion"":""direct""}]",3
R51.09,R51,51,9,Sagittarius,240,2016519.1361383875,0808-12-09T15:16:02.357Z,2019104.1791533516,0816-01-07T16:17:58.850Z,"[{""jd_ut"":2016519.1361383875,""utc"":""0808-12-09T15:16:02.357Z"",""motion"":""direct""},{""jd_ut"":2016709.9382758718,""utc"":""0809-06-18T10:31:07.035Z"",""motion"":""retrograde""},{""jd_ut"":2016809.1133750016,""utc"":""0809-09-25T14:43:15.600Z"",""motion"":""direct""}]",3
R51.10,R51,51,10,Capricorn,270,2019104.1791533516,0816-01-07T16:17:58.850Z,2021711.3773176423,0823-02-26T21:03:20.244Z,"[{""jd_ut"":2019104.1791533516,""utc"":""0816-01-07T16:17:58.850Z"",""motion"":""direct""},{""jd_ut"":2019299.0855259248,""utc"":""0816-07-20T14:03:09.440Z"",""motion"":""retrograde""},{""jd_ut"":2019395.7189744785,""utc"":""0816-10-25T05:15:19.395Z"",""motion"":""direct""}]",3
R51.11,R51,51,11,Aquarius,300,2021711.3773176423,0823-02-26T21:03:20.244Z,2024628.2534330236,0831-02-21T18:04:56.613Z,"[{""jd_ut"":2021711.3773176423,""utc"":""0823-02-26T21:03:20.244Z"",""motion"":""direct""},{""jd_ut"":2021854.7089151284,""utc"":""0823-07-20T05:00:50.267Z"",""motion"":""retrograde""},{""jd_ut"":2022007.7486222787,""utc"":""0823-12-20T05:58:00.965Z"",""motion"":""direct""}]",3
R51.12,R51,51,12,Pisces,330,2024628.2534330236,0831-02-21T18:04:56.613Z,2027251.9006697373,0838-04-29T09:36:57.865Z,"[{""jd_ut"":2024628.2534330236,""utc"":""0831-02-21T18:04:56.613Z"",""motion"":""direct""},{""jd_ut"":2024874.8095831862,""utc"":""0831-10-26T07:25:47.987Z"",""motion"":""retrograde""},{""jd_ut"":2024903.01221517,""utc"":""0831-11-23T12:17:35.391Z"",""motion"":""direct""}]",3
R52.01,R52,52,1,Aries,0,2027251.9006697373,0838-04-29T09:36:57.865Z,2029883.8853416056,0845-07-13T09:14:53.515Z,"[{""jd_ut"":2027251.9006697373,""utc"":""0838-04-29T09:36:57.865Z"",""motion"":""direct""},{""jd_ut"":2027393.5431728717,""utc"":""0838-09-18T01:02:10.136Z"",""motion"":""retrograde""},{""jd_ut"":2027547.626916654,""utc"":""0839-02-19T03:02:45.599Z"",""motion"":""direct""}]",3
R52.02,R52,52,2,Taurus,30,2029883.8853416056,0845-07-13T09:14:53.515Z,2032754.9432736915,0853-05-23T10:38:18.847Z,"[{""jd_ut"":2029883.8853416056,""utc"":""0845-07-13T09:14:53.515Z"",""motion"":""direct""},{""jd_ut"":2029930.165718886,""utc"":""0845-08-28T15:58:38.112Z"",""motion"":""retrograde""},{""jd_ut"":2030161.318511447,""utc"":""0846-04-16T19:38:39.389Z"",""motion"":""direct""}]",3
R52.03,R52,52,3,Gemini,60,2032754.9432736915,0853-05-23T10:38:18.847Z,2035043.5530614494,0859-08-29T01:16:24.509Z,"[{""jd_ut"":2032754.9432736915,""utc"":""0853-05-23T10:38:18.847Z"",""motion"":""direct""}]",1
R52.04,R52,52,4,Cancer,90,2035043.5530614494,0859-08-29T01:16:24.509Z,2037585.7498732884,0866-08-14T05:59:49.052Z,"[{""jd_ut"":2035043.5530614494,""utc"":""0859-08-29T01:16:24.509Z"",""motion"":""direct""},{""jd_ut"":2035121.3321302794,""utc"":""0859-11-14T19:58:16.056Z"",""motion"":""retrograde""},{""jd_ut"":2035327.5192715372,""utc"":""0860-06-08T00:27:45.061Z"",""motion"":""direct""}]",3
R52.05,R52,52,5,Leo,120,2037585.7498732884,0866-08-14T05:59:49.052Z,2039836.6883591479,0872-10-12T04:31:14.230Z,"[{""jd_ut"":2037585.7498732884,""utc"":""0866-08-14T05:59:49.052Z"",""motion"":""direct""},{""jd_ut"":2037766.6310389657,""utc"":""0867-02-11T03:08:41.767Z"",""motion"":""retrograde""},{""jd_ut"":2037873.330707333,""utc"":""0867-05-28T19:56:13.114Z"",""motion"":""direct""}]",3
R52.06,R52,52,6,Virgo,150,2039836.6883591479,0872-10-12T04:31:14.230Z,2042369.936606713,0879-09-19T10:28:42.820Z,"[{""jd_ut"":2039836.6883591479,""utc"":""0872-10-12T04:31:14.230Z"",""motion"":""direct""},{""jd_ut"":2039948.2327692383,""utc"":""0873-01-31T17:35:11.262Z"",""motion"":""retrograde""},{""jd_ut"":2040125.5152782453,""utc"":""0873-07-28T00:22:00.040Z"",""motion"":""direct""}]",3
R52.07,R52,52,7,Libra,180,2042369.936606713,0879-09-19T10:28:42.820Z,2044622.1533056754,0885-11-18T15:40:45.610Z,"[{""jd_ut"":2042369.936606713,""utc"":""0879-09-19T10:28:42.820Z"",""motion"":""direct""}]",1
R52.08,R52,52,8,Scorpio,210,2044622.1533056754,0885-11-18T15:40:45.610Z,2047184.4409640706,0892-11-23T22:34:59.296Z,"[{""jd_ut"":2044622.1533056754,""utc"":""0885-11-18T15:40:45.610Z"",""motion"":""direct""},{""jd_ut"":2044787.8269631956,""utc"":""0886-05-03T07:50:49.620Z"",""motion"":""retrograde""},{""jd_ut"":2044913.631928991,""utc"":""0886-09-06T03:09:58.665Z"",""motion"":""direct""}]",3
R52.09,R52,52,9,Sagittarius,240,2047184.4409640706,0892-11-23T22:34:59.296Z,2049769.4398578,0899-12-22T22:33:23.714Z,"[{""jd_ut"":2047184.4409640706,""utc"":""0892-11-23T22:34:59.296Z"",""motion"":""direct""},{""jd_ut"":2047435.9220615919,""utc"":""0893-08-02T10:07:46.122Z"",""motion"":""retrograde""},{""jd_ut"":2047447.9208292332,""utc"":""0893-08-14T10:05:59.646Z"",""motion"":""direct""}]",3
R52.10,R52,52,10,Capricorn,270,2049769.4398578,0899-12-22T22:33:23.714Z,2052374.2205240554,0907-02-09T17:17:33.278Z,"[{""jd_ut"":2049769.4398578,""utc"":""0899-12-22T22:33:23.714Z"",""motion"":""direct""}]",1
R52.11,R52,52,11,Aquarius,300,2052374.2205240554,0907-02-09T17:17:33.278Z,2055000.5762551967,0914-04-20T01:49:48.449Z,"[{""jd_ut"":2052374.2205240554,""utc"":""0907-02-09T17:17:33.278Z"",""motion"":""direct""},{""jd_ut"":2052561.1122704744,""utc"":""0907-08-15T14:41:40.169Z"",""motion"":""retrograde""},{""jd_ut"":2052668.2052683965,""utc"":""0907-11-30T16:55:35.189Z"",""motion"":""direct""}]",3
R52.12,R52,52,12,Pisces,330,2055000.5762551967,0914-04-20T01:49:48.449Z,2057913.7912940825,0922-04-11T06:59:27.809Z,"[{""jd_ut"":2055000.5762551967,""utc"":""0914-04-20T01:49:48.449Z"",""motion"":""direct""},{""jd_ut"":2055095.5381888961,""utc"":""0914-07-24T00:54:59.521Z"",""motion"":""retrograde""},{""jd_ut"":2055292.2039606683,""utc"":""0915-02-05T16:53:42.202Z"",""motion"":""direct""}]",3
R53.01,R53,53,1,Aries,0,2057913.7912940825,0922-04-11T06:59:27.809Z,2060532.2967023705,0929-06-11T19:07:15.085Z,"[{""jd_ut"":2057913.7912940825,""utc"":""0922-04-11T06:59:27.809Z"",""motion"":""direct""},{""jd_ut"":2058100.0502116033,""utc"":""0922-10-14T13:12:18.283Z"",""motion"":""retrograde""},{""jd_ut"":2058207.683637191,""utc"":""0923-01-30T04:24:26.253Z"",""motion"":""direct""}]",3
R53.02,R53,53,2,Taurus,30,2060532.2967023705,0929-06-11T19:07:15.085Z,2063131.9035525434,0936-07-24T09:41:06.940Z,"[{""jd_ut"":2060532.2967023705,""utc"":""0929-06-11T19:07:15.085Z"",""motion"":""direct""},{""jd_ut"":2060645.9475617954,""utc"":""0929-10-03T10:44:29.339Z"",""motion"":""retrograde""},{""jd_ut"":2060824.7166188192,""utc"":""0930-03-31T05:11:55.866Z"",""motion"":""direct""}]",3
R53.03,R53,53,3,Gemini,60,2063131.9035525434,0936-07-24T09:41:06.940Z,2065700.0820288504,0943-08-05T13:58:07.293Z,"[{""jd_ut"":2063131.9035525434,""utc"":""0936-07-24T09:41:06.940Z"",""motion"":""direct""},{""jd_ut"":2063219.5723858844,""utc"":""0936-10-20T01:44:14.140Z"",""motion"":""retrograde""},{""jd_ut"":2063418.9970351532,""utc"":""0937-05-07T11:55:43.837Z"",""motion"":""direct""}]",3
R53.04,R53,53,4,Cancer,90,2065700.0820288504,0943-08-05T13:58:07.293Z,2068249.8818012495,0950-07-29T09:09:47.628Z,"[{""jd_ut"":2065700.0820288504,""utc"":""0943-08-05T13:58:07.293Z"",""motion"":""direct""},{""jd_ut"":2065829.5599699444,""utc"":""0943-12-13T01:26:21.403Z"",""motion"":""retrograde""},{""jd_ut"":2065991.0138180214,""utc"":""0944-05-22T12:19:53.877Z"",""motion"":""direct""}]",3
R53.05,R53,53,5,Leo,120,2068249.8818012495,0950-07-29T09:09:47.628Z,2070498.044917318,0956-09-23T13:04:40.856Z,"[{""jd_ut"":2068249.8818012495,""utc"":""0950-07-29T09:09:47.628Z"",""motion"":""direct""},{""jd_ut"":2068484.3390138824,""utc"":""0951-03-20T20:08:10.799Z"",""motion"":""retrograde""},{""jd_ut"":2068519.6787587982,""utc"":""0951-04-25T04:17:24.760Z"",""motion"":""direct""}]",3
R53.06,R53,53,6,Virgo,150,2070498.044917318,0956-09-23T13:04:40.856Z,2072747.7571586166,0962-11-21T06:10:18.504Z,"[{""jd_ut"":2070498.044917318,""utc"":""0956-09-23T13:04:40.856Z"",""motion"":""direct""},{""jd_ut"":2070653.645849348,""utc"":""0957-02-26T03:30:01.384Z"",""motion"":""retrograde""},{""jd_ut"":2070787.948745695,""utc"":""0957-07-10T10:46:11.628Z"",""motion"":""direct""}]",3
R53.07,R53,53,7,Libra,180,2072747.7571586166,0962-11-21T06:10:18.504Z,2075286.2530946308,0969-11-02T18:04:27.376Z,"[{""jd_ut"":2072747.7571586166,""utc"":""0962-11-21T06:10:18.504Z"",""motion"":""direct""},{""jd_ut"":2072839.2135987342,""utc"":""0963-02-20T17:07:34.931Z"",""motion"":""retrograde""},{""jd_ut"":2073034.4477131,""utc"":""0963-09-03T22:44:42.412Z"",""motion"":""direct""}]",3
R53.08,R53,53,8,Scorpio,210,2075286.2530946308,0969-11-02T18:04:27.376Z,2077563.2190369447,0976-01-27T17:15:24.792Z,"[{""jd_ut"":2075286.2530946308,""utc"":""0969-11-02T18:04:27.376Z"",""motion"":""direct""},{""jd_ut"":2075498.6109454809,""utc"":""0970-06-03T02:39:45.690Z"",""motion"":""retrograde""},{""jd_ut"":2075568.277029301,""utc"":""0970-08-11T18:38:55.332Z"",""motion"":""direct""}]",3
R53.09,R53,53,9,Sagittarius,240,2077563.2190369447,0976-01-27T17:15:24.792Z,2080144.1891363184,0983-02-20T16:32:21.378Z,"[{""jd_ut"":2077563.2190369447,""utc"":""0976-01-27T17:15:24.792Z"",""motion"":""direct""},{""jd_ut"":2077638.8474591193,""utc"":""0976-04-12T08:20:20.468Z"",""motion"":""retrograde""},{""jd_ut"":2077849.2534308247,""utc"":""0976-11-08T18:04:56.423Z"",""motion"":""direct""}]",3
R53.10,R53,53,10,Capricorn,270,2080144.1891363184,0983-02-20T16:32:21.378Z,2083038.2701985822,0991-01-23T18:29:05.158Z,"[{""jd_ut"":2080144.1891363184,""utc"":""0983-02-20T16:32:21.378Z"",""motion"":""direct""},{""jd_ut"":2080232.5846007336,""utc"":""0983-05-20T02:01:49.503Z"",""motion"":""retrograde""},{""jd_ut"":2080434.047810127,""utc"":""0983-12-07T13:08:50.795Z"",""motion"":""direct""}]",3
R53.11,R53,53,11,Aquarius,300,2083038.2701985822,0991-01-23T18:29:05.158Z,2085659.1044840873,0998-03-28T14:30:27.425Z,"[{""jd_ut"":2083038.2701985822,""utc"":""0991-01-23T18:29:05.158Z"",""motion"":""direct""},{""jd_ut"":2083279.2089191866,""utc"":""0991-09-21T17:00:50.618Z"",""motion"":""retrograde""},{""jd_ut"":2083315.2892937935,""utc"":""0991-10-27T18:56:34.984Z"",""motion"":""direct""}]",3
R53.12,R53,53,12,Pisces,330,2085659.1044840873,0998-03-28T14:30:27.425Z,2088577.4891579524,1006-03-25T23:44:23.247Z,"[{""jd_ut"":2085659.1044840873,""utc"":""0998-03-28T14:30:27.425Z"",""motion"":""direct""},{""jd_ut"":2085802.7417036663,""utc"":""0998-08-19T05:48:03.197Z"",""motion"":""retrograde""},{""jd_ut"":2085955.6719902935,""utc"":""0999-01-19T04:07:39.961Z"",""motion"":""direct""}]",3
R54.01,R54,54,1,Aries,0,2088577.4891579524,1006-03-25T23:44:23.247Z,2091192.68089629,1013-05-23T04:20:29.439Z,"[{""jd_ut"":2088577.4891579524,""utc"":""1006-03-25T23:44:23.247Z"",""motion"":""direct""},{""jd_ut"":2088816.5308268582,""utc"":""1006-11-20T00:44:23.441Z"",""motion"":""retrograde""},{""jd_ut"":2088855.8245250871,""utc"":""1006-12-29T07:47:18.968Z"",""motion"":""direct""}]",3
R54.02,R54,54,2,Taurus,30,2091192.68089629,1013-05-23T04:20:29.439Z,2093789.4807152473,1020-07-01T23:32:13.797Z,"[{""jd_ut"":2091192.68089629,""utc"":""1013-05-23T04:20:29.439Z"",""motion"":""direct""},{""jd_ut"":2091351.492719734,""utc"":""1013-10-28T23:49:30.985Z"",""motion"":""retrograde""},{""jd_ut"":2091487.2286060834,""utc"":""1014-03-13T17:29:11.566Z"",""motion"":""direct""}]",3
R54.03,R54,54,3,Gemini,60,2093789.4807152473,1020-07-01T23:32:13.797Z,2096361.849270346,1027-07-18T08:22:56.958Z,"[{""jd_ut"":2093789.4807152473,""utc"":""1020-07-01T23:32:13.797Z"",""motion"":""direct""},{""jd_ut"":2093926.821400538,""utc"":""1020-11-16T07:42:49.006Z"",""motion"":""retrograde""},{""jd_ut"":2094082.3333912361,""utc"":""1021-04-20T20:00:05.003Z"",""motion"":""direct""}]",3
R54.04,R54,54,4,Cancer,90,2096361.849270346,1027-07-18T08:22:56.958Z,2098636.5921624666,1033-10-09T02:12:42.837Z,"[{""jd_ut"":2096361.849270346,""utc"":""1027-07-18T08:22:56.958Z"",""motion"":""direct""},{""jd_ut"":2096535.2090573558,""utc"":""1028-01-07T17:01:02.556Z"",""motion"":""retrograde""},{""jd_ut"":2096651.7779354504,""utc"":""1028-05-03T06:40:13.623Z"",""motion"":""direct""}]",3
R54.05,R54,54,5,Leo,120,2098636.5921624666,1033-10-09T02:12:42.837Z,2101161.2689302005,1040-09-06T18:27:15.569Z,"[{""jd_ut"":2098636.5921624666,""utc"":""1033-10-09T02:12:42.837Z"",""motion"":""direct""},{""jd_ut"":2098692.4862775467,""utc"":""1033-12-03T23:40:14.380Z"",""motion"":""retrograde""},{""jd_ut"":2098914.4080292275,""utc"":""1034-07-13T21:47:33.725Z"",""motion"":""direct""}]",3
R54.06,R54,54,6,Virgo,150,2101161.2689302005,1040-09-06T18:27:15.569Z,2103405.9436406754,1046-10-30T10:38:50.554Z,"[{""jd_ut"":2101161.2689302005,""utc"":""1040-09-06T18:27:15.569Z"",""motion"":""direct""},{""jd_ut"":2101362.9804921933,""utc"":""1041-03-27T11:31:54.525Z"",""motion"":""retrograde""},{""jd_ut"":2101443.831528345,""utc"":""1041-06-16T07:57:24.049Z"",""motion"":""direct""}]",3
R54.07,R54,54,7,Libra,180,2103405.9436406754,1046-10-30T10:38:50.554Z,2105682.4900038857,1053-01-22T23:45:36.336Z,"[{""jd_ut"":2103405.9436406754,""utc"":""1046-10-30T10:38:50.554Z"",""motion"":""direct""},{""jd_ut"":2103547.5144061344,""utc"":""1047-03-21T00:20:44.690Z"",""motion"":""retrograde""},{""jd_ut"":2103696.82792602,""utc"":""1047-08-17T07:52:12.808Z"",""motion"":""direct""}]",3
R54.08,R54,54,8,Scorpio,210,2105682.4900038857,1053-01-22T23:45:36.336Z,2108218.248589659,1060-01-02T17:57:58.147Z,"[{""jd_ut"":2105682.4900038857,""utc"":""1053-01-22T23:45:36.336Z"",""motion"":""direct""},{""jd_ut"":2105704.5688489126,""utc"":""1053-02-14T01:39:08.546Z"",""motion"":""retrograde""},{""jd_ut"":2105950.399187221,""utc"":""1053-10-17T21:34:49.776Z"",""motion"":""direct""}]",3
R54.09,R54,54,9,Sagittarius,240,2108218.248589659,1060-01-02T17:57:58.147Z,2110801.2853986686,1067-01-28T18:50:58.445Z,"[{""jd_ut"":2108218.248589659,""utc"":""1060-01-02T17:57:58.147Z"",""motion"":""direct""},{""jd_ut"":2108350.273689932,""utc"":""1060-05-13T18:34:06.810Z"",""motion"":""retrograde""},{""jd_ut"":2108511.8531833626,""utc"":""1060-10-22T08:28:35.043Z"",""motion"":""direct""}]",3
R54.10,R54,54,10,Capricorn,270,2110801.2853986686,1067-01-28T18:50:58.445Z,2113411.4094511084,1074-03-22T21:49:36.576Z,"[{""jd_ut"":2110801.2853986686,""utc"":""1067-01-28T18:50:58.445Z"",""motion"":""direct""},{""jd_ut"":2110942.0737323137,""utc"":""1067-06-18T13:46:10.472Z"",""motion"":""retrograde""},{""jd_ut"":2111096.742477322,""utc"":""1067-11-20T05:49:10.041Z"",""motion"":""direct""}]",3
R54.11,R54,54,11,Aquarius,300,2113411.4094511084,1074-03-22T21:49:36.576Z,2116320.6931029726,1082-03-10T04:38:04.097Z,"[{""jd_ut"":2113411.4094511084,""utc"":""1074-03-22T21:49:36.576Z"",""motion"":""direct""},{""jd_ut"":2113500.485875706,""utc"":""1074-06-19T23:39:39.661Z"",""motion"":""retrograde""},{""jd_ut"":2113701.885719789,""utc"":""1075-01-07T09:15:26.190Z"",""motion"":""direct""}]",3
R54.12,R54,54,12,Pisces,330,2116320.6931029726,1082-03-10T04:38:04.097Z,2118951.3865586407,1089-05-22T21:16:38.667Z,"[{""jd_ut"":2116320.6931029726,""utc"":""1082-03-10T04:38:04.097Z"",""motion"":""direct""},{""jd_ut"":2116510.571292801,""utc"":""1082-09-16T01:42:39.698Z"",""motion"":""retrograde""},{""jd_ut"":2116614.7675534887,""utc"":""1082-12-29T06:25:16.621Z"",""motion"":""direct""}]",3
R55.01,R55,55,1,Aries,0,2118951.3865586407,1089-05-22T21:16:38.667Z,2121855.2457429497,1097-05-04T17:53:52.191Z,"[{""jd_ut"":2118951.3865586407,""utc"":""1089-05-22T21:16:38.667Z"",""motion"":""direct""},{""jd_ut"":2119040.8046851344,""utc"":""1089-08-20T07:18:44.796Z"",""motion"":""retrograde""},{""jd_ut"":2119241.339938361,""utc"":""1090-03-08T20:09:30.674Z"",""motion"":""direct""}]",3
R55.02,R55,55,2,Taurus,30,2121855.2457429497,1097-05-04T17:53:52.191Z,2124451.7826987915,1104-06-14T06:47:05.176Z,"[{""jd_ut"":2121855.2457429497,""utc"":""1097-05-04T17:53:52.191Z"",""motion"":""direct""},{""jd_ut"":2122059.8954856806,""utc"":""1097-11-25T09:29:29.963Z"",""motion"":""retrograde""},{""jd_ut"":2122144.150067703,""utc"":""1098-02-17T15:36:05.850Z"",""motion"":""direct""}]",3
R55.03,R55,55,3,Gemini,60,2124451.7826987915,1104-06-14T06:47:05.176Z,2127026.002871124,1111-07-02T12:04:08.065Z,"[{""jd_ut"":2124451.7826987915,""utc"":""1104-06-14T06:47:05.176Z"",""motion"":""direct""},{""jd_ut"":2124632.0804066816,""utc"":""1104-12-11T13:55:47.137Z"",""motion"":""retrograde""},{""jd_ut"":2124743.1253054356,""utc"":""1105-04-01T15:00:26.390Z"",""motion"":""direct""}]",3
R55.04,R55,55,4,Cancer,90,2127026.002871124,1111-07-02T12:04:08.065Z,2129289.5355032356,1117-09-12T00:51:07.480Z,"[{""jd_ut"":2127026.002871124,""utc"":""1111-07-02T12:04:08.065Z"",""motion"":""direct""},{""jd_ut"":2127246.2673945883,""utc"":""1112-02-07T18:25:02.892Z"",""motion"":""retrograde""},{""jd_ut"":2127304.9239107873,""utc"":""1112-04-06T10:10:25.892Z"",""motion"":""direct""}]",3
R55.05,R55,55,5,Leo,120,2129289.5355032356,1117-09-12T00:51:07.480Z,2131826.128051311,1124-08-22T15:04:23.633Z,"[{""jd_ut"":2129289.5355032356,""utc"":""1117-09-12T00:51:07.480Z"",""motion"":""direct""},{""jd_ut"":2129403.9018420177,""utc"":""1118-01-04T09:38:39.150Z"",""motion"":""retrograde""},{""jd_ut"":2129578.6358067393,""utc"":""1118-06-28T03:15:33.702Z"",""motion"":""direct""}]",3
R55.06,R55,55,6,Virgo,150,2131826.128051311,1124-08-22T15:04:23.633Z,2134069.0633183625,1130-10-13T13:31:10.707Z,"[{""jd_ut"":2131826.128051311,""utc"":""1124-08-22T15:04:23.633Z"",""motion"":""direct""}]",1
R55.07,R55,55,7,Libra,180,2134069.0633183625,1130-10-13T13:31:10.707Z,2136324.3913227962,1136-12-15T21:23:30.290Z,"[{""jd_ut"":2134069.0633183625,""utc"":""1130-10-13T13:31:10.707Z"",""motion"":""direct""},{""jd_ut"":2134254.4244569736,""utc"":""1131-04-16T22:11:13.083Z"",""motion"":""retrograde""},{""jd_ut"":2134356.0780214015,""utc"":""1131-07-27T13:52:21.049Z"",""motion"":""direct""}]",3
R55.08,R55,55,8,Scorpio,210,2136324.3913227962,1136-12-15T21:23:30.290Z,2138879.6683320757,1143-12-15T04:02:23.891Z,"[{""jd_ut"":2136324.3913227962,""utc"":""1136-12-15T21:23:30.290Z"",""motion"":""direct""},{""jd_ut"":2136427.993023007,""utc"":""1137-03-29T11:49:57.188Z"",""motion"":""retrograde""},{""jd_ut"":2136614.0148454383,""utc"":""1137-10-01T12:21:22.646Z"",""motion"":""direct""}]",3
R55.09,R55,55,9,Sagittarius,240,2138879.6683320757,1143-12-15T04:02:23.891Z,2141462.7381076273,1151-01-10T05:42:52.499Z,"[{""jd_ut"":2138879.6683320757,""utc"":""1143-12-15T04:02:23.891Z"",""motion"":""direct""},{""jd_ut"":2139058.512231782,""utc"":""1144-06-11T00:17:36.826Z"",""motion"":""retrograde""},{""jd_ut"":2139171.4199188175,""utc"":""1144-10-01T22:04:40.986Z"",""motion"":""direct""}]",3
R55.10,R55,55,10,Capricorn,270,2141462.7381076273,1151-01-10T05:42:52.499Z,2144067.7026062096,1158-02-27T04:51:45.177Z,"[{""jd_ut"":2141462.7381076273,""utc"":""1151-01-10T05:42:52.499Z"",""motion"":""direct""},{""jd_ut"":2141651.1987759937,""utc"":""1151-07-17T16:46:14.246Z"",""motion"":""retrograde""},{""jd_ut"":2141755.077722488,""utc"":""1151-10-29T13:51:55.223Z"",""motion"":""direct""}]",3
R55.11,R55,55,11,Aquarius,300,2144067.7026062096,1158-02-27T04:51:45.177Z,2146984.1289692856,1166-02-21T15:05:42.946Z,"[{""jd_ut"":2144067.7026062096,""utc"":""1158-02-27T04:51:45.177Z"",""motion"":""direct""},{""jd_ut"":2144210.5724901473,""utc"":""1158-07-20T01:44:23.149Z"",""motion"":""retrograde""},{""jd_ut"":2144364.1740461932,""utc"":""1158-12-20T16:10:37.591Z"",""motion"":""direct""}]",3
R55.12,R55,55,12,Pisces,330,2146984.1289692856,1166-02-21T15:05:42.946Z,2149608.414731906,1173-04-29T21:57:12.837Z,"[{""jd_ut"":2146984.1289692856,""utc"":""1166-02-21T15:05:42.946Z"",""motion"":""direct""},{""jd_ut"":2147233.7901259046,""utc"":""1166-10-29T06:57:46.878Z"",""motion"":""retrograde""},{""jd_ut"":2147256.4987032516,""utc"":""1166-11-20T23:58:07.961Z"",""motion"":""direct""}]",3
R56.01,R56,56,1,Aries,0,2149608.414731906,1173-04-29T21:57:12.837Z,2152248.907916786,1180-07-22T09:47:24.010Z,"[{""jd_ut"":2149608.414731906,""utc"":""1173-04-29T21:57:12.837Z"",""motion"":""direct""},{""jd_ut"":2149749.037146247,""utc"":""1173-09-17T12:53:29.436Z"",""motion"":""retrograde""},{""jd_ut"":2149904.4201292284,""utc"":""1174-02-19T22:04:59.165Z"",""motion"":""direct""}]",3
R56.02,R56,56,2,Taurus,30,2152248.907916786,1180-07-22T09:47:24.010Z,2155116.415122577,1188-05-28T21:57:46.591Z,"[{""jd_ut"":2152248.907916786,""utc"":""1180-07-22T09:47:24.010Z"",""motion"":""direct""},{""jd_ut"":2152277.0066700634,""utc"":""1180-08-19T12:09:36.293Z"",""motion"":""retrograde""},{""jd_ut"":2152519.6998063233,""utc"":""1181-04-19T04:47:43.266Z"",""motion"":""direct""}]",3
R56.03,R56,56,3,Gemini,60,2155116.415122577,1188-05-28T21:57:46.591Z,2157418.4531801697,1194-09-16T22:52:34.767Z,"[{""jd_ut"":2155116.415122577,""utc"":""1188-05-28T21:57:46.591Z"",""motion"":""direct""},{""jd_ut"":2155343.4644454382,""utc"":""1189-01-10T23:08:48.086Z"",""motion"":""retrograde""},{""jd_ut"":2155395.7570652356,""utc"":""1189-03-04T06:10:10.436Z"",""motion"":""direct""}]",3
R56.04,R56,56,4,Cancer,90,2157418.4531801697,1194-09-16T22:52:34.767Z,2159952.105814292,1201-08-24T14:32:22.355Z,"[{""jd_ut"":2157418.4531801697,""utc"":""1194-09-16T22:52:34.767Z"",""motion"":""direct""},{""jd_ut"":2157457.466100475,""utc"":""1194-10-25T23:11:11.081Z"",""motion"":""retrograde""},{""jd_ut"":2157691.2378914133,""utc"":""1195-06-16T17:42:33.818Z"",""motion"":""direct""}]",3
R56.05,R56,56,5,Leo,120,2159952.105814292,1201-08-24T14:32:22.355Z,2162207.8665600363,1207-10-28T08:47:50.787Z,"[{""jd_ut"":2159952.105814292,""utc"":""1201-08-24T14:32:22.355Z"",""motion"":""direct""},{""jd_ut"":2160107.2374000335,""utc"":""1202-01-26T17:41:51.363Z"",""motion"":""retrograde""},{""jd_ut"":2160242.380106983,""utc"":""1202-06-10T21:07:21.243Z"",""motion"":""direct""}]",3
R56.06,R56,56,6,Virgo,150,2162207.8665600363,1207-10-28T08:47:50.787Z,2164734.1117914626,1214-09-27T14:40:58.782Z,"[{""jd_ut"":2162207.8665600363,""utc"":""1207-10-28T08:47:50.787Z"",""motion"":""direct""},{""jd_ut"":2162287.0663838442,""utc"":""1208-01-15T13:35:35.564Z"",""motion"":""retrograde""},{""jd_ut"":2162491.3770201746,""utc"":""1208-08-06T21:02:54.543Z"",""motion"":""direct""}]",3
R56.07,R56,56,7,Libra,180,2164734.1117914626,1214-09-27T14:40:58.782Z,2166985.0397272278,1220-11-25T12:57:12.432Z,"[{""jd_ut"":2164734.1117914626,""utc"":""1214-09-27T14:40:58.782Z"",""motion"":""direct""},{""jd_ut"":2164976.162900503,""utc"":""1215-05-27T15:54:34.603Z"",""motion"":""retrograde""},{""jd_ut"":2164998.6455589095,""utc"":""1215-06-19T03:29:36.290Z"",""motion"":""direct""}]",3
R56.08,R56,56,8,Scorpio,210,2166985.0397272278,1220-11-25T12:57:12.432Z,2169543.44095512,1227-11-27T22:34:58.522Z,"[{""jd_ut"":2166985.0397272278,""utc"":""1220-11-25T12:57:12.432Z"",""motion"":""direct""},{""jd_ut"":2167134.2996834368,""utc"":""1221-04-23T19:11:32.649Z"",""motion"":""retrograde""},{""jd_ut"":2167276.9463517945,""utc"":""1221-09-13T10:42:44.795Z"",""motion"":""direct""}]",3
R56.09,R56,56,9,Sagittarius,240,2169543.44095512,1227-11-27T22:34:58.522Z,2172126.109736112,1234-12-23T14:38:01.200Z,"[{""jd_ut"":2169543.44095512,""utc"":""1227-11-27T22:34:58.522Z"",""motion"":""direct""},{""jd_ut"":2169776.1113234935,""utc"":""1228-07-17T14:40:18.350Z"",""motion"":""retrograde""},{""jd_ut"":2169819.1837567566,""utc"":""1228-08-29T16:24:36.584Z"",""motion"":""direct""}]",3
R56.10,R56,56,10,Capricorn,270,2172126.109736112,1234-12-23T14:38:01.200Z,2174729.0750562344,1242-02-07T13:48:04.859Z,"[{""jd_ut"":2172126.109736112,""utc"":""1234-12-23T14:38:01.200Z"",""motion"":""direct""}]",1
R56.11,R56,56,11,Aquarius,300,2174729.0750562344,1242-02-07T13:48:04.859Z,2177354.439883489,1249-04-16T22:33:25.933Z,"[{""jd_ut"":2174729.0750562344,""utc"":""1242-02-07T13:48:04.859Z"",""motion"":""direct""},{""jd_ut"":2174919.3801987777,""utc"":""1242-08-16T21:07:29.174Z"",""motion"":""retrograde""},{""jd_ut"":2175022.715817567,""utc"":""1242-11-28T05:10:46.638Z"",""motion"":""direct""}]",3
R56.12,R56,56,12,Pisces,330,2177354.439883489,1249-04-16T22:33:25.933Z,2180269.861309788,1257-04-10T08:40:17.166Z,"[{""jd_ut"":2177354.439883489,""utc"":""1249-04-16T22:33:25.933Z"",""motion"":""direct""},{""jd_ut"":2177454.2964668004,""utc"":""1249-07-25T19:06:54.732Z"",""motion"":""retrograde""},{""jd_ut"":2177646.876277874,""utc"":""1250-02-03T09:01:50.408Z"",""motion"":""direct""}]",3
R57.01,R57,57,1,Aries,0,2180269.861309788,1257-04-10T08:40:17.166Z,2182891.3148874706,1264-06-13T19:33:26.277Z,"[{""jd_ut"":2180269.861309788,""utc"":""1257-04-10T08:40:17.166Z"",""motion"":""direct""},{""jd_ut"":2180456.1824248834,""utc"":""1257-10-13T16:22:41.510Z"",""motion"":""retrograde""},{""jd_ut"":2180564.0560563784,""utc"":""1258-01-29T13:20:43.271Z"",""motion"":""direct""}]",3
R57.02,R57,57,2,Taurus,30,2182891.3148874706,1264-06-13T19:33:26.277Z,2185499.0866182307,1271-08-04T14:04:43.815Z,"[{""jd_ut"":2182891.3148874706,""utc"":""1264-06-13T19:33:26.277Z"",""motion"":""direct""},{""jd_ut"":2182998.66944471,""utc"":""1264-09-29T04:04:00.023Z"",""motion"":""retrograde""},{""jd_ut"":2183183.033222911,""utc"":""1265-04-01T12:47:50.460Z"",""motion"":""direct""}]",3
R57.03,R57,57,3,Gemini,60,2185499.0866182307,1271-08-04T14:04:43.815Z,2188067.3959533637,1278-08-15T21:30:10.371Z,"[{""jd_ut"":2185499.0866182307,""utc"":""1271-08-04T14:04:43.815Z"",""motion"":""direct""},{""jd_ut"":2185563.4824285656,""utc"":""1271-10-07T23:34:41.828Z"",""motion"":""retrograde""},{""jd_ut"":2185781.065358621,""utc"":""1272-05-12T13:34:06.985Z"",""motion"":""direct""}]",3
R57.04,R57,57,4,Cancer,90,2188067.3959533637,1278-08-15T21:30:10.371Z,2190616.9256244237,1285-08-08T10:12:53.950Z,"[{""jd_ut"":2188067.3959533637,""utc"":""1278-08-15T21:30:10.371Z"",""motion"":""direct""},{""jd_ut"":2188172.3176926337,""utc"":""1278-11-28T19:37:28.644Z"",""motion"":""retrograde""},{""jd_ut"":2188356.1141116163,""utc"":""1279-05-31T14:44:19.244Z"",""motion"":""direct""}]",3
R57.05,R57,57,5,Leo,120,2190616.9256244237,1285-08-08T10:12:53.950Z,2192867.1390275015,1291-10-06T15:20:11.976Z,"[{""jd_ut"":2190616.9256244237,""utc"":""1285-08-08T10:12:53.950Z"",""motion"":""direct""},{""jd_ut"":2190812.189921135,""utc"":""1286-02-19T16:33:29.186Z"",""motion"":""retrograde""},{""jd_ut"":2190902.1089277463,""utc"":""1286-05-20T14:36:51.357Z"",""motion"":""direct""}]",3
R57.06,R57,57,6,Virgo,150,2192867.1390275015,1291-10-06T15:20:11.976Z,2195124.1474932097,1297-12-10T15:32:23.413Z,"[{""jd_ut"":2192867.1390275015,""utc"":""1291-10-06T15:20:11.976Z"",""motion"":""direct""},{""jd_ut"":2192992.5828118445,""utc"":""1292-02-09T01:59:14.943Z"",""motion"":""retrograde""},{""jd_ut"":2193156.7434082422,""utc"":""1292-07-22T05:50:30.472Z"",""motion"":""direct""}]",3
R57.07,R57,57,7,Libra,180,2195124.1474932097,1297-12-10T15:32:23.413Z,2197649.375681136,1304-11-09T21:00:58.850Z,"[{""jd_ut"":2195124.1474932097,""utc"":""1297-12-10T15:32:23.413Z"",""motion"":""direct""},{""jd_ut"":2195172.787370938,""utc"":""1298-01-28T06:53:48.849Z"",""motion"":""retrograde""},{""jd_ut"":2195400.492308203,""utc"":""1298-09-12T23:48:55.429Z"",""motion"":""direct""}]",3
R57.08,R57,57,8,Scorpio,210,2197649.375681136,1304-11-09T21:00:58.850Z,2199926.7967626723,1311-02-04T07:07:20.295Z,"[{""jd_ut"":2197649.375681136,""utc"":""1304-11-09T21:00:58.850Z"",""motion"":""direct""},{""jd_ut"":2197840.505667202,""utc"":""1305-05-20T00:08:09.646Z"",""motion"":""retrograde""},{""jd_ut"":2197936.5685761906,""utc"":""1305-08-24T01:38:44.983Z"",""motion"":""direct""}]",3
R57.09,R57,57,9,Sagittarius,240,2199926.7967626723,1311-02-04T07:07:20.295Z,2202500.86832729,1318-02-21T08:50:23.478Z,"[{""jd_ut"":2199926.7967626723,""utc"":""1311-02-04T07:07:20.295Z"",""motion"":""direct""},{""jd_ut"":2199986.706283292,""utc"":""1311-04-05T04:57:02.876Z"",""motion"":""retrograde""},{""jd_ut"":2200208.8194030514,""utc"":""1311-11-13T07:39:56.424Z"",""motion"":""direct""}]",3
R57.10,R57,57,10,Capricorn,270,2202500.86832729,1318-02-21T08:50:23.478Z,2205392.593559441,1326-01-22T02:14:43.536Z,"[{""jd_ut"":2202500.86832729,""utc"":""1318-02-21T08:50:23.478Z"",""motion"":""direct""},{""jd_ut"":2202588.245199778,""utc"":""1318-05-19T17:53:05.261Z"",""motion"":""retrograde""},{""jd_ut"":2202790.2749139555,""utc"":""1318-12-07T18:35:52.566Z"",""motion"":""direct""}]",3
R57.11,R57,57,11,Aquarius,300,2205392.593559441,1326-01-22T02:14:43.536Z,2208012.34288456,1333-03-25T20:13:45.226Z,"[{""jd_ut"":2205392.593559441,""utc"":""1326-01-22T02:14:43.536Z"",""motion"":""direct""},{""jd_ut"":2205646.2562145386,""utc"":""1326-10-02T18:08:56.936Z"",""motion"":""retrograde""},{""jd_ut"":2205661.035292131,""utc"":""1326-10-17T12:50:49.240Z"",""motion"":""direct""}]",3
R57.12,R57,57,12,Pisces,330,2208012.34288456,1333-03-25T20:13:45.226Z,2210933.111226801,1341-03-24T14:40:09.996Z,"[{""jd_ut"":2208012.34288456,""utc"":""1333-03-25T20:13:45.226Z"",""motion"":""direct""},{""jd_ut"":2208162.780919945,""utc"":""1333-08-23T06:44:31.483Z"",""motion"":""retrograde""},{""jd_ut"":2208309.0331835896,""utc"":""1334-01-16T12:47:47.062Z"",""motion"":""direct""}]",3
R58.01,R58,58,1,Aries,0,2210933.111226801,1341-03-24T14:40:09.996Z,2213550.7012605853,1348-05-24T04:49:48.915Z,"[{""jd_ut"":2210933.111226801,""utc"":""1341-03-24T14:40:09.996Z"",""motion"":""direct""},{""jd_ut"":2211174.3909060657,""utc"":""1341-11-20T21:22:54.284Z"",""motion"":""retrograde""},{""jd_ut"":2211210.5880551403,""utc"":""1341-12-27T02:06:47.964Z"",""motion"":""direct""}]",3
R58.02,R58,58,2,Taurus,30,2213550.7012605853,1348-05-24T04:49:48.915Z,2216153.178125874,1355-07-09T16:16:30.076Z,"[{""jd_ut"":2213550.7012605853,""utc"":""1348-05-24T04:49:48.915Z"",""motion"":""direct""},{""jd_ut"":2213705.032130289,""utc"":""1348-10-25T12:46:16.057Z"",""motion"":""retrograde""},{""jd_ut"":2213845.5606982447,""utc"":""1349-03-15T01:27:24.328Z"",""motion"":""direct""}]",3
R58.03,R58,58,3,Gemini,60,2216153.178125874,1355-07-09T16:16:30.076Z,2218727.7945364695,1362-07-27T07:04:07.951Z,"[{""jd_ut"":2216153.178125874,""utc"":""1355-07-09T16:16:30.076Z"",""motion"":""direct""},{""jd_ut"":2216273.5516387895,""utc"":""1355-11-07T01:14:21.591Z"",""motion"":""retrograde""},{""jd_ut"":2216445.199657089,""utc"":""1356-04-26T16:47:30.372Z"",""motion"":""direct""}]",3
R58.04,R58,58,4,Cancer,90,2218727.7945364695,1362-07-27T07:04:07.951Z,2221282.5368628167,1369-07-25T00:53:04.947Z,"[{""jd_ut"":2218727.7945364695,""utc"":""1362-07-27T07:04:07.951Z"",""motion"":""direct""},{""jd_ut"":2218877.349479703,""utc"":""1362-12-23T20:23:15.046Z"",""motion"":""retrograde""},{""jd_ut"":2219019.361828803,""utc"":""1363-05-14T20:41:02.009Z"",""motion"":""direct""}]",3
R58.05,R58,58,5,Leo,120,2221282.5368628167,1369-07-25T00:53:04.947Z,2223530.184385794,1375-09-19T16:25:30.933Z,"[{""jd_ut"":2221282.5368628167,""utc"":""1369-07-25T00:53:04.947Z"",""motion"":""direct""}]",1
R58.06,R58,58,6,Virgo,150,2223530.184385794,1375-09-19T16:25:30.933Z,2225777.075222606,1381-11-13T13:48:19.233Z,"[{""jd_ut"":2223530.184385794,""utc"":""1375-09-19T16:25:30.933Z"",""motion"":""direct""},{""jd_ut"":2223696.8103068266,""utc"":""1376-03-04T07:26:50.510Z"",""motion"":""retrograde""},{""jd_ut"":2223819.0280142818,""utc"":""1376-07-04T12:40:20.434Z"",""motion"":""direct""}]",3
R58.07,R58,58,7,Libra,180,2225777.075222606,1381-11-13T13:48:19.233Z,2228314.908974505,1388-10-25T09:48:55.397Z,"[{""jd_ut"":2225777.075222606,""utc"":""1381-11-13T13:48:19.233Z"",""motion"":""direct""},{""jd_ut"":2225884.4672133354,""utc"":""1382-02-28T23:12:47.232Z"",""motion"":""retrograde""},{""jd_ut"":2226065.936377165,""utc"":""1382-08-29T10:28:22.987Z"",""motion"":""direct""}]",3
R58.08,R58,58,8,Scorpio,210,2228314.908974505,1388-10-25T09:48:55.397Z,2230580.828132674,1395-01-08T07:52:30.663Z,"[{""jd_ut"":2228314.908974505,""utc"":""1388-10-25T09:48:55.397Z"",""motion"":""direct""}]",1
R58.09,R58,58,9,Sagittarius,240,2230580.828132674,1395-01-08T07:52:30.663Z,2233158.651919841,1402-01-30T03:38:45.874Z,"[{""jd_ut"":2230580.828132674,""utc"":""1395-01-08T07:52:30.663Z"",""motion"":""direct""},{""jd_ut"":2230698.1716400674,""utc"":""1395-05-05T16:07:09.702Z"",""motion"":""retrograde""},{""jd_ut"":2230873.297657758,""utc"":""1395-10-27T19:08:37.630Z"",""motion"":""direct""}]",3
R58.10,R58,58,10,Capricorn,270,2233158.651919841,1402-01-30T03:38:45.874Z,2235764.817335344,1409-03-20T07:36:57.774Z,"[{""jd_ut"":2233158.651919841,""utc"":""1402-01-30T03:38:45.874Z"",""motion"":""direct""},{""jd_ut"":2233296.7988878256,""utc"":""1402-06-17T07:10:23.908Z"",""motion"":""retrograde""},{""jd_ut"":2233453.673534899,""utc"":""1402-11-21T04:09:53.415Z"",""motion"":""direct""}]",3
R58.11,R58,58,11,Aquarius,300,2235764.817335344,1409-03-20T07:36:57.774Z,2238673.7331118975,1417-03-07T05:35:40.868Z,"[{""jd_ut"":2235764.817335344,""utc"":""1409-03-20T07:36:57.774Z"",""motion"":""direct""},{""jd_ut"":2235859.7073760387,""utc"":""1409-06-23T04:58:37.290Z"",""motion"":""retrograde""},{""jd_ut"":2236056.4804771803,""utc"":""1410-01-05T23:31:53.228Z"",""motion"":""direct""}]",3
R58.12,R58,58,12,Pisces,330,2238673.7331118975,1417-03-07T05:35:40.868Z,2241305.1637343066,1424-05-20T15:55:46.644Z,"[{""jd_ut"":2238673.7331118975,""utc"":""1417-03-07T05:35:40.868Z"",""motion"":""direct""},{""jd_ut"":2238872.2416851427,""utc"":""1417-09-21T17:48:01.596Z"",""motion"":""retrograde""},{""jd_ut"":2238966.3417743845,""utc"":""1417-12-24T20:12:09.307Z"",""motion"":""direct""}]",3
R59.01,R59,59,1,Aries,0,2241305.1637343066,1424-05-20T15:55:46.644Z,2244212.212634229,1432-05-05T17:06:11.597Z,"[{""jd_ut"":2241305.1637343066,""utc"":""1424-05-20T15:55:46.644Z"",""motion"":""direct""},{""jd_ut"":2241399.4251766494,""utc"":""1424-08-22T22:12:15.263Z"",""motion"":""retrograde""},{""jd_ut"":2241596.2932125162,""utc"":""1425-03-07T19:02:13.561Z"",""motion"":""direct""}]",3
R59.02,R59,59,2,Taurus,30,2244212.212634229,1432-05-05T17:06:11.597Z,2246813.382781122,1439-06-19T21:11:12.289Z,"[{""jd_ut"":2244212.212634229,""utc"":""1432-05-05T17:06:11.597Z"",""motion"":""direct""},{""jd_ut"":2244414.288605852,""utc"":""1432-11-23T18:55:35.546Z"",""motion"":""retrograde""},{""jd_ut"":2244502.126666273,""utc"":""1433-02-19T15:02:23.966Z"",""motion"":""direct""}]",3
R59.03,R59,59,3,Gemini,60,2246813.382781122,1439-06-19T21:11:12.289Z,2249390.370876653,1446-07-09T20:54:03.743Z,"[{""jd_ut"":2246813.382781122,""utc"":""1439-06-19T21:11:12.289Z"",""motion"":""direct""},{""jd_ut"":2246979.9952297388,""utc"":""1439-12-03T11:53:07.849Z"",""motion"":""retrograde""},{""jd_ut"":2247106.252747167,""utc"":""1440-04-07T18:03:57.355Z"",""motion"":""direct""}]",3
R59.04,R59,59,4,Cancer,90,2249390.370876653,1446-07-09T20:54:03.743Z,2251664.083421206,1452-09-29T14:00:07.592Z,"[{""jd_ut"":2249390.370876653,""utc"":""1446-07-09T20:54:03.743Z"",""motion"":""direct""},{""jd_ut"":2249584.625431151,""utc"":""1447-01-20T03:00:37.251Z"",""motion"":""retrograde""},{""jd_ut"":2249677.433930427,""utc"":""1447-04-22T22:24:51.589Z"",""motion"":""direct""}]",3
R59.05,R59,59,5,Leo,120,2251664.083421206,1452-09-29T14:00:07.592Z,2254194.333679065,1459-09-03T20:00:29.871Z,"[{""jd_ut"":2251664.083421206,""utc"":""1452-09-29T14:00:07.592Z"",""motion"":""direct""},{""jd_ut"":2251738.886962726,""utc"":""1452-12-13T09:17:13.580Z"",""motion"":""retrograde""},{""jd_ut"":2251946.8603597675,""utc"":""1453-07-09T08:38:55.084Z"",""motion"":""direct""}]",3
R59.06,R59,59,6,Virgo,150,2254194.333679065,1459-09-03T20:00:29.871Z,2256438.3369480483,1465-10-25T20:05:12.311Z,"[{""jd_ut"":2254194.333679065,""utc"":""1459-09-03T20:00:29.871Z"",""motion"":""direct""},{""jd_ut"":2254407.1742910417,""utc"":""1460-04-03T16:10:58.746Z"",""motion"":""retrograde""},{""jd_ut"":2254473.331546461,""utc"":""1460-06-08T19:57:25.614Z"",""motion"":""direct""}]",3
R59.07,R59,59,7,Libra,180,2256438.3369480483,1465-10-25T20:05:12.311Z,2258697.0007830774,1472-01-01T12:01:07.658Z,"[{""jd_ut"":2256438.3369480483,""utc"":""1465-10-25T20:05:12.311Z"",""motion"":""direct""},{""jd_ut"":2256589.8888840554,""utc"":""1466-03-26T09:19:59.582Z"",""motion"":""retrograde""},{""jd_ut"":2256728.8655425953,""utc"":""1466-08-12T08:46:22.880Z"",""motion"":""direct""}]",3
R59.08,R59,59,8,Scorpio,210,2258697.0007830774,1472-01-01T12:01:07.658Z,2261242.6007843493,1478-12-21T02:25:07.768Z,"[{""jd_ut"":2258697.0007830774,""utc"":""1472-01-01T12:01:07.658Z"",""motion"":""direct""},{""jd_ut"":2258765.1339259446,""utc"":""1472-03-09T15:12:51.202Z"",""motion"":""retrograde""},{""jd_ut"":2258979.6738413367,""utc"":""1472-10-10T04:10:19.891Z"",""motion"":""direct""}]",3
R59.09,R59,59,9,Sagittarius,240,2261242.6007843493,1478-12-21T02:25:07.768Z,2263820.7464722972,1486-01-11T05:54:55.206Z,"[{""jd_ut"":2261242.6007843493,""utc"":""1478-12-21T02:25:07.768Z"",""motion"":""direct""},{""jd_ut"":2261404.056261127,""utc"":""1479-05-31T13:21:00.961Z"",""motion"":""retrograde""},{""jd_ut"":2261535.748524026,""utc"":""1479-10-10T05:57:52.476Z"",""motion"":""direct""}]",3
R59.10,R59,59,10,Capricorn,270,2263820.7464722972,1486-01-11T05:54:55.206Z,2266422.6112888865,1493-02-25T02:40:15.360Z,"[{""jd_ut"":2263820.7464722972,""utc"":""1486-01-11T05:54:55.206Z"",""motion"":""direct""},{""jd_ut"":2264004.528271145,""utc"":""1486-07-14T00:40:42.627Z"",""motion"":""retrograde""},{""jd_ut"":2264113.3143547764,""utc"":""1486-10-30T19:32:40.253Z"",""motion"":""direct""}]",3
R59.11,R59,59,11,Aquarius,300,2266422.6112888865,1493-02-25T02:40:15.360Z,2269064.643155019,1500-05-22T03:26:08.594Z,"[{""jd_ut"":2266422.6112888865,""utc"":""1493-02-25T02:40:15.360Z"",""motion"":""direct""},{""jd_ut"":2266568.3989677783,""utc"":""1493-07-20T21:34:30.816Z"",""motion"":""retrograde""},{""jd_ut"":2266719.090049752,""utc"":""1493-12-18T14:09:40.299Z"",""motion"":""direct""}]",3
R59.12,R59,59,12,Pisces,330,2269064.643155019,1500-05-22T03:26:08.594Z,2271961.9839784177,1508-04-27T11:36:55.735Z,"[{""jd_ut"":2269064.643155019,""utc"":""1500-05-22T03:26:08.594Z"",""motion"":""direct""},{""jd_ut"":2269092.2160894834,""utc"":""1500-06-18T17:11:10.131Z"",""motion"":""retrograde""},{""jd_ut"":2269337.026637841,""utc"":""1501-02-18T12:38:21.509Z"",""motion"":""direct""}]",3
R60.01,R60,60,1,Aries,0,2271961.9839784177,1508-04-27T11:36:55.735Z,2274603.071373473,1515-07-21T13:42:46.668Z,"[{""jd_ut"":2271961.9839784177,""utc"":""1508-04-27T11:36:55.735Z"",""motion"":""direct""},{""jd_ut"":2272108.4166373992,""utc"":""1508-09-20T21:59:57.471Z"",""motion"":""retrograde""},{""jd_ut"":2272258.3443654515,""utc"":""1509-02-17T20:15:53.175Z"",""motion"":""direct""}]",3
R60.02,R60,60,2,Taurus,30,2274603.071373473,1515-07-21T13:42:46.668Z,2277476.3204756333,1523-06-02T19:41:29.095Z,"[{""jd_ut"":2274603.071373473,""utc"":""1515-07-21T13:42:46.668Z"",""motion"":""direct""},{""jd_ut"":2274634.968128549,""utc"":""1515-08-22T11:14:06.307Z"",""motion"":""retrograde""},{""jd_ut"":2274875.6538020223,""utc"":""1516-04-19T03:41:28.495Z"",""motion"":""direct""}]",3
R60.03,R60,60,3,Gemini,60,2277476.3204756333,1523-06-02T19:41:29.095Z,2280054.0390904145,1530-06-23T12:56:17.412Z,"[{""jd_ut"":2277476.3204756333,""utc"":""1523-06-02T19:41:29.095Z"",""motion"":""direct""},{""jd_ut"":2277690.0933739906,""utc"":""1524-01-02T14:14:27.513Z"",""motion"":""retrograde""},{""jd_ut"":2277760.912292147,""utc"":""1524-03-13T09:53:42.042Z"",""motion"":""direct""}]",3
R60.04,R60,60,4,Cancer,90,2280054.0390904145,1530-06-23T12:56:17.412Z,2282320.0031505683,1536-09-05T12:04:32.209Z,"[{""jd_ut"":2280054.0390904145,""utc"":""1530-06-23T12:56:17.412Z"",""motion"":""direct""}]",1
R60.05,R60,60,5,Leo,120,2282320.0031505683,1536-09-05T12:04:32.209Z,2284598.682685164,1542-12-02T04:23:03.998Z,"[{""jd_ut"":2282320.0031505683,""utc"":""1536-09-05T12:04:32.209Z"",""motion"":""direct""},{""jd_ut"":2282447.9295724705,""utc"":""1537-01-11T10:18:35.061Z"",""motion"":""retrograde""},{""jd_ut"":2282610.1075924914,""utc"":""1537-06-22T14:34:55.991Z"",""motion"":""direct""}]",3
R60.06,R60,60,6,Virgo,150,2284598.682685164,1542-12-02T04:23:03.998Z,2287100.9917788683,1549-10-08T11:48:09.694Z,"[{""jd_ut"":2284598.682685164,""utc"":""1542-12-02T04:23:03.998Z"",""motion"":""direct""},{""jd_ut"":2284606.535392873,""utc"":""1542-12-10T00:50:57.944Z"",""motion"":""retrograde""},{""jd_ut"":2284858.1157866037,""utc"":""1543-08-18T14:46:43.963Z"",""motion"":""direct""}]",3
R60.07,R60,60,7,Libra,180,2287100.9917788683,1549-10-08T11:48:09.694Z,2289350.894267481,1555-12-06T09:27:44.710Z,"[{""jd_ut"":2287100.9917788683,""utc"":""1549-10-08T11:48:09.694Z"",""motion"":""direct""},{""jd_ut"":2287299.6248114957,""utc"":""1550-04-25T02:59:43.713Z"",""motion"":""retrograde""},{""jd_ut"":2287384.9049291518,""utc"":""1550-07-19T09:43:05.879Z"",""motion"":""direct""}]",3
R60.08,R60,60,8,Scorpio,210,2289350.894267481,1555-12-06T09:27:44.710Z,2291905.162342469,1562-12-03T15:53:46.389Z,"[{""jd_ut"":2289350.894267481,""utc"":""1555-12-06T09:27:44.710Z"",""motion"":""direct""},{""jd_ut"":2289477.4114263607,""utc"":""1556-04-10T21:52:27.238Z"",""motion"":""retrograde""},{""jd_ut"":2289642.212500938,""utc"":""1556-09-22T17:06:00.081Z"",""motion"":""direct""}]",3
R60.09,R60,60,9,Sagittarius,240,2291905.162342469,1562-12-03T15:53:46.389Z,2294483.6114587095,1569-12-25T02:40:30.032Z,"[{""jd_ut"":2291905.162342469,""utc"":""1562-12-03T15:53:46.389Z"",""motion"":""direct""},{""jd_ut"":2292116.6538788006,""utc"":""1563-07-03T03:41:35.128Z"",""motion"":""retrograde""},{""jd_ut"":2292189.2882536612,""utc"":""1563-09-13T18:55:05.116Z"",""motion"":""direct""}]",3
R60.10,R60,60,10,Capricorn,270,2294483.6114587095,1569-12-25T02:40:30.032Z,2297084.030629647,1577-02-06T12:44:06.401Z,"[{""jd_ut"":2294483.6114587095,""utc"":""1569-12-25T02:40:30.032Z"",""motion"":""direct""},{""jd_ut"":2294729.3454265306,""utc"":""1570-08-27T20:17:24.852Z"",""motion"":""retrograde""},{""jd_ut"":2294754.1354832994,""utc"":""1570-09-21T15:15:05.757Z"",""motion"":""direct""}]",3
R60.11,R60,60,11,Aquarius,300,2297084.030629647,1577-02-06T12:44:06.401Z,2299705.1002318775,1584-04-11T14:24:20.034Z,"[{""jd_ut"":2297084.030629647,""utc"":""1577-02-06T12:44:06.401Z"",""motion"":""direct""},{""jd_ut"":2297277.872228356,""utc"":""1577-08-19T08:56:00.530Z"",""motion"":""retrograde""},{""jd_ut"":2297376.811231899,""utc"":""1577-11-26T07:28:10.436Z"",""motion"":""direct""}]",3
R60.12,R60,60,12,Pisces,330,2299705.1002318775,1584-04-11T14:24:20.034Z,2302622.9736407194,1592-04-07T11:22:02.558Z,"[{""jd_ut"":2299705.1002318775,""utc"":""1584-04-11T14:24:20.034Z"",""motion"":""direct""},{""jd_ut"":2299816.8971610153,""utc"":""1584-08-01T09:31:54.712Z"",""motion"":""retrograde""},{""jd_ut"":2299999.305644323,""utc"":""1585-01-30T19:20:07.670Z"",""motion"":""direct""}]",3
R61.01,R61,61,1,Aries,0,2302622.9736407194,1592-04-07T11:22:02.558Z,2305245.138205233,1599-06-12T15:19:00.932Z,"[{""jd_ut"":2302622.9736407194,""utc"":""1592-04-07T11:22:02.558Z"",""motion"":""direct""},{""jd_ut"":2302817.4002049984,""utc"":""1592-10-18T21:36:17.712Z"",""motion"":""retrograde""},{""jd_ut"":2302916.053661174,""utc"":""1593-01-25T13:17:16.325Z"",""motion"":""direct""}]",3
R61.02,R61,61,2,Taurus,30,2305245.138205233,1599-06-12T15:19:00.932Z,2307860.15522289,1606-08-09T15:43:31.258Z,"[{""jd_ut"":2305245.138205233,""utc"":""1599-06-12T15:19:00.932Z"",""motion"":""direct""},{""jd_ut"":2305357.3023479264,""utc"":""1599-10-02T19:15:22.861Z"",""motion"":""retrograde""},{""jd_ut"":2305537.8680995973,""utc"":""1600-03-31T08:50:03.805Z"",""motion"":""direct""}]",3
R61.03,R61,61,3,Gemini,60,2307860.15522289,1606-08-09T15:43:31.258Z,2310430.8018599357,1613-08-23T07:14:40.698Z,"[{""jd_ut"":2307860.15522289,""utc"":""1606-08-09T15:43:31.258Z"",""motion"":""direct""},{""jd_ut"":2307914.274876003,""utc"":""1606-10-02T18:35:49.287Z"",""motion"":""retrograde""},{""jd_ut"":2308139.2474246854,""utc"":""1607-05-15T17:56:17.493Z"",""motion"":""direct""}]",3
R61.04,R61,61,4,Cancer,90,2310430.8018599357,1613-08-23T07:14:40.698Z,2312980.7609619983,1620-08-16T06:15:47.117Z,"[{""jd_ut"":2310430.8018599357,""utc"":""1613-08-23T07:14:40.698Z"",""motion"":""direct""},{""jd_ut"":2310520.061941644,""utc"":""1613-11-20T13:29:11.758Z"",""motion"":""retrograde""},{""jd_ut"":2310717.2796426844,""utc"":""1614-06-05T18:42:41.128Z"",""motion"":""direct""}]",3
R61.05,R61,61,5,Leo,120,2312980.7609619983,1620-08-16T06:15:47.117Z,2315234.1046081437,1626-10-17T14:30:38.144Z,"[{""jd_ut"":2312980.7609619983,""utc"":""1620-08-16T06:15:47.117Z"",""motion"":""direct""},{""jd_ut"":2313155.343233655,""utc"":""1621-02-06T20:14:15.388Z"",""motion"":""retrograde""},{""jd_ut"":2313269.449671032,""utc"":""1621-05-31T22:47:31.577Z"",""motion"":""direct""}]",3
R61.06,R61,61,6,Virgo,150,2315234.1046081437,1626-10-17T14:30:38.144Z,2317764.4993840707,1633-09-20T23:59:06.784Z,"[{""jd_ut"":2315234.1046081437,""utc"":""1626-10-17T14:30:38.144Z"",""motion"":""direct""},{""jd_ut"":2315335.58385423,""utc"":""1627-01-27T02:00:45.005Z"",""motion"":""retrograde""},{""jd_ut"":2315521.4195337547,""utc"":""1627-07-31T22:04:07.716Z"",""motion"":""direct""}]",3
R61.07,R61,61,7,Libra,180,2317764.4993840707,1633-09-20T23:59:06.784Z,2320011.1876010094,1639-11-15T16:30:08.727Z,"[{""jd_ut"":2317764.4993840707,""utc"":""1633-09-20T23:59:06.784Z"",""motion"":""direct""}]",1
R61.08,R61,61,8,Scorpio,210,2320011.1876010094,1639-11-15T16:30:08.727Z,2322292.3331853934,1646-02-12T19:59:47.218Z,"[{""jd_ut"":2320011.1876010094,""utc"":""1639-11-15T16:30:08.727Z"",""motion"":""direct""},{""jd_ut"":2320186.814075673,""utc"":""1640-05-09T07:32:16.138Z"",""motion"":""retrograde""},{""jd_ut"":2320300.749707982,""utc"":""1640-08-31T05:59:34.770Z"",""motion"":""direct""}]",3
R61.09,R61,61,9,Sagittarius,240,2322292.3331853934,1646-02-12T19:59:47.218Z,2324856.2619125573,1653-02-19T18:17:09.245Z,"[{""jd_ut"":2322292.3331853934,""utc"":""1646-02-12T19:59:47.218Z"",""motion"":""direct""},{""jd_ut"":2322332.726867562,""utc"":""1646-03-25T05:26:41.357Z"",""motion"":""retrograde""},{""jd_ut"":2322568.119034511,""utc"":""1646-11-15T14:51:24.582Z"",""motion"":""direct""}]",3
R61.10,R61,61,10,Capricorn,270,2324856.2619125573,1653-02-19T18:17:09.245Z,2327480.7411182327,1660-04-28T05:47:12.615Z,"[{""jd_ut"":2324856.2619125573,""utc"":""1653-02-19T18:17:09.245Z"",""motion"":""direct""},{""jd_ut"":2324945.3473236393,""utc"":""1653-05-19T20:20:08.762Z"",""motion"":""retrograde""},{""jd_ut"":2325145.872837957,""utc"":""1653-12-06T08:56:53.199Z"",""motion"":""direct""}]",3
R61.11,R61,61,11,Aquarius,300,2327480.7411182327,1660-04-28T05:47:12.615Z,2330363.19696056,1668-03-19T16:43:37.392Z,"[{""jd_ut"":2327480.7411182327,""utc"":""1660-04-28T05:47:12.615Z"",""motion"":""direct""},{""jd_ut"":2327491.742026043,""utc"":""1660-05-09T05:48:31.050Z"",""motion"":""retrograde""},{""jd_ut"":2327746.243567979,""utc"":""1661-01-18T17:50:44.273Z"",""motion"":""direct""}]",3
R61.12,R61,61,12,Pisces,330,2330363.19696056,1668-03-19T16:43:37.392Z,2333016.2119260225,1675-06-24T17:05:10.408Z,"[{""jd_ut"":2330363.19696056,""utc"":""1668-03-19T16:43:37.392Z"",""motion"":""direct""},{""jd_ut"":2330526.2606008165,""utc"":""1668-08-29T18:15:15.911Z"",""motion"":""retrograde""},{""jd_ut"":2330659.7794103436,""utc"":""1669-01-10T06:42:21.054Z"",""motion"":""direct""}]",3
R62.01,R62,62,1,Aries,0,2333016.2119260225,1675-06-24T17:05:10.408Z,2335904.2766339667,1683-05-21T18:38:21.175Z,"[{""jd_ut"":2333016.2119260225,""utc"":""1675-06-24T17:05:10.408Z"",""motion"":""direct""},{""jd_ut"":2333037.005870032,""utc"":""1675-07-15T12:08:27.171Z"",""motion"":""retrograde""},{""jd_ut"":2333285.428703732,""utc"":""1676-03-19T22:17:20.002Z"",""motion"":""direct""}]",3
R62.02,R62,62,2,Taurus,30,2335904.2766339667,1683-05-21T18:38:21.175Z,2338510.6744681625,1690-07-10T04:11:14.049Z,"[{""jd_ut"":2335904.2766339667,""utc"":""1683-05-21T18:38:21.175Z"",""motion"":""direct""},{""jd_ut"":2336064.396532758,""utc"":""1683-10-28T21:31:00.430Z"",""motion"":""retrograde""},{""jd_ut"":2336199.4780614646,""utc"":""1684-03-11T23:28:24.511Z"",""motion"":""direct""}]",3
R62.03,R62,62,3,Gemini,60,2338510.6744681625,1690-07-10T04:11:14.049Z,2341088.5511252303,1697-07-31T01:13:37.220Z,"[{""jd_ut"":2338510.6744681625,""utc"":""1690-07-10T04:11:14.049Z"",""motion"":""direct""},{""jd_ut"":2338628.019311662,""utc"":""1690-11-04T12:27:48.528Z"",""motion"":""retrograde""},{""jd_ut"":2338802.5069111427,""utc"":""1691-04-28T00:09:57.123Z"",""motion"":""direct""}]",3
R62.04,R62,62,4,Cancer,90,2341088.5511252303,1697-07-31T01:13:37.220Z,2343644.808286597,1704-07-31T07:23:55.962Z,"[{""jd_ut"":2341088.5511252303,""utc"":""1697-07-31T01:13:37.220Z"",""motion"":""direct""},{""jd_ut"":2341227.2732211417,""utc"":""1697-12-16T18:33:26.307Z"",""motion"":""retrograde""},{""jd_ut"":2341380.403353655,""utc"":""1698-05-18T21:40:49.756Z"",""motion"":""direct""}]",3
R62.05,R62,62,5,Leo,120,2343644.808286597,1704-07-31T07:23:55.962Z,2345893.50739001,1710-09-27T00:10:38.497Z,"[{""jd_ut"":2343644.808286597,""utc"":""1704-07-31T07:23:55.962Z"",""motion"":""direct""},{""jd_ut"":2343868.3946352145,""utc"":""1705-03-11T21:28:16.483Z"",""motion"":""retrograde""},{""jd_ut"":2343920.606235845,""utc"":""1705-05-03T02:32:58.777Z"",""motion"":""direct""}]",3
R62.06,R62,62,6,Virgo,150,2345893.50739001,1710-09-27T00:10:38.497Z,2348142.485539699,1716-11-22T23:39:10.630Z,"[{""jd_ut"":2345893.50739001,""utc"":""1710-09-27T00:10:38.497Z"",""motion"":""direct""},{""jd_ut"":2346042.5352933193,""utc"":""1711-02-23T00:50:49.343Z"",""motion"":""retrograde""},{""jd_ut"":2346183.451589383,""utc"":""1711-07-13T22:50:17.323Z"",""motion"":""direct""}]",3
R62.07,R62,62,7,Libra,180,2348142.485539699,1716-11-22T23:39:10.630Z,2350674.052140696,1723-10-29T13:15:04.956Z,"[{""jd_ut"":2348142.485539699,""utc"":""1716-11-22T23:39:10.630Z"",""motion"":""direct""},{""jd_ut"":2348229.8774133185,""utc"":""1717-02-18T09:03:28.511Z"",""motion"":""retrograde""},{""jd_ut"":2348428.063773632,""utc"":""1717-09-04T13:31:50.042Z"",""motion"":""direct""}]",3
R62.08,R62,62,8,Scorpio,210,2350674.052140696,1723-10-29T13:15:04.956Z,2352937.855259707,1730-01-09T08:31:34.439Z,"[{""jd_ut"":2350674.052140696,""utc"":""1723-10-29T13:15:04.956Z"",""motion"":""direct""},{""jd_ut"":2350907.348384917,""utc"":""1724-06-18T20:21:40.457Z"",""motion"":""retrograde""},{""jd_ut"":2350945.499885138,""utc"":""1724-07-26T23:59:50.076Z"",""motion"":""direct""}]",3
R62.09,R62,62,9,Sagittarius,240,2352937.855259707,1730-01-09T08:31:34.439Z,2355511.1094147516,1737-01-25T14:37:33.435Z,"[{""jd_ut"":2352937.855259707,""utc"":""1730-01-09T08:31:34.439Z"",""motion"":""direct""},{""jd_ut"":2353053.388832026,""utc"":""1730-05-04T21:19:55.087Z"",""motion"":""retrograde""},{""jd_ut"":2353229.863835792,""utc"":""1730-10-28T08:43:55.412Z"",""motion"":""direct""}]",3
R62.10,R62,62,10,Capricorn,270,2355511.1094147516,1737-01-25T14:37:33.435Z,2358113.803236913,1744-03-12T07:16:39.669Z,"[{""jd_ut"":2355511.1094147516,""utc"":""1737-01-25T14:37:33.435Z"",""motion"":""direct""},{""jd_ut"":2355658.0575025473,""utc"":""1737-06-21T13:22:48.220Z"",""motion"":""retrograde""},{""jd_ut"":2355806.1728605265,""utc"":""1737-11-16T16:08:55.149Z"",""motion"":""direct""}]",3
R62.11,R62,62,11,Aquarius,300,2358113.803236913,1744-03-12T07:16:39.669Z,2361023.7152579436,1752-02-29T05:09:58.286Z,"[{""jd_ut"":2358113.803236913,""utc"":""1744-03-12T07:16:39.669Z"",""motion"":""direct""},{""jd_ut"":2358224.435363412,""utc"":""1744-06-30T22:26:55.399Z"",""motion"":""retrograde""},{""jd_ut"":2358407.71451487,""utc"":""1744-12-31T05:08:54.085Z"",""motion"":""direct""}]",3
R62.12,R62,62,12,Pisces,330,2361023.7152579436,1752-02-29T05:09:58.286Z,2363653.5145490738,1759-05-13T00:20:57.040Z,"[{""jd_ut"":2361023.7152579436,""utc"":""1752-02-29T05:09:58.286Z"",""motion"":""direct""},{""jd_ut"":2361240.713819472,""utc"":""1752-10-03T05:07:54.002Z"",""motion"":""retrograde""},{""jd_ut"":2361311.904834861,""utc"":""1752-12-13T09:42:57.732Z"",""motion"":""direct""}]",3
R63.01,R63,63,1,Aries,0,2363653.5145490738,1759-05-13T00:20:57.040Z,2366565.5218663085,1767-05-03T00:31:29.249Z,"[{""jd_ut"":2363653.5145490738,""utc"":""1759-05-13T00:20:57.040Z"",""motion"":""direct""},{""jd_ut"":2363764.578834827,""utc"":""1759-09-01T01:53:31.329Z"",""motion"":""retrograde""},{""jd_ut"":2363947.243974573,""utc"":""1760-03-01T17:51:19.403Z"",""motion"":""direct""}]",3
R63.02,R63,63,2,Taurus,30,2366565.5218663085,1767-05-03T00:31:29.249Z,2369169.944622089,1774-06-19T10:40:15.349Z,"[{""jd_ut"":2366565.5218663085,""utc"":""1767-05-03T00:31:29.249Z"",""motion"":""direct""},{""jd_ut"":2366775.533857201,""utc"":""1767-11-29T00:48:45.262Z"",""motion"":""retrograde""},{""jd_ut"":2366854.038392512,""utc"":""1768-02-15T12:55:17.113Z"",""motion"":""direct""}]",3
R63.03,R63,63,3,Gemini,60,2369169.944622089,1774-06-19T10:40:15.349Z,2371750.4929437144,1781-07-12T23:49:50.337Z,"[{""jd_ut"":2369169.944622089,""utc"":""1774-06-19T10:40:15.349Z"",""motion"":""direct""},{""jd_ut"":2369335.485320338,""utc"":""1774-12-01T23:38:51.677Z"",""motion"":""retrograde""},{""jd_ut"":2369463.0564074134,""utc"":""1775-04-08T13:21:13.601Z"",""motion"":""direct""}]",3
R63.04,R63,63,4,Cancer,90,2371750.4929437144,1781-07-12T23:49:50.337Z,2374034.741438104,1787-10-14T05:47:40.252Z,"[{""jd_ut"":2371750.4929437144,""utc"":""1781-07-12T23:49:50.337Z"",""motion"":""direct""},{""jd_ut"":2371933.6560683614,""utc"":""1782-01-12T03:44:44.306Z"",""motion"":""retrograde""},{""jd_ut"":2372040.000777264,""utc"":""1782-04-28T12:01:07.156Z"",""motion"":""direct""}]",3
R63.05,R63,63,5,Leo,120,2374034.741438104,1787-10-14T05:47:40.252Z,2376557.081846482,1794-09-09T13:57:51.536Z,"[{""jd_ut"":2374034.741438104,""utc"":""1787-10-14T05:47:40.252Z"",""motion"":""direct""},{""jd_ut"":2374079.5146259535,""utc"":""1787-11-28T00:21:03.682Z"",""motion"":""retrograde""},{""jd_ut"":2374308.956898058,""utc"":""1788-07-14T10:57:55.992Z"",""motion"":""direct""}]",3
R63.06,R63,63,6,Virgo,150,2376557.081846482,1794-09-09T13:57:51.536Z,2378800.8339294465,1800-11-01T08:00:51.504Z,"[{""jd_ut"":2376557.081846482,""utc"":""1794-09-09T13:57:51.536Z"",""motion"":""direct""},{""jd_ut"":2376749.181104481,""utc"":""1795-03-20T16:20:47.427Z"",""motion"":""retrograde""},{""jd_ut"":2376842.1558668017,""utc"":""1795-06-21T15:44:26.892Z"",""motion"":""direct""}]",3
R63.07,R63,63,7,Libra,180,2378800.8339294465,1800-11-01T08:00:51.504Z,2381058.6063184207,1807-01-07T02:33:05.912Z,"[{""jd_ut"":2378800.8339294465,""utc"":""1800-11-01T08:00:51.504Z"",""motion"":""direct""},{""jd_ut"":2378937.575759799,""utc"":""1801-03-18T01:49:05.647Z"",""motion"":""retrograde""},{""jd_ut"":2379091.0741657848,""utc"":""1801-08-18T13:46:47.924Z"",""motion"":""direct""}]",3
R63.08,R63,63,8,Scorpio,210,2381058.6063184207,1807-01-07T02:33:05.912Z,2383598.028852486,1813-12-20T12:41:32.855Z,"[{""jd_ut"":2381058.6063184207,""utc"":""1807-01-07T02:33:05.912Z"",""motion"":""direct""},{""jd_ut"":2381115.4079032894,""utc"":""1807-03-04T21:47:22.844Z"",""motion"":""retrograde""},{""jd_ut"":2381338.079948957,""utc"":""1807-10-13T13:55:07.590Z"",""motion"":""direct""}]",3
R63.09,R63,63,9,Sagittarius,240,2383598.028852486,1813-12-20T12:41:32.855Z,2386172.1115563484,1821-01-06T14:40:38.469Z,"[{""jd_ut"":2383598.028852486,""utc"":""1813-12-20T12:41:32.855Z"",""motion"":""direct""},{""jd_ut"":2383761.6073635556,""utc"":""1814-06-02T02:34:36.211Z"",""motion"":""retrograde""},{""jd_ut"":2383890.5390896136,""utc"":""1814-10-09T00:56:17.343Z"",""motion"":""direct""}]",3
R63.10,R63,63,10,Capricorn,270,2386172.1115563484,1821-01-06T14:40:38.469Z,2388771.172432013,1828-02-18T16:08:18.126Z,"[{""jd_ut"":2386172.1115563484,""utc"":""1821-01-06T14:40:38.469Z"",""motion"":""direct""},{""jd_ut"":2386369.3893350624,""utc"":""1821-07-22T21:20:38.549Z"",""motion"":""retrograde""},{""jd_ut"":2386462.1420197217,""utc"":""1821-10-23T15:24:30.504Z"",""motion"":""direct""}]",3
R63.11,R63,63,11,Aquarius,300,2388771.172432013,1828-02-18T16:08:18.126Z,2391397.902097935,1835-04-29T09:39:01.262Z,"[{""jd_ut"":2388771.172432013,""utc"":""1828-02-18T16:08:18.126Z"",""motion"":""direct""},{""jd_ut"":2388935.4077564683,""utc"":""1828-07-31T21:47:10.159Z"",""motion"":""retrograde""},{""jd_ut"":2389067.1191767417,""utc"":""1828-12-10T14:51:36.870Z"",""motion"":""direct""}]",3
R63.12,R63,63,12,Pisces,330,2391397.902097935,1835-04-29T09:39:01.262Z,2394310.7203630107,1843-04-20T05:17:19.364Z,"[{""jd_ut"":2391397.902097935,""utc"":""1835-04-29T09:39:01.262Z"",""motion"":""direct""},{""jd_ut"":2391472.7614232944,""utc"":""1835-07-13T06:16:26.973Z"",""motion"":""retrograde""},{""jd_ut"":2391685.6440890366,""utc"":""1836-02-11T03:27:29.293Z"",""motion"":""direct""}]",3
R64.01,R64,64,1,Aries,0,2394310.7203630107,1843-04-20T05:17:19.364Z,2396947.142594778,1850-07-08T15:25:20.189Z,"[{""jd_ut"":2394310.7203630107,""utc"":""1843-04-20T05:17:19.364Z"",""motion"":""direct""},{""jd_ut"":2394474.651513152,""utc"":""1843-10-01T03:38:10.736Z"",""motion"":""retrograde""},{""jd_ut"":2394606.951073996,""utc"":""1844-02-10T10:49:32.793Z"",""motion"":""direct""}]",3
R64.02,R64,64,2,Taurus,30,2396947.142594778,1850-07-08T15:25:20.189Z,2399832.557848309,1858-06-02T01:23:18.094Z,"[{""jd_ut"":2396947.142594778,""utc"":""1850-07-08T15:25:20.189Z"",""motion"":""direct""},{""jd_ut"":2397003.5453927666,""utc"":""1850-09-03T01:05:21.935Z"",""motion"":""retrograde""},{""jd_ut"":2397228.475385867,""utc"":""1851-04-15T23:24:33.339Z"",""motion"":""direct""}]",3
R64.03,R64,64,3,Gemini,60,2399832.557848309,1858-06-02T01:23:18.094Z,2402414.6078855693,1865-06-27T02:35:21.313Z,"[{""jd_ut"":2399832.557848309,""utc"":""1858-06-02T01:23:18.094Z"",""motion"":""direct""},{""jd_ut"":2400045.826645945,""utc"":""1859-01-01T07:50:22.210Z"",""motion"":""retrograde""},{""jd_ut"":2400117.648756982,""utc"":""1859-03-14T03:34:12.603Z"",""motion"":""direct""}]",3
R64.04,R64,64,4,Cancer,90,2402414.6078855693,1865-06-27T02:35:21.313Z,2404685.2890983988,1871-09-14T18:56:18.102Z,"[{""jd_ut"":2402414.6078855693,""utc"":""1865-06-27T02:35:21.313Z"",""motion"":""direct""},{""jd_ut"":2402649.620103794,""utc"":""1866-02-17T02:52:56.968Z"",""motion"":""retrograde""},{""jd_ut"":2402687.9984331774,""utc"":""1866-03-27T11:57:44.627Z"",""motion"":""direct""}]",3
R64.05,R64,64,5,Leo,120,2404685.2890983988,1871-09-14T18:56:18.102Z,2407222.2406616295,1878-08-25T17:46:33.165Z,"[{""jd_ut"":2404685.2890983988,""utc"":""1871-09-14T18:56:18.102Z"",""motion"":""direct""},{""jd_ut"":2404793.0257408926,""utc"":""1871-12-31T12:37:04.013Z"",""motion"":""retrograde""},{""jd_ut"":2404973.6214454584,""utc"":""1872-06-29T02:54:52.888Z"",""motion"":""direct""}]",3
R64.06,R64,64,6,Virgo,150,2407222.2406616295,1878-08-25T17:46:33.165Z,2409464.106981164,1884-10-14T14:34:03.173Z,"[{""jd_ut"":2407222.2406616295,""utc"":""1878-08-25T17:46:33.165Z"",""motion"":""direct""}]",1
R64.07,R64,64,7,Libra,180,2409464.106981164,1884-10-14T14:34:03.173Z,2411711.7881687786,1890-12-10T06:54:57.782Z,"[{""jd_ut"":2409464.106981164,""utc"":""1884-10-14T14:34:03.173Z"",""motion"":""direct""},{""jd_ut"":2409643.260855508,""utc"":""1885-04-11T18:15:37.916Z"",""motion"":""retrograde""},{""jd_ut"":2409751.5553415148,""utc"":""1885-07-29T01:19:41.507Z"",""motion"":""direct""}]",3
R64.08,R64,64,8,Scorpio,210,2411711.7881687786,1890-12-10T06:54:57.782Z,2414260.91330292,1897-12-02T09:55:09.372Z,"[{""jd_ut"":2411711.7881687786,""utc"":""1890-12-10T06:54:57.782Z"",""motion"":""direct""},{""jd_ut"":2411827.6227530064,""utc"":""1891-04-05T02:56:45.860Z"",""motion"":""retrograde""},{""jd_ut"":2412002.147115724,""utc"":""1891-09-26T15:31:50.799Z"",""motion"":""direct""}]",3
R64.09,R64,64,9,Sagittarius,240,2414260.91330292,1897-12-02T09:55:09.372Z,2416835.0643161265,1904-12-20T13:32:36.913Z,"[{""jd_ut"":2414260.91330292,""utc"":""1897-12-02T09:55:09.372Z"",""motion"":""direct""},{""jd_ut"":2414474.465249465,""utc"":""1898-07-03T23:09:57.554Z"",""motion"":""retrograde""},{""jd_ut"":2414543.5925929192,""utc"":""1898-09-11T02:13:20.028Z"",""motion"":""direct""}]",3
R64.10,R64,64,10,Capricorn,270,2416835.0643161265,1904-12-20T13:32:36.913Z,2419432.442593177,1912-01-30T22:37:20.050Z,"[{""jd_ut"":2416835.0643161265,""utc"":""1904-12-20T13:32:36.913Z"",""motion"":""direct""}]",1
R64.11,R64,64,11,Aquarius,300,2419432.442593177,1912-01-30T22:37:20.050Z,2422049.571440489,1919-04-01T01:42:52.458Z,"[{""jd_ut"":2419432.442593177,""utc"":""1912-01-30T22:37:20.050Z"",""motion"":""direct""},{""jd_ut"":2419650.205951521,""utc"":""1912-09-04T16:56:34.211Z"",""motion"":""retrograde""},{""jd_ut"":2419718.858276982,""utc"":""1912-11-12T08:35:55.131Z"",""motion"":""direct""}]",3
R64.12,R64,64,12,Pisces,330,2422049.571440489,1919-04-01T01:42:52.458Z,2424971.22359044,1927-03-31T17:21:58.214Z,"[{""jd_ut"":2422049.571440489,""utc"":""1919-04-01T01:42:52.458Z"",""motion"":""direct""},{""jd_ut"":2422187.4248259403,""utc"":""1919-08-16T22:11:44.961Z"",""motion"":""retrograde""},{""jd_ut"":2422346.269566778,""utc"":""1920-01-22T18:28:10.570Z"",""motion"":""direct""}]",3
R65.01,R65,65,1,Aries,0,2424971.22359044,1927-03-31T17:21:58.214Z,2427595.1503849523,1934-06-06T15:36:33.260Z,"[{""jd_ut"":2424971.22359044,""utc"":""1927-03-31T17:21:58.214Z"",""motion"":""direct""},{""jd_ut"":2425188.9426527545,""utc"":""1927-11-04T10:37:25.198Z"",""motion"":""retrograde""},{""jd_ut"":2425258.8609665437,""utc"":""1928-01-13T08:39:47.509Z"",""motion"":""direct""}]",3
R65.02,R65,65,2,Taurus,30,2427595.1503849523,1934-06-06T15:36:33.260Z,2430214.141959247,1941-08-07T15:24:25.279Z,"[{""jd_ut"":2427595.1503849523,""utc"":""1934-06-06T15:36:33.260Z"",""motion"":""direct""},{""jd_ut"":2427720.5292313993,""utc"":""1934-10-10T00:42:05.593Z"",""motion"":""retrograde""},{""jd_ut"":2427889.620472801,""utc"":""1935-03-28T02:53:28.850Z"",""motion"":""direct""}]",3
R65.03,R65,65,3,Gemini,60,2430214.141959247,1941-08-07T15:24:25.279Z,2432794.1491773203,1948-08-30T15:34:48.920Z,"[{""jd_ut"":2430214.141959247,""utc"":""1941-08-07T15:24:25.279Z"",""motion"":""direct""},{""jd_ut"":2430272.594408338,""utc"":""1941-10-05T02:15:56.880Z"",""motion"":""retrograde""},{""jd_ut"":2430494.6677768435,""utc"":""1942-05-15T04:01:35.919Z"",""motion"":""direct""}]",3
R65.04,R65,65,4,Cancer,90,2432794.1491773203,1948-08-30T15:34:48.920Z,2435344.2507913653,1955-08-24T18:01:08.374Z,"[{""jd_ut"":2432794.1491773203,""utc"":""1948-08-30T15:34:48.920Z"",""motion"":""direct""},{""jd_ut"":2432868.0643016044,""utc"":""1948-11-12T13:32:35.659Z"",""motion"":""retrograde""},{""jd_ut"":2433077.6700112177,""utc"":""1949-06-10T04:04:48.969Z"",""motion"":""direct""}]",3
R65.05,R65,65,5,Leo,120,2435344.2507913653,1955-08-24T18:01:08.374Z,2437605.164440846,1961-11-01T15:56:47.689Z,"[{""jd_ut"":2435344.2507913653,""utc"":""1955-08-24T18:01:08.374Z"",""motion"":""direct""},{""jd_ut"":2435500.5837389696,""utc"":""1956-01-28T02:00:35.047Z"",""motion"":""retrograde""},{""jd_ut"":2435634.5729741585,""utc"":""1956-06-10T01:45:04.967Z"",""motion"":""direct""}]",3
R65.06,R65,65,6,Virgo,150,2437605.164440846,1961-11-01T15:56:47.689Z,2440128.17223576,1968-09-28T16:08:01.170Z,"[{""jd_ut"":2437605.164440846,""utc"":""1961-11-01T15:56:47.689Z"",""motion"":""direct""},{""jd_ut"":2437674.748098663,""utc"":""1962-01-10T05:57:15.724Z"",""motion"":""retrograde""},{""jd_ut"":2437886.553436661,""utc"":""1962-08-10T01:16:56.928Z"",""motion"":""direct""}]",3
R65.07,R65,65,7,Libra,180,2440128.17223576,1968-09-28T16:08:01.170Z,2442372.8962716786,1974-11-21T09:30:37.873Z,"[{""jd_ut"":2440128.17223576,""utc"":""1968-09-28T16:08:01.170Z"",""motion"":""direct""},{""jd_ut"":2440362.3729861192,""utc"":""1969-05-20T20:57:06.001Z"",""motion"":""retrograde""},{""jd_ut"":2440396.93739904,""utc"":""1969-06-24T10:29:51.277Z"",""motion"":""direct""}]",3
R65.08,R65,65,8,Scorpio,210,2442372.8962716786,1974-11-21T09:30:37.873Z,2444652.874832046,1981-02-17T08:59:45.489Z,"[{""jd_ut"":2442372.8962716786,""utc"":""1974-11-21T09:30:37.873Z"",""motion"":""direct""},{""jd_ut"":2442534.241396851,""utc"":""1975-05-01T17:47:36.688Z"",""motion"":""retrograde""},{""jd_ut"":2442663.7187665533,""utc"":""1975-09-08T05:15:01.430Z"",""motion"":""direct""}]",3
R65.09,R65,65,9,Sagittarius,240,2444652.874832046,1981-02-17T08:59:45.489Z,2447206.507328065,1988-02-15T00:10:33.145Z,"[{""jd_ut"":2444652.874832046,""utc"":""1981-02-17T08:59:45.489Z"",""motion"":""direct""},{""jd_ut"":2444684.4705535555,""utc"":""1981-03-20T23:17:35.827Z"",""motion"":""retrograde""},{""jd_ut"":2444925.003087596,""utc"":""1981-11-16T12:04:26.768Z"",""motion"":""direct""}]",3
R65.10,R65,65,10,Capricorn,270,2447206.507328065,1988-02-15T00:10:33.145Z,2449809.007832488,1995-04-01T12:11:16.727Z,"[{""jd_ut"":2447206.507328065,""utc"":""1988-02-15T00:10:33.145Z"",""motion"":""direct""},{""jd_ut"":2447308.5536588,""utc"":""1988-05-27T01:17:16.120Z"",""motion"":""retrograde""},{""jd_ut"":2447498.1495160144,""utc"":""1988-12-02T15:35:18.184Z"",""motion"":""direct""}]",3
R65.11,R65,65,11,Aquarius,300,2449809.007832488,1995-04-01T12:11:16.727Z,2452709.3705662275,2003-03-10T20:53:36.922Z,"[{""jd_ut"":2449809.007832488,""utc"":""1995-04-01T12:11:16.727Z"",""motion"":""direct""},{""jd_ut"":2449877.570510949,""utc"":""1995-06-09T01:41:32.146Z"",""motion"":""retrograde""},{""jd_ut"":2450094.8009828106,""utc"":""1996-01-12T07:13:24.915Z"",""motion"":""direct""}]",3
R65.12,R65,65,12,Pisces,330,2452709.3705662275,2003-03-10T20:53:36.922Z,2455344.5733949225,2010-05-28T01:45:41.321Z,"[{""jd_ut"":2452709.3705662275,""utc"":""2003-03-10T20:53:36.922Z"",""motion"":""direct""},{""jd_ut"":2452897.656646832,""utc"":""2003-09-15T03:45:34.286Z"",""motion"":""retrograde""},{""jd_ut"":2453003.8855571263,""utc"":""2003-12-30T09:15:12.136Z"",""motion"":""direct""}]",3
R66.01,R66,66,1,Aries,0,2455344.5733949225,2010-05-28T01:45:41.321Z,2458254.137426897,2018-05-15T15:17:53.684Z,"[{""jd_ut"":2455344.5733949225,""utc"":""2010-05-28T01:45:41.321Z"",""motion"":""direct""},{""jd_ut"":2455422.6486826977,""utc"":""2010-08-14T03:34:06.185Z"",""motion"":""retrograde""},{""jd_ut"":2455632.5349789783,""utc"":""2011-03-12T00:50:22.184Z"",""motion"":""direct""}]",3
R66.02,R66,66,2,Taurus,30,2458254.137426897,2018-05-15T15:17:53.684Z,2460863.8245334923,2025-07-07T07:47:19.694Z,"[{""jd_ut"":2458254.137426897,""utc"":""2018-05-15T15:17:53.684Z"",""motion"":""direct""},{""jd_ut"":2458429.2897593323,""utc"":""2018-11-06T18:57:15.206Z"",""motion"":""retrograde""},{""jd_ut"":2458548.8530307245,""utc"":""2019-03-06T08:28:21.855Z"",""motion"":""direct""}]",3
R66.03,R66,66,3,Gemini,60,2460863.8245334923,2025-07-07T07:47:19.694Z,2463448.2657517837,2032-08-03T18:22:40.954Z,"[{""jd_ut"":2460863.8245334923,""utc"":""2025-07-07T07:47:19.694Z"",""motion"":""direct""},{""jd_ut"":2460987.5968913278,""utc"":""2025-11-08T02:19:31.411Z"",""motion"":""retrograde""},{""jd_ut"":2461156.5357957743,""utc"":""2026-04-26T00:51:32.755Z"",""motion"":""direct""}]",3
R66.04,R66,66,4,Cancer,90,2463448.2657517837,2032-08-03T18:22:40.954Z,2466006.9186187573,2039-08-06T10:02:48.661Z,"[{""jd_ut"":2463448.2657517837,""utc"":""2032-08-03T18:22:40.954Z"",""motion"":""direct""},{""jd_ut"":2463578.7632817673,""utc"":""2032-12-12T06:19:07.545Z"",""motion"":""retrograde""},{""jd_ut"":2463740.0533708706,""utc"":""2033-05-22T13:16:51.243Z"",""motion"":""direct""}]",3
R66.05,R66,66,5,Leo,120,2466006.9186187573,2039-08-06T10:02:48.661Z,2468259.80179355,2045-10-06T07:14:34.963Z,"[{""jd_ut"":2466006.9186187573,""utc"":""2039-08-06T10:02:48.661Z"",""motion"":""direct""},{""jd_ut"":2466209.8153086416,""utc"":""2040-02-25T07:34:02.667Z"",""motion"":""retrograde""},{""jd_ut"":2466290.4287577933,""utc"":""2040-05-15T22:17:24.673Z"",""motion"":""direct""}]",3
R66.06,R66,66,6,Virgo,150,2468259.80179355,2045-10-06T07:14:34.963Z,2470514.367335081,2051-12-08T20:48:57.751Z,"[{""jd_ut"":2468259.80179355,""utc"":""2045-10-06T07:14:34.963Z"",""motion"":""direct""},{""jd_ut"":2468385.2835350176,""utc"":""2046-02-08T18:48:17.426Z"",""motion"":""retrograde""},{""jd_ut"":2468549.4397739368,""utc"":""2046-07-22T22:33:16.468Z"",""motion"":""direct""}]",3
R66.07,R66,66,7,Libra,180,2470514.367335081,2051-12-08T20:48:57.751Z,2473035.8940408938,2058-11-03T09:27:25.133Z,"[{""jd_ut"":2470514.367335081,""utc"":""2051-12-08T20:48:57.751Z"",""motion"":""direct""},{""jd_ut"":2470568.625224367,""utc"":""2052-02-01T03:00:19.385Z"",""motion"":""retrograde""},{""jd_ut"":2470791.840430443,""utc"":""2052-09-11T08:10:13.190Z"",""motion"":""direct""}]",3
R66.08,R66,66,8,Scorpio,210,2473035.8940408938,2058-11-03T09:27:25.133Z,2475296.330563344,2065-01-10T19:56:00.673Z,"[{""jd_ut"":2473035.8940408938,""utc"":""2058-11-03T09:27:25.133Z"",""motion"":""direct""},{""jd_ut"":2473246.300721934,""utc"":""2059-06-01T19:13:02.375Z"",""motion"":""retrograde""},{""jd_ut"":2473317.285586627,""utc"":""2059-08-11T18:51:14.685Z"",""motion"":""direct""}]",3
R66.09,R66,66,9,Sagittarius,240,2475296.330563344,2065-01-10T19:56:00.673Z,2477863.9792547245,2072-01-22T11:30:07.608Z,"[{""jd_ut"":2475296.330563344,""utc"":""2065-01-10T19:56:00.673Z"",""motion"":""direct""},{""jd_ut"":2475406.873607482,""utc"":""2065-05-01T08:57:59.686Z"",""motion"":""retrograde""},{""jd_ut"":2475587.378524145,""utc"":""2065-10-28T21:05:04.486Z"",""motion"":""direct""}]",3
R66.10,R66,66,10,Capricorn,270,2477863.9792547245,2072-01-22T11:30:07.608Z,2480460.21297054,2079-03-02T17:06:40.655Z,"[{""jd_ut"":2477863.9792547245,""utc"":""2072-01-22T11:30:07.608Z"",""motion"":""direct""},{""jd_ut"":2478018.935660784,""utc"":""2072-06-25T10:27:21.092Z"",""motion"":""retrograde""},{""jd_ut"":2478158.7097659456,""utc"":""2072-11-12T05:02:03.778Z"",""motion"":""direct""}]",3
R66.11,R66,66,11,Aquarius,300,2480460.21297054,2079-03-02T17:06:40.655Z,2483370.449061877,2087-02-18T22:46:38.946Z,"[{""jd_ut"":2480460.21297054,""utc"":""2079-03-02T17:06:40.655Z"",""motion"":""direct""},{""jd_ut"":2480593.0215914445,""utc"":""2079-07-13T12:31:05.501Z"",""motion"":""retrograde""},{""jd_ut"":2480755.7728862744,""utc"":""2079-12-23T06:32:57.374Z"",""motion"":""direct""}]",3
R66.12,R66,66,12,Pisces,330,2483370.449061877,2087-02-18T22:46:38.946Z,2485996.26081724,2094-04-28T18:15:34.610Z,"[{""jd_ut"":2483370.449061877,""utc"":""2087-02-18T22:46:38.946Z"",""motion"":""direct""}]",1
R67.01,R67,67,1,Aries,0,2485996.26081724,2094-04-28T18:15:34.610Z,2488914.46877316,2102-04-25T23:15:02.001Z,"[{""jd_ut"":2485996.26081724,""utc"":""2094-04-28T18:15:34.610Z"",""motion"":""direct""},{""jd_ut"":2486137.1826830218,""utc"":""2094-09-16T16:23:03.813Z"",""motion"":""retrograde""},{""jd_ut"":2486292.626678831,""utc"":""2095-02-19T03:02:25.051Z"",""motion"":""direct""}]",3
R67.02,R67,67,2,Taurus,30,2488914.46877316,2102-04-25T23:15:02.001Z,2491521.6852789065,2109-06-15T04:26:48.098Z,"[{""jd_ut"":2488914.46877316,""utc"":""2102-04-25T23:15:02.001Z"",""motion"":""direct""},{""jd_ut"":2489149.2430126537,""utc"":""2102-12-16T17:49:56.293Z"",""motion"":""retrograde""},{""jd_ut"":2489194.3046676153,""utc"":""2103-01-30T19:18:43.282Z"",""motion"":""direct""}]",3
R67.03,R67,67,3,Gemini,60,2491521.6852789065,2109-06-15T04:26:48.098Z,2494107.4199701184,2116-07-13T22:04:45.418Z,"[{""jd_ut"":2491521.6852789065,""utc"":""2109-06-15T04:26:48.098Z"",""motion"":""direct""},{""jd_ut"":2491697.7836204376,""utc"":""2109-12-08T06:48:24.806Z"",""motion"":""retrograde""},{""jd_ut"":2491814.4300711965,""utc"":""2110-04-03T22:19:18.151Z"",""motion"":""direct""}]",3
R67.04,R67,67,4,Cancer,90,2494107.4199701184,2116-07-13T22:04:45.418Z,2496668.673688108,2123-07-19T04:10:06.653Z,"[{""jd_ut"":2494107.4199701184,""utc"":""2116-07-13T22:04:45.418Z"",""motion"":""direct""},{""jd_ut"":2494288.350951083,""utc"":""2117-01-10T20:25:22.174Z"",""motion"":""retrograde""},{""jd_ut"":2494397.510111138,""utc"":""2117-04-30T00:14:33.602Z"",""motion"":""direct""}]",3
R67.05,R67,67,5,Leo,120,2496668.673688108,2123-07-19T04:10:06.653Z,2498919.6016716994,2129-09-16T02:26:24.435Z,"[{""jd_ut"":2496668.673688108,""utc"":""2123-07-19T04:10:06.653Z"",""motion"":""direct""}]",1
R67.06,R67,67,6,Virgo,150,2498919.6016716994,2129-09-16T02:26:24.435Z,2501163.8200872354,2135-11-08T07:40:55.537Z,"[{""jd_ut"":2498919.6016716994,""utc"":""2129-09-16T02:26:24.435Z"",""motion"":""direct""},{""jd_ut"":2499094.3298750166,""utc"":""2130-03-09T19:55:01.201Z"",""motion"":""retrograde""},{""jd_ut"":2499207.693406945,""utc"":""2130-07-01T04:38:30.360Z"",""motion"":""direct""}]",3
R67.07,R67,67,7,Libra,180,2501163.8200872354,2135-11-08T07:40:55.537Z,2503427.9996151635,2142-01-19T11:59:26.750Z,"[{""jd_ut"":2501163.8200872354,""utc"":""2135-11-08T07:40:55.537Z"",""motion"":""direct""},{""jd_ut"":2501284.9617659133,""utc"":""2136-03-08T11:04:56.575Z"",""motion"":""retrograde""},{""jd_ut"":2501453.234338821,""utc"":""2136-08-23T17:37:26.874Z"",""motion"":""direct""}]",3
R67.08,R67,67,8,Scorpio,210,2503427.9996151635,2142-01-19T11:59:26.750Z,2505954.3676372645,2148-12-19T20:49:23.860Z,"[{""jd_ut"":2503427.9996151635,""utc"":""2142-01-19T11:59:26.750Z"",""motion"":""direct""},{""jd_ut"":2503457.479220745,""utc"":""2142-02-17T23:30:04.672Z"",""motion"":""retrograde""},{""jd_ut"":2503698.1829751255,""utc"":""2142-10-16T16:23:29.051Z"",""motion"":""direct""}]",3
R67.09,R67,67,9,Sagittarius,240,2505954.3676372645,2148-12-19T20:49:23.860Z,2508524.773722375,2156-01-03T06:34:09.613Z,"[{""jd_ut"":2505954.3676372645,""utc"":""2148-12-19T20:49:23.860Z"",""motion"":""direct""},{""jd_ut"":2506117.6926776376,""utc"":""2149-06-01T04:37:27.348Z"",""motion"":""retrograde""},{""jd_ut"":2506246.4778805654,""utc"":""2149-10-07T23:28:08.881Z"",""motion"":""direct""}]",3
R67.10,R67,67,10,Capricorn,270,2508524.773722375,2156-01-03T06:34:09.613Z,2511118.8867431916,2163-02-09T09:16:54.612Z,"[{""jd_ut"":2508524.773722375,""utc"":""2156-01-03T06:34:09.613Z"",""motion"":""direct""},{""jd_ut"":2508732.8815544676,""utc"":""2156-07-29T09:09:26.306Z"",""motion"":""retrograde""},{""jd_ut"":2508811.7525005518,""utc"":""2156-10-16T06:03:36.048Z"",""motion"":""direct""}]",3
R67.11,R67,67,11,Aquarius,300,2511118.8867431916,2163-02-09T09:16:54.612Z,2513737.213833443,2170-04-11T17:07:55.209Z,"[{""jd_ut"":2511118.8867431916,""utc"":""2163-02-09T09:16:54.612Z"",""motion"":""direct""},{""jd_ut"":2511305.1406828724,""utc"":""2163-08-14T15:22:35.000Z"",""motion"":""retrograde""},{""jd_ut"":2511412.341094113,""utc"":""2163-11-29T20:11:10.531Z"",""motion"":""direct""}]",3
R67.12,R67,67,12,Pisces,330,2513737.213833443,2170-04-11T17:07:55.209Z,2516654.890059023,2178-04-07T09:21:41.100Z,"[{""jd_ut"":2513737.213833443,""utc"":""2170-04-11T17:07:55.209Z"",""motion"":""direct""},{""jd_ut"":2513848.349513514,""utc"":""2170-07-31T20:23:17.968Z"",""motion"":""retrograde""},{""jd_ut"":2514031.5702986848,""utc"":""2171-01-31T01:41:13.806Z"",""motion"":""direct""}]",3
R68.01,R68,68,1,Aries,0,2516654.890059023,2178-04-07T09:21:41.100Z,2519285.4843998877,2185-06-19T23:37:32.150Z,"[{""jd_ut"":2516654.890059023,""utc"":""2178-04-07T09:21:41.100Z"",""motion"":""direct""},{""jd_ut"":2516849.28329035,""utc"":""2178-10-18T18:47:56.286Z"",""motion"":""retrograde""},{""jd_ut"":2516948.2157842144,""utc"":""2179-01-25T17:10:43.756Z"",""motion"":""direct""}]",3
R68.02,R68,68,2,Taurus,30,2519285.4843998877,2185-06-19T23:37:32.150Z,2522183.0227321703,2193-05-26T12:32:44.060Z,"[{""jd_ut"":2519285.4843998877,""utc"":""2185-06-19T23:37:32.150Z"",""motion"":""direct""},{""jd_ut"":2519379.064615026,""utc"":""2185-09-21T13:33:02.738Z"",""motion"":""retrograde""},{""jd_ut"":2519575.9467006885,""utc"":""2186-04-06T10:43:14.939Z"",""motion"":""direct""}]",3
R68.03,R68,68,3,Gemini,60,2522183.0227321703,2193-05-26T12:32:44.060Z,2524769.632288656,2200-06-26T03:10:29.740Z,"[{""jd_ut"":2522183.0227321703,""utc"":""2193-05-26T12:32:44.060Z"",""motion"":""direct""},{""jd_ut"":2522415.9381391723,""utc"":""2194-01-14T10:30:55.224Z"",""motion"":""retrograde""},{""jd_ut"":2522461.1715219226,""utc"":""2194-02-28T16:06:59.494Z"",""motion"":""direct""}]",3
R68.04,R68,68,4,Cancer,90,2524769.632288656,2200-06-26T03:10:29.740Z,2527043.710573339,2206-09-17T05:03:13.536Z,"[{""jd_ut"":2524769.632288656,""utc"":""2200-06-26T03:10:29.740Z"",""motion"":""direct""},{""jd_ut"":2525009.973870497,""utc"":""2201-02-21T11:22:22.411Z"",""motion"":""retrograde""},{""jd_ut"":2525040.2682704404,""utc"":""2201-03-23T18:26:18.566Z"",""motion"":""direct""}]",3
R68.05,R68,68,5,Leo,120,2527043.710573339,2206-09-17T05:03:13.536Z,2529582.2817571005,2213-08-29T18:45:43.813Z,"[{""jd_ut"":2527043.710573339,""utc"":""2206-09-17T05:03:13.536Z"",""motion"":""direct""},{""jd_ut"":2527146.4382521957,""utc"":""2206-12-28T22:31:04.990Z"",""motion"":""retrograde""},{""jd_ut"":2527331.564373484,""utc"":""2207-07-02T01:32:41.869Z"",""motion"":""direct""}]",3
R68.06,R68,68,6,Virgo,150,2529582.2817571005,2213-08-29T18:45:43.813Z,2531823.6389835794,2219-10-19T03:20:08.181Z,"[{""jd_ut"":2529582.2817571005,""utc"":""2213-08-29T18:45:43.813Z"",""motion"":""direct""},{""jd_ut"":2529813.3329951055,""utc"":""2214-04-17T19:59:30.777Z"",""motion"":""retrograde""},{""jd_ut"":2529853.180358018,""utc"":""2214-05-27T16:19:42.933Z"",""motion"":""direct""}]",3
R68.07,R68,68,7,Libra,180,2531823.6389835794,2219-10-19T03:20:08.181Z,2534070.5601605084,2225-12-13T01:26:37.868Z,"[{""jd_ut"":2531823.6389835794,""utc"":""2219-10-19T03:20:08.181Z"",""motion"":""direct""},{""jd_ut"":2531993.916641184,""utc"":""2220-04-06T09:59:57.798Z"",""motion"":""retrograde""},{""jd_ut"":2532112.1322812466,""utc"":""2220-08-02T15:10:29.100Z"",""motion"":""direct""}]",3
R68.08,R68,68,8,Scorpio,210,2534070.5601605084,2225-12-13T01:26:37.868Z,2536614.874876566,2232-11-30T08:59:49.335Z,"[{""jd_ut"":2534070.5601605084,""utc"":""2225-12-13T01:26:37.868Z"",""motion"":""direct""},{""jd_ut"":2534180.632857534,""utc"":""2226-04-02T03:11:18.891Z"",""motion"":""retrograde""},{""jd_ut"":2534360.1289990693,""utc"":""2226-09-28T15:05:45.520Z"",""motion"":""direct""}]",3
R68.09,R68,68,9,Sagittarius,240,2536614.874876566,2232-11-30T08:59:49.335Z,2538904.9949797112,2239-03-09T11:52:46.247Z,"[{""jd_ut"":2536614.874876566,""utc"":""2232-11-30T08:59:49.335Z"",""motion"":""direct""},{""jd_ut"":2536836.86463337,""utc"":""2233-07-10T08:45:04.323Z"",""motion"":""retrograde""},{""jd_ut"":2536893.7841176074,""utc"":""2233-09-05T06:49:07.761Z"",""motion"":""direct""}]",3
R68.10,R68,68,10,Capricorn,270,2538904.9949797112,2239-03-09T11:52:46.247Z,2541779.089855225,2247-01-20T14:09:23.491Z,"[{""jd_ut"":2538904.9949797112,""utc"":""2239-03-09T11:52:46.247Z"",""motion"":""direct""},{""jd_ut"":2538958.261193021,""utc"":""2239-05-01T18:16:07.077Z"",""motion"":""retrograde""},{""jd_ut"":2539185.773154094,""utc"":""2239-12-15T06:33:20.514Z"",""motion"":""direct""}]",3
R68.11,R68,68,11,Aquarius,300,2541779.089855225,2247-01-20T14:09:23.491Z,2544392.7939774226,2254-03-18T07:03:19.649Z,"[{""jd_ut"":2541779.089855225,""utc"":""2247-01-20T14:09:23.491Z"",""motion"":""direct""}]",1
R68.12,R68,68,12,Pisces,330,2544392.7939774226,2254-03-18T07:03:19.649Z,2547037.4315947676,2261-06-13T22:21:29.788Z,"[{""jd_ut"":2544392.7939774226,""utc"":""2254-03-18T07:03:19.649Z"",""motion"":""direct""},{""jd_ut"":2544561.474025267,""utc"":""2254-09-02T23:22:35.783Z"",""motion"":""retrograde""},{""jd_ut"":2544689.193863728,""utc"":""2255-01-08T16:39:09.826Z"",""motion"":""direct""}]",3
R69.01,R69,69,1,Aries,0,2547037.4315947676,2261-06-13T22:21:29.788Z,2549939.2604995808,2269-05-24T18:15:07.164Z,"[{""jd_ut"":2547037.4315947676,""utc"":""2261-06-13T22:21:29.788Z"",""motion"":""direct""},{""jd_ut"":2547079.754713577,""utc"":""2261-07-26T06:06:47.253Z"",""motion"":""retrograde""},{""jd_ut"":2547315.247221209,""utc"":""2262-03-18T17:55:59.912Z"",""motion"":""direct""}]",3
R69.02,R69,69,2,Taurus,30,2549939.2604995808,2269-05-24T18:15:07.164Z,2552556.1826105257,2276-07-23T16:22:57.549Z,"[{""jd_ut"":2549939.2604995808,""utc"":""2269-05-24T18:15:07.164Z"",""motion"":""direct""},{""jd_ut"":2550091.876528031,""utc"":""2269-10-24T09:02:12.022Z"",""motion"":""retrograde""},{""jd_ut"":2550235.0082455883,""utc"":""2270-03-16T12:11:52.419Z"",""motion"":""direct""}]",3
R69.03,R69,69,3,Gemini,60,2552556.1826105257,2276-07-23T16:22:57.549Z,2555145.7205294007,2283-08-26T05:17:33.740Z,"[{""jd_ut"":2552556.1826105257,""utc"":""2276-07-23T16:22:57.549Z"",""motion"":""direct""},{""jd_ut"":2552643.8704304816,""utc"":""2276-10-19T08:53:25.194Z"",""motion"":""retrograde""},{""jd_ut"":2552844.2443717867,""utc"":""2277-05-07T17:51:53.722Z"",""motion"":""direct""}]",3
R69.04,R69,69,4,Cancer,90,2555145.7205294007,2283-08-26T05:17:33.740Z,2557700.8673767988,2290-08-24T08:49:01.355Z,"[{""jd_ut"":2555145.7205294007,""utc"":""2283-08-26T05:17:33.740Z"",""motion"":""direct""},{""jd_ut"":2555229.1868234994,""utc"":""2283-11-17T16:29:01.550Z"",""motion"":""retrograde""},{""jd_ut"":2555431.4311773395,""utc"":""2284-06-06T22:20:53.722Z"",""motion"":""direct""}]",3
R69.05,R69,69,5,Leo,120,2557700.8673767988,2290-08-24T08:49:01.355Z,2559966.8779897606,2296-11-06T09:04:18.315Z,"[{""jd_ut"":2557700.8673767988,""utc"":""2290-08-24T08:49:01.355Z"",""motion"":""direct""},{""jd_ut"":2557855.851983266,""utc"":""2291-01-26T08:26:51.354Z"",""motion"":""retrograde""},{""jd_ut"":2557991.559060893,""utc"":""2291-06-11T01:25:02.861Z"",""motion"":""direct""}]",3
R69.06,R69,69,6,Virgo,150,2559966.8779897606,2296-11-06T09:04:18.315Z,2562485.672656468,2303-10-01T04:08:37.519Z,"[{""jd_ut"":2559966.8779897606,""utc"":""2296-11-06T09:04:18.315Z"",""motion"":""direct""},{""jd_ut"":2560024.975734731,""utc"":""2297-01-03T11:25:03.481Z"",""motion"":""retrograde""},{""jd_ut"":2560245.0217285436,""utc"":""2297-08-11T12:31:17.346Z"",""motion"":""direct""}]",3
R69.07,R69,69,7,Libra,180,2562485.672656468,2303-10-01T04:08:37.519Z,2564728.8589240983,2309-11-21T08:36:51.042Z,"[{""jd_ut"":2562485.672656468,""utc"":""2303-10-01T04:08:37.519Z"",""motion"":""direct""},{""jd_ut"":2562713.0009942744,""utc"":""2304-05-15T12:01:25.905Z"",""motion"":""retrograde""},{""jd_ut"":2562758.159504773,""utc"":""2304-06-29T15:49:41.212Z"",""motion"":""direct""}]",3
R69.08,R69,69,8,Scorpio,210,2564728.8589240983,2309-11-21T08:36:51.042Z,2566995.584078091,2316-02-05T02:01:04.347Z,"[{""jd_ut"":2564728.8589240983,""utc"":""2309-11-21T08:36:51.042Z"",""motion"":""direct""},{""jd_ut"":2564890.875259596,""utc"":""2310-05-02T09:00:22.429Z"",""motion"":""retrograde""},{""jd_ut"":2565019.2121858057,""utc"":""2310-09-07T17:05:32.854Z"",""motion"":""direct""}]",3
R69.09,R69,69,9,Sagittarius,240,2566995.584078091,2316-02-05T02:01:04.347Z,2569552.1185875814,2323-02-04T14:50:45.967Z,"[{""jd_ut"":2566995.584078091,""utc"":""2316-02-05T02:01:04.347Z"",""motion"":""direct""},{""jd_ut"":2567055.3209770033,""utc"":""2316-04-04T19:42:12.413Z"",""motion"":""retrograde""},{""jd_ut"":2567276.69162622,""utc"":""2316-11-12T04:35:56.505Z"",""motion"":""direct""}]",3
R69.10,R69,69,10,Capricorn,270,2569552.1185875814,2323-02-04T14:50:45.967Z,2572145.321071677,2330-03-12T19:42:20.593Z,"[{""jd_ut"":2569552.1185875814,""utc"":""2323-02-04T14:50:45.967Z"",""motion"":""direct""},{""jd_ut"":2569677.9801963167,""utc"":""2323-06-10T11:31:28.962Z"",""motion"":""retrograde""},{""jd_ut"":2569846.0233268784,""utc"":""2323-11-25T12:33:35.442Z"",""motion"":""direct""}]",3
R69.11,R69,69,11,Aquarius,300,2572145.321071677,2330-03-12T19:42:20.593Z,2575052.428340355,2338-02-25T22:16:48.607Z,"[{""jd_ut"":2572145.321071677,""utc"":""2330-03-12T19:42:20.593Z"",""motion"":""direct""},{""jd_ut"":2572256.9283857904,""utc"":""2330-07-02T10:16:52.532Z"",""motion"":""retrograde""},{""jd_ut"":2572439.073571924,""utc"":""2330-12-31T13:45:56.614Z"",""motion"":""direct""}]",3
R69.12,R69,69,12,Pisces,330,2575052.428340355,2338-02-25T22:16:48.607Z,2577679.4351533223,2345-05-06T22:26:37.247Z,"[{""jd_ut"":2575052.428340355,""utc"":""2338-02-25T22:16:48.607Z"",""motion"":""direct""},{""jd_ut"":2575281.2441916633,""utc"":""2338-10-12T17:51:38.160Z"",""motion"":""retrograde""},{""jd_ut"":2575336.058057978,""utc"":""2338-12-06T13:23:36.209Z"",""motion"":""direct""}]",3
